step etot ke peBond peAngle temp press stressX stressY stressZ AvBondForce
200000 21792.1681624757 18907.5 1766.42428648726 2383.23143468305 0.999999999999999 0.187800888940555 -2387.75467554277 -1139.63411476514 -230.315707860626 -1.11784390748614
200040 21834.8084197726 18923.0726693648 1801.27557347471 2446.5315156362 1.00082362392515 0.159912145491247 814.214463368204 159.29850178089 -21.2831446835565 -1.52610901192855
200080 22146.2039736907 18896.1879498465 1946.71329426562 2491.21966276242 0.999401716242047 0.155867085534817 30.6611845799067 1513.97024989216 -51.3812374749023 -1.5603193642292
200120 21922.1007714826 18848.5568224181 1847.8259253715 2470.01675020625 0.996882550438615 0.182418108102279 -610.660837360738 -1364.48362651664 -770.364722751986 -1.26350188580034
200160 22124.7458731617 18898.8000549636 1948.33600254705 2501.13674924983 0.999539868039857 0.157745688635375 475.086777900671 208.621647887539 638.347577209733 -1.58026646820438
200200 22192.9868060236 19072.3955087947 1884.22719334205 2467.06026564168 1.00872116931348 0.179136947808591 -442.855727568415 -556.430000271049 -1411.30133144071 -1.31331236401188
200240 22050.1385532171 18901.71494947 1924.33376870415 2513.12876807704 0.999694034085418 0.158843064244009 133.670770781242 262.295878258112 911.082961131457 -1.6008576961828
200280 22054.3192829368 18946.154948628 1919.44112524739 2502.1654465421 1.00204442409774 0.162266402149044 -124.463233780287 735.490801717538 166.709238086607 -1.59576500645258
200320 21976.5069795305 18922.0992092234 1871.31920688581 2456.33749035543 1.00077213852828 0.168595116684451 430.020371751853 -395.409596693495 -629.113675840994 -1.45028196209863
200360 21856.6365759556 18748.48063098 1946.18111077366 2500.87315931637 0.991589614226103 0.164048065294198 -87.5100066823758 -218.233695347331 546.629017903438 -1.44846261842456
200400 21857.5329870374 18883.8838361257 1924.21752987398 2448.34845981699 0.998750963169416 0.175064643637602 -466.493423966664 -536.777536130437 -717.106130176097 -1.33520021581751
200440 21972.7121079 18995.4865112753 1897.34219782697 2476.22845033258 1.00465352433031 0.160678813510643 891.89083239392 11.7545822429052 233.637950844025 -1.61197949135296
200480 22096.4315417095 18958.1775753462 1926.88886997683 2493.60904042205 1.00268028958594 0.171432451227208 -376.853156355472 -788.609412944453 101.864359609132 -1.40936870190914
200520 22064.3893683609 18958.3013079168 1961.63922718735 2460.33993714826 1.00268683368594 0.169718739276363 327.694810177019 -387.170711377725 -619.99626359981 -1.45177524403886
200560 22154.5349948795 18973.5059167246 1901.17910713707 2484.18566570412 1.00349099123229 0.179273900538025 -395.152031770305 -1542.44564384979 -486.117893000672 -1.29581634169471
200600 22096.7787555563 18926.2974112919 1943.9516770534 2495.17375330041 1.00099417751114 0.163700764320644 297.542325174752 -83.9120041461707 293.204286073468 -1.56405971824392
200640 22056.4217870001 18833.8073802694 2001.55287439584 2474.81284378329 0.996102466231357 0.168493888662989 -254.26940538956 510.8057258168 -804.733269694051 -1.4583009501053
200680 22043.7807844372 18941.3953542056 1917.0245548863 2486.51514038919 1.00179269359808 0.175639753305952 -1043.43349642617 516.784328105278 -1209.43247866927 -1.31587068029831
200720 21923.1793789892 18897.1886006361 1897.72791885935 2447.21181798938 0.999454639726887 0.168637976749446 -710.553437181387 112.780267479134 -63.7931522515235 -1.39184785706925
200760 21808.9706355864 18813.5177765053 1900.0549881112 2454.42659622991 0.995029368055285 0.174046611991747 -488.292447206469 -727.819072123989 -354.888354176092 -1.31725853125052
200800 22107.1459574355 19024.9270303876 1888.06077184122 2445.85854224608 1.00621060586474 0.170343712725315 1204.58716470582 -922.349609932199 -1077.65830275991 -1.42696299516918
200840 22085.587125775 18898.5359029222 1943.68249397903 2488.21920666753 0.999525897285322 0.163419407934243 256.072953658403 803.42448978401 -445.649276850172 -1.52215361108188
200880 21985.168320551 18796.2173779406 1869.5764864321 2513.33676578045 0.994114366147858 0.15674035994119 1353.12041090219 947.887905500122 -713.465395020986 -1.59178603978285
200920 22235.5791367899 18965.5112672213 1983.46428383562 2492.38064047677 1.00306816169358 0.173078502759401 28.010210670806 -1192.23223353488 -139.424194930524 -1.39075690407022
200960 22322.9100719649 18935.3204244588 1943.21574249243 2494.23326267206 1.0014713962427 0.158535770248871 869.011362396545 233.688619412994 107.803150392606 -1.59861488647781
201000 22126.481003248 18908.0924780496 1933.24910830696 2473.60287725307 1.00003133561019 0.16882933223434 243.170838490291 -348.833602741954 -472.244636371721 -1.48049265982874
201040 22193.8897927879 18920.688707335 1950.91206338272 2534.15821173126 1.00069753840196 0.153617317535181 112.783612136213 824.815241951059 1183.79986525686 -1.69079710714482
201080 22258.706873159 18984.3928387607 1942.47796964399 2531.4372059983 1.00406679036154 0.169978590258831 -246.423693119721 7.10155547645933 -526.595623350284 -1.47693325758299
201120 22277.4763711141 18983.4529493493 1950.25305231787 2518.06024739142 1.00401708048919 0.172287558400158 167.733014497824 -697.201802278251 -702.79752838839 -1.40799767945309
201160 22273.7080769759 18918.1031436423 1961.2213053718 2540.80118036811 1.00056079035527 0.164324648261793 732.789667830607 -329.105837560764 -130.982474164748 -1.4745082987038
201200 22315.0438505025 18943.3587908706 1918.12563209141 2500.69854834095 1.00189653792784 0.1540644229349 1187.77281520467 510.502661889072 319.587778976462 -1.72657772484282
201240 22438.0283717633 18933.2458058198 1910.1750313805 2499.82868415518 1.00136167160227 0.172820599745655 -380.292435479685 170.596158099971 -1112.5475709927 -1.35996969688152
201280 22324.3750511184 19003.4147699383 1850.37987776965 2494.52239310994 1.00507284251954 0.152890721913423 974.424761757474 801.814089720165 392.450496909065 -1.63122998704522
201320 22354.4269048305 18978.0883426772 1873.2992113463 2518.79829170286 1.00373335145721 0.171349997380439 67.1275850117616 51.4445077081007 -1169.3271280838 -1.3808431183903
201360 22236.9580657884 18955.486724583 1901.84247321655 2508.74428582207 1.00253797300452 0.171112611509633 -460.058390842196 -949.736587412398 472.771236410486 -1.41710748451382
201400 22215.5704911392 18918.2456063851 1845.62638132261 2490.42912986762 1.00056832507656 0.17837837921998 -430.619628684453 -1044.24290382936 -752.039036810637 -1.27027973451962
201440 22070.2900543584 18890.0126679457 1840.32904058231 2512.40091780578 0.999075111355056 0.161812032607913 527.477382357617 21.7863026314515 116.136550103974 -1.50557495061769
201480 21986.471082622 18877.4148188132 1925.96071492906 2489.16081844603 0.998408822891086 0.172524940287971 -866.960840875347 296.788778400299 -672.259585063722 -1.37892098280282
201520 21941.7835754215 18802.9885318383 1976.32098831724 2454.02545770988 0.994472486147733 0.163938124196248 -1163.80451450135 688.719251148044 882.815374122718 -1.51774916226734
201560 21989.3804898705 18830.4856185616 1950.68758161127 2488.70141044567 0.995926781359861 0.168632131164125 1031.13134172302 -122.320377283273 -1384.84170759946 -1.41832323474854
201600 22093.4430638447 18908.960362075 1910.09610243291 2462.20179962889 1.00007723718498 0.173799762795745 -507.834826336906 -302.191216340138 -595.848460962267 -1.38267320397241
201640 22143.0775666551 18909.7405006237 1920.00923281678 2519.8662283912 1.00011849798354 0.170456420373976 -911.90124865948 217.334282461315 -35.6624192018694 -1.43680614559985
201680 22261.5028371036 18952.9276177552 1923.47975473098 2464.28046628375 1.00240262423669 0.17321195697425 -216.490950635025 -295.747523767461 -949.203612185446 -1.3588874772311
201720 22208.3411473921 18955.3143937958 1907.10817380606 2529.60470732573 1.00252885859029 0.175129039919129 188.805825051913 -696.484852974969 -1026.34218812104 -1.38278667581953
201760 22134.7415541254 18856.0134463708 1861.71481364875 2555.13525439043 0.997276924308917 0.164158736365618 1008.01260653123 -85.9487286443708 -791.84116896254 -1.48076366670342
201800 22159.9553857409 18958.3295999317 1838.8301075171 2501.17697735772 1.00268833002415 0.152587808929587 753.118489739535 499.654544257586 868.504032591499 -1.64048932848647
201840 22126.7044094773 18790.4589882825 1968.77437142515 2546.81378270865 0.993809810301864 0.160483994134181 626.670580230137 470.858706980083 98.1935991283555 -1.62634933208045
201880 22283.2613183711 18873.9092267269 2017.98849055964 2499.78344486367 0.998223415402718 0.17144356120391 105.789787378169 -495.85761720909 -624.432634221813 -1.41397847955047
201920 22106.0108701596 18904.7277447169 1909.1288953875 2500.46276379019 0.999853378009621 0.165530416414165 -437.743017800049 360.991685250223 239.215248898828 -1.49503786138805
201960 22072.3063332004 18770.9422840505 1939.66019255302 2493.47488432134 0.992777590059524 0.173398131627682 732.631924288097 -1113.06826704952 -904.971228550324 -1.35950871367851
202000 22226.324335732 18992.544111923 1952.42609027202 2478.57100552658 1.00449790357916 0.177737674345074 -1262.78953815829 -628.488810949554 -85.5161790928099 -1.36211449390197
202040 22133.6900362427 18776.4874958029 1954.76393710543 2502.28050083437 0.99307087112537 0.177101279180449 -182.802814389203 -963.260109031152 -934.505409001681 -1.28053322132806
202080 22136.3125979246 18916.8389341737 1901.41632989924 2512.63108661363 1.00049392749828 0.164277007478699 771.001934922144 -414.961586636048 -146.293067679818 -1.5118782109316
202120 22194.3492726445 18938.5190104588 1898.33319279352 2487.67575620707 1.00164056646615 0.173502507357709 -56.7629788546663 -457.057936698816 -934.128781766366 -1.34017577056551
202160 22053.4977189118 18833.8712960579 1848.61508269947 2529.84046631389 0.996105846677662 0.172723769672397 -204.276332138971 149.478686268959 -1104.47738564504 -1.36520199047921
202200 22231.088492889 19089.9741500405 1870.81565221444 2491.63266585704 1.00965088721621 0.171108253795511 -695.894222339732 -419.215043548191 133.674222329382 -1.42958189724767
202240 21791.1933454896 18840.0363569828 1889.18063472576 2441.21841375122 0.996431910986793 0.167595436572635 291.451866008168 85.7284004207606 -682.686938495288 -1.45493167850426
202280 22114.9911511606 18876.4665238103 1882.63264246768 2453.54383254433 0.99835866845486 0.181459145692852 -1173.43826153039 -554.920559490643 -945.004281382097 -1.23313073432739
202320 22071.1752171242 18947.4695108459 1827.95755156449 2486.588476582 1.00211395006457 0.176673575781915 -752.307511536739 -1186.48540815935 -90.9820689982604 -1.22657473162858
202360 21988.1558245726 18894.8329323606 1868.86693097497 2463.20829652916 0.999330050633907 0.177351927227688 26.2388398796401 -1351.0698215136 -605.475774135244 -1.24582885815869
202400 22101.9009244535 18830.4939811307 1871.15464181152 2513.57328031621 0.995927223648326 0.179337555855851 -739.733650593669 -872.464145144635 -734.843058773227 -1.23337951713458
202440 22327.0326558982 18937.6513718157 1925.61345558464 2549.74915684271 1.0015946778694 0.191630574957452 -1673.24730032663 -1524.18048961465 -1323.71846155902 -1.09120728684672
202480 22129.1163317462 18910.9730798413 1872.26246828996 2500.2774011868 1.00018368794612 0.174710393344807 -260.465347667645 -247.183136012776 -994.154160206097 -1.32088134318438
202520 21952.8182225944 18880.9635970702 1722.98141613434 2526.42016216197 0.998596514455648 0.167695616979862 376.82370893841 -724.146246185184 61.4777756290693 -1.39459047118489
202560 22106.9197332571 18909.9447755393 1901.63011722153 2524.76090850649 1.00012930189287 0.173879240975456 -373.453448751598 74.1933192296559 -974.419147216516 -1.36914729139036
202600 22274.4420842897 18917.1139367652 1953.32182408629 2548.46275199746 1.00050847212827 0.17969402609263 135.474161739236 -1577.36522206986 -914.577076594985 -1.30330924573877
202640 22116.6641201803 18946.0390386294 1842.85456695066 2504.11948218248 1.00203829372627 0.178403654525027 -264.102845576603 -182.644083629876 -1571.05437815841 -1.27361569792204
202680 22059.9628464995 18944.7073066609 1830.06274893837 2567.20959535593 1.00196785966738 0.174353262356923 -120.328405892154 -270.103892955335 -1132.93293206265 -1.30404527843815
202720 22130.5381836954 18969.3830921692 1856.4452085413 2525.57551550109 1.00327293889563 0.184394444974061 -1422.77379159025 -956.238628056569 -963.253767116248 -1.18940235876954
202760 22243.9053033795 18995.4633696854 1838.30751256536 2513.73713131067 1.00465230039325 0.17114528651 -635.694067512642 101.154756026192 -451.294322591434 -1.36827353942661
202800 22101.8400555391 18811.8027712224 1893.1036689579 2513.55917398814 0.994938663029086 0.1784925286128 -923.647334042697 -913.279174741883 -288.154897664883 -1.25003081714909
202840 22175.8449831794 18911.1745077603 1900.5512899388 2478.02698312963 1.00019434128046 0.174924030898763 -713.419559085649 -115.451121434469 -662.712053725153 -1.35441040701609
202880 22166.2272148544 18881.2148408635 1882.13104846488 2497.6950724752 0.998609802505011 0.160043692146303 -155.284702730698 1537.27940557564 -277.300129431919 -1.57297962381793
202920 22314.0191299909 19003.8235543815 1997.25497870023 2482.61507182459 1.00509446274661 0.178928742031528 -132.618679689881 87.8606938496475 -1989.08515745027 -1.35298375230654
202960 22233.3206536494 18886.7644492783 1911.7023127439 2511.99095872744 0.998903316106219 0.166775450176447 572.055240457708 288.230714978941 -1026.51617874621 -1.47301623853169
203000 22147.9166162196 18910.3785413799 1878.31832299578 2512.18292960731 1.00015224336268 0.180729338991658 -820.702810702705 -656.219085115496 -1156.76199789878 -1.26952206255296
203040 22194.0413983888 18901.6884880444 1976.04832643062 2542.71645658425 0.999692634565355 0.179063912811252 -1309.739681102 -243.409682871886 -849.135185479598 -1.29217228806096
203080 22125.6376912356 18891.2555762491 1862.48005425128 2505.64223793314 0.999140847613335 0.162779519091511 552.229830904721 411.110169868026 -236.273121023889 -1.48005082442217
203120 21997.5727596159 18868.057128705 1803.64781926648 2487.38202390675 0.997913903408966 0.184114148968655 -1433.22306850625 -618.369147555189 -1239.21530584033 -1.15961946802872
203160 22055.2149765618 18846.2650580253 1841.35091163951 2508.74120276432 0.996761341162254 0.162211010541682 589.073722680387 -133.87044181184 129.204874666528 -1.47985630160881
203200 22119.3840937588 18872.5672951577 1875.62414560015 2511.84082456034 0.998152441896481 0.160322118290607 962.156624156213 -81.028965402719 250.066784141411 -1.56810098730868
203240 22097.746825704 18827.3001576596 1895.94528635089 2510.68764529982 0.995758305310571 0.166533094015123 68.740381746987 -362.817852404462 74.5950974917224 -1.42283228936531
203280 22070.0047245787 18893.6515776772 1934.0295506698 2506.27310374169 0.999267569889051 0.158155013194322 198.385375616691 891.656004195652 319.216084365693 -1.61761804009383
203320 22330.0238932518 18966.595199998 1918.53534659583 2538.62704612824 1.00312548988486 0.158004507224694 1254.86845977175 71.9663579937571 290.669026296717 -1.64754296464602
203360 22378.152639363 18977.869424702 1919.65152244661 2491.69240119081 1.00372177309015 0.158755836650893 1146.15164438454 176.823093590139 -110.611735898535 -1.61325512775183
203400 22275.5595635833 19005.7494889092 1882.4303636616 2477.36124295381 1.00519632362339 0.169237877555415 394.946887622939 364.404944302427 -1301.31400306959 -1.47011623124162
203440 22200.8040639081 18956.7189902975 1921.57631449767 2458.77079791676 1.00260314638622 0.171765249097418 -489.699355951867 -19.7113432691923 -494.323482908644 -1.42452528685133
203480 22150.7701553343 18901.0988459442 1907.10134106578 2467.66178664256 0.999661448945878 0.174261800038902 -720.901640340736 -101.239962916152 -639.658570575708 -1.373174162312
203520 22209.2501470634 18872.7406829728 1917.9116705686 2501.52665166041 0.998161612215937 0.166920494717405 627.83645691906 -757.576880928872 -33.0203958874427 -1.45437069430869
203560 22220.8691645437 18880.935883081 1841.91032383609 2489.32553440681 0.998595048688668 0.165860004569605 80.396648523085 -228.980235773377 104.90023268072 -1.44275122454008
203600 22172.9277102413 18925.4984579064 1809.75238892791 2480.26899889281 1.00095192161346 0.181661678176065 -1367.39777596892 -647.182802694022 -804.528112349595 -1.25722588032947
203640 22343.2797604229 19015.0390158413 1887.36314542477 2465.87705562943 1.00568763801885 0.171923618010664 -118.826907400108 21.9172196628484 -900.244167606407 -1.43969824718095
203680 22079.9598004406 18749.2224323813 1864.61011487289 2495.64582456802 0.991628847408771 0.161821499082648 300.156885976464 774.305755103412 -466.045438342595 -1.47194981220339
203720 22322.8897601795 18893.5893547646 1853.74342016558 2448.80707338711 0.999264278977371 0.17016104730694 -777.207728183971 114.643951715376 -174.720994885735 -1.37826877625889
203760 22429.1944421703 19016.1773285479 1927.94014728799 2502.93376127336 1.00574784231379 0.164650369786133 47.9862914551146 550.018043286944 -457.392305416055 -1.49065037762124
203800 22392.0193512918 18995.5375379944 1865.55512875822 2505.26059056299 1.00465622308578 0.172019364391202 253.383148251415 -1016.39451978608 -379.304147763911 -1.40729141132894
203840 22343.4226433498 18916.9791525969 1854.90184985334 2542.03807913198 1.0005013435196 0.168224760578466 969.022973387257 -643.486764926516 -691.358311103874 -1.43752929869323
203880 22306.5183761486 18969.1986268956 1911.91963787729 2508.13859882763 1.00326318269975 0.171788487301837 -702.026900798934 -390.790364585315 -74.977532676338 -1.40877482052812
203920 22301.6641254184 18881.6958746755 1940.83992860319 2465.2267767016 0.998635243933648 0.170597896986834 271.434760855689 -799.203717186724 -292.771825647445 -1.44793606628945
203960 22328.9105653284 18937.2170972645 1946.49750031758 2523.34604340389 1.00157170949436 0.170314149089386 -279.884765384257 -144.149147561319 -392.975049541076 -1.40635962576422
204000 22153.5141708107 18841.3621722463 1912.14000060787 2486.44565927382 0.996502032116691 0.169075636015498 -203.392926290402 35.7433702354771 -233.602454371225 -1.46839256221548
204040 22346.818875924 18870.5993267616 1940.14721031197 2514.48134598287 0.998048357887698 0.167768039618161 -386.163869257642 -519.97569244119 634.55874944961 -1.45579635126528
204080 22500.0656522758 18980.1608934021 1935.56128575009 2551.59770189443 1.0038429667276 0.169973503255653 -631.546141024103 569.442865790553 -823.110997113223 -1.44353655731231
204120 22261.1702599162 18834.1777023364 1921.54142768448 2496.41739881942 0.9961220522193 0.159244767081104 -435.335617996885 1388.48071032957 158.892984766938 -1.58501142564001
204160 22512.4461201153 19029.994674522 1930.68059359615 2517.72094628891 1.0064786288257 0.142599863006119 1364.20886036867 1029.41898076158 1621.6378719713 -1.89755955523921
204200 22449.4901404426 19023.3194054615 1919.93219130066 2495.60853109616 1.00612558008523 0.171939858962579 -606.674212932329 116.378896326311 -763.255814506755 -1.35369014037957
204240 22164.0039955423 18844.9062723219 1815.42839757219 2498.91871569434 0.996689476256613 0.172327420602282 -473.912982032989 -513.866407507601 -84.0953834922473 -1.38552967959609
204280 22365.3204213007 18961.3862239159 1886.01928989965 2531.89443201609 1.00284999200931 0.180234251263389 -1721.36025713618 -1135.86573367826 86.9249823633862 -1.27672735045262
204320 22276.6695298355 18928.468959813 1896.96021186059 2543.88129605051 1.00110902868243 0.15915586013589 540.297316750725 579.402704499954 89.4692410150401 -1.60602598210331
204360 22415.7355975415 18849.5679935842 1970.9860536819 2498.18474562987 0.99693603033633 0.169179024876691 692.724915495244 -183.263448622162 -1105.41151552087 -1.4026702160443
204400 22234.7400569592 18883.1056017376 1842.81045057801 2516.77963534915 0.99870980308013 0.164916251811328 76.2842687609224 -147.344598145439 205.918013679411 -1.4467911183459
204440 22158.241609604 18906.0381677611 1914.25965867192 2525.63480537659 0.999922685059428 0.184861680741744 -981.05087121725 -1158.44322675606 -1268.785632597 -1.18992538154412
204480 22169.0230961277 18920.0914527141 1962.76544127969 2494.27606913331 1.00066595016338 0.180500189119586 -1473.57364561036 -887.123055774609 -248.033408366903 -1.23697221490559
204520 21904.0649951665 18752.204512479 1924.63134611907 2432.23574972506 0.991786566837444 0.15723007326591 695.680136545173 303.992794938093 450.999637072162 -1.56984864726487
204560 21952.8447548195 18826.8427470678 1830.34693324813 2487.46131484434 0.995734113291966 0.162270872692508 1064.39756991283 429.577639220421 -763.412759331491 -1.48679474244276
204600 22120.0016234066 18894.4438554 1939.63362980046 2479.067337606 0.999309472717176 0.173099032051533 202.822259493328 -822.625736154655 -445.269500191794 -1.38888019567304
204640 22151.3962171152 18871.5763862833 1968.36194556786 2496.26291626991 0.998100033652427 0.166853735584554 926.747201536203 -437.147621874994 -658.929435145048 -1.5116128181963
204680 22038.5130035538 18792.4654907481 1890.42072255586 2479.29767447153 0.993915932341561 0.172281260659194 -139.304373917705 -271.34990211294 -816.2694506414 -1.37212384655473
204720 22318.8503670057 18963.2184252195 1888.04994266277 2516.62534520539 1.00294689542348 0.16187927345586 788.923656965204 309.192646392363 -532.110126389057 -1.52784532819782
204760 22280.2858296804 18837.5140789227 1898.82064898046 2485.82554680749 0.996298510058054 0.167521328109621 -6.33495186735799 527.274106560237 -917.736004260164 -1.45089025914379
204800 22165.733105138 18945.6705950798 1829.62496949741 2451.8897843672 1.00201880709136 0.168736419487753 260.534720173551 -611.966098989891 -243.247190976743 -1.40189461722307
204840 22359.9552523511 19013.687989999 1881.17491574043 2483.19397560023 1.005616183525 0.178271098501444 -852.120057179785 -843.166921009593 -552.877494022292 -1.31746309227507
204880 22543.0625773933 18943.077238853 1938.75012325557 2498.52943233547 1.00188164690482 0.177148601059527 -1569.87447852158 -159.850512442943 -415.265740553209 -1.31623097718251
204920 22532.8032719946 18866.306861922 2004.66576990932 2534.0257139428 0.997821333434987 0.161199150865009 53.3471566736274 320.716388930486 315.578583670263 -1.51362852549139
204960 22418.054560578 18878.124635694 1913.96435920282 2496.65651331451 0.998446364442363 0.175221112577838 -773.61625977912 52.3134192291014 -1049.71669691156 -1.28573243227177
205000 22193.9037896689 18851.4229374758 1843.22010018741 2471.74513511049 0.997034136584731 0.171845342801385 124.715331776056 -583.527267093673 -631.381309222451 -1.33639632867258
205040 22465.6397680562 19068.8011330549 1897.87701974243 2517.44796552373 1.00853106614068 0.159381342416943 405.63075984468 532.147259601751 190.858821540373 -1.6369551223936
205080 22398.2742087626 18840.3973145665 1935.30088573956 2499.13882516593 0.996451001695969 0.169743809868309 -126.98289694203 -387.165074093573 -180.01121507469 -1.47159727923799
205120 22471.9055962822 18972.3341044951 1910.62488808737 2508.288006936 1.0034290151789 0.170062856524363 -62.8708982875607 -387.717160951582 -380.978484127365 -1.4287274285576
205160 22348.8133614801 18922.5111309562 1871.5744922136 2491.79961570214 1.00079392468366 0.177302649045538 187.761537030752 -1506.15380556575 -751.056186285312 -1.30289523523023
205200 22426.919168773 18919.2785799 1952.34187287308 2535.57215115351 1.00062295808013 0.162590502352141 662.644638462435 571.698554854983 -720.434822070333 -1.55511293498621
205240 22487.53027844 18954.2854154183 1934.65565589571 2530.49422521971 1.0024744368858 0.173298796191385 -527.178552991807 -801.529894763362 -10.0723390418678 -1.3941901783211
205280 22302.8090639709 18877.0902888272 1926.18098630878 2515.44200099974 0.998391658803502 0.170819292710503 -585.15502341903 114.751132385875 -272.184201936102 -1.41908637906264
205320 22330.8925602845 18881.7125096743 1911.80217690194 2528.89910040173 0.998636123743188 0.168980761148242 93.5818367252382 27.7393316062043 -668.605074355195 -1.45361880001574
205360 22408.1495684115 18942.7773247249 1964.86284807413 2503.93915332158 1.00186578472695 0.160861729113011 -1300.66575786945 1516.80165616306 732.581449706592 -1.5942587980389
205400 22274.4848808542 18860.9432546465 1914.31392752666 2494.58214973876 0.997537657260161 0.170760580579299 -358.251638209111 -128.13844669803 -431.02393007513 -1.40475399296885
205440 22328.382550133 18957.1659242163 1942.88534376009 2524.32243325895 1.00262678430339 0.16885360498857 327.419416357273 -8.49443213187089 -972.23415532549 -1.39812051770103
205480 22132.1494054411 18892.6868019704 1883.20909683895 2529.1566627925 0.999216543803802 0.158502388774173 608.008955784354 1070.96736663575 -215.91596301964 -1.61600153969501
205520 22074.0502100887 18909.2083725007 1825.73255800885 2514.94515770983 1.00009035422455 0.172408079305215 -148.304150353124 -757.688699647244 -395.530003284688 -1.35457852208906
205560 22126.925788669 18882.8964897407 1903.40614920942 2532.27289426279 0.998698743342097 0.172585719641883 707.298054227532 -598.545230834403 -1391.78013783221 -1.37146805732464
205600 22022.7335002309 18865.2791593788 1974.1470314449 2499.47606751384 0.997766979208186 0.163929108741243 679.95015776708 366.682228453946 -597.959651905898 -1.51347006090653
205640 22188.221075897 18888.0651706512 1928.55943506831 2537.97422078313 0.998972110043699 0.174631654055655 -228.864877991182 -649.971594808719 -682.582859335067 -1.31023520786452
205680 21976.1873325473 18873.2397816991 1813.32967603479 2545.43180264724 0.998188009081006 0.177461677922039 -1174.15171284008 -263.965435592666 -445.220431950121 -1.32423447039331
205720 22027.7435069713 18848.6293019191 1856.03904296137 2491.4816539437 0.99688638381167 0.172932758650578 -498.518864642894 156.441312394043 -909.350339217631 -1.32353030872523
205760 22050.6846246531 18840.2734350332 1897.22637815546 2479.64471863908 0.996444449823257 0.17325396129072 -7.27347105293535 -25.8420451867303 -1265.33120606586 -1.33553771387331
205800 22053.5534650321 18925.9415261664 1948.4849184474 2445.7529898 1.00097535507954 0.170000374164806 2.74750370326824 390.232711597312 -1133.03978733694 -1.39375057989013
205840 22025.6426732953 19020.8780737464 1831.9503344743 2463.85479978316 1.00599646033301 0.172044047733442 663.155517186939 -1511.94063541316 -135.632429721966 -1.35606700506971
205880 22110.3814837777 18871.9183301901 1852.85555697798 2510.78522917546 0.998118118746008 0.166706910724278 298.111143851237 -363.23789807162 -189.947113967151 -1.40097399995964
205920 22275.7653179729 18939.8837938899 1965.1454997093 2484.8118149496 1.00171274858601 0.156212284049467 478.156073006166 1626.45093950883 -546.873875858077 -1.60854471209663
205960 22410.8672742054 19081.7573870954 1901.47440173274 2494.87389753325 1.00921631030519 0.184673219306102 -1178.8059493229 -814.071911108549 -1410.40009810484 -1.23273343048441
206000 22211.7817103823 18963.5044322349 1932.82573182337 2434.18719293425 1.00296202206716 0.178972275992568 -2152.13408103521 -288.602125836695 330.046736301844 -1.29370380256179
206040 22263.4067131655 18967.3080322315 1798.13978008338 2477.6857618096 1.00316319091533 0.15675514450633 382.131100916612 795.943351540576 429.856212368593 -1.59359300020528
206080 22159.0393560857 18836.9062867251 1889.71142467865 2478.4422464195 0.9962663644969 0.164011257631852 254.61333770213 528.300475261054 -502.818677660748 -1.46246136625494
206120 22184.4963823646 18877.8402315545 1901.521405033 2498.646981695 0.998431322573288 0.179429342091659 -1146.85625317107 -458.043183214311 -659.492702437414 -1.27186884731074
206160 22367.2051983873 19044.2059756691 1838.0468629779 2473.28817190975 1.00723025125845 0.168396743434441 300.214419156794 -798.843650713086 -14.8825377239219 -1.44799155784014
206200 22201.0949991526 18924.2441151433 1938.36820788189 2460.15626772027 1.00088558059729 0.174611261964546 -170.125169157362 -303.549616776685 -1039.10864002566 -1.3493088288553
206240 22169.8523267103 18860.7038964424 1817.60053694489 2516.90998122426 0.997524997828502 0.172170622167928 -8.23675842543462 -1014.99110309403 -220.126728151975 -1.31673431110566
206280 22141.0658562082 18868.2418854533 1887.64124924533 2527.57898698461 0.997923675020666 0.166542949434072 -90.144902064888 257.178786802186 -389.599227555345 -1.47822525727462
206320 21997.5506962799 18865.9740951857 1893.71562572134 2498.68060862865 0.997803733713377 0.166811132564451 612.422975869364 -394.31853107946 -347.032059542372 -1.44073681956472
206360 22105.5563883437 19064.0751206936 1860.23181721725 2487.23239305609 1.00828111176483 0.170583199264001 -113.069761345871 -304.897697005011 -276.182701873634 -1.46962307957762
206400 22273.6332933178 18834.2779386504 1956.10625018364 2554.7519815576 0.996127353624242 0.172255236535833 -121.785377253829 -353.120134583467 -656.325368241138 -1.38538371992882
206440 22002.2508911794 18745.420858459 1810.47984958324 2513.72907255855 0.991427785717782 0.165325693420402 175.775117964221 687.258403022541 -652.933142651241 -1.47031992801028
206480 22353.3383763346 18902.7468932987 1944.33468522864 2494.60195608439 0.99974861262984 0.163908314566455 -645.774543626799 1200.83183549817 -253.267497831283 -1.49690210870077
206520 22330.3302484425 18958.20319952 1945.53200611034 2474.27677684397 1.00268164482454 0.177499823337259 -421.207228144378 -686.448587994113 -950.357776190018 -1.27125113890436
206560 22105.4517453931 18878.8046263961 1849.81704071992 2520.78655900514 0.998482328514931 0.171845465083874 -857.434223569196 -45.2358668223412 -43.4584415721794 -1.40146572818439
206600 22050.8035403184 18856.9406078794 1818.58309300688 2490.9767036687 0.99732596101438 0.169131021820587 138.779354679631 87.4006061578313 -727.459353741131 -1.39980270338845
206640 22312.7866960798 18995.6716509829 1831.97764697642 2479.94469335648 1.00466331619637 0.178143779429788 -677.090756899484 -845.572867701694 -694.655547458321 -1.25205352697173
206680 22306.7403960357 18849.6750953282 1904.12171373995 2492.53151392776 0.996941694847454 0.163194144987268 479.182801454825 -284.127110352439 194.821342960893 -1.46038739492515
206720 22202.1743839916 18852.1233942572 1854.67583390102 2539.36880391957 0.997071183089102 0.178903516206254 -61.1377502781374 -913.586770002914 -1341.23032606631 -1.26303520991874
206760 22193.2804242882 18880.5022472449 1864.38845510098 2515.02960414204 0.998572114094667 0.172301581420807 407.402173119893 -1554.35737619817 29.6701603756627 -1.37581906873079
206800 22382.1084852543 19011.9425043083 1861.35678965509 2472.62316619579 1.00552386641853 0.172844974944881 125.818124553632 -355.275136724942 -1077.84700474148 -1.35059350452334
206840 22369.5735971426 18852.7653747778 1959.8690073194 2522.18888260859 0.997105136838706 0.175499975422165 -147.83907621662 -1055.94938039839 -567.03231331076 -1.32353811330771
206880 22328.4073055339 18924.289201098 1877.30420591246 2478.3223131935 1.00088796515129 0.183147521976794 -800.094633781779 -840.021227833072 -1396.75590447723 -1.22051267423231
206920 22470.1189514403 18947.2848277245 1949.62254120512 2526.79686593005 1.00210418234692 0.176665095615464 -583.300477363279 -616.693561765218 -520.847314345025 -1.39193211055825
206960 22323.5684841903 18842.2800038608 1919.99752058497 2556.81558176515 0.996550575372777 0.161605709969323 269.554690805351 467.949110897926 193.791615279826 -1.56021636557681
207000 22250.6283704596 19015.3586342879 1839.96057698245 2496.84944685457 1.0057045423397 0.177428973145137 -478.753527558943 -795.818733480468 -744.881521755287 -1.30719171110558
207040 22163.5168904228 18850.0856861366 1851.05817319407 2507.54132637258 0.99696341061148 0.168217915314713 535.228356967153 -582.467080830511 -303.642864749678 -1.42132528710147
207080 22170.5787872656 18915.2934949397 1871.24422344951 2491.18645794593 1.00041219066189 0.173405640653448 -521.511561849454 -228.071461255786 -715.234887091675 -1.29144654468781
207120 22349.7758640312 18922.0329766229 1958.54716995802 2538.58296245413 1.00076863554795 0.179994742294324 -1287.8915317577 -354.296014471234 -825.932355688602 -1.27578267255725
207160 22378.5191444222 18930.602084378 1957.96719361593 2542.04701936798 1.0012218476466 0.163455203381215 -285.506804115376 179.169548867007 480.280922416127 -1.5222724006582
207200 22426.26001531 19009.6800524532 1932.65312329321 2521.81314968477 1.00540420745488 0.159831415062889 84.9599259529533 357.847358258093 630.246629135225 -1.58404413307909
207240 22403.6717700074 19013.9272986649 1896.79871147465 2530.2401573149 1.00562884033663 0.175610335125779 -1352.2499760578 330.650127464695 -460.658373883742 -1.39860267192494
207280 22613.7586334671 19046.6214916854 1914.78301047681 2581.05984739518 1.00735800564249 0.183751229860743 -804.763983075471 -1176.85496207115 -1278.70107738982 -1.23159242457963
207320 22191.6991585936 18820.0962913243 1905.22091398667 2527.77490378364 0.995377299554374 0.172584848962045 -201.387316166677 -84.1203394550069 -731.852853199394 -1.42137367694522
207360 22264.0186920943 18971.9331451392 1892.14721678111 2564.91424222625 1.00340780881339 0.159965244307194 876.771464439007 552.574486755846 -341.964088625657 -1.58042889471344
207400 22454.8469782954 18936.8001921027 1953.8398962605 2507.98253424842 1.00154965977008 0.177061307604726 -483.925548330538 12.0986726207578 -1632.62441535762 -1.32907134320716
207440 22210.5022819143 18923.5257924759 1855.08470073824 2514.56814422238 1.00084758918291 0.177729950708891 -580.745856000542 -1569.27182863475 126.537546950953 -1.31482476888932
207480 22224.7177271822 18919.4251328283 1822.81879113219 2510.95534893143 1.0006307091275 0.166015768037528 -52.8253064483183 406.754034466433 -460.460473747501 -1.43764451241746
207520 22271.9503651437 18922.4040451132 1901.90060709272 2545.42811093809 1.00078826101352 0.168509198403739 364.365431012207 432.60626903955 -1368.49083104533 -1.41517219299753
207560 22235.7056522935 18866.14559718 1896.53916936806 2528.41689336274 0.997812804293533 0.166591061221048 216.234676152531 335.21008216347 -737.569768814383 -1.42869151273291
207600 22349.3376080273 18876.7716308767 1899.10455120911 2566.53885579396 0.998374805282388 0.153659777057362 1033.45989046072 723.749224086113 465.824660451449 -1.65242121022809
207640 22319.0311853182 18871.8646481684 1918.23662712385 2527.76240605884 0.998115279554058 0.176805662240309 -446.375039084606 -739.075532969723 -685.09123596083 -1.30710264944037
207680 22230.1333794772 18926.5526962094 1829.84809913853 2522.87707643316 1.00100767929178 0.176674823038825 -855.698929325693 -225.182569645953 -732.28018753319 -1.33602437719562
207720 22295.6414731909 19017.4463571411 1846.99358366143 2526.78001253947 1.00581496004977 0.157494851388219 729.430397056744 232.105583713462 581.112994238997 -1.63774585959972
207760 22317.0121524345 19006.0837444229 1936.42273449036 2491.5415460226 1.00521400208504 0.156921784262796 777.423561178044 -62.4617790891503 777.685170680096 -1.6207820780557
207800 22090.9319709507 18910.435840611 1938.63054044259 2501.26245289693 1.00015527386545 0.15248778133976 1058.59735097202 1404.90760159272 -44.2910253525449 -1.7360467599282
207840 22277.3052789171 18937.1112639019 1919.87883835997 2543.49296895374 1.00156611206674 0.164159499452713 48.6707623652871 178.048611639628 28.7661414701682 -1.55079644739455
207880 22306.1744432924 18987.8041039141 1923.74360964707 2537.0780028786 1.0042472089866 0.162263343521117 265.48339393016 298.422913829833 212.214073292233 -1.56848618692865
207920 22113.6195320848 18955.2261891281 1831.74910022675 2524.0463333634 1.00252419352786 0.186353732402285 -1222.49712687861 -1610.89389917415 -727.313900403344 -1.15700793957198
207960 22326.4419472931 19037.3159488498 1965.89972476575 2528.21109144067 1.00686584418087 0.16603068381791 718.979263348326 -723.937445060574 38.8882862347484 -1.50173824600905
208000 22164.5129366939 18916.343587768 1971.78051809209 2519.04325379765 1.00046772908994 0.179621254529069 -1357.955475705 -599.192971614393 -573.656837204539 -1.24641025983023
208040 22278.2973610652 18903.6911673694 1904.80758161058 2603.30292877295 0.999798554402718 0.170675303597412 -199.368588956508 -402.04421963466 -388.716136190981 -1.36416097230743
208080 22246.8397247468 18910.3530483145 1875.85047855884 2600.77843045641 1.00015089505828 0.177962007390096 -211.727973308782 -1144.12840683526 -586.631319196611 -1.2817948819596
208120 22323.6153059545 18999.6985731053 1948.27486274886 2596.28653031178 1.004876296343 0.15695759965257 1242.60645732662 155.969409427448 324.969623765528 -1.63950350842938
208160 22372.1004507654 18921.0200451765 1956.94054571982 2589.51901450186 1.00071506255065 0.163554963977848 892.736576542099 885.037107162608 -1489.26950777329 -1.45199650333367
208200 22367.4218326741 18873.1379147148 2004.18390076818 2528.84196585233 0.998182621431431 0.166471720576641 -972.215186369591 916.34323496792 -118.683173212776 -1.45821580541695
208240 22055.1336942189 18813.6810799046 1916.5493292138 2537.67954548141 0.995038005019417 0.181599448670463 -113.743971294602 -1017.60454870372 -1729.62213476293 -1.19527345531292
208280 22447.4995878287 18987.7443291043 1945.99197034865 2546.36989677438 1.00424404755279 0.185617979071564 -894.486961872952 -844.10586439283 -1764.22220428109 -1.21532011410449
208320 22184.4275157049 19024.3931048201 1875.49881909702 2493.46263872763 1.0061823670406 0.174336034691643 252.922532824201 -411.224712917974 -1303.31267888483 -1.39804011492959
208360 22373.4035130915 18954.5963607925 1928.57582798867 2534.16759873895 1.00249088249597 0.170171515711903 482.005191280747 -1070.49859951035 -314.822248953014 -1.35963412169172
208400 22304.7227929847 18945.1072877567 1873.83646423161 2572.3261668737 1.00198901429362 0.169729612444001 -21.7914335994971 -653.968154498338 -38.4468861478774 -1.39095132350587
208440 22144.490639735 18938.9343539512 1852.52644998075 2537.90642482485 1.0016625335952 0.156723209688216 1252.97363671571 687.278845151024 -445.880576442842 -1.5526877223875
208480 21875.0166484693 18726.9454112503 1817.11645790623 2499.80564120639 0.990450636586027 0.170241347401547 -482.01649043333 -61.5118908213322 -239.94072862224 -1.3144914003728
208520 22047.3753655896 18970.2775057403 1828.609223119 2539.00521700813 1.0033202435933 0.16513562143864 659.423472176523 -250.065882682157 -132.328045115748 -1.4660449451094
208560 22187.6302688447 18946.1212248541 1845.08987883396 2538.34888572794 1.00204264047886 0.178415023314647 -336.768078767303 -1342.13109092252 -525.503638874519 -1.29164200548086
208600 22253.5225991266 18875.8007899804 1887.24470866667 2557.31791522458 0.998323458414938 0.183523687687457 -1821.96482616507 -888.394191522038 -542.605557396802 -1.15895620789806
208640 22305.1963514597 19013.9168527907 1847.6006452987 2527.42671366303 1.00562828786411 0.188555339718788 -1774.36440351374 -740.072108998061 -1632.95427981309 -1.08015469008196
208680 22356.7652300081 18907.0044761014 1991.0321592771 2510.96201751474 0.999973792204223 0.152490509015843 1117.67817382078 513.730681061424 818.480101551722 -1.72200019551766
208720 22291.8472914576 18913.4378742763 1811.63771556086 2524.90500771722 1.00031404861966 0.170175765355663 -201.221665870994 -25.609866588591 -614.290998281951 -1.34326089828605
208760 22410.749162922 18897.8914103357 1972.25462217415 2535.26874339203 0.999491810674901 0.16827026569159 -786.220202204889 450.958196116054 41.2550967039906 -1.473901550118
208800 22544.3151210068 18965.2060891131 1958.70199712706 2575.77223981261 1.00305202110872 0.176951149569149 -629.543304604986 -1.16750322414614 -1252.93224876238 -1.31127543811168
208840 22467.4008455485 18987.8442862243 1901.27060829373 2540.01541374624 1.00424933419142 0.179411712750292 -75.0074095484493 -745.646380701785 -1379.56290264679 -1.29614749962355
208880 22264.5608785616 18975.3283851655 1826.35420262312 2476.71963297937 1.00358737988446 0.154492000832305 734.559858785493 855.02936926507 446.892822001714 -1.65746877168429
208920 22301.6895419815 18861.1386681002 1873.81427628043 2488.82802403071 0.997547992495052 0.169358905002189 -569.521939641937 143.174743894182 -424.060445019748 -1.35765591513723
208960 22597.2746905328 18941.968994595 1914.76081899571 2537.08909822688 1.00182303290202 0.173793168220121 697.87345356469 -1209.46937716704 -1053.40323947564 -1.31388018462781
209000 22224.485237272 18856.5837875812 1852.13809418285 2464.63889723911 0.997307089122372 0.180143165949566 -822.209543224356 -796.197452774714 -1018.84406098386 -1.22017187200644
209040 22185.733727939 18825.2638232237 1887.75654306379 2511.6563995712 0.995650605485848 0.16397889254161 -371.689481403269 619.166384710224 -90.3525832882259 -1.40236328275138
209080 22183.0352646594 18817.720638089 1854.84778984483 2519.36509278428 0.995251653475551 0.171902728708331 -263.306132136725 -428.185534293211 -379.875257057766 -1.31080470040958
209120 22263.5212680715 18957.7085746867 1864.55912264604 2538.05295890354 1.00265548457949 0.177323312872864 -778.93633607526 -712.503475657825 -647.094325979457 -1.26425112935428
209160 22280.9229901878 18910.0172307872 1862.88019209863 2567.79732700292 1.00013313398319 0.183980168429761 -105.586779059387 -1763.21855065597 -1459.16485924644 -1.16299786426346
209200 22324.5628761727 19013.2890928033 1906.15412713861 2559.53456050169 1.00559508622522 0.184973837289034 -900.545563453701 -1178.55243248007 -1389.66850563729 -1.12904934892356
209240 22405.5212776228 19005.2130699421 1930.15585111514 2524.12618686158 1.00516795292567 0.153461036550655 783.335225086522 1103.1867545416 193.256503412451 -1.65026251147419
209280 22217.8657381903 18786.707747108 1944.50912742522 2531.99248319763 0.993611410662861 0.164643138249499 389.833856751452 535.06885818425 -681.290583543018 -1.49366221687834
209320 22203.2496783565 19006.2793163216 1850.77055638063 2503.46735164168 1.00522434569994 0.173291666377824 -134.683180111445 -623.612979433565 -466.214265411725 -1.37939946971687
209360 22309.6498327467 18917.9884372396 1943.3591427224 2500.85810011089 1.00055472364086 0.167852860258537 446.713999466709 -466.773600102587 -401.958083147189 -1.43312003426673
209400 22485.2480559753 18996.2529325901 1921.15595655059 2544.3852865201 1.00469405963719 0.159407491438047 246.44238678653 -28.7467006783659 813.312800082609 -1.58391236282073
209440 22289.829424921 18880.6830143576 1938.66183785726 2543.83928630837 0.998581674698273 0.157786428568598 777.733709080978 -470.046371009758 970.869031027502 -1.56304493709243
209480 22149.6273093097 18983.1813133449 1889.80128771109 2513.40219250758 1.00400271391484 0.164490248596464 461.992916713694 270.898310482273 -449.386728900635 -1.51742126533608
209520 22305.6718098654 18980.7494047516 1852.54769543409 2494.75811734193 1.00387409254273 0.168817072543134 424.664599769102 -1418.83257529225 478.268867707164 -1.38627602752159
209560 22154.2564194089 18919.4000643539 1801.21361454785 2526.87222692735 1.00062938327933 0.156950454959127 963.63294020977 24.8301358220302 565.880870104825 -1.58105361912253
209600 22139.0945390476 18911.8431410697 1856.34558425689 2470.64254806363 1.00022970467115 0.176394543494092 -645.133536447591 -976.805784900598 -235.616024516694 -1.28184854971142
209640 22085.0177490133 18838.3630315348 1835.12395807871 2512.366324442 0.996343410368096 0.167741385077746 -139.167845114173 -516.604320587285 445.34867366505 -1.41587015968162
209680 22214.7774113909 18886.9495998796 1911.51320884058 2532.24316818373 0.99891310854844 0.179126691177256 -413.649384425048 -1244.80947123581 -807.92524810292 -1.23821526079147
209720 22255.0159712834 18930.6160699848 1851.65217474768 2582.09525404189 1.00122258733226 0.161532674837898 -289.001570905627 540.932911830741 387.106488604105 -1.54454588559427
209760 22425.704034173 18900.4532904062 1972.32473176769 2563.71829934711 0.999627306116946 0.176289479104873 -220.948229160355 -241.281823116944 -1318.41392395579 -1.40066796427864
209800 22264.3068723607 18894.5276736839 1923.12488223068 2500.48874801216 0.999313905787855 0.172215295091109 -190.196965134699 -15.7784698895906 -969.558829137908 -1.3371163479805
209840 22362.3283297698 18994.3363652077 1899.44343826962 2568.74551763965 1.00459269417997 0.168434323399534 -577.044096081327 -286.132636240799 389.33686171877 -1.45802834749193
209880 22370.7298753403 18897.042022932 1976.72081233919 2506.1187969169 0.999446887369137 0.175747019246313 -309.779126720688 -1006.74509845474 -474.60723128447 -1.35347221419481
209920 22329.9198244769 18874.1267293618 1918.72298773962 2476.9068421181 0.998234918913753 0.180994534314709 -311.837109127149 -1394.68557882935 -1055.19611995639 -1.24945251975355
209960 22383.3962063939 18940.7206290821 1920.10529562039 2467.26547586767 1.00175700801704 0.175220669508577 -621.596062473454 -933.460612096316 15.8854214802546 -1.37872907810764
210000 22440.6027099369 18967.4372958763 1984.36051896017 2491.78756395217 1.00317002754866 0.169477753456149 224.651153624894 -749.503817416955 -329.940863094714 -1.41855103791079
210000 22440.6027099369 18967.4372958763 1984.36051896017 2491.78756395217 1.00317002754866 0.169477753456149 224.651153624894 -749.503817416955 -329.940863094714 -1.41855103791079
210040 22405.7419195349 18934.171724903 1893.25965975167 2459.10893168876 1.00141064259701 0.164912671432065 -235.192689828654 501.852801219602 -173.017047879502 -1.49355227560044
210080 22432.5926937893 18952.5232180612 1913.72893854058 2472.64222736348 1.00238123591491 0.157068723501796 352.910701140874 -39.9665781507409 640.216236767302 -1.57485344091447
210120 22352.9535123152 18920.7881052063 1964.05615409969 2478.49091508263 1.00070279546245 0.162980470765888 544.976091429165 99.0968071766502 -774.801302541879 -1.49882112491456
210160 22412.818696828 18860.7746666642 1969.46391930858 2488.45051933226 0.997528740799375 0.140887227798955 1091.40221821198 1806.84070428182 696.331873421528 -1.84672891712221
210200 22569.252682622 18985.6248730634 2026.10318441498 2391.00113475406 1.00413195150408 0.134295637017446 2558.90309347834 1375.59723504586 844.805432985023 -1.94293406243087
210240 22522.3288387688 18941.4907972814 2018.11359120447 2422.52671399386 1.00179774149313 0.15993729880499 478.654307413955 -250.681729637727 -481.71816628446 -1.54793885195978
210280 22455.8888601547 18892.7961005078 1997.23206525926 2406.73514680513 0.999222324501274 0.146147867464421 2142.83875909615 -102.18366923296 4.87506584004438 -1.70200265087583
210320 22532.7282367958 18863.9034284946 1996.9329624834 2501.95984259331 0.997694218087776 0.135702628730536 2631.85081337624 558.805136681191 784.172885680302 -1.88529158418
210360 22727.3443857367 18967.5511159224 1972.18459657808 2462.20142284299 1.0031760473845 0.141945482251123 2964.41883236641 -250.469227287409 -233.921398129681 -1.76076349986127
210400 22584.733849928 18856.653709848 2001.50242308378 2435.81233740039 0.997310787245696 0.138966090873651 1486.6789164762 995.051059271407 321.768442536155 -1.78914014058397
210440 22726.8897721455 18921.3506636202 2066.85549899568 2434.90302626675 1.00073254865108 0.139734871215865 1788.20006610921 832.522375159427 -309.083822995011 -1.76191672057896
210480 22559.3199012533 18913.2439940187 1981.02834022314 2421.36156804556 1.00030379447408 0.138050923184409 1249.95205605129 1308.73917350595 -114.777134616432 -1.73679688651995
210520 22432.7756521966 18987.1095543816 1935.50004796874 2408.22891593395 1.0042104749111 0.15182571574945 652.5068027686 -330.080601838252 -684.884474270672 -1.49202011211466
210560 22514.8735822974 18961.6033423604 1974.34741839252 2440.58961676183 1.00286147520087 0.139891871440532 1876.38697526866 362.430745232643 -515.115206520388 -1.69429026270504
210600 22581.2924872316 18894.2096916127 1916.66841571866 2425.57532835038 0.999297088013363 0.14422076938898 159.4362576976 -49.8823532119391 577.462647742466 -1.55691457079856
210640 22527.4007008538 18924.6226174713 1932.75715752229 2363.41811725936 1.00090559923159 0.141067148195875 -105.416500808094 627.309989575256 620.041886064906 -1.62527945250946
210680 22666.0104815624 18842.2354898168 2123.13775202309 2314.93376675389 0.996548221066606 0.140331850630058 1057.14169139488 -154.594571598527 179.511190067799 -1.62096143576449
210720 22763.2539637313 18985.8739632868 2056.05605660164 2390.10839701221 1.00414512565314 0.1313541670358 1438.4591050023 1533.79810482246 -203.363492236714 -1.78232912996512
210760 22696.602194032 18906.4911564838 2005.73381847299 2373.36269179787 0.999946643209507 0.137513542384053 1001.12534333295 275.481512074366 -224.725578557553 -1.58779686085765
210800 22670.2842419974 18825.77696959 2012.99053318626 2395.10041347833 0.995677745317468 0.127671029485664 442.110448713315 1916.14406761985 697.625762113342 -1.75666458834049
210840 22709.1514562573 18848.0046922926 2054.24556110972 2361.83638127968 0.996853348792417 0.139223719664999 546.243123821299 598.995756169301 -629.289454618426 -1.60840051242957
210880 22860.6288640417 18968.5053066849 2113.97844749753 2350.04460536036 1.00322651364194 0.120573113289212 2087.63267143685 1420.99637308051 572.134013936481 -1.9027433958217
210920 22630.7738052264 19004.4045340939 1951.86451198146 2321.32572410906 1.00512519022049 0.129255290572113 1536.36899630441 583.171145579192 57.3576313177941 -1.73697053359637
210960 22562.1205844246 18919.2489508932 2011.05731278542 2321.30410041503 1.00062139102966 0.122067934077428 881.074557804619 3044.61315700007 -484.989342691381 -1.80290997795929
211000 22606.0478211824 18933.7601351698 2031.08237760016 2372.02499360169 1.00138887400078 0.138878959254621 233.380622606606 494.131654249592 -1028.10666150975 -1.54687222323801
211000 22606.6360072934 18933.7601351698 2031.674331063 2372.02013299742 1.00138887400078 0.138028231207785 268.509478183498 604.583560582779 -997.611638304751 -1.56218430843709
211040 22648.4206249497 18931.2427460668 2032.21542977193 2395.62743618313 1.00125573164442 0.136379261588661 986.579130006182 339.674454818922 -1254.54193437226 -1.58848030659583
211080 22661.4143713302 18913.7273859116 2019.72199280195 2378.28225823998 1.00032936061941 0.12947234306959 1451.62557864004 207.462800442554 -296.632273079015 -1.67367102688114
211120 22591.3716140419 18862.7474934878 2071.63285602894 2303.12134974156 0.997633081765849 0.132238060283922 1096.24309360543 553.465635408455 -1051.97596635117 -1.62073302655169
211160 22666.391172652 18783.9812614155 2089.77744265939 2383.49841273295 0.993467209383339 0.12932761293585 153.601277067488 457.534586934393 252.928850014023 -1.60582991173899
211200 22603.322128756 18801.5021393295 1999.0460950433 2380.32716757425 0.994393872237448 0.123538551415423 2214.91646575752 368.704090621794 -653.080463076678 -1.68272871333215
211240 22794.2223774548 18902.3249564827 2070.34908741008 2406.35059681534 0.999726296786075 0.121986733560035 1449.73684248571 1230.84746559153 -492.946474717692 -1.78110523673072
211280 22771.1164423607 18975.2048208871 1991.18372912902 2373.49123491243 1.00358084468529 0.117593345545281 1744.23632856148 1751.47432429721 -384.595192376337 -1.88582702104306
211320 22777.5717198735 18905.3607758254 2066.01888705028 2367.55028876569 0.999886858433184 0.123569538328576 965.841826303489 339.327408438071 150.030850445249 -1.67056395432204
211360 22790.8910331516 18875.874539409 2044.27009203901 2373.93729988321 0.998327358953275 0.11096421124169 2088.94282665667 1629.10901702545 420.764498549247 -1.8938983758092
211400 22739.7607646471 18805.4981255224 2064.97332579762 2372.84802531046 0.994605216211685 0.116892450290193 1813.90215686845 873.241480240477 -213.746105121867 -1.7610727764347
211440 22787.9394844346 18866.1663785839 2062.03607914326 2305.83640352989 0.99781390340256 0.112806773335324 1971.91905663859 1703.19048374924 -383.536068000191 -1.8687645135508
211480 22805.8587353036 18859.329676659 2129.03868922517 2270.6941169626 0.997452316628799 0.121644749801303 1685.599130677 -28.1020153662447 -682.648294906525 -1.66943129798065
211520 22575.4427418361 18784.0339701292 2017.6254036915 2264.0994139334 0.993469997097934 0.116950843659764 1064.12883959128 806.560869698021 114.04662024844 -1.73059783217394
211560 22689.2785230677 18866.4860133512 2094.60644622399 2259.80861801495 0.997830808586601 0.105065353878838 2402.31680766923 1897.02039529327 336.70622943617 -2.00171084925484
211600 22802.7354944487 18946.8232816593 2085.94808611692 2257.01190831854 1.002079771607 0.101495964862404 3215.86387892439 2190.56329146837 -96.9566026396953 -2.04423123507959
211640 22770.452927596 18985.5094935473 1928.7798549144 2256.40566205461 1.00412584918933 0.113979472204441 1256.95879303301 710.480911871866 137.562092574807 -1.72570798293181
211680 22850.6391495924 18959.9922835846 2051.66296850331 2288.90298079964 1.00277626780826 0.110281007815941 1081.33257086932 1247.06311519101 434.663261340119 -1.79775615733577
211720 22843.1533612135 18924.731991931 2030.35457578853 2291.90169053814 1.00091138394452 0.0985335719627493 1249.15647176725 3511.62937226734 679.596504338432 -2.00744754304982
211760 22883.4128082308 18899.2762072338 2038.3382727878 2330.28748986718 0.999565051288312 0.107176829250996 1358.6138208418 1727.01686234619 39.3118842811319 -1.83847870431286
211800 22870.5422454738 18839.460944147 2074.64113922784 2330.95853415645 0.996401477939812 0.0990822744668928 1570.75444710023 2699.58190316384 748.808511745312 -2.05043961967478
211840 22981.3645726844 18975.3127413567 2093.50818996328 2306.29778651101 1.00358655249804 0.101959894707664 1684.31154136666 1647.93299931307 761.625206646137 -1.95209286839214
211880 22868.3055504489 18919.6243143947 2095.72404738202 2285.41514281973 1.00064124365435 0.10869949672319 699.707872219412 1853.72658147924 -354.801494808629 -1.80180981882467
211920 22914.2827427127 18929.0762102488 2052.29888466626 2276.22035261866 1.00114114559031 0.106285520126246 1001.59414810962 1640.58148980696 8.80891957689117 -1.79241017685718
211960 22903.6136294873 18960.5368094114 2052.14108153877 2292.89595766053 1.00280506727021 0.100350392565902 1813.12638014447 2397.16648002204 -253.319601291481 -1.93526838249277
212000 22934.116899238 18904.7135102917 2093.83099668467 2299.24845095529 0.999852625164176 0.109307976241613 -146.91946748671 1730.76557047302 112.277302027381 -1.74040458968712
212000 22934.8778122239 18904.7135102917 2094.59883068538 2299.24557448954 0.999852625164176 0.108639289535096 -113.015676395148 1836.83475619667 137.562948928887 -1.75477807236085
212040 22934.2125298904 18877.9989168275 2093.30973464569 2313.2302099116 0.998439715289038 0.0975772724458085 2061.95380914722 1916.38231526274 519.603568196901 -1.99421524304707
212080 22938.7965755442 18930.8444028946 2058.35384384641 2282.18461356139 1.00123466364642 0.101719602343896 1344.87891840257 1945.57343933597 -66.8958880743575 -1.87037244531384
212120 23055.3721706316 18998.8964430965 2104.23468324131 2322.25971091343 1.00483387243668 0.0985500918555097 634.428702394141 2115.35269856219 1070.27067661342 -1.98741851838623
212160 22961.0123684685 19047.2659072993 2044.01660209821 2280.31289542579 1.0073920881819 0.106974368093228 1624.8455286917 129.591719421234 -329.362346147378 -1.73305908249172
212200 22879.491325797 18965.9600773435 2106.31941547614 2293.17979606367 1.00309189884139 0.0941892295658393 2927.69331335666 911.17903920635 906.774561251532 -2.02639127661742
212240 23021.1695796606 19018.1631014699 2084.52467379338 2311.19792057648 1.0058528679873 0.0921246995738099 3443.22521986186 1219.87530297604 348.802349880513 -2.05678868023124
212280 22946.1138884601 19081.8023862877 2042.37573830164 2262.49155221419 1.00921869027041 0.097657471872956 2905.28421494189 1018.77159721786 -387.920433498308 -1.94342737456569
212320 22797.8444147721 18918.2327791987 2073.22464786186 2248.69408275582 1.00056764665866 0.0955525707047337 3244.59168868375 1112.78562492832 -525.954932063903 -1.90196220916641
212360 22829.2681321519 18938.000511232 2096.24221808253 2248.32061222257 1.00161314352675 0.0854549698740599 3194.38100469019 2532.43052082303 683.847115628588 -2.16248444378901
212400 22752.1874269941 18773.7907537061 2074.02857981714 2265.82022172524 0.99292824295682 0.0970737773052033 1691.4880619067 1460.86554806616 -179.416366961636 -1.7991360471972
212440 22970.4763963547 18938.4672860551 2085.88757499257 2309.53261205716 1.0016378308108 0.0900448841554736 1678.5286344387 2571.78962479259 571.883530864706 -2.01859517535851
212480 22959.2785994713 19063.7454307067 2068.18866977273 2232.33692975455 1.00826367476963 0.0896955602227752 4000.39746051445 423.351875924817 317.76979647953 -2.04387117474731
212520 22877.0380119637 18932.8727583979 2099.36992780973 2251.42895452989 1.00134194147285 0.0811994514462665 3020.37251412937 3045.11660677672 897.934594187661 -2.20450908069387
212560 22993.6043016137 18886.3594757649 2150.23811928208 2247.43863665482 0.998881897435668 0.0821936156003085 2159.12953092561 3118.60293182388 1241.02769113494 -2.10409375264279
212600 22904.1463184687 18852.0043455347 2124.00572710818 2252.01870964046 0.99706488671346 0.098462302512924 1048.04539787975 845.659812971898 -40.1270647782702 -1.75966209676265
212640 23201.5940803115 18992.4150231465 2190.92915490039 2275.73628227421 1.00449107619445 0.0949652378773948 1693.4180111612 1146.17138279576 -293.133718286087 -1.85893827910262
212680 23209.6831524319 18965.0564462753 2205.99283210186 2276.10340643355 1.00304410663891 0.0866879157188083 1519.39240494672 3102.30332849231 272.821470661461 -2.07953252473443
212720 22981.7656456383 18894.1414889826 2150.20903636471 2200.65831470823 0.999293480840017 0.0857377971220214 2571.6522240561 2416.59141424876 -62.1943626154358 -2.05507012640451
212760 23063.4503232458 18949.3728340143 2152.12704718212 2218.49386907252 1.00221461504769 0.0886773489218839 2798.2644791317 1154.5036484208 -61.8758468079393 -1.9783031172784
212800 23072.620587621 18999.2864306037 2153.99203772065 2213.66572921961 1.00485449851137 0.0826928014804895 2109.83756935549 2833.61506918247 518.07751570047 -2.11944690395481
212840 22820.4294781188 18743.4090771136 2129.44694516427 2197.71642571115 0.991321384483067 0.0841619871939701 2833.89480785819 2758.31910218911 -644.047930461392 -2.01201899822064
212880 23036.8171297261 18926.4670696592 2199.3110601894 2247.77859697128 1.00100315058359 0.0858036754226519 1774.03180190667 2627.80625732148 -29.6734957392154 -2.0227025809913
212920 23009.1969807046 18872.1560759093 2143.35576134174 2276.54615169038 0.998130692894847 0.0843006250179241 2874.73988760172 2408.81571993808 -621.552014084035 -2.07259976835885
212960 23030.9524967461 18977.2555994253 2144.33680609894 2204.42078754392 1.00368930844508 0.0784341619932569 2306.9575244142 3605.16124230495 182.296947387562 -2.15881918899733
213000 23003.7488405526 18895.2767853777 2160.72439522171 2250.87420383012 0.999353525605063 0.0861599126534314 547.299888640969 3359.81286613424 -182.83579286638 -1.95269132635789
213000 23004.7047151476 18895.2767853777 2161.69193715178 2250.8638049193 0.999353525605063 0.0856236718175568 579.823594545511 3461.26913814343 -160.990601507735 -1.96620595303451
213040 22948.540818031 18940.2230014977 2133.54401908889 2200.43263646504 1.00173068895929 0.0832796867709185 2251.79377425452 2290.3514106411 -207.323163986489 -1.98171032716107
213080 22966.5981438403 18981.6621993844 2139.68651750554 2247.68489831141 1.00392236939756 0.0919165409369028 1337.6501603631 488.770608399969 -27.4260941432887 -1.81098932762799
213120 22896.4418368966 18876.0100162224 2157.6357685127 2222.17056627551 0.998334524195287 0.0829619272879632 2083.5041888249 2094.78563824627 31.0810973477704 -1.96909999862192
213160 23027.7737704982 18960.2576329978 2194.23538172946 2223.52993771103 1.00279030189067 0.0864123133857689 1915.50985085976 976.722339282042 117.490344336424 -1.93606559121879
213200 23055.5768765502 19036.2444872312 2172.15596925903 2225.7274133841 1.00680917557748 0.0862309665634842 1396.79401890457 1478.15412927346 237.066877577752 -1.97416164479521
213240 22873.3097182297 18887.676091688 2115.68805879823 2189.0638340365 0.998951532021047 0.0741409535549915 4175.46110750009 2081.57574620311 262.277650173262 -2.10422160870068
213280 22846.5337029024 18846.4243564109 2177.8742587508 2204.7647492873 0.996769766304951 0.0797507720801687 2629.41430848696 2989.54056845054 -927.954565296152 -2.06411688074837
213320 22961.1876068423 18936.8022110348 2138.52104943659 2202.22279213818 1.00154976654951 0.0801585424084749 3113.40419218294 2117.22616628798 -902.358860303687 -2.04124214973991
213360 22898.1128641031 18754.6317572197 2188.28785729703 2271.12394327653 0.99191494154276 0.076446520461326 3402.90000563648 1861.14185525608 30.0930114331438 -2.06606262208072
213400 22922.9997020497 18923.8515997362 2154.12451762894 2188.58534086767 1.00086482082434 0.0811045374165295 2531.13086264201 1825.04575098756 -598.191747412738 -1.93854176455464
213440 23038.4640637573 18940.7546344065 2227.76642709981 2214.04347648867 1.00175880652686 0.0810892975573745 3225.55469618896 1253.39125346289 -751.582151250806 -1.96522780739794
213480 22974.8444604729 18855.7606141617 2255.14028278332 2229.44565030309 0.997263552249726 0.0669449100346579 3610.57304131906 3376.65375849966 940.444907581557 -2.35110129204225
213520 23106.1111881988 18962.9804233243 2219.38077434671 2221.89597219556 1.00293430772574 0.0696906064166714 2800.24929038057 3103.29460433945 1052.70660563097 -2.29177774152529
213560 23037.3266416057 18904.7026305805 2247.71855764961 2202.49814034816 0.999852049746422 0.0721506350181907 2944.98068846998 2367.13955516119 734.786682734204 -2.18708882133378
213600 23017.1003655891 18889.4307696145 2266.51418010579 2209.82988373881 0.999044335296284 0.0654081879703764 3767.55629091615 3950.23466170615 410.382369937886 -2.38997167048994
213640 22991.4074276481 18868.9199878234 2224.92279238775 2172.46742596973 0.997959539221123 0.0560391381942958 4147.56784431688 5519.44820248127 1324.60249222797 -2.58114273025072
213680 23095.2837545936 18964.3360354714 2226.43804745717 2132.74662645361 1.00300600478495 0.0702299637762476 2360.58836962587 3906.15436662194 -50.1700437474841 -2.19663778993965
213720 22960.3179965314 18888.7567409225 2233.59413698544 2122.07568280821 0.999008686548856 0.0728181615023042 2367.19278987833 3033.99148117809 -107.734041804813 -2.11319834004396
213760 23242.6033549846 19056.0984585043 2272.31138946901 2174.46000148608 1.00785923355834 0.0859965010254357 -0.53010942015967 1462.5591099876 -753.446888128596 -1.76576244806212
213800 23027.4648220886 18855.9095950242 2237.61942179601 2167.8715781063 0.997271431708277 0.072676766296541 1775.39804383241 3077.35699346893 195.344600360579 -2.09261360346344
213840 23048.6811363346 18895.410616946 2262.1906768758 2168.75145956057 0.999360603831601 0.07002071834942 2131.83278964817 3356.244185115 222.497375433083 -2.17079502928646
213880 22913.8731951765 18884.8049821906 2196.53196077099 2131.78707494477 0.998799681723684 0.0742105677055904 1006.51258943759 2692.71024185496 430.141923969031 -2.00396851109122
213920 22973.6495096496 18911.0776888878 2218.71340290864 2127.40510990764 1.0001892206208 0.0646578750722924 2537.49961837624 4317.06702467573 540.222235413816 -2.31322591633377
213960 23076.6733344386 18980.4815264766 2277.20886734811 2144.1525924711 1.00385992471118 0.0681703827723976 1699.97991922767 3852.5276611915 467.441695449311 -2.22276073252514
214000 22970.9437987717 18812.1729254894 2302.2685167257 2147.80219714053 0.994958240142239 0.0655788719946731 2864.48855246179 3320.59452010062 540.052085978963 -2.27905020232766
214000 22975.1777533358 18812.1729254894 2303.11559161891 2147.80447711399 0.994958240142239 0.0651758806186611 2896.09759378897 3415.66072122519 555.041700949182 -2.29186655125776
214040 22981.6823802432 18953.4898168007 2279.85270696845 2109.62945184137 1.00243235841865 0.0715291463117234 2386.77672340038 2259.51075823662 -57.3210738509867 -2.08314761316455
214080 23023.680424046 18870.8041285504 2389.59659676382 2115.97030120186 0.998059189662853 0.0637499974339896 2843.74962694097 3980.76900024634 401.517085636622 -2.33688039631173
214120 23184.3926505146 19000.8252631938 2341.50095856917 2141.40482053075 1.00493588592854 0.0595536476858901 4790.37451833133 3431.77222915149 272.524019921027 -2.41000458406104
214160 23002.6565599707 18897.8375322464 2293.29163955195 2109.79506193429 0.999488961113126 0.0634688573000921 4251.56827709815 2905.38170241156 -148.9005465958 -2.27403041573349
214200 22947.2797022915 18848.3180574686 2268.35533326152 2139.50043105108 0.996869922383638 0.0701121547679312 3665.42084597352 1454.53369978654 -471.386667611568 -2.09176428612552
214240 23095.5012091215 18871.1557450583 2353.32396809868 2131.6655556623 0.998077786331258 0.0689984893131065 3666.35225442558 1568.36562621806 -338.318709667178 -2.10836610544408
214280 23142.1587324049 18934.3714470001 2359.58071829904 2103.05924165166 1.00142120571203 0.0614553849637756 4012.99418087466 3496.01080736488 -147.589908651494 -2.30690854677571
214320 23142.1806267549 18894.3444815229 2335.15128769359 2154.17204991437 0.99930421692571 0.0655902744451045 3603.35577119802 2131.10617630826 63.7092020189443 -2.20366903183764
214360 23149.1042119393 19045.0253558548 2278.69699082735 2120.73324694394 1.0072735875105 0.0635406675579133 4173.57837608923 2339.26531862608 -104.631393318109 -2.26867357663715
214400 23018.6479886606 18947.6406185553 2255.43890000162 2119.63390536738 1.00212299979137 0.0539132893039875 5976.96815771037 2976.16554032065 857.237091597422 -2.52259803498989
214440 23176.1055337726 18934.4236268016 2367.64539556068 2128.36661666318 1.00142396545295 0.0705368601532329 2722.23653692218 1405.27076502942 -556.857970948354 -2.02747704192072
214480 23220.660053315 18958.0798809797 2310.46378152932 2130.98032012172 1.00267512262222 0.061835714546763 3514.06359280243 3154.49205859611 -166.821012842837 -2.24193407585085
214520 23099.4787411806 18921.9164772489 2304.67263467815 2109.47206119464 1.00076247400497 0.0629215051892758 4000.94942242919 2325.14600367142 -246.713647936004 -2.20707276722839
214560 23223.0155468915 18908.6671170002 2338.65338190558 2154.99354926458 1.0000617277271 0.0577152703583849 4362.09702504814 3167.40468078117 289.94622303028 -2.35911814188815
214600 23424.1256028943 18995.4838040252 2435.62529730199 2197.18878328327 1.00465338114638 0.0550506699144379 5187.69281655033 3732.2085341046 -173.770160972082 -2.48852526412467
214640 23282.9417467304 18971.9232533323 2374.08635661195 2149.82347625406 1.00340728564497 0.059943767233252 3147.47161319398 3777.63630517368 -167.635605063727 -2.33393273486645
214680 23370.7284584416 19051.2136831907 2364.02354453797 2181.12147109585 1.00760088235836 0.0630043627487305 2585.45007591125 3315.29132361608 -327.098752647149 -2.23601386068595
214720 23234.123455943 18971.8542861263 2392.44801176896 2126.26331031061 1.00340363803392 0.0694144255434775 2094.97839493624 1845.15224588552 -1094.866580684 -2.00135152896382
214760 23175.214479069 18893.6649739522 2374.0813976842 2118.48792967534 0.999268278405512 0.0563641545648036 4171.82037894344 3893.90195740711 -203.916578733059 -2.42755244826114
214800 23332.3278311176 19005.2627409389 2332.91689910796 2180.82256230706 1.00517057997826 0.0488582122065 5035.00281916451 5423.59747664307 145.92402961587 -2.66231741026766
214840 23286.0953799151 18983.6659248332 2387.18240460384 2098.10130115896 1.00402834456344 0.0585029085594355 3181.88638867159 2892.78330554428 697.92380480057 -2.33543395429364
214880 23184.3052920579 18864.4521851017 2389.56838059606 2114.63272930241 0.997723241311738 0.0602157879367611 3312.20150254192 2497.69811909066 126.449377568559 -2.249606953756
214920 23248.6829680939 18886.7032774057 2370.34206485234 2177.03157235132 0.998900080783062 0.0487299592725127 4355.55222733731 5099.26783768289 837.196412886023 -2.62264868187389
214960 23320.6048537437 18881.6862560181 2511.38150640659 2126.36395337193 0.998634735211852 0.052906208419348 3334.73760123605 4830.4687855826 407.246179181554 -2.48141046217342
215000 23367.0546604849 18892.8167522376 2538.90301129665 2108.08769085076 0.999223416751954 0.0466574829368426 4665.90992198037 5527.08928294539 796.982226275533 -2.71618433703404
215000 23368.1670072024 18892.8167522376 2540.01974255805 2108.08807244482 0.999223416751954 0.046294191902 4695.61918500868 5622.19753604982 813.62137176237 -2.72842563468208
215040 23389.1469521903 18974.8838019905 2442.06576867162 2135.98720157795 1.00356386629594 0.0549226559149354 3187.25825993802 4150.79885978851 251.899960659712 -2.42186102297799
215080 23342.7910328589 18911.616891615 2505.02144250855 2119.85074770536 1.00021773854899 0.0511477861356183 3440.38786811296 4568.07851865317 923.657061351454 -2.5332289750296
215120 23227.1678514238 18910.5350120714 2391.65229694619 2122.12011647824 1.00016051895128 0.0554453499892057 4384.26241877012 2363.78714371179 375.346035026403 -2.3410938183573
215160 23204.7720476682 18905.1736738847 2400.59989313105 2072.072017143 0.999876962786442 0.0465648204969852 5679.24120406298 4186.52677090659 710.779481823079 -2.67397673209686
215200 23242.7427609384 18867.9603136854 2457.69580617902 2088.70431178784 0.997908782953082 0.0463840596484982 5104.24900524929 4797.72136810044 688.024228289588 -2.66032302854756
215240 23227.4759371312 18969.0673559331 2339.90230387783 2085.8258301907 1.00325623990126 0.0503272634513202 4546.93425744761 3923.79432405403 372.055136600434 -2.51096578031948
215280 23336.7195487854 18984.0073663971 2480.4814010804 2046.63662783199 1.00404640308857 0.0573500710365699 3370.55347655214 2587.96400004706 -75.7461661139717 -2.30111820599863
215320 23107.3394866844 18878.5155294061 2406.65130679918 2010.4265041083 0.998467038445386 0.0494476917545222 4346.69478515296 4529.63190914757 149.737586739868 -2.55375895058442
215360 23268.190118764 18915.9926340611 2468.46393993195 2040.90942935708 1.00044916747646 0.0493500411302335 4741.11276701604 4499.07634308328 -280.753603876938 -2.52305962015632
215400 23213.4403250837 18835.6973328098 2496.04502227338 2049.08942056987 0.996202424054464 0.0505303162601962 4741.19305330004 2989.60835269382 591.295310282434 -2.4983633518876
215440 23240.6996854888 18873.2235203504 2493.98645918961 2037.42107291321 0.998187149033476 0.0405265115773653 5356.37243021917 6228.05538206146 790.683677384771 -2.87375725743667
215480 23347.5926780572 18895.9949603414 2520.68054603821 2066.04851717255 0.999391509207531 0.0509268146266853 5405.51358862692 2298.08180258681 254.104460412072 -2.45360840654984
215520 23339.2892127093 19013.5455418958 2459.6612104393 2028.15477504232 1.00560864957799 0.0511291375530757 5857.53215806106 2466.44988679423 -561.04516204277 -2.4219307261003
215560 23289.3721090396 18847.5509124362 2477.02052775534 2084.86275295805 0.996829348800012 0.0428221593151598 5636.67396742753 4933.90715416212 608.350118204929 -2.69418586046331
215600 23428.9518514886 18915.484754713 2596.82958587788 2079.32653092812 1.00042230621251 0.0548919350941178 3164.72478892501 2847.82436059343 -90.1086943858452 -2.282551790121
215640 23386.1750287207 18930.4411659873 2557.80682074202 2057.53873547926 1.00121333682334 0.045290243500689 4700.37311592014 4863.29756735153 321.089553569312 -2.63767181899868
215680 23437.7139069092 18909.5929475248 2617.98176998394 2071.59379179258 1.00011069403807 0.0450440367475588 4883.11931390166 4450.60372254365 642.89678158536 -2.66671477316049
215720 23446.1520116415 18997.664359393 2513.93426195738 2060.77354836155 1.00476870868137 0.0481020065667476 4649.08956731314 4532.03288664379 -705.245284996917 -2.52260056127869
215760 23557.493569049 18945.8981080353 2589.71247254412 2105.78435427757 1.00203084003889 0.0437064294197481 4361.11053735342 5351.80103316117 553.893795973835 -2.68969616242861
215800 23511.82452678 18917.2514531836 2626.00051104555 2106.38155527073 1.00051574524308 0.0406459507240363 6136.46744137202 5174.75802252894 199.286993223194 -2.77293231996754
215840 23492.8265098209 18923.2741360465 2637.26647761011 2080.99000483716 1.00083427930961 0.0420463156990082 5035.51029498388 5461.64140576568 312.590097766777 -2.72053432900917
215880 23606.3988889039 18968.0370412032 2661.49370542831 2103.89755391317 1.00320174751835 0.0444460186265924 3757.63506306325 6067.59064562352 -114.841299504511 -2.68616820718559
215920 23323.563861578 18801.5631822528 2611.53093485672 2045.05182082786 0.994397100740593 0.0463077633027602 3259.34670659499 4653.90837263838 881.663178758213 -2.52100160894202
215960 23325.1689113138 18923.9501156503 2551.02116331631 2002.76104884817 1.00087003123894 0.0428775872867006 5285.54816639431 4746.02792472594 202.568059040763 -2.66237401043124
216000 23296.9069408133 18887.0691545035 2502.95929259637 2058.05582473147 0.998919431680735 0.0422769008913163 4776.0358373117 5290.79522172446 348.183746073098 -2.6058738996177
216000 23297.9247485594 18887.0691545035 2503.97979389508 2058.05510356294 0.998919431680735 0.0419753342358739 4803.64867451104 5381.14824092261 363.691479105737 -2.61743258896547
216040 23321.1288132428 18899.3571969039 2576.3025067346 2031.58644615766 0.999569334756255 0.0464985775713767 4048.76353907356 4329.29762818115 43.8912882387948 -2.48871160316325
216080 23495.7381175495 18963.7285100846 2632.40536727882 2084.56463581461 1.00297387333516 0.0360457107209361 5842.03701364844 6383.9244659057 815.368261311086 -2.95134037427127
216120 23566.8854859686 18970.4519007372 2672.85852204995 2076.28603529352 1.00332946718166 0.0390742049679156 6015.95891010737 4940.84364207471 531.790094470698 -2.80728558375801
216160 23461.1468892332 18973.5498721195 2596.77463261754 2054.2516268165 1.00349331599204 0.0431144688631866 4464.25077804507 4804.76550458847 329.070309553561 -2.67442032513489
216200 23461.4181226983 18842.2574563214 2694.20171464679 2070.59622659835 0.996549382854499 0.0367249972192618 6389.07228754033 5873.67592411509 194.407760251404 -2.8941369711829
216240 23627.1503254113 19021.1938294459 2692.53037042416 2058.94066756891 1.00601316035678 0.0391222572812431 5991.90115162241 4908.127610323 345.476538161673 -2.8321780953709
216280 23352.588316765 18840.8896759698 2621.55364676161 2023.35961199028 0.996477042230324 0.0397534385487126 5902.66068941472 5083.14526489172 -40.5149541498489 -2.75067539593732
216320 23520.1730935803 18857.5323169304 2770.38829779061 2063.43566118934 0.997357255952952 0.0373479286375501 5595.56928444523 5190.2234800953 1102.45328892429 -2.81508759973779
216360 23523.0164689257 18929.8146249029 2685.06120137357 2040.24777430633 1.00118019965108 0.0406817301050574 5113.63515191203 4715.88853261234 495.944925423575 -2.71650375799447
216400 23530.3490876309 18941.2524196182 2673.83218347863 2054.55120239684 1.00178513392136 0.0421851577512695 5849.45352984373 3907.54547861371 -284.543193989777 -2.66874871960945
216440 23514.405948854 18963.7486844287 2678.43125245791 2016.54376929234 1.00297494033737 0.0386188753696119 6711.56065737891 4459.63612780897 39.8220093905193 -2.83962470293285
216480 23650.4251937961 19055.0749895846 2728.10863546316 2019.86367171686 1.00780510324393 0.0415563124614494 6236.43071506198 3144.51723957866 266.49594548868 -2.74172821576618
216520 23574.9029647862 18952.581391154 2743.60636033785 2064.33210523074 1.00238431263541 0.0387041707879747 5718.84578961975 5385.89774191438 -200.797431019815 -2.76178994400245
216560 23440.7290127331 18856.8009765449 2726.49346919424 2045.95481265573 0.997318576043626 0.0339782323706611 7586.94847354111 4796.10831604588 673.721116999965 -2.90381636991085
216600 23512.4666383442 18951.896032388 2677.61300501218 2035.25810752045 1.00234806465096 0.0383870452577735 5711.0218290733 4767.32584326435 321.410546098734 -2.79348746672168
216640 23446.5661594326 18935.7229816282 2659.42370915695 2028.02661274889 1.00149268711507 0.0348196466098408 5964.10708770882 6726.44727504813 -237.218206696199 -2.88181986354104
216680 23475.6123974119 18858.0771814991 2737.34335516848 2058.24402757943 0.997386073330643 0.0361314505526492 6414.99789201855 4431.16376415176 884.567588155301 -2.88159432306609
216720 23494.4249821194 18836.5380507373 2840.94003571787 2040.73569531764 0.996246888839738 0.0312855815344643 7334.19771715703 5605.78173819145 1205.10642399176 -3.08312795657947
216760 23385.8769331926 18866.5958023878 2721.52800798532 2010.66780229443 0.997836615226118 0.0313677261558297 7425.15877164738 6541.55036926166 -21.7931195863401 -3.04167456167956
216800 23501.7583489124 19029.1531869912 2675.06753566998 1995.84313440397 1.00643412333684 0.0370013525686369 5032.43672649611 6067.7016091231 29.9096856480433 -2.82798495581469
216840 23422.3818129363 18856.6564858522 2749.02584862912 2004.76339190272 0.997310934065962 0.035538941541679 4963.71961407381 6380.63866259816 321.248886849475 -2.85857851788964
216880 23495.1729691598 18930.9317386178 2729.21128706943 2014.48210515991 1.00123928275117 0.0337446354353786 5909.75370823081 5581.59172189068 1001.91870415349 -2.89055343217671
216920 23569.1319606483 18920.7834416395 2781.64956382451 2024.08455784079 1.00070254881076 0.0420696412209582 4358.59301265246 4518.96969162317 -660.585043580662 -2.58505897616534
216960 23565.5855668445 18974.0619114054 2724.2288829575 2025.29259770777 1.00352039727121 0.0376711781573297 5129.37269156577 5334.26830873813 7.66251683201044 -2.75300147199003
217000 23568.0556140684 18923.2426034193 2799.71409293373 2008.30160411687 1.00083261157844 0.0369751557225859 4075.8132244031 6165.46709135705 372.523926802037 -2.75341580472797
217000 23569.1013650682 18923.2426034193 2800.75868615701 2008.30196885857 1.00083261157844 0.036719262002791 4103.09668826635 6252.30276471909 386.240031994757 -2.76448131044633
217040 23516.6521640622 18948.5645963081 2748.59805962709 1981.24383661556 1.00217186811097 0.0372107636214861 4440.88857433485 5775.82945302346 242.238802955058 -2.79858574931008
217080 23465.0108795516 18854.0448043827 2805.5722190852 2017.85581394055 0.997172804674481 0.0331812163832794 5299.82770195166 7409.475106368 -316.685610218357 -2.91991998487258
217120 23436.8507784638 18835.7521035745 2749.90394131661 2037.01670025249 0.996205320829009 0.0358015482102263 6127.37441410018 5111.60035375129 -300.805371806853 -2.75404357640433
217160 23632.0974458834 19029.0594986868 2755.01621428508 2019.75273662805 1.00642916824999 0.0377067042356669 5383.97079050782 4879.78437135361 -383.006183600503 -2.72150450355041
217200 23727.9147134423 19001.164730468 2862.15610047123 1995.32697287874 1.00495384003533 0.0372619827243352 5826.00989407837 4525.26460153091 -268.724104374033 -2.74965285531485
217240 23577.9861447881 18834.6241551252 2865.89557948817 1988.99081683638 0.996145664689949 0.0319127950996747 6935.62786741722 5618.21149954996 220.481028573198 -2.95183849149844
217280 23627.9740152282 18938.3663333324 2837.57545857438 1988.01956853818 1.00163249151566 0.0335380859811146 7237.86054205561 4909.16600445446 -352.580256284439 -2.88342579454572
217320 23710.8878426479 18985.6654596775 2895.15080189914 2013.41973732292 1.00413409809216 0.0293141021359175 6199.49732082714 7241.36537218541 472.619478762991 -3.06421183266623
217360 23516.1527096743 18824.0328390561 2868.518562136 2000.36366835714 0.995585499883967 0.0300656590195461 6455.50548709751 6410.5172319216 614.756023071214 -3.0493412627381
217400 23636.4599880858 18876.6935204047 2897.1792222133 1997.54925400505 0.998370674092538 0.0297229148943023 7602.93731999819 5970.86861480591 59.4084788163131 -3.08296087403442
217440 23830.9956844687 18985.9547599995 2992.10430301573 2001.45551755062 1.00414939891575 0.0287172794928619 6574.33251853514 6903.50427119954 649.807010293639 -3.1261067176874
217480 23663.0950780013 18826.3815179737 3014.09439441087 2011.22767678256 0.995709719316339 0.0295127384817188 8058.60334415654 5537.10199540376 -86.8475898865045 -3.06490139494426
217520 23557.767681814 18869.8773775462 2871.11115287133 1972.91631285782 0.998010174668583 0.029679548738139 7030.57623495338 5593.72969593334 916.193924714659 -3.05390370565437
217560 23578.6211927752 18822.6382391097 2873.08816786797 2016.08182368641 0.995511740796492 0.0296982719057243 6847.60431795535 6159.04808650285 367.971541974372 -3.02303845225198
217600 23825.6241763508 19017.5810835114 2936.84585591634 1992.24120811571 1.00582208560156 0.0290191473831517 7407.31612131916 5787.2157504824 457.872026598039 -3.09950138052785
217640 23746.7035713034 18860.4112690123 3031.84711240675 2003.0492607287 0.997509521037274 0.0320537971540016 6358.05664373387 4906.02672337553 625.311639334885 -2.95022223343321
217680 23931.2368448729 19058.4084934814 3021.43053178797 1983.96173238809 1.00798140914882 0.0332008846199706 5392.93382312352 5560.75882515193 226.371139551521 -2.91004807458956
217720 23786.1446306039 18940.3100459528 2974.19568360063 2006.41596782209 1.00173529265915 0.0286293046804609 6585.97912725138 6712.28014313808 333.70943209443 -3.06298117116639
217760 23776.8481522608 18977.3578514939 2993.75426883669 1945.96977349885 1.0036947164614 0.0281507163393934 7223.70698882981 5971.79107657401 674.09087967541 -3.12391627046258
217800 23659.7482810764 18894.52143784 2964.87503649067 1956.53308767729 0.9993135759799 0.031309966520057 4489.14779733895 7045.14921929136 497.690084221393 -2.93977263591141
217840 23668.2012517612 18844.9307729521 2981.2886283396 2015.55254144258 0.99669077207204 0.0294604415791158 5418.11647333111 7594.3800400206 -32.1070330362385 -2.99223471204063
217880 23699.4443652388 18895.1758172199 2933.80058151123 2014.44715217321 0.999348185493584 0.0206439734123795 8334.62976348675 8407.84513065286 1145.30711219868 -3.40485663072021
217920 23718.2219181561 18898.9769707654 2942.54374809068 2028.88035332775 0.999549224951234 0.0273174434573936 6344.55729681271 7246.64949021845 402.483392881158 -3.09047778704018
217960 23735.5526887341 18854.03740238 2987.90984380979 2041.88891367856 0.997172413189473 0.0230446632628527 7435.10191760083 8680.67241868473 242.956500269314 -3.30243239037323
218000 23809.084711464 18941.3567655304 2987.26978773019 2038.61683496245 1.00179065267912 0.0264863722556124 6605.46425945566 7293.36253095778 406.797011923845 -3.15348549014158
218000 23810.2108741769 18941.3567655304 2988.39392131622 2038.6195526215 1.00179065267912 0.0262673626361525 6631.70082170494 7376.89568754601 420.042290566068 -3.16412360456551
218040 23879.6745047953 18980.9060113839 3018.56651991773 2028.49910499503 1.00388237532111 0.0305635819160268 6450.83656276764 5953.79747755205 -438.324475931531 -2.97397225324587
218080 23760.2191925366 18890.4002653237 3012.08024779569 1997.13971059697 0.999095611018046 0.0274585888434482 6162.03099583372 7426.22519628804 71.7038807943509 -3.11768498766594
218120 23874.8941288468 19007.4660312228 3017.68623715806 1983.46483007683 1.00528710994171 0.0245444170253125 8162.45950897486 6826.2320697999 259.592157269393 -3.24308385745146
218160 23828.3174954377 18903.8047393005 3040.32360161063 2017.976852715 0.999804561115986 0.0289053940441558 6927.18767989732 5469.8695537159 320.036675335679 -3.07495016501825
218200 23745.8171232325 18910.7407430567 3010.37379996051 1972.10988967631 1.00017139987078 0.0258224534548299 6774.80365797884 7542.07120137056 146.220543414874 -3.1744952960277
218240 23696.1993230924 18843.0354665126 3012.04725916492 1974.94925620629 0.996590531086215 0.0247599554185223 7742.63603250863 6784.84771513583 381.864126637578 -3.16660326544592
218280 23892.9234289131 18942.9552023798 3026.44841761224 2076.71153206095 1.00187519250984 0.0253604907448332 7283.25451515052 7619.15793008267 -346.035748350063 -3.14973304697166
218320 23987.8605089641 18956.2213515261 3103.80653094511 2050.47908406322 1.0025768267368 0.0275344235439139 7039.48346307931 6487.23642777836 -385.023504577098 -3.06675448295754
218360 23805.6026007368 18876.5270038529 3074.91865571113 1998.78920888232 0.998361867187777 0.0202019997947786 8444.6987226505 8495.41536544617 499.009440549275 -3.37182616195547
218400 23895.7725411632 18960.4424898603 3087.36266864365 1964.82716280522 1.00280007879732 0.0243240807269131 8327.48542472208 6906.66470294585 -214.4570121474 -3.22861101273604
218440 23854.8788128337 18909.2822617784 3111.19229510961 1944.80541275566 1.00009426215937 0.0222490270382716 8353.21473548189 7240.11204452891 572.743390414374 -3.30811088633922
218480 23812.3969348062 18887.173646882 3093.56691264254 1949.72726663331 0.998924958184951 0.0211884619905541 8642.6518876602 7848.82884948443 169.976493435133 -3.35008654240283
218520 23810.4063420102 18850.3033337338 3117.05322828306 1977.57034549873 0.996974921789436 0.0208784406024753 8488.36387388108 8359.48783209351 32.3173256116781 -3.38771926623514
218560 24012.297321066 18931.99279934 3221.92502856495 1992.73260011821 1.00129540126088 0.0214664509845067 7845.84232576223 8133.55243275198 447.410744513255 -3.40846765234925
218600 24094.5449148396 18954.2161377891 3266.59854196867 1996.7026578816 1.00247077285676 0.0238362565630768 7729.32568344669 7339.74957832504 -65.2121122573494 -3.2891278673056
218640 24069.5532624837 18988.7001866016 3227.90125724528 1972.39208842373 1.00429460196227 0.0245904726216415 6832.29141748722 7339.2823071944 217.230515222976 -3.22051160825322
218680 24039.5142807786 18897.5103349798 3272.43004588247 1953.80287457942 0.999471655955562 0.0197288762362433 7763.32898125323 9025.61774492654 512.720077588287 -3.40145900457847
218720 24045.8632255173 18926.706922507 3260.9151123869 1950.35301612582 1.00101583617649 0.0194208421616185 8345.98941462616 8560.75752957106 572.908210252402 -3.5146140626209
218760 23995.5241218319 18965.5608351318 3203.13655655201 1964.63933520926 1.00307078329403 0.0208852499133294 7477.16461916405 8491.86574212014 604.000176483463 -3.39979126678386
218800 24096.9503152396 18933.7025658476 3308.76605381033 1970.75548526401 1.00138582921315 0.018532022316228 7545.96707231081 9464.84333577834 980.497908738315 -3.56764147188306
218840 24143.757733772 18966.2464536878 3306.2035781306 1978.69938692668 1.00310704501853 0.0167319288953309 8116.31248158033 9330.22093512978 1560.74658303937 -3.61518483987073
218880 24047.4675018759 18866.8413021113 3302.2744175543 1968.84854251706 0.997849599476998 0.0232930017755003 6893.01151554327 7651.94585265049 325.151466811239 -3.28497317781343
218920 24267.840632586 18989.337044351 3385.71839596168 1981.0692028773 1.00432828477329 0.0215463380199134 6474.81542315479 9007.06037262353 400.686311721485 -3.39162215850244
218960 24219.2204381947 18931.7638754784 3415.58980389689 1968.2538858099 1.00128329369184 0.0166274302621127 9046.33586353371 9751.71458869316 109.8708859303 -3.62802083562914
219000 24255.4373908128 18943.6065205303 3438.22372927669 1956.98291708246 1.00190964011796 0.0190938189923351 7612.97979309986 9391.4186352868 341.299993909874 -3.51281896457129
219000 24256.7205045214 18943.6065205303 3439.50331107477 1956.98395779986 1.00190964011796 0.0189041959538292 7637.86140131713 9473.33268963826 353.504276887108 -3.52308534575852
219040 24363.037056034 18966.1470106714 3519.87251849844 1962.2520062282 1.00310178557035 0.0182017131794383 8451.01291404333 8774.27937302895 610.668479128781 -3.56417954693506
219080 24245.4427258764 18929.5763567514 3462.65652359584 1960.35491092799 1.00116759787129 0.0178112537268017 8225.58609592385 9019.49157179297 786.526935160335 -3.58091010406296
219120 24309.939417965 18897.5483787866 3557.81404371159 1945.78390404194 0.999473668056938 0.022701026566092 6641.26588284513 8076.31702107355 145.967196209812 -3.29371307375037
219160 24355.2647462486 18936.4072023584 3561.6430266269 1955.75167836055 1.00152887490987 0.0216171857371211 7074.98049726484 8372.9401000534 16.8128625003421 -3.40765008641356
219200 24426.9443300275 19009.2102819228 3598.45292060221 1938.2679431915 1.00537936173068 0.0168612806499842 9302.49284786484 8847.4338764704 384.754176900917 -3.66040382401731
219240 24396.723315196 19046.1645788061 3481.38614833803 1970.47831905455 1.00733383994743 0.0164641221888461 9364.42134520381 9188.21263151487 194.349686384465 -3.65180072165929
219280 24465.5158906457 19027.3538259533 3542.86265019127 1994.00608152063 1.00633895681361 0.0190132444890995 8963.76042379711 8268.4688990844 -153.871634012832 -3.48351549044273
219320 24324.7550115092 18861.1587448801 3543.59133727784 1980.10107302683 0.997549054337173 0.0177661463908182 9094.46253520188 8498.42597268299 189.956391066492 -3.54789820646194
219360 24517.7301640779 19006.6511305143 3607.63948290411 2000.16061543522 1.00524401060502 0.0185032101327851 9144.00804086289 7497.24043096314 655.679284339867 -3.5640735137187
219400 24541.5817543591 18961.6072570736 3659.46688858253 2003.67395447209 1.00286168224639 0.0112236792467892 10651.9717055909 10116.8886491539 1217.27985285821 -3.92438982904672
219440 24379.7693652747 18878.6914652903 3618.48326608181 1964.02093397514 0.998476343529831 0.0188892548829356 8681.97850484716 8206.68180296609 26.00773117775 -3.50133948681935
219480 24478.4582228055 19005.0003677282 3626.59920116754 1953.86939783376 1.00515670330442 0.0175522613583924 9499.44016933511 8177.94903155864 44.4603774256092 -3.55901006847867
219520 24383.5289002203 18847.3536961489 3676.57276922132 1964.6113396771 0.996818918214939 0.0117344392918425 11445.470022564 9472.23247906257 650.741687439165 -3.86279561871653
219560 24369.8746739292 18915.1446139641 3643.63387598299 1940.08287851648 1.00040431648627 0.0165981586409211 10115.6759430729 8211.9482588672 -39.6182089805563 -3.63851355119888
219600 24325.9244679722 18912.6311226438 3573.77637489379 1945.05115866638 1.00027138027999 0.0130543203908121 10078.2941880839 9590.99293417319 919.987811590264 -3.78372976030176
219640 24395.5105485731 18904.6900561683 3661.23732332305 1953.14373448186 0.999851384697517 0.014030161187649 10226.2443060647 8649.94327552766 1060.10946589091 -3.75131668432941
219680 24585.764229414 19036.2906904458 3724.29489290581 1967.99059949618 1.00681161922231 0.0116029335714081 11036.79816658 9807.35987109781 708.515649839902 -3.89757893888392
219720 24526.693877261 18926.7137840589 3777.13602224885 1940.85887039985 1.00101619907756 0.0188569684344162 8115.97493687117 8286.55682079354 175.055671595923 -3.50034192415815
219760 24442.870245588 18864.7060044196 3754.57630109628 1940.81136675398 0.997736665578187 0.0157573364384728 9350.22923986844 9867.00887992883 -631.641614211291 -3.63971305069489
219800 24455.7619640129 18944.1418418291 3680.42712795579 1946.05705599701 1.00193795276102 0.0157941599809605 9801.66322656946 8310.88357893889 450.412422861226 -3.62966533700876
219840 24402.3331496818 18843.765653919 3722.95018992632 1941.8881213674 0.996629150015551 0.0106080757908283 10494.6758354012 11002.4685565204 640.914196311405 -3.91433080371762
219880 24690.3577801917 19029.8335217769 3824.9948329869 1934.43441075229 1.00647010560767 0.0138042065332368 9299.71415265229 10460.0821414198 77.5669911204779 -3.77772489350141
219920 24577.0350534735 18924.2355166012 3828.22409736063 1944.7002196225 1.00088512582844 0.0129683715348608 9227.65614111536 10012.0633143517 1186.62166792036 -3.8521394088903
219960 24580.1648234949 18906.1134248734 3853.93072829493 1939.08574595975 0.999926665337747 0.0134465177715053 9294.26710448677 10278.7558249509 448.204579271256 -3.7427961063009
220000 24859.47995028 19060.5280773267 3927.62793031132 1960.59713872812 1.00809351195699 0.011513283947082 8736.25989863358 11706.4829239992 856.288853899442 -3.93585314298146
220000 24860.9370711781 19060.5280773267 3929.08009279376 1960.60109424144 1.00809351195699 0.0113494409328338 8760.64404627714 11785.6428171897 867.021981849669 -3.94568043630764
220040 24794.3154487871 19037.3250865228 3893.81273230071 1966.27556644993 1.00686632746385 0.0119719325015242 9589.47000794074 10771.5218575542 691.591658038472 -3.86670119147811
220080 24684.5071654229 18888.1232488263 3943.7672342778 1970.28382017464 0.998975181744084 0.0130522026404921 9653.88362881087 10619.097331791 -87.2733702787309 -3.79005637589079
220120 24607.1860467782 18869.7061948117 3945.94381540953 1918.6502063929 0.998001120973778 0.016238536751025 8435.75597476732 9437.4040401954 73.7621894232652 -3.64586102497296
220160 24677.1534358085 18966.1263493851 3869.91612362238 1930.49339861853 1.00310069281423 0.0141288358889049 8682.710782636 10052.2235944692 662.301110151945 -3.77537875206512
220200 24568.6215757641 18872.6655046868 3847.4933617368 1912.28302545267 0.998157636106665 0.0106968145617064 10967.9719323074 11176.1812238585 -360.429836119819 -3.91802596032657
220240 24811.1136057563 18987.6961528997 4027.18174024815 1913.4935168706 1.00424149955836 0.0164693705415173 9349.31337416178 8440.32869310744 -173.215424212386 -3.6312803480891
220280 24688.6796039156 18849.6779360444 4022.56903170776 1909.66574693476 0.996941845090277 0.012760531080459 9645.88705005345 10408.0960810054 150.782761601817 -3.80713011066551
220320 24774.5627885419 19003.3091240931 3951.55617739996 1943.03035654066 1.00506725500955 0.00810263171108425 12011.8292159076 11366.2948169576 237.418022130398 -4.14656158290879
220360 24794.6636119506 18974.3261109819 3986.60851711575 1940.33220681554 1.00353437053984 0.0113562776194686 10681.1094387837 10352.8923024532 198.692465149433 -3.94610636278772
220400 24782.6883368099 18875.8430285061 4062.95496863247 1934.79644658212 0.998325692371076 0.0137469548188977 10152.4078774537 9226.93492525839 7.2613796027914 -3.78516741287117
220440 24854.8968398345 18845.2336678112 4126.97800247769 1981.47225376509 0.996706791897986 0.00805116564661989 11906.7078664283 10798.0998529483 813.302884967761 -4.11092959738646
220480 24854.4388233363 18892.4299488095 4100.96589593756 1954.72219588984 0.999202959080234 0.00641081177038197 10571.2677591816 13018.4805966728 1124.5243450656 -4.23926562702037
220520 24785.6170243706 18888.801595911 4085.65328442183 1917.72660843147 0.999011058887268 0.00828140825723592 11832.9992470651 10591.5494304288 908.012533740402 -4.1119540746472
220560 24783.2854619049 18865.2415292908 4084.12956535697 1935.37891646627 0.997764988988009 0.00914549167224705 11764.7504474362 10913.5568288511 61.8711274007313 -4.04722664888482
220600 24875.6840708505 18911.6214565703 4099.70966382005 1960.30811114031 1.0002179799852 0.0147509007576642 7878.06106369211 10474.9541566677 152.886455254255 -3.7299594179456
220640 24851.5351909716 18828.8350273635 4155.71604520814 1938.00636805188 0.995839483134391 0.0109908616385197 10526.3667816078 10464.1464961999 197.590862554365 -3.94536327558478
220680 24856.5970574222 18793.8939839005 4223.77757806241 1938.5639935915 0.993991484009019 0.00671022174852869 11519.8492513925 12156.6948941466 777.963895539006 -4.24453040588063
220720 25019.7364044996 19040.5238546075 4216.8928626172 1890.42457766756 1.0070355073176 0.00994116360352357 11488.8792417704 10312.7790925096 185.926203573129 -4.03994071192162
220760 25090.6167644998 18911.0074535219 4349.85202151089 1937.83686168701 1.00018550593796 0.00720812446858 11660.6997253342 11782.9276949314 630.41667556548 -4.23189664893201
220800 24968.7488525785 18870.6672573257 4290.41840556268 1918.42180850213 0.998051950671728 0.00855036889432614 10573.4067227948 11785.2744661166 677.869236283999 -4.13410133696798
220840 24944.9916599596 18839.7283030617 4314.31229453265 1904.9046641487 0.99641561830288 0.010627384677411 9183.0100180965 11706.8564035948 408.620370742624 -3.95576973990212
220880 25108.7993212373 18994.2568816118 4350.61153055165 1913.12492517176 1.00458849036688 0.00795725037574373 10592.6496226508 12187.4264760732 581.685406007298 -4.16696784474853
220920 24950.9289187656 18848.0845430089 4297.43313664971 1917.71693582868 0.996857572022154 0.00744506082765446 10577.3182207841 12832.5942524428 385.642644407423 -4.20721547167626
220960 25040.7135327417 18845.6732579796 4364.75651323162 1936.00198179159 0.996730041411057 0.00780286200904362 10953.0665013417 12049.6138123052 421.652254847426 -4.18066456657125
221000 25089.4066657684 18806.8317161868 4450.58394185831 1943.63887697965 0.994675748575263 0.00852733921133318 9734.1082606234 13132.3520618149 -10.1554237554552 -4.1374949873154
221000 25090.9081010551 18806.8317161868 4452.0856313993 1943.64068553357 0.994675748575263 0.00838534667350015 9757.19442882921 13208.6589420297 -0.287565780432082 -4.14688258453473
221040 25047.8817825339 18778.8358532373 4475.89840037444 1919.87258192146 0.993195073554798 0.00769090073254981 10831.8927884426 11628.1735260644 1023.2762756337 -4.18652065959596
221080 25256.0833166224 18941.7046434529 4523.46630376547 1874.33924784136 1.00180905161723 0.00604061340182071 10809.2630668401 13197.5045244833 736.437694061771 -4.29911805973334
221120 25132.7696482433 18894.8846220097 4415.41134675437 1921.10517723003 0.999332784451129 0.00307468961874292 12737.7941983861 13822.3543919929 448.746769239924 -4.47865881287334
221160 25314.7085437232 18962.4620990686 4519.07702646962 1922.85534419131 1.00290689404039 0.00819607538951332 11153.1906326525 11366.0473339954 456.015609098983 -4.16211417449814
221200 25342.2462370181 19019.5936314585 4519.26885307464 1892.52710037027 1.00592852738112 0.00489901925093199 14096.7542468346 11140.1624131644 343.294871304147 -4.39234575912979
221240 25212.3164793039 18870.8207230269 4531.87818266834 1885.86560879414 0.998060067329204 0.004890326491336 12615.6412389854 13135.583290527 -137.412556627878 -4.38676238893132
221280 25205.5320038299 18909.3547906431 4490.29657139655 1903.42093832686 1.00009809814323 0.00542044244535981 12196.0311547175 13129.2253101763 -183.711302401179 -4.32953920594555
221320 25325.982705427 18849.1442555867 4669.69824661508 1914.90405249331 0.996913619229763 0.00414909010565819 12758.9891728701 12553.9323301265 807.761073682962 -4.3865256628699
221360 25327.2094191915 19035.5779571886 4539.4617528204 1892.77523795351 1.00677392342661 0.00343703253308965 12407.0582452252 13838.4896203271 510.831444366519 -4.45877892802279
221400 25275.9109948935 18941.6585295638 4593.91066993514 1892.76905830034 1.00180661269675 0.00515788420184304 13314.8093980159 11337.8909832889 614.723775055192 -4.32927175113743
221440 25202.6148022311 18872.7893502922 4563.18735344897 1904.84834756778 0.998164186184964 0.00597801771754542 11804.4425137167 12371.4598987626 549.806531047033 -4.31275557182795
221480 25413.2484178332 18938.2595953295 4679.08736505104 1903.88049631403 1.00162684624247 0.00464925795236888 12013.1600386875 13063.3663156544 567.697510320946 -4.36647211820573
221520 25366.8979205162 18820.2744075276 4730.48318538833 1915.77403193669 0.99538671995386 0.00148488624672934 14192.9087037489 13530.8269933968 548.992436562738 -4.60243045452852
221560 25508.9184280791 19004.0035062212 4725.19000025447 1887.62069163963 1.00510398023119 0.00332390835683247 13017.5932769563 13040.5312380143 652.886914409057 -4.47705483423955
221600 25433.5535397887 18899.1691499203 4721.24453106553 1910.47880294486 0.999559389127081 0.00689744768977639 12358.439971659 11786.000131888 -359.210301562389 -4.23124183602713
221640 25545.795601069 18948.1723663471 4843.66050598186 1887.86953251516 1.00215112343499 0.00441481343084983 12755.4981671222 13892.6557639332 -761.624877006779 -4.43781042023492
221680 25498.6464225281 18921.9415878118 4811.22733832104 1888.76860551871 1.00076380207917 0.00352883032683771 13323.9467955064 13687.0235975282 -434.773564331569 -4.47558896375406
221720 25681.9223709557 18992.0337479683 4885.40528838257 1929.94372777614 1.00447091090669 0.000303385248521599 14343.0375504817 14694.6968543191 120.598727504504 -4.73206648759635
221760 25636.0955066515 18920.9458406226 4911.18923384636 1918.85253309137 1.00071113794116 0.00141422045903732 14804.8837761534 13234.621533163 218.16870899815 -4.61441230234742
221800 25683.1077476399 18934.3711535259 4986.37674365925 1875.02401357161 1.00142119019045 0.000152821653317956 13227.0761938109 15887.4802956429 197.844959046134 -4.75376280756537
221840 25634.8548927611 18894.6876343666 4977.10666423324 1893.99666408571 0.99932236595883 4.88814841438474e-05 13663.1248143853 14909.2969783144 855.243236890553 -4.75613249924821
221880 25730.1615145434 18897.5047543789 5052.74437387874 1915.18410167938 0.999471360802796 -0.0018249466896561 13845.2015096177 16207.572095178 895.624604025011 -4.91556878194659
221920 25790.8763081873 18939.7273980836 5078.69216035272 1891.29360486559 1.00170447695801 -0.00215634050291575 13258.603942108 16869.7650915994 1156.50816146692 -4.90816277808952
221960 25875.8568246342 18963.0174550309 5154.00601789205 1913.10226701945 1.00293626629808 0.000530370315006314 13175.8367455217 15553.1659332699 261.056902865382 -4.73436354389567
222000 25673.1689597908 18741.4893158999 5152.76741162915 1913.01752855199 0.991219850107093 0.00076637698293702 13257.6179816615 14918.6469604026 596.162422827312 -4.66890456685325
222000 25674.7670291721 18741.4893158999 5154.36489732398 1913.02037437736 0.991219850107093 0.000641753493092071 13280.2052363419 14992.562178864 605.372804943633 -4.67796484423296
222040 25816.4511641094 18872.2144995266 5185.71143178734 1886.32443319692 0.998133782865352 0.000102538842136633 14042.7839338004 14617.5629573128 714.429117578366 -4.76635785300374
222080 25831.292078785 18880.6056469906 5185.63896587335 1899.93793653066 0.998577582810556 -0.00103086696828217 14388.2836938144 16010.1545686528 -14.6591860093526 -4.84295258667843
222120 25796.5403894804 18829.4340767707 5180.74897689364 1879.67738217087 0.995871166297537 -7.70838716228115e-05 14023.6441520646 14994.8784277041 517.359691904521 -4.7377520175821
222160 26187.0319367776 19042.9052044331 5391.98207251333 1863.18949724379 1.00716145468375 0.00025610277373325 13812.2441807487 14258.0300698913 1140.20794798892 -4.74922023511518
222200 25858.5277995171 18827.3668817476 5276.20667270033 1886.57131280192 0.995761834285209 -0.00126782559884506 14284.4549623601 15810.2365098185 469.130469434656 -4.82936000853323
222240 25900.4951478691 18903.9456884257 5222.19768177913 1902.51471532015 0.999812015783458 -0.00410995138433159 15169.6268598646 16755.4463292639 1130.67319492628 -5.09119413814659
222280 26108.1235856588 18938.3351319199 5376.66002452232 1915.39300157321 1.00163084130212 -0.00253492407387733 16494.2235094985 14414.1242687761 742.921096300973 -4.99076336309138
222320 26123.2254805007 19056.3429624077 5296.04271013408 1937.3376208683 1.00787216514122 -0.00140774364274783 15177.9204239059 15426.1526336271 140.137129107854 -4.9274915659888
222360 25926.6493247403 18858.1876789009 5313.40272120737 1903.88691139974 0.99739191743493 0.000650460228081317 14958.9392414469 14147.3950735066 -234.463843195401 -4.70266569981854
222400 26068.83931117 18896.6051866482 5361.99730590883 1928.49875550675 0.999423783506448 0.00179375556849828 13916.8554890428 13846.8998731764 81.5777698285945 -4.61870688139128
222440 26275.847714706 19000.6398606985 5457.15418191235 1914.92315872599 1.00492608016387 -0.00295987793679754 16598.3993258327 14616.0014908939 872.46994346126 -5.02118652849408
222480 26296.9122357177 19024.2930460017 5445.36053443096 1924.63295996625 1.00617707502323 -0.00271830448445014 16367.3085799199 15139.8466451936 432.529272053175 -5.0257620097369
222520 26044.8876651345 18840.913328973 5460.26106329238 1854.06212875204 0.99647829321555 -0.00284798127710031 16476.7999967895 15325.6880311243 220.481860941056 -5.0089348736742
222560 26105.7679065117 18876.8091572345 5466.32755068848 1879.27767083977 0.998376790016369 -0.000460371812696301 14502.5666970177 15399.1378961697 50.7469085745497 -4.80665322035529
222600 26329.8483751376 18941.6269676259 5597.86667912583 1933.45193687528 1.00180494341536 0.000117301639746819 14863.8253156216 14885.9304153782 -294.232705040436 -4.81225396228522
222640 26354.4249341163 18942.3008183554 5648.05561086006 1895.73377574353 1.00184058275052 -0.00139510898422686 14376.8836857667 16017.2384854224 390.650782864708 -4.93396527673763
222680 26195.9279195097 18735.2385199958 5679.71244580145 1887.0196872227 0.990889251355063 -0.00453469823008469 15812.3908144905 17084.9250174367 660.842434776888 -5.13953813798511
222720 26296.4451328944 18845.882419812 5688.22680404366 1878.36931280649 0.99674110378485 -0.00374551513746231 15091.3762670782 17051.0438087087 714.630186082886 -5.06358457351939
222760 26432.0239008253 18922.6597962552 5712.92945892178 1916.64468565149 1.00080178745234 -0.00375907692240751 14753.2957830825 17808.2432872019 351.335323237062 -5.11112547665037
222800 26382.3097406465 18912.873130823 5719.61845561366 1874.74473443296 1.00028417986635 -0.00119461195876453 14269.961093226 15876.2714777878 400.959200264866 -4.925937631435
222840 26467.126187817 18913.9875017216 5787.43807144552 1904.63385125964 1.00034311790145 -0.00319014662880462 14579.5289260567 16942.3648008697 850.404070481439 -5.10933182582233
222880 26518.0960019679 18964.863136062 5771.89815020842 1899.45832959084 1.00303388264244 -0.00406750829968129 15338.474714042 17460.6075533682 331.125321080811 -5.09981246195576
222920 26523.7499093695 18897.0029326753 5878.35404070684 1869.03884449682 0.999444819922007 -0.00394235855722039 15187.6864279575 17626.0278048896 265.793557831011 -5.11770370853127
222960 26636.0229049499 18984.0863279826 5921.76674081851 1857.98196703347 1.00405057929301 -0.00565315628091589 15421.1953581968 18445.1272011429 821.040356914453 -5.32170261645587
223000 26568.8817684299 18994.3355592891 5874.77965988249 1834.0908084915 1.00459265155569 -0.002815005590956 14348.3194009482 17442.0540791546 263.645207272671 -5.04198147250323
223000 26570.6452083658 18994.3355592891 5876.5320406995 1834.1018519263 1.00459265155569 -0.00292517782183113 14370.1552893229 17513.9120756144 272.345252096265 -5.05073429741921
223040 26574.1034820844 18944.0013493364 5905.0071701933 1838.6000082539 1.00193052224442 -0.00486002284742293 15911.1615561038 17155.4841099949 883.316574768868 -5.20601717906034
223080 26660.8623850445 19002.1476152089 5908.28388723913 1864.16542174126 1.00500582389046 -0.00178560687417962 14508.0242163369 16558.9436388603 74.7646894739188 -4.94358237997234
223120 26669.5018411969 18905.4467914793 6022.88257624677 1869.32249121485 0.999891407720707 -0.00519176104052678 16139.6686897009 17811.4024302759 472.921553295617 -5.23679066120617
223160 26709.2107538322 18921.1312956533 6011.17714904463 1887.79275633952 1.00072094648437 -0.00372192275735879 15154.7529001494 17204.3173482051 560.824811278256 -5.10906105968557
223200 26737.5262868821 18952.3747081221 6004.66355068371 1886.76263042275 1.00237338136306 -0.00483136900777329 16530.4613648545 17681.0176000852 -154.577984327462 -5.20389498386865
223240 26700.3967555805 18917.8341946024 6013.76527853993 1878.74919991583 1.00054656589197 -0.00529464690758765 16705.9920008603 17017.214426791 679.827195893138 -5.21172564639873
223280 26832.7184545537 18935.328081224 6118.67022321468 1855.67656671314 1.00147180120185 -0.00478589101609583 16457.762441151 16894.9649309639 666.034063266038 -5.18578448610153
223320 26739.4566715708 18914.3997582368 6086.45789278633 1829.29653877068 1.00036492176315 -0.00374873262533041 15502.1084407554 17034.0647768302 520.928230467929 -5.10740959133895
223360 26799.4088873311 18838.0036951896 6167.62785645891 1895.36975693099 0.996324405404713 -0.00539839484047877 16585.4100332696 17498.1146561567 547.153467933754 -5.26632081662335
223400 26857.4024330473 18918.5582792956 6166.68977377547 1881.83512644759 1.00058486205451 -0.0053842086116689 17160.6711441634 16691.0085503724 787.045000181792 -5.25195190703299
223440 27003.947587563 19009.4711124703 6266.31988252821 1832.83061717937 1.00539315681451 -0.00514495950443746 17306.0536222471 16675.8060339287 447.785796795784 -5.25489967409882
223480 27022.7719357382 19006.755890789 6248.90777756671 1871.29358120961 1.00524955127801 -0.00552641015413327 17592.7577714165 17239.7340929568 25.7597100573058 -5.30221757268725
223520 26948.3310464515 18913.1927389464 6268.70750505554 1880.50331313626 1.00030108364122 -0.00941992694045922 18393.9122020701 19434.9081552661 743.892814152936 -5.58861929611182
223560 27046.9420171425 18845.251310109 6340.51540013081 1946.19683979122 0.996707724982624 -0.00506543407490596 16349.6335145281 17691.7783646269 293.64563924073 -5.25099305820014
223600 27151.3348758512 18923.392865467 6483.89872536135 1862.12329559256 1.00084055879767 -0.0060198313017839 17745.1568317535 17322.873858529 289.822207939137 -5.34708222142228
223640 27013.0124501996 18839.198045163 6441.80939624728 1849.31151774056 0.99638757345831 -0.00504357377484355 16900.6185508286 17226.2533117349 253.241399758356 -5.28993721500215
223680 27297.9171614163 18986.5239796483 6501.92700771361 1916.67729463359 1.00417950441086 -0.00585782998628675 16557.597333251 18466.9370053834 365.224503675113 -5.34957575867599
223720 27036.5075744553 18815.6562505247 6455.32485039907 1878.29269801316 0.995142469947094 -0.00714530068820362 16743.8662894897 18888.9524472337 901.008400077143 -5.42583690228618
223760 27177.0753914505 18859.9499875189 6522.60511091076 1893.34141584523 0.997485124290303 -0.00795776845431284 17194.96420842 19226.1808539975 929.308291086293 -5.52693342708306
223800 27320.0985630484 18967.9871485324 6562.59018572275 1904.07865427804 1.00319910874163 -0.0083632378247022 17560.6076037668 19457.351706014 750.201880267431 -5.58970242390766
223840 27262.2183509425 18894.727923207 6621.10094609875 1862.44004414734 0.999324496797937 -0.00824081388399813 16472.6632732103 20492.3868982561 707.5450550229 -5.56082823694496
223880 27412.4004905193 18954.6516231651 6698.18748047904 1869.30571106291 1.00249380527119 -0.0102827811874609 18231.5967573856 21058.1178561142 446.71609571213 -5.75750736481117
223920 27491.3155941753 18891.9263117712 6831.79920994102 1871.90178586647 0.999176322188083 -0.00981702428067915 17494.2364575297 20823.6880145887 960.313371916919 -5.73024806177508
223960 27638.9100644545 19030.9619775955 6873.67479480194 1849.5007679931 1.00652978858101 -0.00771444642025672 16775.3056864421 20237.698999073 309.510482190007 -5.57970523993635
224000 27607.0620507702 18947.6140783385 6899.75669977076 1860.12612057423 1.00212159610411 -0.0084779867928935 16446.2848020135 20978.1891565682 608.999444437505 -5.63826475071486
224000 27609.036588855 18947.6140783385 6901.72454908274 1860.13576055907 1.00212159610411 -0.00857683895670223 16467.6027025726 21049.3193444248 617.047350416617 -5.64682158474856
224040 27566.5246216972 18903.7886366006 6888.05733722656 1898.29832005912 0.999803709459242 -0.0124877665157169 19671.6866586735 21831.3972842035 711.055015732534 -5.99341851762584
224080 27640.5663454212 18903.0881502608 6934.64302346509 1900.12229497407 0.999766661391555 -0.0106892997041141 18755.26481088 21179.6411360616 434.459468754299 -5.83268235146458
224120 27694.3644659515 18892.8443462778 6998.47037095931 1898.03974046316 0.999224876174946 -0.00866541539385518 17774.1018849551 20395.0067803984 147.625335070856 -5.65057869616163
224160 27868.1615631784 19030.0033242281 7062.74025372886 1877.55989923306 1.00647908630058 -0.0091637245520418 18644.3379554972 20359.9336207174 -158.744885130914 -5.67566966750515
224200 27731.098765979 18922.4302573691 7028.83986796066 1854.73706989997 1.00078964735523 -0.00918632970376469 18206.9038957778 20447.8677531461 207.221713827643 -5.66781609297883
224240 27861.9762205826 18892.8172733333 7186.75744416586 1886.12226870982 0.999223444312221 -0.0101744925362483 19267.4599483976 20078.5604436064 582.821073169026 -5.79043402005398
224280 27900.0296212033 18903.5772670468 7205.57575674255 1876.77616888014 0.999792530321131 -0.0100581850473086 19792.1293919841 19885.4124034636 313.91813506842 -5.7976623460249
224320 27937.0431557561 18881.7369865075 7225.40878305433 1906.47923411192 0.998637418300015 -0.0125908127934133 21491.9480374439 20717.347291213 274.190467992233 -5.9609549906876
224360 27898.4255926618 18886.8620045869 7207.87153421736 1890.72199124821 0.998908475715295 -0.00798383552571138 18497.4434801687 19613.1547490854 -320.740575001695 -5.59691154609031
224400 27948.2354355674 18906.1274051395 7251.96512316326 1865.88101225689 0.999927404740947 -0.0101323169764961 19051.9554148742 20548.8908121745 398.264903486491 -5.76427697015862
224440 28170.4886001205 19074.0975217553 7323.25355854004 1854.5762017565 1.0088111871879 -0.00920502002326069 19215.8154506318 19800.0631549404 6.9594403764945 -5.73438593704843
224480 27877.1823177569 18744.5350527729 7331.80851990615 1887.68642503543 0.991380936283108 -0.0136762289280216 21496.9411327224 21446.2963237376 866.662932008687 -6.10415229044624
224520 27990.7390901571 18820.3427449926 7397.73067703194 1858.36571221211 0.9953903342585 -0.0127537762302233 20860.6104878878 21434.0282437151 571.844590781149 -6.04233215983708
224560 28147.0355639864 18848.5148281764 7515.98292218606 1859.37414536089 0.996880329402429 -0.0126965972330982 20259.987882939 21650.6285748524 1015.29755495654 -6.06627937477487
224600 28179.2814420599 18961.6894242215 7434.92402219331 1869.38080597865 1.00286602799003 -0.0124789054322586 20494.186285359 22216.8062973624 24.4780570364451 -6.05288636533425
224640 28244.3010825846 18884.9224828723 7585.34003164653 1890.27839632399 0.998805896224901 -0.0120110352750825 19727.6503369501 22365.2786248611 179.020662568376 -5.95999376915112
224680 28435.4942473836 19028.2360008795 7644.75896515918 1873.71915313348 1.00638561422078 -0.0103535839355888 19231.9317179547 21399.6468064331 -3.22562327857518 -5.8859456828911
224720 28412.4020716751 18854.4366072669 7740.24719720368 1907.67926700273 0.997193526762759 -0.0120849554285505 18780.0043304963 22939.4807771125 625.781572832096 -6.0082625740444
224760 28376.077531702 18947.7054055255 7663.71195525712 1848.1750791714 1.00212642631366 -0.0109203878869265 19593.9376235451 21121.0225288933 482.650739823802 -5.91147493556857
224800 28491.9141762034 18933.355290395 7810.98283321308 1850.74095251413 1.0013674621391 -0.0141789323824139 21270.4316027835 22893.0991606476 609.720793418941 -6.21605773501415
224840 28519.6464193137 18881.534217371 7853.78236067718 1864.18913371574 0.998626694029934 -0.0129093568618278 20354.9607681505 22587.4408658177 449.472268502548 -6.10067971626596
224880 28668.8417576534 18876.4316654073 7935.10524046241 1932.9590064726 0.998356824826514 -0.0127362565402477 20280.7109672054 22496.3083087965 481.67403216451 -6.11257482838447
224920 28836.6169169078 18920.2343203789 8064.01493665478 1917.89210830997 1.00067350630062 -0.0153771780838916 21129.0756732798 24475.0380954771 570.462097370146 -6.38781340076578
224960 28728.7889950059 18911.4988729393 8010.79505731051 1893.71493270539 1.00021149665156 -0.0123920322851527 19410.0968884962 22754.9248405394 817.257208601643 -6.07440140802377
225000 28797.603838222 18930.0751973348 8086.42507963074 1848.98249219084 1.00119398108342 -0.0151783800294042 20755.2458532088 25054.1169167577 302.813485549685 -6.36569944726345
225000 28799.8279445926 18930.0751973348 8088.64586120799 1848.98878562289 1.00119398108342 -0.0152644613285556 20775.6642946434 25122.2049339435 309.899896164487 -6.3737935607198
225040 28880.7419672338 18931.3798662916 8150.40036685354 1860.14623721338 1.00126298380492 -0.0161198072601228 20173.1395671337 25729.53639927 1258.51993737341 -6.47184739749401
225080 28859.8304199086 18831.4331482109 8254.4293112613 1844.89434923574 0.995976895317249 -0.0149646185915302 19427.9176644341 25415.6491316846 1103.36626342011 -6.3563770397582
225120 28900.9779352378 18912.6794281561 8159.98108132688 1909.16614001866 1.00027393511337 -0.0163938042012385 22177.6683241657 24264.0177337578 1125.47965932018 -6.42976994429549
225160 29036.9360403053 18917.5351795166 8331.08297896104 1882.40626041969 1.0005307512636 -0.0137932726940479 20579.7389180926 23669.9553280087 557.436606032971 -6.29075376680903
225200 29065.0700156934 18946.419014217 8316.77481333556 1883.29690483209 1.00205839027989 -0.0141594620864943 20975.982629987 23368.9477154438 892.345348019497 -6.33247366825658
225240 29003.4863970126 18903.3324008809 8302.29672084327 1894.47116687012 0.99977957957852 -0.0169630603948013 22824.5904624821 25426.7805356455 230.90345921711 -6.55762602823078
225280 29023.836501791 18927.1081963117 8320.48556131636 1883.00976690685 1.0010370591729 -0.0119470475969671 20204.1576211333 22977.4656986324 -262.294686600477 -6.09637018917052
225320 29112.1824115161 18841.8259583622 8465.02889106822 1896.42222953396 0.996526561330807 -0.0156426808027502 21676.5524611756 24849.3891128892 479.366641574938 -6.4270795757061
225360 29100.5082078826 18859.3089761836 8472.92165186709 1852.50729918496 0.997451221800005 -0.0166470288640318 22116.224002442 25331.7196612236 758.367761397293 -6.53755690873238
225400 29360.9934856555 18966.3774101814 8586.9452493747 1906.71179827714 1.00311397118505 -0.0180395857728655 24221.5879466846 24189.832842095 1463.90838722933 -6.66412476166604
225440 29420.1999709773 18937.8808462718 8664.9121135406 1898.12407767169 1.00160681455887 -0.0178951586558282 23274.0548630722 25614.5698161109 878.266375482361 -6.65339678617618
225480 29426.1250814837 19003.3473046758 8606.52951823556 1905.0556390199 1.00506927434488 -0.0153516795151429 22899.28030548 23542.6103107832 597.596624220837 -6.44480042113503
225520 29288.4581710284 18853.8272386981 8599.08426614864 1925.64504319442 0.997161297828802 -0.0161508170848505 22012.3095120424 25021.7174429296 847.658868564544 -6.51269731782599
225560 29458.6583130191 18961.9985681518 8712.52147865883 1891.57516160211 1.00288237832351 -0.0147228555883467 21936.5124666483 24276.4066561743 68.7176767382247 -6.40563811828239
225600 29561.0797807572 18871.0434292219 8878.66536880647 1904.40093763804 0.99807184605167 -0.0178017406077599 23665.6289870761 25535.3591099134 685.969067013861 -6.72097148283297
225640 29601.1931844007 18824.6169355661 8997.24247225292 1879.92464619913 0.99561639220236 -0.0175387262860187 23464.945510682 25254.6089240493 996.638541268858 -6.69524141255446
225680 29764.8367930555 19040.9037503796 8952.18121455787 1868.63646765191 1.00705559964985 -0.0148398482347645 22498.6816130094 24295.2359826154 -113.739442114678 -6.44486238804952
225720 29597.4647312073 18861.304094123 8975.94295729331 1854.46794646975 0.997556741722756 -0.0172483652547599 23448.8430276659 25898.037156366 150.242443487814 -6.64697961117093
225760 29682.4068991569 18901.6443258489 9002.87952179425 1880.90920799695 0.999690298868115 -0.016297366887052 22351.8106893875 25200.1594274714 859.301352109797 -6.59947753448853
225800 29893.4236253162 18926.7140627413 9183.95800154398 1879.47228547547 1.00101621381681 -0.0170419033482013 23201.1085429801 26186.7259306324 66.3497744921469 -6.68519903528268
225840 30028.19310865 18982.5436550352 9249.32273515859 1899.18754113829 1.00396898876294 -0.0171217505009555 22627.7590290794 26704.7920812205 203.982669558476 -6.71448413035798
225880 29903.4651703261 18844.9009503192 9266.80876101945 1886.59518152644 0.996689194780864 -0.0190405089743498 24347.9624004793 26580.2973768478 852.669766722682 -6.87932288864295
225920 30033.9397243825 18875.7457583492 9379.34628609952 1876.53161236921 0.998320547843407 -0.0183423690766115 23169.6477406019 27549.263659951 407.715372971832 -6.8209868954976
225960 29951.4992647853 18867.7054829417 9348.79213219013 1847.80890022316 0.997895305193267 -0.018495889080283 22188.6013343332 28338.1128349703 779.323330335205 -6.80817084249827
226000 30155.0186501342 18962.3438871853 9429.48614033716 1893.86796502751 1.00290064192438 -0.0190766210832964 22593.489151698 29007.1229030498 503.300568174714 -6.89238415744246
226000 30157.4588232598 18962.3438871853 9431.92347800797 1893.87636377569 1.00290064192438 -0.0191556053748208 22613.2069314971 29076.0160290187 509.88893800085 -6.90040357868529
226040 30042.9780551775 18958.1702286722 9365.76225275161 1849.97428709907 1.00267990102722 -0.0180184589544237 23061.4617982362 27573.0954048048 373.692625471988 -6.77375907469694
226080 30160.7514796706 18855.1332110837 9572.39131359016 1842.43496286203 0.997230369487434 -0.0213159245488364 24607.7286601052 29499.8421612667 829.408140529242 -7.08109471556403
226120 30324.7830562674 18936.3265200639 9591.23986927246 1889.83491565467 1.00152460769874 -0.0187223386836417 23725.9812751482 27548.6111160483 625.300827580085 -6.90527439014385
226160 30415.7704329143 18937.539997903 9733.23192741065 1862.26854551217 1.00158878740727 -0.018379949431763 23491.4701019829 27652.6135972335 429.691727933071 -6.85307799967363
226200 30445.2966607771 18969.7240998905 9700.38694033293 1885.60513051152 1.00329097447524 -0.0218361474103677 25992.5398022871 28456.2204360036 1325.80066863097 -7.21512976438258
226240 30519.0262351896 18982.7136338618 9714.09529239872 1902.20455022242 1.00397797878418 -0.0171416497635141 23151.6585361731 26530.3640942763 511.924869190396 -6.75201563786308
226280 30426.2900295815 18872.8412464542 9803.59799971343 1842.24640209204 0.998166930924457 -0.0172738134289165 23098.4302139263 27201.353147615 93.7742138810642 -6.7414901272609
226320 30583.1126276384 18915.7211618091 9937.47588845588 1806.67521910596 1.00043480956282 -0.0208144995106136 26215.7830675679 28104.419736484 482.598002595077 -7.14094274576483
226360 30547.8161142789 18921.2927803617 9851.71053019424 1864.78567714896 1.00072948725964 -0.0200833502430827 25296.4761514879 28468.2574317462 188.501540855452 -7.05814741981782
226400 30645.2828922356 18929.908161259 9946.07974622179 1883.06448594043 1.00118514670152 -0.0175757112656048 24635.3628642791 26360.8692216139 -47.6899762017744 -6.79772466732488
226440 30609.0198906427 18823.4098643906 10072.0437348534 1830.09015965049 0.995552551336275 -0.0230409245510089 27343.864375427 28501.8742816701 1800.69372914473 -7.36298838807033
226480 30864.4855240504 19000.831612869 10107.1695064407 1856.6381346515 1.00493622175692 -0.0189696475824255 26549.4289392655 25572.2265748074 655.796664904487 -6.98620404483881
226520 30949.9574436616 19072.8269624377 10146.12556486 1828.0717618444 1.00874398849333 -0.0193522253035139 25773.2952918854 27250.7047670587 293.860997238276 -7.03984636045231
226560 30782.5830080009 18847.1144463519 10195.2918619139 1843.68759473794 0.996806264516824 -0.0213328129603749 26521.3738819845 28748.8738273345 645.576421181113 -7.25519535656861
226600 30832.2998000481 18790.9814027059 10294.9603558544 1858.06509978453 0.993837440312358 -0.0199131162379308 25456.4311401072 28254.3579087074 390.076786098582 -7.06202510561984
226640 31070.6087727131 18925.8769572467 10368.4247426333 1887.9453034925 1.00097194008974 -0.0198580631732078 25339.6546903606 28602.5116643919 301.021167176728 -7.08675080210846
226680 31194.469549146 18933.9415759021 10523.3598672053 1850.25441384399 1.0013984702315 -0.0236925727497977 27606.4169340784 30453.4861142102 932.186540874863 -7.49495429167552
226720 31194.6492412178 18859.0393468624 10546.8959207033 1889.09931621342 0.997436961357259 -0.0217306534528007 26064.7667497133 29977.5717239609 587.620772601407 -7.2888849400151
226760 31153.8126776035 18962.2299622346 10439.0422496508 1863.59367487251 1.00289461654024 -0.0219544908032948 26463.2695737501 30428.6117331446 188.231446584204 -7.33805811950701
226800 31477.0350840763 19052.1549095011 10634.807487754 1878.28566340312 1.00765066293805 -0.0229202936392464 26137.2801017233 31757.850049646 408.064823648606 -7.44965497808902
226840 31517.3523612762 18958.6644449378 10815.2907941316 1859.22195343752 1.00270603966351 -0.0216699131015297 25933.9543894521 30402.6597946183 539.53732544882 -7.32973238459205
226880 31463.3745155277 18871.6534918588 10803.7577426188 1907.69258759336 0.998104111694236 -0.0240876003763201 26840.4828344216 32526.482279879 560.439068111571 -7.59053669794322
226920 31653.6304159821 19030.8542800345 10839.6562687895 1885.62320360101 1.00652409255769 -0.0217376083300084 26492.1676282287 29738.2414855971 870.855443610935 -7.36212965909422
226960 31692.2467546392 18943.4788846246 10936.9582517157 1929.35215032361 1.00190288957422 -0.0226043484776109 24866.5258782322 33029.4832773659 392.554531403421 -7.45746129608219
227000 31730.5841022775 18896.9280453279 11051.9425717908 1897.03883563536 0.999440859200208 -0.0222757254936612 25457.2217234087 31836.1593515785 731.448772978288 -7.39234937607136
227000 31733.1451429972 18896.9280453279 11054.500225203 1897.04947935143 0.999440859200208 -0.0223462046049818 25476.2707664517 31902.8734227918 737.676187726818 -7.40007579733596
227040 31668.9451688279 18840.2253377268 11056.610656012 1889.91983831652 0.996441906001683 -0.022409094205054 26268.5427373231 31755.7510787051 179.274823621641 -7.38423021920212
227080 31830.3018975056 18877.049294978 11174.7937338563 1894.86578690808 0.998389490677138 -0.0223466871802659 26050.5793645207 31695.8820404831 473.904387619283 -7.41886922629201
227120 31922.1153427668 18986.0756204064 11148.0799701865 1891.96273016952 1.00415579110969 -0.0216293286159284 26535.0780921223 30550.8712092835 376.710785617731 -7.40102086942408
227160 32026.0680975203 18953.1639234792 11298.1055625436 1877.44322836578 1.00241512222553 -0.0237089571224763 28374.2308168275 31451.2450810464 437.110471328357 -7.60382761515247
227200 32080.1137835851 19028.4881756509 11309.5433182224 1829.35196339262 1.00639895150871 -0.0248578181518726 28895.1544446553 32088.0999138475 731.781539381824 -7.74796635596729
227240 32137.6088771145 18975.0740315109 11419.0202697604 1831.4066691969 1.00357392735745 -0.0252523263946477 29717.3962403287 32192.855774833 494.568149963118 -7.81259760623557
227280 32092.6794469348 18895.1044200349 11464.3868618502 1834.13526097017 0.999344409363211 -0.0226266770982603 27504.1030247128 31264.1828492963 255.746614973429 -7.52346716940898
227320 32090.9346800296 18979.0363032451 11401.1813671719 1824.67946198888 1.00378348820548 -0.0241178137421529 28415.1858000532 32146.1120155183 473.73084454635 -7.68267212362548
227360 32162.8882864311 18786.6024403544 11644.0991989377 1862.05734711048 0.993605841087103 -0.0232008958474651 27848.4713860884 31203.015652955 876.770544945011 -7.57258514906248
227400 32215.5165538823 18894.0069224898 11557.7977111149 1899.31597596435 0.999286363744005 -0.0224918245638757 28002.6627014273 30710.0501784587 313.996004896041 -7.46105348887115
227440 32338.1143469445 18851.5451801127 11718.9667636836 1870.53193167278 0.997040601883521 -0.0234706364089262 28758.2023665882 31575.9477514013 166.66165326003 -7.59578166529942
227480 32441.3101399233 18971.2189694347 11658.8835072407 1894.9892345038 1.003370036728 -0.0237788556139089 29546.8493964337 31506.3639470867 -43.6613291455573 -7.65649866359602
227520 32516.5030525267 18946.4825508769 11771.1529229925 1891.48223943751 1.00206175067444 -0.0242716936871043 28537.3539407813 32579.4487628605 596.3811928734 -7.71234428355968
227560 32620.10888881 18943.0798374723 11894.2957738877 1882.06022638477 1.00188178434337 -0.0247578447615898 29560.5773740505 32176.2787119926 771.83910906354 -7.83221301590598
227600 32640.5670367143 18911.6897855868 11939.3671950265 1901.7044248428 1.00022159384301 -0.0238995217235838 28694.7556248625 32085.7536243978 590.82151877612 -7.72644308099307
227640 32784.8043339092 18901.9952020889 12093.4617984866 1900.03513293471 0.999708856384447 -0.0246815472974078 28970.6402706635 32683.5309030846 838.02514941354 -7.79844224979384
227680 32902.7398859721 18916.8654341593 12212.1953940583 1884.39365608278 1.00049532905774 -0.0244143464637414 28854.6471848909 32838.2504607391 632.627066164698 -7.78723925606319
227720 33032.7976761916 18992.5385380284 12235.8576230174 1906.77948130904 1.00449760878109 -0.0236925438630936 28631.8360399021 32894.1643130509 -241.338445915551 -7.69204606065691
227760 33012.648983633 18906.4244856509 12344.6399547547 1871.54664851272 0.999943117051481 -0.0254564458399402 29569.6839569511 33565.8793164579 700.755949356749 -7.90083077049867
227800 33120.3481912471 18973.7645057619 12381.9920020289 1875.57628928981 1.00350466776475 -0.0278271067134433 30760.8312018949 35847.7133112411 490.048038395418 -8.16419069841077
227840 33195.5694707239 18907.9014902707 12502.6148817676 1889.60502357213 1.0000212344451 -0.0262447896701317 30423.9727347819 34314.4854351222 487.233512307805 -8.06007556260019
227880 33161.5952674927 18834.3292280981 12553.9229260045 1867.55505803805 0.996130066275187 -0.0265064938336387 29351.4400667311 35949.6884891075 304.641816886856 -8.03571020447906
227920 33478.5106725608 19060.4285236597 12639.9448720447 1888.85554507787 1.0080882466566 -0.0261967533532892 29226.5141936583 35499.7395248655 548.831156928156 -8.04819346822745
227960 33330.5047596562 18831.4502430332 12750.7248647597 1871.94598808902 0.995977799446419 -0.0267347090944073 29659.2907171828 35983.1404026546 464.064590610014 -8.1078026112414
228000 33524.1788296613 18833.5161003037 12893.6041189893 1878.47755615617 0.996087060706263 -0.0262746856875708 29914.2243357105 35702.1378386243 76.5296316666705 -8.05185406345723
228000 33526.9186864712 18833.5161003037 12896.3442878664 1878.48531758741 0.996087060706263 -0.0263384819604103 29933.0264225605 35767.526567092 82.4043774431279 -8.05938791751159
228040 33444.3196382219 18879.5199701651 12819.2265679607 1853.34686614166 0.99852016237816 -0.0261698338969993 28959.0659171643 36171.5072186752 453.656231017603 -8.01967469912603
228080 33682.2114606141 18929.7211671558 12966.2270214131 1890.3364947581 1.00117525675821 -0.0263813086081211 29255.628728094 36150.4248970302 571.826381678079 -8.08304331389055
228120 33799.4651591016 18935.5887378289 13048.2441939402 1908.97971123643 1.00148558708602 -0.0265677765750457 30122.2561394911 35722.9687279947 461.295760420322 -8.12107558994135
228160 33727.7030658865 18935.0837277137 12998.2853738136 1922.36119318426 1.00145887757312 -0.0296291305208262 31421.0519093196 38970.8435185842 323.924056455288 -8.44306112967779
228200 33713.5834438781 18881.9560998345 13077.5660002547 1884.80192873096 0.998649006999046 -0.0268420941497961 31337.175860554 35524.0320023117 25.7114392338437 -8.15834613048135
228240 33830.2040765423 18914.7300018019 13177.2373221089 1853.13641035875 1.0003823880366 -0.0281616628030673 31994.7509601212 36770.6891010996 146.703565270986 -8.34509810911831
228280 33939.2297897924 18898.4167492058 13277.5315620408 1878.33674612093 0.999519595356648 -0.0261636879134665 29809.1399134475 36171.3825669108 144.401888483173 -8.09988153734326
228320 34102.6435587213 18963.4577345297 13373.8768782168 1883.19030222713 1.00295955226919 -0.026697175144175 30874.2783072259 35957.555709049 159.892662969713 -8.16187111751537
228360 34174.60696165 18966.2127200498 13454.8499482036 1882.40968303579 1.00310526087795 -0.0291266220177287 33352.7063950203 36397.6762847776 730.827271834387 -8.46354326832739
228400 34279.0602308916 19046.3246834092 13487.1371605077 1875.13951606947 1.00734230773022 -0.0294942897175979 33144.3302168623 36907.2678605968 1055.86783043486 -8.50756606509672
228440 34442.1572400196 18988.5278841257 13622.2593943427 1914.12868652309 1.00428548904539 -0.0300215216795413 33804.2842896358 38035.3544794733 125.99000170098 -8.54979562215422
228480 34523.8950565803 19047.6022024878 13673.4137318268 1920.96222641549 1.00740987452005 -0.0284699398637599 33242.8474848778 36245.9706012718 388.921278865031 -8.41129351485074
228520 34377.4877517255 18920.770885691 13661.6893128344 1906.64133966285 1.00070188473838 -0.0285873725760684 32204.2274131278 37382.4028429956 619.978636308696 -8.42103924334579
228560 34583.9287532908 18969.1719837417 13855.3817302506 1861.72862799128 1.00326177356825 -0.0276757819913314 32169.3950720436 36738.5171108627 93.6893867322529 -8.31853438788911
228600 34566.5324038117 18832.9275920135 13996.8207551575 1875.28598025584 0.996055935052942 -0.0284198282861367 32819.2893085577 36583.3234793901 804.515929666377 -8.44445605065645
228640 34513.1455090754 18842.3340066545 13879.0985957733 1915.29853404002 0.996553431530056 -0.029442438372306 33279.1241229115 37849.9500214578 737.56331524791 -8.58224772513594
228680 34661.2029531893 18873.8689379547 14068.153565307 1869.5635953203 0.998221284567219 -0.0282430426317789 32785.8123253448 36810.1950965497 647.387795551835 -8.45328191956489
228720 34827.7810156542 18923.6294438267 14169.2503616877 1873.07101486822 1.00085307120596 -0.0290823336508167 32624.9497696485 38795.3541745099 227.713922839368 -8.58956805803131
228760 34926.9760572446 18930.4193186683 14231.6276665224 1903.96719378113 1.00121218133906 -0.0295653922557264 33833.9162288841 38024.4829577656 501.812474481336 -8.64504371736639
228800 35107.4417541073 18972.865646442 14374.819724636 1891.74527184777 1.00345712793558 -0.0301410429408686 33607.9447791576 39036.7772717652 680.188225238742 -8.71545948438899
228840 35070.1108030661 18841.0307153039 14499.2231916229 1849.34527677633 0.996484501668857 -0.0310898482851127 34835.7033295031 39431.1496169993 511.407857379861 -8.80412187216073
228880 35181.4183389097 18860.5399238628 14587.346035573 1859.24376480916 0.997516325472049 -0.0314647154115826 33661.319102632 41034.39856819 839.397307910094 -8.86516875347087
228920 35371.6725460086 18934.0175708115 14650.7393042508 1910.00984623265 1.00140248953122 -0.0307533249298767 33687.5830656276 40294.5227066388 548.941053278682 -8.78575589355575
228960 35497.6758607774 18984.7805382562 14756.5612170362 1862.09022477636 1.00408729542543 -0.0293914121095689 32472.2692473312 39887.3507527354 387.759638363204 -8.66187469560225
229000 35494.2483417498 18868.0645097551 14844.1253016185 1865.31860888832 0.997914293785804 -0.0308890795609006 34170.999068026 39944.5876670672 862.183494789545 -8.82786552675975
229000 35497.1817466791 18868.0645097551 14847.0544313093 1865.32748565107 0.997914293785804 -0.0309465673139169 34189.2924542346 40008.972707327 867.216741000986 -8.83517460396891
229040 35606.1058108636 18901.9259757469 14964.6343299611 1842.82707125383 0.999705195067931 -0.0304007103970494 32435.232679886 41287.5393312378 628.498043918067 -8.7825121087439
229080 35642.8170386423 18897.021827971 14987.1135595616 1876.50907968648 0.99944581927653 -0.0316734703791109 34624.5472336254 40966.2750781065 774.673486523576 -8.92811658165451
229120 35687.5876279506 18976.7826720467 15019.8253560801 1835.94187624674 1.00366429575812 -0.0303401502353387 33370.774836353 40958.7910793072 206.963767760562 -8.77517573421337
229160 35794.4620150752 18816.4257039985 15242.3108082978 1871.58954281484 0.995183165622029 -0.0316687177527024 34595.8884185748 41496.0935268153 586.100627801369 -8.97069826034358
229200 35936.3317590707 19000.9337994693 15201.5668471655 1878.86367893223 1.00494162631069 -0.0315489858800697 35653.3792747017 40823.4054367265 104.890803626987 -8.94659978257675
229240 35992.3606044303 18968.5386694233 15274.4562158528 1867.45905553926 1.00322827816598 -0.0315742455746465 35884.3829075372 40564.1879708311 368.431142171341 -9.00954731341008
229280 36131.0637871647 18936.1764701709 15436.791178832 1881.48430197126 1.00151667170017 -0.0322009539388939 36018.4320933334 41512.8218787761 267.739485487453 -9.05911415751975
229320 36202.5822054192 18930.9461378516 15562.2701912193 1839.6470390079 1.00124004431319 -0.0318496614402621 36931.5936030256 40314.2850306384 278.026553391927 -9.02772300210999
229360 36243.0529860412 19012.5758444367 15494.0554197001 1861.34270721994 1.00555736318586 -0.0317115417392038 36650.406435103 40594.3606384212 175.927545560996 -9.07900936050659
229400 36205.153536832 18874.3935532536 15604.3889529775 1878.02063814173 0.998249030979962 -0.0321812006876996 37052.5806248531 41262.7833308629 6.45115516880778 -9.07637907639712
229440 36474.4871617957 18983.6854773294 15705.4592534035 1920.79116379903 1.00402937867669 -0.0324816724487217 37618.5974300919 41893.5649386764 -614.992658360564 -9.15299255330765
229480 36466.0677403378 18887.6785157823 15792.4107122686 1922.68314683995 0.998951660229131 -0.0326961268115191 37726.141406448 40921.412443904 518.205687235376 -9.16014260921169
229520 36743.9362607575 19029.8473049618 15932.2928323796 1909.68281033037 1.00647083458743 -0.033006627165167 38580.6492925173 41179.7867751206 157.800575553153 -9.26834042451687
229560 36483.1682625086 18870.4312704508 15892.2983386042 1861.03010335769 0.99803946954652 -0.0324645654296259 37458.8087954098 41373.5564191504 328.911157374518 -9.1482648303213
229600 36727.7089951222 18980.3821315668 16016.9917987437 1876.83918478476 1.00385466780731 -0.0328817432311717 37902.5685053727 42074.5337432899 -71.4522111295992 -9.28013979528539
229640 36889.8248182914 19046.349086087 16079.5432356026 1877.65025769569 1.00734359836504 -0.0316802646560251 36614.2281328534 41865.4601608292 -119.915115931471 -9.13795983014374
229680 36836.9113125027 18922.4450924582 16232.7243044553 1834.91559546289 1.00079043196923 -0.0336006305918263 38094.0302971024 42370.3790832048 904.252673836686 -9.33097254165484
229720 36935.4484568315 18975.7229018306 16273.566975356 1839.20128381603 1.00360824550208 -0.0329411446604859 36912.1782383013 43114.0008205446 445.767883808841 -9.23452401353096
229760 37103.4461940779 19004.7432970995 16347.0509943357 1878.89690020964 1.00514310707917 -0.0345382292187921 38443.9859839352 44007.1496780704 657.253336739402 -9.46640991620909
229800 37224.0994858243 18889.7759350424 16625.5853751273 1838.35644682214 0.9990625907731 -0.032057694138858 35701.220293285 43329.9350774946 296.39252768617 -9.13126653654097
229840 37328.1210143008 18941.171199749 16704.0917658737 1831.79822144413 1.00178083827841 -0.0339810489440141 36420.7630950377 44976.865961423 1115.42020837381 -9.43527167860511
229880 37339.7371868745 18863.2282933614 16742.1226178984 1864.98138989516 0.997658510821704 -0.0328874938944295 36317.6514568459 44381.0588477096 183.751846052412 -9.29137874132563
229920 37664.8563588361 18923.3507116651 17011.3516695932 1867.64348298041 1.00083832932249 -0.0342322273283224 37287.9717981681 45234.2459864972 611.292511381556 -9.52119965886772
229960 37699.1793982085 18938.0688021487 16987.1846088574 1895.83308625876 1.00161675536949 -0.0354407516206909 38856.2725243883 45593.931259233 901.833516184983 -9.66420735578711
230000 37680.6524851466 18814.7823425163 17122.9463647684 1890.24743084184 0.995096249769472 -0.0339932595106488 37104.7552330444 45676.331734961 277.213563483507 -9.4343425634272
230000 37683.8659384238 18814.7823425163 17126.1542145566 1890.25681308216 0.995096249769472 -0.0340450631433146 37122.1978837911 45738.9276109212 282.247843751639 -9.44137660803569
230040 37669.0330700119 18923.2447288006 16948.7002004697 1926.56956060045 1.00083272398787 -0.0352784517218991 37257.0854944286 47153.7950341679 803.220518657867 -9.65192146269132
230080 37724.9437093311 18943.4885777925 17045.762091724 1884.49500488969 1.00190340223681 -0.0345989831683177 37394.3292523862 45651.4741514398 1004.05374777547 -9.51544001023948
230120 37738.137249626 18948.6840080758 17052.8259876614 1901.44354653125 1.00217818368773 -0.0350262445898579 38217.2594706265 46090.8406802177 425.645348651877 -9.6042492756088
230160 37622.9019736103 18927.2469809894 16937.583374721 1887.59328398484 1.00104439936477 -0.0324495685664064 35973.6524185753 45105.7697410701 -506.037099075527 -9.22112287650397
230200 37794.5224535614 18910.4354342733 17081.0398669524 1916.94983065611 1.00015525237463 -0.0368517128010307 39491.6955596914 47229.5543075978 880.028833051292 -9.81483098944885
230240 37625.9761582568 18844.0313261837 16997.373628885 1906.42420004892 0.996643201173274 -0.0344724036005132 37524.9449246522 45760.7789101283 561.076096994908 -9.5125725880462
230280 37749.652812413 18845.8242728466 17127.2326992144 1891.33163396187 0.996738028446206 -0.0339935209035948 37243.6184722841 45801.1679670868 53.6096695092885 -9.43904594366326
230320 37793.9723511741 18987.0394535093 16999.7717268368 1921.95144867405 1.00420676734149 -0.0344885465128769 36884.1215670194 46023.6301998362 984.814026130569 -9.53548484927271
230360 37694.4521312789 18919.86982483 16944.299520964 1952.95094573424 1.00065422847177 -0.0346441356206153 36641.2569470891 46512.5580973514 912.04898637452 -9.51728033206074
230400 37629.6422180629 18873.8949365499 16966.0878001903 1946.23693689122 0.998222659608614 -0.0325365022049251 36066.2112429383 44177.9807303579 559.540899227532 -9.28700475232363
230440 37670.6762269232 18940.7031778617 16917.2410851423 1927.78863690389 1.0017560850383 -0.0344933341106927 37246.9563166941 46491.0409636682 274.0887942992 -9.56098021844617
230480 37823.3351825019 19048.2010794491 16980.8736123295 1909.38065863781 1.00744154856269 -0.0331269819920735 36447.2651690333 44888.3397814007 454.450207188723 -9.39687416389988
230520 37555.2301997388 18869.0372086459 16885.0986013823 1924.52141358715 0.997965738920845 -0.0343179379307258 37050.1828820537 45863.576412306 738.220268300562 -9.4972774227041
230560 37577.4576276621 18869.2958555848 16861.2407342348 1963.43415941659 0.997979418515659 -0.0330549344990396 36424.5868609612 45267.7075183079 -92.5137103551343 -9.2720023430393
230600 37593.8920261228 18835.4065330256 16952.5188530153 1946.6255232551 0.996187043925725 -0.0321215996109449 36589.1880381544 43655.7210057922 -20.1450141577068 -9.218750884604
230640 37497.4615987399 18876.170361774 16853.625196736 1895.58359877595 0.998343004721617 -0.0337260225842494 36348.261259956 46185.3414038148 56.3746020200992 -9.40362718741472
230680 37534.3699953948 18922.9175372757 16849.067380735 1891.86949809859 1.00081541913398 -0.0330188615702804 35711.4125483399 45348.7034000851 501.374624786861 -9.33243410797256
230720 37617.0592736287 18917.9477494048 16903.447067182 1919.2571671175 1.00055257169932 -0.0333943324681968 36899.1725377035 44528.6772052175 709.577933662628 -9.35823535798802
230760 37632.7597044307 18878.5871331608 16980.6464935532 1912.19003679334 0.998470825501033 -0.0332448456865204 37664.3293822344 44342.1970853017 -55.6034648865953 -9.31638339633761
230800 37510.5563388356 18893.9383891661 16849.7023272598 1936.65417512222 0.99928273908058 -0.0341860695529211 36367.0868015116 45648.2738575491 1413.85862104695 -9.46742368477517
230840 37503.0944669908 18924.0657491061 16795.8360500322 1933.37794529287 1.00087614698433 -0.032760406987735 36439.497443435 44472.8752646878 247.173722776021 -9.2147714331756
230880 37460.2077578563 18850.5041189655 16837.9857156245 1922.25870694066 0.996985541132646 -0.0334812304246662 36657.0915311175 44862.3564840572 742.921354314679 -9.35578699924841
230920 37555.3398611971 18903.7452992942 16873.9494780632 1921.64322224987 0.999801417389616 -0.0344002653310443 36358.9119558673 46637.0620531394 686.270800644617 -9.47311739717673
230960 37570.4137000163 18921.3329852178 16866.9356445399 1917.36217396018 1.0007316136569 -0.0335616100532301 37437.7187855781 45290.2796117014 -304.162035809726 -9.39932574135327
231000 37435.0694148443 18831.2636838069 16839.8120962275 1931.81257731446 0.995967932503337 -0.0336641080384434 36317.9657751516 46123.6535416411 118.587201771728 -9.36354983353878
231040 37624.4462838695 19002.8731475864 16880.3665680674 1898.71162958126 1.00504419661967 -0.0329898314569257 36626.9339666615 44923.8889150341 -16.5900050782621 -9.29454436189867
231080 37518.2298540226 18853.4589614091 16849.9769754688 1964.65400145081 0.997141819987258 -0.0330014485415543 36031.3438946537 45354.7231088948 168.80799475703 -9.25003667594122
231120 37388.3522690782 18880.508173108 16716.7416020652 1944.83084350792 0.998572427508028 -0.0334774040251357 35864.3467829616 45284.9001788541 1132.18084101245 -9.33936280283274
231160 37518.7931004954 18899.5770847028 16786.5931141503 1972.0089354912 0.999580964416383 -0.0330793074523162 35994.1759230275 45504.7665921687 189.13470833423 -9.28096202509849
231200 37598.5622896169 18935.1534249896 16875.7380760507 1953.38097371628 1.00146256379689 -0.0338497707502089 36369.6167524187 46180.8868261587 264.086196902387 -9.37530998668838
231240 37484.8745124415 18813.4234898027 16831.1962345878 1977.80409329205 0.995024381319726 -0.0325478204916515 35331.2013931866 45046.0475103839 454.713645586447 -9.19869624780949
231280 37628.5775220034 18937.0702733376 16841.7973598916 1968.91151058577 1.00156394411411 -0.0316774559561245 35525.8458463885 44280.3499325755 -275.375106958085 -9.14122014700283
231320 37551.841085258 18986.7538046715 16735.9232092992 1946.26321080674 1.00419165964149 -0.0325528026165016 35056.0858964913 45785.1552495417 55.3401302094426 -9.25193357977921
231360 37395.4696960999 18832.0866015747 16746.8918025558 1939.24605690146 0.996011455854806 -0.0324853481106945 35625.7557639569 44690.1568795894 517.992428714709 -9.22239819874649
231400 37553.7660982411 18929.2071083702 16825.0890693914 1949.01299434904 1.00114806866959 -0.033237267658826 37064.6365905265 44709.0372574611 97.3131487323858 -9.29720832520151
231440 37641.8958909102 18987.1040707066 16838.3828878373 1958.69671333446 1.00421018488466 -0.0349245634579324 37575.7121692663 45790.0611574069 1168.48221251762 -9.53407613286439
231480 37555.4365468261 19036.0965635244 16717.4919951993 1926.71391503136 1.00680135203091 -0.0328786495442107 36908.3627686816 43905.6386100252 446.641261663466 -9.24320183642779
231520 37325.1406432672 18758.4005578535 16775.6732080344 1906.26525899276 0.992114269885152 -0.0352770925405357 37974.6450962175 46368.7560266194 767.725062319763 -9.56886547258074
231560 37418.2578089787 18882.9086460393 16748.9700804299 1893.68913390076 0.998699386277367 -0.0327313629180577 34342.7512231493 46313.2090869479 455.304724934059 -9.2727738027351
231600 37339.2092371407 18901.9713289129 16645.9339514398 1901.75321306496 0.999707593754482 -0.0311408228592305 35098.8138053949 43790.8116847138 -221.274884946205 -9.04611059285125
231640 37442.2491689315 18900.7352425235 16777.6785487489 1876.75263040146 0.999642218300861 -0.0312126012674601 35924.1640402765 42633.455035218 154.020672808494 -9.04780391088637
231680 37269.0474752988 18795.5888218773 16671.7959730635 1908.58837920459 0.99408112240525 -0.0333077257235864 35967.778577536 45432.9636571889 607.654289493113 -9.2919363921003
231720 37457.8473145225 18926.6673309726 16681.3349894234 1945.80494334046 1.00101374221725 -0.0333076311510371 35476.1503166541 45803.6540084135 711.706022806111 -9.32721179083327
231760 37289.5840602644 18864.2832516949 16607.3502922477 1922.03088072748 0.997714306581772 -0.0315086044996556 35399.2831387422 43761.1328832557 135.525176610806 -9.11616888445962
231800 37393.0351840818 18925.8225238221 16651.0328200612 1926.49798961564 1.00096906115679 -0.032167271412695 35393.7622242289 45049.3654948548 -253.090718056657 -9.17875650327257
231840 37484.1297974052 18955.1763495513 16753.3001845415 1924.12719233934 1.00252155755924 -0.034097703121557 36984.0262388544 45622.9925392275 610.220671044614 -9.42046606855888
231880 37351.4486790592 18944.3014793094 16593.1740952118 1934.12170780282 1.00194639583813 -0.0344323124830588 37043.7710022244 46636.2431680934 96.8129506635289 -9.47046914823273
231920 37323.5341328983 18874.7049705645 16642.7241402692 1931.51149332459 0.998265501550418 -0.0334032290121352 36859.207840124 45053.0688194388 273.813445486873 -9.33735979565349
231960 37241.8437496007 18855.4049010701 16633.31225139 1907.31624737408 0.997244738916838 -0.0323375544086777 35138.5215209029 44930.2024755041 389.292450119222 -9.14980778719582
232000 37214.7652247318 18864.4577350213 16572.4950095419 1930.54403123168 0.997723534841798 -0.0309510151363298 34899.9203479807 43421.9601282933 86.2122924763564 -9.00821005853337
232040 37276.9377782285 18931.7070075944 16545.8670136239 1929.27847316034 1.00128028600261 -0.0326234881565731 35892.8861642986 44728.868046264 288.417429708704 -9.23655263360058
232080 37345.6303568565 18916.3575617869 16593.192548704 1950.20113898693 1.00046846816273 -0.0323318962585842 35408.9336497283 44555.0566424815 632.312301377203 -9.21911804280692
232120 37481.2385842291 18956.3743661905 16697.1659242393 1960.3560916908 1.00258491953936 -0.0317561638003797 35669.1015759704 43168.283594328 776.771850969996 -9.14636887484732
232160 37413.2344766259 18941.9704060703 16676.2446648365 1940.18471885431 1.00182310755363 -0.0320038542721439 34871.6876644548 44219.1573709124 854.079551084064 -9.16066215130306
232200 37268.8417677386 18866.2423240838 16603.679828281 1924.15539717287 0.997817920089055 -0.0328163562996647 35528.155647815 44977.9689429404 754.95023331506 -9.24848868093069
232240 37301.3256382085 18845.1864447561 16646.5231157184 1942.35538540485 0.996704294314746 -0.0329244377971856 36450.3398775189 44821.5639402644 110.238821729308 -9.22350662475959
232280 37258.4651511691 18930.1594068824 16524.4116756123 1940.61365529991 1.00119843484767 -0.0316175055913943 35135.8030053556 44085.5178830217 178.122142702915 -9.08102016315671
232320 37177.0166324242 18785.089222975 16609.9884376522 1945.65798049259 0.993525808434483 -0.034361879637616 37685.0515155863 45172.2089075235 853.71657477582 -9.46642871307907
232360 37302.6564401023 18906.1884366361 16633.8939919752 1907.17400531639 0.999930632639753 -0.0326345323878642 35951.9993378597 45164.1693459259 -79.5972386489469 -9.21610550186765
232400 37345.6725498955 18916.9017699444 16694.665100206 1886.1711676235 1.00049725082345 -0.0334813132680097 35713.9728324786 45959.666180929 630.196108015832 -9.33813019564951
232440 37331.4586045584 18872.8550300917 16697.4713671102 1915.69367252849 0.998167659928159 -0.0318238814403774 34769.3213515824 44097.595032976 810.970420537625 -9.10365051612339
232480 37283.3902967184 18897.6247523282 16588.859242474 1927.29726515885 0.999477707382159 -0.0340057428843908 36344.9857480148 45608.0100002312 1233.69677041748 -9.41904801347458
232520 37438.8730054149 19059.7224152004 16568.9501897248 1922.40015015358 1.00805090124027 -0.0323525697701411 35796.0135076177 44191.434906368 549.29973510417 -9.18184313366388
232560 37378.6231412088 19009.3873018422 16603.7326313774 1921.74432708433 1.00538872414873 -0.0329411535519275 35744.6883610824 45620.9489886145 140.182913537378 -9.26867528241764
232600 37292.7771805132 18882.8615772705 16617.1435494609 1946.02403260374 0.998696896854184 -0.0321993065572152 34732.5703920706 44742.9719431614 777.950234222142 -9.16013573784443
232640 37282.9745847611 18932.2201045992 16552.252042115 1957.52276083635 1.00130742322355 -0.0329647490324696 37148.3372692898 44418.8351173208 -46.6986495538935 -9.27003157830378
232680 37273.5922233517 18882.4355389627 16586.4727691583 1951.26174768985 0.998674364086352 -0.0329252237169732 36417.0758550795 44846.7883534182 283.34956596445 -9.24362178758056
232720 37345.3629315282 19039.0605058503 16544.4264056034 1926.8628461266 1.00695811216979 -0.0318473611127395 34379.8979539876 45021.2998516061 225.287539931817 -9.13554659063827
232760 37423.5784063499 19063.3289676007 16584.4569865814 1914.75863059013 1.00824164842527 -0.0322134222299493 35824.540667396 44535.2314064524 -31.7875637633906 -9.16871466352267
232800 37318.1047149662 18950.5177241176 16535.3813243894 1960.72570329528 1.002275167215 -0.0319186172055079 35516.8281383837 44612.7919011479 -305.496660965885 -9.12799190670764
232840 37229.6167569188 18831.1689559419 16584.5328733323 1947.05681597303 0.995962922435114 -0.0316994455126923 35086.4422345205 44094.7490066586 357.329742695121 -9.07937493325696
232880 37297.5872470926 19005.3816121703 16470.1878115631 1946.55651496741 1.00517686696656 -0.0317327433904914 35202.0056711185 44318.9443109783 61.9725489591007 -9.09711280141976
232920 37380.0413115607 19070.1832912618 16502.8705936778 1950.64850583359 1.00860416719618 -0.0300559706642707 34282.4224374426 43096.5509742726 -405.43829050201 -8.91452075639852
232960 37281.4002250723 18847.9971911857 16624.3168209434 1961.56015742216 0.996852952065884 -0.0301721403166134 34244.351663352 42777.4258678417 119.66988394881 -8.86536964272588
233000 37288.3302602478 18956.8406973107 16530.7910004498 1951.36869679211 1.00260958335638 -0.0311855732284529 34251.0982360527 43738.886963871 640.47541868386 -9.01796482159217
233040 37299.5698612216 18979.5508722213 16558.7967009579 1923.84827655027 1.0038107032776 -0.0318817347009585 35423.3657795945 43764.3881138651 535.527745705491 -9.10873685194906
233080 37278.896025837 18930.6243981608 16526.6888543039 1960.98997670395 1.00122302780171 -0.0328502748412669 36365.8563282355 44143.6301224827 725.406658585554 -9.24069590621113
233120 37300.4454488567 18894.8628088088 16600.3331248415 1928.52534909866 0.999331630771324 -0.0317191506064336 35277.4817200453 43913.4543191929 311.227396570095 -9.0937204127257
233160 37298.7898053825 19002.1778791339 16506.3484800487 1930.61668678393 1.00500742452117 -0.0315551868330435 34098.3749874323 44743.1124222326 406.116641321871 -9.06654015630927
233200 37291.4797551242 18954.0779620154 16532.0066185447 1956.15751320363 1.00246346486925 -0.0320356594436967 34350.1231596429 45190.1045112921 381.243611829042 -9.17273294363614
233240 37298.333931701 18953.81145589 16520.2847989544 1971.3531671955 1.00244936960941 -0.0314227276077937 34062.383165421 44405.0818788461 565.724536387983 -9.07492224328937
233280 37256.2801076057 18920.1324149009 16490.9984141578 1944.29144692672 1.00066811661515 -0.0313007126315018 34198.2372888119 43982.4345844697 704.441649918135 -9.04104220996509
233320 37279.3625834625 19008.5390346054 16439.8001047214 1941.74930998409 1.00534386008755 -0.0328849948969185 35820.1549804069 44982.2711943732 571.284089923128 -9.26315096216285
233360 37205.8323381008 18925.8241079589 16455.9500282168 1946.51021067217 1.00096914494031 -0.0310808852040384 34428.160102211 43758.5666656954 368.539696276589 -9.01140103557545
233400 37059.1615844902 18884.1545982184 16329.9238873392 1965.40973268261 0.998765283523386 -0.0323596141538076 35554.5331297535 44644.9387209048 331.696528777343 -9.14291048496914
233440 37141.4803458288 18857.5331413329 16439.5611298987 1953.3130270619 0.997357299554826 -0.0309129528017616 34281.5635696473 43822.322941098 133.23447196361 -8.95040832689287
233480 37280.4463011804 18929.6076569033 16499.6266750952 1955.82234028334 1.00116925330706 -0.0319243757907304 34895.7132782533 45086.8413867967 -127.714042856993 -9.11594804367055
233520 37200.794619504 18892.8915545405 16479.5412455283 1946.11253852363 0.999227372975829 -0.0310595102278429 34482.4473287322 43917.3943298697 52.860599059706 -8.9917537998174
233560 37066.693617395 18824.8549015528 16444.1167234387 1937.24065294307 0.995628978000939 -0.0320765501576952 36086.4617956802 43955.9125157077 41.167638102651 -9.09279986425486
233600 37197.6079620078 18938.7773932221 16421.2017954353 1969.24106352956 1.00165423208897 -0.0332508131559556 35990.0789030608 44936.8046195381 1055.17217253368 -9.289237371575
233640 37194.8865394692 18977.7847466398 16428.265155024 1938.27258039586 1.0037172945466 -0.0291875440394229 32687.6870907247 42704.8793724421 125.511712692724 -8.72870334909186
233680 37212.7160089389 19002.8089756401 16381.9067446643 1941.93784480864 1.00504080262542 -0.0302013205890963 34220.2809869507 43021.8075379655 -176.143374384876 -8.8559075164267
233720 37246.7489014629 18956.1312187586 16488.7343722735 1940.53124028731 1.00257205969899 -0.0312484615087181 33528.305976441 44552.1231230409 720.375539688838 -9.01269080312415
233760 37189.325968172 18946.4838271866 16461.899762217 1925.0345118651 1.00206181817726 -0.0331843596617791 36739.1224233977 44975.9939256611 80.6948135483284 -9.24744942299125
233800 37075.1859052825 18887.0184465216 16393.3935581644 1934.21164608182 0.998916749782976 -0.0328729719699573 35847.5111768725 44848.4301430262 576.969185635911 -9.17710497442492
233840 37075.1412723755 18904.9639242643 16384.7378852104 1920.84703500608 0.999865869325098 -0.0312344301588615 34821.5153623541 43611.4407039411 361.982277935798 -8.99014519709243
233880 37113.1738114071 18936.9638114166 16384.9869561923 1927.13813052507 1.00155831344263 -0.030659905597349 34126.6510636881 43309.0361419321 362.964230475361 -8.94405379000422
233920 37033.2184414353 18869.1189441999 16365.750279266 1941.15182042203 0.997970061837889 -0.0332419283951766 35497.0505493098 46101.0137556778 331.414776805087 -9.26008909255347
233960 37146.5974125551 18940.4354277019 16360.1362161502 1954.09927683391 1.00174192398265 -0.0307922966060093 34428.1881486827 43182.1004350424 507.411804793778 -8.94605143902783
234000 37147.1895934702 18988.6074583556 16351.8923267365 1942.25565555943 1.00428969765202 -0.0310403071516542 34640.7385969124 43124.4347729045 623.902022701289 -8.99509745372157
234040 37005.061334998 18849.1493637751 16385.9170110747 1909.6087767104 0.996913889397071 -0.0312633768869787 34591.6407878294 43683.6473258968 451.045340612793 -9.00496185783257
234080 37123.6371262386 18916.2867502915 16409.2034784297 1940.61555412177 1.00046472300894 -0.031641888744 35184.8811197925 43796.5781159039 351.480489255087 -9.06632777334111
234120 37132.0026930058 18910.4855362478 16390.0165536789 1959.39066464721 1.00015790222122 -0.031006453544297 34431.8951693434 43567.3686055376 385.603773374493 -9.01461547918838
234160 37131.2871200316 18911.2487040271 16395.7218885691 1938.48351998501 1.00019826545165 -0.0324310665536658 35703.6192503133 44342.4350900035 563.250935446921 -9.10986935936781
234200 37031.5773634039 18886.062879806 16344.6723958393 1927.7269347676 0.998866210752662 -0.0299680802500157 33947.4374643825 42668.5633164004 134.388742775264 -8.80565824585163
234240 37146.1691292641 18992.0372610955 16370.1888723438 1906.81192160261 1.00447109671271 -0.0302562017131252 33835.2333934981 43310.7990902835 50.7703480370444 -8.81235839167827
234280 37208.1213293398 18976.3176051365 16401.5141867947 1962.20060635358 1.00363969880399 -0.0305609071263592 34281.643379813 43315.0320067757 49.3500560788526 -8.89059648935179
234320 37134.7587242586 18982.4986129699 16338.4771216813 1943.81052736354 1.00396660653021 -0.0307448297258822 33646.2226453796 43587.7614092007 655.567128931755 -8.90731007477732
234360 37258.5381318573 19018.1940259156 16431.7574539234 1946.3426220371 1.00585450355233 -0.0301651510153591 34054.1950491483 42572.799939114 471.062471456078 -8.86695588196418
234400 37126.9797152239 18959.1494168775 16344.8717740282 1954.51660985327 1.00273168937604 -0.0300777971523716 33657.2517347525 42832.9340648397 395.271305726775 -8.86976767065914
234440 37312.7959825125 19053.8903853807 16415.1329055339 1994.05076067919 1.00774245063497 -0.0309656756982713 33920.3924338465 44281.8201418297 104.020809332416 -8.98858525363266
234480 37011.7520174373 18802.676463394 16391.2556125315 1936.33752471452 0.994455981139444 -0.0310938134841743 34721.0365255405 42883.3518029392 867.427649786563 -8.93463372897965
234520 37101.2018900861 18908.8600138204 16370.7065464281 1949.97981420473 1.0000719298596 -0.0312892975956365 34003.4333714989 44383.8349478493 547.228376011424 -9.02856181548348
234560 37079.8549530967 18889.2537212411 16351.8795388549 1970.66922317892 0.999034971373323 -0.0309363204321738 35226.0415299769 42883.5773248597 193.855214248339 -9.00148734502992
234600 37094.3815297079 18881.9617601372 16382.915031492 1954.76603804552 0.998649306367167 -0.0321598175581231 36073.8227845013 43371.3230200729 740.289540629704 -9.12253440981426
234640 37001.8220394439 18848.0537665457 16299.6646182183 1974.86408216182 0.996855944283784 -0.0309676995159329 35012.9050251029 42937.6571258715 409.667760730223 -8.96885638601157
234680 36925.5695207578 18870.9954409005 16262.6016648315 1914.37325441762 0.998069307994207 -0.0302713598813277 34319.4275863473 42092.8597627724 861.704228454574 -8.85078665354464
234720 37053.7316996018 18850.453481552 16393.4544683935 1958.00311897226 0.996982862967184 -0.032036439835141 34742.3245109982 44767.5485929306 475.68719807555 -9.10718403971105
234760 37125.3198511657 18943.9864110572 16368.4225113337 1947.29958277852 1.0019297321728 -0.0326830556198889 35596.3008576244 45116.8983662834 344.33181145939 -9.17747567445686
234800 37015.4969080163 18818.2703803706 16383.5171487416 1924.44267454943 0.995280728830916 -0.0314256076066069 34654.6595755765 43830.932144139 479.667755163885 -8.97430677244472
234840 37094.3882102855 18943.4673197556 16294.8559132716 1960.27191777493 1.00190227791911 -0.0301255193500381 33815.0392210726 42861.8627540261 301.595589525651 -8.84781007421215
234880 37053.71279632 18908.5754622366 16312.2660495512 1944.2984312814 1.00005688019233 -0.0292583545615204 33484.4728736757 42454.8444623902 -361.929651559376 -8.76432897947817
234920 36964.3922251986 18805.6737697845 16343.884712263 1962.28647689377 0.99461450587251 -0.03158524691802 35028.6035873924 43584.3132390064 667.404530363685 -9.01960623415061
234960 37083.2341905878 18956.4355518472 16304.1914171057 1933.38938606919 1.00258815559155 -0.0313809521395386 34688.3747477284 43505.4770338723 798.872663344912 -9.01396334722808
235000 37101.2453591263 18918.7398779753 16342.0224566678 1968.21886927274 1.00059446663892 -0.0310675729740979 33778.32507564 44248.7998327337 459.688423129572 -8.94940990001924
235040 37146.9663179112 18954.6328341709 16346.7835180612 1988.22580264853 1.00249281153886 -0.0303256968416556 33491.6789494366 43691.8822114485 107.198116535806 -8.89638939516327
235080 37219.7363048324 18962.3359400248 16384.1260427025 1993.57338174167 1.00290022160649 -0.032911868451908 35399.3100634314 45288.6978833591 682.575677794515 -9.22655925596487
235120 37071.5915729107 18964.9869974886 16314.1598033429 1944.15753973163 1.00304043355751 -0.0310284588759491 33607.4216196057 44376.7105179425 431.180050905665 -8.94327095859913
235160 37057.9539270418 18913.4276794387 16357.1626511483 1929.07689232766 1.00031350942423 -0.030418125912844 33517.8456518008 43937.0277608212 36.1720839215491 -8.92464313363317
235200 37120.0793165507 18979.4767150423 16308.2249753081 1961.48254286334 1.00380678117373 -0.0301901705626655 34447.8907450872 42231.3440605391 440.148242186969 -8.9232062822549
235240 36994.1345691556 18888.5275643128 16282.8647954742 1941.77205330849 0.998996565612205 -0.0319113271400949 34266.2401025693 45332.3283322356 152.839471827384 -9.03597882364739
235280 36945.2335129986 18854.1826152837 16318.7100783408 1929.01886036335 0.997180093364203 -0.0307056717797553 34054.3990929814 43436.9475423739 485.703650430189 -8.94292840190429
235320 37092.0315983304 18950.2911813176 16348.0435026131 1928.31530367749 1.00226318557808 -0.0318891833300201 35976.0664479119 43777.5421410827 66.9141085241773 -9.09971831384338
235360 36963.9206709671 18880.8922451459 16311.8497663501 1928.78548163617 0.998592740719074 -0.0315725473294101 34409.6509676987 44184.7127114954 642.625808808113 -9.01091186202682
235400 37104.6407880112 19049.4797488084 16244.1004779747 1957.1510243633 1.00750917618979 -0.0323240219151601 35485.1546907789 44658.5837286473 372.989131926106 -9.15514730707745
235440 37011.8695181047 18949.9776385567 16292.675315733 1940.85672542024 1.00224660259456 -0.0311022341205195 34433.9455674215 43984.5996278141 168.529376846218 -8.93643326759878
235480 36908.4882985428 18971.45858527 16182.7701720489 1917.9622218189 1.00338270978553 -0.0320414074037048 35422.8358475076 44193.718956127 466.780649940013 -9.09067289860505
235520 37087.8058254106 18971.4644514806 16313.7827344468 1948.57729456162 1.00338302004393 -0.0296632580088885 34035.1450806782 41650.6498054863 554.575013419024 -8.7654378843295
235560 37163.0507921884 19098.3613430797 16250.5769495459 1947.03433702845 1.01009447801558 -0.0310785234624174 34317.7702876381 43529.4799580772 637.407510893816 -8.9592721561943
235600 37085.0589010881 18937.5665015794 16358.8111425438 1931.09329267365 1.00159018916194 -0.0284549631405248 33165.9232688416 41565.6789488496 -362.969443898918 -8.64885312613818
235640 36959.2479536874 18949.996799588 16206.3849967833 1953.24632089109 1.0022476160036 -0.0323885065618634 35220.7255228588 44702.3897150853 628.397853343086 -9.14459654266683
235680 36944.7930131363 18944.4182230848 16256.4721106808 1909.7613909914 1.00195257030728 -0.0310032061884407 35020.1166294343 43121.8781197234 292.240122925942 -9.00851256787277
235720 36987.7493072827 18879.6823358796 16322.3831043829 1933.32396127671 0.99852874974902 -0.0314486226008694 34484.4005087073 44195.5074322518 380.595456995879 -9.04410662683777
235760 36909.6889996555 18860.1067465709 16296.6973812741 1896.97790235409 0.997493415130022 -0.0308778060285105 34575.4879104222 43892.7191540806 -289.188249697906 -8.94355389680024
235800 37095.3964589002 19008.4441755591 16305.850979076 1928.52949033165 1.00533884308127 -0.0314167880165575 34919.1069314188 43853.1796810026 284.5621711783 -9.01685748602145
235840 37027.5528686679 18969.7122837841 16324.452391288 1894.15061193421 1.00329034953241 -0.0320352398891003 35823.7590501567 43912.9869795683 325.136355516841 -9.1188748624593
235880 36910.9409996167 18901.4960716479 16286.8012171008 1912.40802675019 0.999682457842014 -0.030638531053407 34073.3170322193 43819.4996240582 -28.2540951600167 -8.89287740394809
235920 36815.8066392847 18802.7605842611 16221.4582967838 1929.7665203528 0.994460430213463 -0.0311186133479817 34263.5644314726 43869.458349179 429.19993260083 -8.89994825797134
235960 37026.8816515228 18955.0030176469 16232.814302931 1979.12826316354 1.00251239019685 -0.0291212444717863 33138.8653460829 42209.900095048 126.788840154862 -8.73264396340151
236000 36963.6034827122 18964.8677844865 16188.8794691309 1962.46717967502 1.00303412849327 -0.0310966429604359 34528.314448736 43441.3236889717 551.186895914969 -8.96333791812191
236040 36871.0768968969 18871.241767494 16205.1056231611 1954.83139279777 0.998082335977468 -0.0310367197041402 34024.7710557889 44175.7680031471 195.315248415482 -8.93638554896663
236080 36968.1532508219 18973.6704983028 16230.0504262516 1916.98341128677 1.00349969579811 -0.0303399081351582 33749.9409684445 43306.7026276621 280.318554249436 -8.87199295560854
236120 36976.2115338527 18942.369750368 16226.3639255632 1956.64566597053 1.00184422850022 -0.0313498943938346 34728.475524834 43569.5157576009 675.23206088352 -9.01945747550137
236160 36905.6742556453 18852.482083387 16200.6560382569 1999.18975146828 0.997090153821867 -0.0305958566873495 34361.9136911479 42392.5321504354 880.582863304654 -8.85833891468156
236200 36958.0660118375 18908.9373275943 16252.374687074 1951.57394197445 1.00007601891283 -0.0309990025496171 34669.5965158765 43383.1910146021 302.923611337143 -8.94056820183601
236240 36894.0754806085 18908.1254117121 16161.2517562348 1985.73244635197 1.00003307744081 -0.0292670245933464 33457.3529833183 42372.3820829503 -198.579586427034 -8.7044282698827
236280 36799.7792264211 18792.8008691002 16171.2301574179 1995.47991350993 0.99393367018909 -0.0311982578025454 34716.2580207105 43885.6817562634 113.537302552164 -8.95498342716722
236320 37087.5611128065 19054.7536229799 16279.361250359 1949.06133170818 1.00778810646463 -0.0312747481783202 34160.9567526565 44345.1407902425 289.234157788795 -9.02799949934577
236360 36942.0803149474 18899.0801128729 16269.7234277513 1949.7904563967 0.999554680040879 -0.0311410441317967 35160.969477551 43058.3853863443 422.300537890478 -8.99724392455341
236400 36854.4353549442 18897.7864358677 16206.7331526852 1940.18416842171 0.999486258673421 -0.0306467352835588 33961.584584147 43487.5121158706 352.481848427623 -8.92014043890933
236440 36794.0061042291 18731.4748832786 16262.5921551481 1986.84664966374 0.990690196127387 -0.0288176184847356 32762.8054356477 41886.7725685557 246.597493941831 -8.63282245549845
236480 36965.1294001068 18999.9748583627 16189.3889453355 1961.17220013363 1.00489090881199 -0.0317755879947337 34430.6346760331 44432.2640257165 833.231470559212 -9.08902149303397
236520 36987.8178390029 19019.9101446907 16245.887598602 1945.44101725127 1.00594526747009 -0.0311842504575436 35238.9387684238 43165.503216666 311.841886157838 -9.03597535250799
236560 36952.2585621863 18885.7273452774 16282.5920762874 1959.68924728459 0.99884846464511 -0.0290885572205708 32698.6459000155 42399.8598268065 339.275011745996 -8.75708780661993
236600 36975.2856452443 18962.7104878346 16201.6452481919 1966.31837767237 1.00292003109002 -0.0305366166832825 34668.6580646309 42906.6141445226 3.02878646268539 -8.90334750283761
236640 37004.2949270837 18931.9388628175 16232.9762697786 2002.17229108802 1.00129254860862 -0.0320797484666517 35283.1508942523 44176.3695527069 774.810381577726 -9.15917360501614
236680 36969.3347484168 18916.7469332546 16252.0569046838 1953.88381027704 1.00048906165567 -0.0304346431425924 33913.5897400034 43631.845695321 -74.1089789349709 -8.8949293550034
236720 36842.4880169282 18865.3861625237 16165.0446934121 1975.19005031412 0.997772638504494 -0.0306417107003278 34037.6424878239 43414.0320871344 322.856569410653 -8.89197765381767
236760 36941.0912024003 18922.7365657013 16194.295403396 1974.4966467397 1.00080584771658 -0.0315218271748392 34948.307044184 43466.4032836972 747.219369163771 -9.04109907222984
236800 36842.1295736621 18826.1493666481 16244.7341123153 1937.19999772696 0.995697441049746 -0.0311997492989501 34826.5560319371 43317.2630197566 509.604265639175 -8.98311672485691
236840 36956.102199402 18962.1949771197 16178.4318539004 1990.45429543366 1.00289276621022 -0.0288291433342045 33259.983109412 42068.6122515578 -252.693365250964 -8.71694124211585
236880 36860.1229933917 18884.2366988662 16162.5395250737 2018.85101077978 0.998769625749899 -0.0316007437633538 35618.9044332318 43857.7313447292 -155.055006805923 -9.03640890850548
236920 36963.2628264167 18928.2005766362 16224.4961792494 1970.27242618377 1.0010948341471 -0.0318587907203551 35791.0298280009 43522.1329051932 528.959476887455 -9.09722750968694
236960 36954.905722467 18949.933373495 16192.0520767706 1966.25615532486 1.00224426145683 -0.030730942053082 35003.8718908625 42304.6192134897 616.240639156142 -8.92434399425795
237000 36753.164972806 18873.897464416 16067.7332658659 1963.29365709825 0.998222793305093 -0.0313300939012627 34278.4464197376 44562.0191017897 163.804405077441 -8.999325412656
237040 36853.5717479055 18902.635176763 16168.5919617412 1932.9836237101 0.999742704046699 -0.030777403166993 33250.0683529338 44315.2896047437 494.590264138274 -8.93272844685315
237080 36879.5543252947 18951.878362742 16152.8558321936 1940.00220197897 1.0023471301199 -0.0320584358376113 34449.255529795 44945.7731720596 663.232289403891 -9.08005621901178
237120 36884.3197181136 18908.7458848943 16147.0631342502 1980.69063873011 1.00006589368739 -0.0297520941796664 34502.4161612019 42330.4582577351 -370.809155108698 -8.79712843875155
237160 36793.1459600789 18814.0705199306 16156.6224492295 1992.98778016064 0.995058602138336 -0.0305831704140029 34202.0669077852 43678.6525551942 -120.6768879255 -8.8664045388773
237200 36870.4901948607 18954.4248241087 16165.237529125 1945.82651975072 1.00248181008112 -0.0303547994085123 34278.0337994571 43145.604380641 31.0725230152213 -8.8570940268838
237240 36930.0643975344 19003.4095937881 16138.6514449669 1952.2551211523 1.0050725687578 -0.0302404232726634 33779.3435925185 43490.1052156592 -126.647434130646 -8.85567118320826
237280 36940.7532160533 18945.7522061044 16199.8294100534 1960.78561094077 1.00202312342215 -0.0298573966273043 33887.2441791423 43272.3246138714 -421.390832084684 -8.82844216564072
237320 36809.2930817251 18842.4794593602 16205.0252825886 1939.08148794448 0.996561124387689 -0.0299461481232638 33892.5163968909 42568.5536897978 334.406818888751 -8.83024372093476
237360 36926.5735613928 18961.8809029416 16181.9920655394 1945.89545510221 1.00287615512054 -0.0316914191018702 34071.026632295 44824.5468964391 526.188113159348 -9.03664383858106
237400 36855.6369516687 18895.7010354262 16188.2782876449 1956.18015761067 0.999375963793532 -0.0300146594244079 33978.6597619827 42914.4447774222 37.3533080028366 -8.82538940040697
237440 36940.8121576251 18966.6788094762 16191.6803344933 1959.88926809614 1.003129911912 -0.0294905659131751 33242.9162898968 42800.9134402733 -112.789477124878 -8.76741289575755
237480 36926.2014157074 18928.8708439857 16242.8247334741 1931.58533661164 1.00113028396063 -0.0310142468902207 34857.7140602691 43439.1208454666 140.136224443945 -8.93819050319703
237520 37013.1940346333 18973.6453201367 16257.5409500312 1936.5341756855 1.00349836414844 -0.0304129073548907 33951.7832988034 43183.3365805814 405.232184710517 -8.88937727525142
237560 36803.7362713472 18840.1325293578 16167.536732344 1956.53215752769 0.996436997453803 -0.0308697876857432 34252.8787282802 43644.627937657 307.620124084713 -8.89136314191919
237600 36798.100046469 18970.7111066665 16059.2837471721 1934.74535899738 1.00334317634095 -0.0300270776227607 33172.3696120321 43299.6517950423 402.827820078511 -8.83820651210489
237640 36778.6647096902 18940.6945431773 16095.443830675 1908.77924277839 1.00175562835792 -0.0295026543946326 32784.7884470032 43078.7688648172 85.6409961377651 -8.7428173769181
237680 36722.5367708078 18888.8729135434 16041.4612816587 1946.49571138358 0.999014830810178 -0.0316547485368365 33595.6482064904 45529.931291849 295.324710646142 -9.04210660149865
237720 36900.0364678 18907.8519140107 16206.8392200203 1918.49208685003 1.00001861240305 -0.0309023191992211 34429.9278705751 43288.2926193425 519.557755295174 -8.97741184348006
237760 36873.2486407769 18935.7289218035 16139.3148539824 1919.87260535993 1.00149300128539 -0.0310993129591916 34718.4427653414 43468.1444209956 352.502715665115 -8.95849212790792
237800 36732.1578590391 18811.3160907831 16139.8030544735 1947.56001698261 0.994912922955604 -0.0308007475787469 34564.0742848181 42737.9935591667 723.196647780213 -8.90159828361218
237840 36947.4781910887 18962.8482724072 16193.3326969866 1946.36847217663 1.00292731838726 -0.0314699323542562 34083.2400965037 44267.4819805527 801.393921622846 -9.04254332234875
237880 36883.386036654 18952.8722777917 16099.3114994962 1962.38831783919 1.00239969735775 -0.0295442250169793 34096.249461417 41830.2588724743 185.569644790338 -8.76730379406318
237920 36727.0599940769 18883.2782223936 16032.9444603547 1929.31185933763 0.998718932825259 -0.030762687756477 34498.3246321752 43403.3127289222 126.85055315848 -8.92182423151866
237960 36976.3177148197 18994.1850769285 16151.6143093994 1983.773797199 1.0045846926843 -0.0291664751020661 32747.9257385688 42433.9982168216 287.826891925942 -8.74992241960828
238000 36782.9908410308 18891.6673541506 16070.2242735669 1971.06114634631 0.999162626161606 -0.0312763732607634 34902.1780312271 43334.3977539325 606.682198720664 -9.0383393795574
238040 36924.9604833974 18980.1723899874 16110.1559660667 1966.80541369569 1.00384357477125 -0.030817204234956 34781.0805050249 43209.2450122056 60.8929602679536 -8.95979604872946
238080 36875.2828143947 18941.8197884857 16035.463014234 2023.75425222903 1.00181514153038 -0.0305178704571213 34462.4298873856 42869.145006674 373.880139506152 -8.9400849885566
238120 36879.7343486122 18954.4131987196 16073.4902133358 2004.3278669788 1.00248119522516 -0.029274541715037 33051.2007490622 42122.7519516777 376.584111447956 -8.71968082895315
238160 36936.5205932339 18937.9944521242 16130.4762047017 2009.3217917994 1.0016128230662 -0.0294726264224869 33938.3756431203 42413.803996993 -358.230437250333 -8.74395974781383
238200 36957.8500626171 18982.7334623518 16131.8622975612 2002.0918858315 1.00397902749447 -0.0320969594386873 35320.0758499794 44189.5480987036 671.640083297817 -9.11582272648773
238240 36971.6691664397 18990.6117878585 16152.6208067948 1984.5637004301 1.00439570476576 -0.030007755345458 33468.6963897051 42810.8303359045 560.415561620914 -8.88852659312933
238280 36896.0931352893 18858.5626528603 16163.5389382184 1992.9899600842 0.997411749457111 -0.0295874641372729 33796.2030118907 42436.6419443297 -87.2506000291724 -8.78414683479844
238320 36968.2877065958 18973.3261933519 16154.4321827748 1956.09768358829 1.00348148583112 -0.029461508468886 33432.1750597555 42027.97070413 476.246944696246 -8.772640272841
238360 36762.518798432 18880.5472520849 16048.6753747021 1992.44031670499 0.998574494358582 -0.0301006185509994 34803.8254262878 42404.5056864289 -280.419592047242 -8.83954803806041
238400 36916.6107086589 18972.8913705568 16131.7205239377 1978.25005001369 1.00345848845997 -0.0312092384856589 34810.422912695 43585.7367438715 431.357302856062 -9.04023634955098
238440 36702.0033160851 18818.6606783816 16084.0369522668 1949.15319732089 0.995301371327865 -0.0303398831738686 34544.5769524752 42497.7534096898 333.624962952242 -8.83519151705093
238480 36856.4703591118 18966.840430767 16098.5612504593 1935.55182941089 1.00313845991099 -0.0297654569219321 33199.576965093 43412.9725895254 -206.448797996665 -8.80319482133187
238520 36853.7092121623 18904.5881348207 16165.7798955266 1958.45394095963 0.999845994172722 -0.0306001829595203 34202.8156080056 43055.4868675495 451.828909120549 -8.89940136974223
238560 36910.48272877 19031.6358338085 16085.0538643938 1975.24718119465 1.00656542820619 -0.0278683775723697 32117.1951249732 41771.9797455256 -470.503167306416 -8.5887671722652
238600 36773.8646822039 18939.9599834064 16037.5329748284 1969.79294082507 1.00171677817831 -0.0308630821050076 34283.9130973298 43952.4174360355 -86.4753242632265 -8.88619746498859
238640 36794.9627717468 18883.0913594211 16071.8075513177 1983.39102296209 0.998709049817324 -0.0293199259983971 33659.2346455084 42199.2444515978 -62.487981312277 -8.73141370549697
238680 36943.8974718863 18946.7183471751 16137.6230340736 1998.26596403744 1.00207422172022 -0.0298006402339636 33265.2915445553 42884.3432472053 387.504319785528 -8.81721437889358
238720 36883.9559117113 18960.9929210358 16038.8516200724 2049.35441042323 1.00282919058764 -0.0297195689258774 32933.001828859 42895.4562638361 558.259053552297 -8.81896706803612
238760 36891.4644509417 18977.0099795087 16082.7899768888 1990.66629984707 1.0036763178373 -0.0307176647383825 34771.5165259726 42775.5609478176 328.708926494708 -8.89928044518942
238800 36706.3435965809 18954.023742086 15942.8081835427 1991.68823737083 1.00246059722787 -0.0288122365916366 32586.3453670819 42401.1069667371 -65.8056282963252 -8.62517442803528
238840 36875.6838628031 18948.9080110966 16056.0089544675 2039.45639278833 1.0021900309981 -0.0315735623472536 34475.3644390912 44141.1598283785 646.923366878594 -9.04740901462661
238880 36884.3266506531 18888.3684582688 16161.359830655 1999.65090567839 0.998988150642273 -0.0291359298103817 32531.8550725656 42198.5237291767 685.24021034846 -8.69932042891207
238920 36814.9281258733 18905.3047075727 16074.5924483665 1994.21207409082 0.999883893035711 -0.0305077941791352 33281.2972190487 43696.9228958698 573.572335865881 -8.8688012123173
238960 36880.7638895255 18851.589966341 16172.6705631662 2026.77887912725 0.997042970585271 -0.0309915028098196 35251.062990944 42922.4343778162 154.047948334596 -8.91601439806404
239000 36820.0214790916 18965.5691687283 16010.300562638 2019.2100078228 1.00307122405016 -0.0280620280690367 32350.7623022475 41471.4808592621 -5.11032443808719 -8.63100685319346
239040 36805.8602779448 18991.859708528 15986.9188628175 2009.73647046663 1.00446170612339 -0.0299360390732406 33755.4619415288 43014.8664931106 -49.8681423663142 -8.84919667909132
239080 36733.210982791 18938.8711233278 15972.2814613239 2005.02524862753 1.00165918938664 -0.0290761155632096 32399.112165759 43031.3651246339 70.6450217815341 -8.71433892676471
239120 36642.0668761035 18840.9539622389 15994.2455194907 1967.34675457636 0.996480442271001 -0.0303220377084258 32725.2306389767 44431.518697124 291.992577740911 -8.88042097949822
239160 36838.0450037381 18938.8611185326 16083.716820245 1971.56611429543 1.00165866024237 -0.0300382393594929 33279.1805430472 43275.1393584715 239.014762804748 -8.800143226161
239200 36963.2585311676 19047.1279916144 16070.6448805279 2003.18484213384 1.00738479395025 -0.0306720179781827 33868.5173872253 43808.8719554516 217.684663965572 -8.91482534491354
239240 36851.9039049678 18964.3077674556 16064.8463296724 1972.4189326798 1.00300450971602 -0.030849566800908 34458.7855077458 43390.69876684 369.414693378988 -8.95863301672686
239280 36798.847629605 18968.8118294464 16055.3448014104 1938.54279052443 1.00324272534425 -0.0302458848438342 33969.1921171312 42985.7771228831 223.531549645301 -8.84147044253746
239320 36761.1753665551 18881.6937438403 16070.1196275395 1977.14177822128 0.99863513123577 -0.0292638000220668 31857.3028288426 43092.5073297858 683.470127079951 -8.71311133068348
239360 36831.173095843 18940.7659204709 16073.8258224666 1975.22666073807 1.00175940343625 -0.031555462894925 34875.4523612814 44248.1936552546 203.974149137092 -9.03698432849117
239400 36764.7336215727 18870.2125628682 16074.875135097 1977.13110107475 0.998027902306926 -0.0302319682911559 33951.6479051348 43060.7504075724 202.09241553205 -8.83710472245518
239440 36706.9410373239 18853.6699176382 16046.1157090823 1959.8145907147 0.997152977265013 -0.0313696106297776 34626.6855785584 44003.9205639905 315.188886051099 -8.95283175358842
239480 36714.1105122055 18895.8607023646 16019.9957242256 1947.25715193406 0.999384408428645 -0.0296676186672857 34406.7634299129 42104.5000707218 -165.928019902871 -8.79362154636844
239520 36686.2598522481 18914.1780141892 16023.2193745009 1900.08566776071 1.00035319392776 -0.0300438331141604 35868.8013380707 41134.0502161533 -6.36630111957464 -8.83376551383132
239560 36862.0451947267 18958.4430454416 16089.5194464613 1957.77381628187 1.00269433005112 -0.0291432751319215 33712.5490585784 42266.468426872 -453.52847937297 -8.72471097204578
239600 36916.411605521 18956.5130791703 16110.2720770975 1990.26547662614 1.00259225593919 -0.0303918259988611 32939.6130345237 44097.2657222037 395.218548455101 -8.8929726051496
239640 36703.3335263574 18912.8550755935 15986.9670966315 1969.28841894957 1.00028322494214 -0.0292922907965323 32963.7464904706 41992.2806303933 713.360215547639 -8.7216629611704
239680 36867.256009151 18932.3384029873 16137.1204481594 1979.89311364295 1.00131367991471 -0.0329115642427695 35721.0461616479 45696.3624741001 -30.6242759467751 -9.21053866190987
239720 36818.1212895897 18869.5216896776 16096.6360191492 1999.128227107 0.997991362669715 -0.0279065304330308 31599.76259804 42195.3594155719 -288.093016405944 -8.58683289419823
239760 36964.6728236512 18985.2548233347 16126.5417359116 1977.68169872023 1.00411237991986 -0.0292747360687378 32730.3781171385 42577.5291780271 359.887069658431 -8.72151445432088
239800 36836.1441383025 18908.001691251 16103.872720347 1972.7012286116 1.00002653398128 -0.0302719138184683 33248.4905469166 43444.5781917037 587.386949792663 -8.83970210088162
239840 36724.6714202551 18867.2857301811 16110.5624590535 1920.75226135428 0.997873104862152 -0.0297094644918225 33035.2070380525 42921.8363508219 406.903419277649 -8.76129294099326
239880 36810.1732223627 18943.348427825 16068.9842180052 1965.85460611734 1.00189598983605 -0.0314256099899127 35147.3879318616 43847.1953572576 59.5133927000782 -8.97558552295958
239920 36788.3939237984 18856.9485602415 16104.238610255 2014.78979975609 0.997326381607379 -0.0312252966575165 33608.3594609446 44021.8525718488 1014.90523493086 -8.95041718695903
239960 36815.5753096316 18916.5613218346 16125.9897461252 1980.20911148106 1.00047924484118 -0.0301932554828196 33349.1141486852 43757.7910530844 58.0863261063019 -8.85390555397935
240000 36896.3923648909 18959.7015487966 16057.1927431918 2030.72696965107 1.0027608911171 -0.0298952629420206 33516.7821205246 43099.3881091649 -10.5329852389023 -8.78962848460077
240040 36771.6942873638 18880.663852714 16093.4747477912 1976.17859092076 0.998580661256853 -0.0303533233155988 33669.174433263 43833.9081716824 -158.443527038932 -8.86178746281694
240080 36750.9955765274 18942.8494495761 15965.0156541034 2013.69168184058 1.00186959934291 -0.0297396703486932 32628.7107765265 43997.9202316689 -184.92399696095 -8.80378368121331
240120 36675.9674125701 18903.0793755066 15992.0428112861 1967.35065989209 0.999766197303008 -0.0285181190394351 32522.6351262924 42169.5453313837 -224.9701630685 -8.63348781554807
240160 36687.6678212989 18868.4019262392 15985.6625677475 1991.45515991051 0.997932139428228 -0.0309960604893079 33766.4026645801 43606.5119250604 939.838025012752 -8.9532746173775
240200 36741.8380017786 18894.8870747363 16015.2081282898 2010.01566096276 0.999332914173546 -0.0283892409273582 32169.7185321196 41686.5092833649 435.058052255257 -8.60017660449283
240240 36789.4305169008 18963.6506872446 16009.860562505 1985.53913157419 1.0029697573579 -0.0312875335325898 34853.4557533883 43661.5215246416 276.93367468541 -8.99088361802356
240280 36960.2649598822 19070.6327254189 16086.1574935909 1974.33839135479 1.00862793734861 -0.0296066775831574 32812.7874406196 43470.7483790228 -100.311004212478 -8.79076927534681
240320 36889.6798211259 18946.1513153502 16083.4585788554 1996.63214615427 1.00204423193707 -0.0291724046555084 33942.224489668 41994.108338804 -402.857407660625 -8.70951153388727
240360 36732.4498488684 18909.8007521065 16026.4432903047 1941.12480225353 1.00012168462814 -0.031290196155922 34847.3655469127 43637.1044984589 313.769528465982 -8.98138096426048
240400 36657.300859126 18868.291643256 16026.7439767765 1954.64765253981 0.997926306664339 -0.0291848752244818 33077.9489665186 41964.3400639707 427.370097971757 -8.73069658332761
240440 36810.6736638347 18934.13970992 16169.6515972729 1911.06711290385 1.00140894935449 -0.0315670498098975 35127.5898164055 43696.9969316319 396.702787033364 -8.99841676045274
240480 36694.1095782691 18883.5965409897 16029.1592428608 1942.66993345464 0.99873576839824 -0.0319834378526041 34687.9406290916 44494.6141673008 643.855203924767 -9.04838546226427
240520 36717.4986395889 18914.0574949005 16070.1442641414 1932.89938807266 1.00034681977525 -0.0313935632813879 34274.3992977636 43680.955842021 1041.97064998816 -9.01760839070732
240560 36704.2814459338 18839.550877434 16096.6850940906 1948.39189130226 0.996406234427289 -0.030214442597523 33645.0150979053 43591.4907063552 1.25234114730184 -8.8540806833678
240600 36827.4481820536 18943.3411255019 16058.0394164735 1985.42882971869 1.001895603623 -0.0297127324004849 33602.5051097988 42916.9115367433 -53.7183870333636 -8.80435428559719
240640 36771.4003119686 18964.3581367183 16035.9245199879 1958.73429737137 1.00300717369924 -0.0285226636344489 31911.334995025 42381.7691588541 258.902368756953 -8.61685808256574
240680 36840.7897362296 19017.5599054246 16027.8060670219 2007.61596752256 1.00582096551234 -0.0313821395583919 34624.7994577794 43954.5370870539 390.927698794611 -9.0117400359875
240720 36755.2017176423 18937.5230989417 15949.7509478442 2026.96413574978 1.001587893637 -0.0302394991199349 34671.930777434 42626.3939301922 -149.787292302391 -8.83789961715699
240760 36669.1480253228 18857.5703764441 16015.3535093876 1984.41080073671 0.99735926888505 -0.0317130927589569 35244.7038795822 43686.5887080824 686.259668314248 -9.05172049549857
240800 36798.733761176 18977.4515208402 16070.7209981303 1939.16833878148 1.00369967054556 -0.0317953370711155 35229.2109377882 44195.8494361191 272.409192119856 -9.06166383845122
240840 36632.4482708642 18789.1581701331 16044.5827248623 1957.52076246784 0.993741011245967 -0.028659633321802 32509.421667494 42222.0388018514 -29.0947945973181 -8.61962342675164
240880 36880.6899896361 18912.2093634818 16168.4109371732 1940.14246467321 1.00024907383217 -0.0306226912667073 33924.8448262893 43237.7501049296 644.144667237501 -8.8990012451776
240920 36832.4291922725 18914.3330129891 16062.7155068197 2008.98413449546 1.00036139166939 -0.0308206326030341 34671.6813245432 42905.9108731896 435.65610124981 -8.8920191953397
240960 36931.9705845498 18945.4346499569 16143.3820512953 1982.43209795243 1.00200632817437 -0.0298673397792232 34280.935025653 42291.1599179133 -31.3233668980299 -8.77546991769369
241000 36839.3170306565 18923.7795047977 16106.343745298 1964.59958345836 1.00086100779044 -0.0292104845744347 32855.1943701999 42924.1963928201 -152.68875706302 -8.71930333047984
241040 36809.0889488641 19008.8596692342 16003.5161060496 1955.49763118127 1.00536081815334 -0.0314072783513587 34689.2728348803 44709.1048480464 -366.667211953243 -9.0351314159755
241080 36678.1871721392 18893.4441972339 15976.9584058545 1968.62024596235 0.999256601731266 -0.0291891492182336 33522.5188987936 42448.5105368721 -527.023536478582 -8.71253544195474
241120 36767.5744137875 18924.0323670418 16031.4646795801 1986.87200444386 1.00087438143815 -0.0310236242720264 34200.6522842564 43932.7965683073 274.310767392673 -8.98045466847628
241160 36770.8812933692 18945.110685645 16068.4752080593 1926.88438424282 1.00198919400476 -0.0313478935426681 34129.9903448712 43869.8931400123 926.057570742259 -9.02103135567024
241200 36732.5301980908 18883.5044670524 16013.6303794425 1984.26029443032 0.998730898693766 -0.0312565009137191 34221.8271410053 44644.1091661215 -27.8672983438586 -8.98584341753905
241240 36870.7945691883 18984.1316119708 16100.8447864879 1953.45236725741 1.00405297432081 -0.0312810773560554 33950.3994628181 44027.7499975523 914.665640620668 -9.05273768086096
241280 36770.8263422633 18880.1053520111 16155.7102384391 1931.72108193503 0.998551122676772 -0.0292870537032741 33179.6904684233 42565.4944095604 -117.854579486282 -8.68743608411727
241320 36702.0599959512 18815.6716803273 16097.427402435 1965.56405553579 0.99514328601493 -0.0298270832393475 33231.6325885258 42456.8647592976 848.434327099362 -8.77171432256265
241360 36918.9328982848 18959.5678300811 16171.6551363355 1985.043587432 1.00275381885924 -0.029020906730683 32610.0594310945 42468.6569734187 253.537898620091 -8.77473263290853
241400 36934.446367307 18959.7636494182 16144.912012508 1999.09940233859 1.00276417556092 -0.0294886617078628 33542.291373168 42440.8639423968 14.4496924128418 -8.7931116994953
241440 36800.8729694251 18960.8223195177 16033.5169317554 1964.27492009242 1.00282016763283 -0.0293458310704043 34235.6179108007 41513.1340623651 28.4396928136943 -8.74753914244542
241480 36948.4072613983 19017.4221764122 16144.4213568366 1958.05492787681 1.00581368115362 -0.0302397650763388 32810.2990939497 43936.7783007064 523.351218711727 -8.90763123614675
241520 36826.0382981967 18951.4627415193 16076.9167832974 1984.52757567578 1.00232514830196 -0.029008950295535 32983.13239197 42310.5302129632 23.5742548330896 -8.70410265674884
241560 36806.0326736862 18919.8684817607 16066.2787274642 2000.2201388798 1.00065415743809 -0.0295556954910225 33851.1980929336 42362.7566954067 -84.4362864525234 -8.72208793913818
241600 36901.0034504141 18987.868396464 16132.7434132774 1968.48862870911 1.00425060935946 -0.0303344024722062 34914.0155365206 42572.733999207 12.8838488115203 -8.85701401755442
241640 36752.7030346771 18839.479446407 16119.1632636277 1983.08678740003 0.996402456507045 -0.0304355415150746 33734.8528283002 43807.4214419736 72.9332692862304 -8.89075172024428
241680 36631.2258218259 18785.9167174599 16041.9223866611 1972.14594413047 0.993569573844235 -0.0323937192723787 34750.6629080302 44743.7487951169 961.379443645699 -9.07273549106789
241720 36793.9881091916 18890.5540370651 16093.6187620283 1978.36729310392 0.999103743861698 -0.0316513788949344 34516.8410933112 44703.1931399453 215.31480592208 -9.01644910118494
241760 36828.7590571975 18970.0958150459 16061.7378332394 1975.34603413611 1.00331063414232 -0.0291107740736627 33392.3241440926 42301.2946210123 -275.041911527243 -8.71685012881389
241800 36874.8430904954 18952.0257842871 16111.8607918949 1971.60857351831 1.00235492710761 -0.0297741736123762 32570.1466665879 44420.9644431745 -548.23512071499 -8.77710802034177
241840 36814.430002137 18894.4703193407 16113.198734605 1966.51179305213 0.999310872370259 -0.0287538959430675 33972.6833353943 41399.5403793584 -414.422582502832 -8.67938594028129
241880 36672.1449390895 18820.8125430677 16033.697958961 1979.14999938053 0.99541518143952 -0.0294639449085532 32925.1190413713 42802.9020318894 358.630967924088 -8.7655028373564
241920 36792.1804749547 18875.7626020618 16118.3055542331 1962.56644644523 0.998321438691619 -0.0314216314403919 35464.571593333 43299.9674812307 186.431249963979 -8.94780375533328
241960 36843.7817144536 18826.6182075613 16153.5990444794 2011.85486942052 0.99572223760737 -0.0300121790594954 32989.8318323025 43493.3808169956 262.458441714768 -8.79846709653526
242000 36939.998744257 18926.3338484733 16136.7534122108 2038.65323396514 1.0009961046396 -0.028428566528493 32982.7287128414 42210.8092593685 -892.467371494182 -8.5896187010323
242040 36718.4982044722 18918.4224579391 16001.7259154649 1993.51714420278 1.00057767858993 -0.03076062939684 33938.7357577174 43340.3643159844 692.933168706947 -8.91550608834257
242080 36861.0281998851 18914.4782814771 16109.2501427598 1995.58586998949 1.00036907478393 -0.0295633799063573 33340.3998223202 42151.7557032033 647.264951076563 -8.74626912253341
242120 36939.6304763993 18954.3883176651 16119.4938630097 2033.07554282717 1.00247987928944 -0.0293859706146339 32889.6775408044 42647.5510377471 322.132580372631 -8.75748383105137
242160 36876.3904164174 18905.0954408415 16131.0315567253 1978.82681259368 0.999872825113925 -0.028140648092474 32866.0483299152 41040.4722685727 -47.0376106235915 -8.5785690953232
242200 36838.5441445225 18904.8568868642 16134.8113361191 1960.95972200995 0.999860208217065 -0.0303992551460316 34126.3543662119 42948.1903772482 399.012216947894 -8.88084815509012
242240 36985.9696980753 19029.7819154861 16125.4727839788 1988.72289141424 1.00646737619919 -0.0299860617905637 34060.937790868 42691.0456106667 -85.1650133986714 -8.81597719981292
242280 36675.6393919134 18789.861286154 16057.4613139812 1989.69056641554 0.993778198395029 -0.0313287922790526 34128.8334126323 43708.811950046 1115.99827825413 -8.97630041144097
242320 36771.3028764132 18938.921723516 16038.7444141646 1946.58432812232 1.00166186558329 -0.029208809208572 33387.2724470671 42226.9151236502 -153.372371379066 -8.69517109627557
242360 36872.2079894121 18987.117805923 16092.5044697471 1951.52320052345 1.00421091132741 -0.0298529617058832 33927.0572445236 42869.5346683938 -202.706017028012 -8.82864774163182
242400 36926.4946297041 18984.9563038981 16120.4727374769 1979.67044042813 1.00409659150592 -0.0293815138033974 32446.2872058795 43001.5441236361 407.926138163618 -8.76394321501342
242440 36658.5359584416 18817.3536236894 16049.019056265 1951.97182744855 0.995232242427048 -0.031195621013229 34416.5289116355 43255.6561321272 1072.23227193701 -8.97901454595366
242480 36603.4190175754 18811.2057250789 16000.7723468554 1979.26945211271 0.994907085816681 -0.0305945013181698 34419.3001725947 43141.0040587235 77.3605466384852 -8.88244641436673
242520 36721.639186219 18968.0889723218 15989.072096249 1943.42373241787 1.00320449410666 -0.0306968735436845 33779.1836330507 44337.6155034506 -183.818433493436 -8.93983230976012
242560 36733.3529617047 18938.5037677741 16033.9457812538 1944.33766722539 1.00163976029481 -0.0303235713285751 33332.3879935599 43653.8460628047 275.278408139951 -8.83449618833517
242600 36757.2269349479 18900.9256638972 16058.3760542399 1978.54486797943 0.999652289509305 -0.0293823662081751 33557.0342964292 42044.8664328049 258.813778210237 -8.74004346308246
242640 36742.0419825227 18903.1047112085 16089.9787238903 1966.93507246783 0.999767537284598 -0.0291255461184546 32782.4546295031 42333.2289139716 274.956172998196 -8.66031657967716
242680 36700.7046946485 18885.5868058926 15998.1310303293 1988.26231297723 0.998841031648428 -0.0296148175015192 34134.0936161842 42267.6690805072 -235.03534446758 -8.73752107076197
242720 36657.1980146254 18869.9773090596 16064.8843696343 1944.79379226397 0.998015459952907 -0.0306600365383043 34044.7859003178 43028.7448302494 742.761322975398 -8.87918298724405
242760 36756.7192991948 19000.4480881522 16017.3791277609 1936.28002808215 1.00491593749318 -0.0302846768003753 33688.4917961798 43810.810438044 -272.034524062985 -8.83788773605726
242800 36744.8122659919 18881.0385306772 16076.0790032892 1965.15583557395 0.998600477624073 -0.0296490134087455 33108.5157333352 42854.2694906227 314.095709621542 -8.74729025914589
242840 36725.1597614583 18898.0483748908 16104.0176474452 1947.7597937896 0.999500112383487 -0.0293776917199275 32489.7624467079 42866.9733304665 438.657852625481 -8.72080969143931
242880 36919.9507942406 19034.212468758 16087.1740542591 1986.59158178442 1.00670170401999 -0.0301888862043763 34106.9980568294 42938.6127902904 53.7671538378607 -8.8611830890724
242920 36628.1093881428 18855.8066031439 16007.6762643269 1959.93445229647 0.997265984564003 -0.0303277790121572 34071.7213389393 43154.0813202188 186.253186358048 -8.86002146196747
242960 36698.7712555669 18888.1564698338 16085.7305373465 1930.8785675097 0.998976938772117 -0.0318772226223431 35490.9680952599 44209.2876256661 116.851823526273 -9.04027483468884
243000 36754.8133501519 18928.3944607653 16078.4079003716 1973.05651043865 1.00110508849744 -0.0303330725782283 33430.2418789315 43740.1572718445 186.86898914647 -8.84682402554101
243040 36664.6717747775 18925.826944952 15990.6956640589 1980.67213691384 1.00096929498622 -0.0276296961910841 32440.5742276092 41028.023931971 -300.1428542309 -8.45292399234091
243080 36522.7438229737 18831.0577822512 15956.8650383708 1992.32063611824 0.99595704256254 -0.0302555733263031 33871.2317548484 43208.6119321384 122.516093012935 -8.79067473380233
243120 36605.8297526199 18905.6680702816 15978.2774675036 1972.90555777798 0.999903110949707 -0.0291797543860962 33197.4453530463 42979.8216898171 -603.727081385917 -8.69972397605537
243160 36596.2098674125 18923.197661178 15974.6404436516 1967.23094806559 1.00083023462531 -0.0291985807877129 32687.850456518 42739.7563480519 202.867527905068 -8.71663967143663
243200 36666.5495366417 18904.2030705632 16027.28820323 1997.46542141836 0.999825628484103 -0.0298934580532989 33411.5429926064 42951.9620259405 274.479516296169 -8.79608128378117
243240 36583.3172128568 18873.7798202689 15951.0657974701 2003.25435031507 0.998216571216125 -0.030016613310533 33588.2105412602 43554.0943706733 -172.857428379382 -8.83969829817115
243280 36650.0443143214 18926.4798724576 15979.2163842663 1962.10058309126 1.00100382771163 -0.0287035681266562 32549.8970474055 41842.7828745217 445.720467486214 -8.65267007296524
243320 36683.3094416606 18951.7902208778 15987.2099609377 1949.36616360606 1.0023424683791 -0.0301098382671936 34135.6507539077 42582.3273197307 306.426028156592 -8.83962325137929
243360 36747.2484077589 18996.4390919202 16026.2932429596 1925.97166064797 1.00470390543013 -0.0296246615598514 33207.4483064555 42103.9864299276 801.580562711731 -8.70252662550698
243400 36591.6938100018 18863.1509102076 15941.4807071763 1968.38529392178 0.997654418099038 -0.0297450724090933 33970.6543869898 43002.2307575142 -491.688675638651 -8.75024171948809
243440 36693.3812854534 18947.8145856072 15967.1677940159 1990.73453650277 1.00213220074612 -0.0319811296934533 35126.7376974851 44650.5536573441 179.403226729724 -9.10940010345603
243480 36686.6850721502 18938.2494236556 16040.3830972977 1953.15805076382 1.00162630827214 -0.0310577048753117 34207.9930600851 43835.3490042437 446.93324193736 -8.92445032884482
243520 36674.6071452508 18965.8820595367 15942.1880644659 1965.14212906631 1.00308777255252 -0.0300145850940501 33266.1379516127 43046.8153635253 457.971776779374 -8.80556641214553
243560 36517.7477730568 18849.070809589 15937.380225939 1958.70771385905 0.9969097347396 -0.0291076298568543 33291.2597949607 42752.2538100001 -508.826655954172 -8.66596470192231
243600 36681.2604696057 18898.9570496188 16059.1010917469 1944.86398356107 0.99954817134041 -0.0301126191657379 33831.9349007892 42873.1779646877 396.699254742211 -8.84526797139579
243640 36778.3078358243 18917.0420294176 16047.8061047137 1986.69163080367 1.00050466901587 -0.0312210544472674 34625.8158873489 43858.9297209269 287.173915215858 -8.96757123362825
243680 36708.1075615334 18937.4911196038 15930.1583789987 2001.25598599965 1.00158620227972 -0.0290700899973312 32172.4265972266 42879.2927504413 362.643010118071 -8.67960693470426
243720 36551.182805025 18887.9372779059 15895.2272584274 1995.00448544478 0.998965345915956 -0.0281312759991135 32861.9383386127 40822.5842887982 214.389655876927 -8.54636305737327
243760 36714.1855627885 18939.9070578838 15985.7276432938 1987.55330956851 1.0017139789969 -0.0281539208194318 31813.7314627329 42195.3179634725 5.7029488468494 -8.58925583966864
243800 36694.3439444718 18923.7392806543 16026.2771658203 1979.38966368228 1.00085888037309 -0.0291181305529652 33333.8471557085 42605.3297936223 -388.289390375876 -8.71174014680523
243840 36757.1084518519 18952.2804942135 16035.3238788673 1975.28233507593 1.00236839847751 -0.0299234860194054 34175.1965690422 42331.6939470785 204.743259702768 -8.78613435436343
243880 36616.8439057059 18958.379619142 15876.1465860803 2011.79470608715 1.00269097549343 -0.0296026770283889 33823.2375127382 41903.0061476332 427.299848030533 -8.738678484659
243920 36667.9014223838 19002.4362594332 15949.6889681606 1934.33166906113 1.00502109001366 -0.0305297380927496 33504.3343422995 44194.5100577083 -74.4320817592799 -8.82200445557234
243960 36728.2670885452 18968.6396315889 16023.6874004567 1970.74456897599 1.00323361796054 -0.0314398399483609 34928.803860608 42689.646361869 1557.85351648988 -8.97687108248148
244000 36478.706531466 18854.1205981294 15866.6265775749 1973.2202334732 0.99717681333489 -0.0298176353636334 33421.0599543784 42628.3056626406 530.221510664612 -8.77564194304099
244040 36643.657830347 18920.7004852734 15950.0161989621 1982.04379634334 1.00069816132611 -0.0305522379529332 33693.9042020187 43150.2505774122 817.882866478655 -8.84789366131867
244080 36737.0348862597 18925.6249774166 16058.4272978146 1974.12195843437 1.00095861311208 -0.0304772864703291 33598.6808832929 43915.7123522417 83.493438441529 -8.88496077292315
244120 36810.4367879673 19016.7733495059 16001.948890477 1978.4040737656 1.00577936530508 -0.0297860454113554 32946.5489578729 43075.9452743174 449.558423344397 -8.79983342660463
244160 36640.2841120497 18875.134258124 15977.6804329502 1991.89347153926 0.998288206168136 -0.0302879156619893 33424.4591201554 43440.2626460849 453.99593747109 -8.84476389603597
244200 36730.9639399974 18908.9026871929 16044.771418383 1974.54093872413 1.00007418681438 -0.0290949348953329 33185.3845009002 42454.2557528136 -185.984717777377 -8.68996995912963
244240 36719.2004648549 18930.7305049013 15993.3578915912 1983.38058288065 1.00122863968802 -0.0300077122813525 34276.1787088176 42927.7984668802 -371.969920618377 -8.75851841709626
244280 36750.8142204301 18923.2703104632 16044.5709299761 1947.7685013198 1.00083407697809 -0.0305040690783861 33622.7146470777 43135.5476123094 904.210878530276 -8.84868652039156
244320 36620.5100436482 18960.4013652277 15899.4111393447 1986.86809929632 1.00279790375394 -0.0278209655457319 32755.1948888737 41151.3488295442 -480.910365375332 -8.52945539984535
244360 36767.9845908018 18967.9293723002 16042.4808333448 1972.7899788069 1.00319605301072 -0.0303277412669125 33732.6953081025 43717.5501863798 -82.7553204609733 -8.83816765667001
244400 36642.9580974988 18774.9930614389 16093.0781668124 1966.0342631546 0.992991831888874 -0.0300489921221955 33301.0339875265 43166.34999275 398.594360872671 -8.74298540143549
244440 36586.3676191531 18837.0311129307 16000.3986169504 1979.27989784201 0.996272966438224 -0.0307285801059016 34140.6999683884 44006.9777926453 -151.873505667699 -8.84219907221422
244480 36821.6785576971 18987.7422798676 16101.9945871283 1949.50869987777 1.00424393917057 -0.0278870877679457 31145.347831349 42267.6869507177 133.858554572782 -8.55750346547218
244520 36694.2322680687 18921.7842351605 16036.6744459921 1970.77065985016 1.00075547984453 -0.0310298524808419 33737.8642211547 44054.3921190042 624.174952840992 -8.95750769637044
244560 36636.1812083259 18937.118663036 15945.1289575676 1972.44152456346 1.00156650340003 -0.0291095914248332 32532.1800196565 41989.4718093548 895.293810380917 -8.67112560881583
244600 36700.8141980503 18947.4893742834 15971.7538750987 1998.98162711709 1.00211500062321 -0.0304323337148222 33761.9065173181 43179.5181758574 579.827494994163 -8.84473507077149
244640 36676.4722900395 18902.9212616546 15998.4594201792 1982.03979096129 0.999757834809182 -0.0276853434740673 32620.7961898048 41344.2140824916 -796.645433617878 -8.48363158377416
244680 36670.6431260734 18882.6795351452 16031.0949411752 2016.69953620792 0.998687268816354 -0.0303875486609353 33492.8172216822 44289.8429173427 -217.754903490334 -8.86677088841692
244720 36735.160395269 18960.878404414 15957.7690023143 2026.97205248589 1.00282313391057 -0.0300605677468762 33596.0605493175 43201.3604327883 100.153481127727 -8.81578336605086
244760 36703.990808365 18909.7705275522 15965.7969543268 2004.76427169336 1.00012008607971 -0.0300421101804561 33458.5194389123 43016.3647251626 271.508475237091 -8.75356166004523
244800 36739.4138370494 18952.0453575853 15984.2946796195 2010.76607505285 1.00235596232105 -0.0303448839275217 33807.1403212447 42996.3871109247 547.314721433837 -8.87269951549857
244840 36801.1397722797 18980.9300460776 16018.7017626081 1993.99645121128 1.00388364649359 -0.0304274335900785 34424.1283397251 42794.4375197315 397.280927260791 -8.91347999917448
244880 36555.377487597 18823.1531276669 15922.7348142472 2030.97788186452 0.99553897277096 -0.0318920075323905 34885.1870546489 43938.6317756467 848.207686212855 -9.02855447926785
244920 36688.3037843176 18885.6309653055 16050.4378454049 1984.6211371669 0.998843367198491 -0.0307191448249387 34065.6090206251 42933.6711962501 899.196685087749 -8.85833185384245
244960 36544.6703586377 18856.3534316853 15971.4862391802 1946.49831485224 0.997294905814375 -0.028738604862544 32041.8268739988 42515.6566148596 282.272471943472 -8.62947096235247
245000 36727.7538904537 19041.2205349831 15970.9885880817 1954.21468405925 1.0070723540914 -0.0302201492848742 33693.9235104271 43116.4909942991 208.051643965306 -8.83620765331511
245040 36657.8679943519 18921.6428458026 15977.4981346278 1979.8183017717 1.00074800189357 -0.0303772862846925 33243.6946815731 43730.8146284074 456.838541017318 -8.86127353066382
245080 36620.3458116141 18879.4696305609 15996.9233711306 1968.77605508843 0.998517499963555 -0.0294762911084126 33722.086247587 41876.8112208197 498.25868796012 -8.74520508018299
245120 36628.0383911595 18856.2860729101 15971.4316417766 2011.78982575574 0.997291343271724 -0.0296887180908663 33618.0367257236 42492.7622789061 190.085437949286 -8.73748693713634
245160 36798.8043306036 18984.7832757944 16019.8841087005 2010.08098623536 1.00408744021126 -0.0309388554913897 33864.0639490047 44330.1294708577 27.7457379715746 -8.94143108070719
245200 36658.1951921935 18908.1866070513 15991.9634387831 2005.37073088843 1.00003631400509 -0.0291431664967581 32436.4299739147 42737.4492497668 300.687999593232 -8.71571282110911
245240 36721.7257277341 18973.7805345017 15954.6269639316 1991.00607795827 1.00350551550981 -0.0305526622913672 34422.9888852317 43270.8546148723 51.2708801875076 -8.91062453898202
245280 36782.7216399287 18986.9137062672 16009.0619361499 1974.35988030679 1.00420011668741 -0.02838498016664 31612.9969241017 42104.6268676177 679.847904288559 -8.651853482725
245320 36702.1814035407 18914.3286313346 15996.9615504841 2002.3501316032 1.00036115992778 -0.0292616934262559 33776.4582980226 41788.9327106686 111.715769730148 -8.69820072393117
245360 36694.0631535928 18928.9604385668 15954.6405635491 1994.97577152288 1.00113502253427 -0.0302488565574401 33592.082579394 42719.2305343823 844.791229460035 -8.83598794842689
245400 36726.0763436759 18922.8255227599 15966.5563316219 2001.79274719742 1.00081055257225 -0.0295482584059835 33221.2662326779 42755.0144806514 221.372444450338 -8.75212585317377
245440 36762.9386641521 18917.8337215925 16014.3649095537 2001.48752474569 1.00054654087492 -0.0295899886147992 33997.119765113 42186.889218979 22.9707447885869 -8.76280347603927
245480 36759.8767055142 18940.4035759539 16003.0943687153 1994.82961584454 1.00174023937347 -0.0302840292340308 33991.6226985873 42891.2547283208 488.247005139563 -8.87499382131524
245520 36797.6339409889 18945.5704078202 16006.0173326073 1983.05691536988 1.00201350828085 -0.0301269651780956 34522.8928745654 42101.1097763694 418.526023087652 -8.81309705486461
245560 36754.6332491614 18942.3157171687 16032.1296749172 1948.25066584353 1.00184137073483 -0.0313846496011195 34855.1360062329 44062.014978948 -42.2799878641432 -8.97402850441287
245600 36797.3383086366 18929.0567802995 16023.3248760678 2020.08030745867 1.00114011795846 -0.0297116560797886 33060.624580353 43025.6515932812 312.738426912521 -8.78000851852212
245640 36921.9019086521 19083.155012314 15972.3088781641 2051.0157068888 1.00929022939648 -0.0298239342874503 33841.0404449096 42178.7279951716 465.028963279358 -8.80925720145472
245680 36901.1855517886 19068.1154898498 15973.9417519086 2035.08397161443 1.00849480311251 -0.0299827202092191 34303.283921841 42522.2609828173 -73.4901916359424 -8.79862724341972
245720 36809.1175816756 18972.1459158339 16003.5420476969 2032.02356234771 1.00341906205653 -0.0279810931729931 32682.2496486561 41146.1052754325 -184.043539958531 -8.49944561517756
245760 36774.2238543172 18945.5166747155 16025.2708634299 2025.02814821589 1.00201066638717 -0.0306187990905938 34490.8649149533 43469.1094681501 -201.437819268162 -8.86383797404747
245800 36881.4375933289 19088.8387510305 15929.0206930888 2047.0656285257 1.00959083702396 -0.0267945956849979 32382.1460394673 39894.7997640489 -349.349607765077 -8.41648434292513
245840 36643.6841086999 18809.4908926441 15992.6383290625 2017.36045671418 0.994816389932252 -0.0301545409934242 34014.8505006856 42850.4115703074 221.524357584242 -8.82415862435612
245880 36622.779467208 18805.2484718748 15964.6360666697 2034.02213038188 0.994592012263642 -0.0309553965202516 34413.7302474245 43653.2674667562 329.159695624185 -8.89880843891255
245920 36696.6862329338 18965.6826813563 15895.7975170066 2021.65595609874 1.00307722762693 -0.0279929669663142 32342.9896125528 41292.9178438879 100.57519338759 -8.51699231260629
245960 36783.5673402037 18994.7684786405 15974.6458409739 2023.68825389788 1.00461554825548 -0.0292969149053489 33302.3809022035 42584.6089238299 -167.301226532536 -8.72426972912499
246000 36736.8512770654 19006.1247105945 15893.7024339914 2016.63180158324 1.00521616874756 -0.0291529666454848 33097.6453779566 42664.3358303683 -253.31629744455 -8.70744127982685
246040 36697.715001289 18995.5050723099 15927.2765776189 1968.88900823487 1.00465450600608 -0.0306875610849746 34012.4965080717 44132.9365324971 -256.100658698868 -8.91732391880782
246080 36731.2085063622 18984.3634025057 15932.2552857157 1979.11717267208 1.00406523350553 -0.030071260201815 34247.3186593072 42542.4774012871 71.7843033876906 -8.82142593362654
246120 36731.1218122032 18953.3186873313 15913.0022467471 2022.01252226984 1.00242330754099 -0.0288720925410038 32300.7776938161 42403.4297219395 376.207051299525 -8.62027020695151
246160 36557.6261188661 18830.4877797554 15885.1925391851 1985.88076684622 0.995926895663384 -0.0288528277243836 32297.4973498727 42586.9595953687 195.175789658368 -8.60541930734382
246200 36804.5555711107 18956.4849758327 16041.6543367225 1988.43659366766 1.00259076957994 -0.0284472588590594 32937.6104108272 41447.1569025822 -82.5240868850483 -8.54563341622416
246240 36801.2585375123 19002.470802024 15968.442549649 1989.71769103987 1.00502291693899 -0.0305268331115597 33821.3716694388 44018.6633398483 -112.941166634631 -8.8475623627664
246280 36745.8310881677 18976.8701481744 15944.251998654 1986.84632459045 1.00366892228874 -0.0285905492905235 31293.9900532487 43180.1963414437 41.9403124650308 -8.60318005204179
246320 36748.9548229454 18940.7042211344 15964.7779249324 2015.6277955087 1.00175614021602 -0.0305252646462948 33763.3573703559 43583.5777272138 304.342203335408 -8.83954254434356
246360 36697.0170585831 18903.7844045581 16004.1320520829 1974.78118347384 0.999803485630471 -0.0294113053361132 32660.9947913513 42879.4028925245 401.664243714369 -8.72837014890296
246400 36753.3552284336 18951.5489328016 15955.800199617 2023.63161208667 1.00232970687831 -0.0290330171665699 32776.6163621657 42075.7311462148 471.625543600905 -8.69650374610912
246440 36630.2160241154 18799.4408423963 15979.4264858965 2037.22310072813 0.994284852169576 -0.0297990714521677 32925.5225515008 43397.4523395866 210.099697857515 -8.73528472729145
246480 36782.6687430138 19100.4188548109 15884.8582315134 2014.3970506469 1.01020329788766 -0.0301803033609117 34523.972694531 43251.5056080576 -680.579997453383 -8.86907334739808
246520 36806.5407273805 18980.4949591523 15999.5117131393 2029.26681769875 1.00386063515284 -0.0287109510278144 32743.0398116547 42180.1931813131 11.1464992199969 -8.67447331089401
246560 36734.3736999792 19008.0179713899 15933.155849766 2016.03172358215 1.00531630154118 -0.0292171045556588 33265.5835953534 42283.1114848235 -23.0443520305656 -8.70871153822112
246600 36667.1111562031 18887.4509227133 15987.5543038485 2021.48072055508 0.998939623044469 -0.0306877299860803 33704.2880949741 44025.3272133131 141.407186628551 -8.88312838201244
246640 36522.2639209564 18802.0737935701 15969.8525063396 1983.57475050873 0.994424106495843 -0.0300719151683932 34288.2122685875 42570.0277348086 117.384667297865 -8.78887772134923
246680 36568.4326861067 18786.719718409 15988.9018706966 2003.63853405544 0.993612043813777 -0.0316530205269325 34865.3365679573 43323.971456992 1137.87521217902 -8.99636661199295
246720 36738.5593046179 18890.1961793329 16032.8318722682 2026.47546593732 0.999084817100774 -0.0304887069500018 33779.0601316409 43576.8632835814 224.098395069763 -8.8977493077137
246760 36826.4583118048 18938.9424366181 16076.8753207766 2033.00942395153 1.0016629610799 -0.0289694503732735 33470.5201818756 41852.459165674 -27.5572005518173 -8.70749414866392
246800 36790.4144301166 18973.1869956874 15987.3960052975 2032.96041321777 1.00347412379677 -0.0297807425695043 33096.8602667217 42941.1471770169 387.178792744185 -8.76680719316398
246840 36629.0174174484 18862.7529362045 15950.5506728629 2002.47950022805 0.997633369626046 -0.0309173021409888 33525.0043962299 44203.5682608482 556.207125752532 -8.91773453292975
246880 36591.0916074235 18854.397790615 15938.1463105252 1975.20774811464 0.997191473786326 -0.0290104696021803 32267.130862622 42863.7097814063 52.3522142538382 -8.62554028651471
246920 36609.3167840071 18914.5605294204 15898.4769034841 1973.84899380182 1.00037342480076 -0.0292147668701845 33213.7666814713 42064.2573812588 290.640455280489 -8.69364346338129
246960 36725.7097620836 18967.7917426781 15941.7045684918 2001.59403639439 1.00318877390867 -0.0310981825185964 33992.603452741 43814.4506068849 716.455492139663 -8.91983958754114
247000 36703.9395819201 18957.2965861279 15955.1228892996 1994.57060773691 1.00263369488975 -0.0313937264012736 34318.6912188812 44672.3174726689 16.2098200331118 -8.97143851122088
247040 36623.2301351511 18898.1579938165 15941.1447710525 1982.38211477038 0.999505910025995 -0.0278575817631019 31683.0592067237 41970.0316991723 -254.871500119675 -8.48785551764234
247080 36578.6923393282 18898.0109500946 15934.3084725961 1958.2624575005 0.999498133021004 -0.0301128436589005 33557.0265228258 43074.1198053127 347.523138062555 -8.80291770649953
247120 36537.4610077161 18843.5128963175 15956.3150115106 1987.51255689168 0.99661578190229 -0.0316928348162285 34410.6409464172 43995.141415483 1117.72236188657 -9.04439764531352
247160 36574.1457764862 18890.2552746586 15883.3752339818 1966.93315515461 0.999087942597308 -0.0281108802375336 33053.6545609469 41582.9945669568 -766.246106658066 -8.53494223960694
247200 36547.1790369217 18996.1150310468 15862.6331742201 1912.20921146165 1.00468676615348 -0.0289178957670376 32219.2688108122 43163.4920993597 -321.192104279873 -8.67208349422566
247240 36537.2089118123 18911.13620414 15886.7972203041 1965.46196272583 1.00019231543779 -0.029477467933407 33589.3806242862 42756.5950636775 -371.858366577097 -8.74151071234576
247280 36665.8944557962 18927.1376252014 15921.2224250116 2017.26913921424 1.00103861563937 -0.0290576840502922 33102.8643930307 42187.9307497032 53.0480375293973 -8.71804297382042
247320 36625.0664040176 18845.1930809973 15997.7452110649 1979.89323242756 0.99670464529934 -0.0305918145329834 33866.5361582626 43342.087515182 535.701623871483 -8.88057387636356
247360 36687.1826998266 18938.0604736231 16012.1319608787 1943.30806398043 1.00161631488156 -0.031085599645735 33614.3200854354 44159.5339247773 753.363455820871 -8.94332146898858
247400 36541.9534754641 18787.6656657735 15999.4339631942 1981.5654253108 0.993662074085602 -0.0302284625228465 34118.519219721 42555.8086676316 544.437776162269 -8.87399159045086
247440 36636.9979559913 18919.8797012643 15925.7099241363 2002.64254186314 1.00065475082715 -0.0302416982057109 32476.733739252 44308.7454527668 488.593624820836 -8.86423757496336
247480 36695.9377043187 19001.1440911393 15933.8957082474 1990.99117460323 1.00495274844053 -0.028613247110572 32137.4096056276 42697.9957491008 -102.817668257773 -8.63499142356319
247520 36561.8855767794 18958.6569499397 15874.1283228971 1974.31294053036 1.00270564326007 -0.0294731693879234 33339.1145462425 43353.3936241904 -616.88891117511 -8.75837756474241
247560 36605.1499215215 18928.1520376484 15918.2571526969 1997.27679700939 1.0010922669654 -0.0298298535013229 32974.0189343167 43572.611508474 6.76161566260485 -8.74725996698414
247600 36625.8391475905 18933.5661107384 15965.3734827654 1974.18481650828 1.00137861222998 -0.0320881052690092 34206.4178540413 45261.9894296113 662.21241761404 -9.03216848179134
247640 36671.8567178963 18910.9431184298 16026.012570233 1990.58481002838 1.00018210331508 -0.030690848657015 34030.5424543871 43391.4800411039 512.194229966483 -8.87975676961498
247680 36584.1933445715 18881.6950309137 15910.4797248662 2017.45465884006 0.998635199307877 -0.0294932018613126 33207.3670166718 42664.993343944 142.323596543543 -8.73949014355257
247720 36769.3314750758 18966.4359533645 16005.8181168029 2004.77348507944 1.00311706747928 -0.0297498134075863 33436.4931132868 43585.7446683942 -572.552365781565 -8.75024378655887
247760 36666.3437443208 18911.41931663 15967.3652242431 1992.87623050767 1.00020728899273 -0.0300620795338225 34304.5961391048 42174.324829784 500.187621059163 -8.79492941419687
247800 36395.0748782477 18770.3246857981 15929.3336503499 1938.47930509686 0.992744925865296 -0.0298137578893374 33625.623525495 42424.8132800509 392.133098143797 -8.73470221973851
247840 36613.5149820984 18934.6106540265 15900.7181619164 1999.35763076442 1.00143385714804 -0.0303854458903945 34104.4742891114 43174.4821497427 155.011933920606 -8.8291851822902
247880 36729.3931948125 19015.5227460107 15913.4011522156 2014.54116968443 1.00571322205531 -0.029231604243327 32121.6237743673 43186.8521363977 263.211672083495 -8.73339204170242
247920 36631.4913946675 18953.2399184212 15888.0063122992 2003.29388659678 1.00241914152697 -0.0290152316233316 33349.6640125741 41733.4265983324 307.752747997945 -8.68659078739125
247960 36535.464696452 18884.0723191561 15902.0467604748 1975.62487298385 0.998760931860693 -0.0292017596892993 34117.8617055256 41514.1164525709 104.935975789009 -8.71075382289231
248000 36671.2808418523 18895.5628333086 15983.4754753849 1999.53493666922 0.999368654412727 -0.0297787136120141 33131.4201303958 42985.400585829 277.695979405829 -8.76187297192945
248040 36656.7607035393 18941.766428596 15921.9158976361 1978.05021560945 1.0018123193757 -0.0301793802575678 34078.8909895777 43066.9890969403 -25.9166212184996 -8.83453906569408
248080 36749.7432665075 18986.9365011421 15945.9229329344 2007.42671055124 1.00420132228703 -0.0295594304496081 33219.7404476971 42172.4614705918 674.729348566661 -8.71489067201235
248120 36656.7021687971 18948.3247193134 15919.0748562716 1981.02923755629 1.00215918124096 -0.0290400034041106 32133.105660284 43543.7377436629 -363.513120227103 -8.6640661438747
248160 36557.9423075164 18874.1436411224 15901.7357898673 1982.901358114 0.99823581336096 -0.0296409287612592 33275.4865594956 42715.1389063773 241.662826973653 -8.73447257406255
248200 36613.5794053047 18940.9807720876 15924.8765143499 1970.42272334492 1.00177076673741 -0.0308991748591544 33316.44245661 44757.1022817999 218.630161656105 -8.90382568809357
248240 36512.7195145678 18948.1814752356 15831.787601907 1955.38539484034 1.00215160519559 -0.0286949926500963 32067.0960006212 42417.4190340185 266.639297080171 -8.62203784578312
248280 36722.7015283939 18958.9455933325 15954.4069295523 2019.89830081171 1.00272090933928 -0.0310766014285963 33252.5628941946 44750.9296652756 513.479962358308 -8.96940722004788
248320 36626.0239198994 18908.9225746269 15978.8179927749 1978.46182285342 1.00007523864217 -0.03015914970377 33173.3330096991 43569.0965566939 389.189053644136 -8.84928538893929
248360 36534.6279825636 18884.5866089379 15876.4131700297 1980.0857129602 0.998788132166488 -0.0293463811131167 33265.9146614371 42519.5775857374 129.624985034888 -8.74997007571089
248400 36712.5295442198 18911.4808134402 16033.6999645054 1942.99443581566 1.00021054150153 -0.0287285677681934 33218.4958689744 41326.225850331 285.066913206518 -8.66394254662659
248440 36721.1110481988 18962.1180205265 16022.0149953607 1953.83576173294 1.00288869604794 -0.0284104832762822 32971.2012419625 41664.782568824 -223.647293912525 -8.61309431098233
248480 36772.1523707131 18994.1093355046 16014.4250357334 1980.4299829466 1.0045806867912 -0.0285343378288663 32852.4416385923 41845.3857673631 -157.670970191325 -8.63042921429933
248520 36714.1272584055 18887.3277531518 16019.2377792385 1992.8529174048 0.998933108721503 -0.0292498800993946 33353.0544248147 42587.9955521794 -265.625603390786 -8.7037271770256
248560 36507.1330638707 18847.2174099488 15887.3025316194 1987.84021420729 0.996811710165216 -0.0296157886765572 33448.0986185829 42608.5285574845 189.763782478025 -8.75795275687251
248600 36744.2258868419 18912.4917892806 16075.0229431903 1983.14479627227 1.00026401106865 -0.029268148343583 33958.8796148907 42538.5445608182 -803.323226770906 -8.7432834874199
248640 36517.6154794092 18859.5722260766 15844.4493112287 2004.59925091977 0.997465144840759 -0.0302385115994955 33789.178074765 42907.9887454951 494.706785271257 -8.81699433922415
248680 36692.8950084274 18900.7089581009 16002.0566218725 1982.02470132782 0.999640828142322 -0.0302755799437254 33803.8364332625 43511.3443518387 -134.56475660189 -8.82937846594129
248720 36676.3173636182 18919.7664059415 15969.8652149318 1992.18880269722 1.00064875874343 -0.0306866368304082 33975.2785560078 43722.1176024376 225.157935425216 -8.9106951687312
248760 36481.0994844485 18728.7204689293 15968.4656717156 1977.3053765002 0.990544517727321 -0.0289213834027776 32852.1227003389 42181.4808601255 177.2622534723 -8.65515762449651
248800 36589.6432097835 18854.5790099209 15972.4184880276 1981.8686312031 0.997201058306011 -0.0295074190008764 32833.0692511798 43063.3889656103 166.593752186279 -8.73778165814728
248840 36707.8936388285 18923.5867604002 15949.8208666152 2008.38177386268 1.00085081371944 -0.0302910074525134 33969.4627640971 43383.3548908059 -44.3401529987561 -8.87881352093218
248880 36763.6608418595 18982.3308531637 15983.1009918185 2027.91708022387 1.00395773387088 -0.0325819595804318 35551.38717773 44338.0490078529 963.783022136907 -9.19387609101934
248920 36746.0307241356 18952.7874831283 15971.6304447384 2030.85965122333 1.00239521264727 -0.0300480543178462 33258.0057701722 43626.2950892103 67.6969075193951 -8.82680467662378
248960 36702.7969228823 18953.4530471305 15991.3402990463 2012.16129545799 1.00243041370517 -0.0287976092486044 32973.7413373723 41847.7116630305 212.559387821132 -8.68239299235162
249000 36660.7008267807 18938.0201797705 15967.3823606457 1985.10317226366 1.00161418377737 -0.0285239926564238 32922.9865444661 41214.7508302776 282.978132722578 -8.6422539293625
249040 36637.0267011324 18814.9999732215 15982.5612413518 2026.47491960299 0.995107760054027 -0.0291577695448442 32953.8358617081 41780.9199872401 720.430947847073 -8.66709241208001
249080 36625.3962849585 18957.7077848557 15865.287690377 2000.87673114961 1.00265544280606 -0.0299145888163572 33217.9533850984 43128.3364091454 357.595495446391 -8.80760049486089
249120 36748.7750997605 18976.5444670581 15973.2560134103 2000.7128972429 1.00365169731895 -0.0303067792797136 33970.1336232426 42895.4087945183 480.541041201866 -8.86886737961946
249160 36770.8122591633 18963.047233107 15985.0046828438 2012.75728576233 1.00293784123269 -0.0269419258241187 30678.9405152798 42064.2560791706 -601.486277835002 -8.4006835351076
249200 36753.4504043536 18965.8144979748 15984.7434926595 2013.46072667507 1.00308419928466 -0.0285997354750816 32178.3205273047 42482.2909838534 -40.8773607669276 -8.63232129479769
249240 36757.2560456904 19036.0361881901 15945.8454884632 2001.38768144081 1.00679815883592 -0.029961228327499 34021.4048418384 43083.0483114737 -360.223222057031 -8.80148929089593
249280 36823.047056029 18959.7181568703 16046.6957744472 2001.33045336789 1.00276176950259 -0.02935915434298 32829.901731878 42509.3739841519 422.116063904443 -8.74813875945608
249320 36621.1634509298 18818.7720571042 16014.4742274696 1995.5444373301 0.995307262044385 -0.0305058654929538 33597.0956222564 43797.3922686926 324.439843597194 -8.89644615503435
249360 36852.6077083961 18998.1706400685 16076.9269450708 1975.99584919159 1.00479548539302 -0.0317141991624358 33898.9162507036 45286.6106460548 343.350602576519 -9.06537713203434
249400 36797.0609511054 18930.1007773763 16064.4400867145 1974.19293704519 1.0011953339879 -0.0317792269443935 34172.194024349 44941.2920975231 468.771137383723 -9.05203469061743
249440 36626.1572363674 18847.3896907998 15935.9661225608 2023.89569910054 0.996820821938372 -0.0304580236539249 33479.2324675876 43599.145221749 542.673949671987 -8.86780497331867
249480 36741.7475870569 18959.0159203433 15993.0344933679 1976.12585950305 1.00272462886914 -0.0297383789509901 33557.881115543 42379.0814917168 452.680266415048 -8.80049735421319
249520 36755.4382297719 18922.2068587984 16016.1556255636 2000.00726097589 1.00077783201367 -0.0296939649575067 33469.4972522513 42445.9501163792 407.659971292193 -8.76279030164571
249560 36630.5059166193 18881.1792993513 15948.452377172 1979.58407229858 0.998607922747654 -0.0325487111197053 35724.6136658696 44596.5421173459 482.462470977125 -9.17233675129247
249600 36612.574528825 18829.5988921407 16016.0960097446 1922.48072541485 0.995879883228384 -0.0299050555842462 33223.4200044931 43105.1776252391 337.309383529737 -8.75628148045172
249640 36558.6945196762 18851.5321193405 15953.6352278375 1950.62811744998 0.997039911111489 -0.0285442194710674 33074.3935356528 41576.688917994 -225.363483568922 -8.5632470248765
249680 36684.5303815836 18965.7483401909 15934.7665069356 1962.15935578894 1.00308070026132 -0.0307579315525336 33905.3712418356 44427.7203210961 -444.089246772062 -8.88060074846404
249720 36732.546225949 18979.3627628425 15943.8438281358 1995.39770770202 1.00380075434841 -0.0295448919858037 32988.8320429568 43981.0866141222 -874.243311668804 -8.73780782126444
249760 36557.5708701864 18982.6978832834 15816.9824349435 1960.1647049098 1.00397714575081 -0.0292577458137378 33551.7367174 42063.6240152059 141.071676851528 -8.74084950918517
249800 36603.5437534815 18883.4091810014 15969.4384354221 1968.12224503037 0.998725859103602 -0.0312308330027712 33745.6585190275 43754.3249578272 1254.40114340105 -8.95898454921463
249840 36622.0694535971 18900.6102728421 15914.2609148734 1999.43023455249 0.999635608771233 -0.0313023667706218 34342.7752749955 43749.9642211769 718.922616486442 -8.9449900263847
249880 36495.3603349242 18871.2498154252 15823.6952246808 1994.26619263189 0.99808276162503 -0.0294592199670872 32691.4528830261 43234.6606869473 35.1906552496155 -8.66085461854539
249920 36648.8860358401 18873.7846449529 15984.30918546 1961.74461222634 0.998216826389151 -0.0296126520162115 33561.7316699178 42614.1860965427 16.9928099569548 -8.73107815656176
249960 36653.9645238611 18914.3778872152 15916.7638263985 2015.98532612039 1.00036376502527 -0.0296784854737339 33680.0172455446 41882.4655675654 729.616775806516 -8.77432800478796
250000 36621.125111378 18896.9528305577 15950.6960359025 1977.09417596323 0.999442170067843 -0.029102703102967 32805.2510764604 42547.4125020157 132.349978983441 -8.66409452884553
250040 36567.6810663688 18833.4467727702 15942.1644945002 1972.61673690298 0.996083394037826 -0.0284855666455599 32109.5288504008 42268.3386291515 34.1123364895657 -8.59776262853252
250080 36713.7444900159 18948.4168923181 15987.4309181963 1979.85131398937 1.00216405618501 -0.0305254850182199 33482.5412440107 42843.990308192 1373.40403341125 -8.91455771695312
250120 36733.5947918403 18884.160406628 16036.2626622286 2005.44156324529 0.998765590724738 -0.030306325809648 34080.8467902797 42474.9393379363 736.147794758846 -8.8340333012317
250160 36642.7987724075 18806.4224340082 16007.5230886996 1973.2975852068 0.994654102023439 -0.0307761930380416 33849.4974505283 43977.095296241 267.359078192279 -8.90373384978261
250200 36721.8278030381 18960.495940756 16003.5313879394 1970.71349488522 1.00280290576523 -0.0305903477984842 33661.9227080746 43655.0704689289 383.190509268671 -8.90481288420819
250240 36685.4251391989 18965.5663422918 15927.4302596613 2014.96954444879 1.00307107456257 -0.0292057852230085 32546.4853561571 42783.5999478453 315.445637692195 -8.75523993973899
250280 36665.1999593727 18914.912006973 15973.1684230182 1981.51547648756 1.00039201411995 -0.0303606131066544 33646.9319000343 43558.0615952445 190.689974680854 -8.86797595491403
250320 36608.2573131019 18875.5596781073 15953.8137594071 1968.61214424144 0.998310706233363 -0.0303155954850064 33345.559761191 43770.8513897445 226.661888554717 -8.83048928643281
250360 36530.4996081134 18826.0535467823 15899.5711029693 1989.4478751621 0.995692373226619 -0.0293582186265452 33838.4601565832 42002.2502641608 -20.4542979665539 -8.74402297554696
250400 36626.0732793906 18874.9430061894 15946.0743825289 1986.60634106159 0.998278091032098 -0.0310207800616772 33924.9069893657 44127.1895048617 395.624387059812 -8.944552739235
250440 36586.9068163738 18817.5853954619 15963.1962044265 1995.28825867947 0.995244500619431 -0.0290131039451561 32870.13017482 41832.762135299 607.628584416208 -8.65678249693251
250480 36738.5157429134 18926.1724854469 16025.5061744101 1971.46124163803 1.00098757029998 -0.0288853989791224 32568.8482117958 42378.9670840487 73.0118092693208 -8.63979247859387
250520 36544.5773027696 18831.0091126515 15944.679852549 1939.76314061488 0.99595446847291 -0.0293260431458666 33648.1701238534 42062.294787587 41.6935190156121 -8.66071262270349
250560 36627.8768486052 18848.9217768718 15940.789920844 2012.37720011536 0.996901852538508 -0.0285011692968395 32943.5666205436 41299.6385737683 292.704391428798 -8.59811718659166
250600 36618.0967036873 18889.6488115908 15939.8149993711 1987.99208625809 0.99905586733258 -0.0293667162706482 33220.3959822123 41759.1017754734 826.420022693845 -8.71876653198018
250640 36676.2743069977 18885.7803349971 16006.6496913706 1970.8045648858 0.998851267221848 -0.0291684510685785 32957.7796865467 42304.6919730915 391.389995427798 -8.712248332104
250680 36871.8962975812 18993.1969983204 16037.5018526537 2038.57326278271 1.00453243413039 -0.0275285446709802 32408.0677395435 39902.7181256799 525.518763255727 -8.46769279997441
250720 36725.4427074441 18868.5359256076 16044.8225434225 2024.23442499277 0.997939226529559 -0.0309940327533024 34441.3040067002 44047.879016967 -23.3136853693816 -8.93895823543199
250760 36771.4645994643 18992.6482247081 15989.6547213011 1989.53131227065 1.00450341000704 -0.0283901149652993 31948.866695038 42465.619496299 -87.9529974926152 -8.61020303535057
250800 36667.4834461755 18874.658836456 15942.6093199613 2039.16534857427 0.998263061560546 -0.0294844004144143 33347.6571310787 42362.1492019788 249.553859591483 -8.72305630397386
250840 36617.1525825398 18807.3216289421 15980.1467093043 2017.41556662017 0.994701659602912 -0.0306503913666433 34104.2463599682 43736.11009709 27.3160731733064 -8.86043621162452
250880 36697.3888268213 18900.1822955288 15888.5481031104 2059.19024655422 0.999612973451212 -0.0289215901665196 33044.2567482279 42020.1853509901 134.479858135245 -8.6713984230762
250920 36562.5219608047 18798.7374692372 15908.6151229009 2012.82909530524 0.994247651420717 -0.0275479055301505 31932.537954493 41511.476337942 -478.523875904671 -8.45414444534469
250960 36666.2386482932 18962.4017995178 15873.8698695417 1976.8397583282 1.00290370485351 -0.0271506089295117 32060.0408258878 40743.4499772045 -505.962941742073 -8.38831076948782
251000 36548.6830831492 18866.0881247692 15877.9597382644 1970.63864895622 0.997809764631451 -0.028600410277092 32642.2018956794 41911.7468682027 85.6577610436377 -8.57316717331359
251040 36619.5428782284 18821.8436254961 15966.6496815649 1986.56401632239 0.995469714425288 -0.0291060890398793 32510.3063368231 42674.33707187 274.210148310977 -8.64154925064655
251080 36668.1873229828 18985.0066418703 15857.2763486134 1992.15075606062 1.00409925383421 -0.0298515862120444 33678.570008438 42837.4166902528 109.857266380755 -8.76789182691378
251120 36689.7657133421 18991.0792969421 15866.4040421712 1996.92713836886 1.00442043088415 -0.0283603880685859 32880.2227868575 41680.7252376443 -351.623930745198 -8.57352944349613
251160 36520.8735412064 18809.6890468035 15906.2628647809 1990.7341005751 0.994826870120505 -0.0286401670071069 33462.7332447367 41232.0545808984 25.0544697974385 -8.58197106267519
251200 36597.8844479223 18909.5844114354 15848.9363699493 2002.8079334603 1.00011024257228 -0.029017231880671 33226.0981449424 41799.0358691949 244.559967331384 -8.62707162800019
251240 36557.9556097869 18820.6188020117 15954.6473835165 1956.91812411064 0.99540493465618 -0.0304878539149925 33467.3412458011 43923.2836204728 188.068185398963 -8.8204248208831
251280 36606.1689837738 18875.8347085433 15917.3044170035 1968.32484705742 0.99832525233602 -0.0305028615333316 33209.3377603935 44203.1393771741 223.35290050532 -8.82640828877762
251320 36774.8248230828 18943.6473963931 15981.0221272925 2000.06443782654 1.00191180200413 -0.0289989454311929 32666.5101430076 42386.9175883221 222.630430957919 -8.65479005131859
251360 36712.3580291015 18911.503521282 15932.0927032899 2027.73528791729 1.00021174249805 -0.0284714399917923 31608.5207934819 41949.3400952998 787.407133624134 -8.5676089739505
251400 36717.6240147706 18957.4436823651 15945.2272654878 1969.15748152528 1.00264147467222 -0.0293715725080342 32298.0494962774 43176.8981607849 403.298049769031 -8.70207577349541
251440 36817.6000316136 18979.8677080553 16004.1622766814 1987.70428880709 1.00382746042868 -0.0312596354919929 34350.6032933382 44226.3098901672 206.610720113592 -8.93716539051364
251480 36746.9364267628 18962.1748746472 15913.334366027 2009.12495541711 1.00289170300924 -0.0300632949285029 33434.9839768698 43486.3062994585 36.3880009092909 -8.76855136182454
251520 36682.0267623322 18918.0395263171 15889.7644615898 1996.88143173937 1.00055742569441 -0.0289691013560421 32614.7616364459 42364.8840754589 113.794048036683 -8.63507986541254
251560 36712.7971232635 18952.6459847777 15934.9164707892 1983.06320968473 1.00238772893178 -0.0296867827870811 33644.2436529817 42661.5907683251 92.2510049386825 -8.78498036808251
251600 36802.3015124334 19043.7101357441 15923.3268891262 1998.11565784173 1.00720402674833 -0.0272811122037155 31009.2459851092 41686.5982903333 -56.0310585315949 -8.47805644721358
251640 36777.6680010284 18954.6403892099 15995.029440592 1994.81359081532 1.0024932111178 -0.0319910316652765 34508.0260188007 44210.2716650833 1299.53819928975 -9.09851010068837
251680 36838.1452619631 18949.8876488277 16041.176125781 1982.7710580504 1.00224184312192 -0.0292023577201721 33143.4519023903 41904.3449353222 475.060515114274 -8.68946827929319
251720 36913.3873129171 18988.1836368984 16130.7191431758 1955.79816078275 1.00426728213135 -0.0302068602060294 33315.6835913229 43516.7881831557 248.634554363901 -8.80602506241496
251760 36728.2700076007 18976.660190566 15951.4371802416 1979.32455889278 1.00365781782711 -0.0297143860985317 33041.6477687051 43223.7867996822 76.2276193292883 -8.75053965569115
251800 36603.759407537 18831.9405046317 15955.0619381552 1998.98044584896 0.996003728924062 -0.0297487730694572 33117.6167839979 42788.3332903333 517.37577400514 -8.76921328710248
251840 36672.2268707479 18905.5428636292 15916.7343301216 1996.20721958071 0.999896488886905 -0.0296565045892404 33645.1245088578 42416.0649062937 272.070894963125 -8.71699299495946
251880 36762.2100947023 18965.4133215599 15920.2800656136 2033.47538227643 1.00306298143911 -0.0291335346631155 32532.3909331766 42660.2003949914 306.491038476549 -8.6759207974828
251920 36588.9096351746 18869.7179675491 15882.6494584428 2011.47299496267 0.998001743622855 -0.0304068853685562 33552.8809851579 43582.5504631754 324.207087293932 -8.79231530887416
251960 36741.7399487241 18949.5085128646 15963.0474654554 1979.110368409 1.00222179097525 -0.028957609061881 33100.4066646165 41993.1359602852 102.098643045966 -8.66479010934183
252000 36494.7716760893 18780.184177235 15923.5495224121 1964.28814873433 0.993266385150604 -0.0300487009487105 34008.8109423287 41995.6484959472 861.796959510109 -8.77356738289969
252040 36597.702544056 18879.0334793118 15953.1969783865 1956.79731815302 0.998494432331712 -0.0294719262602008 32875.3942327552 42930.3444361229 268.307138333225 -8.75948888113937
252080 36809.9433058666 18986.1920039982 15994.7205675611 2000.55417119023 1.00416194652906 -0.0289196286025726 32654.426902023 42409.891731411 -8.95142997600232 -8.6516518153145
252120 36896.1852246234 18958.3949792353 16062.7922780283 2024.60225950177 1.00269178787441 -0.0303929460787783 33678.9824040971 43864.3919289735 -114.824844324808 -8.86890146858571
252160 36784.009786574 18895.8222904038 16010.1618100807 2023.51589079238 0.999382376855948 -0.0312516995157511 33848.7223172947 44442.5572542071 434.084620426999 -8.94968942403879
252200 36798.0228609331 18920.8907814025 16011.412024983 2015.77150146496 1.00070822591048 -0.0292524759790848 32714.8009961778 42805.0748175279 87.6724079969868 -8.71027407458283
252240 36768.5676055473 18872.8639033763 16026.6397152353 2020.13577467815 0.998168129227889 -0.0293010589694009 33815.3865996225 41995.3903516284 13.9910719386692 -8.68130303615133
252280 36784.9931929912 18934.8496633874 16008.7433071328 2000.68527060959 1.00144649812971 -0.0297139471895907 33785.9224829574 42277.0533322376 220.483943773629 -8.70085865972405
252320 36688.755413467 18962.1623041543 15917.7924741413 2026.42386247365 1.00289103816762 -0.0282368946836564 32540.7955670567 41684.0831988193 -206.791789409158 -8.52248028238735
252360 36812.1970833239 18911.9477403842 16053.5915267708 2047.20342917969 1.00023523683111 -0.0295778646071086 32456.7475229728 43426.8642126306 261.626457372671 -8.72986580091018
252400 36496.8102888372 18808.9225576622 15832.0402583732 2026.79089816711 0.994786331226352 -0.0282023208239856 32092.3245331037 41923.67108702 -5.04007643496755 -8.52786148192605
252440 36720.0871885052 18915.7644062898 15953.7553322735 2016.32677379375 1.00043709672298 -0.0299355903206792 33517.4481772243 43011.5613091501 308.663494694091 -8.80629736011621
252480 36785.4810925238 18963.7113727919 15980.6828748089 2006.36624727605 1.00297296695977 -0.0273239176057488 31659.7261649673 41384.9952747476 -474.955858729582 -8.44124816308497
252520 36777.0900827359 18909.4998582448 16043.4461501983 2028.13846553134 1.00010577063307 -0.0284024797560754 32620.8877080655 41663.586244965 55.7026537748234 -8.57807216159103
252560 36854.4328670237 18946.2008108313 16081.5278601789 2025.64562543037 1.0020468497068 -0.0313791720737669 34562.8126536022 43774.3330281627 663.680903947073 -8.99173293798205
252600 36807.3500912866 18963.6261734799 16044.5557259014 1991.0024125527 1.00296846084781 -0.0294225655843128 32837.5833477284 42772.9015485377 324.009966209969 -8.7493641425006
252640 36713.1497017044 18889.2587446664 16033.2157244763 1998.82201436033 0.999035237057592 -0.0291306810752064 33168.3694863696 42430.3414297341 -46.0558679971267 -8.70474756136376
252680 36612.1627378852 18855.186803878 15925.9129652978 2035.7743359516 0.997233203960229 -0.0308200231814719 34084.5163116073 43286.6644772529 805.509986383205 -8.90906318428942
252720 36711.9541897333 18843.9466787243 16064.3608670339 2026.83238309908 0.996638724248275 -0.0287734818137965 32996.6496908008 41858.6742389915 75.4311843354082 -8.65691439453987
252760 36780.0778236485 18954.5075359263 16015.3507076418 2003.44588952796 1.00248618463183 -0.0279061566784237 31822.2089715857 41658.088421635 20.1681779546748 -8.50897302604141
252800 36696.8432522702 18966.8557049208 15925.3425726365 2004.38995042732 1.00313926774671 -0.0296403738000586 34038.4102079647 41784.1856475136 435.102272969385 -8.74479723438755
252840 36526.8217929453 18849.9907534478 15894.7986619226 1983.24748544518 0.996958389710317 -0.0289478924985492 32918.145143818 41839.0954225604 460.04303353089 -8.62564705840886
252880 36631.7122694637 18943.2647018368 15882.9573165492 1984.98243195956 1.0018915616468 -0.0287833577006446 33138.0070600338 41654.5273337582 91.291286576339 -8.63243708854402
252920 36586.5658836182 18906.282226748 15874.2545402843 1995.27257515204 0.999935593111093 -0.0287770767705789 33053.5179267719 41425.6752206302 399.991527080695 -8.59913842826217
252960 36641.7553851295 18830.3592286915 15968.4784319665 2006.4451232706 0.995920096717784 -0.0288890620118233 32932.9763734583 41698.654058884 453.44928079554 -8.63863960074319
253000 36618.8583786552 18889.996792892 15907.1576686012 2011.7476581905 0.999074271738307 -0.0297131279580451 33583.2275974551 42714.109670364 120.706333158326 -8.7473736490049
253040 36787.0691520199 18978.0290752157 15945.8094389338 2040.67400783966 1.00373021685657 -0.0305394994522606 34354.1610922237 43148.5790602382 104.105780261516 -8.87810832916891
253080 36797.5960163437 19009.267654939 15963.0804321323 2026.62283808284 1.00538239613587 -0.0279969800782492 32266.4911960068 41706.0386909867 -353.731998786928 -8.54008117986794
253120 36580.6846492057 18908.9131956042 15871.8324139829 2009.81170502068 1.00007474259443 -0.0311800826901402 35265.0393961733 43154.9430286345 368.540116778984 -8.93612654002438
253160 36637.1241745575 18930.3561697991 15892.6661006834 2017.29511625889 1.0012088414544 -0.0283869725371409 32627.1148210561 41949.9884423997 -207.562542503892 -8.56564511649843
253200 36749.1809916694 18949.1743011435 15993.0133348884 2025.87572002946 1.00220411482975 -0.0300246470290842 32456.106971604 43508.4826606265 897.872744861143 -8.8455686567696
253240 36803.7692019636 18920.0540267327 16050.3536317649 2037.07118728169 1.00066397073821 -0.0303891058506095 32496.9573749063 44543.7707083142 269.951823279462 -8.81421059996512
253280 36780.0207956113 18945.6972627928 16032.1163363108 2021.93273885223 1.00202021752177 -0.030539414016385 33582.3211044844 43786.1230326711 254.321188604508 -8.86770193260699
253320 36742.9579273726 18892.5104128351 16022.4467635713 2035.37922537861 0.999207214747329 -0.0296983568930387 33945.3829556535 41640.733031744 723.653922402786 -8.75386337091583
253360 36720.8855662492 18908.7648363165 15990.6598149083 2047.90736824778 1.0000668960104 -0.0310996296194535 33679.9828605907 44062.9134294128 742.323701779008 -8.96725541910129
253400 36701.4356441637 18869.8127719325 16003.4568944169 2023.1709341651 0.998006757738067 -0.0298413684006912 33327.2422460998 43466.7305492 -231.737747313673 -8.77277586065677
253440 36806.2895324522 18934.5201060801 16054.4495780201 2018.15795006436 1.0014290681518 -0.0289238299809849 32154.0264750171 42807.5261665922 253.337086435386 -8.65511001002229
253480 36665.7776202659 18919.1309684134 15955.2660895518 2002.71374751045 1.00061515104659 -0.0295611518081276 33759.5942359451 42701.1430047038 -245.04963074063 -8.70978824295109
253520 36670.5713685167 18900.1960969652 15969.0627504889 1990.40876673425 0.999613703396283 -0.029055084665018 32602.4681137356 42749.6406192901 44.6190848063725 -8.65979226353625
253560 36765.7023485335 18960.657786522 15988.1808605271 1995.68867352282 1.00281146563649 -0.0297190972562468 32816.3334908404 42748.1435382744 920.630174276879 -8.79196678521953
253600 36613.1505978569 18887.0746164926 15900.3719651861 1995.12590024441 0.998919720560231 -0.0289515803637072 32563.9282336557 42243.1094659195 357.815156821823 -8.61665171677991
253640 36758.4801263732 18951.9973004476 16026.4800232452 2002.24513388759 1.00235342062397 -0.0290690385252942 33893.7211170609 41255.8492447779 208.558351007568 -8.64487054714621
253680 36740.3776809825 18945.2425483257 16046.5083922536 1963.6477884932 1.00199616809867 -0.0305285278465551 32248.0689873516 44185.731102448 1251.63036311152 -8.84294657134737
253720 36518.6501783859 18815.358700005 15932.8974378715 1969.71830426182 0.995126732778263 -0.0305289662518522 33812.9701743785 43209.3049152373 606.873497801662 -8.8370511617028
253760 36644.0501340485 18920.3684349802 15906.0697491037 1972.19092480135 1.00068059949651 -0.0297546921089542 33424.7057604848 42413.8627347478 732.617542713291 -8.77788051596426
253800 36634.8501122762 18937.6029791825 15900.2687663665 1982.7270209057 1.00159211842827 -0.0287694175230271 32857.7854341162 42232.6733117815 -195.37645570984 -8.61689987886508
253840 36714.7099849397 18920.5290568358 16020.1341896558 1960.26189560139 1.0006890946363 -0.0291800100825393 32701.1888330241 42627.9094835558 255.472071513016 -8.68766926091875
253880 36727.3625170673 18997.6646274047 15923.2701818516 1990.43387934699 1.00476872285626 -0.0284390407367345 31544.7394569385 42715.2440998623 132.131818761968 -8.61278756042894
253920 36614.3019211135 18897.8500525145 15916.883061783 1984.46214519823 0.999489623298399 -0.0280761403232184 32112.5068469625 41479.2322991262 178.618790624979 -8.55949473139701
253960 36643.1198278972 18865.4864740424 15973.6147381515 1988.56371316961 0.997777943886945 -0.0281031479867057 32966.7115314894 40478.8746442139 353.764053651322 -8.52407417088122
254000 36804.9256229623 18938.7095204346 16076.233818787 1988.35300749005 1.00165064236068 -0.0296757058086553 33768.0597365291 42153.8490751383 484.866652075027 -8.75583154968657
254040 36651.7628382597 18885.6619016424 15972.7264464682 1985.47200257922 0.998845003392434 -0.0311483413046022 34408.4194387934 44129.2888663505 107.040400090339 -8.91098456199104
254080 36676.0025215005 18882.880380705 16018.5856454102 1975.33227048067 0.998697891350259 -0.027982930101357 32348.4838595785 41662.6356801349 -267.562778693669 -8.54416626367476
254120 36688.8657786367 18919.628321998 15932.5645857187 2044.94336386728 1.00064145561275 -0.02818452136035 32469.5478321195 42240.6852278798 -697.444309341469 -8.53958754582822
254160 36645.8389719081 18863.4074027003 15934.0658029872 2030.28340599724 0.997667983747204 -0.0299423108843771 33213.5583650884 43331.7463044102 200.126380982778 -8.764188892968
254200 36682.1144416321 18929.3002748849 15958.4252575591 2002.89015027598 1.00115299615945 -0.0288704860361359 32969.0275994817 41951.526734852 131.744704673823 -8.63386800462541
254240 36629.774630563 18893.0009186461 15946.3249723272 1988.28089075337 0.999233157141142 -0.0292506158761238 33034.4458554919 42258.7909546781 572.715396239642 -8.68618282267984
254280 36710.0593416752 18936.0667095218 15971.6714613116 2014.35635424358 1.00151086656204 -0.0287374212779235 33608.6162228564 41256.7362617873 -20.4058453111922 -8.6247903910213
254320 36744.1787538601 18956.4518815152 15977.7246376309 2012.26995154702 1.00258901925242 -0.0288432298585369 32359.9349100937 42925.7994519916 -332.478199347002 -8.61063994939779
254360 36621.568012354 18908.2704038281 15879.7610802292 2008.09270437733 1.00004074593828 -0.0291993642891085 32197.438854643 43579.4920299734 -158.926325864716 -8.69996326992325
254400 36658.5951002642 18870.4345519893 15967.730174212 2016.17775055081 0.998039643104023 -0.0295966101169002 33798.9035849547 42565.6709815335 -80.0814735104791 -8.72728038939064
254440 36700.6095728079 18815.1823046239 16066.9045343975 1961.59788680557 0.995117403391454 -0.0290466505148678 32112.1284098396 42775.7556123479 515.834828742266 -8.66389338400172
254480 36721.608027531 18913.8272815332 15989.6784343117 1997.61885102294 1.00033464400546 -0.0279060117959553 33445.202280943 40318.5701093913 -216.067035253805 -8.48699890887903
254520 36721.8761893477 18953.3431015696 15982.4900195326 1951.88726086836 1.00242459878724 -0.029169783299801 34273.1149354107 40832.9514599432 392.146693476053 -8.65238579815898
254560 36727.5547527604 19030.9903791081 15907.7749788514 1963.49159590342 1.00653129071047 -0.0295630292673978 32608.176657633 43537.6425731826 37.8708819168403 -8.75992286746656
254600 36810.3545980026 18994.6774642944 16037.4820536879 1978.62787317311 1.00461073459179 -0.0297977042234592 32915.3956689938 42695.076515617 896.948999891482 -8.77979903856187
254640 36667.7134355041 18908.3617216669 15961.5525984842 1974.1299504668 1.00004557565341 -0.0297872113626353 34495.6705857224 41592.6183234389 444.15576044367 -8.75438214005543
254680 36809.7671449525 19069.2481215837 15942.824556154 1959.78054444234 1.00855470694612 -0.0288940129693041 31815.7676464621 42858.2697426091 439.061611193903 -8.63510351816075
254720 36655.3201886769 18897.6265960128 15948.2628136639 1988.58938095026 0.999477804892916 -0.0302686009096695 32223.9888754339 45027.5867322158 32.3245909688517 -8.78425656741056
254760 36782.2959865461 19018.7613665025 15946.8569710094 1995.9516372686 1.00588450966561 -0.0278069166715013 31718.7417392836 41884.723165193 -299.998629360622 -8.49524066751946
254800 36664.1674077232 18862.7123342364 15981.1988909291 2004.3244026454 0.997631222225909 -0.0293716005699844 33711.6363163318 42427.7069939203 -343.154645531068 -8.73479294872478
254840 36579.7128145937 18822.8324363666 15959.4559306626 1979.18050083397 0.995522011707873 -0.0288443285412284 33545.3703643979 42566.7975482777 -957.809289236586 -8.63478247208108
254880 36626.1045271575 18913.8005885346 15929.1155022121 1989.95271125333 1.00033323223772 -0.0281270598400149 32776.2348076805 41292.9977794618 -208.682161871572 -8.54220233600748
254920 36723.9159968443 19041.3874968994 15930.2446554633 1982.67251745717 1.00708118455107 -0.0293010347555429 33266.0508007644 42276.5094617697 237.080054669909 -8.7183756467597
254960 36632.0235985928 18943.117628742 15861.7738071259 2016.70041607914 1.0018837830883 -0.0319085761230502 34645.4278077286 44300.6814896145 834.682009195182 -9.03655181258518
255000 36683.6331912939 18918.8818993795 15963.8544485193 2011.4179328482 1.00060197801822 -0.0287000934329111 32892.8954566341 41767.6631166396 76.2269250135498 -8.58151303377516
255040 36654.5411629603 18960.234203947 15895.5711486212 2019.67989203267 1.00278906275007 -0.028857241384517 32745.3306880449 42169.6134101561 267.706889663204 -8.67785301207262
255080 36708.8393657468 19015.2688095511 15922.8815595068 1977.96037082384 1.00569979159334 -0.0283053817652334 32236.8936935653 41787.0318430164 118.065931267878 -8.57522818022882
255120 36709.7205325584 18968.9487840834 15969.8136625338 1990.60248654312 1.00324996874697 -0.0286613918132083 32360.2205147702 42153.9975251914 212.559582109736 -8.58947948865724
255160 36473.6497233922 18856.3180504163 15864.0433711839 1999.6640972821 0.997293034532135 -0.0293556071648732 33139.9417655097 42783.5304058375 -16.3091574198193 -8.7080529862415
255200 36670.1226405676 18943.8771015616 15962.5395495183 2010.3460537283 1.00192395089576 -0.0284607648683672 32447.0938568914 42200.4577090408 -295.835306238084 -8.55288933546542
255240 36634.2226395169 18913.4230075311 15896.6234691367 2054.50378825901 1.00031326233141 -0.0296005560717105 33698.8419025772 42004.4181743977 487.448662035677 -8.74612032574201
255280 36742.1160271932 18955.0200094283 16010.8153140972 1996.12866289538 1.00251328887628 -0.0294502371178293 32155.4288437175 43338.4762644743 508.110036475601 -8.73024924758051
255320 36632.4818728038 18831.8244435778 16012.2933494593 1974.22744793213 0.995997590563419 -0.0313810277813168 33490.1978584228 44306.0749662322 1177.13431814621 -8.94468553742982
255360 36702.4744309127 18899.9109018314 15967.519459532 2026.38371669138 0.999598619692259 -0.029387959478407 32786.2667454788 43035.5144143655 52.6212835149043 -8.69307553907261
255400 36705.919621925 18939.8048323877 15939.0741122863 1998.29101290738 1.00170857238597 -0.026899761782952 31978.1869785938 40701.1899376455 -729.573007509287 -8.34372901593882
255440 36672.6613715541 18946.2787220994 15867.1588430292 2028.20613120948 1.00205097036094 -0.0277652853615543 32923.0197726155 41339.2547554136 -915.27581077336 -8.48241826482815
255480 36801.4740373238 18979.992846749 15959.6828328268 2031.91574400381 1.00383407889721 -0.0298263984988742 33418.2960386902 43050.4280934882 109.740113194048 -8.8049665057695
255520 36676.2130519368 18907.6917687033 15923.7201371446 2029.10161693693 1.00001014246745 -0.0306370123580429 34070.5065522506 43403.4195978216 343.989955186873 -8.85414968515205
255560 36635.8204410632 18879.1339595001 15931.4007938518 2001.09201718542 0.99849974663494 -0.0286250583446956 32343.2610171733 42341.7042839984 -41.3268176079688 -8.59147445433356
255600 36673.957414913 18917.6387389497 15902.0536018806 2027.29481778269 1.00053622842521 -0.0282495887527678 32761.3352816448 41857.1825825644 -396.167313900529 -8.57724454521725
255640 36592.3820328738 18962.7039895774 15846.9238851626 1997.6942254613 1.00291968740328 -0.0282404616092845 31752.1083148376 42083.4943503124 349.037507419606 -8.55937760538151
255680 36656.5621948569 18899.0586722039 15944.2241451714 1993.58961513239 0.999553546063938 -0.0303572709948742 33860.8144491055 42758.7298999342 882.641211452911 -8.81456105292751
255720 36726.6375126017 18944.4866954573 15993.4023304702 1976.4560474207 1.00195619174705 -0.0311489606319024 33861.2148715362 44078.5217141 650.439311217175 -8.91436975805677
255760 36652.4231908387 18861.6325550548 15977.8802567735 1975.77563866825 0.99757411371439 -0.0277310895127578 32594.8372167354 40786.1997812848 -33.1645755155703 -8.43327913105106
255800 36701.6051493899 19012.9397285645 15878.5404070237 1997.90967821157 1.00557660867722 -0.030178692442696 33461.3977208125 42825.21512055 728.683041891084 -8.80832957431506
255840 36671.6728579916 18849.6451352677 15973.0038372605 2005.65007703793 0.99694011028786 -0.0276002364691218 32304.2807881681 40873.3206111295 -201.241327801657 -8.45505126330726
255880 36550.3013727113 18835.3789157491 15884.513314477 2009.86018313963 0.996185583273784 -0.0276449493269934 31743.3206798319 41942.0916277595 -512.339832695874 -8.41517521438096
255920 36612.2100146753 18847.8313184005 15918.3852680195 2004.76881290336 0.996844179209333 -0.030928208252574 34085.5375557014 43338.9232602381 858.769454207601 -8.8911470439991
255960 36698.3637196011 18841.6330072493 15981.0245191915 2035.80045196729 0.996516356326819 -0.0306789217433795 34308.3074363355 42818.2053991626 691.776430836869 -8.83737491489937
256000 36686.6804664266 18917.3994499859 15915.8030091222 2007.03905238011 1.00052357265561 -0.0293642018275398 33114.8389644673 42281.9611988297 517.604472159525 -8.728681014611
256040 36797.5663881914 18966.4201773979 15998.0815881124 1988.96376745287 1.00311623310316 -0.0289647754043877 32251.2965653013 42385.5407142728 525.694755089222 -8.65320937476453
256080 36758.7137208248 18934.2101589408 15963.0831675277 2024.49647911966 1.00141267533734 -0.0286315678884508 33212.9246355249 41536.2771537048 -115.796728319082 -8.60495401064496
256120 36704.553830794 18886.4269196488 15949.1554723816 2025.05790598787 0.998885464479642 -0.0290560556881111 33529.4096305025 41221.9326708359 575.696739891625 -8.67112590760035
256160 36821.4624782558 19014.5292149582 15966.1098508433 2009.73403964025 1.00566067512671 -0.0294706887160367 32990.5866259879 42520.6151147614 582.09536450784 -8.77924160206438
256200 36664.3958309459 18947.2708616681 15825.9613733608 2048.62030524353 1.00210344369526 -0.0292023001079914 32579.7405420922 43219.3746833261 -283.891576605837 -8.64744538971598
256240 36596.7481917035 18819.2364280924 15912.4853616672 2033.65406620178 0.995331822191847 -0.0296986228143629 32441.8625641293 43489.8714622817 487.195630719496 -8.74793618581149
256280 36688.7741205881 18961.1521602224 15882.0122064914 2048.01278136422 1.00283761259936 -0.0298495241621938 33229.5260888666 43419.770008656 -112.187812065652 -8.74443610369802
256320 36649.6498951688 18922.7988117735 15967.6099640151 1971.46201927868 1.00080913985315 -0.0278574025307426 32821.3613372261 40678.0434265961 -34.2017590257186 -8.46497464323916
256360 36659.1035915104 18974.9441933873 15990.3947412348 1917.73604028358 1.00356706034046 -0.0288991368275853 32926.4803465574 42120.6761803897 50.6616406767678 -8.64182184437645
256400 36818.8181942235 18969.6246033334 16072.5993491667 2003.99734868377 1.00328571219534 -0.0268527267113151 31994.4163136103 39987.2133483698 -102.494652348124 -8.37406899008286
256440 36706.9536655182 18925.4673867461 15982.0506900318 2005.69270151798 1.00095027828883 -0.0296634758075025 33006.7549373388 42430.529119559 775.777908461343 -8.70722196294474
256480 36676.9249710648 18970.4408265265 15910.2887775323 2011.16808780786 1.00332888147701 -0.0283449799042017 32090.865099149 41480.5298921053 639.915278648842 -8.55306904954596
256520 36642.7291010473 18972.1338537845 15890.0166625449 1995.62924748492 1.00341842410602 -0.0286228153168858 32361.93910987 42057.8043991063 192.90032514582 -8.57040809785408
256560 36546.7449397204 18804.4269157123 15934.4904551195 2004.24415023794 0.994548560926211 -0.0289278465211379 32283.0125281197 42531.9874022037 388.056709333212 -8.62600632696734
256600 36642.0908726952 18927.9639900607 15962.9537585233 1982.69858437627 1.00108232130428 -0.0303501312487063 32997.5773645706 43612.9968225814 811.725988177081 -8.8537600579975
256640 36516.9642337774 18890.4585027367 15889.526781873 1965.52515245646 0.99909869114038 -0.0286341861060016 32224.6630040249 42277.0605383802 160.899488179496 -8.57268950979672
256680 36549.8468057889 18903.4844440056 15848.5627088977 2013.02934213663 0.999787620997254 -0.0286969242028175 33743.0513252167 41193.0636786798 -144.806356777137 -8.61237404737072
256720 36650.9255161858 18960.6508162115 15860.639625375 2005.86685448793 1.00281109698329 -0.028275107907493 32435.6198561297 41774.937988203 -170.189980341454 -8.54115733280488
256760 36696.9102047855 18999.7982977607 15895.9849052177 1991.59882834879 1.0048815706868 -0.029009627931219 33430.6800739785 41899.7397602052 -3.61225335561553 -8.65665532901624
256800 36559.6585965839 18950.2640649363 15791.3496292183 1993.85642298674 1.00226175141803 -0.0291925343164284 32085.2002022055 43502.317775895 -58.5482291910567 -8.66272632702052
256840 36595.6270738964 18878.0049027458 15920.1559944862 2000.80955826536 0.998440031878663 -0.0304213625518791 34140.5212299935 42913.7931039902 545.30579690919 -8.82660623441301
256880 36477.3584863302 18781.4058236877 15862.3053870916 2019.51150041972 0.993330996889473 -0.0299506197588767 33255.0933468807 43300.3044608717 214.780147132727 -8.70365675954042
256920 36690.0502532592 18929.6655862874 15959.6733880851 1998.45329328362 1.00117231713803 -0.0294639443231467 33854.010144257 41806.286404695 274.454110528337 -8.71322142037964
256960 36555.8816734401 18887.4369509612 15878.5776296069 1962.01416072525 0.998938884091561 -0.0289474729010747 33455.0858167624 41727.067325125 -29.8054740028267 -8.65861191712474
257000 36769.8437948051 18960.149294265 15997.5244710687 1980.58103154982 1.00278457195637 -0.0283495929467465 31515.0309952388 42268.8094682119 501.926837373057 -8.60519902192873
257040 36603.8445221654 18895.4972682529 15912.7696185913 1958.36578921058 0.99936518673822 -0.0295377873939858 33309.4407432935 42268.1225681155 512.374733917618 -8.71228685887431
257080 36828.4264753871 19045.4034720384 15996.007621781 1977.5132030513 1.00729358572199 -0.0297439717502646 33204.3742638652 42498.6595640414 694.391757017148 -8.76568489199945
257120 36641.832136817 18923.1557159399 15958.4061327339 1950.08627678735 1.00082801618087 -0.0266241985941284 31469.0741479015 40568.6098650987 -499.964065031908 -8.33036482503689
257160 36615.4895761097 18776.7845980273 16001.2561608148 1982.77546208774 0.993086584584279 -0.0299117282484819 33003.4829287183 43424.9367720104 329.418705599092 -8.75713083938697
257200 36677.9692803291 18927.3023976858 15864.4089110343 2019.83143429101 1.00104733030204 -0.0309077596933516 34256.0891785018 43609.3710947242 437.930584856966 -8.91036812729009
257240 36568.0171620815 18837.3725984385 15896.1599003194 1993.28722710513 0.996291027287507 -0.029516659544048 33306.9512489382 42294.7297083596 364.41789965832 -8.67499748370671
257280 36583.3762030271 18775.5345814096 15972.9646480288 1996.2663472682 0.993020472373904 -0.0300696022179206 34065.6997397687 42380.2085571195 514.264890195658 -8.79537241744973
257320 36666.7995905479 18959.6186488773 15868.6910608896 1984.55806123288 1.00275650661787 -0.0294622413736046 32784.7201888774 42704.2975576694 490.024991584304 -8.73517578857006
257360 36687.9872232982 18977.9471750316 15906.0296524968 1968.71480664055 1.0037258852324 -0.027081742574879 32123.0496030693 40648.8206690094 -525.866214981598 -8.40802282888473
257400 36660.2643948351 18872.9855517017 15949.3020729005 2003.4061189853 0.998174563094103 -0.0280300933017116 31424.1318536502 41904.9573326917 361.565560734765 -8.49302435347622
257440 36557.1173939393 18888.9114888868 15861.1096516111 1977.75112309185 0.999016871024025 -0.0281424972990301 32513.8650004893 40996.2074382432 394.730279007194 -8.53626157938514
257480 36632.2962875884 18896.2121422356 15924.2723004815 1968.95538957994 0.999402995754892 -0.0284632947994584 32840.6211633741 41151.1782445976 384.900353650209 -8.54682604020283
257520 36699.922346154 18938.4115857247 15932.9262190873 1982.43239952268 1.00163488487239 -0.0298391341146829 32508.4320564543 43098.511475156 999.923666796188 -8.77967889874617
257560 36570.3487561059 18814.9586206559 15908.0414649033 2003.08599002057 0.995105572955487 -0.0288743839728468 32840.6353229449 42430.9155620332 -221.79829035427 -8.60790364991682
257600 36641.3929002296 18823.0293253234 15974.1284562045 1977.69322866693 0.995532424980745 -0.030163168393087 34065.8088409124 42381.7331606552 679.114092536203 -8.74635523387461
257640 36818.1107894945 18991.2626096448 15951.9360010722 2049.15415207162 1.00443012612163 -0.029380870482358 32799.4550009414 42585.7912522108 458.282440352786 -8.6974351868717
257680 36620.3971003573 18857.4306691357 15904.6094100693 2035.60266786636 0.997351879896108 -0.0292562990883671 33203.5760062559 42033.4440651286 415.600021147211 -8.6698082386162
257720 36652.1528196886 18847.5125453165 16014.2096343834 1999.80044122532 0.996827319598916 -0.0308900264725918 33604.7704013134 43873.0164021688 694.17027957564 -8.85239666038149
257760 36638.1569002692 18900.0249817486 15878.1543860516 2030.45803135475 0.999604653272436 -0.0278186660302303 31730.3896620707 41757.9155071763 -175.273836816086 -8.47097998057839
257800 36686.6957774243 18988.2764526777 15877.7902074725 2003.0935255069 1.00427219107115 -0.0270622290414854 31352.4925555918 41597.9395812587 -696.158925507945 -8.38807001542921
257840 36553.3394486137 18886.188875314 15846.4492265684 2022.34940864669 0.9988728745373 -0.0296504734228078 33661.4980042132 41586.5772963343 946.006264119795 -8.68976721794271
257880 36683.664027365 18976.4826357928 15943.7117172405 1981.0690072285 1.00364842712113 -0.0298077882468797 34306.9425479804 41812.7788081026 432.393231667963 -8.74308122227089
257920 36597.1342997968 18964.863549695 15846.5168853554 1990.83578000585 1.00303390451911 -0.0283879692373796 32308.6704843805 41999.3292558775 -71.4725282332741 -8.56257914240091
257960 36690.891956836 18987.9375537628 15884.613129519 2017.1638135267 1.00425426702434 -0.0284785903090647 32395.8629813605 41952.0806348468 91.6464702175348 -8.58144449834878
258000 36686.5529905544 18911.8404354817 15927.9078389057 2035.65206172255 1.00022956157513 -0.027527692428259 31727.5388625361 40935.8168286158 287.524948867478 -8.45667252432816
258040 36647.596798065 18931.8201535152 15964.223917488 1959.35034734803 1.00128627018459 -0.0291337585932149 32339.4488920038 42999.3914023062 141.243956835456 -8.61742141001791
258080 36532.6491951325 18874.6968020668 15858.3318230684 1973.67555899909 0.998265069526208 -0.0296776548956722 33183.7780267962 43121.7254627002 9.82111721873625 -8.67739120852623
258120 36572.4197711791 18823.3888936332 15906.1473347187 2015.3105992301 0.995551442212521 -0.0300353742775628 33475.532837826 43358.1402548991 41.8021956032514 -8.79692869704417
258160 36713.6401892975 18955.7682598138 15914.807496681 1994.80211034331 1.0025528631397 -0.0280221829601501 31392.2017415578 42032.4685493615 269.594793828594 -8.52253385403719
258200 36758.4101843167 18927.7428603186 15994.4291665313 2027.58869256243 1.00107062595894 -0.0290392798157028 32529.5746934439 42699.0717407472 65.1293050044945 -8.68061990826411
258240 36800.9161046616 18981.7882798775 15976.0677004327 1998.32677442425 1.00392903767698 -0.0297337061293671 33170.8440108117 43286.7761369066 -8.22403506947578 -8.7497377878393
258280 36526.4219167829 18848.0143153073 15855.0106503302 1983.34304739076 0.996853857744668 -0.0300651633936631 33382.5897225938 43182.4647745934 276.52191230515 -8.75020309918961
258320 36626.7290302061 18799.6002849901 15960.4802981067 2040.3153232021 0.994293284939317 -0.0308843852338428 34892.7352869219 43013.0962425875 331.200891536594 -8.83801956320434
258360 36630.9910429243 18879.5356177063 15914.9855489629 2019.94363922177 0.998520989961987 -0.0286852838762895 33019.290563871 41788.9735627978 -12.1735289558189 -8.62254500093901
258400 36720.1475064999 18884.1702571728 16034.1708392531 1996.46073493679 0.998766111710848 -0.0279805455043202 32875.2005970557 40313.959309114 469.895049736642 -8.53516522078878
258440 36618.3150736865 18904.2974104673 15885.623970114 2010.64796205142 0.999830618033443 -0.0297811252077858 33233.9205837243 43186.0427281456 46.7774985047864 -8.72285360069361
258480 36682.8475617252 18916.7038523859 15924.3203366277 2001.79727894057 1.0004867831488 -0.0287325156315304 32823.1171274191 41886.5838171814 205.861200774057 -8.63005787531444
258520 36564.1859840492 18815.4625403219 15917.199305788 2004.40691337641 0.995132224795551 -0.0287600042324122 32622.1767848104 42260.9613926197 49.5447442399964 -8.57173500002605
258560 36779.5240877323 19018.5243839693 15909.1053279333 2039.2034998463 1.00587197588096 -0.027517795396769 32322.7950252734 40331.5051949194 305.043683264073 -8.46964990694085
258600 36730.8770442686 18891.3405439667 15997.5120809857 2026.62047467004 0.99914534147649 -0.0292695801888228 32741.7782050226 42158.5198057896 809.343145414169 -8.70722636258608
258640 36649.6147532508 18925.7059872519 15879.2358668283 2008.40739490083 1.00096289764654 -0.0284181056658753 32657.9587923434 41417.3335021356 269.286174757492 -8.57358075854191
258680 36657.1459938748 18867.3471734866 15953.8099283758 1993.27142302696 0.997876354541139 -0.0303979945982608 33888.4912860245 42943.0913887171 665.417642807443 -8.85478918864404
258720 36619.4675618287 18870.4421689875 15898.9734420845 1991.74189645123 0.998040045959934 -0.0288844776800986 32487.9553515829 42519.919348469 -25.8276231008133 -8.62325507276552
258760 36761.0457617879 18999.934369525 15895.8221754288 2013.78329023638 1.00488876739521 -0.0290842117127457 32674.814165986 42766.1439863038 -60.8886401848206 -8.66576755470605
258800 36651.8513979843 18868.5464130482 15922.1446131016 2014.42586007392 0.997939781200489 -0.0293872736576542 33232.7755060348 42353.3900230181 306.06869594853 -8.7340957556051
258840 36767.5423875995 18902.3286067337 15934.5346421101 2085.88973728109 0.999726489844439 -0.02781849232273 31897.4445419003 41899.7942588209 -454.713110902739 -8.49183289392564
258880 36676.1325477302 19006.2580335556 15836.3580189086 1998.3160375257 1.00522322007434 -0.0293662787919062 33433.7484764186 42490.3276318572 -25.9124775176016 -8.7197003640557
258920 36535.9805481984 18883.4197125146 15784.7539451864 2022.22704486282 0.998726416105494 -0.0290160722698032 33031.1414673583 42128.3947171011 137.184270909436 -8.64908401284793
258960 36614.9250827264 18873.4321526955 15920.8532362957 1998.70148801917 0.998198183403171 -0.0289697312551983 33798.3773078364 41296.4286714319 92.4918846079545 -8.65710469307639
259000 36629.8780476849 18956.2413714059 15848.1946958854 1974.35747086311 1.00257788556953 -0.0268394176293259 31360.4282889497 40477.3895063434 -45.9297928180504 -8.36188505102283
259040 36644.189011229 18916.3940950259 15896.4813104552 1977.24220169598 1.00047040037159 -0.0295700748729064 32750.421766698 42848.8810097737 486.23681842555 -8.66715322424345
259080 36693.4658188524 18940.567047109 15884.7924069421 2018.04014432406 1.00174888521005 -0.0296587991434378 33538.5763598406 42396.1404330332 375.953622006469 -8.75457028664336
259120 36750.6910626236 18917.919334206 15982.756606243 2004.48840861526 1.00055106884601 -0.0283243121842837 32710.8472842381 41534.2156277506 -102.350875016486 -8.53596425942272
259160 36775.0493337829 18928.9710873619 16015.6470014261 1993.96392178748 1.0011355857391 -0.0296549380803826 34017.2340494462 41886.0019758704 359.265376767831 -8.73801187577757
259200 36763.8384927228 19027.2386741254 15955.7990152816 1960.75175413577 1.00633286654107 -0.0286531422693925 32467.0063130287 42067.2447434442 44.1393902021117 -8.62596671293742
259240 36616.9538931297 18908.2590768356 15872.2453005117 1999.31353012342 1.00004014686424 -0.0294019872843028 33427.3691589471 41441.2108746532 1052.77905889947 -8.73857957856813
259280 36622.3155384336 18954.7049069266 15816.476585226 2001.14276976212 1.00249662339953 -0.0294457806806304 32949.0606308714 41919.1869071025 1074.6025715424 -8.70349752910278
259320 36593.4073752895 18848.6930482092 15903.8024425563 2023.16834999485 0.996889755293362 -0.0302597592150484 34326.0720970073 42789.7304133985 98.6965096880884 -8.78988024870671
259360 36528.5206777131 18815.5626397807 15923.061210148 1979.15896877714 0.995137518962354 -0.0289923611813212 33072.7782990879 41681.2631925892 391.031883633706 -8.60626428180507
259400 36520.6306952965 18926.9666681915 15770.132826423 2014.14566749944 1.00102957388293 -0.0281867297609857 32649.6299325203 41702.7119050854 -382.767400410968 -8.50867593322978
259440 36621.3483971631 18955.3033844062 15838.7589182543 1995.91450409571 1.00252827631396 -0.0302404817867699 33564.07557729 43033.7293823146 580.564156058076 -8.79907001868693
259480 36469.0740874858 18853.2433760334 15851.3470658194 1961.58674749515 0.997130417878269 -0.0288510206496545 33394.1018333563 41381.9431726873 245.23091144077 -8.63564097979619
259520 36556.9139649852 18965.030781087 15793.2971704463 1994.96815076427 1.0030427492311 -0.0291337276942155 32483.2938959553 42633.8248894872 296.522131017203 -8.63665949033342
259560 36401.0133187422 18845.0466596904 15734.5320908131 2005.01082387339 0.996696901213299 -0.0303282089797065 33779.1767370033 43642.3342465182 -90.633522641281 -8.77311497374009
259600 36683.6126358938 18996.5863924044 15867.5817075488 2008.88160127332 1.00471169601504 -0.0301032674223682 34695.2422976232 42135.9947957483 205.856372817937 -8.83122342529174
259640 36601.7052206032 18957.1377474145 15816.1246926431 2030.29614724297 1.00262529405868 -0.0309594624890228 33599.4481892494 44198.8915669398 537.515544093106 -8.91178431101662
259680 36701.9322855843 18982.1586844023 15955.2610608005 1994.59498431969 1.00394862802604 -0.0292731275128512 33158.0663372252 42347.7480950916 67.979417329138 -8.65295482074643
259720 36574.5771498775 18869.3595783226 15898.6026620366 2006.13510632055 0.99798278875169 -0.0302368653096479 33788.0870845321 42901.8968453216 606.466750209204 -8.82717717956954
259760 36510.4040120097 18848.9240589369 15850.417015642 2016.57669667607 0.996901973234796 -0.0293343233957214 33638.9985023913 42245.7248579388 -74.4085494641085 -8.7069549873491
259800 36385.2868428096 18839.1859703078 15746.0311028823 2016.84909362712 0.996386934830507 -0.0294354848028841 32886.3431545018 42908.123840412 214.014574148506 -8.69570054381254
259840 36734.5714135125 19027.9098258048 15914.2095459076 1988.93039204728 1.006368363126 -0.028464104102623 32774.5054189896 41751.3418037561 -125.155298810242 -8.59995462709033
259880 36508.4762873845 18849.1397846255 15874.656285166 1995.43316387459 0.996913382764804 -0.0293779575095272 33608.2305901442 42139.3914509131 161.815451157147 -8.71910402499648
259920 36570.6414093774 18907.2194030761 15865.9039876629 1980.80314722693 0.999985159491003 -0.0301997996424293 33432.7815785973 43711.8188035958 22.1515351470629 -8.78118245546021
259960 36673.6083919177 18940.0680113406 15914.6109961401 1985.06133179135 1.00172249167477 -0.0279362987452053 32966.7712906142 40405.6742196693 193.02151615145 -8.51060028318789
260000 36647.3010191697 18930.1570916677 15929.062684967 1977.58690029619 1.00119831239813 -0.0289727707203632 32610.0296053287 42333.8894229262 278.841930754574 -8.63264572877417
260040 36605.3112891531 18974.9345670014 15809.1237789148 1996.43638315334 1.00356655120991 -0.0278008457715267 31072.070248164 42144.6067518234 61.565715051129 -8.4650407685388
260080 36536.7226624682 18816.4153005146 15866.4206337422 2024.11029991729 0.995182615391492 -0.029120780878553 33347.1287914468 42304.2808760439 -261.188871757669 -8.65770194783241
260120 36710.5772734249 18982.3443672011 15943.7441093056 1985.65437457167 1.00395844861569 -0.0283862254676128 33142.6756100709 40881.3303289213 176.253231195854 -8.60058044166431
260160 36568.3643119412 18847.5236820075 15921.1203131789 1994.17802278211 0.996827908608092 -0.0291192163621374 33398.0026784249 42104.3132544056 -70.3844918275795 -8.64769264322067
260200 36488.5077409538 18865.6067105103 15824.3891589754 2004.2721919241 0.997784303081332 -0.0301654950527373 34033.1498960791 42274.9330752193 661.638046927313 -8.80207359360748
260240 36608.9611755688 18859.3259107282 15930.467261541 2011.09918803743 0.997452117452241 -0.0299422025874255 33480.9623974471 43202.5172634163 -12.1419059128786 -8.79402756237914
260280 36685.2555540901 19022.1493457501 15884.346446204 1991.273405485 1.00606369672088 -0.0293403571077472 32420.3587909743 43676.6527559686 -304.151287988282 -8.71528853551608
260320 36665.2920437179 18901.8184674571 15990.2354953254 2010.96193255962 0.999699509054984 -0.0296857285550887 33743.2225009867 42214.3854872074 354.981368381308 -8.75668894887632
260360 36685.9501855621 18978.7705953781 15902.0378387428 2022.27352221458 1.00376943516478 -0.0292931457672321 33225.285533653 42646.6492620397 -145.27937294877 -8.68110767088076
260400 36527.0882840169 18893.0759579877 15822.1534385116 2010.07435015223 0.999237125901769 -0.0305706622693378 33401.4098599283 44362.469848711 -52.8570292872634 -8.87039933875141
260440 36521.4474967819 18833.4017642098 15927.9588105087 2004.61237995539 0.996081013577142 -0.0292851909402682 32575.5136504258 43136.9297029085 15.1911549622106 -8.67319456192757
260480 36643.6377387709 19000.4392727779 15887.6767135547 1962.60090591344 1.00491547125627 -0.0303173791033135 33859.3460163564 42882.2025840245 591.509031390008 -8.86351360416775
260520 36578.0007817854 18918.8925739506 15867.0720131116 1986.2990443931 1.00060254258631 -0.0282677348095057 32417.2979051451 41290.9358826848 328.653870520597 -8.57189318367657
260560 36437.742070562 18875.5976678182 15821.6335712901 1957.23499892181 0.998312715473657 -0.0289466749053444 33059.6501467255 42289.622600257 -201.966459249182 -8.64812603740408
260600 36660.2159557338 18863.8284946649 16029.4910689127 1979.11403643391 0.997690254907569 -0.0302007148205191 33086.7598645375 43874.7666977063 180.13533212293 -8.82029053899347
260640 36442.2045908125 18797.4939009143 15879.8977144033 1992.29140685575 0.994181880254624 -0.0295821357504132 33011.6826386837 42703.8219110776 504.956148165136 -8.73021272282011
260680 36665.747176289 18981.1160589788 15893.9193410988 1995.87488201183 1.00389348454205 -0.0311862024228734 34153.0562676156 43605.6320978313 893.737052366201 -8.97033461175562
260720 36515.1508735142 18857.5404398261 15897.9911533311 1982.34396355723 0.997357685565307 -0.0318429266256973 34189.5336235337 44494.0921745391 1083.18531862366 -9.09169442629291
260760 36534.4362512572 18919.4408970024 15795.3732455678 2020.40168129895 1.00063154287994 -0.028978407222441 33235.6648624561 42010.3395172886 95.1390803918446 -8.68170687280276
260800 36704.6391870234 18937.4693550973 15968.0531770294 1990.3663972621 1.00158505117532 -0.0298154847291554 32967.7581888745 43086.1868063715 577.802014581945 -8.75334231795831
260840 36672.5411600861 18984.3615721348 15868.1775846283 2010.98320970266 1.00406513669892 -0.0280985029246878 32571.2139921346 41263.6070519738 -18.8302386912089 -8.5805532565153
260880 36564.4940444765 18810.4930076181 15953.4666479481 1977.33293553805 0.994869390856438 -0.0309050721180857 33779.2951420392 43123.6579201793 1295.73855458832 -8.92605510250801
260920 36733.8440942476 18997.5350520206 15867.4771590241 2007.91553605908 1.00476186973532 -0.0303524645431982 31828.5867211162 45383.7714980501 186.397096700604 -8.8417766411218
260960 36643.952654388 18946.6616558321 15905.6903994421 1961.79524520532 1.00207122336809 -0.0300087606579185 32412.3152572774 44689.3217917604 -296.319546366479 -8.77316215623081
261000 36641.6502764873 18923.8396882056 15890.3757980317 1999.37924127493 1.00086419083462 -0.028619404588018 31573.9316785716 42612.8518885018 391.2865053093 -8.59068908348919
261040 36616.5082957933 18860.4816833946 15942.8318180056 1978.80030590326 0.99751324518813 -0.0288714546519023 32842.1373612682 41926.8782169075 288.098866238561 -8.60521536532328
261080 36641.3020049049 18939.8382309274 15898.8040654913 1997.4860864643 1.00171033880351 -0.0299054807600344 33111.4936477341 43286.7039245606 345.118999412132 -8.76331525840537
261120 36564.7884740965 18868.0462802207 15898.4371966351 2009.09741666226 0.997913329642769 -0.0288586138183077 32771.0786751317 42804.0285021393 -558.044425896321 -8.5941228891596
261160 36680.1128037592 18967.519200353 15855.1420590125 2023.02239525673 1.00317435939987 -0.0303866103274776 33039.1477128183 44240.118953195 206.066281560032 -8.85847080840404
261200 36837.0608725411 19095.2305718422 15891.6931013223 2016.80455112572 1.00992889445153 -0.0296815811188218 32935.9967362141 43199.2463006457 249.798996860984 -8.78396939465172
261240 36646.1431388432 19011.8196111583 15814.1217646904 2002.36305822091 1.00551736671471 -0.0296510149866053 33279.0035138646 43266.8074185252 -273.833173632271 -8.75555201709331
261280 36677.3085261558 18945.0223706145 15926.3359705232 1994.0664336768 1.00198452310536 -0.0282816095842523 32586.2116238704 41570.1887626824 -49.6832645212421 -8.5507087683261
261320 36628.6430031327 18915.8604870581 15861.7327912996 2022.49658324706 1.000442178345 -0.0293668487775191 32642.3146226579 43028.833335371 191.167626862851 -8.69742722434059
261360 36793.7201030366 19024.4280316826 15932.4770667595 2011.85261727984 1.00618421428971 -0.0296640445394697 33814.8799640937 42195.4694253352 237.666395961635 -8.72976938231863
261400 36530.977266015 18911.5346628017 15780.1032909539 2017.34078888453 1.00021338954392 -0.0282166130796291 33577.1139083523 40994.1366314059 -529.666576389565 -8.4939369321261
261440 36568.7127165701 18968.8324757553 15810.028656358 1972.25139349432 1.00324381730823 -0.0293448779953685 33111.7645444959 41820.9197291719 879.643049900265 -8.704503595383
261480 36562.1419132462 18956.5071079525 15825.2631415761 1945.99869369809 1.00259194012706 -0.029118718255582 32998.4418579267 42238.4832499888 156.384990419727 -8.63607450486639
261520 36612.7173833016 18909.4729393082 15938.0446994125 1951.41461954068 1.00010434691568 -0.0302575719073369 34184.5507549618 42217.0419701151 887.071486045049 -8.82189420998665
261560 36700.8447709259 19013.0497394703 15930.8516076227 1966.60264467286 1.00558242705118 -0.030141010252987 33547.9386870797 42532.9516006612 924.841063125117 -8.79434815718246
261600 36634.7169930305 18939.9486896972 15958.4612086183 1956.13234843645 1.00171618086459 -0.0276509611967168 31630.4456016202 41730.7453939203 -250.916049142905 -8.42664106165448
261640 36451.4702643193 18862.8135307652 15836.8025842673 2009.39800752557 0.997636574415716 -0.0279081896504867 31388.4624910999 42236.1461735123 -34.9362419260643 -8.48253845008729
261680 36498.4411266119 18876.0120499935 15816.5882184122 2031.93067893125 0.998334631759541 -0.0297421827443461 33633.7808223817 42820.6192647841 -111.312595957486 -8.7064864012976
261720 36466.4771810826 18805.400726527 15861.4992319936 2019.14064289322 0.994600064869869 -0.0301356239093088 34329.9892557392 42077.4724783109 562.844668371353 -8.74989402396127
261760 36418.397604538 18814.4939812893 15807.0875366075 2003.08018878437 0.995080998613742 -0.0264595400972577 31649.1523673986 39430.3222872866 192.472315146981 -8.26209959576045
261800 36544.1712693581 18965.3073825084 15847.0278290915 1956.95829090929 1.00305737842171 -0.0284097721031845 32774.1422217146 40997.410363385 530.50623353737 -8.55253507125009
261840 36370.5387980942 18777.5411023344 15838.5065697318 1988.15927877738 0.993126595389893 -0.029232106413531 33693.9578172988 41847.7711568013 197.243824053497 -8.6606975424209
261880 36504.6490387649 18830.3350945698 15876.2111119217 2033.16307686062 0.995918820286649 -0.030637366979265 35081.8314572783 42339.9963846293 340.826379488845 -8.85423352506423
261920 36591.1447497696 18890.1267164286 15867.0259018107 2050.30769119788 0.999081143272699 -0.0294824016158042 33442.9408433129 42751.405385915 -192.604107540171 -8.70505570147076
261960 36566.9437165035 18926.6480265627 15830.3502983704 2014.14634515933 1.00101272122505 -0.0279594509669853 31856.0658589211 42122.1758963791 -338.654882148469 -8.49219277924129
262000 36677.5891774344 18975.4490377535 15925.621175202 1980.59112196449 1.00359376108706 -0.0279014713966984 31872.0823517603 41310.4843675822 304.698244958999 -8.55115023513186
262040 36579.3855173733 18934.8029469603 15864.0359368572 1988.54243150483 1.00144402734155 -0.02836216348965 31853.8247342445 42147.226359635 260.455451386588 -8.57747257920612
262080 36591.8967619826 19025.210462104 15809.205387527 1993.61637236968 1.00622559630327 -0.028783624053595 32368.3645897248 42123.1917758008 403.85857883071 -8.66915946887028
262120 36563.8195218401 18919.5363399696 15891.3114447038 1985.27644001111 1.00063659076925 -0.0302619920066467 33465.2875219855 43085.936411119 668.978725974241 -8.8024981579901
262160 36551.9937919364 18867.9888793526 15939.6045050043 1955.33477099099 0.997910293764517 -0.0311626390575883 33481.2813098617 44919.8728465668 432.577002545186 -8.95904165901934
262200 36571.7542615495 18879.0311756394 15928.7565675866 1971.14963610993 0.998494310492628 -0.0295722207128105 33191.8656844995 42695.6174919149 335.121741392735 -8.7447310266168
262240 36722.1632460986 19051.9929985117 15950.9500336322 1957.12229581493 1.00764209961717 -0.028920769836202 32666.6738047534 41917.9721481274 610.221140540586 -8.69391116957938
262280 36479.4377966502 18808.5713414031 15914.2373700965 1954.12098278948 0.994767755726726 -0.0297512617067596 33284.5008939413 42288.4306051114 900.901347471781 -8.71150275420734
262320 36456.3624625096 18868.8370340691 15816.5854957089 1992.06272816368 0.997955151874605 -0.0281493612022395 30767.443257153 42779.5245218554 444.974486812696 -8.55758206892876
262360 36579.2242127338 18907.2219707304 15881.3321883114 1991.90326768122 0.999985295291838 -0.0281924894140436 31907.2094461597 41873.2412137972 164.677811747208 -8.54114159161442
262400 36553.6545024016 18947.8966167957 15810.7308066696 1984.2145626045 1.00213653929899 -0.0281043450231246 32254.3276427821 42347.6836832697 -785.41165837375 -8.53072079840934
262440 36677.9627925781 18962.5468238454 15896.7765877669 2020.57209600952 1.00291137505463 -0.0302353968169071 33221.5421962252 43189.3998288484 793.155222022368 -8.78998549837953
262480 36594.2101378771 18945.2284381793 15891.0829466192 1951.31523555507 1.00199542182622 -0.0282047889381741 32837.639966214 41271.7489587342 -50.728817662651 -8.55124081883489
262520 36583.5249086684 18880.728707751 15876.8733499078 1991.71781991913 0.998584091379137 -0.0292635037985175 33129.7805612125 41421.7264883614 1056.07726407841 -8.6449065987061
262560 36562.3785929493 18865.3630193491 15897.5490123845 1981.33683410668 0.997771414483621 -0.0285429575410381 32899.0829309134 41332.6177299744 239.881299263358 -8.52727469331321
262600 36506.8777148818 18811.8578018785 15878.9461762522 2003.2529560751 0.994941573549042 -0.0290506529074932 33219.8742001511 41531.3269587587 530.098853595492 -8.5981539878644
262640 36649.5648113015 18896.7617620809 15924.0676193883 2006.21789447958 0.999432064634717 -0.0280894785015273 31758.8478323933 42127.47011938 -74.4147210643697 -8.54072223469439
262680 36640.882727071 18912.016290862 15883.7453372404 2035.80068204532 1.0002388624018 -0.0285059523622004 32704.3005508498 41745.6498805375 -0.0998261846605299 -8.6246570407394
262720 36536.309470978 18799.860818413 15896.4586267094 2001.15216025945 0.9943070643085 -0.0303865564282111 34300.2469227767 42984.5216521671 78.9137576466319 -8.77564691125725
262760 36586.2522419544 18887.2939296032 15873.2905752301 2012.91231894204 0.998931319825633 -0.0290320902559759 32399.0351650383 43447.4675683313 -540.590854156938 -8.6401891604179
262800 36610.8647613826 18827.8775033466 15950.7383647667 2002.6586804517 0.995788840584243 -0.0293562793303804 33590.5030578332 42072.4537191641 108.823256514163 -8.6820187540672
262840 36638.9344037803 18950.8376086029 15855.1209747536 2002.53722120874 1.0022920856064 -0.027367180824767 31849.4014659064 40770.6672835273 136.571536678057 -8.42658299870375
262880 36763.5384703115 19006.1600202776 15933.6305416642 2001.4480074369 1.00521803624369 -0.0278193708903796 32126.3907013151 41378.5086420333 -167.198840470296 -8.47988642659726
262920 36525.1820636443 18848.6928597051 15914.4069675801 1970.15408196559 0.996889745323553 -0.0271119701300358 32606.1072002577 39859.4753806312 17.7001996746731 -8.38727088997999
262960 36563.0497511091 18837.0505511372 15888.8277444633 2027.72685623012 0.996273994506792 -0.029932401698954 33806.4128249019 42855.4744526182 125.493033183783 -8.74588393001378
263000 36618.4067379213 18901.0972182066 15886.9162153543 2021.10129946963 0.999661362856359 -0.0285646518010109 32645.7005139104 41376.3739784516 433.129277520898 -8.57097073559548
263040 36551.2943492208 18812.8144784874 15912.9164101772 2002.78267709845 0.994992171280573 -0.0292311457172543 32577.7464443342 42406.6235612261 559.131105752946 -8.60925287894493
263080 36376.5184983964 18823.5946764093 15782.8574066464 1968.05701184025 0.99556232587118 -0.0298294879075058 34025.6013859042 42365.5091329861 126.062823882917 -8.69339059938164
263120 36593.3357568244 18920.8621746941 15869.9753609594 1994.37117962685 1.00070671292842 -0.0290048454997336 32960.1253990292 42018.7160887951 259.506026624121 -8.67287644982312
263160 36609.7935047521 18889.1356757487 15908.057768734 1991.04690193294 0.999028728057583 -0.0311133455599851 34323.6363361553 43222.0275739958 1003.72290649901 -8.8999323318639
263200 36557.2445873082 18874.8548904679 15891.2124018363 1963.56618337507 0.998273430673963 -0.029629326764295 33207.6916839184 42610.8684323653 402.544829206999 -8.70337705920278
263240 36631.1684096451 18973.5582646634 15863.0610183598 1978.587693141 1.00349375986584 -0.0287597198980443 33590.8740364055 41951.8587156696 -626.518362502537 -8.61312762297173
263280 36682.1448305293 18946.7737760271 15914.7087480011 1999.1742532304 1.00207715330039 -0.0288903568481447 32454.4955166053 42468.4130267249 224.399655950171 -8.64381188814459
263320 36774.3075190675 18971.9675391218 15967.8505688398 1996.68683140494 1.00340962787898 -0.0277584906490005 31935.5205110508 41468.4007540168 -146.744773763214 -8.47472309958381
263360 36629.5023261308 18875.7130176715 15902.0840781953 2018.3926370622 0.998318816219567 -0.0300482018351517 33370.9521915248 43742.8589882987 -210.566963416813 -8.76412816198695
263400 36522.3164570753 18860.156655347 15847.607939464 1989.87812343698 0.997496054758534 -0.0267249309447356 30825.1534134964 40631.5682340798 175.009618136148 -8.32924889934591
263440 36793.1421752795 19014.3830658299 15941.9405507101 2016.02300632267 1.00565294543593 -0.0294798549693366 34168.7574160801 41626.080817734 218.971484822536 -8.73309482076482
263480 36634.5937504183 19008.3796473363 15872.977271483 1972.03728798433 1.00533543024389 -0.0283844027039897 32295.1509121052 41886.8672108482 189.747353866739 -8.59135053065577
263520 36669.2275370206 18967.3010999889 15829.6974358994 2043.15132025371 1.0031628242755 -0.0290416103474686 31964.9497098258 42960.6804058325 378.596269211632 -8.6582660600601
263560 36579.9115267326 18858.9407032528 15884.9533706685 2026.03057027369 0.997431744188964 -0.0276299736200517 31001.4313623015 41784.04770604 294.059176343914 -8.47597425634579
263600 36680.4185126833 18968.7782811965 15844.6371097293 2038.51379561987 1.00324095100867 -0.029507302204596 33235.8768383987 42576.9544841158 319.608023834166 -8.74756547554507
263640 36806.4613446632 18960.5453518935 15970.0446434042 2033.27903256921 1.0028055190741 -0.0296164090221923 33293.9033842036 42730.5026614306 187.321554531792 -8.6966042778751
263680 36493.7842473755 18826.4122366901 15867.4254879094 1976.8505426343 0.995711344000535 -0.0303834291258379 33963.3489598821 43290.231486382 264.49938228675 -8.83309445099039
263720 36741.4427417366 18997.1736747504 15913.4367421329 2015.59205958795 1.00474275682932 -0.0281019703844602 31976.8091886427 41978.2640680941 -122.476107685657 -8.57236286618493
263760 36795.5877034885 18995.4422914029 15975.3785241512 2023.69795855311 1.0046511855826 -0.0276233085787393 31944.2453492783 41328.4446218222 -136.963323097127 -8.52457403687492
263800 36746.117304586 18942.4396056465 15956.8364232468 1995.12640317155 1.0018479230806 -0.029684660921893 32523.3032753379 43766.9090570545 60.4653730897905 -8.72093193280827
263840 36616.2584706989 18860.4986610053 15927.1605336517 1999.83287321935 0.997514143118091 -0.0298544418283969 33533.2189503886 42765.1529736345 282.938697364128 -8.77570034355259
263880 36674.2268209852 18960.8812654858 15854.2980331831 2021.64291904693 1.00282328522998 -0.027784008995319 31858.2175102238 41274.8320349289 197.744653457312 -8.48871733806677
263920 36497.1481706216 18768.4789130312 15881.5149337961 2043.15320276911 0.992647304669112 -0.029070032824916 32637.1009528574 42590.3870322602 191.314247938685 -8.68124876911327
263960 36691.8097165649 18972.9006454141 15894.8140422828 2005.33700877098 1.0034589789985 -0.0276124668440439 32110.5086104294 41189.0431810591 -206.745083954097 -8.50417398265519
264000 36722.1754985263 19024.2722686827 15872.1778943 2037.98465238717 1.00617597613025 -0.0284136870472264 33000.9664410928 40793.2832436182 516.169290531896 -8.60412368186063
264040 36611.289004889 18929.6023969928 15828.6626635612 2038.05483534634 1.00116897511532 -0.0290277163028107 32939.0238953177 41788.3600699124 488.375194363475 -8.64946636935439
264080 36729.0617621604 18948.7450535172 15966.2160092359 2007.95674548563 1.00218141232406 -0.0275309853007759 32091.3750495058 40773.3331080115 95.8887907915797 -8.45304023046859
264120 36681.9559770277 18837.5455418933 16004.6320796236 1989.52708866988 0.996300174105157 -0.0301357054648621 33573.1823853127 42718.1910084205 756.300767213758 -8.82196276185905
264160 36670.1249737672 18885.136942335 15965.1333528534 1979.54572098269 0.998817238785403 -0.031955844421 34358.729128953 44724.2054989979 820.365700962982 -9.04957989227231
264200 36599.3292841654 18878.5830822415 15939.3446730961 1954.59311653637 0.998470611251701 -0.0310084312909468 34195.6918570583 43777.5622329939 501.634727665582 -8.94495996356144
264240 36705.9079324141 18931.0520521613 15964.5399882957 1979.00901433539 1.00124564602202 -0.0311449184877893 34063.5250146749 43935.4316313017 648.766293009499 -8.99426828559755
264280 36744.4030943361 18945.2464920436 15964.3537694109 1993.92580509721 1.00199637667823 -0.0301526179462869 33707.6498661319 42785.1483423879 621.717937588652 -8.82663426936782
264320 36579.5207196611 18920.1776103762 15804.0872686466 2014.19997222819 1.00067050696158 -0.0299622698279197 33580.9853339073 43031.5549776699 104.405990210659 -8.77979973908743
264360 36566.8070342648 18855.7475896491 15896.1405481052 1978.5230454162 0.997262863395428 -0.0300232893659965 33984.6390844416 43394.7838588238 -502.036152174188 -8.7740446855816
264400 36746.8270182719 18968.5352383149 15944.8715226294 1993.27734531987 1.00322809669786 -0.029142732189796 33253.5917620007 42077.5319221258 154.500279599618 -8.71612817746141
264440 36469.0494987439 18815.2942373884 15830.8935773824 1991.05738363352 0.99512332341073 -0.0282355073291597 32000.7057244756 41279.576146069 723.80067739738 -8.54613068457446
264480 36570.2827037357 18839.9693134178 15925.3967882294 1956.04919187752 0.996428365115316 -0.0282773831204557 31566.6966240267 42195.9314377345 318.095372500692 -8.49731967283613
264520 36722.0708760055 18984.9825880563 15884.0874273898 1984.47058431593 1.00409798165047 -0.0292895902617938 32325.2449283342 43702.7596826572 -331.701767664982 -8.6966272322436
264560 36647.2900379359 18844.6842298207 15979.0962230728 2005.67662774215 0.996677732636292 -0.0301846523639326 32918.1573452822 43724.6143251685 430.87900739025 -8.77835226170633
264600 36571.8103320805 18896.7885733477 15865.0550394667 2006.9201145385 0.999433482657553 -0.0295955257774425 32995.1079514179 43172.7943742423 12.8000573696501 -8.73506224402723
264640 36757.9009787193 18959.8126439366 15915.9449321148 2046.64725202182 1.0027667668352 -0.0293083197619726 33308.4785951894 41621.0007933884 767.168266390156 -8.72224773324032
264680 36651.5505906461 18948.8869929958 15862.3204288979 2013.85814017805 1.0021889193704 -0.0278509142989773 31838.9046694089 41508.5200361746 51.527808335932 -8.48129203421204
264720 36710.7069258147 18947.6601037087 15856.1711716764 2031.57903557735 1.00212403034292 -0.027679285455948 31414.3105911466 41366.4139505179 374.695517914153 -8.46868758628933
264760 36778.0169399775 19034.4898079766 15894.1586128973 2020.8961129103 1.006716372232 -0.028870969751637 32524.4716035048 42730.1873259865 -259.094269747904 -8.62969750484659
264800 36759.6116307704 18937.9416074446 15961.6766576812 2023.16793772619 1.0016100281605 -0.0320492003941729 34297.5257540452 44600.1011557233 995.875347480576 -9.04220000335627
264840 36665.0265687591 18931.7346696196 15901.918702224 1990.89634900813 1.00128174902126 -0.0293224974155272 33044.2644757124 42527.3616640081 132.277373260256 -8.68342549326989
264880 36746.8371119716 18968.7180240159 15955.7242852636 1974.25993368572 1.00323776406272 -0.029624729233826 33555.6240786158 42785.1852103317 -140.821070435497 -8.71441656146504
264920 36676.0547958235 18966.339437334 15795.2793519814 2046.27425000706 1.00311196283665 -0.0285042640200902 31991.1395860477 42094.1937723055 341.10681325972 -8.59238354441055
264960 36621.0535120244 18911.635159781 15823.14675962 2035.19531520257 1.00021870473521 -0.0291570864654914 33100.2810812518 42396.6707963048 -157.466985606945 -8.66813774593262
265000 36683.4183175098 18846.6583189372 15958.7919991363 2050.23003581513 0.99678214036426 -0.0308563374342749 33789.947127133 44275.2334991588 146.225528405932 -8.9083445937321
265040 36619.2436279844 18930.5959912341 15839.2122622449 2011.73013643872 1.00122152538591 -0.0295292166289364 33031.7608169252 42210.1442332476 819.593966590428 -8.71272069032732
265080 36627.9928421907 18905.7554010112 15901.202041592 1997.17913359948 0.999907729790359 -0.0290540238796668 33588.481658639 41431.7477395909 323.385779804052 -8.66151650794329
265120 36495.0928804243 18928.225111404 15770.0432594261 1995.03120290134 1.00109613176803 -0.029519072383125 32412.5373261641 42840.2829370198 814.087488113368 -8.75722653588002
265160 36684.8185023089 19007.0704778252 15834.8093261218 2014.55373008134 1.00526618949228 -0.028197184630929 31658.6885700408 42486.0722158856 -159.474859109143 -8.58508353955056
265200 36426.2818887341 18783.3961191851 15783.6775274128 2032.30691959658 0.993436261757772 -0.0292234808359691 32912.2853850228 42713.74365809 4.60363735983242 -8.67625039176555
265240 36595.5587201359 18911.8194861531 15810.8147779134 2023.68138614143 1.00022845358472 -0.0296189066450209 33542.4836467263 42679.1677051609 2.74941358244586 -8.72587334110207
265280 36641.6074040037 18896.6525530978 15876.1433098219 2030.10885193158 0.999426288673691 -0.0279333184962175 32151.7861988732 40988.7276252065 390.917338651121 -8.50251855651015
265320 36757.3292433923 18972.1388560676 15960.7571829958 1978.43153036145 1.00341868867209 -0.0303314182947288 33693.8110915171 43099.9738213407 448.740679988039 -8.80755120688993
265360 36613.4066065899 18879.2951328332 15879.6492765471 2005.73710435503 0.998508270941862 -0.0281769777871839 32131.8817357463 41602.166225996 287.555560892166 -8.57628662244299
265400 36654.2453640387 18851.0793934487 15953.9490896549 2006.26456833576 0.997015966862289 -0.0280936861352362 32554.0569904828 40782.9905263617 380.829041344584 -8.51086600791507
265440 36663.042375458 18883.7107410934 15942.8320517005 1997.63972671957 0.998741808334966 -0.0309274255165805 34321.0339197018 44084.9888455043 -99.8508785407481 -8.93334728124318
265480 36732.8677153669 18973.6119031975 15957.5164836164 2006.55234484915 1.00349659675777 -0.028597662402386 32421.491214285 42510.6006386272 -200.298576894262 -8.61038988046096
265520 36657.7517075049 18849.4510972769 15987.7704038786 2013.01401347492 0.996929847799914 -0.0315202220766665 34901.7041631385 43523.0849550262 705.904711040096 -8.98094042029124
265560 36728.6396947337 18918.872426103 15998.2245338935 1999.05902964516 1.00060147698548 -0.0285102930887832 33201.2365764034 40944.5799249592 290.821570194284 -8.60401145849453
265600 36600.3057331274 18869.321081897 15898.2463155972 2013.24946476046 0.997980752711729 -0.0307304391150887 33877.3647519763 43993.6443609839 154.986378637191 -8.89473972068301
265640 36802.9335529688 19030.9356344598 15949.7423277576 1999.95666260654 1.00652839531719 -0.0296419925102274 33732.679538532 42122.1892548346 430.061479172471 -8.77184014062409
265680 36648.4052721131 18937.1068937586 15875.7149702348 2006.18039512135 1.00156588093395 -0.0299105484317829 32227.1391660243 43633.3196164311 796.622492460927 -8.79484904941407
265720 36586.7340835166 18963.9893347135 15770.1129950782 2051.15488793252 1.00298766810596 -0.0290700919675595 31875.6588200772 43316.9324154081 221.834460468268 -8.70513573644449
265760 36592.1695296588 18876.0424123682 15858.4852961159 2040.8335051477 0.998336237597157 -0.0272064551626927 31668.7461659765 41108.0244515317 -366.277736747817 -8.40699143050797
265800 36478.7773541707 18752.687658897 15890.4487132088 2023.6876811913 0.991812119999839 -0.0275935349661804 31749.6808875218 41393.3585085407 -186.224470607007 -8.42125979908862
265840 36707.4852949785 18989.2633707286 15850.8899593606 2036.00579586367 1.00432438824427 -0.0298782568365424 33272.9204122304 43511.3857364111 -76.6456471498464 -8.80611665010425
265880 36626.5290151771 18949.726140937 15847.684592187 2019.00342159517 1.00223330112056 -0.0310000737506653 34706.0130022597 43240.4756421101 378.639961435029 -8.94765557410346
265920 36521.1097976691 18850.7516861935 15853.2785054308 2021.52581278774 0.996998634731906 -0.0288995756852944 32423.3627500403 42504.4728569751 192.946351231381 -8.66339536733352
265960 36549.810138933 18838.823013797 15919.2771309341 1971.74806507879 0.99636773839995 -0.0275277395074162 32078.5695113555 40920.9410001389 -8.51953219951323 -8.46340771064266
266000 36557.8327694674 18887.8002729765 15838.1942038994 1992.83767859341 0.998958099853314 -0.0291027996471396 33651.2464325557 42048.6336332772 -287.76310098787 -8.6719633511517
266040 36535.8381281815 18855.08491021 15831.5332553829 2032.10352018776 0.99722781489938 -0.0305716958231233 33964.3950751565 43425.4085645708 345.704819227195 -8.87237023400776
266080 36627.3052544947 18872.1953196681 15934.1299009221 1995.7898091352 0.998132768460563 -0.0296967155017561 34761.688529936 41571.1361903593 -24.0689496763633 -8.73230724159989
266120 36683.3418761208 18889.8409434612 15928.8374784537 1989.7595771098 0.999066029007601 -0.0320315831779822 34448.4521019758 44353.108585289 1218.72427981149 -9.04938056466178
266160 36685.0178964697 18974.5053000386 15857.9542478191 2030.51269649028 1.00354384768153 -0.0281062478153972 32068.3608636258 42151.9568815229 -379.799540106193 -8.56067830750135
266200 36702.2967230504 18924.9522709762 15940.3110265216 2036.96861580914 1.0009230342973 -0.0292249092898838 32260.5895099046 43066.4184494325 253.388670149808 -8.68326054618377
266240 36668.0443205267 18910.2351851123 15934.1369151567 2008.45469940822 1.0001446613837 -0.0281273012530416 32788.1453277075 41207.6828119789 -238.785353990875 -8.53105672666176
266280 36666.1024773325 18843.4157091545 15964.674704299 2030.82408577769 0.99661064176409 -0.0288055044782564 33304.2088808362 40853.956390742 816.457254922893 -8.65893782339007
266320 36736.0922520262 19038.0855099688 15866.4351994068 2017.45484995231 1.00690654554905 -0.0302101439651438 33215.8477467024 43567.4038430969 374.876286147815 -8.83034402283213
266360 36616.2609566058 18889.2333253587 15908.2529638731 1976.97489571014 0.999033892654169 -0.0311358445641909 34586.2933024582 43358.9234619652 665.144298888319 -8.9485695389685
266400 36504.4679827854 18834.0371311106 15868.4171988678 1961.81740709084 0.996114617538573 -0.0288651899061234 32495.631505739 42704.2586202018 -168.365928419495 -8.60555167728067
266440 36696.9519528421 18913.7281635145 15913.0106553883 2025.17331515325 1.00032940174611 -0.0290246523132258 32951.904964377 41900.99470153 440.122438360431 -8.65979053104308
266480 36613.3632422749 18976.6023821439 15783.237745616 2002.39664406256 1.0036547603937 -0.0297379604940213 33253.3362476772 43130.7774641621 -9.22598730473247 -8.73894043979407
266520 36613.2352975229 18915.6869611187 15893.2497557167 1996.34673027945 1.00043300072028 -0.0292975508188759 32584.01054597 43165.0248884056 -32.0408295645861 -8.68063525646179
266560 36527.4180665226 18953.8687068807 15808.0252202019 1958.67787886422 1.00245239756079 -0.0289060891156806 32931.4448072843 42235.24754763 82.5238652056752 -8.66286421767565
266600 36655.7191293958 18899.5156730087 15964.79374783 1936.80363502079 0.999577716409294 -0.0282475637423165 31526.9107157411 41941.036467397 578.802848404949 -8.52531126823459
266640 36625.5415503871 18928.2989951746 15853.0136859372 2009.20059333787 1.00110003941159 -0.0278523321520448 31945.056858852 41403.6562583531 -31.5480772412863 -8.44699040177852
266680 36623.7997408784 18917.8602432313 15809.680549861 2057.73933218726 1.0005479435796 -0.0305538564105896 34108.4399331144 43312.9077979394 171.31736606761 -8.8396839445467
266720 36574.5197693907 18878.8039557705 15795.961052773 2050.55487860802 0.99848229304617 -0.0276064854957455 32211.6284450839 41306.7874833149 -504.442025522269 -8.45122248891327
266760 36684.9846663165 18966.4869860083 15872.5172791745 2026.48043097813 1.00311976654811 -0.0297579157779807 33351.8634584259 42659.2475513405 350.949429205217 -8.76800125980731
266800 36653.2375246458 18858.4531188707 15963.4834453425 2003.46124220007 0.997405956306795 -0.0286452432110814 32472.0010857206 42201.2004941619 -14.7174043864386 -8.60786789632199
266840 36571.9549167033 18804.5404221503 15943.8529800113 2009.76582568173 0.994554564175605 -0.030533328604973 33690.7350124099 43801.1568625909 144.120107202552 -8.76922165286384
266880 36718.5525389947 18940.2553579477 15967.7184614267 1970.7606068236 1.00173240026168 -0.029125992093528 33803.3557619499 41737.5294093072 -79.7906452444369 -8.64322219190818
266920 36699.711285298 18942.3941320672 15923.9211217822 1989.57964917541 1.0018455180255 -0.0297987109119797 34256.9426993171 42158.6346623097 142.1354437675 -8.76226114797146
266960 36649.0523617736 18918.4751316024 15905.2436223713 1970.72803040474 1.00058046445074 -0.0287982938492789 32338.6056869394 42301.6772701306 298.058594840867 -8.5895944216379
267000 36547.6943687194 18907.7558529495 15801.7826176755 1980.36151208003 1.00001353182333 -0.029152478521002 33271.7584452885 41991.6132415676 228.709089510104 -8.60324345982173
267040 36621.5949900963 18975.9058765556 15848.8389556302 1985.19481644362 1.00361792286424 -0.0287104863151124 32814.6866787361 41965.061527042 1.20423513274176 -8.61131412133806
267080 36625.8997712097 18930.0223865141 15857.9509847068 1999.10511835166 1.00119118796848 -0.0293813544952152 34322.1729786665 41391.1581335221 98.7520583112256 -8.68592301940457
267120 36718.4488206942 18957.347563856 15943.0591827986 1979.4523849335 1.00263639105413 -0.0285892555675724 31959.373253924 42352.6490811536 419.542343163679 -8.60954752778892
267160 36684.1428682812 19032.9661695404 15835.1424529683 1986.11225715723 1.00663578841943 -0.0292719340830723 33169.1094963045 42700.5634111019 -109.606552378744 -8.67649311400517
267200 36620.8814993743 18898.4861378366 15846.4003152266 2038.53143056307 0.999523265256464 -0.0298272338195057 32952.0886485435 42589.8680344591 961.149064651486 -8.71976730582253
267240 36507.6911153764 18775.9488612401 15897.4065916183 2003.04919826724 0.993042383246863 -0.0304499381751946 33376.5926550946 43147.8160363879 961.521579264172 -8.75952333523695
267280 36571.3872759225 18884.6062751596 15798.2493799648 2029.66640146112 0.998789172294571 -0.0286262241420621 32150.3082745577 41921.1070506797 577.027203752824 -8.58951913436936
267320 36767.7403345236 18934.3835010345 15930.3109435923 2056.64331176522 1.00142184323863 -0.0289747063902614 33534.5571975435 41685.9367407934 -53.9588929141687 -8.63170116775079
267360 36740.9962652744 18905.3568028513 15978.0083640796 2008.89771498396 0.999886648306298 -0.0294493375579059 33409.3374822545 41438.7742057625 1047.80474859932 -8.72051377054774
267400 36750.946430326 18972.2665646443 15933.2873190104 2012.84081553174 1.00342544305933 -0.0288186903648003 31900.3828455546 42875.1692390852 176.701707068537 -8.62697970564995
267440 36728.3332699178 18903.9619698225 15985.4186963249 2028.36588441404 0.999812876891315 -0.0292577312983625 33532.8516633198 42397.0636230433 -245.14517645034 -8.70884976465261
267480 36641.7102397573 18945.3130553728 15900.4954513729 2010.85145051293 1.00199989715048 -0.029327386566659 33259.3042038913 41971.3833743512 491.266930491792 -8.67797465340813
267520 36595.4684841771 18928.8461183922 15870.9437767375 1974.06219657194 1.00112897624711 -0.0289974617733213 32715.5620860269 42149.4780751009 266.350970566701 -8.60946982701818
267560 36676.9298155385 18937.9389785422 15928.6438337513 1981.42992468881 1.00160988912031 -0.0286627423496359 32935.5922770983 41607.7181920502 105.520938375459 -8.54046345718146
267600 36732.6985357414 18923.1610496108 15956.0755501983 1996.78703625154 1.00082829827374 -0.0299840570614883 33054.2077228818 42865.7523405561 802.081187962653 -8.78294706636496
267640 36678.3404400128 18891.1601527802 15937.8752578726 2004.26665599702 0.999135800755266 -0.0303683088575907 33709.449423497 42872.1511546618 785.412429096035 -8.81250196005834
267680 36642.397615218 18985.8808688823 15798.465376476 2017.83301334649 1.00414549088363 -0.0299057584361839 33954.8017924176 42912.2212285461 -198.746161508886 -8.78100764459007
267720 36635.3949812658 18885.6133330249 15868.7457443478 2052.59823738924 0.998842434643655 -0.031988149500993 34380.5227211734 44536.1442326327 1025.58786147946 -9.02588902402674
267760 36759.5336137083 19003.6829592542 15911.9037327907 2022.22682607784 1.00508702680175 -0.0292574207121386 32497.8335832408 42299.2853796044 822.818726747874 -8.69896073517848
267800 36620.755423916 18899.7139241325 15912.3977936854 1996.6711131403 0.999588201725904 -0.0288469942900397 32635.6444918149 41751.3711263519 663.076245111785 -8.64607118752701
267840 36470.3455936497 18846.356080857 15873.050055246 1962.93523003086 0.996766155274732 -0.0293511415520727 33507.1156050857 42171.0448473033 172.084156362674 -8.66373036886718
267880 36714.9990893338 18932.4132258817 15978.3282459456 1952.27542820153 1.00131763722765 -0.0297759062140142 33173.5187525601 42842.6324339515 412.839099211691 -8.76282095277497
267920 36596.7938774706 18892.0009283955 15913.0168936504 1966.24174971787 0.99918026859159 -0.0300499425061066 32373.7877982849 43997.499659703 550.401982162902 -8.72727733088824
267960 36576.7801729024 18862.3398372193 15900.2877365024 1964.11956186331 0.997611521206892 -0.0298289188573287 33719.866602899 42626.9625493454 196.928517036474 -8.74390556697137
268000 36553.1534323626 18915.3969441392 15823.7821754327 1993.25171085478 1.00041766199335 -0.0280852150159948 32748.5164552504 41005.6460280765 -18.8292915564396 -8.48272204101268
268040 36476.7154423433 18801.6013297246 15851.8568670205 1977.45146463648 0.994399118324716 -0.027268905594571 32356.3892685709 39798.5922613564 276.90557066236 -8.35945758640839
268080 36615.0895455129 18914.0761447349 15897.8329250685 1967.49336035234 1.00034780614756 -0.0290857501746493 32559.4814427119 41921.1636128887 813.817778166808 -8.6336433455545
268120 36646.5287229164 18885.57763347 15886.6848642118 2034.99483790073 0.99884054652757 -0.0301509184276857 32867.039192806 43578.1106408951 699.455439326432 -8.8048677715079
268160 36679.1341546767 18928.4658215671 15938.0978492326 1992.37834253281 1.00110886270354 -0.0301413642747209 32447.9026382323 44034.7397688757 529.359791096518 -8.81527250546723
268200 36610.0234788626 18826.2217882636 15954.8454671304 2023.18212222394 0.995701271361293 -0.0284288882269183 31753.5675859529 42275.8143463586 389.420937593694 -8.60423868437019
268240 36740.8512331034 19061.297163787 15896.9742040283 2002.36908383119 1.00813418822092 -0.028956757690748 32138.8767594149 42925.1016076995 60.7786678127758 -8.65677745764805
268280 36599.283082415 18960.454643243 15841.6859226997 1997.96099633419 1.00280072157837 -0.0280199893008565 31336.6586393799 41921.0813096566 377.963062369942 -8.50266781060796
268320 36629.5082568113 18934.4998825962 15893.3039850082 1958.75460576814 1.00142799855064 -0.0298523488817956 33918.5697169928 42454.732382695 151.546318779314 -8.7519625151819
268360 36452.9545734249 18799.6203734357 15848.1558236143 1957.75991575962 0.994294347398424 -0.0288691411757744 32287.6661400929 42254.9346203559 584.769114310691 -8.62756271931434
268400 36553.3291359311 18881.2309729665 15895.8694884203 1946.18818584221 0.998610655716859 -0.0306486313261335 33422.6435322321 43559.52779028 956.146393229068 -8.85151705182947
268440 36491.4028342205 18820.2463229472 15886.591821992 1955.01160519032 0.995385234586659 -0.0294921075787718 32557.0665854653 43092.7061195853 477.891356588472 -8.69390303299352
268480 36610.076412198 18929.154013848 15871.6035940258 1975.9904069934 1.00114526054994 -0.0299804155057091 33193.7417218114 43540.3826720035 4.33198284177426 -8.75427932511427
268520 36672.9962481304 18957.6056443024 15900.7446527399 2000.63138654273 1.00265004068769 -0.0307888140929008 33810.044851098 43284.165311043 966.732539257779 -8.89336420598251
268560 36597.6287733646 18843.6586592422 15899.1263405005 2063.22646099313 0.996623491167115 -0.0293576385379921 33489.8991283943 41746.3691736468 596.892581965282 -8.69923226407699
268600 36592.712238708 18875.0269721538 15888.950842411 2023.83386163599 0.99828253191346 -0.0306623162944347 34113.548177941 43470.8020972374 266.962749709464 -8.85479341023108
268640 36660.4119591438 18985.4456886052 15862.5274192039 1986.97587047888 1.00412247460559 -0.0290788931917319 32780.8965594619 42367.0069076448 324.249428824602 -8.67431244058477
268680 36676.8513389881 18933.5412808691 15948.4001136977 1960.75450867319 1.0013772990014 -0.0289453558276502 32899.6271909991 42144.2107068103 152.126574185111 -8.63800033562059
268720 36647.4719131576 18980.744226819 15854.3033110789 1975.74184584001 1.00387381868671 -0.0286162723512486 32818.9951499838 42258.7843947226 -448.182736243357 -8.5950537981687
268760 36564.7010208697 18877.4420035716 15907.540599608 1975.88352447448 0.998410260667545 -0.0293724028079029 33781.757914246 42012.6744147001 85.3322621162476 -8.72125347272157
268800 36634.3475073531 18868.6051123699 15948.6985433519 1979.8594693142 0.997942885752737 -0.0311122128473624 34687.2980533709 42791.198264247 1051.20723602663 -8.9370523813734
268840 36585.0913711912 18859.092912084 15853.4110197908 2045.25525311125 0.997439794371756 -0.0292539696385621 32828.9658490276 41922.5929738538 876.450792929173 -8.68021196167302
268880 36650.5116357347 18881.8102271824 15917.531020708 2029.09263107887 0.998641291930841 -0.0305704927543612 34614.1488605464 42364.8706369612 796.397175645808 -8.86537011600586
268920 36827.4387106188 19014.8973181746 15990.6488324733 2011.15772506799 1.00568014376171 -0.0301548449240708 34709.5409290999 42275.6945507289 -2.88221873532401 -8.76064915651709
268960 36768.1804108533 18941.5548547171 15963.5269041848 2039.6788660913 1.00180112943102 -0.0303005314296499 34162.7551976764 42227.2684122487 803.311371978146 -8.85340064581504
269000 36767.2465767037 19014.813816958 15888.1739563166 2019.05688997059 1.00567572746043 -0.0319758339560094 34467.7304688315 43791.5560457046 1650.93589912558 -9.03470676184923
269040 36631.2096724856 18839.1937806631 15940.083194343 2015.66073266571 0.996387347912898 -0.0277884063285335 31654.2608956036 41592.7825572141 174.714449229154 -8.48466882432494
269080 36695.4855162379 18879.22281532 15926.7118012026 2009.13896767469 0.998504446136188 -0.0298853841401049 33385.2081348952 43208.429896325 -18.1687067353498 -8.72443402940097
269120 36720.719923066 18919.2569537099 15979.4816317048 1978.60491397186 1.00062181429115 -0.0287122731371828 33287.6777548073 41352.9770766191 125.609013702221 -8.62954980998973
269160 36747.5444006868 18966.4918725794 15944.1231017337 1959.16705912156 1.00312002499429 -0.030760380958757 34601.2034612196 43063.2297319109 278.204398982129 -8.8839978510802
269200 36836.9639649575 18977.6406560602 16020.4852540364 1962.65146367247 1.00370967373054 -0.030254342525686 33342.0499012114 42745.7460743378 1151.96571210598 -8.80318421669483
269240 36733.2903325515 18976.3127023999 15948.3945302256 1957.98025589402 1.00363943950284 -0.0279546388029987 31631.4740367948 41982.4745981101 5.85709851037301 -8.56167342960207
269280 36651.5682275553 18931.4464897229 15854.7939923779 2017.54912800121 1.00126650745592 -0.0292355491293687 32222.7073948193 43201.9348823528 123.907901984899 -8.69127727610428
269320 36573.1868183619 18868.4165557686 15820.0180072015 2045.11331976496 0.997932913170362 -0.0286867063938623 33043.1019954859 41729.7053687291 -14.3936636836335 -8.5972668003543
269360 36581.802020936 18856.4383580322 15852.2987250777 2034.95209046647 0.997299397489475 -0.0287145312829685 32838.6871438415 41024.7300289907 852.22055731775 -8.57974674705557
269400 36636.0705385278 18866.7697123373 15915.5068364488 2022.24187688391 0.997845813160772 -0.0288494007601152 32786.4453261011 42098.7945819458 7.3704991231352 -8.58280073972605
269440 36760.6864854641 18986.2881050866 15921.6367501936 1997.92558032124 1.00416702922579 -0.0290470134598177 32808.4940396329 41908.1686418091 520.196973761911 -8.67038586234631
269480 36652.1799277678 18952.9325910116 15852.9581973748 1990.60520741987 1.00240288726757 -0.0286517466680981 31996.6415653338 42420.414369796 246.1004322307 -8.58357122061237
269520 36575.4822267885 18813.3575715015 15862.2724419035 2050.21016756068 0.995020894962398 -0.0294878322792246 33949.6886468952 41562.8461079155 503.579908286049 -8.67752956587344
269560 36691.0925568825 18882.5634516236 15940.478314175 2031.57726790653 0.998681129267413 -0.0315231400657483 34007.6205551371 44003.434518117 1138.74874085587 -8.96250552911037
269600 36670.3898829812 18879.7801395588 15922.6015779044 2026.28863663623 0.998533922494183 -0.0282383241667646 32180.0894070042 41470.9674089167 337.888684130375 -8.51925757503393
269640 36702.480001551 18879.9276145774 15889.0266751685 2058.24135689457 0.998541722310055 -0.0297839161267584 33402.6245247795 43049.1477875237 -5.11838539820615 -8.7066646441471
269680 36606.2664649904 18846.8518695669 15875.8303594153 2015.59116696665 0.996792377076127 -0.0283306462963476 32105.4817402398 42142.6618584622 -153.164067260324 -8.53410975664225
269720 36680.2574450453 18976.5061251239 15875.3218536673 2012.22264341057 1.0036496694499 -0.0304801277881305 33462.0139458959 43206.6506840827 821.050191181669 -8.8309509787186
269760 36677.9932294353 18914.8697357394 15901.973655068 2013.51652657982 1.00038977843392 -0.0300837432432621 33697.1194612891 42196.0588403453 982.941368692119 -8.79615490733522
269800 36793.7850683843 19015.1596454899 15942.8556573813 2017.31948172593 1.00569401800819 -0.0279175236902649 32110.5938903346 41651.6790059828 -201.435698582799 -8.50225156012397
269840 36654.7409861161 18965.728952034 15845.2385916664 2013.91264485562 1.00307967483982 -0.0292990527518887 33624.9756310291 42000.2139306491 164.798391705037 -8.72724963383995
269880 36563.564567005 18864.6954284155 15876.3442374569 2031.9921556138 0.997736106223218 -0.0300819640532929 34193.0235715645 42304.2144418494 464.276467638755 -8.76290846573275
269920 36537.4840047404 18874.9680881299 15848.7640504173 1988.89669253027 0.998279417592486 -0.028867612102751 32887.6527814114 42066.4656215503 162.022781133771 -8.63094911431408
269960 36775.2559893371 19077.2808639657 15891.8497094319 1971.6810677775 1.00897955118158 -0.0295520186779886 33792.0130218746 41924.5584199154 384.241805549595 -8.7454779699722
270000 36567.7791553993 18910.366513111 15858.5425865161 1961.22286143699 1.00015160719879 -0.0298205133796458 32860.4451032072 43202.2624689313 490.500408093618 -8.76224383944199
270040 36516.6373991565 18847.0671579336 15894.9836697304 1956.05303472424 0.996803763476588 -0.0320862523556838 35735.235634126 43149.1590430783 1152.84922308668 -9.03137438523452
270080 36437.6824240711 18800.3622911891 15849.73813847 1951.28012402853 0.994333586734849 -0.0296145801200722 32831.7421544627 42589.707589235 737.074674147611 -8.70566379157747
270120 36618.4237892658 18946.1227208865 15843.2435834439 1991.16228404003 1.00204271960262 -0.0286218772175853 32512.4918097533 41932.3097581663 210.01885583382 -8.60947772004762
270160 36615.1617541769 18993.6462155605 15799.1517327646 1975.00077028309 1.00455619281029 -0.029101428309181 33033.9814575806 42626.6857358866 -298.861899923485 -8.67829960078625
270200 36379.9468706741 18788.9392944648 15788.893629165 1959.11246754319 0.993729435116475 -0.0307543184051797 34555.4645890855 42840.1149989557 715.629901416569 -8.87153411111145
270240 36542.6482487808 18910.8121579197 15826.9424985771 1966.45788369927 1.00017517693612 -0.0304543933165901 33666.3383870551 43707.618875032 326.887270175949 -8.85559243439107
270280 36721.7539275087 19010.8184249071 15886.4192361548 1998.50646693293 1.00546441490981 -0.0301222859540789 32980.036109868 43459.1539295909 497.027573930388 -8.80478765949055
270320 36590.8240852996 18973.9596256574 15828.2982112892 1962.86406727575 1.00351498747362 -0.0282756499196116 33533.9971423127 40561.3895663522 64.4302849095225 -8.60898743913502
270360 36559.4189037522 18923.0275991958 15810.9774384401 1983.12543943931 1.00082124020605 -0.0288950658553358 33375.4026325604 41631.5892135246 106.836173216762 -8.6796482683419
270400 36565.1845678246 18859.4908177541 15836.6699133008 2017.8508322588 0.997460839230682 -0.0299227322615515 33535.920058134 42658.7626912904 478.382215017903 -8.76828056004914
270440 36581.3193779867 18918.2997322245 15823.7460294753 1991.75023341412 1.00057118774161 -0.0294364788739092 33155.3084367604 43010.9540027465 -231.159638130767 -8.72717803578579
270480 36581.8632282578 18844.0983444764 15912.212771797 1981.33098018925 0.996646745708124 -0.0295621094260888 33510.7627440423 42499.7595018952 127.868695356484 -8.76042609650651
270520 36489.7021029792 18861.3420007384 15777.3614075064 1987.51501753774 0.99755874656821 -0.0292008505085334 34009.734732825 41467.7551503214 37.2710438311135 -8.69166477593597
270560 36736.9867091808 18991.2153279817 15827.3607148995 2026.34610411377 1.00442762543867 -0.027774745388427 31765.2622528607 41460.2573291045 92.0022079276668 -8.54533680599139
270600 36646.379749768 18888.8329442354 15958.486405101 1951.81537235597 0.999012716870837 -0.0302015344808455 34092.5139783858 42762.3966214964 249.170312912252 -8.80136345276492
270640 36714.8289718253 18958.3257227131 15916.6284920188 1972.86295612523 1.00268812496169 -0.0289968027229187 33132.3521694709 41928.5198467569 149.367750354153 -8.69648936166218
270680 36770.005364296 18876.1317484983 16111.9795527661 1928.52071804328 0.998340962501563 -0.0297998277736276 33219.8336787648 42706.0173900832 586.361390716336 -8.72621317691956
270720 36782.7797867424 18995.7553732229 15938.0197818 1969.03247076742 1.00466774418738 -0.0288128837969652 32561.3616594122 42255.3902815948 82.1566930493142 -8.63428956109818
270760 36729.6067743018 18889.3763504169 16011.4634617034 1980.05571182728 0.999041457115795 -0.0301968243405775 34245.3818044487 42471.358425664 465.207665180364 -8.814476105281
270800 36618.1916953216 18902.4762269919 15887.5040910876 1984.26880295548 0.999734297341895 -0.0298016863279374 32907.3881503435 43008.8455009156 604.447999465438 -8.8004743090079
270840 36632.6164366869 18891.0972210436 15943.8386445803 1970.75686140234 0.999132472354545 -0.0282308578036593 32216.1976604652 41424.323102388 452.482783216312 -8.59493885519715
270880 36640.39501599 18991.5500364366 15852.8972001513 1951.07977183564 1.00444532785596 -0.026854680704696 31529.9633231385 40646.0954651239 -309.601922425561 -8.3949771479585
270920 36593.0944603763 18883.252373583 15874.4485924732 1984.9959643003 0.998717565705833 -0.0296890094553741 32333.2573360062 43530.4763706529 394.110488521016 -8.73749271333925
270960 36723.242580234 18880.8908466633 15984.647438432 1969.81288160507 0.998592666754639 -0.0305462798131842 33293.13655767 43735.231275774 612.229113809414 -8.85897947518414
271000 36883.0529204311 19013.1946414994 15987.200286313 2033.24537777008 1.00559009078405 -0.0310058450713149 34397.3980867609 43165.5173618334 780.858807049406 -8.94414451058257
271040 36612.2096387556 18858.6378011359 15915.2980905566 2001.1602828578 0.997415723979154 -0.0304110509190923 33846.1226488326 43446.0543297934 210.216784242667 -8.85519985677813
271080 36599.491798863 18879.5952070478 15872.3618236618 2018.0009474396 0.998524141586558 -0.0310105640267991 33378.2659169254 44297.8354178009 732.529806903027 -8.95016347931409
271120 36738.4922963172 19082.3282455882 15833.1651396683 1998.76333625865 1.00924650247723 -0.029470007148104 32906.9704246116 42842.7785932956 182.134939688421 -8.76900759308555
271160 36680.2899572053 18903.0973837879 15904.3418748411 2037.8321328498 0.999767149744171 -0.0290950288602856 33032.764773504 42288.1007629439 257.189044468497 -8.7328073241285
271200 36711.325167927 18953.03938768 15883.1496881505 2038.11525365765 1.00240853564353 -0.0294385768579196 32919.965702503 42284.2808867207 823.010710460695 -8.74181147369578
271240 36669.2959734864 18989.0744125461 15843.6614799432 2000.18856428219 1.00431439442264 -0.0308029367471813 33363.3007233547 44017.826716392 633.19984396683 -8.85812921535942
271280 36714.9414682042 18951.314637978 15925.4525010466 1995.55286141851 1.00231731524411 -0.0279821695726441 32734.6364017087 40653.9245980231 249.069749209199 -8.54849448389424
271320 36753.5879718714 19002.8421452405 15935.5318455925 1994.09702458399 1.00504255693458 -0.0291638858253349 33492.0503228787 41717.1166244182 348.285015330883 -8.76424939977203
271360 36663.056522062 18891.6093983446 15920.5223847962 1994.13244032051 0.999159560933205 -0.0288170984214765 33785.0996305401 41030.7161081697 144.432455278623 -8.66501217001847
271400 36570.3773328108 18768.5424942604 15928.899568943 1996.31477021787 0.992650667420884 -0.0300741115069987 33448.8242398516 43021.7591922777 493.311741039631 -8.78493536953566
271440 36656.4653862348 18858.9090319358 15962.3505122436 1984.57505010932 0.997430069122612 -0.0290071657538511 33173.7637029909 41985.6565668275 56.9537062906599 -8.64129145306909
271480 36698.323686287 18931.9212438988 15917.8578160362 1964.05964493527 1.00129161676048 -0.0312219503006289 33310.1772709475 44384.6426913327 1065.30261012178 -8.93652645274565
271520 36682.7688377194 18915.2147075261 15880.7131496666 2007.74338203939 1.00040802366924 -0.0276520692213966 31904.7219662707 41549.8684344024 -317.317659934 -8.45516467190334
271560 36875.5559137107 19017.776892234 15961.9162279188 2024.50580650464 1.00583244174185 -0.0273436133340198 32075.5145710923 40662.8365568295 -98.1451351351361 -8.44805587519947
271600 36688.7545602472 18906.1414286178 15907.289730376 2014.20867045638 0.999928146429608 -0.028994565302946 31893.3981719023 43023.4564243141 297.271982447872 -8.65741218001997
271640 36694.2703053704 18922.0470120795 15955.7003795557 1964.22595453846 1.00076937787013 -0.0287141635295185 32132.3845214192 41811.9499053427 917.853907488739 -8.65760181310922
271680 36590.6369419348 18881.0202329643 15880.3967894616 1989.21494990376 0.998599509875143 -0.0296198686887878 33988.207233205 41994.7502402091 231.898817742401 -8.75625210724855
271720 36731.625667548 18927.0558461126 15935.6135250156 2005.36219198921 1.00103429041981 -0.0286444557587093 32173.5721431679 42523.7980502002 81.8976282028641 -8.65475350603534
271760 36743.0893634138 19002.399647932 15850.9665147298 2022.31215153932 1.00501915366558 -0.031718771385281 33927.3326906493 44957.2369336626 684.557554131892 -9.0341089916652
271800 36624.1509613874 18933.937477529 15829.1358131554 2002.51546432323 1.00139825347238 -0.029131255914112 32979.3367769645 42422.6802121202 33.4934384018226 -8.65948944123843
271840 36673.5014316931 18854.5063818108 15943.1989006173 2011.78581988848 0.99719721707316 -0.0287253435959231 32889.0491422318 41678.3844499497 363.803659043639 -8.67086763049988
271880 36619.8217574285 18848.3857743614 15892.3292773346 2002.12688726678 0.996873503866792 -0.0290860126095457 32774.8288103653 42347.1948724782 175.586173003212 -8.62843375669543
271920 36608.743868868 18798.827818776 15953.3152285982 1989.27913474577 0.994252429923364 -0.0294861836576793 32925.0478459482 42136.8790905116 952.743787811515 -8.74315520108074
271960 36701.2161327554 18953.6875226107 15829.1292768486 2052.32579984883 1.00244281489413 -0.0290566524339826 32259.8561043582 42418.3836581753 671.120686764372 -8.69630820265121
272000 36599.8209616477 18744.7705856794 15956.7690896015 2010.95434962899 0.991393393398355 -0.0294074234870083 32868.8788980186 42717.0731054807 257.937576244051 -8.67264966134455
272040 36782.9335306956 18911.6577797382 16017.5857757105 1975.24405255161 1.0002199010836 -0.0274385924716415 31232.7067950299 41460.4540215091 19.9094389973402 -8.41874876166007
272080 36740.2019728205 18879.3579460517 16027.6840506377 1979.39347136562 0.998511593074266 -0.029616349114032 33137.82452003 42406.9224352554 559.935897270804 -8.72266395782141
272120 36668.1314476845 18951.751301331 15823.9258354847 2041.54915871108 1.00234040996065 -0.0296054885413233 33526.715938722 42277.2748441744 331.858545419919 -8.75482343013248
272160 36703.7840069554 18866.7936941174 15939.5588671465 2028.21869805149 0.997847081534703 -0.0307307618436112 34090.6663851221 43694.8532014994 250.926886745771 -8.91864439623192
272200 36735.0856108976 18913.9087118792 15946.1694096324 2012.15448792407 1.00033895078034 -0.0287632546472878 31928.9972705041 42456.8808813156 466.163647912776 -8.59521465716495
272240 36538.2963661082 18868.2084047013 15821.2502991017 2001.823231431 0.997921904254992 -0.0287675788187736 33762.098386761 40987.7492915247 91.9927713470561 -8.58593544379766
272280 36797.5161392045 18957.23602873 15988.6205504237 1986.14995465708 1.00263049206558 -0.0291592684601139 32383.8618564064 42271.623000434 856.719159241272 -8.6691161119841
272320 36741.4243623364 18939.6656554563 15963.9658695505 2001.4534399173 1.00170121144817 -0.0270476273735592 32122.4235268135 40190.2434020227 -182.514872829379 -8.390469475286
272360 36799.7054137193 18942.0597011112 15995.8332608377 2012.45574904205 1.00182783028487 -0.0287884626858503 32685.5501779976 41954.0179057321 243.658651974844 -8.61805452240175
272400 36570.8739584692 18833.4922203195 15888.4577639852 1985.62101397633 0.996085797716226 -0.0295156043016906 33216.9271276607 42390.7345068105 504.679398905621 -8.7482267317677
272440 36766.1665281095 18956.4275444165 15952.0395551476 2006.89066735111 1.00258773208602 -0.0305409556477377 33040.7592902428 43946.3212945716 739.347054774034 -8.86510127901216
272480 36598.9163339331 18849.9461696963 15901.2811147101 1982.88153324624 0.996956031717376 -0.0291339814533183 33100.7337675808 41520.7582830293 845.767004636934 -8.6581849114685
272520 36672.5493979747 18910.0303235653 15874.1080844644 2021.01223335453 1.00013382644799 -0.0307154277306329 33680.4077120733 43195.1668706014 976.495533184552 -8.85212294612212
272560 36758.0815759753 18962.4304003546 15920.5059058016 2028.64476590763 1.00290521752504 -0.0286468347289398 31685.6505234895 42417.7353439032 486.352707825961 -8.61365963605851
272600 36600.5648652213 18824.9750226086 15889.1276232248 2020.74561064306 0.995635331091294 -0.02980145959884 32960.6473306405 42967.2322469928 577.492943067013 -8.74532690174422
272640 36638.4551577188 18877.7310531848 15933.1620626981 1997.61587848431 0.998425548231379 -0.0302387744429852 33948.9919124643 42335.3158588431 823.463768615314 -8.8041914287577
272680 36869.1724476202 19018.8060739296 16061.0457236517 1964.92019611471 1.00588687419964 -0.0298142647609303 33773.0052571752 42352.3367381215 435.055274942374 -8.792014951568
272720 36599.1853101769 18862.0842883112 15932.0415864479 1968.20462118743 0.997598005464034 -0.0283665645017555 32322.2921435989 41403.6979142968 499.475863947111 -8.55588750344155
272760 36578.8612098384 18956.1970567719 15802.1017195303 1967.38308743572 1.00257554180997 -0.0287009278114415 32993.6680165907 41673.1131379847 100.814654665274 -8.60111819769367
272800 36683.4324702609 18944.2403392829 15887.1238206464 2019.67197798136 1.00194316219928 -0.0283814711419544 32095.5918658887 41852.5178224995 301.21393219367 -8.55005579200477
272840 36579.820464606 18912.9075670993 15837.2913804646 1984.84874261331 1.00028600116881 -0.0268053840047653 31265.8843405612 41002.838787472 -450.403640222875 -8.35716332815175
272880 36522.8918785059 18820.1877838885 15836.0396139165 2014.9658769697 0.995382138510562 -0.0305096145815406 33979.3870632818 43407.0034928823 230.361307553046 -8.81969144470445
272920 36484.7373948869 18792.174556629 15848.8077584707 2005.98562164167 0.993900545107973 -0.0275479497566329 32352.4479550869 40774.5146613959 -102.959930778982 -8.46714751775948
272960 36614.9327228054 18898.9657553605 15854.6158089303 2019.15920552598 0.99954863177895 -0.0283696080023566 33472.0018134195 40564.2959951879 249.213369122542 -8.56505242195729
273000 36535.2815527036 18877.2918918448 15855.0535903902 1991.29447341093 0.99840232139864 -0.0315478410031213 34400.494758632 43685.5438583483 1185.99196202787 -8.97242950232967
273040 36724.0976021816 18914.8940534488 15957.3323538731 2023.23437529208 1.00039106457484 -0.0286939372455364 32503.976190614 42112.4766772199 217.602894359112 -8.62081089386486
273080 36636.4875962565 18938.9873315623 15883.9363073777 2000.58696567371 1.00166533553152 -0.0265449116088881 31193.6796424618 40135.6050954413 101.083554981378 -8.32049748510899
273120 36688.3482254171 18993.1977739216 15860.1730755743 2011.00336541547 1.00453247515122 -0.0282850668974686 32264.5212151997 42025.7889856543 -270.030290009364 -8.50301364185472
273160 36711.1606311024 18935.0345896373 15923.798950883 2015.0141981816 1.00145627870619 -0.0274181014677718 31031.0379225055 41899.4219230603 -124.399396558109 -8.45803084208307
273200 36782.4642304064 19059.1548971037 15937.8072015573 1982.07135408275 1.00802088573866 -0.0292500862682796 33222.4389382282 42048.4317687927 289.981526851226 -8.68226707852972
273240 36648.3865388899 18991.3505170632 15864.1242511633 1971.74258532011 1.00443477546282 -0.0302166305956893 33066.8907743171 43690.3180606473 432.853236689269 -8.83197586169654
273280 36468.3708852366 18913.17256927 15766.073781682 1980.09853723489 1.00030001688589 -0.02858276871818 33117.8669763531 41767.5143501047 -272.899962708376 -8.5943443310705
273320 36546.4399931404 18952.2770327972 15796.6174206857 1980.20716347223 1.00236821540644 -0.029079675590145 32439.8667105212 42446.2612114402 452.817754401484 -8.65826448170129
273360 36571.5112654116 18898.6781202009 15851.4189431347 1980.40113895738 0.999533419024243 -0.0295620554409029 32887.2606831342 43169.432839455 200.150603891444 -8.71703780791669
273400 36640.6584988147 18908.5199729501 15877.9799308554 2027.62892214863 1.00005394541585 -0.0286540480892749 33503.9784457852 40421.5074064211 741.660792210867 -8.57182348060361
273440 36670.5124151837 18952.2004459481 15881.98983391 2005.97303166793 1.00236416479958 -0.0313604468392037 34387.3619950025 44226.3148162709 263.895681924856 -8.96766656741126
273480 36547.3433155168 18898.5906938615 15851.2749447706 1961.28702593066 0.999528795126881 -0.0277765838976912 31716.3139883151 41746.4998318329 -112.790031915596 -8.48615493210527
273520 36737.2248314559 19013.2449556005 15955.8207669517 1914.27557587371 1.00559275184982 -0.028302011476575 31853.9946353426 41865.8519188304 439.96918168198 -8.58273118734945
273560 36599.4041934391 18854.7861286568 15907.1917354801 1985.6556506752 0.997212012622334 -0.03054214001994 33913.093763639 43401.3079159933 383.478359051972 -8.8496131680199
273600 36753.895930818 18940.8385671721 16001.7835200016 1951.11576474854 1.00176324565237 -0.0287510452522333 32471.3730790248 41460.2658354595 892.978572407365 -8.62392640423668
273640 36711.6399064545 18986.3294228565 15893.0389577896 1992.99825243025 1.00416921448401 -0.0267627675853852 31898.5762733211 40193.5555805749 -425.025237027785 -8.34552253301543
273680 36743.0100016474 18910.8474157495 15972.453858057 2020.00609600629 1.00017704168978 -0.0295483709483955 32830.0410810594 42614.3128546078 700.47116287995 -8.72475032769745
273720 36713.5699497326 18936.1402250839 15957.4463782471 1984.83796383201 1.0015147547314 -0.0303549185295343 33132.6201296223 43436.1818334488 771.860343890447 -8.82288823720365
273760 36662.4159783609 18857.6497080817 15975.6540797478 2003.04975086139 0.997363464661204 -0.0280968278508315 32175.9021946877 41908.6669229924 -227.810993120522 -8.51361562814378
273800 36602.926022677 18821.0882145745 15972.3295849595 2013.97849892439 0.995429761447814 -0.0286018584241873 32964.1727323744 42189.4984733435 -508.315770285103 -8.54561259823082
273840 36479.269314665 18807.8323685311 15858.4133622194 2007.50884758156 0.994728672142329 -0.0269658114342227 31365.3238309071 41034.1689923364 -297.703737440804 -8.32476486872373
273880 36496.0688345257 18817.5330336768 15832.4816724002 2000.69475706137 0.995241731253564 -0.0302015657515529 34034.9436343414 42833.5364914469 365.170021870891 -8.80718362041329
273920 36498.6929022004 18829.9293541249 15842.0168370056 2010.05723408325 0.995897361053809 -0.0289986159981757 33518.0860598267 41508.5225769756 213.329969973034 -8.63304875549766
273960 36775.1180791867 18970.6843056536 15965.4374652036 2007.78213043666 1.00334175886043 -0.0265886197821206 31723.1679566249 40421.7596383918 -589.247017755229 -8.32971771985138
274000 36724.4834026187 18904.4262010614 16005.8514282883 1988.38304251028 0.99983742964757 -0.0289997406300406 33040.0647346301 41551.8915690677 669.334319197472 -8.62567486841529
274040 36717.226244464 18993.7840626772 15939.805654425 1984.41703580185 1.00456348341543 -0.028740832904823 33333.2316920206 41338.7315021117 156.898869806696 -8.60943169464626
274080 36714.4750678386 19003.8330896615 15923.6477988259 1978.54281094515 1.00509496705865 -0.0283124712946949 32643.6404880942 41448.1705188319 94.4870961321527 -8.60033776836911
274120 36582.4457235674 18796.7136323803 15990.155683776 1969.68900271948 0.994140612581269 -0.0290173683393501 32932.7161838144 41940.787804535 393.496972409459 -8.61786858445092
274160 36692.5883299902 18961.0942597844 15956.4038935329 1950.00876458363 1.00283455029932 -0.0296149380687407 32945.5040393825 43153.5433679104 198.189528264173 -8.75264490106692
274200 36647.0364284335 18883.1845067686 16015.8225224337 1950.25151957081 0.998713976293461 -0.0297744201641048 32824.6053174457 43058.905813272 583.289664185365 -8.72049770666016
274240 36682.2835542643 18907.1468228794 15997.3334827163 1974.64854373365 0.999981320792245 -0.0285987305204189 32416.3715497983 42191.2343826224 -76.1402685599532 -8.56950378396332
274280 36605.3344215004 18853.8229040252 15971.265014154 1973.38815338251 0.997161068572004 -0.0301912664969118 32969.5612087434 43143.3096108718 976.215054468156 -8.80115126338461
274320 36515.158372777 18896.8917950127 15848.8394034114 1968.55999773689 0.999438941954922 -0.0298506567719003 33553.9516631353 41943.645829348 1083.24918078097 -8.79024436279068
274360 36565.4992646119 18907.6089143113 15872.2362070661 1970.33257666062 1.00000576037611 -0.0300271103438617 33123.6854970194 43112.0821341494 634.017050359061 -8.8282194070893
274400 36621.35903004 18892.7479445656 15913.1512785835 1992.30624641853 0.999219777578504 -0.0305746524762582 33085.9113502524 43822.8318136701 808.703965307179 -8.85563391120141
274440 36511.469831699 18858.1339306325 15905.3763138161 1948.860191444 0.997389074739258 -0.0275958354967097 32436.961618688 39983.1905120618 709.619752943737 -8.4881170582498
274480 36639.2763037879 18950.4761973057 15936.306587402 1986.68130025353 1.00227297090074 -0.0305655229134044 34938.8631513442 42763.0998420186 -0.0759828568346634 -8.84717280034826
274520 36502.8999522868 18897.5732350829 15820.6457837089 1965.02233691317 0.999474982683214 -0.0287573025434069 34023.3541745504 41181.3099405588 -293.665068914214 -8.60483504949628
274560 36513.9418935896 18853.15368604 15889.3187982522 1975.73976971356 0.997125674258366 -0.0299301119441486 33484.7192660264 42666.4289403636 599.0379230385 -8.7830547703539
274600 36509.9597569456 18880.5013453834 15859.7009954797 1978.0181041496 0.998572066396054 -0.0304462540042012 33678.2669019086 43384.9241752655 504.523187960584 -8.8466738966535
274640 36546.0029598283 18932.5241549647 15887.6511837046 1946.53172285341 1.00132350416314 -0.0300341757272087 34283.6819716984 42208.3113062598 407.288149973402 -8.77444061777982
274680 36675.3429728357 18925.3313209817 15976.2788153187 1973.87197772253 1.00094308189775 -0.0298846107247825 33965.5513699097 42110.0445562434 594.393746238438 -8.74016680385499
274720 36796.5159936992 19030.9997804619 15953.7850923757 1992.07315947949 1.00653178793928 -0.0293865953217691 33826.7043537213 42085.5080168396 -110.673507589359 -8.69601141932264
274760 36679.2221186639 18857.1623556751 16008.0336726587 2007.80242262439 0.997337689048003 -0.0296246906974446 33875.8784386557 41652.8799432607 826.071318238319 -8.74333907237362
274800 36724.705936416 18999.6505138634 15939.8883253438 1992.87969360145 1.00487375453462 -0.0303771460840298 34618.9834659125 42619.2237479055 133.193661560415 -8.8069478758397
274840 36662.2339357046 18936.7746725136 15887.3568785246 2046.04072755638 1.00154831006287 -0.0289226055048047 32645.2122961793 42423.4105195618 58.2758912860269 -8.61544534080529
274880 36541.6562613949 18900.9148634454 15881.3821323879 2006.72403989536 0.999651718283506 -0.0299095457873834 33487.8114003053 43132.1372120906 60.6057520481878 -8.73604421880326
274920 36693.6333687983 18967.2708264851 15940.1097457999 1965.23829782386 1.00316122313818 -0.0304893184076817 33504.0872883733 42931.3951272746 1106.94094634701 -8.87298959355867
274960 36656.1507045419 18915.8020745604 15951.3962939523 1943.56075631958 1.0004390889626 -0.0280158452407998 32796.1147496952 41321.1257191644 -319.334851129346 -8.50122645823243
275000 36605.9056525848 18829.7479918242 15918.2083797417 1999.40546949433 0.995887768971263 -0.0297849808486592 34065.4305369403 42463.6024795829 -50.7595075808143 -8.72786928947293
275040 36803.8611476852 19016.4730487661 15963.7708268597 2010.19600688268 1.00576348267968 -0.0283561158433834 32191.4712014384 42114.6276725956 -172.029785239203 -8.5775934206432
275080 36673.413945384 18991.1949446198 15845.9873934321 2023.25108012681 1.00442654738171 -0.029014812998909 32411.4540593362 42246.8286898224 612.181144992003 -8.66804386068473
275120 36632.5946624481 18870.4313773028 15933.3838788605 1998.84472064907 0.998039475197819 -0.028544612288919 32698.0123933104 41926.9093949097 -36.6098549396343 -8.58192204385747
275160 36563.9074518202 18873.0135351082 15849.570042933 2024.87036976672 0.998176043110311 -0.0270976837487036 31128.0677872901 41438.8638522843 -359.925293688067 -8.37069198803662
275200 36674.072512516 18858.4919029233 16015.3083381444 1990.93756095845 0.99740800755908 -0.029350156032206 33366.4947102 41892.8867838692 566.806540823563 -8.69131854124996
275240 36758.7862653559 18983.782183924 15956.1871706183 2001.4653316517 1.00403449339807 -0.0292914953298624 32628.9878541023 43077.8772460103 168.673508120171 -8.73317427491611
275280 36595.5987641135 18865.4008777388 15905.2454903802 1966.87285790437 0.997773416778466 -0.0288426789088049 33128.2230342864 41686.8487847938 248.152623433177 -8.66099327724841
275320 36564.7692295183 18859.6533848334 15887.9747881578 1969.70968632783 0.997469437251534 -0.0312394835003304 33720.9787383371 43407.694102039 1613.09997421957 -8.97518375404473
275360 36677.2694038375 18966.8467550476 15880.1829943968 1983.83496161301 1.00313879439628 -0.0300109555018883 33886.6608951492 42119.7045880124 806.685088510179 -8.82525828615344
275400 36657.7163768274 18898.0463591149 15935.2627322866 1997.45668318607 0.999500005770987 -0.0297058747437134 33800.5027880383 42084.3613646215 388.672876418336 -8.75805200267234
275440 36654.9541873211 18900.9761028889 15896.4379065334 2025.53524136459 0.999654957180426 -0.0302916981531272 33806.6256900796 42881.0597981465 490.786072624152 -8.81212673376247
275480 36518.9558173828 18797.2663092734 15889.3055470167 1990.37378164633 0.994169843145492 -0.0280971362363494 32088.4485027192 41463.2569710663 230.475464795643 -8.54305273855582
275520 36682.4401631822 18885.6694191829 15950.4609623928 2010.22092039754 0.998845400988118 -0.0301169539109948 34769.0773210147 41162.9647199905 990.521390594857 -8.80161653604187
275560 36585.5157697752 18928.4925380113 15869.5150563325 1983.14998916616 1.00111027571129 -0.0274347440561109 31879.0232856223 40653.5799631853 209.551278224365 -8.50194537159845
275600 36653.1226847927 18917.383631113 15892.0475968562 2036.13279557719 1.00052273601021 -0.0282342807601183 32372.0397548277 41887.4536128288 -197.12362800695 -8.57145198812733
275640 36638.9202745644 18936.7487799741 15843.0326802051 2024.5145519773 1.00154694063065 -0.0290294457211854 32708.0572957771 42622.2847063851 -43.6597674295558 -8.69710568283004
275680 36672.6852744834 18992.3420175988 15835.265329537 1994.74263643929 1.00448721499928 -0.0290522143661339 33250.4912302977 41671.2909650075 426.263035481069 -8.70470683006407
275720 36686.9249626451 18909.4791973279 15918.5841820761 2007.63381438334 1.00010467789649 -0.0288914100966771 32960.4530577734 41551.1580156757 549.277261233208 -8.6514838336408
275760 36639.3233716317 18949.3809640598 15873.2341277636 1954.80443866519 1.0022150450382 -0.0281172943008192 31847.9265945568 41239.3086739234 738.349048033325 -8.54169020626198
275800 36561.197650756 18897.6545462414 15852.0044652755 1973.28214395734 0.999479283154378 -0.02925129367001 32644.1556569879 42294.0328457532 687.30162896937 -8.69529924010204
275840 36558.887225067 18896.9024222369 15845.2649190997 1992.85756564051 0.999439504018874 -0.0302244338096298 33184.5664032099 43400.3659381318 554.080187213403 -8.82564644460453
275880 36584.2917153002 18824.8061627251 15908.8740552148 2021.05623421786 0.995626400249909 -0.0293612421934219 33563.8026898259 42006.4122411351 230.620822540608 -8.68437157831631
275920 36559.9061112703 18878.774361805 15889.2741679799 1971.58752736067 0.998480727849004 -0.0280406680405725 33367.6208823724 40658.9697441708 -282.422799694331 -8.53892390003649
275960 36587.0914212648 18918.3584144479 15871.8901658145 1973.5297010502 1.00057429138955 -0.027054786626105 31250.9908766805 41282.0072984007 -224.892419547167 -8.39507147320985
276000 36655.481420495 18961.5667521085 15872.8540886628 2020.6371854217 1.00285953997665 -0.0298784318978406 33025.5350573043 43041.1098614119 622.862820638414 -8.79542214053821
276040 36796.6822460174 19028.4537275658 15920.4816486915 2016.78125956312 1.00639712958169 -0.0281951869023435 32464.8468775204 40908.1749835462 668.309299614984 -8.59218437848895
276080 36586.0896982931 19021.6223058919 15753.502000139 1993.95779720657 1.00603582207547 -0.0286139143528298 33596.1248746339 40668.4816474518 283.585905154241 -8.56652995148569
276120 36571.6566103863 18947.2194421071 15864.4190322056 1959.91795182568 1.00210072416275 -0.0281661143907482 32636.0601400465 41402.0711804083 -48.1235608798676 -8.54832053868038
276160 36714.7048887734 18923.8043961462 15953.378656756 1996.99354316446 1.00086232427059 -0.0295527393708519 33878.2588079054 41224.1169463152 977.04619249492 -8.70555711200343
276200 36390.3007076771 18833.3613930146 15772.5118201608 1967.77735454708 0.996078878382365 -0.0297623955206122 33695.8738582158 42318.421198745 456.283584775214 -8.74507638492585
276240 36528.9154577421 18916.7698465463 15849.8130828903 1955.44635940322 1.00049027351825 -0.0295239411220685 34300.0830736103 41285.6396107728 559.279695318908 -8.74937518393759
276280 36563.1568473685 18961.5510205119 15819.0458127082 1966.18127480332 1.00285870794721 -0.0298277837728031 33559.8852507793 42626.0701603143 287.713328347455 -8.76759191295991
276320 36589.6479734008 18923.1886091995 15823.9483807101 1984.69673682107 1.00082975587463 -0.0294175113166339 33106.7308765645 42500.999741927 373.870318400933 -8.72558101347084
276360 36631.6895113504 18915.4347346102 15920.0297937471 1982.70350597133 1.00041966069603 -0.0296921368162714 33580.8966311621 42283.0427124731 383.337403437114 -8.77700818830256
276400 36676.1128807431 18935.1928247685 15951.4379282511 1976.62096325833 1.00146464761436 -0.0295941066347633 33287.6149431722 42233.3320368263 652.618807503364 -8.73390138117398
276440 36635.371049586 18870.3500938943 15946.1282064175 1995.51431358992 0.99803517619433 -0.0318659432782769 35181.2979615002 43781.1789027169 805.706443640004 -9.04446290620314
276480 36850.1854528659 19100.6660529525 15941.8108680325 1977.7483290831 1.01021637196628 -0.0292076314453186 33742.9015030981 41553.719884303 256.653443052746 -8.70512659297728
276520 36703.5124567125 19026.9224085676 15918.1612099351 1977.96892648654 1.00631613955137 -0.0275112664982976 31589.2530675676 42049.4593613606 -673.799877148808 -8.49076954372854
276560 36427.9856477671 18819.3069088226 15890.5980855028 1976.7885128653 0.995335549851782 -0.029678087649951 33678.4653356041 42095.0080050857 603.748895278289 -8.75181288171572
276600 36646.1254871172 18957.1039896874 15948.1167355941 1984.41197368518 1.00262350864405 -0.0290303894755413 33566.7544118211 41373.6486472722 575.722828235148 -8.70329052219161
276640 36790.5626173236 19067.8437187336 15924.3122142708 2002.48864258453 1.00848042939223 -0.0304005814696189 33983.5138503962 42885.2693916058 581.651026214661 -8.86284144692641
276680 36757.617953065 18955.5148994055 15928.5951529763 2066.33022945452 1.00253946314455 -0.0293963708170984 33812.0481853346 41995.8250011913 195.509201236485 -8.73298562032831
276720 36492.7482032643 18815.9430399529 15862.5061924183 1998.56551379721 0.995157637971857 -0.0280209931251725 32631.9658763101 41275.5075522529 -143.257611838843 -8.52315149565261
276760 36650.4327571466 18956.9412616447 15877.6153315253 2022.32463196356 1.00261490210999 -0.0286258539758458 32538.4111595047 41605.2544004105 598.288122490858 -8.5936831027002
276800 36674.6515098416 18985.6033748139 15949.7127197029 1952.75325786435 1.00413081448176 -0.0299056112712318 33631.4846461704 42744.8583805748 312.934532252871 -8.72907540108826
276840 36720.3433189616 19001.827058991 15927.4576077333 1986.20111902304 1.00498886997176 -0.0294874154054799 34047.9213725086 41915.1042592681 45.3924549031099 -8.72055164893262
276880 36522.8730862428 18914.521937158 15860.0270786295 1978.59730642464 1.00037138369208 -0.0291973103669132 33378.8440868707 41453.8295484922 773.937859885853 -8.67007912947633
276920 36439.7413812384 18845.7778655681 15833.7250725567 1993.86123698172 0.996735574008627 -0.0289173173103989 32834.7305802805 41720.4706275201 600.842081853517 -8.60920550195563
276960 36566.0009067132 18928.2569804479 15865.5212810841 1979.44969852964 1.00109781729197 -0.0295730723322413 33136.0245929787 42464.0745455857 567.851723304568 -8.73241159042434
277000 36370.6909108837 18727.6240395777 15864.2880088101 2005.10549190019 0.990486528603869 -0.0292956750810776 32949.3371539938 42465.4149936384 265.984185057613 -8.63512033058133
277040 36482.0760136651 18821.7982953862 15918.3945452108 1977.57613475927 0.995467316958147 -0.0298104153381753 33423.3481197146 42574.9862653873 535.304057106739 -8.73194708344095
277080 36670.9951670132 18965.627798911 15973.6976782015 1976.5922448166 1.00307432494571 -0.0294286276074324 33592.0444297463 42784.6185158248 -435.968801628781 -8.71975375945427
277120 36737.9429915003 19041.52791857 15893.1935864483 1995.56130444725 1.00708861132196 -0.0292717401417482 33018.0179773795 42284.5862878877 447.719922625151 -8.7142965067219
277160 36617.3585599976 18965.1290175758 15810.926514763 2024.62741429168 1.00304794486716 -0.0293859740895057 33348.5185765548 42321.2644416363 260.459855324523 -8.73268207212059
277200 36427.1507335538 18848.2570338377 15777.5505029493 2006.74769428915 0.996866694900842 -0.0283686036937289 32732.5355633346 41549.4272690496 6.30883130858404 -8.56469054644775
277240 36588.10828556 18891.7297571964 15899.4938689697 2004.25233901954 0.999165926600367 -0.0298254375561248 33775.4539306481 41948.1758462182 880.783108960656 -8.75976719582468
277280 36590.7944390765 18889.2230889256 15921.1699040176 2011.52193573314 0.999033351258793 -0.0288940023890372 34380.3748412539 40553.3348941766 143.146287804897 -8.6170295080681
277320 36495.9942795973 18893.5817103808 15804.4057322938 2039.05981487552 0.999263874673057 -0.0292916519929614 32857.7406032594 42312.5161347205 489.354769473159 -8.67663058504083
277360 36540.7614940824 18880.7233317306 15890.4372206071 2000.02928236974 0.998583807046443 -0.0293043937058089 33538.5263151423 42296.2148238912 17.3609565289582 -8.70896997230789
277400 36501.097265785 18921.3699004474 15779.9310145239 2014.17773561891 1.00073356606888 -0.0283735517047775 33304.2586420965 41305.5528249153 -282.381466447107 -8.53219074186942
277440 36485.8375314035 18956.5735998203 15794.1992209355 1975.19816150714 1.0025954568198 -0.029094519508913 32907.3006667874 42374.0485479004 60.0436052469125 -8.63446332205517
277480 36513.0147190469 18988.9761477764 15761.9378006332 1979.69164333718 1.00430919729083 -0.0291046101546979 33909.7363527727 41402.8458363756 122.576845973909 -8.67568383220197
277520 36497.589945232 18840.6049441468 15867.965115311 1966.58893962844 0.996461983030375 -0.0276627625811845 32769.4153913616 40389.2662483462 -71.1513500499436 -8.43595535654363
277560 36494.4861894671 18850.6052806585 15910.7333508298 1943.11564817026 0.996990891480024 -0.0295071113765665 33317.5702861674 42013.0481283225 711.673419574172 -8.68275093382805
277600 36738.9730015118 19018.933358958 15937.4770707429 1992.38984319808 1.0058936061858 -0.0304465061683504 34264.7544198653 42792.0571306847 525.754507416305 -8.85472117669762
277640 36659.9900323907 18945.2259086774 15864.5979615576 2036.43410683321 1.00199528804323 -0.0294475645295257 32521.4549656824 43033.4250709127 358.599903442047 -8.68980979975372
277680 36523.1385810314 18936.0425832687 15792.0271141794 1956.19207976986 1.00150959054707 -0.0295664111141326 34125.0420469823 42109.4322501199 7.9217441281702 -8.73159256000941
277720 36548.293411758 18924.1410338929 15785.2331923396 2014.06340812479 1.00088012872632 -0.0286785183121091 32495.6975664404 42118.072297874 47.4416230347799 -8.57513921894167
277760 36535.5866389538 18902.4189395485 15842.2632912862 1987.78270710162 0.999731267462569 -0.0274415780791051 32163.5231635507 41078.0836806564 -366.084371809934 -8.42390844476848
277800 36579.3388041381 18920.5582050701 15840.8220402538 2025.77628782083 1.00069063625916 -0.0295369872126052 32331.4987804139 43067.4074776825 728.518905383032 -8.70253003378079
277840 36647.2484052588 18903.8809219104 15892.1418916802 2041.6777000999 0.999808590343006 -0.0292008693189272 32936.6133462783 42905.929038499 -159.281124840761 -8.67774374909079
277880 36641.116653386 18999.1176254986 15813.1997336857 2009.44916511524 1.00484557056716 -0.0298938402698268 33414.132138077 43201.5924632682 -10.3344454329446 -8.76254964350585
277920 36487.7132247819 18783.471725358 15865.5419286288 2034.27327911241 0.993440260497583 -0.0301162062936519 33188.8834243353 42804.212157619 920.822291851104 -8.7509457033319
277960 36785.0811895741 18968.3146394047 15995.3763683784 2034.72098227177 1.00321642942773 -0.0274604022226826 32802.2693841094 40035.2357411865 24.7160050368942 -8.46222664937537
278000 36673.6907944469 18927.3134920605 15917.1306216105 2054.08323751127 1.00104791707315 -0.0276393929525942 32077.7399174222 41416.8873516658 -257.446871632212 -8.51671830335515
278040 36622.9224946929 18926.927113096 15911.6333990606 1999.48591595029 1.00102748185091 -0.0299191209591059 34266.0150875098 41920.8577362551 479.794584302806 -8.77348603859419
278080 36588.219740802 18902.151727168 15875.8265815263 1997.03610281717 0.999717134849559 -0.028917553325216 33421.6694921577 41736.1673071219 -67.1064718426592 -8.64296010503368
278120 36800.0372419468 19044.4552599051 15901.1037847884 2027.59839355478 1.00724343566865 -0.0300931220462729 32853.1118720892 44012.5381057495 153.115765270064 -8.80238098685768
278160 36674.8943444608 18960.5883605092 15891.8697683592 1985.43704213163 1.00280779375958 -0.0291649283740872 33539.3599188581 41451.1901260464 589.241202079386 -8.70403666368277
278200 36606.4800632922 18917.5609583528 15876.545248549 2004.68335633563 1.00053211468216 -0.0302325360808239 33311.9962851132 43142.764101202 655.660638190018 -8.77082587878819
278240 36695.1000951447 18973.7696435097 15936.8021682199 1995.31948902527 1.00350493949542 -0.0284738229674099 32325.1288107321 41847.0461784034 325.674860746058 -8.62815837947739
278280 36561.8154061063 18892.8147627811 15900.4717676133 2002.84151660223 0.99922331153146 -0.0282647054365487 32513.3292061765 41528.6340602517 145.139610808332 -8.56286939541373
278320 36648.5240228258 18958.8076907154 15869.8982442245 2004.20009281743 1.00271361579878 -0.0298700570096974 33400.4771195485 42889.0804386071 355.881293434744 -8.78493375736919
278360 36649.5126432887 18962.654955763 15888.1548821097 2005.34534419562 1.00291709405067 -0.0279976379601383 32754.9372014897 40773.2962688042 168.260073765729 -8.53218161750893
278400 36624.9763779964 18982.5488003158 15886.885233021 1982.03078232066 1.00396926089202 -0.029311922914091 32901.4510299813 42483.9603247431 481.417220637884 -8.71110867578456
278440 36534.4349851598 18893.1201998316 15895.6494652674 1971.01335413907 0.999239465811533 -0.0305525824156068 34217.2591489368 42753.9381724328 845.883165230775 -8.84874276040701
278480 36570.2854037276 18890.0588222697 15880.6593289931 2004.32782801757 0.999077552414106 -0.0310574871604708 34048.4266061786 43518.0626403779 959.15318352535 -8.91010083442768
278520 36753.8910696157 19030.59705782 15898.1113472582 2021.8796219382 1.00651048831522 -0.0307254005567637 33326.2185797698 44182.9047784597 492.190452879696 -8.91387006775619
278560 36529.5425058228 18863.5965717439 15863.8636651297 2005.26862971685 0.997677988721087 -0.0280190035910467 32035.0821378161 41543.886086908 110.788042915777 -8.48487863364857
278600 36401.1083400492 18884.2186692986 15739.7505363602 1990.41923713214 0.998768672182921 -0.0293065586969373 32278.3268066284 43318.5808585322 253.560558869495 -8.7077934264404
278640 36407.5374814022 18863.2592560639 15808.4483526969 1957.88940707955 0.997660148410096 -0.0303150537097803 33914.8472263839 42437.7025552803 984.347023835803 -8.80994292900103
278680 36642.4482123376 18988.0141816613 15845.946302462 2018.28927937174 1.00425831980226 -0.0286929577122361 32836.2671072791 42391.2393678571 -374.128275251311 -8.64570979632311
278720 36659.5321894097 18862.7655981986 15977.9619631834 2010.35141213355 0.99763403930708 -0.0310068808687329 34274.1495512846 43605.17877359 564.169065090064 -8.91105407798887
278760 36569.1460964019 18932.3858891842 15802.4356202907 2035.26417868672 1.00131619141527 -0.0300407562970474 33485.7996701208 42898.4556209375 414.08708427944 -8.79610267160225
278800 36547.3477786733 18834.8316256521 15884.9621041382 2027.0699736868 0.996156637612171 -0.0295050560566062 33543.7334486733 42338.5286134058 140.596974872482 -8.708560928773
278840 36532.419287587 18927.1269731444 15790.0849746508 2010.61743045617 1.00103805226203 -0.0287590798535605 32834.9723047324 41564.3874439645 418.839356797964 -8.62032814261081
278880 36593.0592873561 18948.7924261098 15817.3060532131 2004.51023468271 1.0021839178162 -0.0291888718885679 32426.7329383284 43448.1043460033 -255.174771039272 -8.69106157118884
278920 36627.0857084255 18948.6789625005 15894.8341318974 1980.61586481693 1.00217791683197 -0.0292786320359518 33329.9681301431 41886.0719552868 495.744532224422 -8.69828252370643
278960 36683.701948623 18937.5035551151 15927.4412363905 2019.07100752536 1.00158685998229 -0.0287106017009782 31936.985279764 42745.8952037545 94.5126466811538 -8.61101085228779
279000 36466.5303475375 18829.8024271155 15811.2606321358 2013.93448832309 0.995890648002934 -0.0277500184745213 32042.2232415615 41617.0752065269 -423.232928611844 -8.43897872713843
279040 36554.1468366847 18911.1678002422 15805.5853756245 2028.95340193045 1.0001939865261 -0.031538640135137 35436.571453965 43254.7553054482 605.247849913401 -8.99543351005844
279080 36442.8404105463 18761.8427538376 15871.6387627096 2013.64269137658 0.992296324412937 -0.0284052521619184 31869.8460984446 42752.0209665602 -147.639454621862 -8.61068308609296
279120 36604.5584959296 18926.2076940397 15890.9998258933 2016.32826062401 1.00098943244954 -0.0301210250314005 33353.1074687798 43006.2263217415 639.132461966104 -8.79619168304907
279160 36729.3815702016 18949.5000231199 15983.6854192336 1980.71802618959 1.00222134196059 -0.0301603192309165 33244.56210756 43284.638154569 539.432416008111 -8.83000581326651
279200 36579.9678379748 18863.0562675014 15905.1562089266 1979.57948691284 0.997649412534783 -0.0307753106077504 34122.9516797527 43078.2770459527 791.21846200325 -8.87357691988429
279240 36603.1963224142 18945.4422262139 15852.6518046412 2008.33826703375 1.00200672887552 -0.0273195666264528 32476.0324033234 40890.0677589846 -678.931993336801 -8.47305960799591
279280 36600.9121885775 18887.7516213917 15889.7850460906 2016.01035427664 0.998955526716473 -0.0270966381053993 31346.187149654 40594.9821267926 259.676054773496 -8.38301824977134
279320 36514.7770702863 18864.1389169662 15889.7319916473 1982.99706432552 0.997706672852898 -0.0279242383845339 32531.6936813442 41176.1870795483 -76.5506844214039 -8.53751152610148
279360 36664.5949718117 18992.3012359488 15882.3933090316 1989.07674385396 1.00448505809593 -0.0289140850943627 33116.3177884808 42117.9772130807 1.43932736160458 -8.66569197788333
279400 36634.970311446 18830.7692634557 15981.0539217202 2010.19624033046 0.995941783073158 -0.0288567262932529 33913.9505562252 41687.0869385254 -571.745516922807 -8.62102250184345
279440 36765.0527124455 18968.4822186785 15915.7016647877 2066.87390455749 1.00322529253886 -0.0290228701379085 33457.784647426 42365.6676170864 -539.132087279295 -8.68373976165849
279480 36631.1755341377 18948.6426263622 15840.362778917 2027.11576380233 1.00217599504759 -0.0298586040796505 33728.9466966944 42855.2817649952 40.082840634785 -8.79798520961882
279520 36726.6909010099 18999.4896648136 15920.1723137281 2002.81014288599 1.00486524737874 -0.0297120052345702 33481.2286502795 42686.1932128544 298.896488014222 -8.76670821562117
279560 36756.8893813064 19029.5859310155 15916.1090592734 2001.33693924777 1.00645701076375 -0.0269648380017811 32009.192831238 40435.5791883637 -384.416878862394 -8.41772152605998
279600 36466.9093137351 18879.8555371657 15815.5208680162 1988.0902539916 0.998537910203129 -0.0267009285556669 31644.6223209669 40411.56792692 -515.175180233457 -8.32311400726833
279640 36413.8396841568 18827.7453773736 15814.9579046205 1988.1373899518 0.995781852565043 -0.0301303014922015 34273.3461313096 42581.7647156027 92.6567697192585 -8.74952362743988
279680 36411.3789829556 18863.3517336425 15710.9727105836 2004.52549569686 0.997665039462777 -0.0281267726721741 31650.9923133488 42462.8138905926 -202.299992122313 -8.52168038584646
279720 36498.8248180764 18900.0973950403 15776.9049028403 2024.24565042867 0.999608483143739 -0.030891490963874 34417.7369899296 43608.0362656943 208.987420093176 -8.90076271594891
279760 36508.3687201879 18912.9664550098 15803.6175404309 2005.03519325424 1.00028911569535 -0.0293336430174712 33575.2498100677 42084.3812847407 107.48222747939 -8.67689120871238
279800 36567.7771464874 18880.7225260569 15862.5147917962 2028.16140241347 0.998583764435111 -0.0281615115395874 32540.2872732644 41464.0073293362 -32.9859838538892 -8.50927954565393
279840 36669.5070216218 19019.8806656208 15821.5478961156 2047.35128317949 1.00594370834964 -0.0293310887259694 33366.3547213786 42600.5734399299 -128.405502351726 -8.72163265608066
279880 36539.5759376175 18898.6062609372 15850.3949603089 2001.53846846148 0.999529618454961 -0.0299834183354931 33602.9641291357 42755.2582899195 420.522023085105 -8.7701883747508
279920 36589.174742057 18872.0857938503 15948.0666714121 2009.5014530353 0.998126975742445 -0.0279656446344949 31562.610085832 41742.106362105 358.454972001847 -8.51916815739143
279960 36604.4650412467 18887.3436682829 15847.2095553848 2064.74055043864 0.99893395045791 -0.0288976275497487 33218.9470752912 41805.0909356314 45.3395513632721 -8.61296600034509
280000 36732.9709363051 18922.1339475876 15909.3684407145 2064.3381453962 1.00077397580789 -0.0286844683864049 32685.8365685002 41843.9056680001 160.090560469339 -8.62580690083918
280040 36704.4979970718 18834.4701519049 16006.0665196668 2017.37671280394 0.996137519603592 -0.0297540378007146 33548.4824217979 42310.7103348993 549.387930964613 -8.76595413340335
280080 36789.4121799551 19060.1056176592 15852.0280317897 2017.80444397273 1.00807116846009 -0.0277438235563366 31837.6324030395 41694.8214463707 -358.310169624658 -8.4677708572833
280120 36653.5525432816 18931.5237630896 15845.6044892365 2021.40910352491 1.00127059437205 -0.028506447917678 32325.4549842357 41564.1416518341 535.252029014964 -8.59455542962363
280160 36712.246436565 18902.5235698126 15912.3113495199 2019.73797374582 0.999736801259427 -0.030014519686749 33904.5348494863 42367.7948146174 648.730329030452 -8.75268923341007
280200 36824.1374989371 18922.196418284 15949.3196174147 2069.1211303705 1.00077727982462 -0.0291969806056691 32398.9461851647 42732.9260020255 352.634102794243 -8.65840277784047
280240 36671.6171806854 18964.0969930332 15872.9581782812 1989.95375969184 1.00299336205385 -0.0291444825080488 33036.5534778089 42696.7978962295 -294.943864780938 -8.66435175174544
280280 36558.6462070502 18944.5395882556 15814.0076321539 1960.34152950802 1.0019589891977 -0.0283383896509097 32035.4165524728 42254.3587997023 -136.414745641425 -8.57818141463186
280320 36530.4340692219 18822.082213861 15913.9811511896 1953.14739028045 0.995482333140869 -0.0269569293135667 31212.4951484959 41427.8089650444 -622.953836523262 -8.35983308869633
280360 36591.7031070431 18919.859259827 15896.6414489727 1978.08684523117 1.00065366969864 -0.0299746175847733 33500.1745310101 42642.2887667924 704.160174458958 -8.80588188389107
280400 36661.9123130191 18922.7097212348 15886.9157700107 2019.78791391268 1.00080442793784 -0.0292586195671687 32856.2866860476 42357.8567668198 374.187517883944 -8.67867215332505
280440 36580.6974662464 18842.1003135514 15885.9198043013 2027.83395409821 0.996541071720293 -0.0287035662343127 32560.3023142727 41683.6048043692 597.266365621374 -8.62499043345495
280480 36543.2868682035 18852.5467815051 15868.2597157784 2014.35409835777 0.997093575644856 -0.0287280865243024 32382.7723437234 41824.4083652155 535.475459958825 -8.58111635345251
280520 36547.0925801707 18903.0540056603 15807.3528027067 2047.79849122587 0.999764855515551 -0.0304378750061267 33901.6011559898 43141.7347943715 440.399602601063 -8.8269918886147
280560 36626.7982985611 18916.7910969083 15923.1436470744 2007.81589674367 1.00049139743003 -0.0290203790378721 32238.6133052189 42401.1722457655 766.978162918353 -8.70904261307128
280600 36628.3124961291 18838.8894667515 15968.1907749997 2028.57878312868 0.99637125303459 -0.028975177639572 32922.3768087182 42046.8735068482 239.438410195631 -8.64380351402353
280640 36482.4221827973 18914.5496665975 15756.9453607947 2021.80233635707 1.00037285027621 -0.0293031277988724 32632.9877504547 43073.3137942577 -1.47926769721892 -8.6480748187554
280680 36608.5804254632 18908.4012476204 15838.7330612756 2024.4826945861 1.00004766614415 -0.0290287220992944 32936.9426762798 42146.1290456077 164.367106419813 -8.65155565316636
280720 36523.8343377285 18831.1350317165 15847.5588840708 2015.99311996831 0.995961128214546 -0.0293220764899808 32887.9694295015 42304.2046185509 487.082377808602 -8.63530509386681
280760 36493.8763851738 18734.4361093944 15906.6486479815 2013.66032140356 0.990846812608459 -0.0292095410369386 32955.0429722628 42209.466905543 365.195837046756 -8.66055878185676
280800 36557.5160720093 18846.018132813 15891.1874812747 1965.91413575861 0.996748281518603 -0.0313314872531999 35385.7631796441 43284.9761434072 270.411944783519 -8.95058738266981
280840 36748.0882772867 19001.1091178583 15929.4625492881 1971.64406303076 1.00495089873639 -0.0305692277743189 33650.8409152588 43848.8255192203 138.157365972593 -8.83405059551406
280880 36519.8077107498 18858.4573308314 15838.7921869752 1997.50106204103 0.997406179073456 -0.0301272826149208 33141.5596295611 43211.0182556507 573.623244301366 -8.77855985777884
280920 36630.0944986476 18885.8912184257 15939.6992216875 2005.26413782371 0.998857131742733 -0.0288151790760041 32958.4408548672 41316.246933799 740.071348501862 -8.62405788192291
280960 36751.9976684898 18944.1713205286 15992.0235764759 1987.400320982 1.00193951186188 -0.0283749961713058 33222.9267265947 41420.4989491433 -472.606046593702 -8.55554688414284
281000 36851.2371916518 19082.1852292412 15939.1190235656 1988.78161185553 1.00923893847633 -0.0278149702236994 32544.5189219702 41096.1030184523 -289.590261642114 -8.51926937259296
281040 36678.8634025815 18941.6273124588 15914.4336336558 1995.64027081869 1.00180496165325 -0.0288201536395032 32914.409183332 42172.8377203564 -194.882970819164 -8.62523792396396
281080 36624.3323295016 18888.8759628357 15913.7230265018 2011.08641791426 0.999014992084394 -0.0281391082207752 31924.7722684307 41829.9456669835 128.681482624522 -8.55065498714995
281120 36670.4637096112 18903.294736495 15895.8112165952 2063.56320919443 0.999777587544362 -0.0287710949478826 32374.0370874938 42207.6116530587 214.893555304984 -8.58362231676019
281160 36675.382488188 18898.0977371766 15914.0505576002 2059.98697078558 0.999502723108639 -0.0296947334163604 32977.7980175298 42700.9723145027 800.560323427874 -8.73340640985317
281200 36659.4976616574 18982.7259469008 15877.3261910237 2037.52738237578 1.0039786300093 -0.0292111244986884 32387.141227294 42672.6504256008 518.408617812701 -8.67705936390999
281240 36576.6282181074 18842.2406335458 15902.9670261068 2029.77215110379 0.996548493113623 -0.0283992641525245 32809.1857467197 41731.0637855384 -210.366591598102 -8.55360159842823
281280 36563.891705858 18859.1037919522 15899.2488084684 2046.02339830457 0.997440369797818 -0.0283342741410758 32693.3867051867 41451.4760715976 91.9515882145303 -8.53778012982948
281320 36594.3427601456 18924.91940206 15843.2021074226 2005.8174691073 1.00092129589105 -0.0283755264625646 31775.6282631306 42418.0852478306 95.6501001420193 -8.53590888147622
281360 36719.0156329025 18909.6883512284 15965.5935777405 2033.9966024663 1.00011573985077 -0.0295388489754515 33279.1972403321 42434.2077420472 345.57527871989 -8.67759958287382
281400 36616.9038651275 18913.9537474113 15876.3323205343 2000.1445631535 1.00034133266753 -0.0287472696796475 32341.8323650525 42291.1933335809 165.183121765096 -8.61100782989223
281440 36497.7710909851 18791.9915037201 15863.964223596 2009.1694488362 0.993890863610743 -0.0287623374397109 33737.6543949572 41142.51321898 43.6096938581213 -8.58765812693412
281480 36510.283018996 18818.1510329584 15874.8822154034 1990.8204386364 0.995274416657855 -0.0297350429758329 32902.1551997655 43055.4264978842 454.281852764163 -8.69445448734826
281520 36661.1171795018 18893.2085472991 15924.0251936846 2053.04529433988 0.999244138426505 -0.0301313765876518 33479.0035789722 42410.3299851161 1068.38957243158 -8.77933631457208
281560 36707.8384753234 18971.0327984966 15888.7342001783 2044.28142375001 1.00336019032112 -0.0264003460662576 30653.6663491772 41034.4804447596 -531.696693411227 -8.28339110759125
281600 36682.0557625214 18963.2110080862 15890.559798377 1997.98497089068 1.00294650313824 -0.0284044784209279 31955.8637303572 41756.16958466 590.478107380403 -8.58282673632865
281640 36532.5479955071 18850.9070657029 15824.1118076856 2044.21690676181 0.997006852608907 -0.0293181477106548 33141.9589537985 42357.9163483167 181.509838659714 -8.65790684142956
281680 36690.7716800482 18919.3535097921 15951.0823712291 2001.46203194226 1.00062692105207 -0.0294534243713793 33227.0588180352 42144.0552039373 696.032928322584 -8.73132987698587
281720 36589.4271927373 18841.0425431332 15883.9576906979 2022.97100587483 0.996485127231691 -0.0294239152978237 32755.0320732155 42935.2954727032 242.105572212879 -8.66371683178102
281760 36513.7828347527 18848.6019354193 15858.9319711429 1990.9798826541 0.996884936423074 -0.0303871123219348 33798.1323811469 43478.6461349005 147.853271440301 -8.78159355569832
281800 36752.3290158543 18923.7160612047 15967.8754064668 2027.10950600085 1.00085765231811 -0.0292042303032852 33596.1244446174 42061.2736402199 -106.368145775901 -8.69902519983204
281840 36650.8779259173 18809.3890459941 16017.0729366694 2005.68904164173 0.994811003358143 -0.0289044898542957 31927.4735751864 42941.2975714266 299.63787308315 -8.6378026530357
281880 36632.9384964542 18887.8784268605 15882.4893052946 2033.36732374049 0.998962233339178 -0.0293509052424014 33660.9513664727 42588.6018774284 -492.164577210375 -8.69664293162484
281920 36780.43705165 18937.4424556827 16024.0093032897 2011.65044114082 1.00158362849042 -0.0289024067457899 32874.0405896698 42570.3510587881 -368.693727394174 -8.66344765776087
281960 36682.4442321084 18890.9166672075 15959.260707282 2026.43180288578 0.999122923030942 -0.0290363640488308 32976.3518511115 42050.6569502064 296.204249231859 -8.67206952334861
282000 36729.8560010989 18974.5146605568 15920.2085265367 2041.96572284198 1.00354434275059 -0.0301658861809938 33768.144131601 42558.2178991274 711.896120338466 -8.83120510592401
282040 36771.9903961492 18974.3732604438 15954.3702526126 2062.7329397572 1.0035368642308 -0.0295517336836658 33947.1140771043 42155.1613787614 134.364424363349 -8.77803554992804
282080 36606.7057441981 18922.5094968686 15879.6124180416 2020.81308481333 1.00079383825829 -0.029539354265715 32957.9597093588 42919.4862423308 177.866233374019 -8.74526280227693
282120 36624.4370434151 18909.5567403084 15939.4778504668 2019.83437256668 1.00010877907224 -0.0299464332039668 33682.3546038891 42952.5715822529 185.719241677147 -8.75937327946565
282160 36581.1823711206 18897.9116612137 15913.6336665391 1994.54928729378 0.999492881724907 -0.0282198156531327 32855.3341264065 41139.8376831591 -13.3484571340507 -8.51133879161137
282200 36532.290734662 18951.6541893297 15792.3126297052 2007.42915738878 1.00233527379768 -0.0284356401401062 32912.2636403377 41495.1163163067 27.592401534507 -8.5808130815669
282240 36441.7263416501 18792.8390306019 15841.763915237 2004.33935768498 0.993935688515239 -0.0279898961686197 32841.7519536586 41076.6094678578 -301.919632678159 -8.4799981436799
282280 36396.9322895168 18869.361191657 15722.1129047283 2042.67337079186 0.997982874079439 -0.0286329896500278 33116.1789396182 41412.5661971854 156.102631732899 -8.60493823215812
282320 36505.8579699639 18840.4479323396 15850.2849802067 2018.06753354928 0.996453678822667 -0.0290014417328333 34025.4413270945 41326.6626349767 -86.3680644229621 -8.65382938920057
282360 36506.608175635 18879.5980693523 15852.3725914034 2002.05397745702 0.998524292971167 -0.0267759115818718 31428.9115594231 40603.0894663684 -298.571667393019 -8.32224363151032
282400 36495.8516929316 18805.8490648387 15892.538203531 2021.98274869442 0.99462377706406 -0.0295282512408912 33041.3737961614 42655.1845228375 489.308022469453 -8.71520170943197
282440 36512.3472976875 18880.5631276256 15871.1892070501 2004.3719610058 0.998575334001089 -0.0289192716349039 32067.5972973795 42350.2507865953 696.206243849448 -8.63722198575896
282480 36552.8682059232 18841.6558553683 15882.3085000705 2049.97904160394 0.996517564742471 -0.0294821619672085 33526.3229899266 42563.215971947 -29.7461644905116 -8.69539399696889
282520 36505.6644875822 18868.2017999731 15812.9547748083 2038.91310502822 0.997921554937094 -0.0294208659483335 32886.6038759507 42257.7288941875 759.53559349842 -8.67354879023179
282560 36427.357472232 18786.2429505548 15823.4539797457 2025.80522555909 0.99358682800766 -0.0263169198771525 30152.0233259761 40819.425810453 112.138156452384 -8.27639052656823
282600 36425.2671233962 18818.8909225706 15823.5565722804 2014.41707273151 0.995313548727784 -0.029538276311947 33261.5349010159 42243.1571559262 573.630505920064 -8.72366538264689
282640 36462.0727553428 18913.7313504188 15800.4850574796 1976.41827955925 1.0003295702985 -0.0283438546943842 31689.9644802836 42266.8596100463 349.869253884967 -8.59090500803687
282680 36457.2027189711 18875.5679033228 15865.1485574819 1965.43367236898 0.998311141257323 -0.030067482115186 33432.1386236375 43383.7426518001 119.576000967164 -8.79523054286022
282720 36532.6420566563 18923.6485580723 15807.4052069249 2021.90405471937 1.00085408214054 -0.0299839248336995 33308.8233110772 42931.8042216667 518.836037841214 -8.76057947967335
282760 36659.1342346895 18944.4464495518 15910.6358525419 2046.74893889714 1.00195406317873 -0.0285788218146607 32761.1842369461 41600.3011986401 249.403442404997 -8.60995509541725
282800 36575.1847604042 18926.0170093961 15818.6342850887 2032.76127768155 1.000979347317 -0.0298551461836161 34774.9015938503 42335.2367901165 -452.823190919433 -8.79727084950112
282840 36507.4624246431 18885.5342871814 15819.4208300808 2034.08512620128 0.998838253982885 -0.0305542268200036 34542.4622637336 42605.1566700769 521.309857225876 -8.87629696184436
282880 36594.6254008595 18912.0322506677 15855.735173197 2005.37041415754 1.000239706501 -0.0297825541266448 33824.7671647932 42431.6926375268 225.18481152032 -8.75991713348035
282920 36615.4875763929 18921.7462782387 15899.257066585 2002.74664738238 1.00075347233842 -0.0279694000894172 32613.3544023363 41410.3300993747 -381.478492705958 -8.52666036752216
282960 36684.7906669648 18904.1660286861 15985.8642618069 2002.19921347701 0.99982366937385 -0.0299546673348399 33753.8413482953 42827.7982361129 163.269782258947 -8.82385782923072
283000 36603.3010410183 18859.4731809512 15942.4085667567 2005.60244372067 0.99745990643666 -0.0280035021875678 32614.7663265446 41115.3431018913 -44.6689556595711 -8.55126911938753
283040 36529.9151205363 18872.7306355627 15848.4579927037 2030.5210304138 0.998161080817807 -0.0290571889580987 32313.2756496519 42756.1278758706 305.27587704719 -8.6951219755291
283080 36572.5601891159 18863.5072067638 15892.842880994 2020.84903081059 0.997673262290828 -0.0281365089339372 33635.252586682 41249.6584988904 -945.769219731994 -8.56202712099619
283120 36596.4188300371 18919.1285249232 15874.3325064296 2015.25211818536 1.00061502181268 -0.0287715417628008 32881.6064946231 41896.422281246 62.7960082043715 -8.63078668136958
283160 36623.4325951758 18950.6010216641 15857.7949477625 2005.20786690803 1.00227957274437 -0.0281732853471939 32850.6884098896 40686.8386477519 386.229561315211 -8.53577193540966
283200 36580.2721935014 18816.9029586824 15890.131808941 2054.48287751188 0.995208407176113 -0.0312072661336293 33852.4300085848 44035.044364474 885.870325086886 -8.95499750639651
283240 36586.1631113093 18872.6918512835 15879.5088661275 2007.98225007752 0.998159029553535 -0.0295113252697668 33883.6513618865 42357.1003212942 -204.037922587554 -8.76342608051732
283280 36587.8454415898 18936.1923895864 15792.5560113191 2051.44275328076 1.00151751366317 -0.0286033066220521 32705.3911005703 41829.6477750855 103.801538970603 -8.61197755930218
283320 36625.6263690508 18929.2772141284 15878.4208252292 2003.91172442641 1.0011517764976 -0.0288987564083284 32291.060958638 42429.5651495324 337.246502546285 -8.67493283381071
283360 36446.2728592254 18754.2391956693 15896.5191752332 1994.14923233483 0.99189417932933 -0.029010380980644 32597.1866151214 42531.1408087952 154.727788592524 -8.66138774093221
283400 36550.0496564049 18944.7199742477 15864.3238106681 1999.71452462629 1.0019685296442 -0.0297912029854699 33639.9147841794 42773.2118904453 104.307127356682 -8.76888471857258
283440 36592.4409725326 18919.9573642154 15863.5892217745 2027.74841029495 1.00065885834803 -0.0289709669253554 32920.1309025536 42358.92077449 -36.4659977654219 -8.68269229575695
283480 36486.6752559064 18868.8164695446 15806.8640785288 2024.42056971861 0.997954064236128 -0.0295090550271239 33098.6505296038 43297.2592580309 -245.410038150991 -8.72836590562932
283520 36536.2261176064 18892.5109190596 15867.8373672135 2002.72038872396 0.999207241521069 -0.0300875154642674 33652.6109101606 43425.8231740196 -103.159991542466 -8.78329100965614
283560 36472.7451037936 18878.3262446903 15859.0600327193 1992.86821631155 0.99845702735371 -0.0296745761673228 33692.4800822288 42675.1062130741 -70.6872239450383 -8.75196590445932
283600 36586.3777778675 18928.3222575146 15926.2623889054 1973.4840168754 1.001101269735 -0.0300486938837207 34151.132035419 42678.6502042812 215.923397418794 -8.8133082097176
283640 36411.6851503623 18750.7893964177 15904.000735777 2010.56030624396 0.991711722671834 -0.0300042446488814 33275.8482070064 43436.7761860911 101.169317750606 -8.72837297483933
283680 36626.0351140553 19016.7889546464 15832.4524156351 2020.32988746201 1.00578019064638 -0.0292314867066522 33364.7536506402 42884.9935535456 -633.439303150574 -8.67433573634878
283720 36646.2128994578 18956.0329221614 15914.1547564997 2029.57446274001 1.00256686088385 -0.0297894715149164 33881.8460862833 42988.626444972 -325.241282660025 -8.79678602551146
283760 36466.2600096774 18832.5893760219 15862.0125837272 1996.54638659167 0.996038047125316 -0.0286286281669655 32347.0454790404 42146.9726813838 140.409489365582 -8.57555154901114
283800 36516.0573408891 18932.8128137238 15810.6197691783 1984.40056678643 1.00133877105507 -0.0284324156029068 32694.7864223429 42162.5587753895 -462.259584996356 -8.55604626502496
283840 36549.9097553899 18879.0165306901 15876.3406912257 1988.18311873721 0.998493535934952 -0.0300593279928928 33072.2739905293 43908.899297817 36.5183648896754 -8.79805679526108
283880 36523.4548294108 18892.2124471979 15859.9707967225 1974.29836947366 0.999191455623316 -0.0301016338739795 32809.3678365316 43763.6112461108 331.635641580443 -8.76182864720412
283920 36491.2973061231 18829.4400506556 15930.4483409897 1963.03618223178 0.995871482250727 -0.0293209397118271 32992.4514301356 43104.7133322539 -340.263400211689 -8.66502918555611
283960 36610.3628744951 18996.1457549762 15836.2319380234 1999.88920623746 1.00468839111338 -0.0300380077516876 32782.9996150539 43498.7598111529 606.524888077885 -8.79655221491793
284000 36552.9219281772 18869.9367098708 15847.4643321598 2034.48909309139 0.998013312699767 -0.0284689475650589 32075.0629933627 42584.1363326876 -271.082654437568 -8.56126765954746
284040 36575.3902183222 19007.309066178 15736.2077462136 2046.00081791819 1.00527880820722 -0.029461811748001 33619.2976288273 42155.7741963053 127.18106669177 -8.67959479726176
284080 36599.6374257184 18933.8937730311 15850.9861560769 2038.18503327075 1.00139594198234 -0.0285609405288606 32020.2638846515 42201.277028062 326.724459745289 -8.60792447082112
284120 36581.2233629619 18924.0342597977 15850.786181422 1990.55576525474 1.00087448154424 -0.0292107314992088 32711.7593224033 42519.5346820787 383.220147102258 -8.65439065366684
284160 36630.8018089663 18970.364988665 15897.6001904654 1966.29355673696 1.0033248704834 -0.0286123608985227 33415.1937390049 41312.9893192529 -169.186388717028 -8.56964016572276
284200 36657.623457885 18914.967038879 15945.0399407451 1994.21649112872 1.00039492470601 -0.0316970804589047 35545.0109789994 43041.9518692945 836.483933030625 -8.97797353564803
284240 36430.4500577605 18860.2101625265 15799.5252190762 1974.23857102074 0.997498884703237 -0.0283350578074247 32440.3437402665 41227.1388448534 513.932512449192 -8.55082697194521
284280 36465.041734475 18852.3633630061 15821.0018041651 2003.54642269681 0.997083874811907 -0.0303533998860067 33221.2567762536 42965.9730394426 1150.56944248797 -8.79117221245768
284320 36632.7310683137 18902.048621974 15934.3802936622 1997.67054325697 0.999711681712229 -0.0296896739790201 32968.3311920018 42578.5031151238 774.687407467271 -8.7475488437366
284360 36353.2615769372 18785.8677552491 15764.6361059608 1995.3489171211 0.993566984278679 -0.0285303521984366 32941.6748522403 41553.8190296028 12.7735252537105 -8.59565981008253
284400 36580.3887274827 18919.7773702459 15877.2117963734 1972.87448390528 1.00064933863525 -0.0310261635109091 33162.4794842168 44284.1471761208 928.806070223785 -8.92961111960121
284440 36439.4421317462 18802.2257012833 15839.4391775728 2006.23707563802 0.994432140752784 -0.0278255129607187 33194.4248678933 39700.7473381625 578.018201985143 -8.50642539924028
284480 36698.3597249719 18945.5213874277 15986.3723976539 1955.03991194902 1.00201091563812 -0.0286260306984702 33348.8130763717 41587.4097359135 -275.0349721761 -8.59912438306374
284520 36660.6008739152 18997.3232876607 15841.6820640108 1986.93666979003 1.00475066971629 -0.028624651996502 33324.526869493 41842.8461329335 -516.943665480147 -8.61576552485989
284560 36825.6380504042 18997.411248701 15996.9555446377 1972.68832111248 1.00475532189348 -0.0282833327155922 31858.631929349 41521.6381142117 728.593603874915 -8.55666912724548
284600 36636.9735673577 18820.2389517654 16020.05835245 1985.91263610898 0.995384844731743 -0.0291958071753593 33340.5691202793 42139.4996070271 85.5831443396108 -8.68020966836097
284640 36698.2179566643 18980.6605861083 15910.2882122606 2006.37416729846 1.00386939500771 -0.0281748125876242 32631.2238456733 41715.0920250561 -393.261596510094 -8.52965488264707
284680 36567.1290981998 18949.5380700355 15854.17108088 1980.53761919383 1.00222335422639 -0.0295927500299618 33201.7258360448 42639.5731256442 269.837431466287 -8.72840586804294
284720 36598.1411508172 18853.7802478624 15988.6468811545 1980.90257958468 0.997158812527429 -0.0302436790685274 33343.7456464952 42563.692351279 1277.1386925753 -8.80828759773993
284760 36664.1137223099 18952.5509687685 15932.6377022468 1984.59237053821 1.00238270362388 -0.0300584218339829 32797.4274072101 43684.2584447328 496.069832287739 -8.79322981542382
284800 36623.2421468239 18913.9252860701 15914.903434964 2009.50202727936 1.0003398273738 -0.0299772132844077 33781.2396305307 42269.7979239743 700.428167436603 -8.8037408524495
284840 36656.1880430177 18887.4659348311 15994.3878283992 1993.71145664727 0.998940417021348 -0.0303962572454393 34615.7081834302 42264.2104726262 588.451176206255 -8.84175141846612
284880 36546.1972680066 18942.5933227637 15836.9064740033 1987.37116871807 1.00185605303523 -0.0289425049250761 33504.0532300505 41303.4280165373 289.426890869607 -8.6438142358787
284920 36488.3773231247 18882.6288259881 15794.8076015246 1993.52495533988 0.998684586856439 -0.0288709116558259 32158.138403338 42305.1440673383 653.447426343024 -8.64245880553195
284960 36636.3335439964 18899.3986920751 15924.7265149443 1983.71053136926 0.99957152939707 -0.0293298389670594 32992.1162361472 42510.1218792534 278.339405992146 -8.68594557538324
285000 36499.2775487561 18911.0085566906 15807.1821310613 1988.69992883823 1.00018556428352 -0.0290541957486892 32820.7329829841 42454.411184427 4.70364627596482 -8.6486455192334
285040 36629.7803672113 18990.2572463875 15856.3822091458 1960.35089588972 1.00437695339878 -0.0282247373388839 32832.1303934501 41681.8512556364 -383.730411070672 -8.55671497710364
285080 36521.5581723881 18886.6334017489 15808.9214095002 2015.08260759198 0.998896385124891 -0.0276344702714589 32082.1992091655 41558.5879272352 -632.039821313975 -8.42736998269254
285120 36627.8432281123 18864.798875302 15945.2880808739 2023.23889533914 0.997741577432341 -0.0280225839670996 32570.7386221996 41633.9444546405 -499.959451146502 -8.51976938807213
285160 36468.6266953528 18844.4010883489 15759.2470645697 2043.19568004786 0.996662757548534 -0.0309932571875276 33864.0265851225 44272.1405132344 318.974570977724 -8.87518856193575
285200 36485.3750087893 18933.2999401614 15739.1698477619 2026.35245734164 1.00136453471699 -0.0279718675414892 33093.7709499562 41217.9791279793 -629.135364107249 -8.48866697462631
285240 36578.1881921841 18820.2549906614 15936.262162513 1984.65420754214 0.995385693013956 -0.0295136536184173 33296.3475467952 43138.8334744901 -368.842964871344 -8.68894356481141
285280 36634.8369463181 19005.7939925257 15812.1168594128 2025.73834040402 1.00519867737806 -0.0274536359921824 31139.1948814704 41718.739780028 -63.2368041444794 -8.45273818154185
285320 36558.3593326868 18927.2001472254 15821.3029210464 2026.27372875665 1.00104192237078 -0.0293963289164526 33166.1555469993 42429.0415968433 290.488414377564 -8.69536943061002
285360 36687.624513205 18961.8733236877 15947.4925302207 2006.85292495112 1.00287575426089 -0.029895223250206 34597.9880715123 41849.5073490388 220.108543147337 -8.78417933813716
285400 36624.2354949116 18913.1649530364 15905.4922195568 2012.51879122327 1.00029961407042 -0.0288016783953707 33282.3079553207 41354.5493071209 283.68739123751 -8.64197798348734
285440 36732.795933252 18983.4695434808 15956.997655544 2001.11761246439 1.00401795813729 -0.0283414632916764 33081.3684879544 41380.6194995804 -168.278578015803 -8.60483892090375
285480 36556.6738778534 18937.0566306266 15879.596439987 1975.95078644278 1.00156322256388 -0.0300833502887261 33088.5660168921 42991.672984446 762.075231429461 -8.76258591879507
285520 36565.1825106098 18876.304140732 15936.75442871 1976.69483690182 0.99835008016565 -0.0282925722969358 32805.8990128815 41411.4081022617 -99.5365905193995 -8.54958789619108
285560 36501.5220845315 18829.7241398331 15851.8595472021 2036.15666001603 0.995886507461751 -0.030583404808503 33360.5039148683 43264.724362011 1031.02366133764 -8.80618223447311
285600 36596.9482108422 18935.1946407646 15888.8600100014 2006.39667178187 1.0014647436607 -0.0278769008090639 31912.4824058991 41382.1129313499 182.496682694385 -8.46831248247729
285640 36667.1227547881 18979.7533808951 15897.396697035 2021.39176499756 1.00382141377205 -0.0289573013123712 33315.0765809376 41421.9664881231 447.0171253278 -8.65029807168962
285680 36555.5022188883 18908.1421346083 15888.9696730351 1983.80829017963 1.00003396189916 -0.0301685248543003 33555.5626771351 43292.1814964773 232.077525762995 -8.76477495110254
285720 36477.7376923909 18821.0424706332 15837.5938428364 2044.93806811198 0.995427342093518 -0.0288181484784127 32667.1864604812 42206.9845590766 86.9680184498094 -8.59119362504202
285760 36614.4782140025 18877.2864164136 15918.3897876376 2003.37824657916 0.998402031808202 -0.0293396724841473 33217.0553206717 42689.5643922336 -119.908787401575 -8.67161142859375
285800 36578.8446144205 18854.2220011909 15906.6427754283 2010.23355365535 0.99718217644802 -0.0294558385296375 32766.4836721821 42555.627660716 565.493822860738 -8.68780606782398
285840 36618.6641572684 18871.6647980976 15898.3413886632 2031.8283882878 0.998104709670641 -0.0291509835762211 32842.7772372035 42886.4277137336 -240.118530163026 -8.62327528051512
285880 36538.6215843568 18813.662428694 15845.6390190644 2055.8826846357 0.995037018574322 -0.0278758082072035 31423.1301537869 41997.2390754689 -14.9286533759964 -8.44649402705991
285920 36583.3338553865 18865.2197771003 15929.2005429801 1998.87164418565 0.997763838534991 -0.0297346563809743 33329.9505190286 43090.439692118 -78.1495537537996 -8.70159095376204
285960 36589.917564944 18923.2174911204 15828.2513730767 2016.55342028018 1.00083128341243 -0.0307303118322755 34202.458712486 43673.2505782698 214.165115393313 -8.90774743351593
286000 36624.8322674022 18966.8994537227 15813.8976612826 2006.88999338213 1.00314158157994 -0.0293801548876624 32142.7911581595 43822.3726593271 -107.308514046407 -8.6801103640708
286040 36593.3169389519 18959.4213789176 15801.5753323153 2036.87594420065 1.00274607319411 -0.0289804489887878 34227.0115375439 41646.5938758996 -650.83968824755 -8.65205386622789
286080 36634.5587871913 18935.0391307314 15886.7164699259 2022.22954839276 1.00145651888041 -0.0291870168322396 33423.9115994431 41948.6034993234 87.8790750990402 -8.66730081266937
286120 36441.6870569871 18795.3847076827 15871.4738470834 1981.31058315632 0.994070326996308 -0.0279921253879109 32792.865175079 40807.2347767802 41.2892214907721 -8.50038049074135
286160 36585.8461831177 18926.3204014034 15843.7320044979 2010.78045743646 1.00099539343665 -0.0292958348535134 33328.0401537181 41935.3905682977 516.397114501081 -8.6725212121107
286200 36606.5418307504 18902.6832377021 15896.0188914224 2007.13300866779 0.99974524594484 -0.0289817807051499 33608.6084456522 41760.9451506357 -155.5598857948 -8.60861536403872
286240 36634.0430843584 18927.8887805555 15853.4158981537 2023.83035738546 1.00107834354386 -0.0293929944335101 31779.697777524 43225.7481021794 850.83601186813 -8.67371285861254
286280 36536.0021355853 18822.6469226894 15861.6534809895 2053.93380472725 0.995512200062907 -0.0302547328065661 34826.3999580761 42062.2788437646 322.85824136844 -8.80666908068831
286320 36609.770120609 18904.2300430701 15887.7878315055 2012.81540406387 0.999827055034782 -0.0299624486039677 34637.7263129036 41911.5186202544 151.227376838039 -8.73622746880632
286360 36640.7117428141 18951.8616110536 15855.8262417006 2028.68740754922 1.00234624413876 -0.0284218519659704 32758.403088731 41839.1771322018 -277.222933714186 -8.55975187230357
286400 36507.2321232968 18834.8858885497 15886.6558778265 1988.90692208312 0.996159507526099 -0.0282865705226411 31989.4091397295 41851.9123404532 237.140642813856 -8.53557569107481
286440 36607.8477897957 18902.4625936306 15873.2065104877 2028.48581417264 0.999733576286162 -0.0287293544294186 33722.9791685033 40737.7418978648 375.83794195872 -8.62064542129144
286480 36745.7059181547 18965.269812364 15933.1254686069 2057.34199952805 1.00305539137189 -0.0282858440363255 32189.3108497213 41948.3269260039 31.3100414580175 -8.58453140261159
286520 36753.0130373969 18922.3434824996 15991.3373297747 2037.78462977638 1.0007850579135 -0.0289807453697472 33327.6378760738 42176.3482415893 -260.587495317543 -8.63870872590284
286560 36531.6229194795 18828.1430246437 15891.5698981063 2007.63520753874 0.995802883757437 -0.0288372407123125 32597.8253773873 41810.95298637 524.599582956154 -8.62990056574751
286600 36531.3629124792 18765.9118504032 15926.1062851012 2042.72325984507 0.99251153512644 -0.0287304174060359 32289.9773148179 41890.7277962842 572.986470143552 -8.56246737239597
286640 36659.8868819498 18880.9305210062 15913.0562550499 2036.60738497866 0.998594765093546 -0.0307511808300805 34163.2648082088 43234.8407637955 591.957012721264 -8.80545068648467
286680 36835.502417523 19026.2518911382 15989.5087217189 2002.71824608047 1.00628067651134 -0.0283569124625526 32360.7245743206 41438.5424515106 417.246430403553 -8.59258474025715
286720 36706.4681278522 18967.5153945172 15894.8668048407 2040.72345483488 1.00317415811277 -0.0288951412980331 34003.4412606336 40683.283352819 308.512838492528 -8.63069174727704
286760 36635.6419331686 18902.5115929449 15831.1173728799 2079.68537173028 0.999736167814091 -0.0297814327261842 33044.9379659483 42971.5826977593 473.621503598101 -8.75557279729426
286800 36589.5184461464 18831.4720610553 15879.45922606 2046.8892490881 0.995978953381212 -0.0279726430445519 32012.328135266 41848.7921374474 -221.808653688275 -8.5348263918601
286840 36643.5577179526 18948.1240488318 15843.3071741034 2012.6107993848 1.00214856796678 -0.0290177353702156 33659.618446961 41364.2528471571 264.002131985283 -8.66067133767543
286880 36758.0510721993 19014.2912632245 15831.9164887686 2066.64877364871 1.00564809008195 -0.0312900040660214 33398.6379163198 45085.7040268282 325.96891062189 -8.95207025969057
286920 36709.8498142493 18885.1859872255 15920.4586277926 2069.26699039281 0.998819832723815 -0.0289053554021781 32579.6064732329 41553.3213158573 905.116435575875 -8.62767731588095
286960 36732.2907759312 18992.8240262476 15825.4099192108 2056.32693575594 1.00451270798612 -0.0302548313577115 33905.2615959607 43113.2391881264 165.954559013327 -8.79443148240474
287000 36659.3446350218 18943.8595118211 15863.6254184066 2035.06227001602 1.00192302059083 -0.0306940122745636 34394.2961949967 43011.5983605636 449.349910372247 -8.82506872171675
287040 36709.0977151627 19012.8004426561 15852.0489652564 2015.41532567567 1.00556924197573 -0.0274761137309198 31699.2829748766 41061.6890623296 145.704563819567 -8.46931566879024
287080 36588.4391364298 18786.4951566064 15944.9127131143 2024.75906881781 0.993600166949962 -0.0288832226117734 33791.0485736899 40995.4329835163 248.351127320234 -8.60633231524214
287120 36744.1033139088 19001.0092755728 15904.4361736168 2011.37465010123 1.00494561817124 -0.0304826580809002 34403.1527938424 42694.4969211321 500.121507028874 -8.90961836774429
287160 36621.832818989 18937.2057956 15853.6361042998 1997.58667603669 1.00157111175988 -0.0305755003107087 33922.838180408 43520.2496482955 305.793961832774 -8.86265658144872
287200 36633.8093737534 18960.8102393976 15840.7439465853 2026.28570624883 1.00281952872657 -0.0284408478749254 33410.7801597473 41048.4354925108 -149.929599725244 -8.60902544237995
287240 36578.0386868778 18852.9376672326 15907.8493140436 2010.83479889013 0.997114249225575 -0.0306241202925622 34798.3297538927 42679.7658364651 266.791621705245 -8.88807698044964
287280 36730.6745315383 19008.8338947662 15874.0876061165 2031.0675469876 1.00535945496582 -0.0285727053149083 31962.1584966356 42613.6835451808 -10.2602345626783 -8.56824061258697
287320 36643.8398772487 18911.1265000697 15903.5083702593 2012.50643626266 1.00019180219858 -0.02932865864126 34536.5554536307 40918.6495062898 251.82441270206 -8.66459724730921
287360 36705.0290262258 18903.4943893975 15938.7354492477 2035.09513320456 0.999788146999734 -0.0294944067639079 34630.1714249147 41594.8608702147 -247.400370847528 -8.70282277694651
287400 36748.5675360054 18977.8660761675 15856.2186380938 2049.31946200244 1.00372159598929 -0.0279126706816297 31271.6362096035 42402.420570818 -101.328133210212 -8.53068421804549
287440 36575.1632297701 18835.7132506542 15886.2888292317 2001.30423717617 0.996203265934376 -0.0283476395479364 32472.1709056915 41487.8220968888 287.609245497703 -8.52628146533805
287480 36637.6708800927 18883.3954755589 15868.4730891302 2005.45368260898 0.998725134235561 -0.0274695646068352 31394.8448336684 41385.7756343554 -1.49482740251283 -8.42628556324464
287520 36662.0751291709 18949.0495340022 15848.3055892218 2007.25191348017 1.00219751601228 -0.0291794723852288 33395.634684093 41779.1629149063 292.51365059453 -8.66326247773631
287560 36705.4329906441 18904.0344205521 15941.7137652836 2006.09952195262 0.999816708742673 -0.0290692276301516 32959.365168006 42350.9831785483 -45.9885860937647 -8.61241628653706
287600 36675.0863227416 18951.1395160389 15856.38481567 2021.08214858655 1.00230805320846 -0.0290109521271179 33089.208029848 41812.9057970853 350.368101013553 -8.65870007846624
287640 36799.7321898474 19019.409459159 15920.8760983924 2013.44545283792 1.00591878668036 -0.0275321211765667 31582.8119883071 41385.2502562704 -24.8433398488462 -8.51227998751279
287680 36602.9902179853 18769.9618504306 15947.4438177072 2020.07045086422 0.992725735841892 -0.0291232961551966 32292.0101917144 42912.3878093135 110.793443418157 -8.61298918270042
287720 36714.1721017816 18903.1162936111 15916.9595836227 2034.75974346741 0.99976814986704 -0.0287368762505758 32935.2866393018 41277.9822947349 480.075093993726 -8.59746122563205
287760 36723.3536458862 18987.906115733 15883.804834462 2009.11561057155 1.00425260429634 -0.0306548671746338 33464.6328926633 43430.7875450276 803.76311304068 -8.86208121649323
287800 36730.7215593054 18921.1454372708 15942.486912281 2036.02123411058 1.0007216944213 -0.0298628830559758 33080.7054165423 42667.9024540646 855.998981436268 -8.77893912788056
287840 36609.9819177948 18867.1606803635 15891.8175991895 1985.27607326123 0.997866491094196 -0.0299350012300678 33462.7437801522 43053.774633981 208.498344474262 -8.76629552459084
287880 36674.9110495789 18898.4374635412 15912.2476104026 2018.07280623682 0.999520690918483 -0.0288592756240277 31430.1947575962 43495.4751441886 40.5859923937888 -8.62545235247789
287920 36622.7326985646 18897.1972082105 15841.064262466 2030.84306968909 0.999455094973452 -0.028330088654933 32689.0565904287 41643.7620199397 -169.970627833601 -8.54190880757249
287960 36706.9747573314 18891.5722249852 15989.6136769128 1999.24625863912 0.999157594868975 -0.0292864253424961 33037.2481734915 42751.122116447 -119.14671116536 -8.67927942448353
288000 36665.0464506974 18802.237480775 15983.1731749305 2028.5924765998 0.994432763759091 -0.0282216854393136 32546.4785461071 41005.892268709 377.143338566828 -8.51904558303642
288040 36672.7718308573 18893.3872781645 15926.3862382321 2029.90726252673 0.999253591334894 -0.0301147833848785 33859.9767888382 42618.7453868359 557.039562320586 -8.78673469224408
288080 36480.8407748426 18796.6528909349 15863.864109492 2017.13456261301 0.994137400023001 -0.0302417400323376 33664.748955971 42662.7698478913 850.668165176025 -8.79973470071623
288120 36696.1168722111 18934.0727255568 15922.9117781454 2015.22034807845 1.00140540661413 -0.0306815129818098 34792.9738156906 43043.634104139 42.700351077491 -8.88169833639716
288160 36550.1560543581 18939.7939355212 15806.9607275953 1989.57444361876 1.00170799606089 -0.0280539465474251 32427.2023620351 41339.519818297 -45.1685345273775 -8.51206365059483
288200 36433.4740505973 18805.854256052 15841.0035777367 1976.77757334193 0.994624051622476 -0.0275226727313899 32219.4154009308 40831.0610630145 -181.757789710299 -8.44315470199405
288240 36608.7077216505 18980.7363930122 15798.3742430106 2010.78029113083 1.003873404364 -0.0283211051095666 31855.9069759591 42727.3590947132 -340.799164373834 -8.58248178394567
288280 36667.3898053944 18945.482313659 15875.5249295015 2032.2741052267 1.00200884906302 -0.0302527531095203 34082.2977593732 42997.1205132258 189.247015851591 -8.79766927366367
288320 36648.460846891 18892.5973323853 15916.9127696386 2030.52408021905 0.999211811841085 -0.0294570408307706 33228.8843940639 42697.3682311249 79.2022357693672 -8.67922385864244
288360 36614.7238194406 18925.2225171925 15845.381875546 2044.67165298633 1.00093732736705 -0.0283522934017359 31756.5287190316 41691.6324027635 737.135563918173 -8.50677821298617
288400 36581.887378306 18844.2915830045 15953.1407717578 2005.43173478698 0.996656965913233 -0.0281448120403453 32323.848479499 41832.5025951559 -250.466787427374 -8.5570242215452
288440 36619.8973611607 18933.2020784959 15856.3828948341 2014.65553013053 1.00135935890498 -0.0292969259838312 33447.8550562653 42446.7244293031 -207.531852739877 -8.62822569422199
288480 36636.8039137143 18889.2436024458 15906.3674413408 2021.82453409727 0.999034436199699 -0.030508474038103 33113.4819971878 43483.1034574795 955.838437650397 -8.79220294812852
288520 36582.4390972467 18912.0363402043 15838.0281562472 1994.64411222179 1.00023992279277 -0.0304240144202857 33032.5237854636 43998.9023445976 482.821571162313 -8.79037514092837
288560 36531.0467900308 18814.8674857038 15908.7736585965 2003.26796344753 0.995100752913066 -0.0277082275562787 32335.2408508074 40356.393867741 590.471526998718 -8.4719953709449
288600 36561.2463220888 18833.1546340325 15878.0336666465 2019.56856808588 0.996067943093084 -0.0283166016945445 32522.4478802689 41886.1686735828 -138.454150685336 -8.56234388398211
288640 36732.02042989 19009.8481083287 15921.7918082935 1976.27094305238 1.00541309577304 -0.0290495044257449 33100.1071942636 42654.9078727762 -410.5914396721 -8.69924830316929
288680 36560.8097785095 18898.9109613307 15866.4257426767 1991.66758201344 0.999545733773938 -0.0301397132626569 33945.9714545258 42832.0037879051 257.481364820576 -8.8132991879343
288720 36669.1776556538 18896.3656061989 15906.7050970253 2026.13914123281 0.999411112320451 -0.0288902536104099 32617.8642550186 42354.690577474 104.898811109975 -8.62950054767173
288760 36621.4609355328 18973.3123178581 15811.2002984033 2008.50886569845 1.00348075196922 -0.0290457482227543 32610.8292714188 41538.2370251011 1127.52050495338 -8.66340767829794
288800 36598.0314178407 18911.6951605838 15859.1703192854 2010.89101730893 1.00022187812158 -0.0285473132611613 32845.2234881192 41730.9334490748 -72.716585357493 -8.60239961718206
288840 36592.5012547881 18951.6991901596 15802.3228582317 2005.73978203812 1.00233765384951 -0.0307577857660961 33750.971085315 43489.8685146898 802.173355013308 -8.88918405001359
288880 36646.6584636296 18941.263081014 15864.1136450523 1990.29158039178 1.00178569779262 -0.0285109055322857 32273.3759768 41953.1230687251 158.970365772023 -8.59765659523022
288920 36482.0772972145 18857.7422232483 15793.0047941519 1982.07654231353 0.997368357701879 -0.0279297390722584 31703.8681858065 42176.8451432675 -266.284071239213 -8.50790485317236
288960 36460.0696998048 18894.7136976566 15770.5953117343 1957.98144141057 0.999323744421873 -0.0282310199597673 32446.2703493395 41537.605534228 -19.2730931942459 -8.50074664874982
289000 36800.8741055459 19169.5961679454 15795.2173360597 1985.25090623986 1.01386202131141 -0.0309490744238341 34279.6679211395 44282.2529726513 -247.469497285507 -8.93184807074712
289040 36448.5840460769 18820.1362070578 15778.2453114733 2011.0042081878 0.995379410660205 -0.029603087946976 32976.9948395086 42267.8211857595 976.734655437488 -8.69702634709475
289080 36490.496935337 18948.3688802107 15750.5807224325 1978.20723592567 1.00216151686954 -0.0276581238453191 32222.2398864515 41462.9205424653 -506.388065483168 -8.45612647902272
289120 36598.2425060129 18941.7506151759 15826.4028327925 2013.62727128927 1.00181148301869 -0.0281467176965765 31690.0187189693 41474.6673012084 736.646871180661 -8.5559304805692
289160 36764.437041741 19066.8312297526 15823.0572709774 2028.20194677859 1.00842687979651 -0.0282407540834054 31338.6737488827 42131.4184960786 559.993018933924 -8.53798223397484
289200 36741.6059151223 19009.8207124932 15850.254081519 2015.07682821454 1.00541164683291 -0.0277252319478862 31714.9501507116 41458.9438840263 61.4351523537031 -8.48671662162947
289240 36610.667812393 18995.6204999956 15714.8793151086 2054.00693446107 1.00466061086847 -0.0268414490025958 31844.8674196074 39920.507890472 87.4699411461632 -8.38886766362169
289280 36698.4255036032 18975.7544748536 15843.8993844701 2032.34533936032 1.00360991536975 -0.0280301024721111 30888.1069779933 42126.610715604 752.437666419039 -8.53025931552364
289320 36602.5203254504 18954.2245743882 15840.2039226554 1972.21245909839 1.00247121906059 -0.028105552268108 31499.2839469415 41489.6276949954 766.869442347503 -8.51487856165886
289360 36692.0035641992 18959.6223044076 15866.5557698915 2014.84656900656 1.00275669995545 -0.0288559182133704 30748.7804823971 43298.8097723103 908.640186267528 -8.64368186528887
289400 36603.3080110596 18949.5053386721 15848.1054007002 2003.46009001683 1.00222162309518 -0.0295034138927698 33702.4224327587 41537.725751379 790.1033129254 -8.72826247414064
289440 36504.5586183228 18864.9330909489 15814.3437782793 2023.07151974676 0.99774867597244 -0.0307931188383345 34310.5191917572 42657.1074210931 1159.57694111304 -8.88117233847655
289480 36634.5705052308 18872.7784565307 15955.2931818148 1980.18902782558 0.998163610024099 -0.0310082370651349 34073.4855462964 43505.567573358 806.578673494073 -8.88887331534053
289520 36526.7224256279 18906.3550451271 15772.6880088454 2041.18986270361 0.999939444407091 -0.0284202992842188 32412.1099002998 41523.1095754167 347.871447566607 -8.54163338216239
289560 36626.6213706317 18856.5877214712 15882.1147776111 2054.18317074681 0.997307297182136 -0.0269125820295904 30336.1770874385 41033.4015454171 510.878468830759 -8.32513072221243
289600 36677.7432894388 19042.2740635722 15827.4526338505 1999.27508666856 1.00712807423362 -0.0272445682127181 31483.2995203506 41099.6877406879 -210.673391490609 -8.43343566971577
289640 36528.9417693469 18911.8858355767 15773.8766724303 2038.72147342219 1.00023196274371 -0.0294384285179392 33356.9819890185 43029.6378187056 -423.802559995955 -8.66388680228241
289680 36588.9735022807 18899.3840147954 15874.8570116009 2031.76230726829 0.999570753129466 -0.0292257804574202 31919.1231481905 43902.3332632083 -120.700173779771 -8.69301665028005
289720 36526.2291132437 18838.7331039782 15861.6859170624 2024.36835305523 0.996362983153682 -0.0298080283870075 33391.6912352293 43126.5013342157 23.9350931336152 -8.72317317538065
289760 36513.5239994491 18849.9056725438 15869.7245907401 2011.20742003723 0.996953889860841 -0.0292820623765035 33740.0708899179 42088.3576395032 -138.473007176213 -8.68259430696256
289800 36554.9314885185 18876.5200402469 15887.5842679328 2005.82842647577 0.998361498889164 -0.0295218224209289 34006.9730493936 41844.5778466097 174.967434982149 -8.68824040506784
289840 36526.6935039291 18921.3397661537 15811.4413801098 2010.54276883756 1.00073197229426 -0.0283911024147828 32813.3782821751 42162.8223649955 -525.329785615934 -8.57428196885887
289880 36450.962705906 18820.175444625 15842.0747074008 2023.39007279023 0.995381485898455 -0.0282985525271904 32971.7866660457 41188.6098250792 94.7210788084177 -8.55682560790257
289920 36535.3869534445 18894.2259205665 15863.7638779079 1980.86107675531 0.999297946347563 -0.0276755356829953 32435.4316014133 41271.9034412881 -563.222266059924 -8.46580158595618
289960 36593.728793627 18893.1097223193 15863.8677039179 2035.4555819345 0.999238911665702 -0.0291754419899087 33025.9895198156 42550.87178691 37.0741487721299 -8.68423132645456
290000 36818.0499447257 19028.1614776193 15994.1951840048 2013.84132109766 1.00638167275522 -0.0293123878422014 33034.0066884187 42356.9864127724 348.653263608837 -8.73956491901401
290040 36621.5294848059 18903.2179647717 15899.2367290043 2042.99951839569 0.999773527159684 -0.0292898861611817 33569.3592764399 41483.679338405 674.037136488624 -8.7683691716198
290080 36595.7647333107 18905.1283600031 15931.9116123962 2004.59548293895 0.999874566177605 -0.0290058846300504 33097.4973014231 42117.8289379541 74.9617671680229 -8.67502275402707
290120 36390.2550633118 18745.6762263073 15920.1249375216 1962.85400361919 0.99144129188456 -0.0286502075425216 32862.1148145124 41721.4642437352 102.972113360608 -8.60185942920754
290160 36504.0520321255 18923.4993598211 15878.1217314139 1955.78945854292 1.00084619118451 -0.0278417504919974 32088.8382123241 40926.5041565234 364.025847396391 -8.50865181643296
290200 36528.7624449984 18918.2015390869 15903.2723773094 1972.58893414906 1.00056599439835 -0.0282951153879893 32745.5261184149 41561.9383933 -125.304585572464 -8.54102046729448
290240 36366.0618665101 18791.0481861322 15857.9094891584 1972.79999178561 0.993840972425345 -0.0285857091288332 33008.272547771 41520.4225809202 94.7347201123733 -8.57055671472419
290280 36480.6489548825 18916.463739652 15768.3002376153 2007.56526693924 1.00047408381076 -0.030007826788537 32813.0783062537 43559.6725154939 429.150903359488 -8.76295583070126
290320 36525.1226126411 18895.0394823948 15843.300297682 1987.79494638135 0.999340974872132 -0.0285466582575633 32398.1283762791 42601.9769879823 -470.109493325365 -8.58129775002931
290360 36504.2319004552 18937.3448522025 15807.6700430008 1991.66408973914 1.0015784663336 -0.0274732635217401 32513.8175919242 40165.4625411543 155.152274135123 -8.42883219020014
290400 36501.8056988659 18937.6838085905 15809.8982182851 1985.53714885664 1.0015963934201 -0.0290379555134877 33181.7667884654 42123.3701157015 72.774156124715 -8.70098668215277
290440 36557.889066956 18862.9185209281 15931.1718845123 2002.22758322113 0.997642127247288 -0.0271343795217713 31640.6346162275 39813.6726571085 884.229545091379 -8.40796282423492
290480 36561.7663875178 18939.9071682504 15870.6446558498 1988.49296171639 1.00171398483408 -0.0275514718225114 31952.1926288067 41507.0999882872 -484.78169778596 -8.40090359819594
290520 36551.677749048 18871.3998909212 15921.2953235559 1995.42327914598 0.998090698977717 -0.029248232065723 33231.6454551363 42377.377119903 75.1854482928532 -8.71200112633642
290560 36538.9706441463 18852.014373872 15911.0303635384 2006.00234862251 0.997065417102844 -0.0318388057853638 34409.7887499394 44287.357006299 1133.85323430209 -9.06742554074313
290600 36752.5861998038 18955.0225684561 15989.5563691794 2015.58463908895 1.00251342422087 -0.0306371231804346 34320.2084156299 43116.329619362 460.432196982509 -8.90315351583389
290640 36606.8351938764 18909.4036403503 15881.8381546367 2040.22078522565 1.00010068175858 -0.0311843938182351 34921.9386974653 43016.6530475807 735.639623569094 -8.93781490462344
290680 36672.7870898837 18942.4442072155 15925.9881061628 2035.66698813215 1.00184816645329 -0.0312121612897022 34014.2573710761 44525.1660154435 233.733683322498 -8.93004249986367
290720 36608.611917578 18816.8948876605 16008.9937672913 2008.99664727293 0.995207980307313 -0.0299926662811787 33303.5996724694 43307.6450479545 342.746691194258 -8.77698668467651
290760 36609.5536596764 18956.0858216924 15887.4285652274 1973.95415553136 1.00256965869059 -0.0302538100682779 35222.153172769 41230.8913598872 763.783314983035 -8.81948249964991
290800 36484.1290308642 18769.7996456873 15921.9304712445 1975.6531305996 0.992717156984651 -0.0307284705774073 33775.5435608014 44166.7086015404 18.621477004452 -8.84795221249937
290840 36670.5562977178 18951.337156891 15918.2768944547 2021.83181232351 1.00231850624837 -0.0285497825628891 32196.223058546 42255.7135586502 28.0020892694592 -8.6054190525303
290880 36678.097424454 18931.4394763699 15919.9835511547 2023.73338704347 1.00126613652624 -0.0289898153841833 33000.3986286313 42738.8325744696 -390.228631806376 -8.66281315748682
290920 36665.5483109357 18968.8176511722 15866.2913654728 2022.95977978271 1.00324303324989 -0.0273932623239964 32735.2691438894 40116.3911791349 -109.290906881068 -8.46653802964215
290960 36663.9362921844 19020.2445437899 15863.048918448 1989.30385536663 1.00596295352584 -0.0294438033707184 33654.7767424664 42481.6829358417 -198.879588139573 -8.71920989589712
291000 36538.7857670006 18913.7800597407 15757.3330628718 2043.01235260027 1.000332146489 -0.0278406062781782 32474.5805804577 40936.0829535412 -28.8696012820945 -8.51106507635803
291040 36659.8842744551 18923.4498887911 15887.7604645678 2022.09401160333 1.00084357470798 -0.0276676947764465 32299.2513109367 41061.1801705544 -159.116827754019 -8.48184280201417
291080 36482.7434006821 18830.4334488773 15805.7930771856 2016.98704116047 0.995924022154031 -0.0294999183664182 33483.2209669499 42428.0594324473 34.5297602369383 -8.67122208558197
291120 36744.7724838684 19024.596973048 15926.2436604198 1997.87175158723 1.00619314944059 -0.0283430408329487 32236.8635423122 41681.7980709168 325.199924271755 -8.60647453174598
291160 36457.5721788983 18874.4721999085 15796.5298067768 1989.26262092398 0.998253190528019 -0.027265561333078 31642.744860778 41329.6247645646 -546.065018068639 -8.37314826804803
291200 36548.4003072745 18942.2670641866 15807.0967071295 2001.77635910344 1.00183879752408 -0.0296855291193613 33032.4870598718 42775.8260080494 523.587031413101 -8.74091499069086
291240 36618.3274221676 19002.064452223 15877.1059137275 1956.83875577843 1.00500142547788 -0.0284312251188096 31560.1545316082 42853.0448189283 -118.8855159992 -8.537811472917
291280 36507.5736096092 18858.4658379057 15871.1525269609 1956.50394688755 0.997406629004665 -0.0296396097145705 34143.6413368688 42013.4146463508 69.5272978543164 -8.69154960832393
291320 36550.8118239743 18898.2432071558 15852.466961903 2011.49971134966 0.999510416879851 -0.0288618055798371 32802.1685286277 41906.8405874857 342.51461261596 -8.61917849079633
291360 36587.0704556107 18912.0160523845 15851.3620447204 2003.53180402052 1.00023884978895 -0.0282500292795674 32289.9444045782 41503.9778472953 298.605764798902 -8.54436196189966
291400 36501.4947438954 18939.2073383946 15720.4445957891 2029.38612759826 1.00167697148722 -0.029449927981369 33121.3534701026 42447.8125620717 418.822781344596 -8.71594394463821
291440 36448.3003617209 18815.9655007285 15818.7787593516 2033.07780146132 0.995158825901283 -0.0289936679684291 32012.207418125 42926.1800145143 271.944436074819 -8.61372067690206
291480 36531.9496422296 18863.9716244191 15908.1382722731 1982.8931631957 0.997697824906471 -0.029002595926563 33508.2119200783 42165.5861536651 -414.322681274807 -8.64338808960243
291520 36545.559614468 18809.9832885468 15946.9112584805 2007.77636586521 0.994842432291248 -0.0295089896260971 32243.174782143 43051.2948827894 809.139145502607 -8.73644683858383
291560 36483.4548195443 18845.7942842243 15847.0199196661 1992.26194499644 0.996736442376003 -0.029512578557646 32879.6130660333 42657.7859908083 511.840660636528 -8.70726542592791
291600 36814.6874149531 19020.41648909 15976.5097218112 1989.13378640519 1.00597204755203 -0.029770720420986 33729.6150309342 42952.5928933847 -256.774416684443 -8.75294825175165
291640 36700.491127361 19003.942953805 15870.9772242549 2010.18523324497 1.0051007776705 -0.0305262607490062 34156.5276758981 42758.610221821 736.749935306898 -8.89694613559486
291680 36626.4005325293 18921.6035248347 15907.4330002919 1989.94669910884 1.00074592224433 -0.0289177045920971 32684.8868979701 42391.1989178921 49.6924655651046 -8.64247543229193
291720 36696.6323764214 18944.9204858855 15952.5456732856 1970.36854079736 1.00197913451728 -0.0289730392478511 32977.8975199012 41755.7719469286 545.092402850767 -8.65351020768592
291760 36533.8824750691 18883.8536254247 15851.6500947794 1982.34948255286 0.998749365353679 -0.0301900062726876 33856.1356524238 42519.2442513474 828.381211213555 -8.8213792314268
291800 36682.3798538514 18894.3162996048 15971.2130094355 1996.77727400955 0.99930272641041 -0.0305115638260436 33433.4466445783 43453.4981800337 773.456981080543 -8.83913344622579
291840 36680.5364701268 18978.7285645279 15868.8879886117 2017.67093125252 1.0037672121924 -0.0298814094509387 33647.8953773494 42895.8126701497 33.9745127659218 -8.74207237858712
291880 36516.684495924 18839.830685948 15885.3218267006 1997.17662387026 0.996421033238026 -0.0293857360185859 32785.5546481503 42732.5750933187 291.278065246809 -8.66443017273739
291920 36675.1289130963 18973.9155610489 15868.0693058742 2006.07381151304 1.00351265693767 -0.0285958330271901 32203.1440680791 41814.5454208027 531.642985888135 -8.59374835806586
291960 36486.5900465317 18840.2755175113 15891.2489735532 1959.52172460429 0.996444559963575 -0.030969611184664 33896.0208499029 43553.8869937728 792.866338257836 -8.87311625256739
292000 36704.2134091035 19046.1062772174 15876.9966329697 1962.53950781639 1.00733075643091 -0.0295820277593106 33098.4417458265 42765.3073652265 270.250023371152 -8.76643342575724
292040 36699.2955373003 18949.9777349687 15916.167017807 2017.75823646281 1.0022466076937 -0.0290075833201982 33396.7267619363 42009.8340993757 -140.03707454589 -8.65931686767437
292080 36763.9954162482 19004.4562576413 15946.4946231498 2013.58614893264 1.00512792583056 -0.0299436554412881 33716.7551720973 42488.5363287602 454.69325665083 -8.79314916901917
292120 36648.1717712439 18929.913121716 15947.2556864542 1978.86792232097 1.00118540905546 -0.0285752829535615 32301.4355156291 42134.941920289 122.221616643152 -8.56197404655049
292160 36546.4176733381 18893.720618957 15892.158965287 1973.36192482069 0.999271221417799 -0.0314479506726776 34977.0256923078 42597.8877035914 1535.33097632142 -8.95467674444897
292200 36612.7304143296 18966.1510680135 15934.238979035 1966.3537028522 1.00310200015938 -0.0278819612485445 32684.4066853927 39947.8141446095 769.074487048807 -8.49814672842989
292240 36643.2227036808 18892.6754314279 15952.0311665792 1986.61935271004 0.999215942426441 -0.030511252092475 34073.2833451783 42650.75800432 857.786018087208 -8.84357183324451
292280 36608.8280296963 18959.3116187473 15870.9507394553 1972.8546105984 1.0027402680813 -0.0298193020696659 33016.2742561698 43601.4177198942 -43.974994154416 -8.72896361610117
292320 36722.0960285344 18845.4499229008 16046.7740453555 2029.85752757698 0.996718229427519 -0.0279619723170113 31896.4050384533 41399.6221315308 226.513844662618 -8.47733399332079
292360 36850.4802840089 19118.0270118388 15911.792079648 1995.76384943446 1.01113457685251 -0.0283850060392648 32176.5368106178 41800.6272020999 253.441949073016 -8.61506870893724
292400 36658.7226821934 18895.5544654794 15949.6835189071 2002.62675856684 0.99936821184606 -0.0298091422125505 34653.5401445311 42083.9927282545 -315.80283159671 -8.71972068787634
292440 36603.2068265542 18861.2198393422 15960.1693067505 1993.24393361351 0.997552285566159 -0.0281291826263969 32078.8308684472 41292.4730534419 487.921258744419 -8.52745598589126
292480 36634.3912148839 18988.4580040355 15828.649721188 1999.68400003186 1.00428179315274 -0.0282177047207113 33080.2565870708 40379.1448688244 502.699997973637 -8.56642748625568
292520 36566.8711755863 18854.577344549 15913.3626580978 1979.31316260403 0.997200970226049 -0.0292199838225714 33450.5677341126 41940.4368036856 286.86900759441 -8.67532870207784
292560 36706.6332571161 18920.8364275629 15925.4506846349 2023.85313721763 1.00070535118672 -0.0300079805343063 34181.9093158854 42526.8428550873 109.665020121763 -8.800898313675
292600 36581.2161318059 18940.0144289291 15814.4078540151 2028.19882316524 1.00171965775111 -0.0288388618025248 31926.5528029784 43218.7075273775 -183.42405676156 -8.63711683941908
292640 36648.7872832504 18937.9947746567 15876.3236747852 2014.11461867036 1.00161284012464 -0.0296354918856716 33374.4986377097 42197.1081958032 770.344751353973 -8.76525697240267
292680 36595.1794747034 18833.5233769305 15915.2679447189 2025.03250930548 0.996087445560255 -0.0285120430857081 33336.2249927269 41178.9952300715 -31.0844664642673 -8.56920659928596
292720 36705.0770699255 19071.9316653407 15791.1644698224 2001.50855734454 1.00869663706681 -0.0299698840767243 33615.065253645 42916.9740087275 208.430728580207 -8.80539736142672
292760 36549.202302529 18848.4521838677 15880.9176261146 1989.61976149391 0.996877016203501 -0.0290611643246322 32503.8839948859 42175.380031804 575.671840595586 -8.58806233790849
292800 36594.5380462499 18920.7266773849 15865.6134120209 1982.07716430839 1.0006995466024 -0.0274556505280084 31725.9145623722 41498.286530692 -403.401420228593 -8.40630727364584
292840 36697.3308221929 19002.0417880957 15844.1275221963 1997.57974097666 1.00500022679337 -0.0285566314039877 32477.9851865961 42136.3064177272 -81.2869678600324 -8.57146017925821
292880 36656.8371426195 18905.5161318773 15925.0904711921 1986.51865424308 0.999895075069537 -0.028833580828 31988.0533277462 42439.7946337584 585.405460217905 -8.63132119842802
292920 36793.8158472373 18988.5186533645 15938.0899133931 2033.33113398466 1.00428500083906 -0.0308236270132093 33167.3444304407 43915.525531036 1049.71270927719 -8.9258114394837
292960 36623.7290938673 18955.0312206772 15819.5100613991 2003.88858576005 1.00251388182876 -0.0278088810111349 32338.2008844102 41606.0636705351 -679.749416101244 -8.49781659617702
293000 36667.2884430461 18948.9788381245 15872.0786134902 2009.28987934051 1.00219377697339 -0.0300448581252105 34081.6980969748 42473.8074111974 439.78109020388 -8.82114656067569
293040 36577.5223563982 18945.1090426059 15806.6222204139 2004.12744589962 1.00198910710596 -0.0289079772359305 32744.4311929753 42461.883111201 -37.5569757078752 -8.66463826139564
293080 36641.3299097689 18961.5342448754 15859.0319489249 2011.83882426805 1.00285782069948 -0.0281394331765757 32498.1472184148 41999.4265152884 -644.540673270601 -8.53366469804183
293120 36577.7539309635 18922.7811235463 15814.9083462909 2010.24682694393 1.00080820433935 -0.0288866998882933 32636.8467588449 41972.3262472722 509.785456272115 -8.61120691383355
293160 36583.1519005295 18893.4333748338 15800.2466531178 2052.6555827098 0.999256029344642 -0.0274050824826391 31893.239266136 40982.2504625576 -252.213823733317 -8.38496074542775
293200 36659.7963215973 18915.3589214043 15820.3349430404 2071.46664447785 1.00041565100644 -0.0285755314591512 32756.1326722884 41816.3247934212 -11.4345774278988 -8.58801557770742
293240 36581.0529802568 18837.1524643296 15846.3947784827 2038.92453561847 0.996279384600271 -0.0286592759502909 33045.8786286145 41716.0645572322 -49.2881341592683 -8.58119547041495
293280 36606.4968181379 18940.6098636682 15845.5477320253 2001.89378592532 1.00175114973784 -0.0294245332588732 33160.1332408436 42751.7469858072 -39.1895891537984 -8.66242426744566
293320 36485.9542374497 18842.0909937043 15854.8462765829 1980.60572213605 0.996540578802291 -0.0309567689558934 34281.0087228458 43552.0804021662 399.985885329817 -8.85958002362395
293360 36591.4139081453 18881.9484566809 15878.6451536186 2024.76804578034 0.998648602759799 -0.0294541511876874 33205.1452542523 42490.1452020665 216.941237238289 -8.68285173714032
293400 36697.8974752092 18957.3761824149 15899.4983606617 2009.42510522267 1.00263790466296 -0.028182413047444 32336.9605443489 41424.0332747431 99.2084190953171 -8.54843364566185
293440 36627.3529848367 18908.6659430876 15885.160001765 2033.04806664101 1.00006166563997 -0.0291400387957599 32129.2953648571 42999.2218963762 392.123483843128 -8.67822120270039
293480 36609.6788795087 18942.8099741125 15838.5778848616 2018.97125886534 1.00186751152254 -0.0285864188810426 33157.6898223367 41606.0365079575 -167.503932979263 -8.63357198673686
293520 36587.3028841848 18867.1488670071 15878.4120237099 2046.00049103309 0.99786586629682 -0.031333850511056 33542.8398460678 44686.0066779453 625.575940461221 -8.97056415427989
293560 36493.6976466098 18862.9946072011 15811.1230848224 2016.47078530708 0.997646151379139 -0.0284762872603688 32036.9345690665 42136.7484343417 213.853975303508 -8.55935079882578
293600 36606.525223686 18852.6820602685 15890.5797486522 2037.83800574109 0.997100730412192 -0.0292373834318748 33363.96098361 42659.3894636686 -381.434858524031 -8.68381330983407
293640 36537.8962745722 18808.9614601069 15871.227681435 2036.5342434322 0.994788388740281 -0.0301653660578332 33208.0083900772 43139.7584208689 799.537326359426 -8.82569596292604
293680 36638.2052968918 18944.1266261107 15875.4932359299 2013.53961709488 1.0019371480159 -0.0299122482878396 32971.7180134215 43277.2718512888 545.935733123629 -8.84878886362559
293720 36569.6372916488 18943.081784109 15809.2997715777 2008.08656225903 1.00188188729917 -0.0298199634645656 33698.1950664881 42692.6724934835 208.087917811723 -8.80455539957412
293760 36395.5607881402 18880.1223879344 15754.8944475884 1988.09648926883 0.998552023690833 -0.0289909743421116 32916.8566905596 41656.4732894649 502.037776736394 -8.6085491223539
293800 36530.215308986 18984.9591025315 15799.886631673 1991.71589318302 1.00409673952302 -0.0274951558933702 31736.3090004856 40825.5251735338 312.721420881025 -8.43501421719154
293840 36547.026611737 18870.1465281402 15872.8645667076 2011.81623246673 0.998024409791895 -0.0305082862552429 34615.035609288 43163.9488636656 -217.964326493057 -8.8412757112891
293880 36535.5739709798 18792.3477746645 15921.32289986 2011.9293509295 0.993909706447943 -0.028077754010307 32234.532160031 41132.9754959603 328.300361380041 -8.52005790144472
293920 36478.3176178233 18888.8766690228 15811.6172119863 1994.76033523311 0.999015029433971 -0.0292184475657944 32318.8154742873 42540.1525734555 657.876995628163 -8.69138350395447
293960 36446.4231077965 18870.6087924335 15828.8939288738 1954.29309559497 0.998048858518232 -0.0296607129268126 32605.3506778551 43408.0043537772 200.960784169881 -8.71103545961509
294000 36664.3941972989 18923.1427116114 15921.6020543118 2026.16585768939 1.0008273283941 -0.0303035661692924 33741.7898086519 43002.347195085 515.490523060336 -8.83377506642026
294040 36705.9512070156 18957.5953916009 15950.0607655624 1984.32111455809 1.00264949843189 -0.0285806097656375 33413.2429109468 41079.9094777695 181.776170228035 -8.64081929011912
294080 36722.8338469802 18911.9550264733 15996.9141283279 2014.50757314026 1.00023562218555 -0.0285548932945617 32221.5943798812 42203.4549407516 159.128102337988 -8.63073821773912
294120 36568.5157084231 18937.322311048 15814.407584096 2010.46380885092 1.00157727415301 -0.029726766404325 34138.4821118086 42037.2262021514 209.332727702419 -8.75412498489387
294160 36704.3953301457 19100.2424384841 15821.6865982291 1994.91929235236 1.01019396739305 -0.0282895815180702 33532.1515806813 40768.0711776859 -173.527929302684 -8.60379764809401
294200 36416.6052816601 18908.1456404384 15739.2249120747 1970.70827999901 1.00003414731923 -0.028400601760503 31630.6469078673 42573.5958379702 203.743151519925 -8.55516586130471
294240 36495.7529396866 18881.6040215533 15875.251204359 1962.61104890737 0.998630385907886 -0.0291680311218834 33121.4772747565 41766.4328358242 446.72409634689 -8.62927161080673
294280 36503.8091720722 18843.511648101 15848.3989225688 1992.33067959238 0.996615715885283 -0.0289941352260124 32680.7398406961 41590.9150898332 945.439775834779 -8.62311239855815
294320 36564.2723779571 18929.5237917861 15845.5005667726 1978.42172798388 1.00116481775942 -0.031433875034296 34356.9556888818 43959.820649865 759.401570762527 -8.92436106403755
294360 36603.7976453918 18963.3774675327 15838.3773291235 1996.88918660794 1.00295530702275 -0.0291394412482558 33136.9477715509 42045.2567908463 305.864681947033 -8.65830718443324
294400 36581.448565507 18873.9164239084 15904.7384467058 1970.6665381708 0.99822379605492 -0.0278408187632085 32486.9121316869 40916.6246607275 109.584014155642 -8.50061756801365
294440 36614.8661853373 18985.8490176625 15810.8088377868 2002.3192255194 1.00414380630239 -0.0280313640747707 31294.6888134371 42083.1190430981 354.582859050579 -8.52200666272466
294480 36532.2589379583 18903.1456722895 15797.5020528106 2024.18040714384 0.999769703677877 -0.0284181528175211 32761.9830655751 41747.2439902605 -89.3003951835278 -8.55135378443965
294520 36489.1490115193 18855.9590871135 15823.9003709028 2030.66689493568 0.99727404929861 -0.0287231980895502 33039.5855575738 41411.0692412514 261.061938446964 -8.57996285958428
294560 36662.3072793307 18954.1845330507 15886.8816163291 1990.27891215792 1.00246910131169 -0.0290478861262028 32692.1494581118 42206.6394978827 349.564112406338 -8.65353596471467
294600 36605.0020612659 18925.7631156085 15834.1586305384 2016.43353002151 1.00096591911192 -0.027859161653877 32556.8970120483 41177.0891607772 -228.917760915579 -8.52506919877024
294640 36510.0334956672 18984.117250955 15720.0944389692 1983.87666935815 1.00405221478011 -0.0282912026998631 32383.0969772913 41927.2327808993 -75.0547372826931 -8.57319926809306
294680 36560.9258097612 18939.5824150794 15852.8234194128 1969.88527799361 1.00169680894245 -0.0293185184362397 32868.2223731101 42357.8658885463 508.566951234347 -8.70908212187964
294720 36477.7997446698 18913.6993005789 15776.5741978964 1976.53647390761 1.00032787521242 -0.0286686926564542 32691.0170006937 42287.3782604678 -217.661867485122 -8.57859992840251
294760 36493.597614355 18888.5150892053 15793.3621892884 1966.83886128586 0.998995905815435 -0.0275634264367169 32346.6670373207 41194.1208588836 -629.566174122712 -8.42230608897517
294800 36359.6470268452 18815.9382200351 15760.4549824214 1964.96283281451 0.99515738305091 -0.028933576821137 32938.8158446924 41886.5797887566 271.236405527143 -8.58358678616774
294840 36487.1130351163 18850.1144959069 15864.8218903824 1964.08752537207 0.996964934333301 -0.0293559712764577 33734.3970535741 42119.3144191964 -35.0819285331635 -8.66427696247618
294880 36578.9127585026 18904.1118796778 15903.2117849997 1973.73392049643 0.999820805483421 -0.0288592393523621 32453.7548667248 42267.6524134937 411.006265290648 -8.6207544625407
294920 36467.5782407441 18804.7407678403 15888.2958628528 1989.41639833874 0.994565160271864 -0.0286300250003253 33064.0550407261 41140.257554598 473.501160705641 -8.56531245079907
294960 36473.5948162906 18805.4469302552 15873.6320998413 1995.14817593322 0.994602508541859 -0.0290949024391978 33918.3431716138 41507.4883356396 -3.0437802266473 -8.64192015663653
295000 36676.9614887732 18959.9314806708 15849.1990274171 2005.45013458114 1.00277305199898 -0.0292106704206305 32995.7135185747 42016.8733443019 580.542814669981 -8.66488196711371
295040 36595.0582379849 18865.2239195988 15911.5427039381 1972.78657713524 0.99776405762786 -0.0296218668767941 33511.26869103 42015.8283430265 649.474337890272 -8.72591294197584
295080 36678.1881856489 19051.432962828 15873.9137783598 1934.80903961573 1.00761247985339 -0.0293531997893675 33686.5883822542 41802.579841263 352.060028215501 -8.73525302014187
295120 36710.5500389308 19036.8436305614 15896.8837650626 1971.8666980326 1.00684086370813 -0.0297120660730627 33484.6725956395 42635.8729439868 227.712472193227 -8.75232671215894
295160 36567.0895709787 18892.8843037969 15880.5852785903 1983.73193414517 0.999226989490778 -0.0286480221985468 32786.7034749807 42255.0814179573 -357.920006391944 -8.61300534499202
295200 36632.3100985169 18964.3492564909 15866.9084657062 1991.9135182003 1.00300670403231 -0.0307202421918296 34788.5687179384 42716.619850605 450.750969567567 -8.88114696615539
295240 36644.2341067171 18918.5156980582 15890.7175806887 2010.54748408542 1.00058260997267 -0.0307469865327126 33247.8117690036 43848.1184375357 963.115762701981 -8.87965628312894
295280 36709.1698655595 19026.8487015163 15885.1535076398 2008.73819486901 1.00631224125433 -0.0286584490912153 32559.7109993787 41901.2177335626 294.149959361078 -8.60214340393269
295320 36667.7293425306 19014.130236704 15876.9559931573 1979.02983077304 1.00563957353981 -0.0272820008697906 32649.6749829701 39989.8647662629 -125.687157767815 -8.43131291671282
295360 36521.8502662688 18950.6379387075 15757.2178281634 2005.57573236474 1.00228152525228 -0.0292918040244155 32993.5278019407 42682.3514999188 48.9355468973053 -8.67547132327432
295400 36726.5356028894 18981.5150978385 15914.3864663375 2011.43631790436 1.00391458933431 -0.0300001796671793 33571.2757020936 42944.8524934706 341.415948192152 -8.77034011308723
295440 36753.0239285188 18966.8837529615 15956.6511278853 2012.13183652763 1.00314075118136 -0.0287468930242118 32889.9528782597 41777.5462216157 205.404651500303 -8.59687508075169
295480 36604.8844457081 18896.6976947689 15920.4657469211 1985.38125055588 0.999428676174475 -0.0291301921305426 32478.1751591886 42195.3236411538 731.777773163577 -8.66930866052784
295520 36752.2824746331 19067.4110732826 15904.1840601499 1984.54606178251 1.00845754717877 -0.0296173133931384 32565.2439513111 43335.6026156837 277.880568498396 -8.73241063463866
295560 36490.9873971162 18912.8440349877 15768.06799473 2007.01350129788 1.00028264101482 -0.0281219004402826 32896.7009666605 41846.1690326468 -918.03875706052 -8.52339375966882
295600 36573.4500063062 18873.4520210242 15860.0672505911 2036.85748824789 0.998199234220505 -0.0302423940327595 33202.3232104368 43602.625551471 426.181463145815 -8.7845549049535
295640 36700.8443779489 19030.2763226297 15836.3307835897 1998.35713247902 1.00649352493083 -0.0286601436613173 32661.118627969 41927.4351736505 33.6555458270258 -8.63319178308438
295680 36607.6344521021 18963.0426127357 15798.6721753431 2023.19281296804 1.00293759686557 -0.0296028452300093 32943.4824304669 42293.7243916569 962.996505122461 -8.75040233818735
295720 36618.0956342205 18832.611538488 15929.1861858785 2014.47424186574 0.996039219277429 -0.0314406376645152 34521.1316292131 43639.6181032174 906.487121883871 -8.94006223433958
295760 36689.5901645238 18966.2743418492 15940.6813646993 1977.18690294554 1.00310851999731 -0.0306714289196158 34263.6887779964 42778.3609491137 736.005007005153 -8.8717407668069
295800 36654.7711162079 18946.7937776373 15867.3617783624 2027.48893604634 1.00207821116686 -0.0298976159998412 33572.8039261338 42879.9856674011 216.750289099548 -8.78306331926761
295840 36654.254994721 18873.5826127295 15927.1307951578 1997.48591744979 0.998206141093718 -0.0306689075161696 33002.7288247729 43809.1634623207 1094.11973425972 -8.86464320245354
295880 36770.2927106303 19065.9792394976 15888.0973191325 1995.35401278146 1.00838181882838 -0.0288913091594392 33511.3881144089 41617.1102871861 -135.865231171521 -8.64050971209247
295920 36577.9583035771 18948.825678881 15834.8519019554 1991.93150107269 1.00218567652418 -0.0307295218005035 34770.4161332607 42790.8113792015 450.993603612914 -8.89759793003396
295960 36436.2527753756 18848.9620874324 15765.2607216528 1976.96188544408 0.996903984526371 -0.0299694945304559 32925.908185937 43696.6270470468 180.564972388304 -8.81013984621789
296000 36532.7696486195 18869.1531989521 15861.8080859291 1977.77392523959 0.99797187353971 -0.0287261669029524 32417.5863506044 42431.6772706877 -87.1735165222648 -8.62511393306074
296040 36509.8025366298 18835.0130105634 15862.0017196217 1974.70728735116 0.996166230890568 -0.0303365093918073 33729.3586429232 41897.708473033 1632.12937748986 -8.83060978734716
296080 36435.7064667143 18860.7070383575 15757.7612539144 1981.75948961834 0.997525164001454 -0.0304865862583783 35379.053510359 41484.831243184 723.725923445114 -8.86100705666789
296120 36630.2925193132 18963.4699679627 15865.7206022511 1972.20424489996 1.00296019928403 -0.0313507667739076 33930.1385418448 44267.8920043018 820.756147748155 -8.96023769138155
296160 36562.0500870199 18881.4375636179 15886.913848043 1961.70523554398 0.99862158210329 -0.0292868800826362 32153.282214808 42815.6980258486 730.590486163807 -8.70114594361146
296200 36644.1703428213 18955.6767507844 15860.7621864588 2001.50936701896 1.00254802331268 -0.0300515724286335 32867.1377469896 43635.2537987383 386.883584681002 -8.78197969576204
296240 36306.9658207236 18764.2718722621 15747.0324187675 1964.70766738526 0.992424798215633 -0.0296835129206185 32979.6031734851 42927.4562899391 378.942435991645 -8.69605614220943
296280 36639.9695136513 18959.4341551389 15964.2970309839 1925.55047393414 1.00274674891651 -0.0287162305402864 33183.5552237917 41984.9849799955 -409.21849368547 -8.62488675647302
296320 36643.6845638384 18961.9782689285 15898.1392162793 1985.20818978438 1.00288130471657 -0.0277584894810947 32782.9451260105 41199.3184353962 -668.001495810247 -8.50286270718753
296360 36580.048237213 18914.6952005385 15862.1403247335 2000.17914164419 1.00038054743031 -0.030053963844172 33096.8979994451 44018.7657723128 -188.976649467899 -8.76937816436925
296400 36626.5500367956 18876.1433157121 15943.468417805 1999.25103080239 0.99834157428069 -0.0293627043543055 33208.2230060968 41891.3965942905 722.580038139347 -8.68157279689278
296440 36663.4853661048 18920.5087541708 15962.085882608 1970.83416055956 1.00068802084732 -0.0294913247108767 33582.8868555874 41907.0027639323 464.021835846794 -8.68208386146687
296480 36642.1564670434 18976.5954386587 15883.2116091721 1975.39103324199 1.00365439315926 -0.0291896861701837 31889.6936666874 42954.5706189494 719.408561133587 -8.69922706903938
296520 36565.7941709128 18839.6222468787 15876.6332198946 2025.45530664249 0.996410009090503 -0.0302945340564083 32594.8283994431 43316.3975462616 1385.96662066537 -8.85565909003639
296560 36627.0845440369 18935.9228332139 15835.9511906985 2027.87925789763 1.00150325707861 -0.0298175079063851 33158.1816376448 42706.4653063599 574.638533046848 -8.79319641572652
296600 36627.3713250419 18936.4635297842 15846.6303458676 2008.0875931949 1.00153185401477 -0.0289382581316251 33228.8580514908 41483.8743365139 494.107724268568 -8.69177415189186
296640 36654.2456677287 18916.9207366811 15904.1435731655 2009.46414606092 1.00049825395642 -0.0316661546060013 34605.3607895488 44030.9082756627 764.265887579157 -9.00062864807372
296680 36576.1609743893 18895.3993304827 15889.4951118987 1987.34610450958 0.999360006901107 -0.0281725809094005 32583.1885072361 41463.9439683601 -158.251778611609 -8.54613323293538
296720 36631.2932441589 18964.1283745888 15840.2580746791 2004.88169052025 1.00299502179499 -0.0307673031688214 34166.7041369796 43452.6181025718 383.175918308365 -8.88503423464162
296760 36579.3269363046 18917.9407115288 15853.4512985433 2019.07444378045 1.00055219947263 -0.0301810029943833 33403.5135155791 43180.0643137854 487.843586211403 -8.79111355301016
296800 36523.8091201914 18910.7689863928 15903.7576560268 1937.35478739309 1.00017289363442 -0.0298478652071974 33729.5389917666 42703.6185584132 292.036902741259 -8.77725116785698
296840 36643.3191405452 18940.425399586 15938.8729743844 1961.89434168777 1.00174139360497 -0.0286754955856995 33429.3571427148 41597.9635483665 -231.137810557094 -8.63113412853187
296880 36516.3707199826 18874.8991697879 15900.5570650047 1943.01661086527 0.998275772565801 -0.0299221538490775 33410.0113220226 43398.8004869003 -100.773725363496 -8.72970783433458
296920 36875.8881841151 19099.2169382531 15984.6106946632 1988.64318984319 1.01013972964448 -0.0294712939142661 34003.7448025532 41693.3425589011 370.795806580962 -8.73721761520928
296960 36760.8287089601 18990.2787574416 15956.2336836249 2038.59222145627 1.00437809109833 -0.0277021505903327 32025.3511148769 41743.5532237882 -648.446301103738 -8.49244641200311
297000 36623.6018298001 18926.6131645356 15837.893241179 2048.32650319531 1.00101087740503 -0.0276434366321309 31035.0382788039 42245.8271404188 -139.462707311195 -8.48324079537605
297040 36593.9342890931 18886.8823853319 15854.5448123161 2010.06390657932 0.998909553633843 -0.0289176809556919 32831.280010388 42291.282707616 -56.9468747670941 -8.6171648405013
297080 36624.2065228782 18958.7681126554 15853.4798359614 2011.45859910541 1.00271152255218 -0.0265297003010975 31560.4433687615 40539.1400819214 -608.511366779169 -8.31247054823055
297120 36469.9211511411 18792.6121630929 15840.9119018886 2031.79428370594 0.993923689704768 -0.029788441584914 33400.7454374749 42397.6905855211 665.140332218455 -8.72371816354352
297160 36646.4284068589 18927.295595243 15879.8419899334 2013.53119258845 1.0010469705272 -0.0290667982044062 32536.3896092621 42623.1702181557 117.477791313459 -8.59806441590746
297200 36594.0939295547 18947.2887853669 15807.7856679841 2019.6765992183 1.00210439166293 -0.0300756045170002 33227.4158238761 43613.5352293065 86.8466910336307 -8.75391971083448
297240 36555.0392019132 18867.6816088747 15896.5836847275 1992.55781831994 0.99789404251618 -0.0289307498605294 32462.2872226437 43025.0653552786 -382.965847579724 -8.55697297317946
297280 36581.2365600664 18914.5337408268 15815.0694471714 2059.49267447915 1.00037200797709 -0.0286421156586875 32552.2054980488 42222.8499368033 85.1243171948988 -8.59750015771108
297320 36610.9859641525 18930.1866938159 15859.4720977019 2047.16789300464 1.00119987802808 -0.030882074399001 33415.2641301452 43879.3814839956 938.784082011736 -8.86452018799596
297360 36478.7548120476 18808.9392887927 15872.4741001936 2023.16036370085 0.994787216120202 -0.0313545828847322 34714.215843231 43256.1833752061 1090.17125417446 -8.91691610999663
297400 36613.3570627804 18927.518158462 15908.3987843297 2001.65019738452 1.0010587416878 -0.0281373515250219 32385.0654892059 41273.0615569874 116.701687781179 -8.52215247011111
297440 36673.529783941 18972.515198566 15864.8793812983 2029.94275170638 1.00343859307502 -0.0286807632607089 32117.1922790574 42505.5446722946 195.540994750402 -8.61274814215058
297480 36513.1970376827 18846.2920835068 15854.0467578149 2005.17181201912 0.996762770514704 -0.0288465965577688 33077.662761015 41867.5956812063 89.3665317446074 -8.60400808982774
297520 36769.4761792904 19010.8248518257 15889.604580602 2042.70296698644 1.00546475482352 -0.0274724820853331 31852.385651945 41345.412718775 -279.813648870798 -8.48550314986657
297560 36728.5271190412 18883.5426330119 15972.2051634281 2020.69518829263 0.998732917255687 -0.0294680561069084 34379.0199142985 41619.7515644849 -130.958036698478 -8.68273228013512
297600 36632.1236975755 18944.8711701142 15832.2849802221 2036.18811933703 1.00197652625224 -0.0280263434774157 32108.5928532658 41033.6142640113 463.310984811965 -8.5240246174723
297640 36761.7853391346 19061.2290126995 15890.6860329441 2005.36822242553 1.00813058377361 -0.0310342918769651 33948.8864610075 44249.7287310993 207.688404862284 -8.91398131642483
297680 36645.1161622533 19061.6896813519 15747.9630076097 2013.61741066073 1.00815494810799 -0.0277781033321865 31876.4130464857 41682.3669518817 -305.003953203392 -8.49101156488429
297720 36503.0218597188 18907.2556264707 15774.322316231 2006.34078759194 0.99998707531248 -0.0269952505162309 31829.2452041487 40810.3043795645 -547.95749436538 -8.36770088856572
297760 36570.300100559 18802.5493075243 15930.9709414883 2042.19040486808 0.99444925598436 -0.0290430445336277 34112.692932798 41562.9506201227 -366.97449061584 -8.65344324425671
297800 36542.2810769366 18968.4658226396 15738.710707775 2036.7950990751 1.00322442536769 -0.0304669241784233 33760.1913916445 43416.1505656538 372.838210792644 -8.81950332267853
297840 36485.1978716207 18901.7722274573 15780.03970699 2020.76518893539 0.999697063464622 -0.0281980278278035 33278.9591858331 40669.5196917429 35.8576976548999 -8.56501805469202
297880 36618.839744896 18944.5960232354 15861.0160441391 2022.93652729352 1.00196197399103 -0.0290227913256425 33280.3796055002 41993.4390993163 29.6903627020704 -8.70361105581082
297920 36466.7625843438 18887.7901995787 15781.3345689367 1986.73387105075 0.99895756708072 -0.0305669447873446 33112.5520035658 43971.358081434 588.597898427254 -8.83414289188874
297960 36457.4808088175 18845.7793567241 15837.7955700473 2008.56033046943 0.996735652874471 -0.0287165647460732 33108.0185104282 41626.0042767371 120.368989012391 -8.62650268146669
298000 36448.2890742216 18827.9947163882 15823.2694394933 2022.92804374971 0.99579503987244 -0.0276159608003247 30702.5734135177 41746.6606753225 540.834760854546 -8.39986136844263
298040 36570.7005917156 18881.9257665078 15918.5806706478 2004.84973959706 0.998647402697755 -0.0263439632121226 31106.0405563692 40573.4818357243 -606.706493283176 -8.30418634858611
298080 36505.407907006 18778.6381599486 15924.0079143951 2018.25721462672 0.993184617741561 -0.0297969736906166 32912.324649321 43018.0870072286 671.963061155626 -8.74043683275639
298120 36505.2270984143 18931.447593975 15785.238604286 1993.37275099897 1.00126656585879 -0.029378795096158 33536.631096622 42408.5019271281 89.6132497234071 -8.71370960241079
298160 36486.3196621472 18837.3221308835 15802.6156197893 2047.20869046626 0.996288358105701 -0.0299136671110706 33178.7039397751 43408.122267443 152.886534766874 -8.74223293592002
298200 36611.7528248985 18917.3855470846 15872.482097652 2033.2363394807 1.00052283734415 -0.0288674494099074 33567.4144941241 41245.4665795726 296.944471328144 -8.61207168337536
298240 36824.4688421823 18989.3025943863 16000.5557789745 2026.07609387195 1.00432646274686 -0.0280471148953737 32156.2537563698 41623.7712917721 -40.075102577358 -8.53153768996958
298280 36464.5064528426 18810.8838772212 15843.1934367863 2039.55731390126 0.994890063584356 -0.030795910713652 33769.5026383746 43563.0967351799 696.135477518614 -8.82972905598919
298320 36481.7535013842 18847.4689732029 15895.8451691369 1977.2195218873 0.996825015110558 -0.0286434671954642 32996.9436056554 41561.949263747 127.33920806375 -8.58105428382936
298360 36537.670466527 18932.9590119168 15830.0564886378 1977.74742303311 1.00134650334083 -0.0300191666307636 33501.6629724417 42860.3917095983 566.548777621631 -8.82584633946184
298400 36488.2087979241 18970.4352654153 15765.7555982528 1978.6562871795 1.00332858735504 -0.0289605468316891 33202.5802025512 41773.6878580993 213.745311225497 -8.66989609132408
298440 36571.6810177017 18884.9928720144 15857.2045312284 2014.6479303748 0.998809619040824 -0.0303934530466024 33555.008913179 43438.9752315746 523.363579904993 -8.85270675151908
298480 36455.5099981941 18862.7714447029 15785.8655248041 2013.79232358978 0.997634348523225 -0.0300622018670781 33962.2121331521 42876.1633184522 124.739873699118 -8.7959336095534
298520 36623.769993764 18967.5457241765 15878.1194955865 1975.91337527445 1.0031757622201 -0.0288613536868443 33688.9668351204 41525.5192054195 -131.864892221918 -8.69441031791398
298560 36560.1914818457 18928.1876759573 15857.8372810227 2005.62109390925 1.00109415184225 -0.0297886430223106 33193.6778878237 43082.1351349446 308.141155251178 -8.79311355843939
298600 36579.1031803239 18887.7730995636 15864.3936015282 2031.52838882789 0.998956662676905 -0.0306651945461844 34074.0792527665 43437.0516068245 374.056344009717 -8.8928438826272
298640 36512.5002030374 18820.4288215659 15882.3608655204 2006.55133001285 0.995394886767998 -0.0297228524537264 32632.5705804787 43046.571264674 743.252205718208 -8.71915620044571
298680 36475.2561639217 18870.3993329348 15816.8558865498 1982.52437380319 0.998037780401152 -0.0310965837112081 34484.6154303188 43992.4903119646 94.9155617329965 -8.87678635498147
298720 36337.3648915961 18838.5840443275 15740.8428473961 1960.14313150511 0.996355099528097 -0.0284290490899728 32970.7483271518 40944.161561085 437.405130074539 -8.52192940749715
298760 36565.9235293853 18922.141794876 15880.8883569312 1989.1304906607 1.00077439084364 -0.0296881396924523 33726.8186860861 42656.8367714341 42.263917127357 -8.75679022177693
298800 36593.2800395976 18927.3648194477 15880.9157586051 1983.44119140011 1.00105063173067 -0.0279956608770116 31378.1549447191 42251.4360372269 99.4958476777436 -8.53244531259687
298840 36514.7005555088 18907.3405645788 15839.1166634369 1985.43241735858 0.999991567609616 -0.0312254210611317 34124.9329707177 43612.1628877455 1079.56876369039 -8.96894476871957
298880 36579.2435469736 18991.3771951174 15853.5229081741 1950.60438818279 1.00443618644016 -0.0288967262965208 33540.1817002695 41817.8811820346 -257.836446404344 -8.67870319198521
298920 36611.2629878278 18967.9301765216 15814.5869841828 2023.61537850599 1.00319609554524 -0.029738752765896 33525.8456978019 42273.1712716988 648.303261339328 -8.76934274318659
298960 36545.3022785939 18976.1480852723 15804.7906709731 1963.79640958782 1.00363073305684 -0.0301500070409345 33497.1699241089 43210.0666124681 277.362272220982 -8.80868601850825
299000 36616.6378011656 18878.7055340936 15918.6003905076 2010.31617277518 0.998477087615689 -0.028772366591053 32502.4289869282 41776.9284473723 663.892556838302 -8.62676936916321
299040 36380.2029173321 18790.6759218125 15757.0958750882 2022.54102693048 0.993821283713473 -0.0295656043961005 32972.2974976346 42772.2676608649 350.974033577391 -8.67493270900721
299080 36673.605238942 18959.0894657969 15861.6486888707 2019.21632782446 1.00272851861943 -0.0284294533487883 32794.41784266 41393.4139155037 264.617625513402 -8.59074626528416
299120 36752.2423509456 18947.8016676687 16003.7505342508 2026.13762202684 1.00213151752843 -0.0301292720988412 33743.4731646671 43292.1206587789 30.0348323924462 -8.78872630407341
299160 36631.3887057211 18897.0246065627 15880.812178162 2057.21007355159 0.999445966233649 -0.0272262182720933 32683.7739018643 40562.9324007887 -842.99103043384 -8.3697345015072
299200 36849.6269634007 19151.4150470366 15830.0070674545 2013.26622985481 1.01290043882251 -0.0279342836563015 32357.337008735 41533.718049218 -335.411226724656 -8.54019148209516
299240 36476.835846861 18852.9587339969 15788.0665601383 2026.35216372379 0.997115363427049 -0.0279478430323773 32361.6873937415 41250.5457908978 -48.6907646818416 -8.51915156489699
299280 36485.6896221231 18920.7438749984 15780.0746165742 1993.84743248493 1.0007004561681 -0.0303674894950245 34750.4042148124 42699.9256447189 -56.3142643801537 -8.83874562110778
299320 36585.1192965507 18997.9398034474 15766.0461530332 2005.07919630549 1.00478327665992 -0.0273506025223452 32111.9918794104 41328.6134149743 -709.71230604425 -8.44601713704362
299360 36653.8289573978 18936.0963461341 15889.6026442302 2018.05526003835 1.00151243401476 -0.0291500587620443 32928.5564430603 41962.8199771422 551.264426823279 -8.66142002215572
299400 36449.5422996619 18820.0081788317 15843.1380378008 2004.6211362857 0.995372639367007 -0.0310867357227462 33804.1407683065 44036.6613131819 661.359583529552 -8.87411924338922
299440 36618.3900613147 18985.8688193274 15887.0481081156 1966.40722408203 1.00414485359394 -0.0283763361056157 32527.357701577 41510.4215797619 265.683230743004 -8.60462233491835
299480 36689.748729796 18994.8835300706 15874.9462791657 1995.07826814257 1.00462163321807 -0.0282492350694076 32189.3488242353 41898.1379781373 68.5529161791075 -8.61909879839155
299520 36603.0163913505 18932.7910093086 15870.1891714774 2011.95002636552 1.00133761783994 -0.0296260205214561 33827.2671148591 41830.8066503683 524.336018704443 -8.73221768937375
299560 36547.1831779209 18894.5562553633 15836.7703305416 2001.02780634186 0.999315417446162 -0.0279399013928049 32581.6538410613 41585.1807555749 -499.340326850666 -8.51844299025497
299600 36392.9203794109 18805.0244822616 15825.2157497131 1981.00547902393 0.994580165662386 -0.027594285719706 32093.3018432118 41113.6457577717 -95.4159406232642 -8.44739315811263
299640 36489.4162034471 18916.8389001717 15786.5383665812 2009.46394121187 1.00049392569994 -0.0290802702502877 34449.2884342537 40869.3796321298 57.6336107370128 -8.65758673231627
299680 36358.5825226991 18705.376631938 15883.6903194504 2011.91462508504 0.989309884011003 -0.0286746921186303 33306.0838873688 40921.7437421709 570.153043476581 -8.588295344267
299720 36596.1800455817 19014.1916892537 15802.1912724375 2001.42436486974 1.00564282370772 -0.0286187705579598 32624.9878939579 41894.3964788817 152.778982627389 -8.64151824287779
299760 36568.3754338914 18931.9574024645 15880.5744799172 1978.3433138254 1.00129352915322 -0.0296724096375145 33431.5265650206 42901.701581117 95.4662726430284 -8.75987822861311
299800 36713.8942363403 19063.0974679607 15907.4511387986 1981.82750785234 1.00822940462571 -0.0300655542682669 33450.2989333076 43237.5713477083 212.172524845604 -8.79957356199707
299840 36512.8417363457 18949.6458442728 15794.0954099 2007.93195325114 1.00222905430505 -0.0290869194813339 33479.5964895781 42007.5657539707 -71.6723335378767 -8.63640318642332
299880 36451.799494624 18832.6753812889 15870.003908197 1979.19451342392 0.996042595863486 -0.0291642077681467 32605.3534113011 42924.2964688849 36.8661027082248 -8.62452481732567
299920 36317.4080748619 18782.8416838909 15773.6388590704 1976.98592855282 0.993406938193355 -0.0283540402296779 33449.5635608169 40959.5386322662 -92.276581519333 -8.50616739546845
299960 36379.7734308286 18832.7418721869 15793.5680426869 1956.51199067065 0.996046112504925 -0.0262516431529041 31455.6151752906 40531.9003019151 -1024.68978181405 -8.25858339250919
300000 36518.5386351709 18990.7607579816 15757.8095107295 1973.7157456788 1.00440358365631 -0.0278744328723684 31702.0826000372 41737.0545139511 40.1736781505765 -8.47350160052901
300040 36361.9324728579 18872.5081566983 15769.9630451533 1974.90414611183 0.998149314118645 -0.0270152061544637 32360.2927002321 40146.4255529521 -423.885235939099 -8.36383685449025
300080 36533.2907740966 18894.3491905816 15877.009856028 1983.37289134607 0.999304465983423 -0.0283383848046789 31962.6811964748 42277.4499744815 18.8491909782436 -8.58256388500497
300120 36463.1631566179 18864.7280503845 15849.5228752658 1977.41509060326 0.997737831568664 -0.0300502090442881 32409.032872253 43386.4368591358 1077.22394294692 -8.80192541464702
300160 36487.5715114205 18921.422670134 15908.5625507867 1912.01416563195 1.00073635700828 -0.0295257723238087 33193.1902637395 42198.3944243999 788.365364965234 -8.7587840588205
300200 36376.7462468795 18823.1285735266 15837.9993790688 1972.70312378071 0.995537674125432 -0.0286412018073131 32278.8784129427 42804.8987328217 -380.906284048962 -8.55610759549009
300240 36639.122036988 18971.4217173726 15857.614075125 2013.42069422801 1.00338075987691 -0.0283724307568195 32205.2931708068 41898.0339549803 184.019668828679 -8.5818265976097
300280 36363.6358221911 18763.7928721234 15844.0149264323 1984.47458374775 0.992399464346077 -0.0288127268743663 33298.8164415729 42386.7463195571 -629.314737749016 -8.617147516745
300320 36501.5327043096 18897.0000515123 15827.0325766927 1994.91578837904 0.999444667539989 -0.0295983236910968 33812.518416094 42645.5088103287 -256.687337455952 -8.71598999219328
300360 36598.5558274435 18937.3895401802 15865.0701803788 2005.74184326247 1.00158082983896 -0.0295808378059542 32227.3215008341 43811.8459300549 88.6970042792311 -8.70127836019364
300400 36621.2062276579 18941.0302306716 15895.8946071805 2009.68824562363 1.00177338255568 -0.0284625244466745 33063.8837374133 41328.3940200351 -48.2102524749455 -8.56521649037766
300440 36628.4576956393 18952.0463219592 15924.0889060749 2007.21747747392 1.00235601332588 -0.0297572173365463 33572.7763615707 43404.6092982795 -494.748214815072 -8.76876643700246
300480 36430.9823020205 18816.607090604 15858.8093450785 2016.4828946793 0.995192758990031 -0.0286106495692341 32195.4555164803 42275.0656429641 290.667174511719 -8.60353947166607
300520 36628.0056585913 18980.7492174502 15924.0744569731 1967.37022042979 1.00387408263653 -0.0280200222146912 31534.4094506022 42243.8343285266 -39.8386204625523 -8.51873776686801
300560 36484.5413215366 18850.1569272965 15886.1892749798 1966.74658522884 0.99696717848983 -0.0270450009207478 31213.1423438065 40857.3971488031 100.707289142686 -8.37240808489116
300600 36538.7578184975 18965.5382068464 15838.8147482009 1990.77206244789 1.00306958650516 -0.0287915978863589 32020.6818221944 42768.8221609761 40.2554207113741 -8.60473000805015
300640 36694.0366245551 19002.6509155236 15888.0332599893 2008.55457683048 1.00503244297361 -0.0280528581132807 32575.9553516973 41093.3333774719 65.0393380943653 -8.53415527725534
300680 36555.2811017339 18866.0907979417 15888.7721437041 2022.38789225046 0.997809906013048 -0.0289694850834878 32708.3148554698 42596.3338020601 -121.735873788286 -8.62597682773646
300720 36644.474470477 18947.7402518495 15894.5389913584 2008.88032343652 1.00212826930316 -0.0284627511155844 33236.8122439026 41061.6118089675 155.849364644229 -8.60255231998491
300760 36404.2536191431 18767.8227763456 15864.9494459419 2004.51194889509 0.992612602213173 -0.0291493855662562 32705.756056812 41960.0512376393 858.463466401201 -8.6210711117599
300800 36572.6225202195 18967.5228563766 15817.4184644666 2023.88326902195 1.00317455276354 -0.0287619269148029 32561.9202448041 42114.6361381399 213.315275976017 -8.57976796409999
300840 36437.4462943009 18900.8633915895 15790.8723725017 1987.91207851941 0.999648995985165 -0.0291022153369689 32879.0607321582 42059.1962710181 457.388762044956 -8.64564881689206
300880 36580.103938142 19020.4377962392 15770.934879423 1991.09291850796 1.00597317446723 -0.0299522688290091 32327.2998118851 43789.2729000033 604.707486586331 -8.77523600471818
300920 36629.0739221089 18925.3963044191 15944.8089015443 1983.63728024158 1.000946518811 -0.0284556145946539 32777.3960649017 41943.7298637556 -334.676993640463 -8.60028400282887
300960 36584.8069533796 18952.8046433275 15890.3801223555 1959.4982912598 1.00239612023417 -0.0299014115063121 34131.2938612563 41937.7938189252 604.27867835092 -8.75393314576442
301000 36488.3089562962 18896.0914067581 15858.4065719031 1995.50256852663 0.999396610168351 -0.0295436394716089 33255.135338988 42278.525919295 704.991578555778 -8.7769035987555
301040 36530.9027355126 18953.1371220188 15825.0684812817 1986.44940391146 1.00241370472135 -0.0307335399714929 34515.0274151053 42819.4195157046 695.10657151775 -8.90579739644833
301080 36491.7377830403 18961.1296253561 15780.0894990585 1998.10302387307 1.00283642075135 -0.0282898683795199 32324.7770415442 42331.4006663169 -355.615532938595 -8.55883129845677
301120 36585.7469896454 18930.6222778091 15919.315782988 1983.2560637528 1.00122291565829 -0.0286163917296307 32111.6085771718 42691.769744513 -129.415313892728 -8.6259155186229
301160 36490.7720833988 18878.6610158686 15892.6256904989 1962.58170957974 0.998474733088381 -0.0299536330246854 33880.3574033965 42583.4873293272 347.033527339177 -8.80574612015095
301200 36528.3325629884 18838.0555344638 15935.7507413043 1996.94288452758 0.996327147135464 -0.0290064975346464 32930.5148707686 41585.560059053 647.999570286458 -8.65158445892779
301240 36506.3457755514 18903.4879874172 15833.5988647985 1983.94332601019 0.999787808404981 -0.0296618281696487 33526.7995570527 42450.5885998667 339.399878512156 -8.75705423583568
301280 36546.6094693179 18892.1362891339 15825.2465239933 2041.04721812967 0.999187427694506 -0.0281275980156463 32238.7284355193 41805.754834278 -199.762115890906 -8.52679471731374
301320 36625.994247779 19031.376555886 15796.2114216842 1995.39766621284 1.00655171523924 -0.0290766004521955 33215.2496488346 42458.6603014897 -322.281601957078 -8.62739966001892
301360 36481.5902935998 18888.4407407593 15801.6113542856 1990.23163166205 0.998991973595625 -0.0285924305402755 32295.7212382635 42383.7354616814 -28.9195773758888 -8.62167719528393
301400 36476.9759649742 18843.2816591395 15786.5311605083 2012.99751640542 0.996603551984108 -0.028694845647112 32977.0027436506 41659.2532134305 175.169063698996 -8.6271130876929
301440 36545.3236668138 18889.5190643259 15802.203066258 2035.91347450122 0.999049005121032 -0.0273589649761146 31501.6592444134 41521.4536979429 -293.536615541424 -8.44679358423196
301480 36642.5024279957 18961.1726684359 15871.2436392146 2009.43457446647 1.0028386972596 -0.0290339229965303 32647.8187166903 42694.6143877097 -152.23995877889 -8.65434680570062
301520 36485.4504726589 18859.7639548811 15807.1138994493 2007.24776420919 0.997475285197995 -0.0274642342047843 31834.786256898 41072.0608214034 -146.76834513822 -8.41200944778919
301560 36497.232465829 18925.6648795425 15780.6071397897 1987.80698650503 1.00096072349822 -0.0284234680759844 31922.8023489606 41968.4118558547 443.917618039533 -8.57343195537935
301600 36555.3003558001 18927.3051963194 15835.4032730535 1976.55310623806 1.00104747831915 -0.0287158473424878 32614.3008184639 42029.8491462015 233.114218567758 -8.63067570315101
301640 36553.4440163094 18904.1789063756 15820.1603863537 2012.87567603891 0.999824350462813 -0.0295360219695473 33286.9050156609 42733.2614579364 -13.5035464397281 -8.69762607670611
301680 36537.8647093961 18900.1769049538 15867.8598135033 1959.19639670831 0.999612688348741 -0.0282585612107912 32739.8808261184 41519.8595762698 -242.45222903822 -8.52569366148238
301720 36586.0950882679 18881.9277024522 15901.9367196796 2011.93038846384 0.998647505088043 -0.0286959967071958 31877.9219514165 42980.8804012005 -81.6595184722991 -8.60037325457121
301760 36617.1837025667 18964.9078735463 15850.2692369081 1976.07488227814 1.00303624876616 -0.0288615627609866 32910.671132112 42285.450622332 -73.3960138430232 -8.65737806695191
301800 36668.029190206 19015.9790759631 15887.4323457158 1971.41442047973 1.00573735691991 -0.0278530970295917 31797.4008074809 41348.6995960342 262.442149262613 -8.47411337292278
301840 36646.3748733624 18965.522304941 15922.7062581165 1938.03075291601 1.00306874546825 -0.028498917499735 32914.7800163424 41453.3257171254 133.767169071771 -8.55706456738671
301880 36560.6454429059 19014.4706643524 15816.6144991592 1961.5931233964 1.0056575784399 -0.0287728040722046 32013.3551033726 42357.8673022154 603.084038727455 -8.63178093807038
301920 36584.356206372 19005.4716897638 15755.4238779013 1993.15765660673 1.00518163108628 -0.0283105414925917 32736.7124369972 41542.2217641336 -142.736569433579 -8.54068634508358
301960 36672.9482507838 18954.1363423884 15872.3745364942 2026.46912875104 1.00246655255261 -0.0290091155187839 32487.9607701995 42335.556744117 516.617345706606 -8.68018854722561
302000 36536.8760057988 18904.5815969859 15849.7081699374 1974.93305625273 0.999845648392746 -0.0297150079873208 32625.4750775928 43654.7162603246 194.040607177668 -8.72672619101389
302040 36593.9448428918 18997.3762941715 15838.6797633218 1961.31111605934 1.00475347318109 -0.0277143003263411 31480.650216982 41947.4903887539 -150.740916717123 -8.49419157969224
302080 36664.3843800192 19072.8493435098 15814.9187448225 1962.97945319016 1.00874517220732 -0.0298803004308323 34126.7613550047 41812.5796204321 716.537350208466 -8.79755056900891
302120 36564.3346913137 18851.0634936611 15887.167858501 1991.75633709675 0.997015125937382 -0.0296107402146116 31911.0258702599 43413.735464928 839.21268383963 -8.68658547593639
302160 36455.4693616088 18773.3544965399 15890.0940749734 1975.85202053693 0.99290516972312 -0.0300288087331933 33552.8891397324 42958.8239412445 304.906594518712 -8.73030965945031
302200 36588.8931338283 18949.5300290563 15870.8699577813 1979.54590341889 1.00222292894652 -0.0276378534251829 31533.474921136 42007.8350925121 -489.032209843145 -8.46770581662531
302240 36499.0673076158 18903.9148301505 15786.0364475835 2011.07204846674 0.99981038371813 -0.0314419459064881 35086.1170240166 43630.3269186159 398.693654056554 -8.95664894751615
302280 36500.888737503 18922.5062385033 15750.5429739598 1997.71311893992 1.00079366592639 -0.028914622021323 32594.6539730311 42578.573536792 16.2791349285183 -8.6245288989219
302320 36576.3130441314 18892.2944590167 15855.6740010091 2020.71149728185 0.999195793151749 -0.028181127985946 31670.4753946213 41697.5852562095 480.936048463196 -8.5223649430368
302360 36588.5836274075 18944.0720556068 15833.870376383 2000.65784628277 1.00193426183297 -0.0305506546885315 33967.0181448654 43274.1234699002 385.115675938289 -8.85735577300473
302400 36565.6276349408 18904.2071699677 15874.504412003 2003.27124295218 0.999825845297774 -0.0272875035629571 30468.2134524089 42032.3482428881 44.8081620044626 -8.46460925641624
302440 36446.7550434768 18858.4593340609 15771.5274939841 2003.79246993568 0.997406285022391 -0.0295210087363609 33460.2083076532 42709.8246323534 -87.2153169356922 -8.74053437431626
302480 36435.2928731113 18846.832227572 15819.2159191507 1984.54929124933 0.996791338229378 -0.0295857761722324 33562.0816616956 42213.0337480729 334.254578495722 -8.74097289306706
302520 36558.8173615243 18822.7560971899 15931.0029500395 1992.77450175622 0.995517974200179 -0.0300584707597261 34055.4039140147 42739.617651218 185.209317467643 -8.79157118373393
302560 36558.8447098694 18961.1283857104 15836.857532673 1976.70606060123 1.00283635518765 -0.0269185464341079 31264.2567333285 40525.8817794362 199.233609999399 -8.40511307098047
302600 36460.7067721676 18887.8618945928 15827.357573655 1973.69099570485 0.998961358962995 -0.0266996184341177 30960.9866161982 40924.2399267046 -276.14320140441 -8.34784760106804
302640 36522.331244517 18888.3818962458 15876.1175844477 1944.59627979765 0.998988861364315 -0.0295943150738096 32621.2475682067 42875.3330611131 662.85788365145 -8.70332398799268
302680 36532.6245505363 18942.2841823306 15840.4533420316 1948.18289078856 1.00183970288672 -0.0289953961181546 33475.9404394497 41388.6541536817 353.384577640101 -8.67488419784043
302720 36648.0659625468 18840.2606337014 15963.4128546182 2035.08457007897 0.996443772772784 -0.0289040844450628 33532.979669394 40817.5739611071 718.147938255988 -8.62066863043676
302760 36652.5376324293 18915.8317115418 15943.1838550986 2002.63321046221 1.00044065643484 -0.0295008284816713 33069.1751607514 42628.6874221373 470.28320986829 -8.74555171519033
302800 36460.1526438116 18885.2130102431 15818.8601497332 1972.62303278055 0.998821261945954 -0.028274885394658 32092.1135911255 42237.3955997474 -224.973818311416 -8.51536148896902
302840 36689.9685484513 18964.9915498493 15893.953544531 1990.8781061669 1.00304067432761 -0.030663225117344 33259.2552070662 43659.3594462781 973.731804106736 -8.87820203470311
302880 36606.5733818813 18873.2536493307 15914.9246361421 1996.80063587978 0.998188742527079 -0.0300415416278384 33099.2351332988 42870.8284474684 997.417992997418 -8.79790428866813
302920 36789.1565386028 18987.4238460062 15936.4890222463 2004.97539145217 1.00422709750132 -0.0281230709714433 32438.2900950259 41121.859549549 314.182439210591 -8.55956841301316
302960 36733.2131188495 18993.6475329631 15884.0708905941 1985.86372561501 1.00455626248648 -0.0295793955722838 33379.5099853403 43091.8862569742 -304.190930266872 -8.71816710416744
303000 36767.5627019824 18999.7465962418 15935.4944382252 1984.72172964566 1.0048788362418 -0.0283985913804926 32625.7835815022 41151.6916547692 418.739656409431 -8.56519327123075
303040 36723.2319061638 18962.5606610065 15903.7305312865 2008.14660754892 1.00291210688914 -0.0292783822289831 32742.7736083943 42783.9577369573 237.872625268218 -8.7034992648247
303080 36631.1730404209 18919.7445631622 15887.2791730117 1998.63039573566 1.00064760349926 -0.0290464496703174 32509.4384979548 42457.79958516 310.032292525799 -8.62189866050595
303120 36663.9884468509 18983.4955608424 15847.4516008895 1995.0960289505 1.00401933417122 -0.0311048819209057 34403.2205208501 43228.7112032933 942.711419668731 -8.91293700084324
303160 36633.9060136623 18923.1429373444 15854.4104729654 1992.34186952552 1.0008273403329 -0.0289196743072784 32398.4992843147 42169.8723016714 517.305934435479 -8.64003970599805
303200 36596.8462011216 18839.4965001284 15940.062971941 1980.50624988692 0.996403358462431 -0.0301593718574268 32738.4938454551 43674.7802576944 579.257942415427 -8.75551997728323
303240 36731.2649054965 18936.5425672261 15922.0908196511 2013.48279820039 1.00153603423118 -0.0288242039815538 33188.0504552565 41222.1829921144 528.860657134677 -8.63063742116923
303280 36642.7538436338 18956.3950398489 15894.6093441149 1965.08060682498 1.00258601294983 -0.0281864967293659 32042.3530051317 42138.6598718988 -239.941504348156 -8.52165064863813
303320 36684.1323860856 18901.8985441053 15939.6993567939 2007.84543929203 0.999703744234051 -0.0295134728624568 33420.9289112314 42746.2414472504 -176.039614835849 -8.72961239706221
303360 36575.7321068293 18930.9490150835 15840.3432517433 1962.047991968 1.00124019648729 -0.0291502864915056 32317.7844202063 42840.8357389235 281.952169586302 -8.64466560150943
303400 36445.7883938676 18840.5511252793 15769.6330887378 2010.42743415236 0.996459136600783 -0.0301241155376134 34059.9694788514 42769.0106682479 156.529108393541 -8.7653020696037
303440 36465.4178211233 18872.7012262625 15782.1188199332 1987.32505286741 0.998159525387414 -0.030746540846224 34054.8486170104 43219.457889818 693.452896977205 -8.84906941051784
303480 36593.0993751935 18940.5652751616 15825.5831196156 1999.85558646129 1.00174879149341 -0.0294676150645266 33563.7546178134 41929.2849564741 472.86335124879 -8.73143372863167
303520 36604.1002572772 18888.0214576823 15916.4578786139 1977.51569824793 0.998969798105637 -0.0289859300539874 33091.6760085125 41985.8406451391 113.883060839092 -8.60578734002144
303560 36475.1617139236 18894.0386559139 15740.584020954 2003.7456227325 0.999288042095143 -0.0283391341703576 32358.2797562581 41699.9926406911 145.518276344459 -8.53296357949242
303600 36665.4672353297 18940.6683845165 15878.6269057522 1994.8969670293 1.0017542448508 -0.0284353841306822 32714.4892697494 41795.4113514865 -79.3789642374736 -8.58230631542049
303640 36522.207046762 18889.49334263 15860.985402789 1974.38554050998 0.999047644724579 -0.0299955708630091 34371.9750239235 41788.9252407948 621.664569674407 -8.76381917149063
303680 36505.7739057792 18795.0186668617 15885.7982661892 2011.74142740616 0.994050967439467 -0.0302149031748798 33324.3634854846 42911.153788951 929.694108972825 -8.77841866705805
303720 36577.9336203093 18873.6608857926 15886.4726620986 2012.84698355004 0.998210280882857 -0.0275364033364583 31495.3868872075 41595.7557594583 -187.845040707633 -8.46510342685892
303760 36447.8445590328 18775.8093907995 15853.7123739799 1985.14262181708 0.993035006785643 -0.0289857814819261 32841.7789606891 41671.3593438198 802.149650691208 -8.68031743033636
303800 36719.8412873578 18912.0049499504 15919.2814791514 2017.15760340291 1.00023826259158 -0.0297483446312059 32780.425090838 43249.0720613465 320.159069997232 -8.7371564686625
303840 36737.2846160681 18885.1421117772 15960.338560193 2045.74876601779 0.998817512192368 -0.0288257543865635 32433.1893308849 41977.4532364118 577.509237723385 -8.64538499936615
303880 36756.5504898748 18999.258370622 15863.0387920593 2067.1440231818 1.00485301444517 -0.02867411828024 32438.8214516903 41904.6238416546 432.402723483258 -8.63963999314179
303920 36606.0261227534 18896.3007949893 15838.595175599 2048.84608155177 0.99940768451616 -0.0264072569774415 31370.5213381513 39657.9606966655 207.699815786764 -8.31115386155218
303960 36512.0375488137 18964.5930660726 15707.2060201621 2002.66441633757 1.00301959889317 -0.0296544354658542 32317.3029430513 43026.2718003436 904.830921973391 -8.74160235168338
304000 36586.1433697231 18852.6875849326 15870.2724115605 2036.25107428003 0.997101022606509 -0.0290821974239556 32228.9584480056 42742.7798670857 352.517858100103 -8.635669545358
304040 36690.1922575509 18954.540530195 15932.4760174166 2004.83285271265 1.00248792966786 -0.0311768172192291 34365.1427944581 43669.2287479722 548.051108020178 -8.90122573271424
304080 36716.6816733645 19091.0483523842 15877.7589750014 1964.00975390103 1.00970770077399 -0.0279712728801985 30836.4926114177 42094.6400016315 669.882759183129 -8.51030443291735
304120 36452.7445925306 18838.466486035 15862.2828892419 1981.64884862256 0.996348881979904 -0.0300940470168099 33742.1151563688 42763.8416346748 397.861145344666 -8.77212245867611
304160 36480.9039541497 18820.5522007331 15847.2952047479 2003.75471398435 0.995401412176814 -0.0280177708489909 32215.183799988 41072.60587081 401.717024506069 -8.50032582599754
304200 36656.8060938081 19008.9365335243 15868.5379841542 1980.92241394993 1.00536488343378 -0.0297815292574163 33900.428459532 42770.7372595371 -197.627425225311 -8.72748925347204
304240 36460.8619520023 18800.0935214904 15889.4736427334 1983.95307346044 0.99431937175673 -0.0310307698181317 33973.6514088619 43342.5478939831 1199.53717604689 -8.92631961598135
304280 36586.6206624296 18912.7064113696 15900.1717778425 1977.81853762627 1.00027536223031 -0.0301419147567311 32540.7010208206 43625.0427876716 802.900537331055 -8.76700823465565
304320 36556.4419444587 18912.8391484712 15895.2678475133 1955.62802252607 1.00028238257153 -0.0283206853103098 32637.5041360101 41354.8858836953 138.416795415957 -8.54783937765317
304360 36548.8452433181 18942.9000836902 15873.9769301535 1945.13004169169 1.00187227733387 -0.0303602309427821 33824.2712072166 42865.2434244623 715.935556537755 -8.79697530683787
304400 36479.7879838917 18863.0257465991 15876.3238768584 1951.64934085434 0.997647798312792 -0.028659425508742 32358.8050410853 41912.001108575 473.198500128209 -8.58201809805005
304440 36565.4997851909 18923.410313538 15854.6617140095 1970.28123288159 1.00084148160984 -0.0284508867098328 32380.3552461503 41683.0681114078 277.554385928024 -8.60941001118411
304480 36533.2465752108 18918.3045929005 15824.5919390616 1990.76330814885 1.00057144481822 -0.0275097939400924 31652.0664679205 40871.991862103 426.561823728877 -8.48285123512625
304520 36582.6728000039 18911.3016271876 15867.0809487141 1996.5437454843 1.00020106450814 -0.031013050920257 34246.9291401146 43683.0916499024 590.741300764288 -8.93415069492055
304560 36524.2365306916 18913.4560819053 15806.1859336092 1982.89607246 1.00031501160414 -0.0279546814538959 32197.894123469 41284.8561303081 195.612551287117 -8.50610231367076
304600 36669.2264436349 19061.8739390756 15796.8845004262 2003.6717789067 1.00816469332675 -0.0285845642081928 32681.0957308936 41983.4537501084 -58.2234780778506 -8.60027502510961
304640 36527.44622593 18913.1402936998 15857.141633597 1963.37510514709 1.00029830986116 -0.0300154018552682 34087.8972201861 42808.1396548795 -8.70627571977078 -8.76941383488174
304680 36684.6391878087 19020.266459094 15897.311891839 1968.40529058393 1.00596411260579 -0.0280626240820691 32385.7355651425 41063.9738771794 281.815489450351 -8.5273402745432
304720 36525.4799905383 18864.6972845521 15862.3507186205 1999.21082530602 0.997736204392547 -0.0289162876396683 33773.7149175141 41086.1876079905 175.785699941805 -8.60948797234999
304760 36653.3363193085 18919.8176449452 15961.1417759489 1960.904852691 1.00065146872644 -0.0294875109899687 32601.9539339525 42575.3890646989 852.872635267963 -8.70379291006332
304800 36404.7821797238 18800.5787217146 15822.296969748 1992.49031568095 0.994345033543019 -0.031396761626671 34661.9093039157 43782.0943720539 528.878069152353 -8.96868774256609
304840 36674.967339533 18899.2986715837 15931.7228309374 2024.37485820238 0.999566239406782 -0.0299681781405308 32770.7640857019 43559.8646286795 395.501277226273 -8.77532118008027
304880 36627.4169997589 18950.2028306908 15830.6841340411 2018.04650960137 1.00225851279602 -0.0290625633120422 33003.7490410496 42503.6010009998 -106.347769229603 -8.66461434646086
304920 36696.666670494 18949.4843717611 15925.7031363027 2015.10136396513 1.00222051417486 -0.0287603995869187 33223.2584331401 41191.7583591567 495.148269322849 -8.62818349135413
304960 36793.0517988443 19008.4689037173 15922.8986512124 2001.93643013594 1.00534015093044 -0.0299569359854632 34016.6032301586 42258.1311076004 389.089354570195 -8.77488616614676
305000 36532.0377190554 18963.9737541068 15777.999852726 1958.22723770856 1.00298684406224 -0.0283040316032825 33835.0693319523 41178.9202411434 -792.263512080889 -8.56474477607399
305040 36452.2580415034 18854.3186106317 15822.9049007552 1950.85574146271 0.99718728603103 -0.0289511688533031 32302.0882832795 41740.2736898739 1083.67162425863 -8.60956219477354
305080 36579.7493878693 18899.8734147777 15862.7631891815 1975.56019357065 0.999596637037033 -0.0281335250711429 32344.8271032794 41815.7030397597 -306.755589816344 -8.52807185435836
305120 36663.9638079649 18951.472112185 15912.7008855629 1994.27191762719 1.00232564390771 -0.0305944222988504 34837.6456052792 42582.001887466 307.994931677842 -8.87946539210155
305160 36571.0635094407 18920.7498818565 15782.3199899224 2037.51236367641 1.00070077386521 -0.0279768574697536 32595.5639544268 41060.6079462145 22.7571503067328 -8.52199633421906
305200 36634.9312744614 18901.5200541011 15858.6401547832 2035.68112671875 0.999683726251548 -0.0292229717182148 33186.5948896211 42558.1781230992 -37.0806658714849 -8.69904846423837
305240 36515.2166180175 18867.668447765 15769.7547291882 2039.6964805773 0.997893346437392 -0.0295357823266317 33310.775380955 42267.9046043873 454.260231809835 -8.72047884712939
305280 36760.9384988263 19024.8897781454 15899.5535585512 2020.84880443177 1.00620863562848 -0.0271711014416589 32638.6965837375 39614.1217300077 136.249038493749 -8.42273972985971
305320 36625.9180248329 18946.8041819204 15890.8826491154 1983.98875540329 1.00207876143966 -0.0289456646112807 31792.3759508495 43932.8820801091 -396.650519034241 -8.68371351796665
305360 36503.0183060036 18898.7511274725 15816.1422583236 1999.75630665867 0.999537280310591 -0.030562120412114 33289.8171167885 43481.3655273615 814.387995641211 -8.81894033465755
305400 36644.115536636 18907.7760158462 15914.7149705423 2032.13030329314 1.00001459822008 -0.0296358653754604 33918.3483281332 42138.4474764083 196.725079147818 -8.71083802431249
305440 36703.7512507635 18968.6380621886 15908.9266443457 2055.07032187532 1.00323353495642 -0.0296590245404434 33549.8277960398 42433.2838673921 307.298265541916 -8.73178075582041
305480 36652.8571644522 18928.0368079139 15912.9853520857 2021.57230809831 1.00108617257247 -0.0293535969117937 33157.8126199512 42728.8163279931 -98.5347986135399 -8.70750888642522
305520 36571.8155640441 18905.8198370937 15866.8542231884 1980.38953254387 0.999911137754526 -0.0290072885615413 33612.1319679487 40843.1545734552 768.299922803816 -8.63691077777774
305560 36585.8528569517 18996.814911622 15742.4163129101 2022.67542174083 1.00472378218284 -0.0276927060911232 31373.1623629311 42528.8270014123 -615.661908326109 -8.51880908876885
305600 36653.2705997499 18943.265838135 15862.3192489428 2048.5414957791 1.00189162174455 -0.0300484024045849 33276.6280921293 43663.515635601 4.61762926198562 -8.81710358303006
305640 36469.8779009605 18885.273088303 15799.7544490151 2017.7604160143 0.998824439418378 -0.0289150106370793 32779.1077195208 41918.0857138634 338.646944735502 -8.61843429581392
305680 36644.6852261232 19020.9123531452 15871.2558124138 1976.33610332351 1.00599827333837 -0.0283045497137443 31894.6216150358 42236.6855520056 81.3197762344405 -8.57928574989379
305720 36527.5606609092 18927.0045872065 15822.2758913308 1999.9709180026 1.00103157938418 -0.0306101584075996 33523.2870443128 43074.699960582 1109.94607040676 -8.83602481493783
305760 36743.1214426602 19034.8839288948 15864.7001408557 2035.39537374897 1.00673721691894 -0.0302417915672686 33933.4477733184 43048.9934403979 251.002353809905 -8.81418416207591
305800 36540.8114009148 18889.7413015723 15798.2968729804 2025.69462259445 0.999060759041242 -0.0283926420994689 32423.6425914769 42228.2648820129 -367.745858680144 -8.54982680887981
305840 36538.1509260504 18825.0322562095 15923.5992887349 1966.41733489171 0.995638358122943 -0.0301877527609334 33791.460622224 42673.31825089 639.542665161948 -8.80163558804863
305880 36680.4668054196 18977.0410268243 15873.9615454502 1986.50152323241 1.0036779599008 -0.0286598319070618 32604.0473350907 42806.3408917193 -771.17300054743 -8.60493869274114
305920 36624.9138911065 18964.5516027491 15841.8420876625 1985.981924258 1.00301740593675 -0.0307832091662934 34093.5391606874 43574.0552871897 297.06745014986 -8.8671143233579
305960 36516.9813605972 18981.0424213132 15746.0368030993 1997.4506338853 1.00388958991475 -0.0291579753116695 31703.0028076388 43203.8788604585 630.168317177727 -8.68476688175438
306000 36550.2060070255 18955.9249381071 15828.9928446156 1961.97966784117 1.00256114970817 -0.0285727768785082 31771.1074061268 42469.6883374348 314.268665527737 -8.58882641695076
306040 36612.2200423168 18877.381827559 15896.9584879034 2007.51896116478 0.998407078014494 -0.0287354048880142 33496.4157057324 41239.7745759102 138.251650233631 -8.61446137008372
306080 36735.3089145952 18969.3111221496 15941.0918415944 2012.69867530265 1.00326913246858 -0.0273035067737114 32171.3451677396 40186.9632617864 164.898329882509 -8.43708905308627
306120 36524.7977642799 18877.5465339508 15836.7280356629 2004.73765858716 0.998415789181586 -0.0267368192213097 31647.6218909223 39966.7786267046 -15.951178836333 -8.30755896400073
306160 36498.5461867678 18940.6744181693 15757.9822751559 2018.73106961067 1.00175456396506 -0.0297885117132318 33504.9630216053 42611.3093464114 436.467560506454 -8.71044798212642
306200 36631.3827058693 18939.3834248748 15853.7853998241 2017.5229403563 1.00168628453655 -0.0296452839475443 33167.2383034615 42950.9771102875 129.408265020855 -8.73479201545042
306240 36645.3168456312 18959.6184996061 15874.7875434802 1997.65506550227 1.00275649872305 -0.0284364957964376 33387.39140538 41087.1052445993 -92.8873975073478 -8.58544535077506
306280 36464.9824364899 18833.8396031044 15790.8926532427 2023.6840547245 0.996104170466976 -0.0285346015154729 33670.5133498018 40749.2105978958 135.48746561659 -8.55037239823649
306320 36566.3172025399 18948.5404957705 15785.408020775 2022.1350594117 1.00217059345606 -0.0294042999680363 33075.1546826453 42595.4953774731 123.925896276805 -8.67895840634826
306360 36605.3361623629 18891.8323732735 15833.6345243757 2050.79375978306 0.999171353868757 -0.0265180750418863 30991.8250615664 40689.8549994156 -264.93968388105 -8.35466357158629
306400 36605.1837521022 18889.1507646497 15903.2358846807 1997.29505916683 0.999029526095447 -0.0279923119385313 31538.4194843149 41833.0110346092 362.746391621782 -8.5602954316123
306440 36522.1205192513 18982.4360999977 15747.9243711698 1969.28194280588 1.00396330027755 -0.0298759221147928 33665.3521646649 42760.6800753962 150.651860925181 -8.76655461330751
306480 36607.2346160723 18872.418537816 15902.9453216726 2015.85644354612 0.998144574259737 -0.0288822157407488 31933.8861233796 42916.6843716632 238.37281115314 -8.64507654210874
306520 36531.9568092778 18849.6146387921 15882.7628965978 1961.80096616589 0.996938497357772 -0.0308338967627457 34165.1604628128 43259.8828302019 589.206850559433 -8.85990468899144
306560 36777.4406256788 19053.8728310886 15907.2178695518 2006.14151046965 1.00774152220487 -0.0287119264578342 33730.2001728215 40975.9163071751 41.3436142819955 -8.62897042383861
306600 36546.9668653097 18973.7598544077 15770.5631054578 2004.61988679332 1.00350442175897 -0.0282731615744736 32308.6108933554 41471.8796453606 273.252347293784 -8.57463492935245
306640 36567.8299459134 19009.0303859994 15784.4831429004 1953.74924244263 1.00536984720346 -0.027980047382633 31980.5952814939 41449.817919205 126.590404229262 -8.51869006682378
306680 36316.1587606067 18854.52010669 15712.4737332845 1965.98530314945 0.997197942969193 -0.0277684666193564 32506.8607682437 41076.3180950006 -217.297763321344 -8.46889412719866
306720 36470.4919464487 18853.0743898497 15838.9725630143 1983.80907749437 0.997121480356985 -0.0291750550506559 32859.6930913288 42005.6288318864 589.167995007405 -8.63244938820625
306760 36602.8925294783 18953.2577472444 15855.6415197381 1990.35604167675 1.00242008447676 -0.0290387272877163 32839.2779779771 41946.6547370625 522.015071199173 -8.63758297476829
306800 36648.8341156398 18954.5692887901 15943.9520041999 1970.68295230112 1.00248945068307 -0.0294906427822548 32328.9784461157 43398.6163412464 184.923486806349 -8.7188644734219
306840 36499.9481636406 18871.6885300617 15841.380806446 2006.49977319509 0.998105964832033 -0.027822334852263 31525.5889113804 41855.3429487773 46.858124532093 -8.48006423348499
306880 36560.6429810867 18921.9723806198 15881.9971618087 1973.99606534729 1.000765430682 -0.0296688454663735 33358.2056468939 42309.6576433516 608.833262915495 -8.76315564889854
306920 36501.6033281609 18908.0826063659 15845.0893006215 1981.52583072225 1.00003081350606 -0.0281258194667854 32053.1302446768 41940.272095998 14.7863159354979 -8.56558259886192
306960 36382.7257420677 18845.067099429 15805.084018238 2010.70930366804 0.996697982251966 -0.03122700414477 34347.6711250922 43862.8352268866 594.329487406385 -8.91751091152029
307000 36471.3116342828 18906.2322486878 15853.6953809925 1961.99411285035 0.99993294981821 -0.027239211831735 31743.0260996743 40970.9444516885 -210.203647524647 -8.3931050454195
307040 36561.8546421169 18913.9880836832 15901.9916388464 1964.58437774917 1.00034314868085 -0.0294707304157212 33158.0829838664 42583.4051743717 266.456074821713 -8.71033116638587
307080 36547.1234298006 18844.3085358361 15947.7647965386 1979.84109572382 0.996657862532653 -0.0276655655810001 32465.7529374843 40346.8565898024 324.490223771713 -8.42951269352425
307120 36542.8428635929 18966.534279532 15803.511215915 1978.83263955993 1.00312226785837 -0.028782615275788 33257.0956486656 41556.5801256627 156.400604471721 -8.60863834408079
307160 36462.1480632041 18959.1652070912 15736.2483154959 1955.27974385838 1.00273252450568 -0.0293403866567829 32210.7024092644 43122.9170786806 400.490276099128 -8.658189928922
307200 36590.2297914201 19013.3846412382 15797.0650692707 1993.98215742113 1.00560013969262 -0.0311650841453854 33450.1404675825 44640.3975469825 547.892720681336 -8.94916674959948
307240 36512.8315766264 18814.6033450055 15865.3404378113 1998.8544591606 0.995086782758456 -0.03033084253799 34063.1370775748 43036.2468530092 242.420326034217 -8.82010886407041
307280 36660.7084012298 18885.1896706122 15956.5111719285 2007.52460428329 0.998820027534695 -0.0286956086611208 32405.0837449548 42503.0216788336 -22.9261910102448 -8.6312720155231
307320 36641.2724084395 18988.5559344337 15823.0976553298 2010.11265041648 1.00428697259996 -0.028069996273489 32457.2050287793 41234.3701124008 95.5160241877211 -8.56209122247538
307360 36685.6045949997 19062.8012261465 15812.8854591923 1976.05936912485 1.00821373667309 -0.0276688602733376 32213.9820508893 41350.2398982161 -385.437069103856 -8.49246620015563
307400 36580.6669507801 18929.0113663519 15889.3348124081 1950.77767061609 1.00113771605722 -0.0312327786947516 33981.9730794809 44032.7318535694 744.930522953051 -8.93229242296444
307440 36388.9273905804 18805.5179362854 15811.6096618375 1954.26864788611 0.994606263984421 -0.030713887725701 33716.1592574333 43260.346081205 983.783245684094 -8.83869638651407
307480 36558.8383034751 18959.8788305841 15797.8880186745 2013.91116810513 1.00277026738512 -0.0292495361502398 32175.3325241944 42909.0304099618 592.683727396845 -8.70174582520207
307520 36547.2291876208 18937.4005890524 15838.1027004382 1996.55275867707 1.00158141420348 -0.029052658671334 33733.8337638651 41828.3963011426 -191.453524969069 -8.65581913484344
307560 36552.1173324035 18818.2447239298 15944.2027137294 2010.43546730961 0.99527937188575 -0.0280193351132709 32374.159135292 41779.9897794411 -333.818660542212 -8.52712360358688
307600 36618.9915719775 18923.3005193924 15932.0001537047 1979.44871832119 1.00083567470011 -0.0293913065437808 33023.8301970704 42035.9442097911 839.580272041041 -8.69570701370421
307640 36618.6582107021 18939.2594168395 15911.0366203225 1986.78615966166 1.00167972586748 -0.027975439092117 32434.396983055 40912.4024555009 211.687256743604 -8.49409393364738
307680 36621.0031575587 18975.218848655 15893.4576709384 1982.76265252073 1.00358158660082 -0.0283468732275921 32086.1494916731 42393.8650562049 -276.701394043009 -8.57762159677709
307720 36572.3751203662 18932.3742746444 15844.4307502935 1997.51394579392 1.00131557713312 -0.028480540203718 31912.3101216217 42289.5364225264 161.653684579001 -8.58145472466217
307760 36558.6506840334 18922.243539017 15884.0505478148 1973.89750399211 1.00077977199614 -0.03034396667089 33940.1447211164 42794.8914434933 599.020681107911 -8.81204053923367
307800 36586.9485732391 18873.6372492004 15915.18483968 1988.94580318633 0.998209030765591 -0.0277859113716653 31990.6909123022 40829.7548083146 453.415561471966 -8.46900865853469
307840 36513.1856649144 18884.6930887126 15839.7644440916 1957.78682492113 0.998793763782234 -0.0282484079299796 32491.5860353892 41774.6631493296 -143.194748508709 -8.54925619135139
307880 36685.9727245956 19098.2155623488 15802.717658093 1987.23352106453 1.010086767809 -0.0288248966920889 33283.5920328075 41673.8822385212 116.106380133363 -8.71170714509522
307920 36433.4137211202 18877.6844506558 15770.062930825 1977.62593088928 0.998423083467185 -0.0290166379659028 32522.224602931 42473.4810087339 384.9050895269 -8.65373035487206
307960 36637.6833037287 18905.8805640356 15980.9797013161 1956.25653591851 0.999914349545714 -0.0287907854952464 32527.4221690963 42418.6797139032 -7.66574550299782 -8.61197192941593
308000 36443.7432661102 18824.0227960686 15816.9275502901 1986.49357800244 0.995584968719744 -0.0271082642585278 31244.9904074801 40711.5346442833 290.527589962349 -8.38909804568656
308040 36705.8364986376 19029.5430421639 15878.6370418664 1980.96025323318 1.00645474241248 -0.0283348177092741 32731.6852354704 42119.1025550976 -739.157101505601 -8.54432353802593
308080 36510.797724543 18821.8757406242 15859.17292803 2014.45210431114 0.995471412964392 -0.0311056849247701 33592.5891130659 43975.9495279836 994.490824474454 -8.88996831534195
308120 36516.5746160963 18882.7714810864 15826.5730583412 1977.35046405276 0.998692131751231 -0.0292580159861749 32828.3134088804 41843.4558282192 971.178745413017 -8.64666636228315
308160 36732.939232485 19007.8169798266 15908.1548965721 1980.38494972392 1.00530567128529 -0.0296893957306896 33264.6108367869 42840.3252935706 200.371759547151 -8.70097159747051
308200 36652.4258125065 18968.3119205303 15914.3136829266 1966.79320429333 1.003216285629 -0.0286855896004603 32545.5533102028 42752.3687160463 -458.800406767307 -8.60223538721329
308240 36602.3224984924 18917.6131952103 15867.9932085979 1985.91960588137 1.00053487744071 -0.0293938671181013 32644.4114287246 42615.9527361332 613.374841293869 -8.68559374394817
308280 36631.4255824244 18954.8969277683 15837.7294230547 1993.48158857391 1.00250677920234 -0.0282491181631223 32255.7128591184 42097.2611725568 -277.159989847062 -8.50803323342967
308320 36625.6408324829 18942.6076694755 15898.920955015 1971.35762397878 1.00185681181941 -0.0278511879145628 32239.6257663106 41745.8379462012 -532.151443872917 -8.46129311201826
308360 36595.302245233 18982.3340444835 15778.3219859437 1981.83472238769 1.0039579026568 -0.0306322623313999 33691.3515319005 43715.9517139863 394.875289674299 -8.85159386178182
308400 36628.4346392251 18960.69025947 15870.0738142177 1996.88789110812 1.00281318310036 -0.027214753038338 32046.6116747831 40680.1794835458 -247.004639417815 -8.3976571591343
308440 36617.0695843101 18895.3278396876 15904.1593825644 2003.91406617575 0.999356225819784 -0.027187001899645 31818.7930435121 40699.0459241463 -145.487800250154 -8.39882076513783
308480 36515.7820000218 18879.931318026 15859.8437870892 1965.50849863475 0.99854191818199 -0.0292812844707897 33459.317555204 41809.4388607051 489.145337500332 -8.68522114754382
308520 36671.2416115365 18909.3333311665 15954.7853652061 1997.76131878344 1.00009696317157 -0.030414904654079 34526.8689998334 42174.0889594596 809.464064981037 -8.84155766895979
308560 36588.5031283175 18869.8526547583 15910.6758802135 1988.99863114459 0.998008867103443 -0.0311733233305492 33540.3916044399 43805.2311362604 1210.67034043334 -8.91599525801626
308600 36609.0522804682 18900.318081032 15909.6152056328 1963.51720484899 0.999620155019541 -0.0289695384109412 31459.1003962853 43591.9527011487 263.901877026417 -8.67605284404196
308640 36694.1920385225 18998.0502517032 15900.4387225847 1979.53149084454 1.00478911816492 -0.0290408820644374 32842.7826619983 42779.1661801792 -327.3186454195 -8.67298799387527
308680 36556.1806321906 18889.7531622515 15893.5841214917 1973.70325931512 0.99906138634148 -0.0280218582497937 32113.2938937353 41618.4603700975 -89.0414993921626 -8.46777898465405
308720 36443.3447756568 18851.8864848386 15761.1191461858 2021.08438546037 0.997058653171416 -0.029993151172224 33541.1259003503 42887.2195661239 341.883446000838 -8.76739754725923
308760 36683.6679010326 19000.221018926 15878.4807692414 2017.61570083906 1.00490392801407 -0.0290268213195145 33183.9365585827 42269.8591896172 -119.886503573476 -8.66975393397735
308800 36504.9689745474 18808.0249283248 15854.1577800478 2001.29182485651 0.994738856449809 -0.0290213560678791 32617.1179412738 41859.8448483124 815.948295968304 -8.62806826089901
308840 36720.2337024968 19068.2306568013 15847.3885067447 1996.0378845528 1.00850089418492 -0.0275764589091878 31523.2917130964 40981.8457814816 455.003863073704 -8.49932168499543
308880 36516.838593909 18888.558335708 15823.9257342286 1984.95244596717 0.998998193082536 -0.0296818016580869 33004.2772500352 42649.0850745735 614.134608433791 -8.70897465011311
308920 36545.9712814338 18894.7334785463 15861.5705742314 1993.57417632314 0.99932479061464 -0.0285234898977906 32645.6211587623 41642.0798921775 220.631265239081 -8.53888749984781
308960 36687.7829924835 18947.3046755438 15917.3456361791 2017.87882952977 1.00210523207954 -0.0296677066686877 33138.4713710328 43183.4448154402 0.199500683070279 -8.69473123889915
309000 36502.7971139838 18821.3128883991 15852.6986509586 2021.97830723726 0.995441644236366 -0.0278551673976363 32338.5385180367 40892.8327588489 147.275917055006 -8.44115131983092
309040 36628.5339937682 18979.3334642692 15795.4719037801 2011.7960396448 1.00379920477425 -0.0285270050568793 32590.9212345386 41577.844506838 239.437661244353 -8.58812892769975
309080 36630.1366804404 18978.7918507786 15841.8382949884 2003.09386080214 1.00377055934304 -0.0298743733099997 33837.6479008016 42499.3725218802 319.482750616589 -8.79798800203981
309120 36527.9901938214 18912.2658960288 15773.2701539997 2023.89418126884 1.00025206378574 -0.0287955265490833 33473.7299499621 41216.3730175771 200.456513388303 -8.62499340136252
309160 36535.6421027401 18914.2233453416 15825.3803160095 1988.34934486348 1.00035559145004 -0.0291968330641552 33144.4994816721 41249.2022480366 1247.27648420908 -8.70965235315366
309200 36627.3642456913 18966.8315266262 15865.894571194 1988.18387195565 1.0031379889793 -0.0297750084163995 33935.4609110041 42078.0135167025 488.665851776325 -8.78352870340192
309240 36461.3311511277 18879.2784050287 15830.1176883199 1999.64690391847 0.998507386223917 -0.0283348879702039 31517.2211724086 42663.7993383612 15.331084833823 -8.54670076673749
309280 36364.7954914136 18827.2789664751 15827.5227851718 1981.08662740287 0.995757184528632 -0.0277314333593427 32469.7487005593 41085.246939179 -313.276369098763 -8.46819829153203
309320 36422.2310173885 18873.7435514775 15825.251433319 1973.70586129917 0.998214652993652 -0.0290791223785578 32753.6086331937 42812.6777405797 -149.942988977358 -8.68348242471153
309360 36438.1547921285 18869.5022817189 15832.7803426632 1992.4080283548 0.997990336200918 -0.0282129405070544 31842.3153663122 42283.8739289782 -102.162209794645 -8.57946345519847
309400 36525.0232180452 18927.9109054523 15916.4287834142 1913.03859366229 1.00107951370897 -0.029443414035099 33256.8502398081 41804.6571624737 958.008372136793 -8.71438605504952
309440 36462.9353729841 18863.5371041386 15855.8564161626 1982.63455198837 0.997674843535032 -0.028712583920442 31966.2068084837 42861.9571909488 -15.440759637389 -8.62417590473057
309480 36641.0608855556 18910.2708283731 15934.406713816 2026.40241654075 1.00014654652244 -0.0279349584910648 32527.149946274 41019.1691385101 -52.8080341945884 -8.4785660571439
309520 36508.4543608217 18908.0760871143 15811.7411244258 1995.43382065657 1.00003046870894 -0.0290309549299185 32566.1300718318 42615.4933925928 72.6065196669125 -8.66379676141663
309560 36543.087274515 18876.1796955857 15880.3719959802 1997.8092025715 0.998343498378195 -0.0263386222774826 32401.1536275526 38926.6517429406 -279.844148660266 -8.29629615287669
309600 36522.9829257178 18948.1795148332 15806.6645449078 1986.37362551533 1.00215150151174 -0.0298032963050555 34125.7573608304 41938.9670624957 545.725500601187 -8.77705798941479
309640 36320.5052384207 18843.8152966701 15731.4077968358 1967.2504207 0.996631775574249 -0.0292656713051335 33053.4755136439 42466.3498466192 334.993240145511 -8.66370204897775
309680 36413.6084301331 18960.3436324808 15713.4614557833 1965.78768106683 1.00279485032293 -0.0276461888885947 32649.9852579739 40782.8319159006 -305.794511073565 -8.45851764978729
309720 36526.6283079636 18973.0546119779 15804.2750207801 1978.78114526655 1.00346712214613 -0.026650581414338 31384.2360609025 40968.9351982353 -797.33995480236 -8.32344028377449
309760 36501.8535827769 18911.3418313164 15862.478250567 1962.27148298133 1.00020319086693 -0.0305929006280987 34471.2319921994 42780.9057378015 472.607816194691 -8.8866967935335
309800 36383.5701559214 18824.9629399084 15793.5014166275 1970.99965219361 0.995634692048572 -0.029407832462352 32549.2448605905 42720.6420776766 685.280783163597 -8.72551410532287
309840 36808.4745512721 19036.7332081751 15960.5591488396 2018.3235651789 1.00683502357134 -0.0287823805039501 32222.0019667664 42221.8700966062 518.736148754921 -8.67411760652297
309880 36600.5469091179 18972.8575947631 15864.9990567824 1980.7497851604 1.00345670208981 -0.0289154889344603 32262.152498532 42519.8608257278 353.287235713146 -8.69417527748609
309920 36706.7631040268 19036.3769666067 15912.4688304107 1978.39905584067 1.00681618228781 -0.0284411689458373 32849.5216737915 41417.9764475562 212.516062094457 -8.64909950334953
309960 36574.2596803589 18981.6678492528 15802.3230310149 1994.75784252949 1.00392266821382 -0.0285699026072162 32642.7208061647 41782.8461225724 245.767371753164 -8.63859997409589
310000 36550.8195503987 18892.7452163697 15862.3942673385 1997.81401745476 0.999219633286774 -0.0287923163115966 31725.2274792572 42924.0182723903 304.383916941424 -8.64238785592073
310040 36389.1330049926 18793.9859639702 15790.2944890667 1998.28276444558 0.993996348748921 -0.0308495695491718 34036.7496877695 43092.571027479 1075.96146116175 -8.8936916423807
310080 36472.6141052804 18862.8833209237 15808.303595395 2002.35463942921 0.99764026555196 -0.031779513676686 35064.869805898 43588.2271491753 929.640326778517 -8.99998069109433
310120 36596.8416410387 18997.2404814591 15863.7458839473 1936.24329020207 1.00474629017369 -0.0307568744137199 33961.571495857 43673.7294458988 416.858190288455 -8.90881997760302
310160 36584.9963949559 18867.0119889676 15905.5966865802 2001.59245134865 0.997858626945266 -0.0298826251150295 33323.656897342 43204.1794398875 48.3390179767524 -8.74606300105865
310200 36612.8936928991 19039.6797861745 15811.2502311814 1944.27476448861 1.00699086532722 -0.0284101681156905 33380.738447425 41586.403806853 -672.111974578057 -8.58626070687398
310240 36428.3815641476 18823.766664572 15823.5269198392 1985.71085670901 0.995571422164327 -0.0296046567455652 33186.9121964197 42984.9890623549 87.5199616601661 -8.75748348054066
310280 36509.4224157142 18915.7976188563 15853.1046763921 1949.67678542695 1.00043885330458 -0.0292807810260528 32961.8591014613 42066.4788542755 624.80282685789 -8.69828922403824
310320 36468.7300797448 18866.4679568654 15871.1128589627 1937.29413819677 0.997829853595949 -0.0280855185018535 32126.8815293192 41816.8053802113 -52.5337882927878 -8.57948471982928
310360 36517.6512640654 18899.3573718637 15878.8776804595 1947.94722186645 0.999569344009717 -0.0294896076349798 32916.9460746324 43316.4529401114 -120.107197698128 -8.72522731632708
310400 36601.3458248872 19003.2448935577 15860.6903849617 1958.75785630085 1.00506385791658 -0.0291424225294903 33066.6261832681 42705.0753332671 -331.583018855487 -8.68732670459998
310440 36610.6544905818 18886.2819813708 15893.0553956211 1994.90140360962 0.998877798829609 -0.0280999306392077 31288.8976806149 42448.1574604633 247.444438379349 -8.58841861045534
310480 36724.5070288205 19059.9790606734 15813.4073515832 2019.49304090727 1.00806447497942 -0.0281426402740016 33296.313189269 40744.3045434975 -176.284273003884 -8.58128620153899
310520 36539.7186743453 18855.7373120872 15862.5629753892 1987.51683775519 0.997262319824788 -0.0303307971726404 32856.7765275095 43929.6368400268 477.127631473124 -8.82491535083508
310560 36667.5376230774 18948.9574321657 15870.0031582559 1999.4406969126 1.00219264483225 -0.0288472944260325 32520.4906353129 42212.1311887606 220.254039996947 -8.66928944051418
310600 36609.9261441863 18963.2150068417 15847.9907294953 1969.8698385397 1.00294671462868 -0.0298906022257092 32267.9798080367 44231.4452138884 200.142225161563 -8.78152179336355
310640 36538.0914006452 18935.6671048166 15823.9252377485 1961.77647876308 1.00148973184274 -0.0282068676094066 32734.8560102886 41341.0406435399 -166.606338653534 -8.52557478928215
310680 36500.9074576864 18872.403903151 15833.7312005161 1981.55411316946 0.998143800245988 -0.030487065494122 33990.3228002945 43202.6543132296 372.36383347311 -8.8440403535352
310720 36719.6324236211 19024.9968029206 15889.952804426 2014.22288954654 1.00621429606879 -0.0283371578455599 32241.1363491154 41954.6145206848 23.7200152549047 -8.63352567544024
310760 36557.4381286026 18907.5311266527 15892.6660916517 1958.74974134396 1.00000164625956 -0.0282530712271094 33678.8374860506 40510.9351553515 -108.250616138636 -8.5516220206983
310800 36513.0128841417 18884.591793419 15824.4328315946 1987.49801918367 0.998788406368847 -0.0296219589615419 33319.8629880733 42812.0704509004 75.9268218210237 -8.73663640296542
310840 36522.4332368014 18876.0434652596 15814.6716180985 1981.54026539818 0.998336293283594 -0.0287318848002737 32929.6753737165 41977.4239996699 -63.9019588873287 -8.61880366136948
310880 36528.3871594061 18838.858444111 15883.1029109311 1976.75240954989 0.996369612276135 -0.0311304695630481 34228.1448326488 43919.1885830292 461.233231750983 -8.904364213843
310920 36642.365795717 19029.0654298234 15800.2287024476 1987.94361961267 1.00642948194227 -0.0285508281954357 32752.1655854538 41636.2032066289 129.625541162346 -8.64543803654381
310960 36419.7691161977 18788.0479191506 15834.9194973093 1949.12301751426 0.99368229110938 -0.0293244117133736 32855.2544329478 42773.8837931077 182.284467308476 -8.65006274911433
311000 36589.7905994359 18955.5139300421 15785.2118699297 2004.239301672 1.00253941187582 -0.0293274643414753 33523.9862858886 41546.4337359948 672.500113547962 -8.69174709886695
311040 36521.5410312729 18897.7613164243 15812.563126753 1975.32541588939 0.99948493012954 -0.030028778366239 32955.0628934402 43758.8144259421 251.457850107704 -8.78650200390452
311080 36774.9634169616 19026.1016815509 15932.0781224799 1984.57856894243 1.00627273206669 -0.0286830500995772 33327.798068681 41466.0855272596 -30.2085189080165 -8.60738506808095
311120 36635.0271756294 18886.6078330166 15945.7495712722 1974.37853609095 0.998895032818543 -0.0289978026072189 33486.8310267709 41809.6413689442 -46.3607752394049 -8.62647224035723
311160 36477.5328207901 18844.1966585557 15852.4736224171 1978.32560774208 0.996651945447876 -0.0267936069638122 32185.0825587641 40330.4650497724 -744.560614065292 -8.34765101014898
311200 36636.5928305436 18913.8229546945 15894.1309319303 2010.36398826442 1.000334415163 -0.0285913706942863 32773.9266748987 42011.5030152886 -40.453990623904 -8.6183487020815
311240 36630.830779965 18892.0686735142 15920.9520347446 2023.01303217586 0.999183851567589 -0.0284646679013005 32576.9170642733 42080.1872982619 -143.081447360011 -8.57522979303958
311280 36504.4856858576 18901.1781152858 15764.8387694229 2047.06502381118 0.999665641427252 -0.0285295827592535 33052.053718853 41896.5951374776 -374.143097017773 -8.62005840936685
311320 36749.4658301641 18965.9799279516 15929.3454056073 2048.1050567981 1.00309294872149 -0.0301055331486634 33732.072883946 42880.9411015225 399.194993618752 -8.82087814173735
311360 36713.9791863098 18922.9830969136 15901.3928904176 2076.50014616106 1.00081888652194 -0.0287738202044958 32303.4002898405 42278.4206060336 331.208045958879 -8.63875308234831
311400 36452.9476651135 18790.6268595944 15843.6785826149 2008.52990674467 0.993818688858624 -0.0312738206532953 34382.6076864528 44277.7146961856 187.763774646355 -8.9626568438159
311440 36687.3195780147 18959.6718253077 15923.3615916815 2010.52522227313 1.00275931906956 -0.0301952654169391 33511.3693958591 42916.4003313001 707.224596571624 -8.83626673151021
311480 36694.902016293 19030.5422039885 15906.4458593786 1977.17138936183 1.00650758714735 -0.0280097495148857 32329.8707580029 41574.6390499307 -190.421650092634 -8.54632931841788
311520 36596.4166706016 18910.0068691384 15920.0989627484 1987.04061311345 1.00013258596527 -0.0292374595570207 33246.6420540019 42233.7862314992 71.6708962909978 -8.69138850479427
311560 36466.4557495245 18869.5406668906 15793.3884612664 1979.25563436116 0.997992366356766 -0.0309265088756909 34560.4437551953 43180.5046640542 597.975377518851 -8.92114337393115
311600 36610.6302458924 19033.3023708019 15796.8383296494 2033.72820565291 1.00665356978987 -0.0285110922988657 32685.7098537266 41945.0846440528 -108.169273509135 -8.66390978517581
311640 36386.5213176098 18775.1767802737 15832.183514364 1995.81941336222 0.993001548606303 -0.0304406070180553 33768.2452245026 43425.4366646577 386.150722479491 -8.85831962546678
311680 36598.3265718084 18935.4428505809 15874.3582629577 1989.77980598119 1.00147787124585 -0.0296799599726276 33428.4714124715 42565.6744534352 354.384727855604 -8.7918550381593
311720 36666.9857794857 19003.0137757033 15887.0946126659 2004.93396050151 1.00505163430931 -0.0296755183113395 33289.0379596987 42854.7042390198 232.527104542968 -8.79918686134198
311760 36603.17842904 18886.6141204256 15947.7489912162 2012.55587084825 0.998895365353727 -0.0289937676637473 32703.4216312986 42011.0488638063 462.004702154864 -8.64093874927011
311800 36580.2342912222 18943.2313780958 15917.0939569107 1965.98283273652 1.00188979918529 -0.029726868888731 33113.0245554347 42992.3436043275 342.647102521733 -8.77202158945139
311840 36548.8580098182 18883.1653807669 15937.0656575594 1957.20547286 0.99871296473711 -0.0294294288321821 33318.4405134054 42565.1047603967 117.166200056051 -8.70790567617102
311880 36542.2363697332 18860.8480457889 15877.0484799412 2003.14949001727 0.997532621752683 -0.0302792517625286 33079.0079431913 43911.205792652 264.506681231806 -8.83887575288843
311920 36488.2155958527 18754.2271019737 15874.1348946589 2033.61183635167 0.991893539705077 -0.0302449244706378 33840.0021480477 43487.2429505032 -33.7939915462703 -8.82587934856741
311960 36649.1143653797 18888.7662108103 15903.7004656093 2032.55131255301 0.999009187402371 -0.0309248821422178 33888.8544111079 44441.8672122226 -86.4398755437517 -8.92337848424695
312000 36500.742872126 18846.3396761545 15873.300062945 1982.61954289605 0.99676528764535 -0.0289774327122808 32759.8228947466 42338.8567828605 -12.8324175392888 -8.6693129173295
312040 36521.5050564297 18844.7116705448 15901.0424669737 1995.02739245937 0.996679183950538 -0.0294086228092399 32595.7931712721 42750.3322281747 506.583053387565 -8.71172106140094
312080 36513.7493915771 18849.3189536815 15855.207560089 2005.95988218704 0.996922858848683 -0.0285599104368507 32789.1219057087 41787.264769289 -39.4181001950176 -8.57900340671713
312120 36513.7525831052 18933.4571430803 15825.6308351216 1976.90426440352 1.00137284903241 -0.027844651450127 32072.8306071401 41358.1605295901 70.6912925710832 -8.49537584865753
312160 36570.0594085325 18895.7323404555 15855.9600233662 2029.79257604658 0.999377619487265 -0.0285828314325574 32255.3774536968 42060.6243807018 295.294238572799 -8.6126701123591
312200 36593.5450078825 18941.0563872969 15901.0637449635 1965.90119422363 1.00177476595515 -0.0291841960576002 32888.4211279282 42836.2091898424 -204.086554797321 -8.65357652745372
312240 36524.2889028468 18909.3031108215 15846.8934410545 2006.97605458152 1.00009536484577 -0.0305907266709615 33528.6962344776 44407.0957406655 -176.444105056524 -8.86137604847466
312280 36509.5938332816 18907.9080353102 15805.4444476924 2002.51227036752 1.00002158060612 -0.0298970507365182 33911.7920650287 42549.1036366631 189.425235197519 -8.76994969319111
312320 36617.4267168394 18944.06441375 15824.2074837936 2035.26010443656 1.0019338576623 -0.0278632732298079 31743.1054048308 41876.721669767 -41.0598825127632 -8.52219406512845
312360 36627.0619268092 18909.4917782907 15928.9748797387 1987.99070185083 1.00010534329185 -0.0279787832778427 32359.7903162018 41202.8718964033 58.549336015798 -8.52375683171409
312400 36609.173704285 18910.9370856117 15882.4829064867 2024.20722215136 1.00018178424496 -0.0298203846973957 33983.4723514719 42046.3547764523 586.325145680948 -8.7869630877463
312440 36604.7228429654 18915.8754612837 15862.970101717 2001.79838860933 1.00044297031779 -0.0282365071675927 32250.9542579096 42138.7159949687 -347.045055617248 -8.55984841670504
312480 36562.5542514724 18956.5715027745 15810.8762177922 1986.13386380694 1.002595345909 -0.0290473596294023 33325.2642364485 41820.0882127287 218.887876258421 -8.69895999079426
312520 36735.1696479813 19080.854032244 15876.1842859176 1983.54672010266 1.00916853271157 -0.0295513832395848 33031.8532482753 42249.8676568627 795.56376987141 -8.7497268954682
312560 36707.9091427737 19004.638705662 15888.9161361847 1991.4741650575 1.00513757533582 -0.0295365091198387 33187.4693891807 42217.2288355465 704.486557317731 -8.75390661917951
312600 36628.1166706457 18912.5756381941 15947.3902795118 1979.60006242354 1.00026844575931 -0.0300850012837122 33838.3384588559 42767.2042768608 409.524537178094 -8.80077239455498
312640 36568.5812479828 18963.4411977836 15862.5970918585 1965.08351987743 1.00295867765614 -0.0282968719988557 32627.7132105953 40447.502506486 1020.4580204824 -8.56944101525848
312680 36621.0288351049 18958.4156389201 15871.5182630365 2015.07115862354 1.00269288054582 -0.0280015609216516 32145.2841817665 41483.5740699747 85.1060817054687 -8.55187256418504
312720 36588.8192473891 18928.4217979933 15865.3076637317 2014.03120989816 1.00110653433787 -0.0292239370304919 33087.5137826664 41900.3238764373 615.882315082939 -8.66280041357826
312760 36713.1592177657 19007.2478657076 15873.2889155545 2058.18347528041 1.00527557137155 -0.0285379700461995 32899.5360948245 41839.4906266119 -143.984399144702 -8.59107007524655
312800 36632.3738772471 18977.8927250955 15855.2371256751 2019.5941221508 1.00372300542618 -0.0290274158594366 32836.9887485338 42276.083531016 163.834196018351 -8.67331135350314
312840 36705.7371994163 19044.5327388135 15871.248977449 2008.09362131415 1.00724753345569 -0.0297050965585638 34016.7567636151 42425.7652982022 -14.1879866852851 -8.74213360329067
312880 36661.0293899241 19006.3821366888 15832.6552130166 2028.98030212484 1.00522978377304 -0.0273777490686609 31435.9108362338 41485.053782243 -219.145094462408 -8.45684373627406
312920 36598.3182169635 18918.7874335264 15842.7212039102 2013.76770905729 1.00059698180756 -0.0296301738619621 33295.3222357696 42678.4187218546 340.640274302012 -8.72087025918904
312960 36446.5597764955 18838.0898328355 15807.47056088 1973.44840950842 0.996328961144281 -0.0286762268952931 32134.4408767052 42367.230369629 278.649341399866 -8.63192805215107
313000 36488.5866833754 18840.5504862686 15849.0711669988 2010.2435946455 0.996459102804104 -0.0308359430238836 34112.3937731842 43358.7518582064 561.221057917474 -8.88461862170215
313040 36627.3603262527 18841.6249443517 15948.9043637878 2028.56726252494 0.9965159298877 -0.029882553158556 32096.4478358957 44098.3976747848 414.199712937182 -8.74329126346953
313080 36629.5923842455 18905.7582289562 15827.3562727194 2046.8422593076 0.999907879357725 -0.0295632389213143 33176.5731120616 42984.8518471473 -56.9649356023534 -8.74273005794097
313120 36648.6447970817 18836.910148332 15949.3081047242 2020.71718990999 0.996266568733676 -0.0286467482044763 31442.6662922132 42200.4883728078 977.920274715227 -8.59870300999303
313160 36601.9574717129 18877.2207951321 15850.2220901455 2060.3851779354 0.998398561159968 -0.0285146607037595 32568.6541985348 41715.8238101025 202.495037391935 -8.58858714936241
313200 36718.6759190807 18970.6295453161 15891.4545470814 2023.33174271574 1.00333886263737 -0.0281007751072687 32836.1488995319 41379.0908921091 -423.231609961989 -8.52332148801186
313240 36655.8637676207 18897.8080919883 15905.98205198 2020.06462963805 0.999487404045392 -0.0284422440786391 32546.5022903356 41739.8847216905 59.995516520503 -8.56052186183862
313280 36692.9931071942 19010.6390191227 15849.8972377911 1994.82686718055 1.00545492630558 -0.0278177317036743 31905.4711103393 41347.4942656047 138.353923946117 -8.52194131060946
313320 36572.0051577003 18959.9931359949 15783.3596935215 1996.80419220303 1.00277631289144 -0.0302107257032925 33795.0035731946 43039.444059331 436.669778897078 -8.836686268685
313360 36579.5538647919 18847.8360741788 15883.4625385923 2018.51508062001 0.996844430738004 -0.0292567685031217 32589.9340785246 41697.2564121259 1292.00281983434 -8.66305176172896
313400 36569.0909198541 18871.2010119301 15874.2489569153 1999.54902010157 0.998080180453795 -0.0309427289472864 34373.9656980057 43268.3250057744 654.931802270396 -8.8974218820173
313440 36489.9268629729 18842.4010687481 15822.9626476498 2001.11375534869 0.996556978381495 -0.0277919220557081 32386.275965963 40264.8926157436 620.570535834854 -8.47378742896271
313480 36399.1034240391 18767.6843628054 15811.6464149615 1976.12662080585 0.992605281650424 -0.0302644701886101 32974.9628349024 43465.6635020965 816.695848692211 -8.80407202214634
313520 36504.2441616662 18877.9216378846 15811.8386654975 2001.57079326839 0.998435628077991 -0.0280238988986319 32000.258612709 41549.8335324033 20.0037880063942 -8.48931696102323
313560 36773.4473898111 19033.1580938389 15925.9898658614 2007.99195262332 1.00664593911616 -0.0293878839230279 32682.256024625 42401.8033973756 841.966975134132 -8.78290918588503
313600 36808.1330226035 19009.1891689009 15957.6064472274 2003.12589988206 1.00537824508269 -0.0286836131532501 32670.6651605695 41507.17806686 511.786287952266 -8.62879988441197
313640 36484.1065997313 18883.3702877829 15794.239500323 1966.53367312882 0.998723802077634 -0.0286440789857829 32534.191466901 41666.1208734765 453.998787102617 -8.54641851761066
313680 36579.8147696309 18858.7530012687 15919.7860462762 1997.09248441897 0.997421816806487 -0.0282344094712039 33196.9519084738 40355.2441165778 490.500636313047 -8.51785328016986
313720 36559.1922392105 18934.1514601975 15839.3688796374 1991.8834555443 1.00140957081568 -0.0281513655718693 33229.8449861433 40754.7099098107 -17.3424495228153 -8.49573306336321
313760 36469.9598675196 18871.0567746066 15815.3432567672 1994.6671930084 0.998072551876588 -0.0302015709792341 34947.1163112728 42110.8945154996 77.2700347943567 -8.75549617822507
313800 36683.7398722234 18976.8788457889 15892.1001240744 1994.35562279192 1.00366938229744 -0.0297789932527324 32583.1282547764 43387.7619864179 421.409501238345 -8.7211597745777
313840 36684.3159486743 18863.3439005322 15921.9579278215 2049.74805735963 0.9976646251769 -0.0279088757574488 31593.8892138738 41591.4984856257 221.672417834802 -8.47465977428957
313880 36641.7165048689 18969.2699594427 15784.2241712346 2034.07837564425 1.00326695541149 -0.0291519503493731 33241.4863659455 41788.6940204069 499.654214311543 -8.66472187098083
313920 36562.0464600505 18889.6192873371 15810.4845941277 2019.96205583267 0.999054305822403 -0.0274556479008339 31956.8956603773 40559.0529727703 232.454774282788 -8.42001697806428
313960 36619.5558614671 18898.4079517309 15877.339940374 2008.55204725499 0.999519130066423 -0.0288232838281845 32780.7553580973 41737.8147106 363.442135098877 -8.62006800215368
314000 36337.9830935041 18774.2076906573 15773.082803918 1990.87562613733 0.99295029436241 -0.0291537096950748 33219.019167586 42511.1997395232 -168.421044285817 -8.63671314342171
314040 36547.6117625377 18978.4937168391 15792.2592911036 1995.19447362885 1.00375479131768 -0.0284480735593993 32328.665211429 41756.1715075918 234.090146492608 -8.55227247092797
314080 36580.1841842129 18859.6716972179 15912.7989880083 2004.49679717174 0.99747040577643 -0.0292234318427171 32100.092443817 42544.4998770157 904.068116756441 -8.68482349049617
314120 36641.0587430099 18891.8826655687 15924.5883622496 2021.38765580567 0.999174013781233 -0.0299146653250912 33506.4411787097 43057.7452587589 124.635250566102 -8.76302708531331
314160 36585.472602811 18817.3309842677 15897.1019408123 2072.71935221666 0.995231045049196 -0.0293216666264838 32991.3819698973 41827.1054819136 817.956427883347 -8.65732059722517
314200 36635.8723660675 18951.0540732975 15894.8277664969 2014.99471058309 1.00230353422174 -0.0293972249027954 33556.464060743 41816.1551264808 489.000147650691 -8.71451952238809
314240 36522.6156452863 18866.6562390793 15898.1385391727 2021.86200258627 0.997839811666232 -0.030513614200491 34278.5627625588 43263.828405147 120.149756102521 -8.86197805744931
314280 36468.6307318406 18900.9279787716 15771.2124010071 2024.53847658064 0.999652411940849 -0.0280834209220311 33198.9558470455 40637.9071537788 -50.0201721171474 -8.51436143355555
314320 36461.3439053281 18888.2483788924 15805.1059114278 2003.69337091702 0.998981799756307 -0.027698304268767 32578.840722424 40837.0145469023 -223.243580014113 -8.43461081565964
314360 36630.5283654003 18927.0197771746 15897.1915702093 2020.81079038247 1.0010323827674 -0.0295515607906137 32906.7036894067 42588.8907087811 685.399919629472 -8.72894172693304
314400 36556.8168808104 18933.3170623243 15827.170549839 2007.94387873267 1.00136544029218 -0.0282782378089607 33386.4992424148 41448.3891080994 -688.108950090263 -8.54573905494192
314440 36498.9769257586 18825.5094102292 15916.2059282371 1991.754296018 0.995663594352991 -0.0278102591668534 31464.5180859713 41880.417604549 39.2967293382014 -8.46694589751117
314480 36693.1585508933 19132.8975503348 15805.0207469016 1973.95686584969 1.01192106573237 -0.0275539239406833 31856.264270718 41184.0804294422 -83.6380490738401 -8.47489915175143
314520 36523.0202424912 18929.8588188541 15814.9151479491 1999.03115170646 1.00118253702785 -0.029397596675094 32725.7628563517 43267.5638545291 -131.525986367064 -8.68046906911862
314560 36497.7033333226 18858.4085995456 15848.3930886101 2007.90107361875 0.997403601721308 -0.0287824915772354 33906.2493385821 41588.5506618676 -541.688143444015 -8.60174018997702
314600 36508.5755239974 18834.9441992629 15868.0585473377 2000.6754367447 0.99616259152521 -0.0296333527338689 33392.4772641196 42549.8493591953 351.548233305098 -8.73284381308147
314640 36519.5427506721 18932.4391348583 15816.860315558 1985.75637408852 1.0013190075292 -0.0285359690937208 32937.8793141627 41699.1388983199 -143.461451809418 -8.60612332036396
314680 36496.5806620892 18884.3947975004 15871.5129441566 1972.51948647041 0.998777987438866 -0.0285392920777605 32025.0747245166 41872.513469097 520.00353995506 -8.57616536101063
314720 36405.1860805103 18912.2815218687 15712.7354194431 1995.20336353863 1.0002528902218 -0.0274859944482181 32561.4417714094 40062.6372095297 210.2622828491 -8.41590827460507
314760 36400.3517479072 18872.739858921 15758.2675037462 2013.12410723416 0.998161568632605 -0.0283583334863096 33149.9157916201 41081.8992201864 17.5777515119046 -8.55292148806249
314800 36312.69083684 18795.9938078836 15725.0439338231 2008.94849849975 0.994102541736539 -0.0286554609314331 32749.2354123393 42149.5959360056 -231.658835254708 -8.52742913918273
314840 36507.2690263103 18922.0147267069 15806.3057335155 1998.23359857311 1.00076767032696 -0.0276717442572938 31932.0715487483 41140.5005984203 65.5128682654651 -8.45343724569549
314880 36538.8646257213 18836.3969530268 15904.6115205538 2030.98134150037 0.996239426313726 -0.0289160007358117 33276.5083188752 41652.818232023 196.278471318252 -8.60410252136246
314920 36396.4511453504 18796.7520023734 15797.6138583352 2011.17668237351 0.994142641934334 -0.0293380555991975 33740.442692311 41685.7013558768 408.169096436917 -8.68085499958837
314960 36481.3792448361 18844.1204508411 15829.2352460781 2021.86450273354 0.996647914893091 -0.0295753512475457 34004.1160549683 42694.9711603775 -458.672199085672 -8.72842553097259
315000 36463.0349627897 18849.9720665144 15795.7989154696 2034.06102110052 0.99695740137588 -0.029138361784269 32712.7360803431 42308.6455256181 576.556202267576 -8.67256622366693
315040 36643.4329498893 18974.1106279655 15885.1150314216 1990.95728747418 1.00352297384453 -0.0282567244163096 32267.2198280357 42180.1703013237 -341.654938443496 -8.56413318352967
315080 36439.8030342669 18849.6358459558 15804.2877314534 1993.12147266733 0.996939618984837 -0.0301107274175892 32959.2116617536 43398.2763558992 656.705746498726 -8.76957946122137
315120 36367.4674039539 18771.2158864331 15818.4505965406 2001.56907804632 0.992792060633773 -0.0299074876074795 33962.6542980489 42153.5084624642 599.742473141194 -8.7420586446439
315160 36435.3388200118 18862.9384656962 15818.8679880373 1967.72846974053 0.997643182107431 -0.0285149484004237 32657.8134893054 41694.3412803325 155.416537460269 -8.59053005041971
315200 36499.3017183559 18880.2641289418 15825.8191697155 2010.74010277231 0.998559520240213 -0.0277079234138789 30777.522445834 42115.2947383361 416.108531674629 -8.48565291609574
315240 36499.4996377497 18937.6709336122 15798.749686661 1985.40066296886 1.00159571247453 -0.0282893724057177 33084.3317778816 41432.604865068 -229.771386612706 -8.56633171864934
315280 36498.9496951002 18845.9840699536 15879.6454809769 1984.03433699057 0.996746479965811 -0.0284838694098155 33463.7462381962 41130.1134506622 -132.973118017969 -8.57746258081028
315320 36434.1086520144 18807.7689406406 15872.0038815463 1975.01779072975 0.994725317500493 -0.0297452867932081 34669.6427554617 41341.4960476088 429.900347392325 -8.72405379446491
315360 36358.8090163134 18751.2179459321 15800.5966062263 2026.83670593693 0.991734388255035 -0.0273713522967181 31530.1896418733 40852.1125257756 242.344300612618 -8.42125688878456
315400 36497.5909909926 18913.3479059054 15793.0425951703 2004.51243733091 1.00030929027663 -0.0275679603982688 31935.8585411709 40663.5592087527 358.651811962432 -8.45333895178469
315440 36492.5301512928 18878.4260190523 15831.2815155262 1996.94751059888 0.998462304326446 -0.0297345521132731 33447.2784397653 42858.3916468203 59.8752663433303 -8.72817257550875
315480 36554.250307317 18952.3316003659 15816.7754408414 1998.84569682918 1.00237110143414 -0.028946726433374 33185.04837381 41657.9314427449 366.435338706545 -8.68247775337568
315520 36537.4989881285 18897.6544783953 15848.1823135352 2006.00975937599 0.999479279566062 -0.0271679070184786 32000.7830378852 40564.0884224413 -222.112417218052 -8.40681402584403
315560 36570.6996720368 18948.7304272907 15849.1493978389 1997.36623086164 1.00218063875661 -0.0290939435974879 33818.517023065 41893.9243382181 -184.95192386978 -8.67695686022105
315600 36555.7803336933 19038.9133357757 15745.8313497194 2012.57941678956 1.00695032848212 -0.0260204897870663 31010.3122282338 40318.4528227934 -653.148353929344 -8.30033359323926
315640 36614.2664569093 18909.2575420979 15902.0716203206 2043.67444671998 1.00009295475858 -0.0291609170084306 33383.2877031633 41287.6883904493 912.215876545436 -8.65505832825154
315680 36614.5887199802 18997.0436462691 15844.6300493721 2023.24439882264 1.0047358797445 -0.0287226958674043 32624.3151795791 41821.5927915802 359.049856047403 -8.59176450131513
315720 36442.829865742 18881.4248063636 15834.5693692536 1989.96511564654 0.998620907384035 -0.0275584028318187 32463.4645452146 40270.3095790578 255.734969002912 -8.44706383423177
315760 36511.1045798954 18883.6375701241 15875.1063928169 1999.95346360465 0.998737938390802 -0.0295205816133933 33892.0629001992 41658.5060243879 562.666672440817 -8.72444708046992
315800 36491.0997011643 18924.8928527857 15825.6161072649 1989.97757645232 1.00091989172475 -0.028759098931792 33239.8978319729 42022.3586839233 -343.459591445166 -8.64412079485497
315840 36462.2483010221 18858.1207590299 15822.5630131759 2011.37821654397 0.997388378105507 -0.0290372678319549 33217.3046345539 42274.9490516005 -57.1494498087469 -8.6841855135672
315880 36547.9428378114 18875.9572298877 15908.7897569601 1997.11894566263 0.998331732375388 -0.0264359843098343 31583.0067364561 40484.5711228521 -650.904324325589 -8.36700713716361
315920 36448.9537967792 18843.7619073656 15849.5817060086 2001.20951268123 0.99662895186384 -0.028816028353874 33094.2873437807 41859.7348512628 -21.2988993342899 -8.63392148033086
315960 36442.4618920864 18860.4262500302 15810.2671226345 1994.46361923542 0.99751031336931 -0.0273424066536923 31339.241836511 42058.870811994 -717.298687959764 -8.44821962725948
316000 36484.4647483881 18872.0344635915 15810.2088141844 2008.18342816377 0.998124260933043 -0.0296543491131311 33582.0750982754 42364.5426807626 414.91502523266 -8.78320440184688
316040 36618.1520738744 18958.7809202296 15868.1124853599 2001.08276540292 1.00271219993281 -0.0297375597103735 32857.9284403965 43417.359827408 135.528139480183 -8.74834324867034
316080 36506.2831156818 18987.4511914746 15771.3210793662 1967.95968894693 1.00422854377758 -0.0276049638675539 32367.0182254629 41409.4194274569 -734.07924699357 -8.47448693671048
316120 36396.1416345319 18837.4752480184 15793.9966709092 1988.27995818664 0.996296456327828 -0.0285237522880033 31724.0222278544 41940.9809904504 839.715374020112 -8.58210784073799
316160 36520.2490120059 18948.8879690021 15858.6166446291 1957.7185526408 1.00218897099046 -0.0293900740388663 32528.999544243 43384.3204017317 21.2597083800616 -8.74286580097014
316200 36583.6152968043 18983.980959253 15890.9595681334 1958.58075495498 1.0040450064394 -0.0297458849355894 33383.6585479091 42695.997291156 403.47061378316 -8.79237559014482
316240 36486.556131606 18913.6377161794 15834.8491793624 1959.16246742718 1.0003246180711 -0.0299202370776707 33579.7352771654 43204.9793725453 -38.9155477855018 -8.77421485381061
316280 36576.5457630434 18946.7187193018 15853.7057808905 2016.1913719544 1.00207424140166 -0.0285320222112893 33116.9544627381 40803.3491417132 589.804575496914 -8.62551839048884
316320 36600.8768652825 19003.5061521702 15848.3316268568 1987.80514052848 1.00507767564037 -0.0305484008446929 33756.4763482237 43414.1311246729 537.435930659097 -8.88619149004537
316360 36462.6752329724 18917.9728789712 15859.7270218732 1958.44433614293 1.00055390077859 -0.0294564199513977 32644.1589740303 42889.7957596608 428.163810884957 -8.72591106431589
316400 36408.7491798011 18771.1762576722 15884.9500949192 1988.10630389625 0.992789964705656 -0.0270050049131466 31545.304180408 40758.5662564945 -191.848106311011 -8.38385963518479
316440 36433.9557560116 18845.5245626778 15836.938258479 1954.1793275879 0.996722177055547 -0.0271241624661915 31422.930864613 40886.6641301272 -66.459742068443 -8.42088396948948
316480 36621.5468881348 19029.309203882 15829.9879712366 2002.62770425483 1.00644237492434 -0.0301428484158858 34377.0158204899 42719.4201739648 -63.2806883781242 -8.8243419694566
316520 36555.6776298653 18945.5697875677 15853.3551263054 1990.6353395782 1.00201347547628 -0.0289290018310833 32584.193063151 42598.2360630801 -142.101106344405 -8.66644784236423
316560 36517.0750677196 18891.8214195655 15878.9711897634 1968.35244166268 0.999170774537382 -0.0285452434408809 33000.4488142525 41478.7506262682 10.8634522486923 -8.60631773956967
316600 36461.2448646538 18847.2244959037 15833.0094179977 1979.67548522695 0.996812084934747 -0.0274577983337934 31310.3104777515 41591.7303283385 -73.4751938204325 -8.45504889044137
316640 36522.2846160454 18895.6431507067 15865.3722990867 1958.72937191032 0.99937290232483 -0.0277041271122669 31765.8955282968 41191.0595319279 175.670372665819 -8.47444590197334
316680 36472.1637954031 18827.0382933703 15823.0294677183 1995.02321704234 0.995744455553103 -0.0296492547595719 33270.3313079112 42410.6490013331 442.679743524007 -8.68005939512922
316720 36640.6501110409 18964.9490049767 15914.6226687345 1955.75614704875 1.00303842416907 -0.0285579962494179 32329.2114714387 42028.9827478956 136.70122268431 -8.60055169438383
316760 36475.9100293173 18868.2915334501 15799.1477578274 1994.8639924176 0.997926300856807 -0.0281730246789096 32222.1440151658 41807.3274807542 -47.7757687710881 -8.52635525626472
316800 36630.8933632113 18936.6535145637 15910.911077023 1968.96309426502 1.00154190213215 -0.0301150165724608 32774.9314648909 43403.2117695581 899.06348567687 -8.81837705455477
316840 36492.453414605 18847.8434307172 15875.8208920604 1941.96137319179 0.996844819818445 -0.027957418836158 32604.3090949573 40754.9178104552 216.900774331189 -8.48014793736989
316880 36529.3650845108 19002.1812079339 15781.1968016105 1953.26402346474 1.00500760057828 -0.0286114084707505 33549.4292758536 40830.2250703151 206.199845367706 -8.59806139717259
316920 36462.8670179778 18899.8667190312 15811.4598295483 1958.76176210762 0.999596282905261 -0.0311594786723097 33432.8255060398 44288.2800558808 967.796714850222 -8.94214061435288
316960 36558.9263974075 18895.767269536 15875.5004789568 1986.8254788961 0.999379466853683 -0.0278359165886321 31649.8572237032 41553.8290761155 222.58215738592 -8.49346036366928
317000 36729.6516448918 18991.1517353609 15964.5917352178 1998.11544615788 1.0044242620844 -0.0287329072696384 31618.0747496181 42658.525246987 603.929775629101 -8.649784345812
317040 36674.9715905862 18903.3819756464 16003.1742489974 1973.05601608625 0.999782201541523 -0.0280320363120165 32495.2155202445 41012.8103935235 111.353498345317 -8.47890721474583
317080 36531.812700667 18954.7715237884 15865.7303351341 1934.86532701296 1.00250014670307 -0.027676113146275 31637.0960923924 41847.5510793246 -228.622036299388 -8.51173218837481
317120 36488.8092334248 18928.6285935173 15914.4419123829 1907.91328075053 1.00111747155982 -0.0300601843941459 33030.809885811 43404.9423232371 469.160737292448 -8.79750407659775
317160 36444.4573859555 18934.1423055894 15828.9163955377 1948.74267356 1.00140908663702 -0.0299054485907848 33446.716422111 42901.8598592429 371.481629668557 -8.78677925551027
317200 36566.1545494155 18938.2760671561 15873.062775126 1952.42350186445 1.00162771742198 -0.0294294168402999 33402.7971791689 42352.7898376554 231.682680894396 -8.73274909540229
317240 36484.4616455359 18871.4737036674 15875.6975053057 1951.42697811028 0.998094602864863 -0.027926905717453 32515.3726649952 41306.2782288567 -184.747618363088 -8.54374043479096
317280 36523.6040015559 18922.3580329551 15859.3315022033 1991.15415663868 1.0007858274735 -0.0300535378263352 34030.4751432242 42453.9136991348 493.41778567449 -8.85715779478076
317320 36563.5327994967 18911.2186678951 15904.8455376894 1973.44077656518 1.00019667686871 -0.0285384642737688 31564.5940726743 42561.9063952148 459.164156989833 -8.60745202440698
317360 36513.3722544074 18867.1967834335 15891.004503765 1982.84432510275 0.997868400551816 -0.0297972134311685 33360.2662584402 42502.6097358265 670.277831049387 -8.76752998760239
317400 36589.1872660719 18933.8989846794 15862.8392744996 1963.33618198511 1.00139621762155 -0.0304275806039302 32841.4416740055 43834.5612556822 953.793029675292 -8.86970597179503
317440 36595.6216681768 18871.2712993384 15962.058291567 1961.27393707958 0.998083897889112 -0.0289506773326839 33255.4020328566 42595.8870413804 -632.880994985382 -8.66210950993122
317480 36536.9557692307 18935.6507906529 15896.5286973193 1946.18196871642 1.00148886900187 -0.0294025066084892 33315.6616327676 42220.953037624 380.103500438037 -8.72155604304279
317520 36456.9546204276 18879.6621112215 15828.7915967673 1968.82543526547 0.998527680085761 -0.0282767263220478 32238.6550678507 41963.2954050902 -52.8921101532032 -8.58637223479247
317560 36575.5601794836 18990.4238517082 15867.5639108059 1958.34130075365 1.00438576499845 -0.0278126547333006 33157.1005539124 40630.7406605792 -479.682594203306 -8.52596793938157
317600 36471.2926008637 18896.7153946981 15905.3831205034 1948.90546689899 0.999429612307186 -0.0283780732807165 31932.2852613612 42669.34064499 -236.340816277373 -8.60982369533852
317640 36402.0970484805 18828.871552576 15823.2400974642 1993.10124481314 0.995841414918738 -0.0298132177181389 33525.450513235 42484.621986442 694.665374250889 -8.80885671038501
317680 36473.2159860055 19032.1131759923 15728.5498312321 1996.39146920399 1.00659067438807 -0.0286399411270494 32379.2909821334 42580.3476109645 -197.192405362164 -8.67577266276849
317720 36483.8928093961 18939.5782231516 15870.3664057125 1958.82287801699 1.00169658723531 -0.0297601412990941 33513.2097800745 41906.7870108311 993.109239491421 -8.76564046295399
317760 36510.2407411915 18925.347576609 15862.2029721818 1941.16551025035 1.00094394164268 -0.0298658913543306 33654.340243131 42507.7943980807 472.065255742986 -8.83330747202577
317800 36476.6156081666 18857.6978236665 15812.2585869247 1995.31503240774 0.997366009449505 -0.0281085657160396 32391.7326752199 41721.3318958222 -296.280807179976 -8.54670743852651
317840 36476.8585075659 18843.8703213225 15819.3676596342 2002.66740353963 0.996634685776678 -0.0296665748942312 33742.3206292526 42204.8125733248 285.88348371961 -8.70559428003805
317880 36639.3652956695 18978.2597128502 15891.1441790448 1962.20458731146 1.00374241506546 -0.0303509202954361 33969.6188764293 43746.7977199327 -334.063117376007 -8.84945999565938
317920 36584.6622817213 18869.0087255091 15946.5044564075 1975.1468632468 0.99796423247437 -0.0290532915842896 33143.1740795811 41590.8712580671 564.583997666092 -8.63554613623751
317960 36431.0922329654 18824.4716662374 15821.1407368054 2002.26919045221 0.995608709043366 -0.0296844554249779 33374.6378082314 42004.6109212661 957.651163739152 -8.71945984949045
318000 36531.094635465 18941.6354700642 15794.6556685275 2013.90302463765 1.00180539310137 -0.0273722933976188 31832.5666109033 41330.1844814191 -370.11638344604 -8.45184425273193
318040 36478.1764618013 18885.7705392027 15814.8265040137 1999.10490211648 0.998850749131439 -0.0292118618917455 32458.625320565 43192.437130677 -16.5867222067375 -8.68072428039827
318080 36411.1633250823 18759.7950371212 15866.6422637643 1986.01329167489 0.992188022590042 -0.028692660542438 33439.8077402205 41192.426604922 94.4612298145508 -8.63916503065681
318120 36445.8094564727 18904.772655718 15735.6804335173 2003.20394604434 0.999855753310486 -0.0295270436347789 34015.9080737767 41507.6028704451 487.531258600253 -8.72108909839587
318160 36576.1332225346 18967.9015065802 15812.0520233244 2003.64484907527 1.00319457921884 -0.0302042152418096 34281.7669496941 42508.402420683 365.02441803649 -8.84074271630081
318200 36503.1328299334 18984.0492479887 15793.8389314835 1955.43959769426 1.00404861816679 -0.0283920138825017 31741.977868504 42280.8302177788 324.054389494964 -8.60643489007796
318240 36595.4900607085 18998.0054548897 15831.9903284922 1975.45594858905 1.00478674890333 -0.0301130374070095 33391.3810421453 42925.571956911 883.711254744754 -8.85731290258756
318280 36587.7196548054 19004.0090573769 15839.6297978667 2007.30644272664 1.00510427382662 -0.0290526916161192 33304.83095661 42480.8603595034 -424.113242414845 -8.67796718580203
318320 36536.8859111145 18959.5051716191 15840.7356689423 1978.50464562078 1.00275050491176 -0.0267748443260969 32444.1858782223 40080.7023691247 -696.797725395301 -8.38633049324151
318360 36553.8355127582 18944.8030502789 15826.6241088829 2025.11528233617 1.00197292345783 -0.0296227102739011 33384.534066571 42189.0932512048 708.648184012679 -8.76350370974482
318400 36481.9705938295 18858.9608879328 15860.2783380547 1998.79465230917 0.997432811737817 -0.0278548819835757 32733.959487445 41223.1249795095 -442.071818440102 -8.53886797446752
318440 36425.0527304564 18993.1283124286 15712.0516490993 1963.31886634644 1.00452880139778 -0.0282431718562192 32824.7872830202 41668.3968455201 -405.530721671292 -8.59536475937031
318480 36451.7657011099 18885.631730921 15797.3079662491 2004.14180266365 0.998843407691179 -0.0293781445612632 32436.0092705189 42498.6682045775 913.914092586731 -8.71554239697215
318520 36528.2122524168 18924.4310879685 15842.8528789259 1987.63124658451 1.00089546941523 -0.0296178070186946 32739.5689551945 42413.7628206017 1024.98008245419 -8.72735604679016
318560 36466.429797096 18919.2509107229 15809.9663512783 1960.63322828954 1.00062149468321 -0.029653115169055 33545.6639238473 42374.5878247401 328.775778968079 -8.72315425420741
318600 36490.6794713538 18847.6396513668 15843.8448773167 1990.97215173565 0.996834042119095 -0.028458579100225 32235.3218307276 42262.9206367662 -187.7486558578 -8.5837173481471
318640 36543.7997249803 18967.1563904528 15808.560316466 1967.31036899067 1.00315517072341 -0.030050868062873 33054.0871880537 42919.8321297753 872.815814922752 -8.79315743594268
318680 36456.075651408 18905.007271461 15782.4810905723 1980.69026609563 0.999868161917809 -0.0288567063168916 32525.0346339613 42303.5668783642 98.4701952764415 -8.62361462545674
318720 36604.3919036255 18976.3706133954 15881.2491453324 1975.18177904146 1.00364250236125 -0.0274090195605187 31882.7139183576 40909.8468453273 -39.9609681951877 -8.48303781835964
318760 36457.1052329037 18879.0751595275 15783.0878945484 2000.41612251691 0.998496636759353 -0.0303026429692616 33099.2144739967 43181.1811932438 990.358348508837 -8.83688534002455
318800 36564.7797888518 18926.9444611485 15831.191573268 2002.90869752788 1.00102839937319 -0.0294211038008056 33313.016659528 42320.0213562645 257.622131147975 -8.74627716556891
318840 36456.1927782153 18776.8859311662 15890.2497106844 1994.9120344093 0.993091943999271 -0.0301287143092001 34003.3171120252 42017.4272930048 928.195587680262 -8.78576704320573
318880 36711.3142895957 18937.9342296937 15964.6281599879 1985.33256089015 1.00160963795815 -0.0296001652649329 33852.3246663845 41713.6500967777 614.925415871116 -8.76493467432996
318920 36577.4742629079 18922.4206448334 15852.5870742582 1973.35925068332 1.00078913895721 -0.0301001532697099 33143.0461813943 43363.7395457918 471.633308970167 -8.82974950418741
318960 36709.1578963053 18959.2555391229 15960.9957171854 1957.32227393737 1.0027373020824 -0.0301157579745879 32425.7659533985 44129.3328075423 509.07435773642 -8.83165786818532
319000 36754.1997668747 19025.912690633 15921.1843285396 2000.93278116602 1.00626273651371 -0.0296394722072087 33041.7542602364 43371.8596934771 -48.9722235863339 -8.8175977384901
319040 36719.6998885533 18978.7805349524 15947.0186036838 1979.43046085531 1.00376996085957 -0.0275396837357031 32468.1786577791 40712.637136787 -245.11691126189 -8.50859307547641
319080 36566.8258726085 18914.2123787063 15842.8766401809 1970.90143270608 1.00035501143495 -0.0319801339592229 33846.5035413922 45088.4108661089 946.081366904118 -9.03404012842408
319120 36700.2705782453 19014.9157644649 15885.7191541436 1985.84252918096 1.00568111936876 -0.028617947589454 31995.0072822968 42825.1304234466 -131.033690048953 -8.6069700929403
319160 36595.9670449828 18927.0899238155 15844.3961944915 2008.64491049951 1.00103609275766 -0.0305419755178745 32821.8691439241 44273.9279984855 515.820610100874 -8.8643231083699
319200 36610.1914495377 18840.3068093186 15920.0595019298 2023.66162339654 0.996446214958009 -0.0293951130846412 33735.9444674446 41669.8657765944 534.515658559474 -8.6982873033995
319240 36742.8031804291 18961.5942408401 15891.5232410973 2040.70614118732 1.00286099382997 -0.0298646756761939 33485.8022738837 42225.7287442738 919.048235375559 -8.80127610211438
319280 36634.2626585709 18974.8933213561 15816.403731422 2019.95992854415 1.00356436976629 -0.0285417481790942 33711.3520632068 40886.7941735745 -61.7114460148655 -8.57601330578811
319320 36506.7693596572 18841.1745251187 15831.2094289791 2025.20533350292 0.996492107635528 -0.0285573746194404 33856.4491011209 41162.4350332627 -453.334971371243 -8.57004465850457
319360 36464.332417008 18860.7726825373 15790.4167830542 2010.94181539238 0.997528635860757 -0.0287962852355789 33187.8832079561 41434.8633521915 343.47109057099 -8.60191917726917
319400 36550.1852167295 18895.2124832235 15828.8678214434 2022.14419669307 0.999350124724234 -0.0296947406737663 32925.0462364776 42439.6000749925 946.820454769928 -8.72292632800185
319440 36464.6423447377 18872.3526102753 15774.2671486454 2033.01343415412 0.998141087413739 -0.0283108200087422 32263.4779717764 41717.0253440906 113.499703670752 -8.55406005780539
319480 36460.6361692147 18798.4111355532 15831.0918956483 2031.31395954159 0.994230391937233 -0.0296678123011393 33290.6954270852 42916.9339510413 48.2721790065169 -8.7179048541001
319520 36470.3347620784 18893.6532912038 15753.4534556197 2008.33761543592 0.999267660515871 -0.0287292464278649 32000.4637509337 42779.7510682425 92.9906858278961 -8.6279808247844
319560 36420.9514243877 18769.9124668886 15813.3498736706 2005.93183986941 0.992723123992523 -0.0301217255140869 33524.2518717683 43167.02579146 327.891018165787 -8.77664745536049
319600 36442.3876377043 18891.5828288401 15734.4294288864 1981.7812769039 0.999158155696951 -0.0283999371921967 33449.7226125949 41508.1515251029 -571.815692027443 -8.59905726619923
319640 36555.1828273982 18927.7606245482 15828.3390956241 1978.24828493971 1.00107156549244 -0.029772091019825 32809.7595853515 43062.7689400312 543.297820381335 -8.72264191400805
319680 36628.8697442313 18830.2383349031 15945.0550106042 2011.50704163681 0.99591370275833 -0.0294853065357511 33605.447362347 42566.5675209092 -233.928511474914 -8.71830885033594
319720 36600.4631640792 18859.0621743889 15873.5267963738 2007.74077210807 0.9974381686838 -0.0280643064572928 32605.7279543939 41444.9894320716 -297.985897899605 -8.50096667006955
319760 36590.8869667236 18956.2733970346 15789.0548764838 2000.85365741817 1.00257957937509 -0.0290943052004387 33314.8978643462 41621.3705249738 532.451614478969 -8.68398751019082
319800 36326.5655661505 18773.7686464495 15731.5111004699 1959.34909421295 0.992927073724684 -0.0306503864978177 34245.602647572 43286.8844522237 253.751724645005 -8.8110876333874
319840 36632.3637020032 18820.7964792674 15989.3632446846 1976.25661232501 0.995414331840139 -0.0284721102412752 33352.7299512119 40841.1605020819 158.902041873816 -8.52840664867294
319880 36597.8982030555 18927.459138257 15852.4499164675 1962.66862863464 1.00105562016433 -0.0307820880209651 35238.7609108064 42112.071951799 677.063286632322 -8.8464058600116
319920 36630.2256047085 18991.5815154149 15842.7735697091 1935.42469859441 1.0044469927497 -0.0282296840034011 33354.1896503647 40237.6097502503 350.455277892339 -8.52315555019146
319960 36625.4828118869 18912.1217989146 15901.2499800273 1967.62986363808 1.00024444262407 -0.0296902264208936 33060.2336284544 42970.5303520223 313.91811122481 -8.74463062275753
320000 36518.1939170867 18879.8028007509 15869.1858463093 1929.31033997347 0.99853512102345 -0.0304435197542387 33830.6664831474 43384.2426150301 284.052661862328 -8.81265085492614
320040 36549.4886562294 18916.7301156432 15855.7168636843 1947.18169659488 1.00048817218793 -0.0291573138867649 33187.8230392927 41864.0156530295 374.796226484242 -8.66724109252089
320080 36555.6682120098 18888.6012194952 15891.6296902713 1950.21414911144 0.99900046116595 -0.0293560368500197 33644.5105593143 41151.2982981003 995.470869027125 -8.71776509019357
320120 36628.9663153718 18990.7027675025 15848.052447756 1960.23842534033 1.00440051659408 -0.0278124740529249 32514.8544683143 40702.7347541726 101.718562805622 -8.4420154494641
320160 36515.6656351881 18803.0894596155 15905.6064577651 1999.55410343604 0.994477824123523 -0.0304454086705273 33503.8159465871 43998.9561309467 30.6733279555247 -8.82162053592558
320200 36584.8482172443 18859.1118610216 15865.9770983321 2025.97235637075 0.997440796563353 -0.0291020609008813 32345.9405593091 42586.6128709053 390.017754768131 -8.64545448338089
320240 36595.6209686749 18880.2800759067 15872.3410877221 2023.02915231396 0.998560363660277 -0.0295193491031204 33424.0117452708 42332.7541949482 364.042826092795 -8.73448287478919
320280 36580.6227179361 18960.1906344337 15837.5401069918 1990.76436107501 1.00278675839924 -0.0304558335079062 34129.1571366286 42446.108928559 1061.06342771697 -8.90930122417588
320320 36747.0183809645 19078.9405728963 15851.2315290396 2001.28765483018 1.0090673316354 -0.0301762912088662 34087.5471097714 42093.1465289365 894.795542971281 -8.8379849337844
320360 36568.0579964243 18907.7644222843 15899.8224100109 1950.06988149662 1.00001398504743 -0.0291885489900272 33505.213923255 41015.3060123193 991.094188138902 -8.67306651342374
320400 36729.6184991987 19087.4180974641 15867.1665132518 1936.81650590481 1.00951569998488 -0.0296011486248605 33879.5822054858 42414.2200951822 -157.818525806729 -8.74192617418335
320440 36499.8505149955 18790.3819317793 15915.1614189708 1949.20081741145 0.993805734855443 -0.0303095941272648 33658.6356219496 43070.947369162 529.625646339733 -8.817834861023
320480 36697.0369908556 18941.9798511595 15957.1384358936 1951.17697228102 1.00182360709557 -0.0298255807491925 34018.4361060999 42409.1070576929 43.658968979506 -8.7546382738626
320520 36748.261511039 19030.843701673 15906.7251480912 1965.36983317877 1.00652353307804 -0.0307765892937012 33182.7904398099 43875.9943572166 920.587063507585 -8.91203481281736
320560 36538.8621731534 18858.7883024311 15905.9022519389 1986.27805333796 0.997423683851966 -0.0286859604017055 33263.5654849289 40632.2332881253 839.027206200779 -8.62755945474079
320600 36529.6355926575 18883.4302619421 15873.0303872742 1981.71855754899 0.99872697405485 -0.0297459257472081 33029.8257854717 42907.7799778172 435.356469665516 -8.76438719791525
320640 36639.3138262734 18910.3777397103 15918.1629832786 1995.31793252355 1.00015220096313 -0.0311312288260907 34316.8892516987 43465.2515433412 765.011108429965 -8.95236050207967
320680 36706.7038333182 18988.0755274016 15882.1775049442 2010.52765681769 1.00426156432112 -0.0293902238763906 33912.5548745235 41782.708487081 149.235069762695 -8.70229988331253
320720 36691.2081324216 18968.5737257362 15918.1223105652 1981.51080112394 1.0032301322616 -0.0291324946409986 32503.6292685691 43325.592610561 -389.847709776901 -8.68522267744729
320760 36493.9954291565 18811.1696198974 15892.8423632085 1982.85351258652 0.994905176247384 -0.0285780822563566 32232.251228811 41681.5168557292 610.676549755692 -8.57927397900383
320800 36661.2473392026 19018.8249453089 15860.8112386182 1972.50866658546 1.00588787228924 -0.0294737194102103 33631.7357741134 41867.3611347549 540.127324170803 -8.74589203894138
320840 36644.6909113832 18945.9537627965 15866.8588854288 2002.44304692215 1.00203378356718 -0.0285710934566796 32567.2562155998 41549.9561064066 429.59075808595 -8.63302832095157
320880 36659.7760629744 18986.0800748469 15904.1544484725 1945.59906176637 1.00415602670088 -0.0289475829106309 32489.9851111692 42596.1910460029 44.3809527231592 -8.67406222597991
320920 36605.2949681249 18914.6929948489 15860.1017690876 2007.88623978015 1.00038043077344 -0.0303936277614769 34247.8971673456 42836.0261397694 361.938788991597 -8.8629376859389
320960 36501.4390042859 18896.560191191 15796.7111298553 2013.56469331907 0.999421403738781 -0.0306165354937692 34136.4394960206 42825.7804812139 786.800917548791 -8.86332302997424
321000 36669.3504491903 18914.5417666246 15955.0882885531 2002.60703055404 1.00037243245403 -0.0298014532617097 33568.6976853121 42528.937877168 381.389396005838 -8.74530977987758
321040 36602.6150604812 18968.0229768121 15818.9556745794 1991.6107900554 1.00320100366585 -0.029154368745601 31873.180235519 42984.3035372331 585.678522015534 -8.63800199092782
321080 36641.4330476736 18919.5791306271 15880.7391374007 2005.88225175738 1.00063885392712 -0.0296374023796362 32909.8309883629 42813.9402721444 522.724935292543 -8.7093332896674
321120 36761.1429240596 19032.6985751604 15915.7211867525 1989.99390617614 1.00662163560282 -0.0282287422989328 32779.4620929359 41699.1566347152 -387.705438933411 -8.5732000698876
321160 36576.996776515 18898.5372715367 15849.3455016622 2007.94448460411 0.999525969670065 -0.0277870738980071 32744.213580348 40935.6473548782 -281.527240624926 -8.50671284419685
321200 36744.2930174308 18955.0850767069 15964.4679741686 1991.50343036616 1.00251673022382 -0.0292836692094289 34096.3029572273 42030.5544859681 -314.577559525068 -8.71855804024407
321240 36555.594986397 18970.1123061931 15790.0994069585 1945.48674934116 1.00331150634368 -0.0285998800757084 33716.874724776 40490.1210658589 345.340602856227 -8.58566795783143
321280 36547.0994883327 18851.0855696611 15926.5950529985 1949.45588668712 0.997016293516389 -0.0307131828894665 34866.9855427493 42155.8391983631 857.769259933517 -8.84119210662958
321320 36560.5959413718 18889.9821715988 15911.3588165814 1920.09694217713 0.999073498431774 -0.0289051316631749 33631.4707265044 41345.6540892883 137.472244495363 -8.64133004777462
321360 36691.7535525698 19031.5320850584 15848.8612691053 1966.53964294462 1.00655994103178 -0.0284130667623442 32642.3963485306 41660.8658975846 3.50552522848712 -8.61605536509113
321400 36544.8607462004 18823.222343664 15858.2116084479 1994.51505801184 0.995542633540341 -0.0291905907812785 32378.2478847765 42593.1298011469 551.261712840207 -8.65467208570979
321440 36507.0401680161 18876.8445540818 15808.5667472499 1970.71474077547 0.998378662122536 -0.0295882983043215 33369.7084266254 42263.0934195849 500.101216015543 -8.7245251445373
321480 36688.7331969503 19024.9612762308 15818.0841928744 1986.29095664557 1.00621241709537 -0.0286445590458172 32773.4015184849 41667.8080870541 158.220671133909 -8.61997146399502
321520 36536.0576982133 18874.2408057143 15823.5233237024 1990.87491587611 0.998240952305398 -0.0302312737632099 33953.6664358096 43106.5647822343 89.9288906977432 -8.79357088890657
321560 36578.5009897429 18949.0671196506 15819.5470436603 1987.52460951024 1.00219844610078 -0.0291456461805022 32841.2328938858 42542.9714351835 51.5834129658029 -8.6457165911943
321600 36587.3770725895 18954.478942621 15848.5093622967 1971.18292187458 1.00248467235864 -0.0310779823990867 33030.9514997342 44450.4562826471 1016.27592795744 -8.91195293194094
321640 36734.7883257068 19002.0901417661 15914.9998431461 1981.86890542879 1.0050027841738 -0.0295176976021651 33246.8867968344 42453.0456946434 267.076290455778 -8.72512555099054
321680 36569.1476945849 18824.6410600635 15938.2615056126 1978.13390802678 0.995617668124475 -0.0304184307530781 34065.2023192138 42887.7210526049 544.451494631271 -8.82327727569337
321720 36603.4419540192 18885.94206766 15899.2574372774 2009.95948693988 0.998859821111197 -0.029525813526064 32792.3434500186 42977.3694604873 295.803396933491 -8.69944062385751
321760 36576.2002665973 18879.0330864104 15853.6507892116 2031.96713280739 0.998494411551522 -0.028738876414593 32623.2833509822 42035.6886502297 122.946208844047 -8.63349829913941
321800 36624.9007665321 18847.4319909274 15925.4426241355 2029.24975655086 0.996823059152581 -0.0291372586222339 32860.0343884543 42686.8851840028 -87.3767900088316 -8.63898543849274
321840 36548.5810258708 18901.5659828426 15835.3244295502 1993.004389987 0.999686155379748 -0.0303100676267004 32216.0843400257 44729.4159653781 411.229522971723 -8.81023505626048
321880 36690.9084507908 18985.2820741432 15905.1388481784 1982.06391889195 1.00411382118965 -0.0288893291473562 33973.0971041089 40946.0153197341 179.232592157586 -8.66464841317367
321920 36463.8176806721 18877.2619748173 15745.341755406 2018.37388903584 0.998400739115021 -0.0294528870529091 32758.2598953096 43030.4975357018 189.35469380417 -8.66364762971363
321960 36504.7603657529 18920.5137855042 15828.2673459756 1944.71124273164 1.00068828694985 -0.0294394873313191 33910.0476543577 42322.0431133774 -173.21255730289 -8.68395181977283
322000 36577.7578412287 18896.6754985359 15840.4491267791 2012.30706251268 0.999427502236464 -0.0305975851553238 34215.6848551406 42799.1113399977 783.248249749436 -8.84179827561042
322040 36566.8288804162 18871.4376400693 15842.4656795222 2030.26019741896 0.998092695494871 -0.0280035780493967 31892.7436037023 41450.5405952275 348.982271729157 -8.49421729702524
322080 36439.1381035207 18819.6926372249 15774.2092043211 2010.26193400347 0.995355950666399 -0.0289591126330386 32396.7429881673 42439.5728287182 387.729099593963 -8.62630643302323
322120 36550.9142876034 18932.846132941 15803.0036415278 1980.17708727626 1.00134053327732 -0.0281125986234852 33005.0510257062 41024.9571356504 -161.62567584356 -8.54684127450912
322160 36620.4070501829 18963.9883436445 15838.2603906878 1963.62139500869 1.00298761568925 -0.0282396297879912 31992.3190038411 42252.1202568094 -194.758573041102 -8.53736733987437
322200 36535.0306752725 18919.015722005 15797.2297941568 1975.34635211978 1.00060905577178 -0.0287180240944168 32664.7588878653 41940.6399530879 118.515482304631 -8.5841432670634
322240 36734.0504242896 19023.3477618625 15850.8320057421 1999.5417540881 1.00612707982877 -0.0284984612073345 32274.1518769175 42041.4964732768 121.880800180045 -8.62866829418531
322280 36601.4470029187 18882.6663787256 15867.5608300035 1997.00998411641 0.998686572985619 -0.0299342944058946 33570.9974720614 41891.0441340961 1145.31674643231 -8.77688952747183
322320 36674.1798197141 18949.7465777771 15895.3870010002 1984.23552712574 1.00223438200593 -0.0298608154712483 33877.8091094704 42184.8158400122 436.564349116979 -8.74643321243681
322360 36430.2595670193 18801.414860534 15856.8210755377 1949.05920739985 0.994389256143541 -0.0272144762155888 31351.2163427073 40393.291858849 613.04974723226 -8.37060886685545
322400 36605.0247223678 18832.6797411078 15994.4225665364 1963.05959308859 0.996042826450236 -0.0302304988933197 32751.752372559 43081.8067985042 1252.9600999057 -8.76716541179241
322440 36647.0961338565 18925.5515059279 15877.7336608214 2010.02250934264 1.00095472727372 -0.0286103723690274 33239.4106273581 41596.2033215741 -270.64942352611 -8.59761225097607
322480 36588.1581098108 18908.6897902714 15925.3369053105 1946.84932975533 1.00006292689522 -0.0297315763037369 33569.705749606 41922.7998848751 914.248515116109 -8.75168666329088
322520 36699.0411215856 19013.2670500418 15914.6159412154 1964.38697760679 1.00559392040417 -0.0283722113967806 31669.0388338821 42096.320056963 486.87225082915 -8.57080770201649
322560 36625.0035060812 18967.0910928285 15906.0490184264 1978.5022431648 1.0031517171931 -0.0275306423086434 31595.1667515362 41066.0633341023 337.343615702567 -8.49977504117098
322600 36523.4206626653 18882.019625811 15843.8858020865 2000.5662377239 0.99865236682856 -0.0286071049229191 32653.46865871 42206.1522520468 -144.6096915368 -8.59474832674824
322640 36517.2123978908 18853.5384948596 15876.638352824 2005.8191167287 0.997146026437107 -0.0289340811935188 32500.587586856 41988.6054463828 554.982332916805 -8.59511579854538
322680 36582.0940978641 18909.7931314776 15840.7357502792 2019.92206487602 1.0001212815802 -0.0300789205206426 33801.8432638166 42238.7355330958 845.513722204435 -8.74798405261556
322720 36752.8642854499 18937.3597171841 15962.5666168219 2016.65770191388 1.00157925252858 -0.0304442117080514 33457.1206661681 43188.6016526885 786.573275111796 -8.79424419316575
322760 36539.8211018543 18840.7783004893 15849.9407396368 2019.79973700287 0.996471151685274 -0.0289500924931 32170.9025748444 42424.3095901592 572.165371603615 -8.62419471203071
322800 36513.6430004462 18830.1481251341 15858.0130850838 1982.6450129741 0.995908931647975 -0.0293744492332091 31858.7434314304 43786.9989000426 216.308970429839 -8.72066197874703
322840 36536.4501194166 18848.644414862 15883.797617584 1985.44668784256 0.99688718312109 -0.030384098829059 33831.5284080588 43136.956779888 340.754252664304 -8.80442546608686
322880 36557.1956268746 18915.1060330886 15809.4584347397 2029.29384708239 1.00040227597983 -0.0294170220203009 32700.0195044625 42511.9670953218 613.569483202999 -8.71032871412379
322920 36695.5764052886 18896.1484434774 15958.9092074478 2017.9344252508 0.999399626787117 -0.029878364271983 33025.7535881753 42851.6935610694 725.090485597344 -8.80565587674726
322960 36626.7427744594 18899.1143954874 15865.4325485001 2013.8459876286 0.999556493216313 -0.0296622918426733 33478.5273394813 42789.1379288055 -7.40492042492112 -8.74215871247332
323000 36551.8156689865 18831.9559462677 15928.9851032173 1966.24203969441 0.996004545617754 -0.029284247907413 32875.0322997929 41886.823706751 848.980132759073 -8.638960226349
323040 36519.4769482479 18855.1230886019 15871.5029525058 1961.60679523458 0.997229834118836 -0.0286134503187321 31885.9292076844 42183.4638877253 500.799412428541 -8.57194576616751
323080 36534.2277868047 18942.0933509668 15797.627177079 1959.71764968745 1.00182960999428 -0.0280192563650511 32249.1817434788 41190.3142189187 225.502739803895 -8.51988231480435
323120 36580.757803037 18950.5355865012 15882.6078966444 1936.73496182024 1.00227611193977 -0.029645119340849 33138.1575627168 42146.9961886759 953.405689038205 -8.76220825526682
323160 36583.0559753527 18905.5139175682 15873.1772805547 1979.69548451283 0.999894957956803 -0.0292972024626435 33254.0440411568 42137.3178917133 315.452705017969 -8.71553716925924
323200 36609.2792341826 18862.0176118173 15896.347722173 2015.51697257044 0.9975944790066 -0.0288548357070303 32605.2534214447 41797.0651287474 639.007391846449 -8.64737225855815
323240 36525.5584605621 18856.8242813258 15867.3015767267 1972.87770637989 0.997319808611706 -0.0291177136437476 32832.1275749172 42612.9286684315 -131.114343666428 -8.62611787094288
323280 36557.2557948898 18966.7540502009 15850.8779171383 1931.12509801221 1.0031338913236 -0.0300111915092207 33166.3272985316 43181.552667519 469.759855093088 -8.77815224784688
323320 36525.0720887263 18849.1213763696 15893.6421511422 1971.28350987029 0.996912409169357 -0.0295037266147477 33417.3046324201 42097.5727746619 469.045588930363 -8.72783820195177
323360 36493.9039055819 18875.8010914215 15860.1837518637 1945.55260817922 0.998323474357872 -0.0297670688142292 32582.8695001959 43415.2877811224 451.7891679885 -8.73764088779171
323400 36447.8515008164 18846.1225858313 15830.7463209952 1960.50977388724 0.996753805941095 -0.0285498301288616 33172.4654640117 41376.3432892273 -71.1244514984501 -8.56900575553802
323440 36592.607818985 18932.3489497672 15851.4681112598 1958.31892145367 1.00131423772404 -0.0289207603175615 33686.1625932107 41720.0899680882 -215.476798609566 -8.63876673510765
323480 36625.6083699174 18885.7314690124 15931.329607771 1970.94429024384 0.9988486827456 -0.0301297740024147 33626.4284788974 43203.7960533767 202.042959351639 -8.79658275078201
323520 36633.6693141048 18917.5589865781 15944.2558436264 1936.91031208661 1.00053201039683 -0.0296479884306551 32952.7386053687 43149.5165033336 101.219414084249 -8.69509047460685
323560 36522.2442803422 18934.521366129 15760.709192091 1986.9357507751 1.0014291347946 -0.0288844075530291 32242.9001254497 42941.0877987708 -151.569216045525 -8.62699528461792
323600 36576.7634184885 18905.6090379182 15870.2962030707 1979.1228906749 0.99989998878319 -0.030010687900935 34045.3215805144 42122.2218059258 666.878509613102 -8.77507822797188
323640 36623.1650235389 19039.4580300741 15776.4652482626 1987.07367297858 1.00697913685438 -0.0292065652058914 31804.4629366263 43426.1898775291 205.54258498753 -8.63661111952441
323680 36601.4822291235 18939.6813033277 15862.0527783439 1982.99410611476 1.00170203904946 -0.0288170569276948 32812.3962716642 41734.9364787891 424.03304449573 -8.62684178786005
323720 36544.6811535715 18949.7758397352 15826.3919551395 1950.42303140612 1.00223592964354 -0.0278916080197216 32302.5963128073 41052.1434413078 84.3713894285065 -8.44863000313553
323760 36565.5337592389 18962.1432880513 15840.5856222087 1988.0161541993 1.00289003242371 -0.0277608628505333 32741.508916429 40774.3979232902 -267.036089028045 -8.49814161488417
323800 36576.9461516316 18901.4341107512 15898.2470105518 1988.53324996045 0.999679180788111 -0.0272770735777321 31956.0703043227 40293.2584932624 361.740001343884 -8.46263354288425
323840 36478.9323053257 18867.8539462075 15810.9620003451 2007.1658143976 0.997903157276611 -0.0291664038506617 33051.1739887241 42361.7136135373 179.644558393687 -8.65836513105402
323880 36383.0180378597 18887.1891518657 15792.2123569878 1967.64008367592 0.998925778229044 -0.0272635490933818 31619.050688936 41287.2094120054 -343.793254125807 -8.37996808692363
323920 36412.2816499298 18880.3197921302 15772.632334094 1992.71798943475 0.998562464214213 -0.029018082930268 32754.9623019721 42431.18476742 213.815331258445 -8.63854964536407
323960 36527.3342552955 18912.6954184077 15870.9532847048 1978.77708757285 1.00027478082283 -0.0301458694087632 33325.412928108 43184.5861163879 607.081268207062 -8.76246267659687
324000 36429.5723823118 18923.5775142048 15762.249716506 1958.42860204778 1.0008503246968 -0.0278189535681039 32188.1589657932 40779.2243948055 465.32455286967 -8.48221693744044
324040 36510.4188963338 18914.1902397395 15840.0882327481 1976.00441490323 1.00035384052569 -0.0293352817331912 34633.2754825003 41190.8731971039 42.0640131503981 -8.67995295973438
324080 36573.4910167281 19035.0014673739 15777.0802957876 1958.90193544413 1.00674343341922 -0.0298309115794834 33419.0225876593 42979.8598758945 171.316116519643 -8.77992338320482
324120 36494.3747173656 18914.5458356736 15823.1616744723 1980.66850538765 1.00037264766223 -0.0280797087369444 31683.4566178209 42298.7877795176 -91.2077561211798 -8.5476436809482
324160 36475.7998170859 18878.31245976 15807.1921877338 1998.54830851253 0.998456298281636 -0.029914197240479 33379.097837253 42777.3000065685 532.697591961503 -8.73051334591051
324200 36442.4508452045 18937.4379651813 15750.937970017 1971.85574359743 1.001583390992 -0.0267725557265208 31235.7495430609 40415.8424223523 175.273757617598 -8.37007820189412
324240 36581.4912799197 18990.3695620547 15816.0011121836 1993.23536552297 1.00438289366943 -0.0290627755971919 33238.8894006678 41609.3382298704 530.607329656312 -8.62861764696436
324280 36528.7050986139 18949.8474794035 15840.1646471037 1963.50733227906 1.00223971859862 -0.028872639842197 32392.0797583192 41999.5978784126 702.010165393332 -8.61201556617909
324320 36604.0724315668 18969.0727892064 15817.1526476796 2000.48069108716 1.00325652726201 -0.0285102401405251 32615.3448251501 41946.0452802479 -177.343559977507 -8.56098331147799
324360 36492.5988373535 18858.3774283049 15833.3505741734 2013.76841415688 0.997401953103524 -0.0293608143070826 33040.2077671401 42441.6380696742 405.737254484975 -8.69424049046102
324400 36244.3702614315 18713.3758922383 15782.6578355431 1968.03039864287 0.98973295741046 -0.0300705048959724 33733.7897863796 42047.3881661973 1158.34680622657 -8.7109162043613
324440 36674.3077317919 18963.808369369 15857.1635259132 2029.40353870556 1.00297809701806 -0.0300806800108045 34069.1088223672 42450.8318623384 376.733342886799 -8.78142502362378
324480 36632.0559959273 18857.7578470925 15936.055378501 2022.81751011284 0.997369184032396 -0.0280668722609059 32745.3307585446 40310.2253448581 655.097778707143 -8.53870643774921
324520 36565.4864319356 18917.5851337829 15853.2783690525 2013.63301472892 1.00053339329805 -0.0306795314304372 34706.3970608853 42619.6518759725 574.677948021031 -8.85643993017812
324560 36552.5296847729 18884.1148592339 15866.1726440384 2009.0925027952 0.998763181765645 -0.0274826439037415 32399.4687215356 40605.4534680387 -90.5834790845442 -8.43947567491271
324600 36481.2447520759 18853.0957826236 15809.4501086651 2016.24381309394 0.9971226118008 -0.0295544976462715 34556.3113397262 41498.3860059572 111.503922062026 -8.72810880377755
324640 36605.1721841733 19030.7727923765 15776.3119339294 2004.80427122031 1.00651978275163 -0.029162784998676 32704.5522697514 42527.3036468283 198.274327914348 -8.67188479027071
324680 36552.6103177233 18875.7009696547 15891.3809543225 1977.22670000775 0.998318179011223 -0.0268976202202767 33092.7133258408 39154.6563371683 -150.776841967583 -8.36474271513884
324720 36424.6566674785 18827.4236962308 15804.2200396655 2012.58867993811 0.995764839150114 -0.0290131733856066 32755.3271241236 42736.2382870323 -149.699063671235 -8.64120546359523
324760 36520.2374931294 18864.5292493436 15848.2269213289 2001.64127559543 0.997727317167451 -0.0304007066633469 34069.9258075134 42926.1451551794 391.93298310565 -8.8266135274057
324800 36640.1709958744 18905.9950331587 15879.6359159741 2035.76320653207 0.999920403710629 -0.0275247276380181 31146.5022412892 42089.7140063429 -217.211367872123 -8.47333623239523
324840 36592.9198588143 18902.3304313591 15866.7525334654 2035.72322173623 0.999726586347168 -0.02949871887147 33169.1294676495 42677.7770865519 226.158288896917 -8.71037799222336
324880 36762.9735684884 19063.8957791295 15858.8364831096 2008.83047805748 1.00827162655716 -0.0321002496377446 35484.7924270478 43641.2606611946 1034.73918340909 -9.0684972365596
324920 36616.0196482411 18881.6941705109 15879.2211112191 2023.98887071812 0.998635153801981 -0.0284822862448614 32268.2155475355 42004.2396391849 299.389612766684 -8.58064321340521
324960 36589.5219271921 18932.2245933385 15849.4545996996 2003.57917955675 1.00130766062877 -0.0306215224706628 34292.3968374108 42874.480273867 720.028934450676 -8.87751861502369
325000 36460.9640688291 18805.8570447472 15858.0924962406 1997.32673309959 0.994624199113959 -0.0297544570307583 33041.237685662 42880.8663239265 503.181842951576 -8.72274151071563
325040 36549.9443256663 18905.3905853839 15845.5709846816 2007.33004524767 0.999888435032864 -0.029628667532613 32851.2886639203 42663.4821182592 735.230895260107 -8.75417279507939
325080 36640.0949209066 18929.7740041888 15878.8477869319 2031.03127237636 1.00117805125949 -0.0289015686945625 32393.8428150239 42637.6555182606 11.6643316763791 -8.62853132088003
325120 36624.3454807068 18938.6988062981 15849.6683820636 2021.06964395541 1.00165007570002 -0.0289406292217558 31832.1702331948 42821.3810396244 599.142317972082 -8.63215488799588
325160 36632.0289067764 18804.8789365467 15965.2025690869 2049.76739891395 0.994572467885587 -0.0291769818019602 32313.6836891344 42727.1923006354 428.919750917634 -8.63784015697882
325200 36642.2587364492 18890.3270651806 15954.3464653417 2000.94678690382 0.999091739530907 -0.0290538297525281 32093.7249703096 42652.9561540201 653.493514653505 -8.62127413062904
325240 36603.8385504866 18910.9597725553 15895.2995774351 1988.85080296486 1.0001829841362 -0.0284436375786335 32509.5310530501 41795.0808790301 115.002784511377 -8.59824029450838
325280 36633.241064051 18928.0847153626 15890.383096714 2014.24011495564 1.00108870635264 -0.0287575504015431 33046.6873580177 41034.9645951391 849.575329306773 -8.66833533237864
325320 36736.4166667527 18947.6101626695 15931.4050138198 2058.42001166772 1.00212138900804 -0.030397976264014 34874.6056584123 42238.5203386201 253.492900698381 -8.83760578918995
325360 36684.9858853727 18963.6581961133 15920.6273082484 2014.99624239272 1.00297015449495 -0.0269321380429512 31293.3363036804 40544.7950536586 125.13794619891 -8.35745459605241
325400 36421.4426572179 18868.0546451464 15766.9667078401 2026.11766744893 0.997913772055871 -0.0287499517367901 33400.063182095 40712.853878164 726.702705661475 -8.59568056329245
325440 36449.8301582246 18833.5012651002 15814.6710878942 2019.9644858768 0.996086276086219 -0.028623993462196 32535.1733298577 42043.0658476068 150.737444221312 -8.61135098208399
325480 36493.6549987917 18831.0675943987 15810.6249575554 2043.4039422932 0.995957561517849 -0.0292512691880915 33402.4269677499 41846.6282495793 476.950393033368 -8.6785528986417
325520 36603.4785273475 18975.0048858519 15856.008072339 1985.19716911717 1.00357027030818 -0.0295587312362029 34175.1538771355 41524.7299888442 470.479100087728 -8.74256966382327
325560 36775.925164058 19013.4969117862 15936.6692531984 2019.53075257641 1.00560607757695 -0.028757080468708 32794.0054940357 41587.6259777174 517.68921918776 -8.67354312988927
325600 36651.6839751581 18871.5330787113 16019.865782011 1965.60974540891 0.998097743155431 -0.029193144833712 31530.5572689194 43573.9658190781 542.810918331603 -8.6653958366657
325640 36582.7161091328 18933.0122681247 15875.93967523 2000.00793025381 1.00134932001188 -0.028864768768508 31870.7618237581 42637.0987857474 528.454809164134 -8.662898243226
325680 36602.4269514937 18890.2655119212 15875.8299093432 2014.57149720135 0.999088484036555 -0.0294666831864033 32929.3358256864 42633.4482645757 415.603660944834 -8.70506780487396
325720 36516.4964250933 18905.0109978575 15798.6447289151 1994.36969998989 0.999868359003439 -0.0286380293076373 32647.147649056 41852.4480622001 80.1908061634495 -8.5604541567467
325760 36590.1145535472 18911.3957658514 15918.0249406654 1973.09064266723 1.00020604341406 -0.0302805356120154 33718.4955716483 43106.4647661354 358.592187140319 -8.78706810516668
325800 36493.0657935819 18816.7952233056 15893.9850172956 1981.60267262733 0.99520270915275 -0.0277373628567711 31614.948029633 41397.2713862842 337.63205647464 -8.48474264654575
325840 36540.9717841513 18892.0296668188 15881.7603815848 1957.0188521806 0.999181788539936 -0.0307328752406188 33018.4852604261 44296.5926719843 622.213271501302 -8.85629546649823
325880 36601.1173174321 18912.3705427073 15891.8980443655 1988.22337294571 1.00025759845074 -0.0299356142294738 33887.3876319332 42175.9866744369 641.138893625248 -8.76717401396037
325920 36465.8118993714 18871.7099694419 15799.8270304745 1983.50945978533 0.998107098740813 -0.0290048065416913 32952.1812802042 41865.4674756095 342.278967380058 -8.64800869741602
325960 36556.8622448929 18902.5742605195 15866.1710171442 1976.18486348152 0.99973948224353 -0.0306288309569262 34699.8092479664 42493.3341410191 599.696290094278 -8.87081945876141
326000 36638.8233555695 18901.0624336727 15959.6054728206 1967.60658975006 0.999659523134879 -0.0275580219360139 32192.7060124549 40713.2731483487 132.823866934711 -8.46131598834808
326040 36542.1703466983 18862.7568250029 15901.1494385245 1989.00455860948 0.997633575300959 -0.0285325862520771 32515.8578265486 41973.6140547371 -34.4647588043343 -8.59070413049738
326080 36640.4197978153 18986.7267396701 15863.5800033015 1980.70054631044 1.00419022819887 -0.027908970450495 31989.3810879291 41543.5585517359 -77.2063891508801 -8.50049934846709
326120 36550.7729541164 19000.2561827999 15768.9103865718 1992.44278394081 1.00490578779849 -0.0278576215448696 33339.9523989514 40343.1812751627 -154.785630604419 -8.52163758769542
326160 36544.4770892699 19020.437582604 15748.2636279191 1995.85332167989 1.00597316316827 -0.0277541852336653 32611.0283919663 40606.2804144378 132.229624813734 -8.52457571782496
326200 36502.8791865172 18868.6515759839 15852.970307976 1992.29932305028 0.997945343169851 -0.0286852808383575 32947.6367113217 41551.511552471 255.740268456805 -8.62763299525717
326240 36574.7453000395 18915.1853021387 15858.2389219172 2005.58392850358 1.00040646844579 -0.028646546201766 32300.0338287118 41558.6532774327 907.600690687402 -8.6208836966479
326280 36449.1311061656 18817.2222344836 15884.2770938147 1971.7907777411 0.995225293374777 -0.0286500319114444 34221.3894959271 40882.3576382558 -415.960426529246 -8.58170199324952
326320 36507.9025427976 18858.7283451352 15875.4969737712 1978.34994497597 0.997420512766636 -0.0293192756566312 32234.3737445418 43405.411216147 79.6373643067127 -8.70781701189136
326360 36625.6301917068 18918.6795752714 15912.8928712478 2026.78239627847 1.00059127728528 -0.0274318229702657 33056.6130500548 39662.1139858149 99.8660024551089 -8.51979982842831
326400 36269.3055989161 18766.5192954687 15730.0961367582 2006.77221013896 0.992543662328107 -0.029411022698177 33045.0606330116 42357.1161544461 433.795644855148 -8.67500643249123
326440 36492.4619275356 18907.8933369303 15805.7469607613 2005.18509277919 1.00002080322255 -0.0289095696812002 33462.8899927887 41344.3704097474 262.039450392747 -8.64411922278913
326480 36572.5388416739 18908.3717677309 15854.6345355026 2028.37797134951 1.00004610698035 -0.0296481900341988 33680.1544250384 41865.602856991 673.022841839782 -8.78240326018731
326520 36511.0962782004 18838.9107855695 15885.1999645016 2023.79784008768 0.996372380566944 -0.0296311350958267 33053.5584166461 43183.9729146561 54.3974159514931 -8.71083683870622
326560 36549.6828616367 18925.1252967226 15830.898684348 2016.73348827135 1.00093218546728 -0.0293529974550182 33941.5541721842 41792.8565345818 68.3419067944448 -8.7148149030213
326600 36525.1377697524 18920.2290048278 15802.0281000069 2009.79260130164 1.00067322516609 -0.0297001019156174 33324.2093972206 42949.2268555393 166.402277401609 -8.75884301112684
326640 36402.0045871556 18828.2612162103 15812.9446540354 1964.00760145907 0.995809134798906 -0.0287163522814523 33059.9272116521 41550.3587707563 225.610626435228 -8.59711083731544
326680 36432.1663814524 18924.083592612 15739.3264905868 1957.31411407533 1.00087709071067 -0.0297377071476975 34029.1997877093 42314.3694646876 99.0046363742782 -8.76483014746016
326720 36295.9883567323 18793.8279412301 15768.3086464082 1946.31520093918 0.993987991073917 -0.0294238897178622 33478.9670842268 42318.9360637115 63.3249555076401 -8.66602209946205
326760 36504.9973391341 18975.9130624946 15788.8136923312 1965.43122643946 1.00361830292184 -0.0283050639648587 32611.4843128391 41551.0481327679 72.6432326065803 -8.5773146877689
326800 36613.0070727525 18998.0661567088 15846.4083202532 1986.51243426418 1.0047899593658 -0.0283491517236753 32771.6242663338 41499.3821678469 -11.6185093719355 -8.57155992542092
326840 36544.6754452562 18919.9405705009 15858.4152716784 1966.73380869096 1.00065797014417 -0.0296240849048239 33085.9354267401 42498.3209425348 644.058525162153 -8.70921991045438
326880 36576.259885464 18961.4511326517 15863.5267067652 1972.73073813846 1.00285342497166 -0.0276277132143027 32606.0951501668 40365.3732928203 127.84838548673 -8.49715834317893
326920 36633.2418293435 18918.1486055543 15877.3580447045 2019.22837505078 1.0005631947933 -0.0289842926749799 33203.8384156592 41787.3043523639 256.818456011689 -8.64986987073879
326960 36644.0870982291 18933.2958219517 15904.8359776607 2003.05335223419 1.00136431690872 -0.0288846351387471 32741.3588508038 41815.7285366317 516.394751006022 -8.61449103659364
327000 36477.1058152794 18892.9964386855 15758.3471524406 1998.13508585699 0.999232920200211 -0.0285538821692496 33016.0410376158 41033.9767800214 537.413461028564 -8.56057303355978
327040 36586.2246971456 18980.3690884446 15788.8100332424 2002.17995955511 1.00385397796877 -0.0282925591307364 32960.2179275617 41412.2439616005 -215.296364507089 -8.55460162455331
327080 36645.9682638342 18915.9888473074 15911.1152525024 2007.04570342212 1.00044896719859 -0.0289744321541947 32673.2754467645 42253.0102066337 288.353674232042 -8.6116284242506
327120 36454.6636323516 18839.1264546867 15825.2579913507 1981.66302577506 0.996383787104943 -0.0293143515112317 33204.7036265857 42218.9567667952 362.815569692819 -8.67291933570698
327160 36532.6691621629 18962.8215143127 15781.7330383309 1976.59002959879 1.00292590317666 -0.0293274877306404 33052.0126968947 41962.1045830454 708.18914549976 -8.70615370419786
327200 36614.7125486537 18969.0082545551 15904.0146586517 1930.82433509988 1.00325311408463 -0.029064352482418 33355.9919421701 41637.507560477 304.320827656095 -8.63925151282424
327240 36551.4940243293 18972.6361332612 15807.5406524 1985.37319432059 1.003444989198 -0.0278233574789172 32871.1564175509 40570.3814327955 -35.4169348609689 -8.5251900636557
327280 36416.162707942 18886.5705219728 15802.5213674061 1953.30729028256 0.998893059472317 -0.0285569391615288 33344.6264693869 40919.6419290585 359.469462463855 -8.56909455355828
327320 36606.9631738461 18977.8710765417 15854.5859834173 1987.08960229346 1.00372186045441 -0.027081882383602 31301.0751790186 41337.7361379675 -355.169109107832 -8.46361659248391
327360 36653.6718227802 18946.5386309369 15903.3620350595 1990.52475254909 1.00206471669638 -0.0283684798167274 31855.451388332 42246.2487995042 216.091645758869 -8.62113542493744
327400 36569.2751675262 19007.1222483796 15769.3233024272 1995.42168179795 1.0052689275885 -0.028585150896863 33119.3681950826 41381.4675366728 97.884129652315 -8.61142536235339
327440 36627.6945216016 18928.6921870843 15883.6688024498 2004.11630030661 1.00112083496413 -0.0306303668760758 33853.7084230088 43618.2455160414 467.617189437586 -8.88373168552581
327480 36620.659708717 18972.0783330162 15843.2606979582 1992.08056645908 1.00341548766448 -0.0297616067608544 34146.6849956635 42129.8830097959 109.798432241804 -8.72814765844153
327520 36588.2911402752 18930.7807572638 15843.9513108403 1993.18268105368 1.0012312974885 -0.0289215293535305 32661.0815831647 42705.822154905 -163.585843885064 -8.6549919732473
327560 36368.9339513242 18836.4471869209 15677.6412236239 2009.0758200444 0.996242083137429 -0.0292194390582955 32782.1014809969 42396.1276450498 396.818832808598 -8.64021526164875
327600 36552.865495386 18956.9414258283 15780.0560717658 1978.58218156073 1.00261491079351 -0.029550593624432 34246.6499856138 41462.4637097278 350.631687608086 -8.71405033896443
327640 36607.3348360311 18940.123510794 15877.1094586134 1993.29505499537 1.00172542698897 -0.0294382940906205 32379.1150095547 43501.6934477727 57.1490098237862 -8.72028173550909
327680 36570.670282643 18913.4606329649 15854.9929833039 2000.03789920595 1.00031525230543 -0.0307860664335703 33541.1988379688 43755.4280081554 765.261968221834 -8.88791558540936
327720 36465.2704406648 18866.0372131182 15765.3243893429 1994.25274054214 0.997807071961826 -0.0280783810212864 32946.3592346271 41281.3623411919 -421.838906084801 -8.51761721702666
327760 36552.9428667657 18854.1802442009 15844.5866415386 2028.14491354371 0.997179967959851 -0.0309103914419822 33612.9024988554 43879.0374212392 623.89176917784 -8.8860982905614
327800 36578.8362074271 18952.257496196 15840.9370505901 1994.41284986313 1.00236718213386 -0.0280644814571411 32124.5126421857 41706.4791513278 -52.0889272036158 -8.53279668368104
327840 36486.2692503896 18876.4337911375 15810.6608686743 1989.31941127184 0.998356937254397 -0.028327428868605 32841.2253420066 41527.595407494 -68.6635560096115 -8.54646219687106
327880 36639.3803712452 18918.7390644915 15895.7224192535 2000.85762970457 1.00059442361452 -0.0271695637511194 31079.2986153215 40871.0845103157 315.620730153633 -8.38998747424952
327920 36556.3156746143 18883.903609834 15839.3551499763 1996.07217068591 0.998752008982361 -0.0296365419643148 32992.2810692221 43364.8234294272 -104.856323526236 -8.70549869207891
327960 36524.7927006197 18845.2389369388 15846.3381631998 2012.84683703093 0.996707070577223 -0.0277096376943564 32220.7324104282 41225.5001779949 -177.775174696054 -8.4623533651492
328000 36507.941901537 18871.0040584808 15805.7335273837 2019.87679290175 0.998069763769977 -0.0303553826503207 33990.4925316856 42158.6450438917 1149.82136458286 -8.8248140646109
328040 36618.644682477 18896.6430624529 15912.9547124556 2002.66916711736 0.999425786722351 -0.0287719553580615 33141.3449224287 41403.2403774984 351.410645064019 -8.64990572909978
328080 36541.9642658528 18891.8322097668 15838.9892269663 1991.59054340651 0.999171345221038 -0.0297273750049134 34126.7995258879 42175.2050683698 -7.1554501065888 -8.7327292415812
328120 36785.1700936201 19035.7274871336 15936.1452428525 2022.09252342749 1.00678183192562 -0.0283795981087317 32328.9127798059 41683.5478961418 221.600632213129 -8.59689261086975
328160 36594.029896844 18933.0915752297 15819.9220416455 2035.70979000931 1.00135351449053 -0.0303395036426817 34387.4207619513 42132.3296318685 872.248976150658 -8.83115439558981
328200 36614.2091916273 18914.9523559703 15877.963697519 1994.68532138622 1.0003941481407 -0.0289543105596239 33020.5294697208 42355.0194910245 -258.204597339051 -8.62020012200715
328240 36685.3662589281 18970.4187892228 15929.8192095173 1993.69868733494 1.00332771594461 -0.0311587940030361 33588.2187356126 44395.5439832369 649.271120261022 -8.90401728715203
328280 36564.4316813966 18971.2038524652 15759.1648626778 2029.60097576048 1.00336923720562 -0.028255340460427 31741.960774253 42753.623036142 -488.191457755606 -8.53318141136378
328320 36650.2493592684 19045.4012018472 15802.3787980594 1986.35887336299 1.00729346565369 -0.0276018722040028 32282.4104447816 41140.6102286027 -411.346116648229 -8.43603708440686
328360 36508.2474002452 18929.5001029215 15748.4907891017 2009.14067984709 1.00116356487751 -0.0302131911924796 33993.2605013769 42750.1422278555 495.913765486535 -8.83785532640862
328400 36492.6062492206 18834.3433205149 15832.7746398432 1984.53209253052 0.996130811609937 -0.0300942475786006 34196.3897279514 42709.2319048559 54.1670366657042 -8.73197314838514
328440 36661.2479204948 18866.0653534308 15997.9356960853 1975.51770699612 0.997808560276654 -0.0302857231395871 33702.9930470498 43248.5163803441 192.432446176064 -8.78665063797572
328480 36576.2660728979 18921.637788646 15863.1672562227 1987.33058110293 1.00074773442528 -0.0282790812480811 33326.0651488774 41153.8852531553 -374.10350458307 -8.57329931668242
328520 36644.3942219774 18939.4912674744 15890.0603411839 2003.63058954037 1.00169198823083 -0.0286497477082697 33109.0732330102 41926.0119586079 -367.136690459371 -8.60259051844498
328560 36511.9453451241 18858.8908653584 15843.5071271905 2004.46654035486 0.997429108309315 -0.0288129413507025 32573.3184021092 41846.3931838263 500.161398718857 -8.63340378667794
328600 36588.3538352898 18956.6500706818 15806.4334757156 2017.32334940669 1.00259950129218 -0.0277066136283504 31924.3621752687 41672.501866337 -371.456911164514 -8.5336091006189
328640 36684.9606783461 18989.1153057604 15904.2168677358 2005.41785898492 1.00431655722652 -0.0294852337152332 32803.6068416255 43243.2213604696 48.5866797099439 -8.7392987281093
328680 36708.1872690003 19012.0277393123 15941.0450981021 1992.10544681841 1.00552837441821 -0.0303361083990878 34165.3071109977 43084.235974653 219.526951818782 -8.86678404776688
328720 36617.7175891723 18929.7816548134 15879.0436003634 2023.1130492604 1.00117845589387 -0.0285862767381803 32344.2247283027 41692.2938505898 562.585896736985 -8.64275892745997
328760 36743.3354808502 19079.7055217722 15856.7165658574 2011.92787020549 1.00910778906636 -0.0292568949820805 32497.4178732931 43142.18057516 90.4615434088759 -8.7123350865349
328800 36466.4464606061 18764.0465190922 15925.511987537 1977.80219850381 0.99241287949714 -0.0294741565721687 33168.3532490201 42029.2137356209 767.827239119852 -8.69591979203221
328840 36420.2555398011 18819.8908941621 15830.1781908755 1979.63372649523 0.995366436290473 -0.0304997644983496 32977.0944631475 43956.7924190368 659.483226647315 -8.81073458236763
328880 36508.0913735068 18892.6632619169 15816.3355971355 2006.18386136507 0.999215298792381 -0.0308242510492092 34694.8839554671 43413.8219577625 34.7605334983893 -8.88317824181669
328920 36470.1466450389 18840.3021522369 15832.2262079136 1985.2511817988 0.996445968649314 -0.0288679252403927 33198.4126015625 41767.395471632 47.1116726944221 -8.61920297340214
328960 36542.1164350396 18876.2564332696 15865.41370433 1995.03932334554 0.998347556962561 -0.0315391029388044 34904.2167917175 44057.6138981378 272.039673328318 -8.97392564528916
329000 36610.0854180789 18981.0564913704 15859.6897094452 1983.38023033115 1.00389033406693 -0.0309991105351248 33853.1036341377 44037.6647007553 534.274697091978 -8.93181467997118
329040 36497.5880267258 18927.7838578863 15798.5503844613 1988.93632566162 1.00107279428197 -0.0288418221993657 32787.9295930028 42394.5341893131 -74.5330571287326 -8.66234021893968
329080 36550.2200414545 18997.8844927751 15785.2902181615 1999.6798261894 1.00478035133017 -0.0289603646379649 32786.013046417 42365.2906843635 -22.6109030479698 -8.61546681711712
329120 36440.4089069598 18830.2577877465 15831.0396213502 2014.43035078652 0.995914731601031 -0.0294473238895826 32461.7257094283 43187.296880366 455.493311586862 -8.72518246273672
329160 36507.7635846847 18894.9521242717 15806.6262327002 2027.53890930939 0.999336354582661 -0.0277320789955171 32764.032802957 40577.4951737082 -125.38327372318 -8.47387515167534
329200 36472.0170619817 18820.8656963586 15883.4113789867 1975.51809388009 0.995417992667388 -0.0291251237739736 32968.8899725725 42056.635635369 558.370168401163 -8.64551910211199
329240 36537.6745428422 18935.5542311962 15787.4209630637 2007.02295567487 1.00148376206247 -0.0271021440783184 31583.1492683809 41490.9129801567 -816.800530050977 -8.37050519171538
329280 36505.1679295232 18901.9046343099 15823.1067351192 1994.00374779388 0.999704066339278 -0.0302302815852872 33224.2472215273 44157.1397829256 -56.5071225819671 -8.78514575421488
329320 36429.6217249899 18793.8350319669 15870.3279160323 2004.03647218232 0.993988366096361 -0.0302872869334548 33230.202622033 43266.5994137337 739.464835085599 -8.77834161958371
329360 36601.4806957044 18947.4983146228 15842.0405734189 2014.81965616014 1.0021154734694 -0.0288765016181187 32403.1887558093 42226.0227397426 437.867237407996 -8.61770975361253
329400 36643.0806097272 19043.7540639938 15790.2859467569 2012.66485110416 1.00720635007239 -0.0290225512469073 31763.0746504566 43079.2889334479 452.552873961062 -8.66282406489333
329440 36597.1302815208 18887.3896998129 15856.9011443079 2012.61107297084 0.998936385022499 -0.0282263412136199 32175.7512281199 42090.5812946925 -205.27646813596 -8.51657454200317
329480 36495.1195604752 18873.2223782704 15829.4646010884 2004.50926819532 0.998187088629929 -0.0302060456177572 34421.8373839441 42822.6379018515 -124.667035131849 -8.79000867810714
329520 36417.3558042255 18749.7585321076 15879.2312183393 1995.33070242584 0.991657201222141 -0.0296126611646702 32860.318006903 42751.2189011352 633.23687351066 -8.69053518916339
329560 36508.6453257895 18892.1469306343 15831.2576811393 1994.71412924008 0.999187990513515 -0.0305244736745065 34132.8288232416 43139.5516115169 354.128649814888 -8.82128390920786
329600 36479.0112217676 18900.8390061719 15790.6584558207 2001.78529011757 0.999647706263221 -0.0293862103689718 33621.82743594 41493.3166240907 719.415404051625 -8.68014276074651
329640 36587.1557223248 18915.6193067924 15866.1111370822 1996.07559267077 1.00042942254621 -0.0289585744094956 32533.8519941788 42517.4269434656 144.887857764442 -8.61497217394941
329680 36506.2763635908 18838.7152268563 15872.3735943584 1995.91533739913 0.996362037649413 -0.0304955642637058 33185.2872256393 43437.9066441137 1006.00051899678 -8.84552374670391
329720 36566.3954579772 18881.8213791392 15853.9248487197 2003.96237394292 0.998641881747413 -0.0280323699884544 32035.5409362933 41293.4444057172 407.087802468295 -8.5138039413933
329760 36609.1532317844 18881.425098146 15913.065003051 1986.70302678133 0.998620922816132 -0.0288292120397784 31976.9522209563 42528.6479135912 439.460389008245 -8.56430333437096
329800 36543.3089321866 18936.8398403968 15806.5338232249 1997.3617705718 1.00155175673129 -0.0283073873277103 31933.5545872749 41761.919969784 292.371495267617 -8.52201028698243
329840 36471.4778651457 18838.7847443849 15799.267203091 2028.85948992777 0.996365714366519 -0.028733394700911 32404.9382155814 42681.1919800458 -272.452734262566 -8.59233604592503
329880 36405.6016910653 18827.0383417014 15827.5382376397 1986.45913821096 0.995744458109288 -0.0279582476417048 31763.0102229521 41538.0941157561 260.10049038377 -8.47468590237442
329920 36632.7515411918 18965.9825069185 15877.8245686931 1998.03815103725 1.00309308512064 -0.0291952307456149 33159.383710809 42106.0290677203 347.046347413705 -8.65461332051041
329960 36613.5536092341 18883.5435036547 15910.8385447836 2000.89184083884 0.998732963303171 -0.0286276592314102 33328.9275482058 41043.6031663632 320.531686329005 -8.55965580108957
330000 36518.8676722261 18882.9333142626 15807.3640437902 2011.29132564025 0.998700690956635 -0.0299781278373671 33032.8360176113 43646.3054686761 161.634239699145 -8.79184180674322
