step etot ke peBond peAngle temp press stressX stressY stressZ AvBondForce
200000 21956.0535654446 18907.5 1846.15601759983 2242.77874748916 0.999999999999999 0.13984315359464 -1624.52266667973 -288.802566702669 -1266.63605333979 -1.22172180236079
200040 22043.6799333941 18855.0015049884 1849.40033097209 2321.30758069727 0.997223403675178 0.129009095577883 261.359195497902 -274.756495807341 -698.265039487632 -1.3719607902869
200080 22154.5820347032 18849.7121723478 1937.16212347681 2309.1182359033 0.996943655816356 0.114589899319905 1371.49110681142 1482.00439002973 -209.978986846678 -1.65404410353415
200120 22209.0181086659 18876.0631755805 1854.6742211945 2320.75930715927 0.998337335744042 0.121801476469858 36.4684597539069 568.947932480426 308.520255917418 -1.55807021967383
200160 22426.0653878915 18925.2167166247 1943.69703826573 2318.99104944469 1.00093702058044 0.133663895659066 -882.856010910026 -15.1357130718505 -886.757898380015 -1.35118778130967
200200 22197.6488403987 18888.3381514374 1954.17543499898 2304.92735624295 0.998986547742291 0.122239017405231 778.531364052735 -410.3134748971 467.296410433352 -1.58826712178115
200240 22148.2243668056 18909.9878969637 1939.16855411977 2296.55592771031 1.00013158254469 0.130772594460076 -430.646326272588 100.748456771781 -777.306629457308 -1.3794449178905
200280 22293.0562728606 18938.3054183804 1917.11138261522 2311.12695997521 1.00162926978079 0.121288888488123 127.669654160649 1271.88547720492 -367.632695309926 -1.54705577760195
200320 22122.2996550937 18824.5036132826 1940.21503971535 2278.72405356097 0.995610398692718 0.126276625232941 -402.495286342492 96.7156857841656 159.520876035116 -1.46606247704223
200360 22334.2661800377 18943.3661462052 1946.10038974586 2278.5611655942 1.00189692694461 0.122995470242405 1236.61014675125 -154.828403193437 -541.19058313967 -1.55623868362628
200400 22115.4633274976 18901.7542277227 1932.48122096845 2309.50930208772 0.999696111475482 0.117310822709679 786.364016061529 1016.85752057936 201.400030633114 -1.6722466748352
200440 22238.5864809094 18962.9386278654 1872.73778003393 2321.6925183443 1.00293209720298 0.125636397218916 247.105862154376 -116.869574491108 30.3302241749631 -1.5200524639524
200480 22236.0220611576 18882.5169848898 1958.90825459497 2316.7267486628 0.998678671685298 0.129353504676858 -1001.14109627624 642.088645020291 -463.378900915564 -1.35837367738191
200520 22320.8082360162 19009.2567511634 1978.56529280401 2336.07686416244 1.00538181944537 0.12998707577425 -607.534346034587 392.127723604797 -762.274375963122 -1.44821292084724
200560 22141.0390349755 18848.6475887936 2030.4815579033 2335.03244051963 0.996887350987366 0.126337023807262 295.709901456603 980.497719742976 -1209.21345142881 -1.53362069174021
200600 21942.961376129 18795.4421288761 1915.41135921403 2301.98279626656 0.994073363949551 0.129425853216362 309.210518436163 -217.157680082761 -892.436547098103 -1.41032598358774
200640 22105.8692756864 18975.5087477284 1935.7857903411 2256.41322918098 1.00359691909181 0.122920591839288 618.706117965796 723.389654390338 -556.230556586974 -1.54615752274521
200680 22284.1771382591 19034.2400387786 1999.39609362672 2291.13806348676 1.00670316217261 0.120301317841289 283.523735620693 1069.7406304764 -16.8878126458014 -1.64763765241771
200720 22034.3105422843 18891.120785458 1921.80849779503 2283.2097365309 0.999133718654399 0.124865462799665 -745.948545683021 1403.42944360893 -524.336037922385 -1.45727213143365
200760 22090.2809179812 18913.6270514164 1884.53458683426 2352.43461003678 1.00032405402176 0.11740826544774 1100.30152486803 -57.5522669151872 1007.66158482236 -1.66284807474636
200800 22196.1386877066 18926.0591729143 1970.25420408221 2327.78054621696 1.00098157730606 0.140127481132967 -726.771044017556 -809.205887479166 -1748.10970301701 -1.22265409076532
200840 22270.2356304591 18859.2434029416 2035.57253820222 2361.46280385807 0.997447753692535 0.110567485191408 843.657596425 1985.49479494503 697.905783198766 -1.79461541041648
200880 22181.5450023064 18953.6398643497 1885.5061161499 2291.15751451112 1.00244029429325 0.123064538248386 -313.35453027687 633.67212428775 348.773868315091 -1.54156737660166
200920 22400.2109321922 19054.5964985875 1896.84573072811 2304.4380276948 1.00777979630239 0.121221362430869 394.802317651667 1041.70743857676 -288.268855118654 -1.60360009596241
200960 22249.5869907779 18954.7994864851 1902.50345763866 2313.11549497741 1.00250162562396 0.130338472998309 -674.854542517116 -152.805914467299 -83.2427271571654 -1.43239269334398
201000 22306.6151771463 18922.3491274618 1901.84193468771 2344.10645498579 1.00078535647028 0.11131019228579 1344.54025048721 2019.44483444512 18.5213768716322 -1.73839888749155
201040 22198.9367521984 18865.1962156931 1914.23119276678 2380.25049948251 0.997762592394189 0.130650748186711 -28.5213806085914 -111.846161049701 -856.862376687729 -1.34198108675367
201080 22394.7250779424 18938.6064802825 1934.77720325607 2394.38228892558 1.00164519266336 0.135598630161165 -276.268179799348 -1297.05479348299 -570.326079319281 -1.34261412504064
201120 22225.1536135139 18833.6146754803 1883.38545731704 2376.2707407374 0.996092274255206 0.127340775155334 -65.7926172980216 -121.943107855891 -220.415005942229 -1.4320142138423
201160 22264.913945384 18898.6805352604 1885.88906675892 2335.78912688379 0.999533546754485 0.122756765055137 1074.88989041478 -335.016873714887 -157.987897395823 -1.49340458730378
201200 22404.8467984092 18998.2706587759 1888.3733011904 2431.83771813968 1.00480077528896 0.12911949759199 -630.179670555314 328.238301953312 -382.638338203404 -1.42465701928509
201240 22346.6228838128 18890.1156167003 1900.43183812725 2430.78751724325 0.999080556218446 0.128773220041554 984.021871255417 -832.936692464268 -685.368636963686 -1.44296303829115
201280 22380.8269051517 18912.7405032786 1964.23517226824 2413.48238996643 1.00027716531951 0.116838741271931 1739.28081337286 608.381364015106 -159.432514569467 -1.68543747195711
201320 22286.5616241009 18894.0490193138 1924.81072309144 2380.57441790905 0.999288590205674 0.120826659941019 557.412592775922 -24.0793526020258 747.401478697817 -1.59896612769028
201360 22167.0158161986 18864.0842694465 1826.86762901357 2343.02688012906 0.997703782596668 0.12436225320624 514.890788890278 -82.5758808216273 16.7921931530165 -1.49394357439715
201400 22289.0864261635 18894.2143030565 1843.89898511339 2357.70427746714 0.999297331908319 0.133662859072204 -759.446736803431 -131.185167097672 -832.659862075209 -1.33397912531954
201440 22374.8046701322 18959.3168882809 1879.47538822868 2411.22777284535 1.00274054678201 0.122778915309677 -72.2645080398353 1325.74845231905 -530.477615384928 -1.53081768685075
201480 22362.0966403238 18924.8133146543 1927.0934096484 2333.41470045338 1.00091568502733 0.116960380738852 1384.46780161862 1224.40256942948 -523.05512250318 -1.66560305918386
201520 22294.7258882404 18908.0976347843 1959.94167656353 2373.27086855357 1.00003160834506 0.123821658895224 7.57263971242301 601.539985313995 -9.25894950985158 -1.57781405014675
201560 22215.1822650294 18925.4954341221 1956.42195780189 2351.14955404894 1.00095176168833 0.126299290042096 -50.644497923908 -280.624067084988 159.895303021478 -1.46266032776006
201600 22279.2893765084 18906.8055450685 1965.09440297239 2351.83866720726 0.999963270927858 0.125972033536619 617.834235390225 -305.639546804184 -378.352559933248 -1.43774387619172
201640 22092.0471859806 18856.5647586936 1874.29325904983 2348.46864276864 0.997306082702293 0.13438109737211 -531.044979240105 -484.720215698663 -920.868533167029 -1.27891930981473
201680 22192.7773547138 18941.3987241032 1928.566747446 2353.27065026353 1.00179287182881 0.132408476320598 0.614269070088984 -231.499011541559 -1171.63627624845 -1.36590354995967
201720 22226.1831306211 18891.4021299662 1963.06461208292 2380.21797246842 0.999148598702431 0.128215199433023 251.493455372609 -805.465025380074 -80.1787548170632 -1.40411096289036
201760 22127.02216111 18821.98635524 1944.72718336288 2350.20020364446 0.995477263268018 0.126627502744153 1281.95204579005 -204.946809955386 -1080.9615101646 -1.50758123188193
201800 22061.7846230568 18749.4839024161 1886.85822646152 2307.77638986978 0.991642676314483 0.113897130661853 1224.77812267803 1354.87694270727 230.219214947107 -1.70349563359042
201840 22118.0539943058 18922.6861659634 1834.22854631297 2341.65512331674 1.00080318212156 0.125923830639379 401.652243247592 -367.975147232605 -122.883351168416 -1.4461637182373
201880 22319.6252073413 18960.510123996 1934.22105438847 2366.89639342499 1.00280365590353 0.120243821832902 -24.9411980466772 1259.46396452876 146.465528843631 -1.59801492533745
201920 22378.6946902287 19005.1097709916 1957.41732885973 2363.90389611158 1.00516248954074 0.123555040166039 169.478684162363 331.039306017833 94.5492032475276 -1.5759753105553
201960 22055.8117276651 18745.8241418319 1932.00324961003 2343.35548584628 0.991449114998381 0.135128910718458 -1118.09264972201 -578.053020467898 -619.984689049879 -1.22921833898099
202000 22322.8489633633 19005.2457593828 1847.85511239399 2317.84211389464 1.00516968183963 0.127514138911241 -140.136067740919 -473.173941180298 198.550952670149 -1.38478793643606
202040 22171.3790959787 18881.2638892643 1899.96441187545 2348.82402813038 0.998612396629077 0.130520087754848 322.257685660607 -1069.91789794765 -317.726332460336 -1.36815900896821
202080 22340.9582388657 18910.3648263829 1955.55754965228 2363.65551656475 1.00015151798931 0.118222932725552 1429.12339843402 -19.2197205568981 480.945948185847 -1.63828055551316
202120 22247.3834076739 19009.076739421 1902.536715267 2355.46651912786 1.0053722987926 0.124113941259781 128.210340268326 670.607919524064 -333.880628122526 -1.55643586419132
202160 22376.3845330713 18922.6910559922 1986.11618954529 2363.52388656598 1.00080344075061 0.126389847152858 376.709568444757 464.918711926623 -940.764144135672 -1.5401268041093
202200 22305.2144718181 18946.9725786383 1925.68851043141 2325.64746902284 1.00208766778465 0.119894337319134 1475.22571605057 1147.37663670408 -1083.88150856775 -1.63764227304575
202240 22314.3571384171 18853.5988380868 2001.99740685944 2376.01198953897 0.997149217933982 0.127988442585574 122.279398367317 -45.7581299988602 -502.014462852239 -1.4855627259626
202280 22278.9821399859 18893.4676010616 1977.13343061978 2336.28905085837 0.999257839537835 0.125268058058271 698.413608351812 -99.1912475230561 -352.562499889465 -1.53511426516549
202320 22330.6208589243 18860.8166103861 1983.76199289938 2337.98260972585 0.997530959163617 0.127620114063915 -362.57321827769 -233.609848528185 328.040158695599 -1.48680867684777
202360 22324.1941328998 18880.9859203635 1925.14363121916 2380.86399058139 0.998597695113767 0.108673241353323 1209.62748051441 1812.44352574151 959.165743587402 -1.84591783916024
202400 22592.6912624439 18992.8068461028 1998.51292309456 2392.86668849462 1.00451179934433 0.122142308704665 1349.90326616108 688.718793580351 -1111.4091575691 -1.60837583830384
202440 22343.2237326743 18863.6992187959 1915.73350312258 2397.88083931409 0.99768341762771 0.119215238752712 1001.34917954798 527.456013397711 43.6142293823538 -1.61899337325906
202480 22447.6266272028 19018.6652131379 1899.21351851429 2340.8342853643 1.00587942420404 0.132012025083733 -244.478803054919 -528.315375530834 -609.809971690364 -1.35104068459901
202520 22275.1955943671 18975.6260351355 1874.53738835986 2318.60933209095 1.00360312231313 0.130949098418861 -70.6223870381826 21.1262495210585 -1024.13547880173 -1.36599653695431
202560 22184.3291480488 18866.588343932 1925.76693225078 2333.4268361791 0.997836220755363 0.138807111014367 -808.872257048725 -311.367698168217 -1537.40463229248 -1.25968843191039
202600 22123.5852009279 18773.9073944695 1820.8646123859 2350.10748583012 0.99293441197776 0.126319003356401 -320.543136751643 1261.540246252 -768.056973747378 -1.43625471935401
202640 22613.4724501631 19017.4139314138 1959.25671276108 2419.76707264448 1.00581324508337 0.122871308600989 484.67971100751 490.834518711439 -138.116018448711 -1.59823236765212
202680 22351.257425835 18908.8283567344 1925.12568284346 2349.12882209955 1.00007025554592 0.135610971408738 -259.95032887809 -1053.71605882514 -818.207741206781 -1.32019111016321
202720 22318.334920059 18923.4249002145 1947.98704183935 2338.74562656484 1.00084225308552 0.121450549318219 -263.279234966755 -57.7833142229002 1455.98928499898 -1.60877839771995
202760 22175.6319659388 18900.7553484858 1866.34063112116 2351.71113261244 0.999643281686411 0.127005413681506 -551.65648193103 488.719476473745 -72.2697013165917 -1.47864612950819
202800 22216.5195361631 18928.7628561852 1936.13611481895 2310.52237398223 1.00112457258681 0.138658929442988 -1938.83930800137 56.9186869458982 -1071.27880000843 -1.20237197486809
202840 22415.0342921601 18963.8224893786 1941.64547655244 2363.42646974084 1.00297884381217 0.118985552109964 -142.583059595992 938.410335539178 759.351818630685 -1.63029466014274
202880 22282.3428927916 18886.9654732014 1934.98005039487 2353.177724473 0.998913948073588 0.13021488738131 -327.691324109343 -150.815773862556 -679.848108320909 -1.35068417620152
202920 22338.1353349068 18942.1720995279 1919.75309568223 2321.88213310544 1.00183377493206 0.129432841904019 -242.482341926958 -556.372219120472 7.12534492974879 -1.35878107390854
202960 22267.5448684885 18873.5652202955 1850.75460603962 2362.42366607197 0.998205221224143 0.128361811522417 64.3289969596281 156.278071938108 -827.916016786836 -1.36011346352657
203000 22235.7018582196 18861.7908979965 1841.94510255927 2425.76620630274 0.997582488324552 0.129168019507859 607.970801899074 -971.328092183851 -409.480004903389 -1.38928226710808
203040 22540.0651309044 18997.3510699491 1943.91111866612 2450.49910661725 1.00475213909555 0.131488257973616 -463.046080587797 5.99493191586088 -830.798740166205 -1.36445537551709
203080 22448.7434131837 18900.6851612788 1889.34497795923 2446.36836655011 0.999639569550643 0.12435371494739 459.844314236479 120.541507962562 -205.853196396332 -1.47009873288517
203120 22457.9290239763 18975.8658914747 1942.43621542327 2377.33851634089 1.00361580809069 0.139951242808746 -1548.74015679436 -746.062416602158 -1016.75312741618 -1.16763226407011
203160 22323.184607632 18903.3722002961 1923.85645852856 2385.73122195595 0.999781684532386 0.128524799319461 -376.958845154296 -267.152579878396 55.4257241769336 -1.41055284033651
203200 22179.9043294661 18850.4643438912 1930.74395593359 2373.6369146721 0.996983437466147 0.130912308267419 233.642129406819 -555.616579227669 -694.278375662029 -1.38122614522808
203240 22507.2688187142 18987.945050296 1978.00736654683 2408.38654621024 1.00425466350898 0.125541957996361 195.094264466631 447.564089687563 -386.158432389998 -1.51781019000787
203280 22299.2379865487 18897.9580215293 1934.93528311793 2381.80127847093 0.999495333678663 0.126109322291935 899.547620196483 -118.467834953418 -659.084135800732 -1.47470049057818
203320 22337.2088548812 18890.0644843032 1920.26811208748 2363.72531491039 0.999077851873763 0.137123403143103 -770.807178959746 -1058.29353941445 -761.637239215853 -1.22897929389817
203360 22283.2323086058 18848.103302269 1883.83289947378 2381.88203612199 0.996858564181884 0.1154811805384 1438.53894646158 1064.93007554916 -36.0414167170574 -1.65871714150869
203400 22190.1173592378 18914.6816486607 1916.45100070615 2325.08315776486 1.00037983068416 0.133090154935544 686.80447865222 -580.919481603962 -1583.31130440603 -1.3636178684485
203440 22298.3187133696 18939.8452267854 1935.61626766342 2316.0902746541 1.0017107088079 0.124589352746586 906.329512663542 -883.340364691141 277.254525689943 -1.50953637519832
203480 22446.9445899964 18969.0353261534 1937.79649272491 2356.54264821945 1.00325454587616 0.129871346259483 -201.433171910252 -89.984967363906 -593.501809487976 -1.41926858305522
203520 22182.2109771647 18867.1316806926 1887.78150224036 2347.34076128191 0.99786495732871 0.109910364659165 738.293185335821 2792.90763175144 190.029905124383 -1.77247363699519
203560 22366.4821648771 18951.4620456681 1898.59490069305 2397.66066659126 1.00232511149904 0.131870072650798 -110.136062503967 135.382849559231 -1140.03165304659 -1.43995252511991
203600 22459.4651828715 18922.8870704138 1894.45287891428 2394.26461156665 1.00081380777014 0.11412556761486 794.464767464778 1590.87516319517 397.84150247137 -1.75124186379894
203640 22338.940950216 18832.9862782206 1961.96536952243 2411.94438990762 0.996059038911575 0.130100468531215 -91.5739529422002 -983.141593561647 -39.2676497520607 -1.37911552208063
203680 22430.3334795435 18967.2785397412 1923.56475162723 2410.60984748677 1.00316163108509 0.122607968367209 67.1714417559085 426.545745264523 295.360314250917 -1.55146131880403
203720 22257.532166648 18788.1208346758 1938.8953055638 2378.08517864429 0.993686147543344 0.120946575889619 246.760637927415 414.322842483783 556.842393548251 -1.57704758603473
203760 22389.8706970079 18924.8366442114 1959.96292368919 2369.52383635676 1.0009169189058 0.128433119160218 140.788689405527 397.083894848665 -1184.50336765403 -1.44463764046082
203800 22443.6595878536 19022.822193751 1907.51770135314 2421.37521447145 1.00609928302266 0.132215097572458 388.615421137043 -943.488763412924 -767.261581840101 -1.40806770647108
203840 22105.79583257 18876.0170452587 1839.99448118137 2351.96821630653 0.998334895954446 0.131499723531026 -1418.73388919549 677.13154082012 -516.71861561541 -1.34472482993938
203880 22307.9044143537 18895.9063196184 1959.13445835358 2343.74809520401 0.999386821082555 0.147134680937849 -624.199720194218 -2296.12862917595 -1884.52874491062 -1.07168962440411
203920 22352.3568756428 18905.8220340095 1881.75399134962 2372.10499119016 0.999911253947349 0.127823956498875 333.695270607726 -527.848874947874 -128.647158053541 -1.45682818338238
203960 22445.6098294306 18939.1026854708 1881.81285153714 2361.36726646782 1.00167143649191 0.118412224468405 543.850159009353 766.06499363804 510.24941534727 -1.6354312719863
204000 22425.0170883064 18953.9316662437 1995.23632244247 2355.65906884609 1.00245572742265 0.126333522621504 412.172370539555 -222.724791734363 -160.298919204753 -1.49486061029125
204040 22340.4531168171 18851.4989631515 1945.83934226561 2359.47612007113 0.997038157511648 0.108447471669754 1753.57389784097 913.081029641993 1407.82944887711 -1.83174340265887
204080 22224.5975136503 18890.5106107501 1917.271643292 2354.41974985997 0.999101447084494 0.125551492223388 42.3614145184531 -565.680890808284 585.94684628372 -1.46260636589796
204120 22349.687573112 18923.3292278739 1954.71755852059 2375.12259610461 1.00083719306486 0.122016624669335 553.670033817151 1214.65205267827 -744.561143934569 -1.571202951933
204160 22457.0556919403 18877.5321252268 2014.63957939967 2406.96278698551 0.998415027117643 0.123370680995951 658.930432783169 928.94545955155 -965.157292196962 -1.55555520532789
204200 22445.8161247313 18918.3648739144 1988.37474803823 2359.54597190055 1.00057463302469 0.120055559440879 1233.43736220706 245.680411178862 13.9042543987655 -1.62582140725331
204240 22388.0842821236 18975.3430660084 1877.63147278081 2350.87317946027 1.00358815634052 0.131821507976007 -447.054160216996 276.130842172026 -1139.01568405565 -1.35920405361184
204280 22233.5067203618 18837.0381457658 1893.64267492897 2330.0579034021 0.996273338398297 0.130804419234072 -344.872052809816 419.100361667589 -1087.69556396681 -1.36333766136663
204320 22337.909377612 18888.5624369373 1908.99506151989 2358.92926863187 0.998998409992717 0.119326884493664 712.390202452382 1431.88403824043 -596.50819762054 -1.60592999021345
204360 22339.3625534274 18875.7183841032 1977.54357306058 2330.39011162081 0.998319100045127 0.136545143394052 -952.897757222408 -1080.49805980537 -502.997160312156 -1.21583553766425
204400 22365.6857310741 18891.0927836048 1954.52925152938 2347.51173308822 0.999132237662558 0.113022062418025 321.818796866038 1969.55410683549 712.258840634635 -1.74817724396452
204440 22302.5591933556 18928.9980204881 1939.85893657495 2358.27260314956 1.00113701020696 0.116714321150383 458.912932462293 1119.06861945138 476.296186932819 -1.63966990407828
204480 22436.7255091246 18956.7711909366 1955.02382754234 2406.73642862039 1.00260590722923 0.131776565120921 -119.137344213935 -1340.21481924653 28.8899223940115 -1.40374009763648
204520 22473.2293363435 19057.3911453848 1921.59987687262 2376.65155006465 1.00792760255903 0.117927108465689 1146.52595377378 674.520141898913 -17.1984469363054 -1.61581371992508
204560 22212.3267849934 18937.9118078278 1935.68446766927 2381.6269869889 1.00160845208662 0.129840006167398 554.16840544744 -538.721944573129 -786.14093031176 -1.39037141430941
204600 22262.6280327434 19114.5517034753 1828.6200728216 2338.25325412332 1.01095077104193 0.132223055325681 -310.088143309258 -1214.09938638601 100.01813417469 -1.35490776184625
204640 22259.9820676579 18953.5589540901 1890.97182990856 2341.28541921582 1.00243601502526 0.138566635718032 -1075.7157202423 -665.548313704247 -1198.15050261012 -1.19963617429816
204680 22395.1070572765 18950.0139891916 1944.37256553487 2371.57148516409 1.00224852514566 0.124554341673126 146.142088568866 234.656938241682 -174.068294655425 -1.48701388345983
204720 22337.4303553295 18857.3954702278 1913.6672273488 2410.54816806219 0.997350018258773 0.124765875080617 -556.11520171519 1180.54371290856 -325.871652123964 -1.508773205905
204760 22190.0837697309 18834.4448960207 1852.24621320884 2342.8052899336 0.996136183843485 0.12356918988243 219.490358444067 990.301532116727 -512.427576120926 -1.51957682737771
204800 22118.9983769642 18845.6488257395 1872.76009853258 2341.32141322805 0.996728749212719 0.139030787932844 -244.906363763428 -1236.95321830884 -1516.08961252612 -1.19050090688046
204840 22279.534604372 18939.2746806049 1905.92675531398 2359.93973574866 1.00168053315377 0.128865874591609 -602.638177946036 251.878338961038 -439.172281205587 -1.40739192663153
204880 22205.8138899043 18969.4187109821 1889.73696919721 2386.71488613536 1.00327482274135 0.124274233784905 359.268529734729 281.882790039018 -308.233766876489 -1.49341410718687
204920 22192.5632520777 18887.4256313948 1913.23051618839 2371.13600675061 0.998938285410274 0.12316730269381 -186.168701972631 452.140019287911 287.833945104791 -1.5245583891478
204960 22197.0138331639 18850.3142464286 1838.04507836152 2443.85410616008 0.996975498951666 0.115257660118093 870.312668565128 1244.49757678651 246.194238918898 -1.66464459197574
205000 22183.5296942858 18794.3164080519 1942.1587145497 2417.23509148501 0.994013825627499 0.131136208089781 -512.184042247621 -592.635844292323 -58.7865763029501 -1.34074816305483
205040 22312.2912584409 18919.2811433996 1844.77446026827 2412.93436608793 1.00062309366122 0.137021346591188 -824.315695832166 -1270.91626975117 -422.532380230468 -1.2246477836398
205080 22295.5851224176 18891.1905279558 1958.22428753654 2343.2888422629 0.999137407269908 0.133637894686701 131.016737148101 -498.328403229514 -1267.53389604873 -1.3227300702652
205120 22249.2484047241 18871.3356149601 1954.56933924371 2395.21203806236 0.998087299482222 0.117986144603249 925.365139436143 1020.44145173778 -89.697430076586 -1.64103993120337
205160 22303.968241669 18915.9103291046 2006.99665906493 2373.66689454156 1.00044481444425 0.117929901069516 165.393352072603 1143.80272983338 623.881045269868 -1.64580096466907
205200 22231.5761231338 18842.5092310438 1949.1932870815 2319.49801254674 0.996562698984202 0.116558214876969 1383.48458567732 1151.891765902 -438.76159758336 -1.66442339798109
205240 22200.3412259157 18904.0973259051 1933.34669246007 2312.16234579831 0.99982003574799 0.131957044185274 -154.80207321577 -635.036924331516 -395.214945261286 -1.42030994894513
205280 22213.7349100254 18995.0633025959 1894.00502519432 2350.50154989031 1.00463114121887 0.131852918978709 -1274.62993950066 423.155148323453 -341.135318483686 -1.43238650283796
205320 22290.54725725 18888.5665515581 1921.86259063322 2395.37982034335 0.998998627611164 0.120528861590165 318.030493912748 -41.705193730704 853.924152835388 -1.53971321272991
205360 22482.3240714522 18999.9073318011 1986.88116250256 2384.81914450989 1.00488733739527 0.122584677795315 386.77574338116 324.855848046214 -51.9858350435612 -1.57570959996781
205400 22258.0706917126 18825.5485743469 1921.89443683951 2367.11714041032 0.995665665706567 0.12643063564964 -374.846193343095 1001.07016273382 -610.919524706194 -1.50774551414938
205440 22366.0270424298 18960.056210843 1897.85881565382 2337.23745223758 1.00277964886119 0.122048705867782 858.403293607946 660.882982471525 -532.103260379961 -1.57649652408001
205480 22437.4579126452 18889.4288487477 1932.25896552555 2461.65393789431 0.999044233703433 0.124229692698508 -40.4784298241742 967.21581642289 -532.687016991028 -1.51630829758792
205520 22376.712134289 18942.820981675 1891.21981631654 2344.57242657789 1.00186809370224 0.13822788693372 -787.001297294173 -853.711231123505 -1190.23781284128 -1.22274387679957
205560 22320.2480507536 18965.2888857568 1845.18056286449 2344.48258795624 1.0030564001458 0.133536642351669 -648.413000941252 -807.256914267811 -235.641191267969 -1.2696793993016
205600 22440.853659667 18906.6851504233 1917.99045652695 2359.23095695497 0.99995690336762 0.123110557198488 46.3242107298569 494.84405607244 228.490967873649 -1.47738196166974
205640 22294.8064508819 18883.0402028047 1843.63873252539 2359.06734613413 0.998706344191706 0.117769380400859 1216.43205335357 1064.60108496937 -287.892953340027 -1.62751500549538
205680 22337.12189388 18871.5539801116 1914.90608604701 2320.26443527173 0.998098848610953 0.135314835168502 -135.332011562933 -806.604387347388 -1187.11357710594 -1.30240443569219
205720 22257.2699604741 18868.8868018144 1949.65049991469 2298.84863423646 0.997957784044128 0.125951362561736 1055.10968548916 -294.666125001172 -690.92155732664 -1.50200099720253
205760 22409.3129718537 19020.2267343403 1962.11265938309 2287.24206793044 1.0059620116007 0.120867936474542 1119.16596817769 738.276128981576 -745.876187341058 -1.59983198229257
205800 22248.9515842801 18866.9146922069 1877.52985738414 2344.26415686608 0.997853481010547 0.125961596764704 -383.459708358223 1349.18713929551 -753.346826373081 -1.52455757946651
205840 22176.7463966044 18902.3398366211 1856.7965443126 2372.68618342516 0.999727083782685 0.111895915600296 2252.23463107863 1246.58668991748 -165.350821108739 -1.75246501244939
205880 22208.9075428957 18838.4662657716 1852.69033854139 2356.86116851542 0.996348870330378 0.132076496171102 -427.441340758011 -498.247601092186 -496.715143674446 -1.34449948444128
205920 22319.4995214072 18947.0940144059 1852.14968929094 2380.31680460103 1.00209409040888 0.122386761091073 1395.6310638504 61.26705572818 -632.331581990535 -1.50056199726278
205960 22369.2412417649 18979.7075095826 1896.58769000075 2381.19525853721 1.00381898768121 0.126392968720454 1162.49033869672 -673.597626289093 -607.250328433441 -1.44713132508303
206000 22191.9615782436 18891.9936701146 1868.26793187946 2326.23485487413 0.999179884707902 0.140077319615711 -949.857455621783 -914.325080391263 -1440.55098105295 -1.16322234031257
206040 22544.9686409938 18915.7465084496 1998.1316108236 2393.04199997094 1.00043615012295 0.128727268289013 -655.914254183044 -45.4253465304736 -29.1755188342512 -1.3959005232303
206080 22332.3864485307 18919.8945270067 1976.10312244578 2324.27778267759 1.00065553494681 0.139831666759962 -1087.04911355122 -482.724626430752 -1462.33266379698 -1.23985158903218
206120 22095.4571722502 18809.7836809131 1876.86612142817 2334.71397415982 0.994831875230099 0.123553654723009 673.85977963397 243.786293130285 -197.10465517633 -1.56522039321675
206160 22337.7872152425 18950.9167388121 1888.81109913649 2329.36958729222 1.00229627072919 0.129915386447955 -196.277303723705 121.907439817645 -819.812738249874 -1.41826011710596
206200 22486.2306262254 18995.521170803 1911.82624006679 2326.30711375251 1.00465535744033 0.128044313135969 -221.209984651661 325.565523624279 -563.923766886025 -1.43113907770216
206240 22443.9106503493 18932.9685939559 1913.5676981966 2339.48210404976 1.00134701012592 0.112834949493842 2306.21470569389 352.225835432811 458.174307854385 -1.7155749054809
206280 22455.7817163535 18949.1676988233 1999.28043929343 2332.48783194955 1.00220376563921 0.126723369959862 -244.716460588139 228.693476813003 -126.662910026937 -1.51836674794837
206320 22277.917769063 18872.9061014276 1939.32292808567 2355.21949566065 0.998170361043377 0.130725315827073 -302.393634452825 77.7722294321709 -896.066210817027 -1.3804580334827
206360 22447.3639875087 18977.0536214853 1964.06454862107 2335.42957678698 1.00367862602064 0.130192382559036 586.853326298742 -430.353739685241 -1288.58503580479 -1.36887319390088
206400 22294.3232685463 18885.523818343 1910.73557322522 2346.69370978561 0.998837700295809 0.125040559596966 416.986572401857 79.396479052492 -250.655189112011 -1.48944551865029
206440 22261.7209279381 18888.6909051453 1902.96586943046 2336.0992737516 0.999005204556142 0.134217884297082 -234.247950764487 -453.579284928716 -1084.47893093782 -1.33411800981952
206480 22171.6989530202 18871.3041319506 1832.41277755318 2364.07311369852 0.99808563437528 0.12421499714837 149.521303422465 720.903822545316 -393.790693989821 -1.50915148641006
206520 22259.6050175386 18856.6405040539 1930.14488550013 2325.75024646781 0.997310088803591 0.12395805748014 565.836677614935 439.322279193094 -522.538464063276 -1.52352852003322
206560 22257.7626668171 18894.1027126326 1950.18474751089 2346.64962673616 0.999291429995116 0.126291106703462 379.955214077762 122.158440880963 -557.409328722057 -1.49223621684901
206600 22239.3446445982 18815.8308052248 1950.89691973555 2369.94930470332 0.995151701982007 0.124932208673409 -332.345762610166 1273.17153224148 -770.663478329026 -1.47200828655578
206640 22311.6280367046 18979.5368513564 1935.34778345672 2316.79504363537 1.00380996172717 0.129269293024997 87.1322213517711 -544.247111320667 -276.450902660622 -1.42081999343984
206680 22128.2377241473 18798.1394445271 1960.50829893433 2336.53143085592 0.994216022452842 0.116155031487455 833.140701916227 1479.74128266039 2.54903640217721 -1.67909961326389
206720 22204.6145933413 18834.5170896035 2014.20053935838 2317.5169556594 0.99614000209459 0.111054687147321 1195.09491642128 1613.59343985278 778.725234209605 -1.78416063846917
206760 21922.8634111374 18856.6143173581 1857.90077085794 2268.21926850496 0.997308703813728 0.123704289626242 1140.97356868302 -207.110888067491 -264.556353676113 -1.62307688989995
206800 22261.9137287185 19017.3006615098 1858.995864091 2296.30512634249 1.00580725434403 0.12653636509341 728.32937074426 -350.387327153333 -436.714920409203 -1.49572315594294
206840 21957.3088730014 18784.0271618063 1909.729425481 2276.94479373687 0.9934696370121 0.125218584606266 273.329938917526 996.610932016391 -1119.15514239942 -1.45616506895228
206880 22154.8944216379 18831.9218303138 1960.16780173447 2318.55648640184 0.996002741256846 0.126557792784012 94.1540992076397 455.57586088205 -575.944337375752 -1.4465876662659
206920 22272.2503177564 19008.2101094944 1862.29327078691 2329.1090789344 1.00532646354592 0.128184697377978 326.772731337102 -297.951527968585 -607.642093810472 -1.40050334630228
206960 22366.5653932837 18990.3050241694 1944.81254198333 2328.33098915699 1.004379480321 0.119566014497909 109.315922416286 1055.00735543712 177.18745183164 -1.602479050579
207000 22046.7792191961 18764.9671789579 1908.47970822795 2316.82056171229 0.992461572336791 0.117040156137911 1934.40018705365 399.68905285948 -111.371524010627 -1.64723056734333
207040 22300.8925086235 18997.3637680207 1964.80233145697 2348.01025884323 1.00475281068469 0.120293415352716 1356.89221274337 193.299446672524 -1.09163240150491 -1.6519838649452
207080 22429.2354789018 19005.0845128594 1982.40593273047 2354.97045685464 1.00516115366174 0.135714459330371 -818.769247252178 -785.03670789511 -573.830722463215 -1.31729859848202
207120 22295.6943559767 19013.3670657189 1915.44739535101 2351.45132884941 1.00559921013983 0.119502076225371 1990.80681135436 437.616164333448 -740.423247424926 -1.67695174447967
207160 22324.5019550274 18942.6865114525 1957.12190585453 2396.82733907212 1.00186098169787 0.124872253114098 362.330150581591 166.350261919713 -157.273128930637 -1.57156110343424
207200 22427.0543189286 19031.0360691579 2016.15727741402 2389.26682304408 1.00653370721448 0.113979435224488 1406.19813826759 1100.65520280112 348.490481082485 -1.78881326437985
207240 21982.3164969053 18780.3756410833 1904.93941221519 2339.38274420505 0.993276511494553 0.128442559982147 -201.527472373492 -129.847909971835 -149.911540976156 -1.43028135972353
207280 22287.5707361641 18940.1489145424 1932.30270297038 2353.76239343973 1.00172677056948 0.115129035415844 1910.61736664217 785.421480062881 -51.6535975649962 -1.68696256817922
207320 22203.3021735347 18855.1117969624 1936.78382867773 2356.65019048906 0.997229236914579 0.133489562722334 -947.96333469566 96.9134441971495 -798.606674095827 -1.37922140218202
207360 22411.0371583295 18957.3321334715 1945.27600632255 2363.43652739418 1.00263557495552 0.128602718987559 3.25471812748948 -82.9656615516569 -450.113257787668 -1.4503500993628
207400 22203.6140966613 18816.8509520886 1942.09953993835 2357.22430095295 0.995205656595986 0.13459431717304 -1157.23228018381 -355.085030234991 -459.039938945067 -1.28729258307797
207440 22206.7911723483 18926.7914279643 1952.11696032341 2347.24800294865 1.00102030559113 0.142276352384032 -639.726535064669 -1178.58464678055 -1799.27865937969 -1.1515910593527
207480 22024.5197087139 18873.3796875663 1836.40415667643 2429.07465566692 0.998195408571536 0.131221327326467 -624.536733687358 181.164145404004 -753.939269466328 -1.34922306572921
207520 22196.410123686 18933.1804079379 1904.2697830471 2362.44119633195 1.00135821276943 0.13088120006757 -213.654784866268 -997.894284319682 55.8324654600487 -1.37433068315446
207560 22006.2048367294 18854.1495837173 1913.71527880063 2347.57710230669 0.997178346355536 0.121675227753336 958.235286051541 639.475503254221 -386.649454127858 -1.57821623090817
207600 21957.2290890555 18879.1788989655 1885.69437915977 2344.50812618669 0.998502123441255 0.128688661305005 -504.734268831701 397.257007848987 -319.630615473556 -1.43531856596096
207640 21885.1154863232 18896.6447538794 1825.95041185753 2351.13531306568 0.999425876180321 0.122506463695377 641.240908022431 457.318402861065 -154.112236272112 -1.56845024285358
207680 21996.4094522765 18833.733791253 1940.74578381624 2307.81035355342 0.99609857417707 0.120850409067725 1108.16224046125 13.4872715760134 101.674660382128 -1.62247119265575
207720 21937.5187713209 18766.2133332312 1983.77475873693 2299.39959863384 0.992527480271383 0.121750045889836 649.698439621595 967.770024995478 -696.390640487298 -1.53792629609968
207760 21980.5031862241 18876.6913090958 1894.47655515808 2251.38518517501 0.998370557138479 0.122290422489851 549.745952515875 427.537052985518 -29.2073620895721 -1.54050085805769
207800 21845.7434483603 18908.699661481 1786.12894653059 2269.24290496208 1.00006344897427 0.122303748240725 346.91912652761 738.279155002531 -227.395207158292 -1.51299787227781
207840 22016.4826742472 18884.8682351507 1936.87670023968 2254.65356216418 0.998803027113618 0.132794214994051 88.9445685040996 -408.418894397797 -1313.70438018926 -1.31268303865781
207880 22172.6876820216 18974.5965788324 1962.57597092371 2302.43035765686 1.00354867533161 0.118656510378429 626.782175385711 995.595112823317 18.2520364715036 -1.61848429244127
207920 22130.0502671752 18843.9574727557 2029.17178989079 2298.78446241241 0.99663929513451 0.125469914630597 167.80849819773 139.562645320078 -126.532573749092 -1.52875504534414
207960 21968.0685421588 18940.8153595762 1875.62869996364 2312.89649301996 1.00176201822431 0.120554963521285 -645.258664207978 1272.43680775562 825.185184390959 -1.61635253657876
208000 22053.58581084 18879.6818803393 1948.59002318247 2349.06583246873 0.998528725655921 0.121049479053587 933.033991413294 452.482549962535 -19.7741209823737 -1.5966873001948
208040 21894.3157401852 18784.2201343522 1888.88240496348 2326.25417928342 0.993479843149662 0.129030753136388 -729.594697295267 1411.06374249409 -1426.267503539 -1.36340315877313
208080 22005.8440292489 18791.0535197925 1891.68736107642 2360.0817129475 0.99384125451765 0.13738070729863 -721.794134690754 -892.004564421994 -1087.10095168108 -1.18982897789913
208120 22004.4131790891 18887.4652510126 1883.28107527915 2361.87922768827 0.998940380854825 0.123135784040474 1014.07830729683 297.332434567845 -545.730804462501 -1.49641325741075
208160 21973.6133175055 18963.9042204233 1879.94670464543 2309.403202048 1.00298316649072 0.127258841839032 662.651299387305 81.8978185243556 -1025.74298756506 -1.46206565876842
208200 22049.2565168346 18839.1140676923 1956.88979536472 2357.95204485163 0.996383131968387 0.128586798267135 199.793869123027 -531.89812313211 -300.603349357226 -1.45149183931158
208240 22102.9115950411 18877.0855740193 1959.7565601298 2407.0026257276 0.998391409441716 0.123741983878758 1005.20757672289 890.550933997419 -1149.41482942638 -1.58094152376782
208280 22107.9812014054 18875.1850060297 1896.32647061374 2322.56842638169 0.998290890177427 0.1389951993953 -443.588228607104 -1460.15329782508 -1043.73673287828 -1.18030551336592
208320 21983.2351575481 18841.4441755019 1871.45176416221 2313.79292055292 0.996506369192218 0.128427627497275 400.168685123377 -910.586481995154 78.0518855498898 -1.42613024643031
208360 21905.4192800484 18814.7111693541 1890.88117033683 2373.59950693121 0.995092485487457 0.132489986446818 -624.415543618458 -437.342508516958 -210.290593734063 -1.39905660715339
208400 21963.9725496775 18811.6974032159 1910.55622003908 2376.29735087602 0.994933090213718 0.132486993249397 -1110.53373664029 85.3573022880834 -605.63906273718 -1.3252287363638
208440 21958.4931142704 18882.7391694022 1964.64516896919 2323.52725825324 0.998690422816457 0.122021619684848 109.136022148349 892.287766616372 -107.805890751922 -1.51031090140829
208480 22169.7891454196 18888.156736385 1963.49447155337 2370.54789976353 0.998976952869763 0.128768832814475 -346.143115559254 480.447080690602 -734.90080052451 -1.46016778157622
208520 22252.6801798872 18948.2592844112 1960.6900376845 2395.69805920838 1.00215572045015 0.126414871382803 508.259722367049 -51.9662935109685 -600.775054671567 -1.49563708431541
208560 22104.5263003322 18949.9906056759 1962.33318156085 2359.01005148214 1.00224728841338 0.129227238419673 986.309437359168 -157.928369299053 -1620.93080487486 -1.3958642674072
208600 22301.8854311991 19022.1874236763 1956.55658084543 2399.15581214941 1.00606571062681 0.12462301188883 268.632695949795 -331.460998827552 393.175234148009 -1.56263279951509
208640 22192.9788017506 18915.8220134697 1977.51080730225 2392.39162172465 1.00044014351287 0.114961955384081 219.784129752745 1516.02126029588 760.132900999141 -1.6738181199872
208680 22235.04554553 18886.4312499529 1983.63798671711 2383.25448003773 0.998885693505378 0.120585668946114 564.198324290423 547.133835926868 31.3937881600582 -1.57272173963654
208720 21828.1030348103 18747.8354726251 1907.09032646799 2338.04007054286 0.991555492403816 0.12476180100258 441.926925906544 35.1085002793836 -66.9458636591256 -1.51486530359162
208760 22202.7791147972 19040.0268135451 1855.20308947037 2351.96159037748 1.00700921928045 0.128049760705456 725.220467493729 -341.00605373731 -720.240647318084 -1.47851083890504
208800 22100.1626329616 18893.166444143 1956.52954121613 2322.15174829662 0.999241911629933 0.121526588701691 1059.48203844127 546.046777014834 -562.48430077799 -1.55548278453547
208840 22007.6145461766 18973.7331455549 1928.59831745438 2350.54886086154 1.00350300915271 0.118850478205693 400.672837973066 1273.21895189178 8.77995046521016 -1.647998513866
208880 22037.8736110481 18951.8904902808 1922.50756978103 2330.28688403322 1.00234777153409 0.140355875085289 -1157.57278623732 -861.862041595818 -1238.11888610524 -1.2444359527297
208920 22021.7768562444 18943.3799429372 1849.21675429396 2364.82031898549 1.00189765664087 0.116761713608162 1222.7747029278 241.130981938504 629.171073934751 -1.6422092486433
208960 22094.5717973835 18927.1080734396 1885.18083116067 2358.49344082569 1.00103705267431 0.129384529759485 -980.134116128227 417.088699380215 -254.456699149608 -1.41214577206969
209000 22000.7309305622 18983.6233605497 1857.19787537087 2360.31732105058 1.00402609337827 0.124972661180716 170.689367177322 123.383158778587 -23.4806747274204 -1.49675960438888
209040 22029.7987993577 18862.0642502052 1903.98124054235 2334.48147193465 0.99759694566734 0.119374452053018 552.383212994168 1058.91762558423 -6.63930352822654 -1.61486382311889
209080 22134.0221857842 18864.7527333501 1826.57563412735 2363.71181921641 0.997739137027642 0.135108561944864 -1371.66768115723 -636.127068215587 -260.213150797352 -1.25313640433415
209120 22131.1437559371 18935.674305441 1856.61148219657 2359.02327137634 1.00149011267703 0.128398395368147 -758.765271970596 589.472487710059 -398.042222009841 -1.41995758400621
209160 22319.5540442616 18917.4265135508 1961.76103229763 2391.32286126728 1.00052500402226 0.122753087827813 1165.48858728608 19.6462864828366 -423.714417859833 -1.56357507508201
209200 22144.9058433955 18911.0727017561 2068.84192497746 2337.94174837862 1.00018895685607 0.113577463692216 568.734543327859 2075.24545321291 341.370179517232 -1.74956887994071
209240 22309.4386403037 18951.4278948896 1984.87180128709 2301.5849823248 1.00232330529629 0.122876986583398 -344.226922344637 872.185235893315 -28.6627033062621 -1.55498947863333
209280 22043.2780431952 18886.8903869764 1845.03964508549 2285.69566013673 0.998909976833339 0.125923488746234 -33.6490591275676 260.629236615309 -194.568742308673 -1.49504403837504
209320 22194.823239181 18855.9822020541 1892.19296127219 2356.20174876928 0.997275271826211 0.127494664309782 747.043277151453 -339.336445900278 -732.066584640873 -1.4395594986678
209360 22210.9323279441 18864.5126541158 1931.4045661333 2401.46592538358 0.997726439461369 0.128963949992955 -158.02769668599 253.423650221814 -795.5997157524 -1.41062554053383
209400 22421.6979026932 18953.8442031305 1963.06484968047 2387.05190125186 1.00245110158035 0.137530223884894 -1430.57032564546 -247.156619611878 -1063.42345425026 -1.27429209706343
209440 22319.2306611779 18921.0404463412 1912.5247721395 2416.36228333355 1.00071614154918 0.138119067397316 -1413.52753329122 -1014.30816709807 -395.509606775197 -1.26973950122686
209480 22233.9951796487 18924.2220767398 1951.01380914768 2368.70970094396 1.00088441500673 0.119993462056011 488.616565672242 497.61135593253 264.755977349903 -1.58611263526296
209520 22260.1423749891 18853.8529687346 1973.59109816267 2356.70485949929 0.997162658666384 0.125588119547686 -594.616677454764 1327.0317565199 -623.808269637094 -1.50636291939388
209560 22243.5720784599 18925.8138737806 1902.73448958468 2334.18436311514 1.00096860366418 0.136207368785136 -518.708590995052 -186.917632448812 -1601.25671235118 -1.2790464267943
209600 22108.5012455205 18906.4529903251 1859.28363056249 2321.81069036499 0.999944624637052 0.126105974401198 -129.475135353006 356.063026982199 -351.907782915135 -1.44330164638123
209640 21924.3692512022 18888.7813427352 1889.22052653739 2372.04968391016 0.999009987715734 0.126425329270952 -119.573413604534 444.623132815412 -442.759093341298 -1.48689261819726
209680 22199.19194562 18966.2135376234 1922.9165210248 2328.55370053869 1.00310530411865 0.115492861132284 582.743124878448 1100.76935312766 540.60794012122 -1.63554532058308
209720 21935.4696215048 18839.7468488712 1877.90245542315 2342.95165030702 0.996416599173408 0.119033769490221 970.253593724571 527.943228477293 184.848064629871 -1.62127263685103
209760 22198.8321722828 18908.0913727516 1923.22881912648 2375.40910907463 1.00003127715201 0.123738816021252 906.710949533905 63.4149643761239 -370.440267516611 -1.58037987917653
209800 22203.8555633271 18928.1099476495 1965.55433312936 2365.95875676154 1.00109004086471 0.125801470903344 -94.1191892900163 329.915930289444 -237.505908008122 -1.47284424601383
209840 22083.5262658506 18863.3214545826 1943.72112994304 2351.4136431577 0.997663438031604 0.135343036422245 -674.25725510992 -998.776591256379 -394.809774522888 -1.26492056728722
209880 21999.6590439542 18926.176350654 1887.89666545471 2356.22622952096 1.00098777472717 0.12647951822089 241.386893343261 -315.452867239486 -246.420724254859 -1.43401976122956
209920 22057.5925833776 18909.7212605757 1919.1657851194 2322.84965995687 1.00011748039538 0.14002572385469 -612.820068969714 -771.911538930568 -1842.54158348633 -1.1925068346146
209960 22013.4346981363 18838.4909856417 1898.63519459591 2360.42526805592 0.996350177741197 0.114733581431175 1129.30854708508 683.39004707687 956.338989315222 -1.70752560405564
210000 22126.5794796076 18924.7739623118 1907.81710682214 2338.35608911967 1.00091360371872 0.127968155573186 -875.722740166276 929.381987707122 -520.137007803297 -1.46026778987229
210000 22126.5794796076 18924.7739623118 1907.81710682214 2338.35608911967 1.00091360371872 0.127968155573186 -875.722740166276 929.381987707122 -520.137007803297 -1.46026778987229
210040 22183.3883285505 18843.0772841295 2013.10622286675 2297.30581409352 0.996592742780879 0.124806792380351 499.64121889916 468.942840398581 -824.016196022616 -1.5560150458241
210080 22252.877055322 18863.1995034544 2015.72046961531 2345.90702903595 0.997656988150439 0.119639718394913 1029.78336514758 -114.535832639768 199.945789703046 -1.62630713896599
210120 22499.7490986979 18976.0971560414 2021.79848491355 2372.08484222375 1.00362803945743 0.114366876838641 576.251914533542 972.458115362661 536.236628875709 -1.77610260726403
210160 22346.7630716463 18901.0907766342 2036.09589662298 2293.5237839804 0.999661022167617 0.108300680463323 2602.6082087507 1125.7293168654 -511.609756181086 -1.82070089765333
210200 22234.6791955149 18867.4370709818 1906.97202274173 2270.5707841094 0.997881109135625 0.102395617351054 2379.52181305748 980.753374028759 1206.01185917368 -1.89802511383687
210240 22378.9966508511 18891.4844881473 1988.84395433664 2265.48008824925 0.999152954549639 0.118349990206941 909.841272438887 99.7550290173031 -410.120584891125 -1.56750379413919
210280 22427.7824296167 18931.6259135843 1968.5251534146 2285.13874598978 1.00127599701623 0.103515680460064 1927.07994338684 1930.70348048032 29.4542960254788 -1.8425163790285
210320 22450.5730020953 18931.0625947603 2056.79637327111 2303.94782929863 1.00124620361022 0.0955538651385471 3050.37537873635 1883.7382463757 778.009881209767 -2.06109404510978
210360 22671.4961784606 19028.7268281161 2023.53637882658 2278.75241168926 1.0064115736145 0.117852438853911 640.85594109384 184.718797880115 -943.004125245104 -1.53299386287089
210400 22375.5713191512 18871.6454379117 1975.6599206818 2278.9802427292 0.998103685728506 0.100149364387249 2769.25961185757 1322.11929094145 81.0435893839339 -1.87598628496878
210440 22401.6043435693 18850.3571079579 2013.532160804 2290.55588337173 0.996977765857883 0.113934448532175 905.980620995461 742.176336516586 -1033.43370670682 -1.61340628402151
210480 22508.8368912548 18901.8101308153 2005.78549873561 2296.66171526029 0.999699068137789 0.116386775655783 1224.2506142152 -784.555452635104 -639.202205897483 -1.54099211386602
210520 22550.4171714365 19002.3015576895 2011.12596804186 2216.98856584818 1.00501396576435 0.10419898402016 2226.29791982663 1070.3434464726 -700.744032145796 -1.76469310037977
210560 22548.8899711614 19008.8338502063 1995.02580295478 2205.0701174734 1.00535945260909 0.114174658257126 -181.902783818579 746.320817326839 -598.289919308224 -1.5584224911488
210600 22577.2491450094 18868.7927618409 2018.78422276898 2261.64927332617 0.997952810357844 0.0998625834524971 1777.77067606913 1602.05924531621 -123.50818782619 -1.81249538604016
210640 22439.6890967531 18859.5925480275 2059.210960667 2215.79013072547 0.997466219649741 0.102880467653422 2123.95425928714 909.05115235026 -664.076470125753 -1.80140086368661
210680 22548.5689520864 18915.0853657898 1989.20862869828 2235.72993957156 1.00040118290571 0.0961909550745068 1987.24600539922 1946.35144894459 90.241194811385 -1.86059834973369
210720 22463.8171912987 18948.5945871624 1908.51399401317 2193.11348099608 1.00217345429921 0.106738900288929 -823.404555887875 1365.87385875527 249.928205221002 -1.62964641464574
210760 22523.3905445688 18917.7215343263 2025.67524301531 2183.93570210086 1.00054060739528 0.100543132095464 649.93924650468 2104.80293317684 -428.235837579981 -1.77082047010811
210800 22531.098102708 18889.3010551506 2133.21664823245 2200.70327168844 0.999037474819547 0.091941303189864 1232.89148353679 3017.13443454022 353.649478530661 -2.04715008543285
210840 22794.6317306733 19017.7046755197 2167.01186127399 2221.84932255677 1.00582862226734 0.0857176356176001 2459.89298909352 2526.61287536081 864.777664881092 -2.12989297908917
210880 22764.3785336017 19001.7350945389 2213.26120013656 2237.72026251866 1.00498400605786 0.0849819136793809 2813.57948126831 2803.58437355271 381.090878226109 -2.13163343705124
210920 22906.1585115592 19018.3498124819 2157.82253181527 2260.42749523351 1.00586274295818 0.0880541483146057 1032.2528082619 3478.25327141611 389.012496576364 -2.04966321312232
210960 22775.0868511275 18987.2887302411 2118.74814731599 2267.87891910244 1.00421995135481 0.0781335973467489 1767.22439471744 4327.20410965884 1367.14050387607 -2.26591457805212
211000 22795.765300382 19007.1434229816 2125.88944985745 2308.10705778447 1.00527004749341 0.0884361676557147 491.899546000046 3914.39691075059 8.16496788580483 -1.98177834764815
211000 22797.0197220208 19007.1434229816 2127.13871672576 2308.10415533053 1.00527004749341 0.0877659742465204 529.044355552051 4035.66850063357 33.4109260293199 -1.99769137555164
211040 22708.0595035719 18929.8830392181 2175.19217154545 2272.6304039623 1.00118381802026 0.101672169954643 326.933284051819 1299.02313287633 -1014.5463829026 -1.67326946877257
211080 22719.5660650613 18966.9892834828 2162.83713181666 2197.53381737118 1.00314633259198 0.0967076701586084 1638.30424537469 1190.90085077761 -1092.31431523528 -1.783707396387
211120 22753.9427047562 18858.9858444501 2243.85811614342 2225.82291061337 0.997434131664687 0.0730930873050305 3377.24672916541 4542.46162187124 513.811341406575 -2.38157739956722
211160 22716.9335431199 18939.9530969552 2214.66817885085 2213.80744337777 1.00171641396034 0.0741651343319267 4477.40460756304 2320.64588614863 1086.09205150001 -2.31184098401677
211200 22637.4409797606 18880.6470687763 2124.23535873761 2203.27807766723 0.998579773570082 0.0790422151444457 2556.33018129485 3205.34583836514 716.101529227544 -2.19240691049341
211240 22900.2631382873 18885.9066894281 2263.88075702294 2237.37813490298 0.998857949989587 0.0826155034452677 2891.90894789464 2332.00316479325 -117.245620067425 -2.08767657724063
211280 22647.4931203735 18841.7831791983 2138.10235371379 2181.03614867682 0.996524298780819 0.0851647056383136 1319.25046252077 2625.43177935228 332.67469427435 -1.98011752658898
211320 22624.0701809387 18827.9523139434 2175.1923810221 2166.68099917844 0.995792797246774 0.0833806457003251 2440.26496698501 1812.51574994085 366.553039019681 -2.00881298904256
211360 22969.8926936781 19015.2127338998 2235.52350146272 2187.4305061423 1.00569682580457 0.0795896790189652 3726.15983362386 1741.14573194521 132.671113689571 -2.10031771281684
211400 22764.6395856501 18818.3089874778 2205.17361619895 2182.89105357674 0.995282770724727 0.0802044169287836 3529.11767151393 1644.96383733799 19.6226241913697 -2.06457204842352
211440 22876.5466008842 18940.9250997983 2200.95358953271 2192.61945069475 1.00176782228207 0.0747557487640882 4181.83506953826 1616.46915510826 892.438360128273 -2.26148612689082
211480 22714.0655782564 18807.9058136517 2248.08724899367 2132.20817117414 0.994732556586099 0.0806846530786604 3107.62733013795 1552.37798799641 71.5960852363457 -2.06854102097119
211520 22805.8263275728 18942.7237566491 2242.46604439375 2081.28538063154 1.0018629515615 0.0806605129406491 3706.94556075535 1311.35154117357 -362.179209783992 -2.04728758608395
211560 22877.1549862828 18953.3791292455 2209.11229749674 2165.30481111405 1.00242650425733 0.0649101092283977 3718.13703009939 4977.19193498421 599.465333311087 -2.42267791661172
211600 22840.1890166627 18902.7983311383 2239.20783027165 2130.65657401903 0.999751333129093 0.0845906947514866 1601.99825362175 2239.62930858427 -707.662306148007 -1.93081336863389
211640 22830.5754418533 18872.3561818893 2208.22600505255 2113.75161553958 0.998141276313067 0.0735196203955521 2426.5328472381 3317.56159714693 540.215010500848 -2.21414581949882
211680 22986.2594997816 18954.5175170858 2239.4942698683 2150.08806614668 1.00248671252603 0.0779608605919621 2256.83021953422 2521.59902035859 74.7393614237191 -2.11458591620378
211720 22927.1986274926 18920.929226899 2275.49538232922 2121.96723534414 1.00071025925686 0.0694158720380842 3429.58367151533 3513.56047553729 458.551013002552 -2.33288512311034
211760 22758.8757068239 18877.4297142191 2166.27180961828 2069.49469067499 0.99840961069518 0.0799851893064816 2674.40096474071 2313.32170213945 -1273.97832368337 -1.94424765379989
211800 22874.5221055747 18890.5915775415 2192.2321132027 2118.03018888745 0.999105729342405 0.0744350655156267 3366.79875874126 2520.17391557722 -535.61790875598 -2.13641112389153
211840 23073.9270844963 19028.2095144584 2213.58975222875 2118.53483064252 1.00638421337873 0.0772579577176603 1647.49465323787 3238.49520337765 -603.458185614021 -2.02388930617016
211880 22836.1864923792 18930.1576637711 2079.73962854326 2128.5257092958 1.00119834265614 0.0801301648985118 1132.3246044906 2867.62938865612 -810.675506581897 -1.89411294902983
211920 22905.0424030092 18890.2306824335 2202.29782701201 2145.97406045229 0.999086641937511 0.0687137748303868 3075.72802962604 4593.90554387692 -946.84373260114 -2.21363534355261
211960 22964.8130055765 18940.908394805 2195.27444366151 2119.40093482702 1.0017669387706 0.0669233242887283 2938.69242791082 3965.58308905953 224.685744615785 -2.27190670224769
212000 22837.0380968943 18848.7170687565 2186.35580077922 2098.93198000256 0.99689102571765 0.074767412752915 1110.47939358225 3211.80045088274 116.299262280274 -2.01956993221402
212000 22838.0487810276 18848.7170687565 2187.36469387431 2098.9295757266 0.99689102571765 0.0742321075919565 1148.40039946136 3327.6609286281 137.026722916065 -2.03472805877967
212040 22903.2551567519 18918.8947515278 2234.30952312319 2057.39996625667 1.00060265775633 0.0757267352446907 1715.09481098459 2078.51333666763 169.741762131436 -1.99187511579956
212080 22998.8438035787 18994.6434536681 2213.83123557848 2085.68167755697 1.00460893580157 0.0745374260305984 2621.34665391851 1675.27184382993 -48.626419115754 -2.02761104153342
212120 22896.0983637763 18938.3907597712 2178.31097822172 2086.22373054316 1.00163378340718 0.0773383671787709 1626.8485429351 2136.00412258772 -673.985497069541 -1.91097591580572
212160 22993.3607145302 18985.8113038854 2186.28747853932 2078.29427264125 1.00414181165598 0.0693031084676928 3575.03081066701 2551.56140506787 -409.635983567052 -2.14652363524503
212200 22913.8762591209 18868.7206838128 2246.9505320778 2116.18697662472 0.997948998218314 0.0678396264533603 3556.67343704882 2738.71059944382 -326.063547575954 -2.14166267940892
212240 23038.1372229163 18985.4259417843 2280.18404996473 2083.28017907706 1.00412143021469 0.0650594470239347 3164.31807063291 3876.22521587087 -221.471330201635 -2.27607780226413
212280 23037.608607362 18993.2933516937 2287.05871344236 2096.29063891465 1.00453753017023 0.0769561903699936 1708.32927996966 1810.24645789431 -912.223848757648 -1.93995419289649
212320 23028.8015312622 18820.299091236 2302.08873052895 2122.43616148777 0.995388025452123 0.0641083756975768 3755.07414624659 2855.48145181278 274.198629115923 -2.27701739506192
212360 23080.752753016 18969.5426663426 2312.95198090271 2112.72683702326 1.00328137862449 0.0689761869141842 3662.37002085413 1984.22517213789 -594.503059203012 -2.16020978148056
212400 23228.0592488661 18967.6584200184 2374.52124951794 2121.84145096971 1.00318172259783 0.064887769487655 3740.68744829958 3075.76068784022 -528.618687822465 -2.25215261921509
212440 22999.4562421589 18929.8543962823 2274.8921438213 2045.5161097396 1.00118230312216 0.0604882477381615 4715.60420817161 2981.41323947529 -24.1710285000325 -2.32430238414355
212480 23011.9264532766 18878.5078532884 2284.19305811677 2069.76225641796 0.998466632462695 0.0580538947748884 4711.52226064368 3468.51704458036 291.50773923395 -2.41860701023707
212520 22822.6600307393 18905.4414744863 2195.47018216954 2043.24799387757 0.999891126509922 0.061846688608891 3392.78816012359 3572.58033648155 73.9867544882551 -2.29715080124644
212560 22974.2816231207 18930.904314808 2288.29341428078 2067.64693812247 1.00123783233151 0.0568012275755532 4756.81659824936 3919.81388932158 48.4679691180713 -2.41568650664082
212600 23176.645924409 18959.2712490961 2388.01689325472 2093.79829887315 1.00273813296819 0.0589191226625002 4193.32025909685 3579.55993862884 33.5555999526729 -2.37849886655988
212640 23093.22525709 18881.096312576 2337.90725197678 2070.2540670211 0.998603533654689 0.0616312945582018 3359.97420580141 3605.55663829572 -325.677511055228 -2.27706730454315
212680 23054.7623266492 18933.2953384839 2296.12933336273 2045.31740856706 1.00136429133857 0.0568243427339452 3770.63544221138 4276.84763166951 286.288775307333 -2.41608229407005
212720 23183.7649645355 18911.112161965 2368.27090081612 2094.84456130697 1.00019104386963 0.0632329954185519 3772.30086038806 2341.13820888085 -446.77637424133 -2.21729433561667
212760 23236.0980772914 19069.203989685 2305.55706218853 2089.31103956224 1.00855237285125 0.0589298787918776 3821.56698674468 3893.25570113933 -519.926756747484 -2.32440624776197
212800 23170.5227914108 18968.1713480352 2374.3068598527 2048.46387140761 1.00320885088114 0.0674746711060363 1547.41625468826 3225.06437132832 -895.386587260303 -2.06168856706183
212840 23270.7186289706 18947.7524486932 2429.61893726625 2095.81400741413 1.00212891438282 0.0512274228176446 4552.13050478633 4757.02473886437 566.606963450892 -2.59092149185987
212880 23186.1405071718 18876.2890744527 2394.99196921948 2095.92715053841 0.99834928332422 0.0614547774548593 2116.17582080166 3754.82579343386 -96.441150642952 -2.18209993346908
212920 23312.7545645426 18975.7837766006 2422.12663069063 2104.48898818832 1.00361146511176 0.0570817846584549 2232.49877130397 4274.36419322686 791.487155335757 -2.3357326930381
212960 23253.5500695138 18855.7921311538 2499.49303587808 2074.29770076549 0.997265219153975 0.0513617184253557 3504.34797468939 5709.2583980285 193.334572888085 -2.53145472220415
213000 23225.2803940027 18961.1546393684 2464.0617537712 2009.38062370605 1.00283774371907 0.0547225589223062 4009.94689432034 4328.79507271447 -319.987134860417 -2.44392805371319
213000 23226.3750743287 18961.1546393684 2465.16100040889 2009.37499147862 1.00283774371907 0.0543085830689436 4044.95465423251 4432.64490397479 -300.19100642992 -2.45769331122803
213040 23032.1179379496 18897.0295752338 2388.07677262507 2007.01168003838 0.999446229022019 0.0559543597401493 4363.36802224865 3148.37514701357 -89.2935709279966 -2.3141301751303
213080 22922.4182064428 18781.7541742437 2361.66295617345 2027.45844130419 0.993349420824734 0.0573884844493526 3522.14559991567 3138.11947240468 60.0896678917324 -2.26650899324824
213120 22987.3859137213 18816.2476266345 2354.86320753247 2039.94423536226 0.995173747276717 0.053758497948687 4123.70308944348 3828.55384002918 103.209986540502 -2.40291687443855
213160 23283.2261019132 18946.5506142187 2480.63739915737 2076.12222906013 1.00206535048096 0.0485242657185359 4527.86231547939 5758.03887201075 -271.607478427246 -2.59823490303046
213200 23175.5076182863 18913.914546121 2438.08063572987 2058.31451065186 1.00033925934793 0.0554209802375274 3151.56318033803 4229.97238725928 -275.721740552058 -2.35254905650174
213240 23322.5315469538 19017.5915368053 2470.41318713216 2053.0088462047 1.0058226384665 0.0493152795216408 5279.68660830352 4211.73577009196 -52.6553275908186 -2.57349719112846
213280 23206.1708840946 18919.5658378999 2434.09706013619 2080.02688366191 1.00063815088721 0.0537963881422814 3732.47729221722 4356.8177618068 -496.785152141783 -2.40704164327036
213320 23103.5248366284 18946.7308576366 2338.8862722799 2069.86207824132 1.00207488338683 0.0462862771065778 5442.67334694124 4923.66459493887 -2.14009402395394 -2.58042312223321
213360 22952.8533482294 18721.8270658195 2431.23300111697 2064.00517755941 0.990179932080893 0.0594327059627445 3605.04719736161 2620.33898617789 -1372.23274568377 -2.11595564455657
213400 23146.8240059431 18829.1353678892 2498.52342786621 2052.21637632092 0.995855367864031 0.045784636425449 5576.69896105911 4096.44000044737 662.838530579225 -2.60718627673823
213440 23243.4309340045 18955.1410088682 2506.4002704973 2008.44037466157 1.00251968842355 0.0503108741278477 5388.05765920849 2824.10406567783 151.606236256904 -2.48716753708359
213480 23232.3321543894 18955.5862433145 2457.94836039226 2050.2711207737 1.0025432364572 0.0498195151802563 5386.98445863126 3220.58120806144 -105.100289964727 -2.4539278734817
213520 23251.0684496263 18921.771277202 2477.53710074733 2063.07815189882 1.00075479451022 0.0432928779348385 5384.34083300439 5400.32409186848 321.996462854592 -2.64652991430357
213560 23223.5341855064 18931.4838849559 2493.7841495233 2005.0392789578 1.00126848525484 0.0467558517271936 5381.45470250592 4170.80022789701 -41.1173193210866 -2.55072337487763
213600 23189.6245838812 18876.40804489 2559.03791435187 1966.77583746567 0.998355575559436 0.048897857881139 4206.74064115125 4297.73458714014 31.7056070679217 -2.48114758589284
213640 23276.1566648146 18904.3069819003 2530.88232297938 2007.74037740751 0.999831124257588 0.0397308381608928 7055.16143962137 4492.30501958034 781.352602807198 -2.82550389256361
213680 23193.2507492492 18817.1235567432 2540.46119050609 2015.60357815853 0.995220074401332 0.0456822838790752 4410.13548215623 5224.53665677551 -44.7874572379483 -2.5664612553549
213720 23259.5140594992 18922.7125677665 2521.29437649641 2014.22647804785 1.00080457848824 0.0485739608907683 4749.2672190174 4468.28043620603 -941.39372359642 -2.4510775261246
213760 23297.1386175927 18970.6963652279 2478.41927044345 2022.0555364815 1.00334239668004 0.046498542742409 4759.88376856868 4188.97573926519 148.174882272182 -2.57666031383731
213800 23509.446547779 19014.5476649926 2562.29867795844 2047.39225726246 1.00566165093178 0.0453037696048272 3975.40662828624 5279.16631571586 200.279453461915 -2.64004374521364
213840 23414.2754035477 18910.4356164992 2623.45973932673 2012.13847957907 1.00015526201239 0.0462235303986418 4419.43192871264 4893.52975372366 -317.639250389799 -2.57489285226362
213880 23537.4729107597 19003.6621845437 2647.29372671157 2007.66490090812 1.00508592804674 0.0473816541908592 3832.38136879199 4583.8009270378 -144.090701909334 -2.48277676945818
213920 23385.6620526264 18894.3589058322 2604.4276463917 2055.18766162859 0.999304979813949 0.0413605585161502 5446.05235112713 4711.29344610614 680.753994502248 -2.71682527249263
213960 23414.9694657587 18965.6821042055 2614.37564055932 2002.74527142157 1.00307719710197 0.0408777126054642 4975.24544374191 5717.35785985757 230.963224976491 -2.75610766509672
214000 23356.3546226802 18948.5004744559 2523.95051565284 2030.13876469402 1.00216847676614 0.0430514895444018 4109.39969305908 5483.15748504408 271.838359817272 -2.64277400804904
214000 23357.5276827351 18948.5004744559 2525.12275765458 2030.13916752444 1.00216847676614 0.0427164692853564 4141.98587754658 5582.8116538277 288.651412296522 -2.65568179608279
214040 23396.814354982 18916.6626158721 2596.68139520705 2003.58761985583 1.00048460218813 0.0392414896335348 5811.31521030725 5248.28466460785 428.670774896295 -2.79031266760504
214080 23387.1265785264 18924.9100388936 2624.66393889734 1970.87041668357 1.00092080068193 0.0467610400890807 4659.82904377216 4300.97286826661 -985.581106712204 -2.51156370261742
214120 23443.4408881644 18972.364612748 2661.97962013911 2033.91135926823 1.00343062873188 0.0445699746846189 4612.66413332085 4846.81212533034 -558.903265026399 -2.59126975859981
214160 23432.0512104073 18957.9410539543 2648.88224373532 2012.74342194915 1.00266778019063 0.044136249138158 4790.14197164834 5237.25193771446 -1018.21497941393 -2.58932053969077
214200 23348.868760334 18923.690695333 2628.01694302173 1983.8191778589 1.00085631074087 0.0425675432493372 5782.02145138718 3852.21271830601 -125.666195793704 -2.60106989646714
214240 23542.5336148144 19012.2061731713 2689.55323608141 2011.52738747337 1.00553781161821 0.0460437346034762 3878.465283258 4160.73776502574 -231.335417859083 -2.52220611400515
214280 23396.5487294014 18989.6149152143 2648.64565354792 1957.96402109261 1.00434298110349 0.0412321739512005 5991.80422383467 4576.93942796672 -587.14231779135 -2.63749101183812
214320 23365.3364312755 18974.262101983 2594.00790701457 1973.62716494133 1.00353098516372 0.0379859576856526 6271.22469200423 5303.23643583427 -166.864634984781 -2.81227278325782
214360 23463.2226730772 18963.3559787584 2724.17820300059 1974.1421420465 1.00295417050157 0.0416688747394833 5553.77636398206 4058.97067659488 -121.226725561598 -2.62692134987522
214400 23471.3167283934 18949.7588384832 2685.78353908853 2006.17868958724 1.00223503046321 0.0436283473836255 5023.67593479431 3848.48426818213 -378.321451974351 -2.56269119258387
214440 23339.1804605865 18883.6550104393 2602.92105145931 2015.28809495945 0.99873886079277 0.0374958637550714 6993.66776909081 4587.01292406005 -123.397738438851 -2.76088035250354
214480 23531.0262507915 19004.6964693409 2720.44397031902 1955.69829147436 1.0051406304028 0.0442167730217736 5728.19288242464 3460.3738408517 -1178.72834588025 -2.4902384415072
214520 23342.6231614737 18932.9441599435 2649.75763354981 1944.8228078126 1.00134571783385 0.0405408119464478 6003.50031560129 4284.55833846201 -596.730111479001 -2.66772462785644
214560 23450.3260893076 18946.2870584718 2705.29621160754 1957.11265786818 1.00205141126388 0.0377747618971381 6167.20194619945 5030.26144767609 -320.242933812907 -2.75125991318254
214600 23445.4855964013 18942.1814885539 2701.12441367593 1972.38355453619 1.00183427150887 0.0444390480195452 4982.58193099047 3154.72977114755 -588.772438387606 -2.45500976120255
214640 23389.32058801 18883.6055322918 2706.12714657335 1934.48032911349 0.998736243939804 0.037053494229186 5075.20065833295 5702.95419258843 235.14771608199 -2.75851167235184
214680 23405.0539307775 18883.2515932151 2708.82655299394 1939.68971569572 0.998717524432902 0.0361306828156563 5813.42331328747 5933.77797641398 -357.112219980891 -2.80141016030754
214720 23533.7282100091 18877.3550499113 2829.07497523919 1956.86925332573 0.998405661769739 0.0392326722591717 5067.69637628136 4872.3693214409 -198.132480899411 -2.68902352196502
214760 23415.1778375616 18780.2817937368 2799.46567440405 1953.48268638759 0.993271547996129 0.034905532354824 4897.5900366805 6642.51903018909 314.237297709796 -2.80865249692144
214800 23446.6611501257 18834.923770828 2765.75654356331 1965.05145216143 0.996161511084384 0.0390341913116353 4582.61061140866 4745.54930898266 352.664805255565 -2.66811927920134
214840 23454.1773965707 18911.0483587298 2755.20864852214 1933.19995685441 1.00018766937616 0.0390489838692207 4405.84256176373 5665.73696775443 -476.582813535019 -2.66320412754259
214880 23639.6371104045 18938.2328795844 2867.62470739528 1969.78865920145 1.00162543327168 0.0355079975601652 5802.04048848507 5811.49106128048 -381.175726566541 -2.85789072324492
214920 23498.1381287718 18949.5883582405 2719.87439981542 1973.26792396037 1.00222601392254 0.0342159783959925 6313.9462100919 5524.32638591442 -34.5085157440878 -2.85399543769097
214960 23622.0008980857 18994.3851955854 2798.03200100635 1976.96299960951 1.00459527677299 0.0275512298164151 7442.99718104568 7920.06442820997 -160.216708341613 -3.1690886154704
215000 23534.1228087771 18894.4987872001 2814.91470730598 1961.06734431202 0.999312378008732 0.0357588204344163 5446.38009507803 5809.82768620681 -381.98874155928 -2.79726588022366
215000 23535.2684863149 18894.4987872001 2816.06435767694 1961.0625876911 0.999312378008732 0.0354880551789742 5477.18669192794 5902.68110735746 -367.394799938107 -2.80923938561616
215040 23637.7933712851 18987.5329285438 2871.47533498162 1951.26060866797 1.00423286677476 0.0321315544049251 6026.29325062146 6753.95421811476 -75.1162342442561 -2.97168374436388
215080 23646.2263052031 18960.3753695537 2847.23413010664 1985.40619257689 1.00279652886705 0.0261108128954374 8074.78739996293 6991.10016397961 623.741112534845 -3.23263347055077
215120 23732.2537311261 19019.6091075901 2910.70158492056 1955.50629275912 1.00592934589925 0.0333493515689729 6421.61579356782 5578.56407256189 -230.61192518913 -2.94507263287718
215160 23558.9158122644 18817.7792638944 2911.1393007946 1966.4862523131 0.995254754139595 0.0316517854209624 6774.6856104317 6060.53029051084 -266.56319352207 -2.95363267937171
215200 23563.4326181555 18834.8344396258 2862.07875158416 1957.69955670548 0.996156786440608 0.0293585354784675 7729.06591380686 6016.26814917136 100.383541618391 -3.00253145263021
215240 23610.1575151028 18881.7600602484 2895.88151045711 1944.54227182422 0.998638638648602 0.031312221425642 6245.85696629288 6320.11897732427 108.366763592609 -2.9459477302194
215280 23531.4861813731 18836.4434128069 2905.02944827491 1916.86463561902 0.996241883528065 0.027205150229826 8165.42655127616 6088.93785166293 454.829167276511 -3.14803088580007
215320 23829.7223639536 18966.5358479333 2999.89322862696 1962.56419165888 1.00312235080964 0.0302157966866118 6147.54278530698 7169.31989872958 -278.020357335265 -2.98460979792893
215360 23802.0497251661 18976.7393343839 2996.26351022408 1961.3348787408 1.00366200366965 0.0277709453983894 7234.16346779632 6641.62397569504 425.073325694128 -3.12852446973735
215400 23770.4971913428 18980.3762488798 2984.21107276217 1930.94472016261 1.0038543566775 0.0301337827066423 7989.74221561127 5100.44162287817 -146.060838960641 -2.99005833717344
215440 23768.1728611289 18978.1084822714 2970.97268362368 1949.02713414049 1.00373441662152 0.0295709565169243 8448.01304841328 5601.83071478588 -859.834843873278 -3.02209492194003
215480 23762.9969680801 18945.7964673765 3034.02958772907 1905.57685087095 1.00202546435946 0.0311383642919911 6601.34570007549 5492.22805442271 94.232914668341 -2.94864439719989
215520 23917.5139786886 19130.5163955897 2968.49662880993 1947.37314012418 1.01179512868384 0.0223961702515911 9201.95784498076 7242.01976777667 480.688803982664 -3.31965711256434
215560 23766.0419534608 18913.3830767055 3012.77378340215 1958.685936939 1.00031115042737 0.0280308258266349 7104.73331773821 6599.49030266412 96.4999372349113 -3.06179567112358
215600 23853.4298738166 18986.4520612212 3022.43587081085 1929.5249351058 1.00417570071248 0.0346657721451796 4966.32112298154 5771.522867401 -788.79464207952 -2.77511754129665
215640 23959.77792204 18952.4382197552 3096.64057081856 1992.1130108188 1.00237674043396 0.0251380862972755 6756.76691705184 8483.95870546655 27.7875044597647 -3.23910995547881
215680 23872.6768031225 18945.4041238463 3073.7701625596 1958.07598076858 1.00200471367692 0.0299247051069053 5727.80279984237 6743.55975480439 -25.2674133147088 -2.95752029985842
215720 23768.1431932708 18906.2239882904 3056.7000990672 1884.69798448657 0.999932512933513 0.0316693756909337 6043.08200955155 5707.735332561 -439.000051937416 -2.8734058736509
215760 23883.2774215383 18965.7654211752 3092.37558926351 1909.76180334933 1.00308160365861 0.031306509344401 5979.09302249173 6110.17751483165 -615.114368641857 -2.95342130711184
215800 23949.7409275111 19000.1387489282 3130.30087357688 1918.79059449695 1.00489957683079 0.0292957352654104 5468.20942352057 7262.21274994003 -199.877700657921 -3.00457068223698
215840 23863.1970712943 18883.4996438416 3167.75300106171 1911.97622907207 0.998730643598659 0.0269372767313549 6684.88203434145 7487.99104712357 -384.839123066238 -3.06944198476905
215880 23966.312978185 18940.2675624028 3176.79426483095 1941.05235922076 1.0017330457439 0.0275549327472747 6564.53354153802 6889.16076212206 -82.6604035855957 -3.06886330447975
215920 23866.4099595867 18831.0768012205 3187.33405724783 1933.59030476996 0.995958048458046 0.0217427301661205 7266.48912318967 9091.64230955809 350.77882914544 -3.34179625263759
215960 23850.5789059398 18877.3154443461 3141.56680193736 1932.50994063871 0.998403567068418 0.0251768208430099 6111.04933377244 8424.16032236754 26.7988865456724 -3.14228488408528
216000 23968.7841392489 18971.2619067511 3182.79631121756 1904.27057832039 1.00337230764253 0.0260331608255133 6628.56580229195 7579.27668068347 -177.495040953515 -3.1534286435752
216000 23970.0866711406 18971.2619067511 3184.1013561478 1904.26774082575 1.00337230764253 0.0258094003407539 6657.43731602025 7667.79434497987 -164.586020488389 -3.16468258232866
216040 23996.4841317512 18973.7959188313 3191.70608301415 1926.4142697497 1.00350632917262 0.0209980402887275 8412.05867891184 8080.42637289693 421.208525986555 -3.4090123187766
216080 23892.6519234421 18843.911828571 3228.00136147282 1935.52028038743 0.996636881056247 0.020123932377021 8780.97345103591 8124.31084116359 488.543706049101 -3.43170319798279
216120 24076.403535519 18970.7305063038 3267.36508202285 1925.06997389951 1.00334420236963 0.0240670415028684 8045.14247221099 7189.73343366098 -301.573977871677 -3.1951464723384
216160 24039.5152886193 18973.7770531354 3276.56803015098 1895.27113927973 1.0035053313836 0.0232847365616298 7087.61791557623 8154.08494368555 163.943127475996 -3.28830203282651
216200 23985.9870155806 18884.944600239 3286.40868367739 1901.73039873737 0.998807065991752 0.0248030966233365 7804.97571204881 7237.38529719757 -680.093309186809 -3.15340023082693
216240 24000.6643058446 18904.4643122626 3298.31347970679 1896.45144115562 0.999839445313376 0.0227745524771467 9420.30598555446 6153.20257092688 2.59691461360026 -3.28261399985985
216280 24092.3288206507 18942.4877324941 3318.9814236126 1956.02759333457 1.00185046846458 0.0246760933676652 6699.84301863757 7770.4576419117 -52.1627005607402 -3.20756927348717
216320 24011.0851141398 18893.7271820478 3305.01377505281 1935.29420606369 0.999271568533533 0.0197219960072277 9775.85965040198 7367.654593541 242.915115841348 -3.49382778706278
216360 24140.3450134917 18879.3954129122 3420.47978982423 1927.78965572191 0.998513574661492 0.0215709253516806 8740.95986473178 7172.25358864428 168.274274593532 -3.39251898095129
216400 24236.5286761863 18969.8304831951 3414.37889557658 1952.26668085475 1.00329660098877 0.0219015591692108 9984.56007908253 6216.03122232759 -313.536764820992 -3.35119288540353
216440 24239.2389829604 18970.0258924186 3393.38777424771 1945.42446574015 1.00330693599992 0.024991298047508 7995.52423589506 6351.65499217836 -545.664770527735 -3.12682995223257
216480 24233.0789486229 18874.3419579346 3486.09898192323 1969.72678585016 0.998246302151772 0.019299979386554 9350.56877476224 7214.20845727802 793.124298223511 -3.47963798396537
216520 24209.6264227451 18887.1309151059 3503.08437695376 1928.53332706186 0.998922698141263 0.0173226832669415 10404.677544633 7446.25604324439 656.663234644617 -3.52970707685589
216560 24251.1073378861 18892.4311870042 3509.08871820142 1943.62567335321 0.999203024567195 0.0128753669587991 10729.0024484191 9872.80224005585 730.579700822537 -3.81599274798236
216600 24233.9396635179 18910.1722745547 3482.14826042878 1943.53840995548 1.00014133410312 0.0191271604916582 8954.80873777438 8544.58404469094 -195.116501649675 -3.43116895669571
216640 24245.7138613752 18905.7507269633 3494.78048472127 1936.12118043084 0.999907482584334 0.0235147353630005 8069.57132998188 7448.66670720742 -1021.83509246521 -3.21118174408879
216680 24228.8186348706 18842.551456143 3542.71699559072 1935.84031229893 0.996564932230228 0.0189899911269582 9485.79964182538 7886.73868044565 -155.407316107099 -3.43263418823223
216720 24397.3461247256 18973.8381639787 3596.86914473441 1932.94708869728 1.00350856347897 0.0167601602242131 9515.35017106841 9114.28380876722 -13.3098961482325 -3.56719306244632
216760 24330.8700841902 19020.0632889721 3493.18522100266 1925.81226666997 1.00595336712797 0.0214608973351039 8751.09327005646 6873.60205910685 -143.775751282647 -3.34093413226239
216800 24318.8366794889 19015.1841997918 3550.93851194963 1847.18153541939 1.00569531666227 0.0186702923032646 9325.4051652442 8492.89502814506 -510.650275542324 -3.5097045423255
216840 24135.9078312131 18848.0102343155 3494.44043019107 1875.3346637321 0.996853641904828 0.0220476603222726 7749.58501744541 7885.06005978503 -628.339527615956 -3.25921978782931
216880 24394.4634370109 19022.0917342033 3547.54662880645 1903.15574501692 1.00606064970003 0.020704503099487 7990.42429023317 7651.79528272626 160.187147223292 -3.3980203740883
216920 24207.9109521311 18879.2456947753 3564.23728728503 1870.69329611139 0.99850565620919 0.0184208523151356 8789.31473744175 8945.46073476179 -521.752053683591 -3.44918671225132
216960 24368.8287365338 18940.8510574273 3637.04516734174 1878.27816810345 1.00176390625029 0.0159377957196698 8807.50654380345 9690.67089886723 361.172352748161 -3.65496760402119
217000 24157.5900255253 18788.94360489 3629.07055636431 1843.43632355467 0.993729663090837 0.0195157803878808 7757.04468720871 8514.20615892486 183.402839794222 -3.43647914996666
217000 24158.9146389778 18788.94360489 3630.40394839914 1843.4289849146 0.993729663090837 0.0193267147324114 7785.97929007567 8598.28960927842 194.851138911219 -3.44722532620102
217040 24351.6662118903 18833.8011336465 3713.08631610628 1904.81968745522 0.996102135853313 0.0173599142116069 9579.43206775519 8121.62004494914 105.091240078569 -3.52935926703345
217080 24646.6668466902 19101.7190010359 3655.2845782129 1948.39075885144 1.0102720614061 0.0207774808827979 8222.57268093978 7318.98475526502 -106.160673770895 -3.3988478051077
217120 24241.021154248 18803.6558631519 3618.5454423886 1886.84668122345 0.994507780677078 0.0135239399185487 11122.750815133 8664.94687855542 478.525863420995 -3.69975862477673
217160 24422.0260914051 18908.3458081553 3675.0917170755 1884.88347998676 1.00004473400266 0.0139546645058714 10430.8598082452 9540.72723523226 -8.1276555611488 -3.74444048208547
217200 24486.3877285679 18950.1022526101 3707.63554870485 1880.73995755099 1.00225319331536 0.0165757845613014 9945.4188427661 8635.13221835631 -488.566621664753 -3.58414294713966
217240 24528.8936729985 18929.6682141275 3791.7437355532 1901.91581973343 1.00117245612204 0.0158815877187731 10330.5076194399 8342.86680292996 -92.2759298396179 -3.66548127605674
217280 24431.0100518215 18859.0352200319 3791.78375577412 1869.97800552027 0.997436743093051 0.0209838544352977 8684.87139454413 7293.14534157152 -972.839953689521 -3.32016040645029
217320 24559.843492687 18931.5172521472 3804.19042838176 1887.03539707277 1.00127025001439 0.0125758115012986 10713.0240303219 10008.4378399805 -7.56316065860917 -3.80500998318027
217360 24576.7386557848 18885.3351821358 3836.36616302664 1921.0140239388 0.998827723503149 0.0143601246510096 10921.5862221779 8351.40521846836 201.812993620175 -3.69694763321891
217400 24803.8381857999 19012.3491084496 3951.83249048952 1895.52096988796 1.00554537133146 0.0111049457560811 11172.1581364236 10073.2425969114 394.234590993598 -3.9332782991949
217440 24640.6306807798 18892.0899793548 3940.29680495584 1895.47210081041 0.999184978413582 0.0130192885998655 11287.6832593635 8342.28169531766 672.838278569636 -3.83444888672176
217480 24825.6839916642 19006.0997240711 3979.54076897671 1906.9167265231 1.0052148472337 0.01595895350244 10470.6830828187 8005.20606819682 -334.76295407614 -3.62622270005136
217520 24793.0491985069 18974.8479959543 3964.03915197557 1904.83948453915 1.00356197254816 0.0127186637916129 11325.1039840681 8379.31478415548 697.515970952719 -3.80536584669868
217560 24808.4685252295 19045.8661513171 3996.73986251853 1849.63498445847 1.00731805639652 0.0148777966702068 10392.9773831816 8856.39575948437 -428.876413120974 -3.6828081656804
217600 24680.4657000508 18962.1453618376 3894.87222537176 1887.19176497992 1.00289014210433 0.0104536770707976 11744.1621285402 10438.0459464785 -229.452216114012 -3.93809094041281
217640 24693.5818582765 18960.9803509174 3898.15604512091 1893.06364389147 1.00282852576583 0.010648093572155 11417.3803085667 10431.9515893486 -98.867001459208 -3.92290533805095
217680 24751.1363873074 18893.5785036805 4013.27762437502 1890.24289779955 0.999263705073672 0.0129544594943819 10505.0448205612 10056.236390289 -506.309141858958 -3.77170886258018
217720 24650.7844744835 18870.304011885 3940.07260430624 1892.82050920427 0.998032738959935 0.0119759656953858 10492.6310863504 9865.99497119383 429.481753877111 -3.81598979525052
217760 24658.8158543657 18795.2295156589 4070.5787623708 1885.34912698088 0.994062119035244 0.0098864680687542 11340.6101182172 10815.0031723934 49.602079672875 -3.93064481579149
217800 24785.1748571297 18908.0053596203 4060.86660935068 1892.11654847485 1.0000267279979 0.0107860539184611 11177.203789373 10051.9354078123 275.779852728139 -3.89234227989744
217840 24712.9202536618 18884.4393894287 4028.48752913665 1889.98468076262 0.99878034586427 0.0105799262022455 11047.3394422349 10530.5719792964 92.1401098557276 -3.92270750467331
217880 24935.3050316394 19059.1011938531 4083.17244873338 1874.65596244084 1.00801804542394 0.00865725463820306 10959.0164056188 11518.5734298015 525.493637885315 -4.08367989293941
217920 24783.8083767475 18834.6764327552 4157.20837239035 1890.69059775451 0.996148429604929 0.00810231134076488 12048.3084382987 10838.3880452896 571.201460852942 -4.08876060743551
217960 24929.0644687391 18947.4694100928 4188.99336647237 1893.2393598717 1.00211394473583 0.0135558064761375 9207.81656046975 9872.67633467416 227.000667805006 -3.73915622116523
218000 25118.2185867206 19090.1922787299 4289.33872450117 1841.19123990371 1.00966242383869 0.0101846310748827 9848.85917309526 12234.2175890516 -250.785621265282 -3.97693559413791
218000 25119.8953013899 19090.1922787299 4291.01340836826 1841.19299831015 1.00966242383869 0.0100204388615082 9876.21699516151 12317.8653334336 -240.029420563604 -3.98738769727477
218040 25024.7819629079 18919.592765458 4348.71647523922 1864.96528941707 1.00063957506058 0.00912027173248758 10624.4402051231 10691.3585456134 1201.85654798223 -4.09445422831496
218080 24990.8776479075 18896.9865998503 4291.33555559013 1883.00682261011 0.999443956094157 0.00871953311011057 10899.4492834656 11913.4667510673 -34.1741400587427 -4.06196926960527
218120 25008.1807405529 18869.0736562594 4339.47967126886 1857.35157896526 0.997967666601055 0.0101072988269494 10668.0419845964 11195.8487138546 -86.8276186109926 -3.9688267847904
218160 24985.0359947627 18773.7332565837 4397.232926577 1878.04282777151 0.992925201987766 0.00949717243264789 11640.5650941396 10960.9130973336 -398.154089579176 -4.01567111504435
218200 25128.6062322235 18888.4332090658 4429.05912690007 1868.04111720656 0.998991575251397 0.00533598324281533 13784.0331481982 11534.0284831823 14.2196412568963 -4.25754910218423
218240 25148.9805648067 18995.954188733 4405.88184790448 1823.58875157324 1.00467825935386 0.00377688338887554 14203.9589341089 12071.5609605284 254.816769080767 -4.36170915925932
218280 24908.1206815565 18796.9290973078 4350.24303218629 1801.06211089484 0.994152008319861 0.00525801723774516 13402.1600744167 11967.6966815116 4.79259909340373 -4.25988728672345
218320 25111.2401889982 18813.5931840506 4504.8015285912 1846.9368180215 0.995033356289862 0.00672403176600029 13142.4950874791 10981.6739930657 89.360664137021 -4.18923178498901
218360 25236.3263091236 18840.4972976447 4593.65213953769 1857.80895783066 0.996456289707506 0.00493190510620813 13467.6302126604 11696.465364502 427.630340204102 -4.34152862004775
218400 25383.9009056843 18925.6563337693 4643.78478354648 1866.47046613858 1.00096027152026 0.00669291042181221 12656.0356398938 11216.8278952584 306.536612041588 -4.20761855027874
218440 25379.3625102041 18914.8141329679 4640.78617247097 1886.23311909553 1.00038683765532 0.00473156711837827 14724.5182745664 10962.7287101416 59.1575053958231 -4.37394258988736
218480 25231.5776713168 18831.6373188112 4599.1608061249 1853.64432119239 0.995987693709437 0.00781615084456728 12827.7665538407 10763.1923487386 -346.570961571023 -4.13608717418328
218520 25263.82258542 18840.7770830099 4692.61781034204 1809.36713590331 0.996471087293925 0.00280334640566955 14570.2448607085 11879.34011338 735.967048539402 -4.44753171437324
218560 25424.0467916691 18981.8354787154 4606.84109494601 1877.41677117431 1.00393153397939 0.00703305012474327 12251.617354064 11893.1498984131 -342.553492298223 -4.20052795091119
218600 25295.1165377997 18837.5805940057 4655.04786491381 1853.98292447838 0.996302027978616 0.00443065363450088 12504.7921093158 12899.5309754067 470.916023693875 -4.34547469303422
218640 25344.3520978381 18815.5524041734 4694.59684415237 1880.76806786072 0.995136977610654 0.00316226144073705 13934.0291325306 12493.2657148003 459.68623113839 -4.44453263548798
218680 25548.605388493 18948.5440930806 4783.77497158684 1848.2482880118 1.00217078371443 0.000996930628791397 14903.9687743101 13491.1678467392 237.110548342232 -4.59029860573884
218720 25633.1210733216 19019.1477297456 4828.93898789091 1824.05830160324 1.00590494405636 0.0036716813057439 15190.0443542886 11451.6302738606 -192.424954432375 -4.45741764799728
218760 25494.638213415 18897.096805679 4776.33911895605 1865.19613818365 0.999449784777416 0.00347067742116317 13344.0329225778 13242.7040200906 19.4335174228661 -4.47011152235901
218800 25632.0442406475 18975.6132603367 4796.72607435843 1903.48705613554 1.00360244666597 0.00299728244332408 12832.5721586602 13655.2521816562 465.99189568778 -4.49527030501972
218840 25630.5614966651 18973.0861054972 4841.47137455958 1855.68683430488 1.00346878780892 0.00273756839719464 14393.567980559 13057.1049944843 -303.260538180536 -4.49445493723955
218880 25680.2948502726 18930.5109088222 4959.99812248533 1845.34048905496 1.00121702545668 0.00642556102804291 12457.6052617602 12144.3268319932 -459.509043217435 -4.2318003935631
218920 25569.1016664484 18824.7110804178 4925.87936484503 1854.67721537266 0.995621371435559 0.0014811356658456 13492.5530294819 14911.608224319 -165.465360465675 -4.5545644896556
218960 25787.1767091954 18975.4011654128 4969.88928744287 1880.80092137594 1.00359122916371 0.0042841087147606 13292.9101008591 12877.7460533295 -327.465440196876 -4.38267657601919
219000 25873.4243407914 18925.5943103271 5065.3262540063 1903.18809963497 1.00095699115838 0.0043691720575746 12291.5440207502 13195.9957653895 277.657331193139 -4.43468474256261
219000 25875.1057957875 18925.5943103271 5067.01327290504 1903.18238688124 1.00095699115838 0.00422827441731966 12317.538859084 13277.4706510147 286.978488523957 -4.4447059605288
219040 25808.3268166448 18910.8758764085 5075.63813089552 1860.99782987106 1.00017854694743 0.0011927277792248 14546.2441934079 13736.4159212169 116.04220747854 -4.65336231174743
219080 25932.9729115778 18978.6780471433 5119.84418668088 1890.04547975669 1.00376454037516 0.00297379837221092 12955.9554571092 13747.1264291274 261.377303604998 -4.56840028032019
219120 25852.3777395153 18879.3210110816 5135.5400932647 1884.46053327028 0.998509639618226 0.00326579000028557 13043.4521137629 13906.6656721014 -318.419963168068 -4.47784471417391
219160 25815.6329852853 18861.9662396903 5174.65154963367 1832.94613764053 0.997591761982828 -0.00285990599639828 16533.727356004 15257.2761486211 33.2011299131251 -4.92720886395374
219200 25891.2442848484 18836.6561041955 5238.83869709209 1877.34359079365 0.996253132576782 0.00175064911323214 14167.9744674031 13153.6910603291 606.841284051008 -4.651441445896
219240 26015.9949979246 18929.6488651756 5256.38332589366 1880.28314280398 1.00117143277406 0.00138979860241444 15158.7822235026 13216.3325865244 -133.333478177714 -4.66087492848819
219280 25903.0774739364 18863.7178904307 5268.47856859833 1839.97061778691 0.99768440515302 0.0020786888916259 15611.5621963915 12438.9870640509 -421.681161713057 -4.55886729444012
219320 26059.33152427 18903.6298246729 5365.4954985024 1857.21268794297 0.999795310044843 0.000818672530846459 15083.5759992091 13762.4513123183 -141.013941407486 -4.68135255725857
219360 26119.1183874975 18915.3254612021 5403.09407528236 1870.58136898937 1.00041388132762 0.000142302877858478 16924.8777008444 12721.9395752846 -319.567687741086 -4.73398058135174
219400 26186.9110240695 18900.3635310949 5453.83195951891 1878.93992626551 0.999622558830883 0.000608926053339254 15982.1013117631 13904.9334562951 -989.245140648038 -4.69038993073163
219440 26169.355668035 18879.211649633 5476.3628792565 1869.74933290163 0.998503855593442 -0.00115739790797483 16752.79893096 13581.4291849249 80.7052302623008 -4.81340829234777
219480 26167.8042728541 18888.3374969141 5510.99661611861 1846.36623294892 0.99898651312517 -0.00260828526657286 16820.4727501607 14772.1988263132 58.112217700883 -4.93440398746588
219520 26244.9556546975 18941.9983284528 5551.2755391232 1835.22973281843 1.00182458434234 -0.00292554450054224 17894.1824598424 13873.2774781964 232.708880367443 -4.99860113772808
219560 26214.335991175 18847.9487101983 5562.78580996332 1861.93413764545 0.99685038795178 -0.00349426226481089 17253.1451372197 15218.480641319 1.29437184729092 -4.99917950243752
219600 26371.7155642934 18958.7436856457 5653.92306517398 1823.97916949278 1.00271023063048 0.000271855759995238 16582.690838606 13113.3522626023 -482.276428945267 -4.75594255010532
219640 26278.1741334188 18769.7641818903 5711.59831089043 1846.47175968043 0.992715281337578 -0.00238871574944777 16288.0369765784 15344.8330823036 -135.282362389322 -4.91691232397422
219680 26405.2789885488 18899.9532764876 5729.20598360357 1834.68276593678 0.999600860848213 -0.00307944015756087 16623.9113619468 15640.5276096401 -127.363014440532 -5.01102053475668
219720 26388.8141140446 18851.6736025024 5748.84320900655 1839.07737609946 0.997047394023664 -0.0034872221231041 16096.1039290606 16579.9283118349 -152.253840382109 -5.02598290523588
219760 26367.0627413494 18861.6356384468 5693.75746683272 1848.3695383149 0.997574276792109 -0.0035511131574437 16259.2188121994 16459.4746989831 -94.0959813021919 -5.02317470498834
219800 26525.5205510885 18925.6345604753 5813.029451482 1829.22263486429 1.00095911995109 -0.000526969443279639 15199.7895610313 14594.0665087881 94.6569428752811 -4.8682577484539
219840 26505.8677479802 18889.3254399677 5865.27109410886 1788.6567565024 0.999038764509728 -0.00222029887114006 16150.0103386179 15609.3313545066 -341.452419606922 -4.95474962356008
219880 26545.616245415 18913.1762354196 5879.53777100883 1795.10042182393 1.00030021078512 -0.0057389800395472 16408.9040485052 18009.486163022 231.992378470719 -5.22709109476553
219920 26678.0527135615 18918.6240009003 5963.81936130676 1844.5934701966 1.00058833800874 -0.00623035084545819 16609.7999538891 18821.3204480231 -291.833055543943 -5.27873441639198
219960 26771.4486696842 18957.2073526404 6042.26503109241 1831.17269403748 1.00262897541401 -0.0037060895323785 15896.6684211056 16529.5200284201 382.927966874194 -5.11841498519886
220000 26752.6919701809 18911.8143229154 6063.87820939998 1824.12493087602 1.0002281805059 -0.00554631739448595 17190.7136511104 17376.8526104565 -24.1994311740032 -5.23254126551027
220000 26754.6937271831 18911.8143229154 6065.87723462938 1824.12781616737 1.0002281805059 -0.00566696815453402 17215.6658351329 17455.0338153799 -15.720662648345 -5.24206557705205
220040 26743.5776874295 18840.4197631885 6130.87439111991 1824.84113517873 0.996452188982597 -0.00813129574105541 17964.1220416103 18717.2767147852 266.234449633477 -5.44056409759252
220080 26849.1110382318 18906.9289058765 6157.45809504357 1807.66200218482 0.999969795365673 -0.00678801185312156 18270.3950377708 16668.9629937505 788.892832845897 -5.36328562612524
220120 27037.3877804684 19071.1696219645 6194.55497125696 1793.31386906602 1.00865633330501 -0.0049565276445457 17487.0879545437 16670.5845604364 -121.086975308609 -5.22960947791748
220160 27012.1585181279 19023.1975618039 6199.90017709438 1815.49312647494 1.00611913588808 -0.00519845829293485 17750.1627779966 16528.5622980418 10.1573115332388 -5.25091563017908
220200 26949.1742386717 18942.397509455 6224.62691639442 1807.89163129825 1.00184569665239 -0.00635729189654541 18984.1653932475 16307.7437085279 103.836531160006 -5.3488439054471
220240 26996.4416965284 18955.2009285686 6236.04237556513 1828.00231431972 1.00252285752049 -0.00826554743372542 18730.4356324508 18156.059911372 309.757380373488 -5.49720097850939
220280 27154.35288219 18962.4976219635 6393.21549541106 1826.51162286685 1.00290877281309 -0.00618312212247849 17865.5223146946 17964.7792121369 -573.406836706662 -5.31835940507218
220320 27139.6745153795 18944.5451016967 6385.83461025368 1869.87062237059 1.00195928079845 -0.00802131513366739 19352.3222301489 17444.9267650793 201.112736086485 -5.48155219419955
220360 27028.727776092 18825.6519487785 6385.78098704461 1864.04756730908 0.995671133083615 -0.00535396804902249 18796.0836009542 16079.2143456431 -378.944263297322 -5.24136520731705
220400 27185.0702348974 18911.5518915348 6478.53712481963 1842.83983442358 1.00021430075551 -0.00817543494435715 19167.2697274839 17817.5572002877 237.992108529144 -5.52293851539434
220440 27256.8272287001 18952.149683642 6510.76307448488 1831.95861777804 1.00236148002867 -0.00743277049416338 19222.8539474864 17690.9330199176 -343.19614116342 -5.46841194224161
220480 27268.2508706359 18977.0451152787 6486.35024393028 1835.88943706571 1.00367817613533 -0.00634875864196677 19367.0527737551 16168.8447746496 5.1257901897578 -5.35122726242231
220520 27279.8789421647 18965.4790231639 6542.99675147429 1803.28364410044 1.00306645633552 -0.00742396153709328 19596.3885241321 17556.4354429164 -526.262348722838 -5.45397062761253
220560 27315.6271688292 18841.5962027542 6679.67617536504 1833.26132069829 0.996514409771478 -0.00963006618177363 20460.6178480611 17497.0872333569 806.432619475829 -5.64083814225614
220600 27357.6292205137 18975.3344072678 6607.57624920688 1822.99161799192 1.00358769838782 -0.00943800569209156 20586.6013719832 17430.3849082331 588.238554570489 -5.63271715352915
220640 27371.8293587883 18937.4699479801 6651.82155453031 1819.20681829768 1.00158508253233 -0.00729180072324994 19122.8103827047 17055.2781967989 374.484517429088 -5.47152519854934
220680 27595.0862993166 18955.2125930537 6866.90853059178 1808.97019743258 1.0025234744442 -0.00676873475526543 18015.44359938 17883.5121211129 182.151830784043 -5.4882289814378
220720 27659.5143866117 19012.9113126504 6856.78965727173 1833.98529108318 1.00557510578609 -0.0122648883578656 21444.2894639047 20574.3793244047 -514.783911799873 -5.90691111575018
220760 27580.1278296338 18911.6171379333 6848.15652436928 1863.2340111298 1.00021775157653 -0.00988010743495646 19793.6469904433 19033.1048721526 377.849261095464 -5.7021813118878
220800 27640.6469485385 18881.7122674296 6969.71190773125 1855.753142223 0.998636110931092 -0.00874825455911985 19102.8878643853 18313.6362456848 715.176121313272 -5.65859496924555
220840 27692.3775871224 18976.5183960596 6952.54447356427 1835.56262713365 1.00365031844822 -0.00646512450784718 18800.6930772159 17544.1611350216 -436.345858448321 -5.45929248317518
220880 27850.3160128002 18976.9116631615 7117.66015754407 1811.36196698802 1.0036711179776 -0.00766162214598698 18672.6399286654 18786.7304919377 -336.920800097196 -5.56143745117314
220920 27907.2136781499 18980.4232194844 7156.71676828466 1814.7290442104 1.00385684090887 -0.00905174107224013 19939.1414551797 18468.0363239925 130.736989433977 -5.6942005873263
220960 27849.2504535869 18932.2661717886 7158.04710015342 1815.99103354867 1.00130985967413 -0.0121185029313282 20507.3559394322 20683.5570100903 535.090389628179 -5.95826813298575
221000 28002.5898014112 19046.3473431512 7157.64830908601 1847.80830320689 1.00734350618279 -0.00823874960870054 18384.0439628888 19122.9418024842 258.22717445694 -5.63345976015552
221000 28004.6861919418 19046.3473431512 7159.74500078475 1847.8080490516 1.00734350618279 -0.00834419444537905 18408.8625064077 19197.6155556416 266.531354514063 -5.64264155237757
221040 27913.6210300337 19001.3800964043 7117.36600668117 1829.94167922382 1.00496523053837 -0.00931133178923626 19554.5299681831 19581.8469299276 -250.440752311497 -5.71679514585769
221080 28212.9065635352 19092.8296447797 7316.31135428923 1830.18980351125 1.00980191166361 -0.0133969047764099 21418.301581108 21457.4657463711 232.203379215904 -6.07640440919335
221120 28055.6342690249 18972.3585409811 7280.43289912022 1834.90026037677 1.00343030760181 -0.010640496959069 19975.2518432191 20226.7567046445 141.796756201021 -5.86595114616674
221160 27996.1411468604 18824.9428321676 7349.37033507409 1840.62975842036 0.995633628568959 -0.00893902199436727 19488.6483421615 20055.8174914611 -925.81146456636 -5.65738369491048
221200 28159.0868324975 18809.8070934243 7538.43204164039 1844.82170035638 0.994833113495931 -0.0119978710146998 21106.7627321589 20867.4370144249 -165.965157002707 -5.95186668558082
221240 28425.6177522251 19065.0425075974 7562.82427293909 1825.98705655463 1.00833227595385 -0.011925377793627 20821.596251807 20353.8217516007 604.200356800003 -5.99115441754528
221280 28322.6295923842 18955.4537925197 7586.33337957759 1807.22138306145 1.00253623125848 -0.0137154468502112 21059.9067554582 22125.6057476377 482.111802929347 -6.08200032412843
221320 28193.9997137193 18792.4228089647 7612.74287579145 1811.47149810342 0.993913674941937 -0.01321263536404 21913.3636398906 21623.0543393077 -332.460121019651 -6.0409142218451
221360 28522.5696542899 18920.8672734968 7809.95333139617 1814.77037199365 1.00070698259933 -0.0137359541245937 22657.4952434432 20994.4483788224 236.43312837831 -6.1496272138265
221400 28518.4428936938 18957.5058090498 7810.83066975117 1779.09521421051 1.0026447604945 -0.01449577667583 23903.7385455957 20776.5890177673 -3.51626517731592 -6.25938931351107
221440 28524.2115644293 18917.8510456922 7843.97385639692 1784.2889987578 1.00054745713036 -0.01360699234438 23303.0950170536 20530.8905223848 -19.3372387648512 -6.19481700480374
221480 28531.5775171394 18961.2923279164 7821.49702954224 1779.34571313913 1.00284502593767 -0.0161372320615472 24067.7044097633 22020.3362150001 447.297863692079 -6.37642860980336
221520 28712.2396333306 19015.1878412055 7921.61934832645 1799.55168508406 1.00569550925323 -0.0148158223373126 24285.6190500524 20534.3977815184 376.085867939877 -6.28772642953475
221560 28846.5498726638 18992.2699717311 8065.34817916272 1803.96928459827 1.00448340456068 -0.0131494985445659 22903.2732143959 20917.6119348782 -342.414607971495 -6.14244350092649
221600 28740.1223471628 18945.0339884737 8017.31507660261 1786.42469876881 1.00198513756307 -0.0155619981059686 24026.7883689123 21698.3802357039 381.531506104752 -6.33030243795964
221640 28882.1307808769 19025.9705159486 8053.04961347555 1833.08207015356 1.0062657948406 -0.0133066491344725 23041.7857093008 20793.504201893 -59.7419425199611 -6.20446615341714
221680 28837.5008171916 18905.8382103493 8133.57829764786 1820.82728358601 0.999912109498839 -0.014531112807274 22930.8917687867 22081.5390134906 99.4103064126568 -6.2859169071101
221720 28957.1154098643 18936.9609149018 8236.46938201973 1809.57523385886 1.00155816024867 -0.0139145289650908 23427.9822569617 21477.2178961402 -405.326516688711 -6.24577769924073
221760 28927.0636916445 18826.4893759274 8317.57832402119 1808.81975381155 0.995715423822684 -0.0133701662564026 22688.7371808743 21702.0733235211 -433.304827075657 -6.18208560952831
221800 29084.4571311493 18955.6696061532 8328.84840886493 1817.24200591537 1.00254764543981 -0.0136290386742077 23017.7672650578 21231.9218480167 76.1826383246089 -6.23233454520744
221840 29177.3591087783 18879.7567424151 8509.78729437896 1817.12847103607 0.998532685041126 -0.0158500502742535 23715.8481300009 22850.502279878 213.155079826879 -6.41905861028706
221880 29238.1214710913 18943.9940986906 8519.8921346724 1811.53802401977 1.00193013876454 -0.0149779133021626 22524.9412990104 23146.1269926353 234.657633104135 -6.35467901426558
221920 29399.527758495 18978.5709314879 8618.23511620515 1836.73261648229 1.00375887512828 -0.0169405596614978 24770.6382274542 23783.2304877275 -426.294975203927 -6.55174866369637
221960 29341.267986906 18914.9332041141 8606.23651550028 1858.89535668102 1.00039313521693 -0.0145440316410729 21709.7171888871 24160.2134992306 -333.702088137562 -6.29702743527376
222000 29459.9505996274 18956.7024795069 8697.67712972168 1834.53544981199 1.00260227314594 -0.0186279036423842 24328.076026085 25535.0436896459 304.641223014434 -6.7171385445554
222000 29462.5360891878 18956.7024795069 8700.25638443484 1834.54176530161 1.00260227314594 -0.0187212617553165 24351.6595535849 25609.9366413036 311.978230940578 -6.72607483002178
222040 29466.1446110919 18932.8121394808 8764.74928696905 1794.6465274021 1.00133873539499 -0.0173386604667011 25038.7253351049 23580.8189073211 172.344701526099 -6.65352016929508
222080 29407.9560457474 18806.9007793097 8812.38667449831 1818.42396294562 0.994679401259275 -0.0186723193145158 25701.3138045683 24891.5667745463 -271.139932882018 -6.73076187480191
222120 29524.6582060289 18850.286180448 8862.10515700895 1845.65478173318 0.996974014568185 -0.0163581950027514 24681.6430799871 23217.1363779186 -63.4606174380568 -6.50764772083128
222160 29622.9458962015 18928.6397609784 8847.76904004987 1889.17788946437 1.0011180621964 -0.0155342824878029 24178.3294427636 22833.2242570713 -68.5395003688981 -6.44680330950164
222200 29941.7479655988 19052.3461350449 9108.37378169976 1832.00168735353 1.0076607766783 -0.0179359949726286 25096.9914201039 24655.240143244 8.87224246969035 -6.75147666824831
222240 29862.8659612055 18982.4929776271 9077.54273122966 1845.00906002905 1.00396630848219 -0.0167195254729876 26074.5268801343 22651.8222678416 -285.400765675065 -6.62874963873565
222280 29848.2524651824 18860.4463210068 9195.10528374703 1836.13397125952 0.9975113749045 -0.0170972609255861 25220.7991656394 23798.568750596 -127.982366872049 -6.62581016359017
222320 29983.4734859152 18972.9231152753 9180.46755098712 1869.45280031501 1.00346016740845 -0.0195819453479202 27185.6420140698 24907.9115447024 -252.204787277471 -6.89748358589696
222360 30076.0743107648 18908.8187415899 9366.04354756976 1840.16523854249 1.00006974700991 -0.0174389952683614 26853.7057112988 22494.9490958152 127.130198182606 -6.68155346374129
222400 30238.3391752558 19043.5323449316 9377.11657392651 1849.14747172528 1.00719462355846 -0.0194654775919836 26697.5324733108 24913.830320299 264.382251721407 -6.91679518020104
222440 30088.9824285577 18881.7233625285 9424.08157962799 1822.31813062131 0.998636697740502 -0.0186316105318977 26740.3320144253 24632.5983378183 -402.53409543588 -6.79109189268606
222480 30158.9183239607 18887.0312061413 9452.73186156472 1854.34004160742 0.998917424627334 -0.0179125514328461 27158.0371253718 22854.3206039363 218.824229756544 -6.7699221725191
222520 30140.4494814461 18864.241328635 9468.71917845973 1836.05810782543 0.997712089310325 -0.0194275552741464 28783.9201379922 23495.1703355089 -227.556078790595 -6.87402892710038
222560 30235.31159001 18847.9443188292 9549.04075584352 1849.47614146401 0.996850155696376 -0.0200057474805784 27772.5682111712 24693.1821603355 354.272278491371 -6.93167250673106
222600 30509.0753271754 18952.8248171354 9739.19167189755 1830.10227520782 1.00239718720801 -0.0199099146444584 27242.7837924135 25611.0304072361 -75.2702822184666 -6.95625678585022
222640 30419.6242130316 18870.5888684336 9732.35182171362 1826.73128843646 0.998047804756502 -0.0211759484776131 27733.3864170155 26843.1012585235 -211.705536301627 -7.08099010012076
222680 30552.1056721446 18944.0627763899 9783.01879140631 1844.22969060748 1.00193377106386 -0.0186799847770789 26884.4565339338 24416.7257135245 183.01381239768 -6.85084889469741
222720 30569.6343272194 18890.4733337862 9845.13352979628 1858.45560189092 0.999099475540724 -0.0214537589625403 28105.1588960343 26790.0667905034 -28.5361794174054 -7.14316848869504
222760 30664.9726079495 18892.3422212155 9983.39300501686 1824.96647896022 0.999198319249796 -0.0215840339246304 28274.8277307535 26397.2093340186 439.009111274401 -7.12350189689758
222800 30739.5975897403 18892.3239392415 10078.1102599233 1798.72550968233 0.99919735233328 -0.0209302987644458 28046.2506357546 26611.7112872977 -204.321729870275 -7.08938976566144
222840 30804.0794175375 18970.9376142143 10033.0031999075 1833.54139218493 1.00335515611341 -0.0220477277299346 27978.3333654748 27197.1195099103 666.083318906475 -7.19260428382595
222880 30685.3358954908 18885.0770674075 10029.026510209 1812.00960112151 0.998814072056461 -0.0197256040995445 27243.1034908897 25978.0910857606 -112.716222553628 -6.98483746914204
222920 30976.696369938 19014.0905322931 10225.216902353 1781.02788532056 1.00563747361064 -0.0223231251385619 26845.0529863956 29317.54890509 226.267067964442 -7.27886137931046
222960 30952.7002134307 18806.5226479712 10364.420827437 1814.91684298523 0.994659402246262 -0.0230699207683611 28404.1341449281 28826.0553990845 138.744681441872 -7.32685076911109
223000 31105.8334548435 18958.3132316324 10416.4185354162 1774.59513642936 1.00268746432011 -0.0223187552059732 28083.0865213774 28808.3081994286 -313.397916041467 -7.3150075445188
223000 31108.5805199373 18958.3132316324 10419.1589440335 1774.60245783928 1.00268746432011 -0.0224015303325457 28105.6939223015 28881.780227687 -306.466204396013 -7.32367525166031
223040 30989.8698351117 18894.9568323038 10362.400173097 1785.97161379238 0.999336603586078 -0.0212969832577686 27248.7381038277 28083.837519571 61.6498372430829 -7.15374445204325
223080 31134.0420050233 18940.0375303824 10466.8899436299 1785.84704950917 1.00172087956538 -0.0217120682793613 27569.4001497088 28242.7401915396 151.615581568669 -7.2264793797475
223120 31371.3641225483 18947.6088507681 10682.7286361465 1781.6582216995 1.0021213196228 -0.0227320777439983 28866.9307030642 28714.6075335825 -243.577293779253 -7.36701427456722
223160 31479.4495496626 19040.9787379726 10681.069537815 1808.21678305823 1.00705956567355 -0.0230886523957924 29061.2725622513 28111.0586616463 671.784672790552 -7.42703572335953
223200 31509.7975901023 19000.5856291472 10762.9659026256 1785.32487865285 1.00492321190783 -0.0210007907085933 28863.0534840222 26940.8753554081 -318.831840552578 -7.20779775066993
223240 31487.6948301709 18802.1518813708 10904.884625037 1814.01950750849 0.994428236486621 -0.0224904074023328 29451.3081733744 27661.9078773521 248.096046213973 -7.34210289608678
223280 31712.4208926016 18999.0766077086 10924.6232570251 1822.11287789313 1.00484340117459 -0.0231223228409672 29439.8014844491 28826.7168604007 -14.8045929668512 -7.47816821647162
223320 31670.6346815147 18846.3550699174 11070.8073023336 1802.1298779165 0.996766101807083 -0.023114556899904 30529.357320068 28338.7748951051 -505.754690257102 -7.43812216933809
223360 31881.8038455059 18931.9477538019 11156.8905691835 1826.41450774001 1.00129301884447 -0.0236925243046814 30534.6630063613 28573.1616507098 19.8078390639061 -7.52771186022827
223400 31959.0067459669 18920.1946566102 11275.9396473883 1807.41735354357 1.00067140852097 -0.0247968345717763 32210.5953817102 27701.2535919116 710.185358932736 -7.65183793336639
223440 31918.8559603055 18906.813051921 11260.2785179021 1804.49464300281 0.999963667958269 -0.0241831854331105 30870.7460415067 28703.9980592303 382.516766597345 -7.56528607312329
223480 32075.1921650831 18932.8356313647 11343.727321527 1832.66082011772 1.00133997785877 -0.0247871198042307 32022.5132023912 28481.6223155064 301.362540813438 -7.66062926559063
223520 32074.3371693019 18824.6226890504 11468.91900033 1820.56406247884 0.995616696498767 -0.0236018066168199 31516.5907698238 27848.7453607872 83.1936987165008 -7.5518411517976
223560 32222.8130386296 18895.5112323467 11548.5395524391 1819.97138734278 0.999365925286089 -0.0262119991799037 33486.4712845524 29526.4472983392 -144.780238268538 -7.81186221476086
223600 32400.1304231608 18940.1700372145 11636.8247922058 1854.07814959121 1.00172788772786 -0.0274151860423386 32819.1204433926 31137.2194742599 564.957880015719 -7.98071041666614
223640 32331.4330616739 18917.6473015379 11593.0613820967 1847.74804162565 1.0005366812925 -0.0240721149441015 31105.4517735146 29142.7222851213 61.1053515904518 -7.63401157297326
223680 32421.4614643238 18959.4580030049 11653.2728602315 1850.16274819996 1.00274801020785 -0.023333225657839 31177.1887110248 28860.5778151826 -586.157192096406 -7.52967667595928
223720 32625.5705268254 18962.355114373 11872.705241181 1839.92869128728 1.00290123571985 -0.0254036856939256 32187.3421754359 30286.3298914993 -193.591721691173 -7.7948309441011
223760 32604.016170795 18871.4073277123 11912.6501554054 1855.19244574479 0.998091092302647 -0.0264748642436289 31441.6330459301 32502.8878352564 -178.794031614731 -7.87908267321495
223800 32639.3786782708 18880.689059565 11971.0601529739 1817.20870129949 0.998581994423641 -0.0279110426604854 33096.7940939289 32367.7610012927 299.509286489475 -8.07135210551056
223840 32786.0750026669 18950.2394640809 12056.7515149754 1809.95816328117 1.00226045030178 -0.0252350850352888 30422.782374803 32044.8293738739 -101.005623054856 -7.77789524929387
223880 32906.8663228583 18874.7556205209 12262.6241446193 1802.1099520297 0.99826818037926 -0.024640703691574 31892.1538613275 30304.6565187384 -473.669441861327 -7.72726706484423
223920 32901.6736932918 18852.4248537835 12302.3246682072 1779.45961742734 0.997087127001638 -0.0252114343657398 31355.1393337186 30537.7528238615 647.046369190891 -7.81093327144825
223960 33070.0751234953 18984.1725375859 12326.0536608521 1791.08175749687 1.00405513883834 -0.023333286361451 30495.5853673908 30224.5603473915 -506.31869627172 -7.63778617698831
224000 33184.8398828425 18942.8768230241 12441.5194757384 1838.18996134152 1.00187104709899 -0.0252980921506973 31534.9467060424 31677.0158836708 -295.304917733576 -7.8746558371814
224000 33187.7051547563 18942.8768230241 12444.3786326727 1838.19571338039 1.00187104709899 -0.0253715648363039 31557.3114379674 31748.7128381221 -289.323727694782 -7.88305730819952
224040 33249.963491481 18964.5408405475 12543.4361013526 1768.25398335283 1.00301683673397 -0.0271332335835462 32315.4740268812 33002.1135837861 136.088960596127 -8.03923331758183
224080 33336.8437292467 18917.6889018778 12694.9132787614 1772.33068083688 1.00053888149559 -0.0269772039057964 33035.5741848328 32322.0559028126 55.7073730470805 -8.03324476162801
224120 33280.9241004526 18841.5287996698 12715.9761773005 1777.54809995915 0.996510844885354 -0.0292153907203142 33284.5415893942 34756.2839812595 446.737022619486 -8.28841231571945
224160 33511.882534999 18912.8090317735 12803.2599670202 1820.94536347666 1.00028078972754 -0.0277911855114179 34003.9287545722 32363.21328224 381.679001708277 -8.1615341698928
224200 33581.1747080066 18951.5727957607 12852.8159611478 1829.15391306388 1.00233096896791 -0.0274828330446277 34340.8672990842 32263.1558272931 -189.493856602548 -8.16060048054104
224240 33816.4650533615 18995.057756321 13028.1247343271 1826.95575110733 1.00463084788158 -0.0281837225565137 34706.9610972054 32874.510172339 -142.50403086875 -8.2480361696105
224280 33789.81551755 18923.8964084363 13081.6669023348 1815.45971981444 1.0008671907146 -0.0280877397185854 34705.8322179397 33246.1453443018 -502.709427650584 -8.20741003378578
224320 33946.0890585921 18999.7659821362 13130.8387818072 1852.24755537209 1.00487986154363 -0.027586883022309 35881.5802842302 31100.9887193017 -57.3766168471126 -8.22142896558621
224360 33929.0895605809 18921.3851357257 13204.6349619495 1823.00924729164 1.00073437184851 -0.0280496032146529 35251.7726076289 32473.707653646 -78.9170448372461 -8.24909482828222
224400 34017.2973236501 18902.9045421658 13296.6533692592 1839.97721586658 0.999756950531049 -0.0294305081751686 36383.1460541072 33289.2779346212 36.2153180928526 -8.41465985009548
224440 34047.9054280394 18906.4583797466 13402.3341693429 1771.34992121042 0.999944909678518 -0.0301671445842849 37221.8359625044 33563.7339644328 12.6335192693521 -8.48475896849988
224480 34321.9370001435 18967.3252207811 13553.9019435521 1824.89703544078 1.00316410000165 -0.0286474006387365 36071.9874931966 33077.6012940162 -324.056082073849 -8.34934093801999
224520 34363.9996963269 18936.9654063647 13648.4166820457 1801.67826516315 1.00155839779795 -0.0266330689446037 35428.4135921134 31802.4344062845 -1003.26245038414 -8.13614272284912
224560 34523.0665530729 19069.2831417459 13668.3870838329 1803.9245708931 1.00855655912976 -0.0293585513785754 35583.0736083323 34580.6490211411 -86.152198024367 -8.49607356324811
224600 34478.2611613137 19001.1436667719 13684.124790562 1821.35985380197 1.00495272599614 -0.0298291899242144 38147.4736849517 33130.3139865211 -388.907924239997 -8.57075163992502
224640 34505.6786556974 18947.7576208528 13800.1914310858 1787.4013634719 1.00212918793351 -0.0283090186812012 35921.362211635 32693.9144988324 277.583718608382 -8.41110726526501
224680 34726.037355245 18894.4181253126 14038.3240332052 1814.3066923008 0.999308111876904 -0.032240210313745 38136.6750472491 36363.7892806524 40.0457406276574 -8.86694539184039
224720 34871.8179453972 18979.6601913379 14107.5753216308 1802.60612043725 1.00381648506349 -0.0302571855847987 36922.9413472139 34810.7411072176 146.524098897765 -8.62646806010217
224760 35000.6803954076 19022.4920960217 14167.2469976942 1825.87410610873 1.00608182446234 -0.0305646130771183 36613.0256210287 36001.629466912 -151.989954417065 -8.66123261266788
224800 35025.981440847 18842.2431370357 14331.5560019945 1878.76311478671 0.996548625520864 -0.0313487360712708 37129.6057700618 36396.1620606605 220.207173762382 -8.72696676760745
224840 34878.2025670914 18883.9940696355 14199.1112166497 1821.40906983523 0.9987567933167 -0.0302263840412012 36471.1315678951 35788.1256860128 -10.124640179958 -8.61793489436513
224880 35067.0178520546 18843.624781397 14488.391055709 1760.76540615813 0.996621699399548 -0.0308679121628085 36499.8335366246 36939.0758797721 -108.378597219863 -8.69279582495241
224920 35199.4812910852 18905.5524464503 14504.9517773985 1802.38253268275 0.999896995713355 -0.0303415266381771 35983.4706663677 37404.8812109207 -701.436700844646 -8.65034339304558
224960 35297.69527001 18826.2332946968 14636.8420186402 1860.60773964887 0.995701879925784 -0.0301964593238263 35836.8230041889 37382.8501722472 -590.299325933011 -8.61761807412677
225000 35484.6870684736 18891.5753992566 14794.0555320256 1813.92043825133 0.999157762753223 -0.0302696612023821 35645.6893451731 37105.0862940697 113.569497095807 -8.69405964422777
225000 35487.8689328892 18891.5753992566 14797.2329727763 1813.92480555911 0.999157762753223 -0.0303352424397836 35666.7470561469 37175.9067222886 119.330456643959 -8.70219950421986
225040 35611.4449578721 18882.9595866202 14950.0858387338 1805.63991222599 0.99870208047707 -0.0316172649075835 38049.4145138501 36839.9924984044 139.677499777537 -8.8750360095602
225080 35766.5431677922 18907.340292755 15038.5090195408 1840.7528438948 0.999991553233106 -0.031293705411745 38331.7859523309 36156.5161529792 150.17356290546 -8.86446894450946
225120 35820.6274109055 18947.0427870748 15069.4100268647 1836.53107817882 1.00209138104322 -0.0348243767620361 39752.6760006641 39269.0257365126 878.107021271346 -9.31721765221679
225160 35892.3931402704 18944.124221192 15133.5577085101 1838.78908041634 1.001937020822 -0.0327791375074129 39450.2973110497 37986.318726493 -326.216103674984 -9.05859462805212
225200 35955.6535626286 18938.7965941884 15228.3281242344 1822.84844525041 1.00165524761012 -0.0324840961759958 39011.4336761662 37913.0983138597 -106.187046530657 -9.03405328469502
225240 36205.798259483 18998.7987609963 15417.9058519555 1811.42408769281 1.00482870612172 -0.0312955283185299 38792.1322365523 37082.5824645587 -663.523813388563 -8.87683439636409
225280 36153.3663672754 18904.3594307741 15471.2599507869 1802.18112746108 0.999833898229489 -0.0343046238093655 41492.9864104619 38473.0522650362 -158.585077881653 -9.21729167105056
225320 36396.2957751419 18963.2335305811 15648.6175006996 1815.69615480309 1.00294769433194 -0.0323684732972586 39699.6173675254 37465.5858305584 -91.5392612736606 -8.99698865405598
225360 36541.6280318769 19022.7533346919 15712.9240026813 1825.24308672108 1.0060956411314 -0.0327369781115813 39556.1564911579 38755.4891646488 -511.302280460605 -9.10694102412921
225400 36497.0597890548 19002.0022625636 15693.7628298142 1828.42868361551 1.00499813632493 -0.0326495195013438 39439.3981459768 38418.4017403501 -38.2272041422295 -9.1093657107575
225440 36472.0592398467 18881.9268897305 15768.2248206908 1842.8001643304 0.998647462103956 -0.0336148660572354 42578.5432682927 36652.9169417494 135.789496318702 -9.19539179219257
225480 36698.3743029598 18957.6242053022 15915.7547128949 1846.11060458498 1.00265102236161 -0.0345649295288426 42960.9328380733 37906.6912146568 94.2054346066968 -9.35350436128785
225520 36779.6141971999 18939.1226623753 16026.9738533888 1829.23357518936 1.00167249305172 -0.0322095546424746 40179.4400198025 37733.6882723677 -348.525567741214 -9.06516555423417
225560 36919.0288670736 18917.6790512126 16194.5434006066 1828.24549175132 1.00053836050311 -0.0344364401060992 42603.7227824539 38512.452546876 -59.3172329073421 -9.31594330936201
225600 36931.2968210495 18799.4825779079 16321.3061876499 1840.99280337369 0.994287059521772 -0.0353764356228801 42375.8087426726 40215.0731228939 51.0950043502622 -9.45382755139762
225640 37144.4412858721 18921.0878020503 16424.8929038824 1819.67376460995 1.00071864614837 -0.0351535599769431 42800.487398166 39936.2901976337 -229.966153966241 -9.48215699215184
225680 37127.7332246268 18882.6931940776 16445.1543048236 1806.55253774941 0.998687991224522 -0.0359954449651327 42567.935574179 41439.4863233916 -69.7137376153633 -9.58119684790729
225720 37192.3221526274 18835.0406743323 16555.6489400564 1808.95277661061 0.996167694001443 -0.0329147635286705 40448.2334007023 39106.5946130999 -153.261421128033 -9.18988703735392
225760 37484.852901788 18944.8266809955 16736.8339571971 1820.65395635767 1.00197417326434 -0.0369877144351254 43004.4588994712 42676.6482145106 83.5380773047565 -9.74554211908965
225800 37646.662091331 18946.8625929531 16902.5059357914 1817.92833239769 1.00208185074458 -0.0343679497938476 41449.3334939833 40133.2040445159 356.709496948233 -9.41460380597993
225840 37721.3642497556 18852.1028277836 17065.4638573279 1825.90906398689 0.997070095347542 -0.0368185541923415 43232.6799018454 42789.6948809549 -154.400666128146 -9.70113342563823
225880 37904.0678454932 18899.3946396815 17185.7163313895 1838.13360273831 0.999571315069761 -0.0367037279950355 42321.7616047235 43240.7678415404 328.881693012596 -9.76055365903185
225920 37955.4744387676 18959.4218300921 17232.2939221936 1787.89276288664 1.00274609705631 -0.0369306264815406 43560.6829366773 42852.2395796814 -9.05648794487147 -9.8095074787401
225960 38078.7214973913 18804.0915916185 17468.7816067916 1824.43965706715 0.994530825948354 -0.03715882443704 43248.211970609 43222.3248654385 521.16586049081 -9.8098027016435
226000 38335.0737727168 18963.9256440474 17569.9744196615 1826.92093347591 1.00298429956617 -0.0368143025001695 43220.8864711423 43704.0603296815 -355.483257195436 -9.76431278617888
226000 38338.6440629522 18963.9256440474 17573.5386284198 1826.92706461016 1.00298429956617 -0.0368735556118255 43241.5779455445 43774.3828045525 -350.117950680416 -9.77228006296396
226040 38335.7294319417 18953.772917543 17582.5432445881 1819.72284494327 1.00244733135227 -0.0359531282184288 42865.4569222724 42297.7532092071 276.506483758298 -9.70679500965093
226080 38368.7525065767 18886.9556126233 17683.0261538501 1819.10259171974 0.998913426556834 -0.0362288207626598 42554.4939132506 43402.7333148367 38.4627191659173 -9.74315682291885
226120 38406.4623356487 18874.1241415333 17767.9975802769 1775.15812223365 0.998234782045921 -0.0361541854400464 43545.3101953174 43216.4548957556 -668.859054926311 -9.75169673756544
226160 38614.4978763721 18874.0335362568 17951.0045815429 1798.08154091668 0.998229990017548 -0.0389350687019804 45565.6324724806 44701.6987943606 337.929183376168 -10.129438079368
226200 38738.2188251723 18836.9110160901 18073.5430480782 1831.35012105694 0.996266614628591 -0.0385892212433192 44892.8247632943 45058.7130575078 277.987262224383 -10.0955954348409
226240 38861.7772555288 18928.7098409461 18142.0716687748 1798.57080138896 1.00112176866038 -0.0381344863753384 45188.5917419479 43955.3505607414 551.792489618928 -10.0685868801519
226280 39074.0760716557 18906.0948713229 18322.9175458678 1850.4870009405 0.9999256840578 -0.0378828710087653 47004.7574542408 42146.3234908683 322.999769021644 -10.0082872083246
226320 39044.9381499323 18887.7077968 18308.616630083 1855.2804318751 0.998953208874787 -0.0388155644479806 47331.2506704244 44311.5451153842 -495.843431028625 -10.1407035823759
226360 39211.6825340255 18911.3544057357 18487.1776348143 1822.64757940437 1.00020385591621 -0.0386146786460508 47079.7957450954 43750.2140174428 180.215983634535 -10.1586258313126
226400 39214.8701546817 18850.0322513113 18566.5129105424 1810.23134865956 0.996960584493525 -0.0393462064446987 47927.3356125336 44363.3867712034 77.4327911873043 -10.2228505899956
226440 39421.8907813233 18869.0405430589 18770.5132679379 1797.98359743208 0.997965915274831 -0.0399031108595084 49415.2302931872 44478.5630588256 -445.781515999138 -10.3228200397929
226480 39576.7105112826 18895.6019265444 18876.9569248518 1824.70792105143 0.999370722017424 -0.0381340199928041 47025.0809993869 43353.6929249633 413.859824020845 -10.1247566776815
226520 39620.4066165743 18891.4884015981 18921.5013833646 1829.46271785926 0.999153161528396 -0.0382808983680389 47448.7823389333 43366.9202408833 401.80238203774 -10.1560852828571
226560 39779.873150385 18824.669400878 19135.5603970784 1850.85275796835 0.995619167043658 -0.0396633138791622 48144.23770519 45673.6780474681 -171.582340560599 -10.372680549053
226600 40002.3288684864 18951.6447145418 19249.3186093368 1829.04473105414 1.00233477268501 -0.0377442087668036 46546.1634507055 44704.5721768414 -536.821839308125 -10.0900908860208
226640 40118.2859183153 18918.9963351677 19386.9002084287 1846.9177599106 1.00060803042008 -0.0376081492431939 47288.1088939817 43769.5226393745 -350.943681859315 -10.0926148317474
226680 40397.965021654 19118.3507506722 19474.1703426727 1836.75379748819 1.01115169909677 -0.0393144644309924 46881.7582185631 46408.8046377254 365.420765408332 -10.3703837522735
226720 40423.0125317632 18972.9490651171 19633.7457392372 1834.29938564838 1.00346153987133 -0.0403341241150112 48550.4888646021 46850.820155524 126.826398587447 -10.5158993973616
226760 40380.2190578667 18884.8770007354 19668.1290040416 1847.83978921993 0.998803490717199 -0.0403595366188736 49175.2127959508 46351.6726295987 230.106534267247 -10.5006974356197
226800 40614.638605992 18879.9156446294 19908.1620708804 1847.09847825489 0.998541089230698 -0.0407434755522231 47778.9979602454 48309.1933255424 491.778798930245 -10.5484466103223
226840 40719.7960914297 18974.3858404751 19953.9184637762 1808.76572963146 1.00353752957689 -0.0396112100010203 48233.5744684932 46675.5446259606 33.7777898524364 -10.4509360507032
226880 40925.8680212014 18959.1614187553 20174.7740935443 1811.01216709499 1.00273232414414 -0.040303716927373 48228.0100044653 47877.1532875296 155.737031182907 -10.5366733251135
226920 40988.1678325136 18976.5006028914 20241.2707051092 1795.69710041876 1.00364937738418 -0.0399611591438356 48412.1783922185 47582.4277796618 -90.0322948375999 -10.5211380142742
226960 40935.1917514709 18851.8473383851 20293.8123895317 1803.84229966356 0.997056582752087 -0.0404996326485819 48435.9138182118 48512.9015198953 62.0556733222497 -10.5769261775261
227000 41216.8920641715 18958.4734794858 20441.7042048462 1824.06240990872 1.00269593967927 -0.0425631997158468 49945.686946562 50680.7359595662 48.6940039275445 -10.8998424669385
227000 41220.8531796857 18958.4734794858 20445.661670859 1824.06643714005 1.00269593967927 -0.0426168521139365 49966.1809358078 50750.4481965269 53.5562075830826 -10.907637255905
227040 41239.7755417645 18861.9764927841 20590.8210572079 1798.49951722201 0.997592304259372 -0.0419629146836647 49362.8112037234 49841.4039095345 638.295826993158 -10.7931111780728
227080 41233.5537298462 18842.3251949542 20636.5492440351 1781.28037120321 0.996552965487461 -0.0407768366635864 48029.7453668776 49655.0475524109 359.306140007717 -10.6979149582286
227120 41663.7954046285 18993.1199658082 20862.2136687185 1837.12321979444 1.00452835995283 -0.0417047580992774 50760.9275740886 48192.4193559351 880.896389534412 -10.8322086995621
227160 41732.7536574575 18980.201463527 20973.5555242868 1808.70364515977 1.00384511244358 -0.0406023719304665 49601.7217634121 48737.8214564736 -154.851676505233 -10.6571752000517
227200 41993.4286244372 18980.5883264031 21178.8772072902 1854.46949598889 1.00386557325945 -0.0422639174810959 51417.0644773248 49973.2727018035 -206.432377866909 -10.9356188864335
227240 41959.029309835 18839.3880699281 21306.7293816015 1834.56088577095 0.996397623690496 -0.0422641216295657 51609.7166541779 49804.7585550488 -24.9068251557725 -10.902539324121
227280 42212.6261064837 19022.1029258933 21397.0341430602 1808.73046373982 1.00606124161805 -0.041533113024441 50972.7826453128 49716.2097283736 -342.139971137738 -10.8953988616878
227320 42501.0637430162 19075.1188994166 21621.1648307863 1821.37249885078 1.00886520689761 -0.0415858780856469 51332.5103964401 49378.9726590482 -49.5839305454938 -10.9081264176462
227360 42442.1975165325 18950.0743422965 21682.9614790841 1835.71987263112 1.00225171716496 -0.0424880824339292 52891.6493816371 49385.8675089056 146.738862051819 -11.0073723754171
227400 42469.5918572152 18842.4017074111 21807.3347270599 1842.61658715452 0.996557012159783 -0.0432987627272461 52712.5031514533 51103.6201967941 192.571942136249 -11.1034446011984
227440 42673.6444350421 18933.66133477 21917.4756810304 1846.45234359011 1.00138364854 -0.0434115532598465 54183.4823641715 50026.4625023194 207.024058348788 -11.142115381115
227480 42924.1942643494 18999.0183103607 22108.053686654 1843.42455374633 1.00484031788236 -0.0422212681136123 52798.2044122411 49935.1322250398 -93.7031925927077 -10.9972738469762
227520 43012.6052497502 18933.0585016127 22266.072423424 1837.84246614737 1.00135176525784 -0.0437397933017859 54331.3009433135 50783.0858187311 307.103776072861 -11.2391546483509
227560 43014.0018301418 18822.455852869 22364.3553980416 1846.31871003631 0.995502094558719 -0.0440585665843145 55518.0145992479 50562.2062167279 121.499206522956 -11.2745895798142
227600 43317.2849254795 19001.8872723563 22522.511292371 1818.01435962664 1.00499205460036 -0.0445221262175018 55436.1718419701 51437.0223875078 383.740339652695 -11.3854527772635
227640 43373.1257673743 18859.6827235298 22691.5229267609 1832.73456363431 0.99747098894776 -0.0453606865588331 55805.3728063527 53030.3365408009 121.507329333705 -11.4997200410483
227680 43498.8064030126 18868.5180157157 22779.5281121284 1863.83930638055 0.997938279292116 -0.0426282302024896 54981.4944941513 49936.3665342785 -544.944697696146 -11.1450994167769
227720 43708.5020690669 18952.3786344761 22918.6663802128 1841.15763377875 1.00237358902426 -0.0437705783863426 55166.5892760774 51402.9362221955 33.6993211299765 -11.3342096173987
227760 43615.5480689527 18780.927051305 23000.6566643642 1839.6584704192 0.993305675065714 -0.0449749243407178 54750.5359874381 54216.9682022612 -7.38334498997129 -11.4832243595117
227800 43879.8732583257 18867.5946491558 23171.193039343 1850.14351422575 0.997889443297937 -0.0452868683725343 56242.9746793967 53354.8244851505 133.128406286008 -11.5624567979642
227840 44153.7162429357 18935.460431976 23385.7280860072 1837.93976095898 1.0014788011094 -0.0443431220629598 55018.1853836563 53177.2334417786 93.1327468998086 -11.4321189735168
227880 44220.7762671323 18948.9008750878 23428.9106865854 1846.43716992141 1.00218965358127 -0.0434767223434665 53228.8193953695 53741.444698752 9.77562185585958 -11.309284359046
227920 44319.376907273 18876.2148671327 23602.0349534302 1844.953060377 0.998345358568434 -0.046037381895778 55685.0149814194 55805.3687867151 293.661294565245 -11.6934615607203
227960 44312.0982681401 18830.0602016346 23659.0809359842 1835.56446792268 0.995904281456278 -0.0453503205103388 54963.5348401778 55910.0949892192 -91.1715352130927 -11.5937509477047
228000 44658.2065226141 18895.3252192997 23910.0163045951 1866.97237039594 0.999356087229917 -0.0457963926415042 55589.7210400796 56276.8483708524 -25.673734546958 -11.6785934537886
228000 44662.4123069316 18895.3252192997 23914.2177197299 1866.97729461949 0.999356087229917 -0.0458447055750936 55609.6373604956 56345.4734115395 -21.4047174430877 -11.6861561862141
228040 44665.3573102524 18889.2970069842 23968.0038111009 1824.84933140641 0.999037260715811 -0.0462263337169914 56451.408617655 56551.9838613356 -180.819544640495 -11.7306948348421
228080 44939.4735665066 18921.8714574206 24207.2838230753 1827.3322720073 1.00076009294833 -0.0455671744215272 56511.0730101478 55475.862904898 -116.785345193087 -11.6839351080782
228120 44857.753714599 18746.405283431 24287.1235936272 1838.52440477051 0.991479851034297 -0.0459895103291018 56603.1673494936 55903.1841210182 362.225216418056 -11.7533928069749
228160 45355.9302216813 18998.2174942342 24507.6541356253 1861.35474219328 1.00479796346604 -0.0456446103920685 57300.5835265956 55440.9259104039 -256.409440068847 -11.757999337982
228200 45538.490786777 19043.4215918708 24641.1901297356 1865.294693157 1.00718876593261 -0.0463166564564653 57900.5465602222 56229.6377112242 -188.758189622392 -11.8721178526931
228240 45446.9483951315 18880.0437642521 24784.3592580366 1792.35566285107 0.998547865357773 -0.0477649703476961 59855.4797789784 56760.5985607297 215.873626874212 -12.0973912977025
228280 45658.7722918332 18882.1959636783 24977.489059601 1813.89825194395 0.99866169317352 -0.0460834527010062 58420.1059314046 55762.5268345518 -187.722002530559 -11.8270547565493
228320 45938.6964597973 18994.837314853 25121.489425261 1838.14568683678 1.00461918893841 -0.0472415983095674 59491.0867994046 56579.9671130668 305.627167557501 -12.0256529565382
228360 45884.3021494552 18848.5691413449 25177.6604431387 1871.44710396488 0.996883201975136 -0.0469342037591417 59598.3936693526 56347.5036939011 86.2844370269235 -11.9559502415448
228400 46109.7887709997 18963.951189916 25310.1114336198 1855.85130753778 1.00298565066328 -0.0486898154870211 61501.9158501498 57404.4937141931 634.547195754619 -12.3035768363292
228440 46254.0362018735 18848.4902705786 25588.2439867312 1832.41021394327 0.996879030574039 -0.0471769001000152 60499.1120574429 56349.9257252347 108.9507322337 -12.0515310098461
228480 46439.8260496269 18899.7591750831 25701.2544760213 1842.7278601242 0.999590595006378 -0.0484045543247951 62204.2039355572 57139.5163354603 145.346032835015 -12.2692112886578
228520 46561.7106735714 18942.5446306357 25767.3469529793 1855.6875222702 1.00185347775411 -0.0479625028375014 62819.4372361733 56633.1847467596 -538.763171084174 -12.2257883518596
228560 46886.2232732974 18972.9312431089 26075.401890708 1845.67995106369 1.00346059728197 -0.0477547821581357 61595.3417558928 56641.0784497355 570.023368919935 -12.2284920954796
228600 46884.8505846317 18932.4533788305 26138.6016532264 1830.1027105938 1.00131976087957 -0.047633209717747 61309.3340907093 57638.5425911026 -125.08723011369 -12.2156088833966
228640 47078.9043513355 18970.1671167803 26214.2306571559 1902.15636513762 1.0033144052244 -0.0492473371016773 62329.4327418857 59685.0283363863 79.372671543248 -12.4893496945778
228680 47260.477280182 18952.0925403357 26423.1912170769 1888.18181923964 1.00235845777261 -0.0475784504343024 60786.9800209978 58944.8163267617 -492.812322424344 -12.2411363176046
228720 47177.8879828595 18814.2483990558 26521.6634565386 1852.94195101465 0.995068009998985 -0.0481583570790083 60824.9191446159 59419.1868278711 326.627699196259 -12.3102933532399
228760 47438.4344896776 18842.4905656556 26744.2560703967 1868.13031085042 0.996561711789269 -0.0492775179655366 62192.6485696574 60813.8174908563 -50.65926769311 -12.5109456364351
228800 47707.9962429818 19020.4666857816 26839.7412873565 1857.30208232265 1.00597470240812 -0.048173750955055 60258.7783966261 61282.4779212303 -448.148553443268 -12.3732529757001
228840 47810.1680697122 18874.0505462254 27087.9330410693 1859.21842633096 0.998230889658888 -0.0492836035075168 62640.0094074972 61001.6738494263 -162.309957186467 -12.5497494641583
228880 47941.4091280029 18928.4659991834 27166.9134831686 1857.53515871964 1.0011088720975 -0.0487447202159446 61257.1129015813 60913.4040222587 534.163799083059 -12.4680337525219
228920 48128.45206338 18921.3366265263 27398.2501284286 1821.98124668798 1.0007318062423 -0.0502687757809946 62826.5389255063 62098.6247092542 954.890129417601 -12.7852299434641
228960 48393.4587252379 18977.8971744831 27579.1825431493 1847.35784247382 1.00372324075013 -0.0488028858758708 61322.9351178307 62246.5983058791 -233.891921826596 -12.5453475668409
229000 48504.7543671656 19012.7213116766 27636.348774736 1863.2303018452 1.0055650568122 -0.0488684275929843 61507.5393662461 62471.4646307742 -265.421138778682 -12.5671251417831
229000 48509.2433812586 19012.7213116766 27640.8356988266 1863.23228967391 1.0055650568122 -0.0489117724148489 61526.8825548397 62537.9953009425 -261.1501231812 -12.5744190590173
229040 48461.3887621667 18858.053469978 27795.1889650956 1817.55984380449 0.997384819250455 -0.0497448510991818 62735.8103630382 63351.3440382589 -377.877351435857 -12.7001691835122
229080 48645.2130346851 18904.353344391 27914.961998273 1839.15331612855 0.999833576326379 -0.0500564842750483 64526.7804127994 62159.1538886945 -133.379223967754 -12.7685980526463
229120 48861.9259006297 18939.2785884735 28097.2287950162 1843.55521797476 1.00168073983729 -0.0511095273013437 64498.7924451814 63985.350165669 385.237002908687 -12.9398164020543
229160 48909.7748615295 18839.855129408 28207.6686203017 1879.55005780005 0.996422326029778 -0.0483791519350768 62362.4737419239 62589.3032913768 -1156.39782994197 -12.4991564846175
229200 49205.0192582412 18920.1899775068 28425.441986273 1877.34833616721 1.00067116104756 -0.048556822810218 62828.5780130209 61970.5846644923 -375.611012541819 -12.5864850170332
229240 49349.6272616704 18939.4801661884 28527.2430897703 1896.30041474445 1.00169140109419 -0.0510917845647998 64657.0967461384 64091.7824767948 889.897671558427 -12.9905113380083
229280 49585.5416961709 18942.0607382999 28816.0319631673 1845.75604757505 1.00182788514081 -0.0500380196917376 64426.469784979 63319.6281054721 100.799849579139 -12.8270960874627
229320 49565.8941659567 18844.8344889073 28878.4071989534 1856.13339224206 0.99668567969892 -0.0501093847280669 65550.4259085133 62574.596252313 119.833761871429 -12.8376006499754
229360 49947.8365077118 18984.06712216 29099.3859001662 1879.87303038492 1.00404956351501 -0.0517691263584565 66979.7254357503 65053.761673695 -222.536539715748 -13.1611188769191
229400 50133.8369956417 18971.6774300494 29281.8345186255 1895.36318638149 1.00339428428134 -0.051635594140945 68038.5274530321 64219.8196256885 -441.532303131869 -13.1436356800558
229440 50034.0472163536 18772.7418511283 29415.4787008178 1865.60352085997 0.992872767480011 -0.0511249638100574 68020.6055510909 62698.1545227208 343.371867465515 -13.0521362039217
229480 50459.5635632973 19070.7020283825 29564.7285646137 1844.56795351269 1.00863160271757 -0.0516713346935638 69333.1954453471 62913.78454271 204.010014908927 -13.2366834801889
229520 50451.8878782965 18932.891321272 29681.146903088 1850.77266179109 1.00134292324591 -0.0515499142257494 68416.442734323 64553.7669832685 -526.020357496266 -13.1681330161024
229560 50644.9719464211 18975.5812943355 29852.3350733984 1837.63749452366 1.00360075601404 -0.0516702866267195 68555.3184093764 64880.2637308525 -444.285684984724 -13.2411503465334
229600 50852.2907198928 18849.6290958481 30127.7150744194 1901.15382896073 0.996939261977949 -0.0531127632465367 69464.8323620608 65956.1418845423 738.369690945139 -13.4642562626837
229640 51070.3633930201 18976.7633622396 30243.3465782535 1870.40746939491 1.00366327448048 -0.0535487909298646 70809.3321189497 66734.4542237163 -191.050425437368 -13.5732273515946
229680 51016.5987054107 18858.1826188961 30300.99752909 1874.66690154367 0.997391649816003 -0.0513220438020454 69140.6223625758 64518.6682881389 -526.149244367391 -13.1853514217776
229720 51259.2262559474 18879.3115607646 30514.244401785 1879.85720123821 0.998509139799793 -0.0517492830441028 68271.0308363727 66449.0793613514 -435.68198544895 -13.2501284282615
229760 51610.362468617 18994.6580784193 30764.2358059984 1872.8693985982 1.00460970929099 -0.0515525832466506 67636.8618102158 67296.0866966983 -749.530914058655 -13.2728544813375
229800 51630.7039187189 18895.919196273 30903.8857707464 1849.75756848408 0.99938750211678 -0.0529955124617779 70175.422078241 67067.4785718921 132.820340287762 -13.4524671111997
229840 51953.8009010537 18946.8828603584 31164.6670369832 1856.7494094682 1.0020829226687 -0.054144499642595 70900.1197084968 68680.9826220382 444.872099728531 -13.727274281445
229880 51961.7438147082 18925.5705743076 31204.1490593097 1840.52354755782 1.0009557357825 -0.0525335225324866 67928.5051548833 68968.3526959235 131.16562070667 -13.4790892924337
229920 52219.2629156761 18889.3427685269 31454.3106362202 1886.36401914858 0.999039681001027 -0.0535500028847414 70066.2943520727 69020.5976503523 317.644515217636 -13.6309402161164
229960 52312.4306274393 18926.4085169964 31542.7259988289 1859.70445515715 1.00100005378799 -0.052759462738308 68797.8724165732 69498.7082282242 -240.867215673591 -13.4974278244095
230000 52446.0083361934 18883.3987413065 31736.2769339228 1839.50712991219 0.998725306957903 -0.0532292383635399 68261.2427998859 70892.0428291813 158.242823801696 -13.602631831746
230000 52450.9061781883 18883.3987413065 31741.171666617 1839.50999194722 0.998725306957903 -0.053268852375949 68280.0157874125 70958.240808587 162.380671200609 -13.609767357399
230040 52532.8030537506 18917.4822742285 31783.2629263682 1843.43309286276 1.00052795315237 -0.0530871915332551 69195.2548647621 70024.2973304754 -187.277700339949 -13.5813103889136
230080 52506.8236363709 18907.4974458733 31756.813178776 1858.05839158617 0.999999864914628 -0.0524991697381795 68018.7707659092 69393.3342669678 410.646180560224 -13.5326121686328
230120 52443.7757381213 18828.4476237157 31799.0392246149 1832.33711071431 0.995818993717608 -0.0528141893777045 69010.2775149395 69373.4233557726 90.1727060376283 -13.5413859168014
230160 52453.9917470084 18946.7422361955 31667.3320891223 1851.12764102703 1.00207548518818 -0.0543527410564895 70904.0963209942 70800.5008701391 -70.2025224505989 -13.8204701058939
230200 52314.3584533541 18774.8219332274 31709.0183772299 1841.2834454989 0.992982781077742 -0.0526784424839719 69233.8599869372 69076.7308113936 -118.641661199515 -13.4737276237366
230240 52468.803264418 19006.7383253036 31644.0813859138 1833.42322973644 1.00524862225591 -0.0534891607946258 68977.4901292191 70386.6391099815 515.575927139542 -13.7195733810451
230280 52601.5772333206 18992.9796041383 31738.7039739281 1877.15718553084 1.00452093635532 -0.053909863234347 70482.5938453988 70462.6514587571 -204.600118152554 -13.7535336381369
230320 52452.6931208628 18836.8961806509 31773.27628277 1851.89459462849 0.996265829996082 -0.0532354376632662 69655.8061571455 69115.9842227624 569.345559750899 -13.570331897448
230360 52411.6831275593 18960.9944437001 31592.9883077172 1868.59844800236 1.00282927111993 -0.0529509296155099 68746.5581254438 70209.187326971 -194.161474459618 -13.5361901982971
230400 52446.13100277 18874.0876153799 31686.3667371671 1895.00647168914 0.998232850211817 -0.0549387252470641 69518.0940654592 72692.8841258372 636.566468307833 -13.8780656916523
230440 52449.1192518906 18902.8580987376 31682.1383984879 1875.05508211654 0.999754494181548 -0.0527462241418716 68694.9976361997 69864.3661972304 -210.98710044472 -13.5410539795608
230480 52428.800042163 18938.5045476266 31600.1734930603 1899.94470256082 1.00163980154048 -0.050986740402519 66725.526701864 68696.8210808072 -729.293168196752 -13.2183067706454
230520 52500.0290963539 18953.2985475344 31691.8773284878 1875.27607103924 1.00242224236596 -0.0523319601777192 68833.4514039302 68885.7243546327 -259.67258787897 -13.4344029118031
230560 52461.6387249065 18886.9772274824 31679.7769816309 1901.7543925228 0.998914569746525 -0.054077090033353 70065.2267108467 71580.3557647384 -560.809968315571 -13.724662868894
230600 52358.0582273439 18807.1897187048 31663.1891492097 1902.11191981659 0.994694682993774 -0.0535090409071606 68906.642102926 70630.0001484426 359.78063692341 -13.6556930090344
230640 52401.2041644163 18931.0679475679 31622.2011294299 1860.94691821873 1.00124648671521 -0.0523639053280694 67657.8932561678 69662.9436410553 205.72697094802 -13.4555846863767
230680 52480.3086241729 18899.089312281 31718.9197647438 1885.94163841161 0.999555166588975 -0.053221069106944 68302.806910274 70916.2365970046 109.036766144214 -13.6043617007163
230720 52490.9172739309 18947.4122842306 31657.7812335479 1898.13957057247 1.00211092340239 -0.0522891216159117 68011.8694926389 69638.0840049442 -263.215936648627 -13.4433908296935
230760 52509.8412775997 18986.8069560757 31664.7540246668 1873.08534822553 1.00419447076958 -0.053129831717388 68593.4720616756 70524.1512306872 11.4923687036512 -13.6021276041101
230800 52578.636102775 18948.0685403033 31750.9061318541 1892.71933024276 1.00214563217259 -0.0545970000536586 69753.7548031921 72131.3676859572 281.164034537153 -13.8516631988352
230840 52570.2701905222 19050.1446267805 31680.3929948072 1858.76525527755 1.0075443409642 -0.0515855159513758 66980.9118645056 69034.5273144141 -77.6816343222088 -13.3183623967732
230880 52428.2474590159 18845.4310840716 31731.0785012771 1870.67212103886 0.996717233059451 -0.0534294436236278 69757.6246426887 69936.8949255723 43.4061181182217 -13.6322004120249
230920 52570.4935263722 18983.7518213376 31765.8521122933 1833.36050933956 1.00403288754926 -0.0551657842623428 71009.3789290242 72368.5636736951 -44.7952969914655 -13.9461242944363
230960 52443.3163113096 18947.7924184146 31651.4477055903 1856.9090720917 1.00213102834402 -0.0540738147613265 69270.2277545047 71697.5441009062 104.874932883295 -13.7681436101401
231000 52390.3100478949 18942.3478953303 31580.1167142442 1882.94770654868 1.00184307260771 -0.0535343892849521 69910.5423878438 70126.1159746854 -85.0987207065168 -13.6913892459488
231040 52469.0056513054 19008.7762935612 31601.7196024302 1872.0459812619 1.00535640849193 -0.0531090219346029 68581.4691058134 70337.0454260203 177.39704637914 -13.6285593296042
231080 52403.3888545308 18856.3797172178 31675.792542771 1884.75087045779 0.997296296031617 -0.0534263048499983 69391.5894375609 70254.6091116694 89.6981877527585 -13.6352919837498
231120 52374.0431645951 18872.7783209484 31660.8742306354 1849.0346146057 0.998163602853279 -0.053876052443724 69714.5786770816 70528.9087882977 431.424413636161 -13.6869981541459
231160 52461.7107592375 18948.882302111 31658.2649372726 1873.70299653259 1.00218867127388 -0.0510171272520896 66114.5717561048 69161.3065796894 -462.425391093923 -13.2442754890782
231200 52355.2870138511 18897.4644382531 31590.3912810867 1880.75827541205 0.99946922852059 -0.0536081668641856 68735.4561658692 71508.1396938038 -128.730247476743 -13.6494941326642
231240 52252.3877509181 18812.6074791535 31584.2815993781 1873.8451887353 0.994981223279306 -0.0526803486609332 68436.3462236858 69476.8458513208 282.598372624421 -13.4928371418981
231280 52218.8273830957 18765.5281500524 31599.5756188541 1866.68165371853 0.992491241573577 -0.0531310213784816 69791.546980668 69475.1771432517 -115.921442968119 -13.5087950050774
231320 52289.9401604438 18982.8985231508 31426.8890304056 1898.90891929137 1.00398775740584 -0.0540306162217573 69458.5961991741 71416.1810574322 98.8365055218445 -13.7272872651424
231360 52242.965764111 18792.0668660693 31632.7780669043 1831.83786787618 0.993894849454941 -0.0526061922302485 68853.3195833423 68639.5540008113 567.378838790984 -13.4494591445913
231400 52322.5219593018 18924.7526959052 31569.3130598647 1845.8586189571 1.00091247895836 -0.0514241328090535 66784.1891534525 68904.0532164321 -91.9722734125956 -13.3034356538387
231440 52277.4617099908 18892.659067306 31566.0963833795 1837.88636518708 0.999215076943328 -0.0527796432583977 68875.1306879373 69776.0807863305 -256.839089102022 -13.5155640066844
231480 52232.3951198726 18770.4255673356 31600.6871274902 1879.7073034947 0.992750261395511 -0.0529636831637394 68805.1544283901 70322.982620854 -351.031413767164 -13.5099737778007
231520 52389.6053284186 18878.6890115592 31688.6875386353 1842.50297174114 0.998476213754287 -0.052991175865739 68382.7337977769 70722.734494941 -251.036780369644 -13.566529139458
231560 52234.6201609872 18857.0753420935 31515.725159124 1881.47667631811 0.997333086981011 -0.052421375149311 67756.2620019168 70181.775140069 -240.925473690356 -13.4250758165331
231600 52164.0324484074 18805.4898689927 31455.9565925636 1926.35420707126 0.994604779531546 -0.052835102240389 69100.3813905092 69641.8102280219 -220.478215244381 -13.516889920378
231640 52220.5965242298 18815.4707225663 31540.5419220533 1889.24276708381 0.99513265754681 -0.0521903198089987 67500.1292253057 69241.166173093 444.415830626783 -13.4257272620175
231680 52317.9683146155 18972.8724165332 31492.4595185112 1872.16264131981 1.00345748599937 -0.0532778665222182 69596.481426743 70290.7368605679 -433.696858705058 -13.6243800470026
231720 52250.5538498234 18883.1967013798 31516.3592989029 1869.20596238166 0.998714621255045 -0.0528189731164264 69243.8992093878 69022.360747075 210.880518923237 -13.5071228586961
231760 52321.2489739118 18898.9363570615 31577.9967153531 1867.58817142939 0.999547076930396 -0.0521050931043068 68055.4406957386 69474.5019735356 -523.46564865525 -13.406934916181
231800 52262.9007980718 18903.4627859378 31527.8006038823 1848.95996185884 0.999786475522294 -0.0534814685810398 69109.7456901776 70882.6376614896 -139.539017028886 -13.622187396964
231840 52395.4059239193 18952.4773145813 31592.8543755595 1864.71348184172 1.00237880812277 -0.0523902952562243 68738.040621289 69264.4311209262 -408.631862726367 -13.4561821136258
231880 52176.2634600421 18775.6691613415 31521.0419032501 1888.53699752777 0.993027590180696 -0.0531154454470095 69143.1801184213 70112.6100985428 -168.429874169269 -13.5488081827271
231920 52177.4052454148 18819.8810482879 31494.4325477497 1876.01869001425 0.995365915551389 -0.0531681955468296 69765.5070461979 69450.69505738 -31.2227203204369 -13.5528996068699
231960 52557.7261192673 19093.0298101529 31603.7315532084 1881.37335622005 1.00981249822308 -0.0525994129675952 68820.2419276546 68757.2853849614 424.563664249731 -13.5025302626153
232000 52252.0874871397 18825.1503456671 31564.444257857 1886.39707342244 0.995644603763959 -0.0525243751452356 67351.6207794296 70248.5805492548 287.143292490952 -13.47289261657
232040 52078.2783046695 18816.5586291524 31394.2500744673 1894.81577511588 0.995190195909155 -0.0529997966403422 68484.2460673029 70018.7365978002 357.213622151203 -13.5196042409582
232080 52333.4354087428 18858.3960369972 31600.5708398098 1900.79372811231 0.997402937299865 -0.0526170802525657 68382.8716591997 69330.3368817365 358.209109954919 -13.5197896397116
232120 52258.1984742006 18884.1688098221 31546.364914284 1855.9017425363 0.998766035161817 -0.0517294218814016 68434.412311504 67676.0615932978 113.762220641725 -13.3413559882696
232160 52190.5629327785 18905.5141793991 31487.564146577 1831.25711884682 0.999894971804792 -0.0533476318278431 69523.3460535459 70439.5491289034 -333.115077726588 -13.5627157437572
232200 52295.7893179371 19003.4052134918 31478.2271162904 1844.2610072823 1.00507233708802 -0.053336744070021 67313.1658529995 71736.8032623472 478.996817976081 -13.593578756846
232240 52195.3819081108 18891.6311639458 31450.6847963144 1879.44397332253 0.999160712095506 -0.0528610224766699 68224.1178320025 70021.8090262153 308.899079210508 -13.4805660625035
232280 52192.2543773843 18877.3702233686 31456.706709154 1888.19795185326 0.998406464279707 -0.0514327777102193 67544.5982209998 68397.6594180523 -291.296794894809 -13.276794163393
232320 52221.432360566 18856.0336569816 31497.728799777 1879.50036934986 0.997277993229228 -0.0516391103934823 67374.165610979 68758.5827431096 -60.8598259414356 -13.2889263457051
232360 52209.4705770294 18940.4935005949 31402.61637933 1877.14516521275 1.00174499540367 -0.0511499113091675 66774.7427846131 68551.6741751576 -268.832728053587 -13.2114079151574
232400 52415.4987063351 19041.9021262358 31514.1474322963 1890.15482945538 1.00710840281559 -0.0507785191133804 65971.0863927263 68883.0802356032 -558.443835528216 -13.1757550972031
232440 52153.5671644477 18860.7312262551 31428.9200951624 1884.02159807345 0.997526443276749 -0.0516257273729717 67442.6169446879 68764.675071379 -196.562027425961 -13.3220857254222
232480 52049.4935382533 18799.1329278418 31441.7651671869 1836.28257523526 0.994268566856633 -0.053288343799439 69749.4589274667 69387.6363847581 321.621942983586 -13.5578744460041
232520 52171.7414495409 18836.808806492 31454.2342926511 1897.94601647732 0.996261208858493 -0.0532660380405899 69607.3490269784 69717.9570435536 85.1255680396258 -13.5483401256007
232560 52307.4250280732 18965.1678383075 31447.543709632 1905.97725232669 1.00304999805937 -0.0531182311655761 68976.974663746 69567.0208666417 552.488766886633 -13.5731359098475
232600 52177.7159326081 18897.7672714744 31386.9518005892 1919.27292691043 0.999485245086575 -0.0512700174040944 67195.4618968231 68198.923422658 -106.051121384226 -13.2495608524479
232640 52195.1126217571 18912.3415401162 31437.311472788 1873.17332854842 1.0002560645308 -0.0518034762439084 67374.3097485837 69782.2680738209 -754.676501039964 -13.3154030497964
232680 52239.3595223567 18869.6694317324 31489.5826485878 1901.45616445669 0.997999176608882 -0.0519646960858697 67618.3550443861 68945.5488286042 174.832757706546 -13.3453246276614
232720 52191.4573304459 18897.3039981086 31431.0456910849 1890.72265081687 0.99946074299133 -0.0518651990933477 67527.8191867522 68969.0552513679 30.9587244158023 -13.3555130853104
232760 52376.3966738573 18986.5634032209 31525.0989716417 1889.40902024784 1.00418158948676 -0.0525722106538214 68367.693416726 69476.3781279924 103.462970015156 -13.4698140368568
232800 52352.2495712252 18945.4023726194 31561.4842624902 1866.11356338638 1.00200462105617 -0.0530440600215958 69567.6807480926 69667.0754205782 -262.12650022014 -13.5450773299968
232840 52225.5683087452 18872.0640217222 31504.4117518124 1872.69953692429 0.998125824234942 -0.0530487698667784 68943.1668549593 69384.3975843411 654.299115241628 -13.5319327954997
232880 52128.5327310825 18840.7089079601 31415.8647801211 1893.51663222941 0.99646748157927 -0.0522553388089611 69432.1199224552 67832.9001221759 74.4963769438463 -13.4185910562609
232920 52075.5064710853 18800.9213408854 31407.3563100023 1893.00853150054 0.994363154350675 -0.0517707816365926 67964.1979757496 68372.2458430016 -16.7225671205426 -13.3202738824947
232960 52327.4848934419 18944.6629486642 31554.6859490713 1854.06568070302 1.00196551361439 -0.0520868464629781 68737.2688057076 67862.0602095509 367.222460198447 -13.3799306820887
233000 52176.1186472087 18962.7974604836 31362.1377970579 1872.97251401605 1.00292463099213 -0.0527173141410097 68389.1453240481 69860.009578463 19.740623481808 -13.5266565099326
233040 52158.2231050021 18970.8869158428 31344.4130519495 1860.5864757243 1.00335247472393 -0.0515131031044483 67140.1217078051 68375.7827230012 274.884557959971 -13.2766727831544
233080 52150.2711319744 18931.681039483 31377.8549139459 1859.75020657157 1.00127891257348 -0.0527551504023139 69139.4063665737 69741.6373942115 -480.506420293136 -13.5036116710603
233120 52075.7957984633 18837.2541089765 31349.7573247662 1906.12215414651 0.996284760490623 -0.0525309095712657 69144.1061593953 68697.6026020684 38.8104631662484 -13.4206072422674
233160 52239.1075789436 18995.6271583014 31401.2198328405 1858.84186334581 1.00466096302004 -0.0521312410847927 69157.6725304298 68163.6649389071 -268.374666306655 -13.3453301860353
233200 52088.3892909171 18860.1028382513 31382.6678780911 1864.58213764695 0.997493208422653 -0.0519276803686283 67555.2419789275 69457.5014562765 -370.034393609107 -13.3313108916689
233240 52114.2391498617 18885.9599626268 31354.8149097101 1890.10662523067 0.998860767559266 -0.0508080203486872 66834.6968507925 67686.2619055819 -200.577551484071 -13.1368309814151
233280 52244.0118146863 18880.3054920541 31504.4533256837 1872.52950387308 0.998561707896553 -0.0518563783730935 68352.9208062843 68250.599068175 -115.54632179288 -13.2797927910619
233320 52204.087393899 18927.1927898023 31388.3672614842 1901.87107031508 1.00104153324355 -0.0524015784376426 68056.1288998649 69769.1654057711 -215.329810302024 -13.4265218912593
233360 52248.3552846215 18956.1320409322 31419.2451698795 1891.83423458423 1.00257210318298 -0.0514848020614268 68111.1034808105 67523.1380036951 97.1675583095341 -13.2698514349363
233400 52155.2553579602 18827.429948744 31451.3260583309 1895.29813737801 0.995765169839696 -0.0525956909677811 68098.1144968543 69356.6625284559 585.907466951932 -13.4394125138401
233440 52089.347404943 18904.8318071778 31325.3047665774 1877.96643536972 0.9998588817759 -0.0523590059114461 67737.6086058774 69685.8907727238 120.709645377888 -13.4089467495943
233480 52094.9104996061 18921.2471679075 31280.6749661652 1909.56807498351 1.00072707485958 -0.0518456824643123 67634.5463430345 68633.6079643311 204.337428731531 -13.3127660756804
233520 52078.2722034547 18842.6616847337 31357.2981761823 1895.53927321068 0.996570762117343 -0.0516535433740528 67263.1754276778 68993.8892773774 -169.82967132623 -13.3009894623444
233560 52025.2344512348 18846.6125117742 31333.4350445387 1869.67005581921 0.99677971766623 -0.0507978608348414 67424.1855463017 67062.949839856 -181.394034685648 -13.142877650117
233600 52117.4169970417 18889.1219253634 31371.6244092208 1885.45226187478 0.999028000812554 -0.0521959525678995 68716.9278395779 68085.2646268658 393.815902454176 -13.3925251149285
233640 52126.2935772508 18854.4687688388 31468.3806084137 1834.88412452912 0.997195227758234 -0.0532528203716964 69837.2507966099 69641.3349789155 -95.4076814554553 -13.5523747849534
233680 52183.3919792797 18956.3772409271 31387.7912212935 1862.06957955916 1.00258507158149 -0.0526399072217256 68013.1717265904 69310.1497320485 796.768435000627 -13.4978256245662
233720 52053.4125033379 18900.8065672367 31339.2681971662 1840.67318947053 0.999645990598266 -0.0518274107143767 67211.3707892578 69304.4789160916 -73.4476925084274 -13.3149015466862
233760 52161.7137013395 18985.830375193 31339.7907149876 1866.57529837734 1.00414282031961 -0.051689946115009 66846.8898474144 69231.1569878976 69.1782691655747 -13.2951751444048
233800 52197.7457494237 18926.362505797 31376.620448497 1908.34892115332 1.00099762029867 -0.0516532930294622 68264.5371676163 68466.5718637982 -635.077675546892 -13.2954986546751
233840 52070.8561782992 18805.7935373389 31359.6917579185 1915.94758044821 0.994620840266501 -0.0532625420969518 70177.9741857694 68592.6666894475 638.947234528747 -13.5669605133083
233880 52275.1464283768 19007.1925557554 31386.7011040264 1890.11346984811 1.00527264607988 -0.0531508971521148 68640.2960719163 70143.7913135093 381.49459109158 -13.5496586442066
233920 52028.9283797374 18819.215905681 31346.2040251071 1885.71947435299 0.995330736780694 -0.0520550496898858 67662.0772290269 69140.1390474436 98.424009460328 -13.2983929123761
233960 52103.2325427647 18869.922640856 31378.3369621821 1871.22134149454 0.998012568602723 -0.0520385723960335 67688.0117415055 69514.7276612613 -343.428821771265 -13.3311081291824
234000 52206.0398801559 18942.9662623219 31397.4291679661 1893.75640119924 1.00187577745984 -0.0527446565298618 68325.692953001 70455.1483977023 -449.878352398964 -13.4820869831032
234040 52260.2117091707 19036.5817355067 31364.886604506 1889.11722560569 1.00682701232351 -0.0510762105501717 67573.2980368249 68151.4169090446 -794.36789573305 -13.2390851151139
234080 52088.1230195885 18897.4118915995 31334.9251969431 1885.04156679107 0.999466449377203 -0.0513289520592367 68074.8314331654 67714.2723250566 -367.676814416653 -13.2266444803447
234120 52130.7780693351 18904.3726397875 31355.2220425899 1901.80086742311 0.999834596841859 -0.0526592551829343 68751.035618029 68999.3929846161 409.56086024857 -13.5043951844717
234160 52192.0577948488 18963.1338984224 31347.2233215116 1896.31907758196 1.0029424248802 -0.0527926604933716 69296.7244070381 69332.5106792043 -165.113383190459 -13.4806143254347
234200 52129.778722343 18948.6603214215 31310.929239893 1890.85706263812 1.00217693092273 -0.0527147935692186 69728.4498383804 68828.7737525903 -288.816606276464 -13.5047326518416
234240 52120.385382388 18909.7155077633 31322.9447629872 1911.80368393759 1.00011717613451 -0.0504731148432024 66905.7730996545 68094.2266788266 -1345.59109520984 -13.0961024410903
234280 52157.2842206099 18906.4982877691 31378.6823981113 1896.38083734695 0.999947020376521 -0.051901008933919 68304.8201605491 68662.4919440675 -389.901969260401 -13.3668959575642
234320 52097.1855806788 18953.4828068567 31267.3581658368 1906.31848530648 1.00243198766927 -0.0517111268647727 66523.1001977049 69378.9519976715 289.109455656614 -13.3160428303157
234360 52178.0787835955 18966.7144762198 31358.2868307282 1880.47119401941 1.00313179829273 -0.052613264200595 68800.4228899952 69010.1278324625 257.119627720453 -13.46582222974
234400 52163.4695829855 18942.7445571605 31347.0360802514 1898.69880248566 1.00186405168111 -0.0520174563008604 67224.6899097347 69912.0829960106 -303.689193926124 -13.3950614490212
234440 52113.9457181386 18947.9321585009 31298.8021356071 1896.13280951892 1.00213841906656 -0.0521687598153727 68027.3571876888 69190.2648829122 -49.1079909549852 -13.4083755738707
234480 52144.3915568183 18952.5155912104 31310.5266305031 1902.01211261439 1.00238083253791 -0.0514438754080077 67145.2102507239 68635.4371398297 -137.556493010371 -13.2540662525799
234520 51989.290114674 18799.973210314 31320.621786736 1887.62054383376 0.994313008611079 -0.0538326781817625 69281.9825337347 71277.7528189983 6.07319131472073 -13.6802970512973
234560 52125.0126937905 18993.5853177256 31256.6718952205 1891.1264231351 1.00455297198073 -0.0528484912342589 68684.2845139039 69805.9241764772 61.4129764308838 -13.5257673802619
234600 52111.2073561649 18955.898089641 31295.1413327922 1876.99559049262 1.00255972971789 -0.051551701824097 67644.3552435801 68059.4755790137 159.097188498421 -13.2765031571276
234640 52128.256562871 18964.5234123023 31287.6996056332 1898.79639896362 1.00301591497037 -0.0525552788715626 68270.7065817909 69468.3211801218 190.026318650665 -13.46581436834
234680 52101.1120897245 18890.5390508416 31353.4075074175 1873.59023933788 0.999102951254351 -0.0532339586212151 69439.3506147408 69949.5304466163 -57.2927439797278 -13.5979516253162
234720 52232.691310731 18992.5838279327 31369.0691687896 1890.21360262052 1.00450000412179 -0.0514053584845927 67780.1619729038 67793.0914008753 16.498583849461 -13.2942218845649
234760 52234.6809598067 19020.7081608801 31324.7298268167 1910.35410932053 1.00598747380035 -0.0524862123980997 68998.7208598761 69641.923042705 -855.472359308366 -13.4554691147211
234800 52065.3401948891 18926.508614545 31290.4540755368 1880.14089309992 1.00100534785376 -0.0526884908672568 68140.5677896713 70556.1060463399 -456.797496071289 -13.454817765067
234840 52014.751089863 18859.097116324 31336.9217062771 1845.62496808232 0.997440016730078 -0.0524543971236184 68238.8901966925 69419.204032263 93.4004755492356 -13.43990825972
234880 52056.1252198365 18939.9583659259 31285.3542612351 1858.84661159171 1.00171669263128 -0.0515449475808015 66795.6311734166 69154.753096617 -89.937515349518 -13.2961800356429
234920 52076.2280549219 18941.5234652971 31306.1154456006 1849.7871803216 1.00179946927394 -0.0521682733628072 68330.5129361723 69240.3026079221 -409.759588436739 -13.4065320485616
234960 52054.2260356531 18926.4282004953 31271.9443916645 1874.45425279674 1.00100109482985 -0.0527646540193665 68417.7430359441 70007.7886305159 -50.6090611436556 -13.5244576529776
235000 52238.3206002404 18933.9838481494 31390.4874338478 1924.04636617339 1.00140070597114 -0.0522456331894962 68867.3260700814 68538.2666429889 -95.6498196249985 -13.4284142991951
235040 52043.2851243795 18948.6183243256 31197.8876216964 1921.82647677124 1.00217470973558 -0.0513318462765149 68342.9222574939 67551.2383332582 -468.259294567569 -13.2461457253192
235080 52065.5160248577 18915.8013030517 31259.9354352062 1908.29256337015 1.00043904815823 -0.0513521529342295 67679.6436238909 68097.3633975065 -329.385557308125 -13.2786764111975
235120 52142.5136791983 18965.7988121115 31300.9306822277 1896.20283100971 1.00308336967402 -0.053055868799924 69278.5730834416 69642.7256940454 79.5678394959428 -13.5516404732481
235160 52024.7249687702 18880.8699090048 31291.8742423799 1884.54866777749 0.99859155938145 -0.052397443878536 68240.9708490456 69059.1940232927 348.327722212063 -13.4565556255976
235200 52186.0745538163 18981.5934269103 31331.3878739293 1901.67505345033 1.00391873208569 -0.0521082141076815 67249.9821570295 69934.5219664051 -162.724464064842 -13.4156713799344
235240 51971.6646840979 18821.6669508577 31317.3726901695 1860.74251358498 0.99546037026882 -0.0520653445218432 68654.5013649681 68485.1402793007 -213.256792935698 -13.3584163042953
235280 52049.4526068953 18911.8958793965 31324.5254709806 1848.09517269471 1.00023249395195 -0.0522287940697682 66801.4254264276 70061.0692543404 402.338671851532 -13.4159671504344
235320 52119.2547892435 18910.5918440437 31329.1564805185 1909.71518569928 1.00016352474117 -0.0526923038829545 69197.0621146817 68661.2694497383 370.713122480522 -13.4754103725231
235360 52035.0889730319 18866.1060950828 31301.6061620322 1901.37074407043 0.99781071506454 -0.0529884480713334 68675.3724191085 69578.0498633184 601.880471584604 -13.5294852377143
235400 52034.1475498331 18892.6939559005 31296.7410931539 1868.61021260249 0.99921692216848 -0.0510378062319841 67153.173702184 68260.1733934781 -616.18980638367 -13.2010155730008
235440 52132.4911047978 18936.3089401877 31317.0942857977 1897.94533355372 1.00152367791552 -0.0517198384039507 66817.1718468709 69612.9146115884 -235.44588931709 -13.3391040252737
235480 52007.488072059 18880.192955173 31266.634448757 1880.95112669482 0.998555755926116 -0.0528765634197131 69318.2498943263 69412.0363775442 -127.20099155156 -13.5204255078289
235520 52117.8431094468 18903.7891102986 31349.9650933244 1885.96016988487 0.999803734512686 -0.0538339538235101 69241.6670173922 70847.9818893532 473.221198791173 -13.6802911623722
235560 52170.0292522291 18917.3843350397 31364.7992555196 1901.25938612628 1.00052277324023 -0.0522614824566585 67710.967053806 69644.8997828831 -34.3055210617539 -13.4302795974803
235600 52179.4563604429 18979.194190167 31340.1100029453 1875.54678501925 1.00379183869719 -0.0499631302150999 64949.6589009387 67969.0724870047 -334.470470970029 -13.0481785458884
235640 52145.0640077193 18969.0412819834 31335.3198329612 1865.3649915555 1.00325486087444 -0.0519456733465281 66398.4920210158 70318.8928501209 -31.7657841091634 -13.3802256343591
235680 52116.3369538875 18905.1327480235 31327.5356377009 1906.00039818041 0.999874798255906 -0.0520323246854385 67994.1452860388 68929.242276021 -54.1610317978984 -13.370430009302
235720 51917.0040595658 18818.1648139149 31216.8950165412 1903.1115003823 0.995275145519762 -0.0528954967157699 68131.660135925 70333.5215267737 169.390433684418 -13.4876830108433
235760 52046.905456854 18815.0475876614 31353.9146558574 1908.05776855481 0.995110278337243 -0.0525828085972436 68606.1659816613 69238.9935691427 173.395391411551 -13.4493251205381
235800 52043.4268357057 18912.4584856357 31275.3478838689 1884.11297043026 1.00026224967001 -0.0519948458593093 67123.6945876269 69572.4076565844 105.758538386443 -13.3764242836147
235840 52187.716306068 18954.3993714637 31331.4545024603 1920.10558412984 1.00248046391451 -0.0499634691630307 66015.9774623548 67410.1761845855 -853.847595091226 -13.0426854926255
235880 52215.4607636122 18941.6137738015 31401.6465785777 1891.98451300942 1.00180424560632 -0.0512934169306222 66879.7482580755 68328.7760895862 116.913046202402 -13.2596964444699
235920 52272.9318869993 18967.3365098325 31416.4396802926 1909.68546322062 1.00316469706902 -0.0527804999363067 69324.1895480944 69051.8879651865 45.2766645295125 -13.5203651481573
235960 52116.3217681314 18912.6765958476 31353.6275136366 1869.22955541067 1.00027378531522 -0.0508730381489842 66249.6192373755 68467.4717252611 -262.43458110753 -13.1628937062638
236000 51973.8919427495 18817.2737558708 31344.1978365028 1844.3784299008 0.995228018292785 -0.052377327957827 68032.2809574651 69333.0200876185 189.027687085674 -13.4259134399443
236040 51942.9128958372 18874.3328764395 31218.4737889353 1877.44591931047 0.998245821839985 -0.0503007726441598 66407.0253537763 67257.0255244211 -383.60119904969 -13.0690096103068
236080 51972.5109666561 18902.9339169451 31196.4393217853 1892.01618462844 0.999758504135665 -0.0510283243198793 66564.7174231212 68572.8830878599 -374.532139250246 -13.2048843049029
236120 52052.2507879416 18998.3556312718 31176.4228621371 1903.57584602032 1.00480526940483 -0.0517083333354932 67975.7307078348 68334.5531052817 -127.577072723185 -13.3284598308252
236160 52003.8463623869 18878.8875539216 31252.071779782 1899.35248465776 0.998486714474237 -0.0521065447111365 67717.9161136445 69485.6207725135 -189.220563536355 -13.3657038222448
236200 52042.7233003653 18883.3589282772 31239.2882539278 1936.39718650221 0.998723201283997 -0.0524888601246856 67377.4207191992 70377.8133123751 52.7635783929925 -13.4464081822964
236240 52095.700486879 18990.1443259851 31200.7492675595 1923.7215772654 1.00437098114426 -0.0545446571001224 69504.7012965605 72012.2892596461 509.623904328088 -13.8057936813821
236280 52047.9092832081 18980.6968687897 31161.3005687945 1930.30322385178 1.00387131396481 -0.0524312389586809 68247.8288579927 69486.3276054317 -49.1983068327522 -13.4444027193817
236320 51906.4496195714 18905.3806130386 31148.6903574613 1884.53108101689 0.999887907604844 -0.0519902911614043 67986.3738926621 68958.807603443 -132.773322915415 -13.3510100138701
236360 52086.459533765 18916.4511494101 31323.3780902179 1870.16329784278 1.00047341792464 -0.0516623916434475 67430.1229228703 69199.8020322883 -510.180385879396 -13.2919873707684
236400 51923.6700326962 18873.8034543836 31172.1959227272 1888.9425127348 0.99821782120236 -0.0521151688036694 67396.6743006224 69036.8464370271 583.150579291617 -13.3780117439642
236440 51888.7075697381 18794.9497144411 31219.6586344134 1889.99327482861 0.9940473206104 -0.0519866982578978 67659.532072432 69576.0106503219 -434.728879103459 -13.3447434441016
236480 51897.2747084676 18867.2112704993 31179.6879775934 1861.98596716358 0.997869166759187 -0.0520586552719084 68346.4890707564 68684.7553258818 -127.312439721067 -13.3205037614941
236520 52056.4132898833 18829.2593757166 31301.3198964801 1932.89791292619 0.995861926522099 -0.0522265685987924 68128.1861626215 68929.2702565915 208.932881416507 -13.3590497234228
236560 52060.2702395948 18866.4620583563 31350.646345231 1854.39903510755 0.997829541629317 -0.0518464510076677 67410.2833231557 68621.1073955209 442.370288079519 -13.3102458952908
236600 52017.7278225922 18851.0122823566 31304.3502299469 1873.38141258325 0.997012417419361 -0.0509079435077624 66261.6507488523 67950.0158906394 334.404324659963 -13.1595719399131
236640 52021.9270586076 18919.9703528361 31230.3842294477 1879.08137200192 1.00065954530404 -0.0518420577995417 66608.5136374878 69693.9536391666 161.609277180826 -13.3405140983008
236680 51969.2897550696 18840.0608504842 31253.2149796657 1894.45601025964 0.996433206425184 -0.0514521761095484 67509.6322814359 68539.2476056719 -389.201044909923 -13.2471412528461
236720 52236.7804319444 19086.6776921203 31255.1222123339 1905.80085027455 1.00947654063839 -0.0529545454439347 68314.8431115982 70211.361520247 240.107773303188 -13.5538999835486
236760 52131.7890991756 18968.4255405204 31289.9966230618 1881.3233115557 1.00322229488406 -0.0514938584950492 66035.69568705 69588.3252712967 116.143052044588 -13.2632391060418
236800 52130.5602939553 18999.818932235 31247.8284944784 1895.11723995777 1.00488266202486 -0.0525109508345828 67479.5616007766 70198.1504480498 187.962574383153 -13.4546704732118
236840 52056.3367626498 18944.9631957789 31227.2631496208 1895.27037989172 1.00198139340362 -0.051950531032361 68206.6434704023 68270.1296530695 206.170694770376 -13.3389446984285
236880 51934.2046313363 18814.786646416 31253.1410017511 1879.06961527982 0.995096477398702 -0.0527227458542867 68849.5903599705 68624.3317736792 819.066266037432 -13.4773149532043
236920 52027.0118852488 18825.8644142186 31335.7951213295 1877.78626433293 0.995682370182131 -0.0522757170216938 68187.9248818035 68986.900343026 186.004200064051 -13.4327024224633
236960 52083.7190228891 18917.122837906 31290.8889377885 1891.07916592731 1.00050894290128 -0.052133253579145 67543.979796028 69117.4628652135 388.899522841597 -13.4176422603235
237000 51955.2616113173 18924.7168602933 31120.1707600583 1931.12466067796 1.00091058364635 -0.0512882469666272 68426.6670569645 67557.6685631266 -676.821282161912 -13.235997771808
237040 51960.7161780954 18833.0368531495 31220.3189322621 1917.99712158814 0.996061713772286 -0.0521384127739427 67438.0034648805 69266.0234486696 384.984831791323 -13.3707972793146
237080 51976.2756775841 18939.6212033915 31155.3364094196 1898.68779318861 1.00169886042002 -0.0504596656723342 66250.3289199976 67946.9325503692 -602.901961237644 -13.0877492727222
237120 52028.8242913117 18926.8462997869 31182.3201426185 1933.48883591593 1.00102320771053 -0.0523924546741243 66949.2290441149 70902.9643460943 -237.052906000693 -13.412722427135
237160 51997.2630886643 18884.1066207367 31166.7759828769 1957.13203986507 0.998762746039229 -0.0519078059474817 67844.0094131639 68646.5257087293 110.972137094218 -13.3656456855229
237200 51976.870972542 18812.7731904306 31256.6745073079 1913.00369735853 0.994989987593843 -0.0509221760804421 66357.7605637096 68749.2118702341 -536.961249596233 -13.1260002107846
237240 52062.7303053479 18927.7800872848 31225.0414478852 1926.75920012852 1.00107259485838 -0.0495130650385497 64883.4830555386 67363.3565387571 -604.125374925822 -12.9235157105
237280 51921.0962946595 18838.1225510731 31182.2011139561 1915.76884607132 0.996330691581282 -0.0519144614083164 67254.3069636526 69060.068610744 309.633373275206 -13.2966451988573
237320 51960.4250977182 18919.6800561032 31159.6175685409 1895.87069409634 1.00064419178121 -0.052359489187522 69110.8376799153 68741.3414437604 -331.93315348787 -13.4070101230204
237360 52061.290528479 18984.7912934645 31219.5687212742 1867.9413698142 1.00408786425834 -0.0525502683074921 68212.620230593 69621.616774707 81.7657440033831 -13.4653003419297
237400 51993.7749716919 18894.3742581697 31220.6473908211 1902.09506763055 0.999305791784723 -0.0520330651090163 68944.3770559596 68185.5538104831 -277.042019703665 -13.3593626782014
237440 52033.4404875441 18868.541555976 31295.3120492815 1888.8229441688 0.997939524314478 -0.0524255752690797 68557.5902342568 68933.7065903761 178.27291255142 -13.4042544036575
237480 51893.3374238334 18794.1383469698 31246.56556309 1875.50294613595 0.994004408143318 -0.0512814879910756 65894.9069117633 69935.3685965531 -520.135030520409 -13.1926996620572
237520 51975.0438572389 18823.4675908282 31267.9638630634 1898.91412519686 0.995555604433597 -0.0525886621981624 67768.4417468678 70167.2478614318 56.449004614276 -13.444030871739
237560 52116.9217011246 18903.9687035624 31339.0984248348 1898.1089109186 0.999813233032521 -0.0515509050766533 67250.4419717932 68664.6817757254 -66.7312695623916 -13.2537885849945
237600 52036.0673251369 18934.9706341687 31237.665688489 1879.04184586239 1.00145289616124 -0.0521099456471491 67717.5787077671 69092.5805695105 204.965848178258 -13.3985125381814
237640 51842.6507231494 18854.1122291961 31111.7757883108 1891.23109056833 0.997176370709831 -0.0511333879199626 67127.2721541503 68586.1811474458 -706.939586548554 -13.1660375370167
237680 51981.426905189 18874.2077057955 31198.1786229026 1926.56649495392 0.998239201681635 -0.0522084313135337 67514.2882552632 69672.3530958182 37.9826186606206 -13.3554004179402
237720 52125.5323563254 18985.2271884563 31277.8956831081 1879.91208479373 1.00411091833697 -0.0517161229810197 68181.0345689221 67936.877470779 87.4877825637219 -13.3475066086451
237760 52029.0371975857 18891.4499014577 31257.8098989651 1893.18997572364 0.999151125291956 -0.0510322911412153 67305.9625530744 67995.7663568597 -505.420115852808 -13.1862610832351
237800 51975.5196867848 18839.2354465643 31269.6349272214 1889.69026506961 0.996389551583461 -0.0514503861925212 67694.8708850567 67996.550432225 -40.8616611525373 -13.2579845008649
237840 51989.4382374763 18879.6216660823 31230.0221868539 1896.39503604273 0.998525540980158 -0.0519442921490313 67713.2355810819 68932.6482993644 43.150931529652 -13.3592278828728
237880 51925.1785744639 18790.0681209316 31264.6285200489 1891.69521992658 0.993789137693064 -0.0525048039309264 67780.9541357119 69869.4967372069 182.625106227281 -13.4328376491387
237920 51869.5965260928 18781.0454831773 31201.1423216687 1906.50764817071 0.993311938816728 -0.0528991051866202 67754.3447796173 70572.505509415 334.25364395125 -13.50167529287
237960 51967.9802837127 18814.7343999465 31264.0752158439 1919.38646598613 0.995093714131773 -0.051524564891114 66889.8342682535 69308.4081595319 -320.876045834918 -13.2862394443455
238000 52071.3888517007 18910.7436187273 31261.5034194336 1917.9649572311 1.00017155196231 -0.0519239198500554 68016.1894739095 69061.7917797941 -452.329428952555 -13.3486026595015
238040 51979.7591261538 18980.993710658 31129.285584428 1888.87615983951 1.00388701365374 -0.0517202967822523 67712.4268106546 68153.4108802387 333.093511186381 -13.3234358598157
238080 51978.8535211863 18802.1620685078 31268.3191973794 1930.95072119981 0.994428775274775 -0.0518354278803195 68582.1239546548 67803.3036306629 90.9736595499336 -13.3053375094844
238120 52154.5001199858 19027.0479855445 31217.1692852074 1927.15458034017 1.00632278120029 -0.0520349668259595 67039.1973966079 70306.2349222207 -481.019652035886 -13.4147331481398
238160 51976.3158498996 18836.483513872 31273.9976318985 1900.26347729581 0.996244004435913 -0.0521143575985962 68085.2413045853 68874.5669171637 69.3001189596926 -13.3713420317974
238200 51994.1033881854 18956.213881505 31173.4002543392 1900.6547515559 1.00257643165437 -0.0516523624363769 67786.9515651925 68885.6498910949 -543.274209361159 -13.3169157746164
238240 52055.3782896529 18933.4966077879 31217.7655894712 1936.99304297532 1.0013749362839 -0.0511604979219939 66983.0153230919 68318.5371449048 -249.821496379579 -13.2321037876772
238280 52008.2288431527 18980.3317818528 31103.3878112317 1944.97943890684 1.00385200485801 -0.0510034097922278 66320.47636142 69002.1082068191 -584.365177727268 -13.2096074297432
238320 52065.3470564732 18900.0232076768 31246.3995616827 1930.45015592809 0.999604559443436 -0.0520343067234297 68796.8640191233 68448.4064048472 -395.314210213 -13.3640266144395
238360 51974.4703156861 18810.2030927883 31209.05005226 1974.09518757562 0.994854057532106 -0.0508553675774418 65706.0484408598 69154.1350083062 -440.666866664707 -13.1450636624065
238400 52165.0847225638 18947.643232807 31340.9920591794 1893.89754406448 1.0021231380567 -0.051206176171362 67513.4807368641 68079.3956031632 -421.716874346712 -13.243264674045
238440 52157.4179254973 19046.0854728022 31222.4001496541 1906.10159043769 1.00732965610484 -0.0511156310436871 67034.3309643324 68166.4325153388 -232.99304708467 -13.2445566384791
238480 52141.7518419603 18975.3649722989 31255.1083578641 1920.530096682 1.00358931494375 -0.0521359491672189 68183.18826469 69382.0807692832 -494.555921701387 -13.3946408888769
238520 52007.7401380416 18898.2318764957 31213.160398019 1909.77911897788 0.999509817611834 -0.0517718244309041 67594.784939398 69028.8794036459 -315.428730504141 -13.2987846047621
238560 52035.4826171019 18864.8288241697 31289.1238338099 1896.01238797302 0.99774316139996 -0.0517281291815748 67725.799354256 68559.9604475445 -62.810603697032 -13.3146552290006
238600 51969.3561869884 18844.3671733633 31221.9275304259 1925.42089270167 0.996660963816649 -0.0516418413243442 67924.5925543135 68701.2447085731 -576.927751033578 -13.3154095754403
238640 52103.1186159197 19042.30686331 31155.7973086141 1912.79577153147 1.00712980898109 -0.0509178841392082 66375.6951825654 68500.6757529455 -300.116061441066 -13.2162753098684
238680 52080.9803877016 18957.9108128495 31224.0156128546 1907.97595449932 1.00266618076687 -0.0523602489996196 67084.9404498542 70716.1006846837 -266.21264765752 -13.4771077180914
238720 51859.8854010369 18808.5306625775 31177.0314000084 1889.13418618987 0.994765604261666 -0.0514658124049295 67037.5743041308 68366.4590940616 274.966269129516 -13.2607259379648
238760 51956.0674128374 18931.4013320386 31186.490146542 1854.24320062135 1.00126411910822 -0.0513920521591617 68208.9199413698 67708.1635410039 -386.311269763588 -13.2657143896632
238800 51971.6357866873 18894.6779633762 31235.8239418376 1854.03322574549 0.999321854469192 -0.0517350114996416 68425.7340779551 67913.1358227327 -72.0400736621675 -13.3432804144041
238840 52164.7547472513 19033.7807032453 31268.5007266671 1882.63753626625 1.00667886834565 -0.0512509287629704 67856.8073863419 67609.9723640575 -223.65073305623 -13.2359641682423
238880 52025.8425332167 18894.0305523648 31260.6585759212 1884.22221713768 0.999287613506006 -0.0523595549060686 67334.8835345231 70381.8630094102 -192.579822772587 -13.4061622108832
238920 51973.7744784752 18790.165789195 31312.8960160099 1891.63478706518 0.993794303276216 -0.052842262926143 67850.3644984459 70167.9157120612 524.824123482401 -13.4988459708992
238960 52037.8785213844 19006.1084658841 31208.6259747246 1852.49448065414 1.00521530958001 -0.0508168628299405 66339.5299684862 68514.9450034273 -491.647976727067 -13.1667325548628
239000 51903.3013231816 18947.0868261744 31124.2947040047 1858.60367840905 1.00209371023004 -0.0525944036069365 67886.8848087828 69674.2328204898 450.306147221872 -13.4760390370775
239040 51917.7133821827 18931.4328655432 31132.5376976207 1878.0636219083 1.0012657868858 -0.0522122901570559 68242.2711717098 68955.0908316631 27.5439479357131 -13.4177985773725
239080 51987.2957564761 18896.8184990515 31212.3750393261 1891.01801318682 0.999435065400055 -0.0518317670253102 67323.3786283961 69133.0916203575 -14.4256257179252 -13.3204293330794
239120 51863.4002714738 18870.9757665697 31112.0446573579 1899.08324949934 0.998068267437243 -0.0514067214807837 67690.9385736574 68234.7842313172 -364.601505569636 -13.2618586212083
239160 51960.4276122009 18986.1926383688 31106.781253986 1882.14093414913 1.00416198008033 -0.0527247234644927 68677.2205317105 69347.8141108915 253.370987537322 -13.5121628622803
239200 51949.8686632661 18986.0933087486 31084.7594654265 1895.71038534315 1.00415672662957 -0.0520373377688671 68010.1737154948 68991.8338314182 -142.606690088084 -13.396047875192
239240 51923.1835657679 18868.5171284514 31186.2928587179 1877.24736035677 0.997938232365537 -0.0504609186700108 66258.5294142933 67265.6812674032 98.4847267481629 -13.1372280301515
239280 52027.7307803196 18968.9096625315 31206.9999709542 1861.01201558182 1.00324789964467 -0.0522287193364354 68248.319296126 69202.0424392881 -200.563041049068 -13.3998095712788
239320 52005.4301750604 19009.6759926679 31146.4468648037 1866.48226009647 1.00540399273663 -0.0524218536913854 67619.6899178061 69979.6098434696 64.1899920384964 -13.4528472254184
239360 52062.3939490059 19057.3925212568 31150.7548639382 1872.53229046779 1.00792767532761 -0.0522446333991182 68336.8807764163 69137.2885251171 -170.168353178041 -13.4262869208485
239400 51868.2794578165 18856.9922097304 31141.6850912525 1883.90673501383 0.997328690188041 -0.0524273709016051 68082.7832231677 69234.6292007122 388.34448640788 -13.436252076999
239440 51979.8296063006 19012.4477676795 31154.2290472633 1833.68493350477 1.0055505893259 -0.050441907000651 66716.4201156377 67013.5211954453 -172.361020490152 -13.1310420607406
239480 52035.2262711738 19037.878346463 31152.3063450491 1853.16332877338 1.0068955888649 -0.0521681966251018 68100.2390305705 69071.8569469507 -18.1206349036447 -13.4459447098027
239520 51895.6408481557 18874.1132789207 31134.3722176165 1894.4803260012 0.998234207532495 -0.051372838158979 66878.6948737329 68747.9334511379 -129.694884856286 -13.2763643395028
239560 51900.5735768834 18855.0029635054 31155.7546590299 1901.11355622301 0.997223480814779 -0.0518281158309289 66871.5282160993 69430.0936903202 121.278142700644 -13.3354898685774
239600 51944.1144333849 18800.8111263453 31279.0894356518 1885.03767619757 0.994357325206677 -0.0529283767800054 69833.1135726872 68512.409864835 356.066151132553 -13.4938765020385
239640 51967.3395484022 18901.7334887666 31203.8613601768 1874.82073853232 0.999695014611484 -0.0512825135775203 67460.5758828893 68180.1143405848 -322.309325184215 -13.2251168235515
239680 51988.7553125318 18895.1125728422 31205.9821504356 1906.51431315336 0.999344840557569 -0.0512071401728254 66136.6497287807 68662.5980180532 334.938760830888 -13.2230566179116
239720 51963.4355622702 18889.3506755581 31187.1796951855 1903.79487115602 0.999040099196513 -0.0522502024581957 68088.8936434561 69351.6389034255 -127.046821666897 -13.4236105191466
239760 52116.9205334572 18966.1992432766 31267.8029280952 1899.79543896437 1.00310454810401 -0.0524510933347505 67953.4679881286 69749.1055431843 5.5838983526825 -13.4548531094181
239800 52124.3920146066 18991.2012929154 31238.4249503217 1907.73191097911 1.00442688313714 -0.0524024752077633 67525.8585418911 69588.600878541 513.391884183054 -13.4468239790516
239840 51926.2585431386 18902.8591222931 31134.6994461613 1890.40738817682 0.999754548316442 -0.0507999239733903 66639.2666248704 67902.0493200506 -235.901279149538 -13.1496196920725
239880 51982.23839195 19019.8747757276 31100.5927640448 1874.62030625724 1.00594339683869 -0.0500513808338416 65068.6582922153 67901.6670402023 -212.052595671898 -13.0277407035044
239920 51965.8830220385 18885.1051131823 31217.7943363045 1866.77200736054 0.99881555537127 -0.0519697036187872 68275.4049887074 68534.044744844 -55.8718446881274 -13.3282564962515
239960 52000.1486901349 18926.4771751401 31192.678981317 1886.75220089042 1.00100368505302 -0.0501840339063013 65926.4572598367 67159.707059768 -52.6303612104513 -13.0555692516124
240000 52137.9448552413 19028.2565715987 31212.1029323023 1911.53230210525 1.00638670218689 -0.0513194162679809 66121.9670069842 69003.4144464691 271.248117146526 -13.2433986568495
240040 51926.0305664813 18970.321346282 31084.1607267564 1884.69131413585 1.00332256227857 -0.0507921661348873 66450.2974861833 68301.11190181 -428.976924321787 -13.1449298401519
240080 51981.0821289246 18873.1686809673 31232.8706011266 1893.91668102556 0.998184248629767 -0.0527529583440514 68417.209012851 69148.6217954355 782.396967610374 -13.4597446807638
240120 51986.2211117404 18925.7020122474 31143.8483710738 1928.90399540095 1.00096268741227 -0.0509531317083268 65752.4887771798 69126.0846357166 -256.940999441336 -13.1700656098174
240160 52010.8728427137 18991.6979726144 31096.1981893355 1932.17341187141 1.00445315206212 -0.0517648762087217 67779.5270248101 68569.2808645479 -37.1672276083688 -13.3279881812856
240200 52014.8296828617 18954.3653788944 31160.9166856357 1910.64783417554 1.0024786660793 -0.0522276868074496 67941.3456266965 69364.527172255 -56.0155183525894 -13.3797653347207
240240 52003.0732820948 18921.7164683458 31171.7830203305 1928.98415131691 1.00075189572105 -0.052190664078494 67477.2105778262 69203.7766707306 504.101276305033 -13.3916768267761
240280 52006.2649678397 18901.8616095092 31267.4343114477 1859.06280050702 0.999701790797789 -0.0506157574741705 65785.370784732 68083.670559509 65.6935217608041 -13.0955040644831
240320 52144.822334354 18978.0379217358 31276.4576057799 1904.3826610853 1.00373068474075 -0.0519314476424999 67600.2163185436 69091.5350131142 -30.7141571453182 -13.3226943960039
240360 52054.2279077401 18972.309583946 31185.2619620752 1923.47144948965 1.00342771830998 -0.0516784968637662 67301.8655569126 68917.041614558 -78.7170845942936 -13.3198045412222
240400 52073.5240454979 18954.2058641477 31208.2971084162 1926.72527111595 1.00247022949347 -0.0512856919022882 65988.4322771554 68900.4017254397 422.408285239069 -13.2510989274565
240440 51910.5996800882 18788.7170758432 31224.7666589416 1910.39928815544 0.993717682181317 -0.0514522730738019 66779.8158239962 69251.507350657 -389.812518144573 -13.237837260075
240480 52036.8909239999 18994.8161784329 31176.3712117729 1875.68220363091 1.00461807105291 -0.0520887840248747 68372.0202593954 68402.779797956 216.401309221184 -13.3926566024591
240520 52115.2125843013 18993.6208139471 31240.5245007462 1894.79606762019 1.0045548493427 -0.0511064376829242 66187.314552543 69514.6880405227 -731.519419817163 -13.2209933049686
240560 51874.5559524129 18838.1105254207 31169.7139162788 1885.12529366601 0.996330055555767 -0.0525406378781722 68802.2017707008 69085.0955851016 11.7317246884136 -13.450236615728
240600 51892.7676092038 18893.5796052189 31151.8345304321 1870.52288152948 0.999263763333011 -0.0504859488907964 65951.3744719081 67448.944958161 279.419040023552 -13.0854490385726
240640 52020.3454296533 18936.1315373563 31194.8880106134 1906.13513277461 1.00151429524561 -0.0523172609060205 67825.8443552366 69225.065502359 383.879015056581 -13.4229494608066
240680 51958.5782225842 18908.0581216621 31176.4920319637 1891.1085348869 1.00002951853297 -0.0527245927099432 68241.5079446398 69739.8792171821 302.992480564909 -13.4570594716451
240720 52056.2689584414 19027.0721579601 31155.4887833975 1898.10016667707 1.00632405965675 -0.0515551517646691 67860.6026415141 68538.4834565082 -546.524538853778 -13.2566421949004
240760 51884.7387084276 18905.5738026894 31122.4705677682 1879.66948317735 0.999898125224878 -0.0503037594754299 65775.3326059863 67825.2624451696 -313.129115030713 -13.0328799849658
240800 51954.182537796 19021.5998261742 31063.3900296852 1886.03522061771 1.00603463314421 -0.0509963737322549 65612.9532020423 69542.8571981622 -437.556125751727 -13.1823128454866
240840 51946.5141338065 18881.6340888849 31198.939218607 1888.3161083556 0.998631976140942 -0.0508389707699901 66655.909454917 68037.8737451265 -284.395804450464 -13.1584852368723
240880 51995.820696422 18828.7529784087 31264.8385558596 1918.09610203329 0.995835143641872 -0.0508037873811631 66241.4342121943 67985.4945884814 109.789484763188 -13.0939203335299
240920 51940.750261091 18889.0195394807 31176.2372432128 1891.91648163323 0.999022585718931 -0.0511938482264984 67510.9408397271 68130.4519179903 -508.344228771366 -13.1558369509019
240960 51985.1967254568 18976.3931719695 31124.3622054713 1901.47722517207 1.00364369546315 -0.0503073937493295 66314.3028520542 66987.8700462002 -3.49328780097748 -13.0771911818492
241000 52108.0658811535 19029.5993830584 31206.3092701201 1887.1668105323 1.00645772222972 -0.0519163437426663 68198.2798200439 68042.433688681 362.13865906068 -13.3683985559387
241040 52068.6781826935 19025.3900476992 31155.508647391 1898.8046793001 1.00623509441752 -0.0527329660733541 68622.3990472188 69314.2729509901 349.819057010289 -13.5108199867109
241080 52053.0643095239 18917.4647306197 31279.3065289374 1876.34792259297 1.00052702528731 -0.0523905443424525 68061.2096487367 69448.4401593127 104.89953014219 -13.42764397257
241120 51994.1933652821 18958.3606356851 31184.3334650574 1879.731087124 1.00268997147614 -0.0525525390108188 67828.2512359187 70340.6482334024 -223.521043086151 -13.4454324576539
241160 51907.4209277615 18851.2072199744 31198.3585240112 1881.88681485035 0.997022727487739 -0.0528217232106804 68348.5726186743 69831.3262307832 320.326685233611 -13.5028599929685
241200 51869.7710886191 18809.4020400713 31228.7493446305 1858.27610248785 0.994811690602737 -0.0525227797335069 67568.1682743799 70249.1202007112 79.7594001431073 -13.4079053734263
241240 52057.8038459266 19004.5375186991 31214.0766225856 1865.69458251975 1.00513222365194 -0.0530694950501673 68974.6510643689 69396.1571107744 624.746991100251 -13.559056317107
241280 52016.6229823387 18935.79543864 31245.3813638127 1865.42731767375 1.00149651929869 -0.0522560936565125 68282.9995354747 68778.5630987613 248.352674580595 -13.4180607186523
241320 52118.2940598675 18953.9057256459 31331.4844267441 1861.18433129739 1.00245435544868 -0.0510922744719042 66762.2536416844 68254.7632004534 -49.2086291623578 -13.2198756076252
241360 52027.2971195817 18976.9055622997 31209.9169608213 1875.63803906931 1.00367079530873 -0.0511411740449472 67359.124128183 67903.6313201174 -231.83601460273 -13.1911106296248
241400 51941.3468824381 18905.2080910819 31163.2105267693 1901.32098853559 0.999878783079833 -0.0508227507877073 67270.4753225399 67604.3893351889 -509.970308639103 -13.1624729454028
241440 52102.562951212 18962.3248809809 31274.3416377353 1891.20149151236 1.002899636704 -0.0508416606461615 66009.270624 68547.425242771 -135.921847619427 -13.1662120238715
241480 51995.7544405855 18863.5679643234 31274.3752484603 1872.89543809159 0.997676475701355 -0.0527732645145878 69151.8138501034 69234.353068208 9.1403513625036 -13.4882541926331
241520 51863.9853315278 18852.722173687 31154.0819832052 1882.5735398432 0.997102851973394 -0.0508522101904258 66524.2483627205 67930.1497284252 -24.6262034833145 -13.1471337157975
241560 51962.8297290342 18907.9570780658 31200.5878566571 1869.40816418482 1.00002417443162 -0.0512054468900193 67392.5360683196 68016.7013329944 -257.728759896075 -13.2093884354983
241600 51891.9775523624 18860.309669497 31171.9544621615 1881.41753656072 0.997504147533888 -0.0509113121783134 66265.2273258688 68804.995483453 -511.835533015378 -13.1325015080469
241640 51916.0319679745 18865.871402435 31168.0862279495 1893.64375942714 0.997798302389794 -0.051477331155708 67727.7580187524 68255.9445573665 -251.165974236901 -13.258622318654
241680 51943.733026494 18870.3835962568 31226.8050690775 1869.77582680481 0.998036948102966 -0.0527590812853775 69365.5546989848 68437.79969353 570.559418040893 -13.4657939407969
241720 51923.1906564037 18918.7765404514 31128.7290073578 1894.01167100217 1.000596405683 -0.0512407559779678 68255.2508822905 67186.0581616509 -211.132301263549 -13.2312647645043
241760 52002.2169562824 18932.5898174074 31187.3975218504 1904.01586378015 1.00132697698836 -0.0518730346475412 68395.6394003926 68385.4621114798 -235.641828666921 -13.3507864144748
241800 51893.9236283376 18992.4148162252 31038.4257418815 1883.40089990479 1.00449106525057 -0.0511099005403033 66391.6904241513 68881.8991259245 -312.764192538098 -13.2241531802786
241840 51821.9361731685 18797.4610772976 31180.6372716097 1860.49113863107 0.994180144244222 -0.050190063256218 65515.0118265825 67545.2625344135 8.73282639473238 -13.0240920234448
241880 52030.8436324935 18932.4290165496 31215.050058976 1903.37743529912 1.00131847238131 -0.0519059726981932 67951.1679398867 68967.7890607572 -302.167665537374 -13.3492177790253
241920 51909.5893715929 18894.1162897418 31148.2272712092 1885.95949217852 0.999292148075726 -0.051519586971391 67482.8343060565 69266.3643373586 -954.561745142662 -13.2492837196319
241960 51886.7337115517 18843.9341730658 31151.6236437493 1912.03622043345 0.996638062835691 -0.050600180625822 66722.496767535 67507.268143385 -352.612585000789 -13.1398826171501
242000 52154.7445861628 18967.468699891 31282.6926939671 1921.69250315382 1.00317168847764 -0.0523982948999932 67542.3231986415 69958.0050898573 107.368906207182 -13.4600806688498
242040 52036.3419927633 18998.1369309191 31157.8002077047 1900.56038814483 1.00479370254762 -0.0518961238845874 67372.9991904932 68794.0028821999 421.017169572394 -13.3640892611314
242080 52052.5133916911 18984.5063566219 31191.9539259085 1898.98273641746 1.00407279421509 -0.0509504261904412 66821.568484028 68498.8218188899 -700.694944223048 -13.1737867890829
242120 51950.201093716 18918.6729851999 31170.9493156013 1890.38412473629 1.00059092874256 -0.0522044430601843 67711.2183853546 69825.717975542 -322.784656326646 -13.353548274267
242160 52016.9442239966 18942.74243717 31206.3217806356 1898.86102650136 1.00186393955679 -0.0520968112059342 67347.4896560728 69907.5415817276 -221.851960774416 -13.3538662884307
242200 51899.8565155536 18910.4821292425 31157.4506321485 1849.83441694174 1.0001577220279 -0.0521319782174823 67437.9765933213 69830.6544112317 -162.773039552398 -13.3322644308331
242240 52001.6023893626 18970.8718372042 31145.265062735 1901.9545325081 1.00335167722883 -0.0515317875744703 67403.6859557059 68332.0402673988 87.3650167448282 -13.2253242390665
242280 51983.8003931094 19026.648499125 31109.7795087304 1871.71485214688 1.00630165273701 -0.0513645068381951 66977.642139751 68921.7058802696 -370.952657791067 -13.2258521105105
242320 51810.6155199329 18879.4878882207 31101.4245412358 1857.36055832167 0.998518465594116 -0.0513589890517089 66836.6641839829 68871.4683338728 -228.182707031829 -13.2538038999208
242360 51926.9100619633 18934.9370928681 31144.6202703639 1885.20934765757 1.00145112219321 -0.0512473085315447 67250.1765825517 67903.8354313221 66.9243932660805 -13.2137110285338
242400 51938.386424928 18938.4509273147 31107.5477427493 1912.72471259803 1.00163696561231 -0.0512635874623541 66925.7088023527 68579.6202995376 -224.788537050735 -13.2260628301945
242440 51894.8728343045 18886.7461485722 31136.1671966854 1890.32278481026 0.998902348198978 -0.0502441578291836 65932.2848629559 67747.8245497758 -508.031632689352 -13.0009022394457
242480 51946.3349985569 18970.9395859361 31126.1308384653 1877.77475194918 1.00335526039593 -0.0515356595209095 67473.8885657369 69051.169930009 -689.221603620015 -13.2356861584198
242520 51893.1187056531 18912.8818199922 31107.9833231543 1896.07706663577 1.00028463942839 -0.0514014626225487 66394.7442923308 69104.9344334569 88.5455169869749 -13.2457999897683
242560 51808.8928587669 18819.3537268047 31086.6498239584 1924.10082752152 0.99533802601109 -0.050408957685537 65939.3381661994 67398.8741086755 178.616081170002 -13.0908163160681
242600 51880.5538685505 18836.9012857731 31181.849593742 1895.8729228692 0.996266100001222 -0.0514160809175325 67098.3567720398 68881.7161817317 -372.477713452923 -13.2206000515819
242640 51888.7712012903 18874.1928228236 31145.3553335105 1895.7525430137 0.998238414535161 -0.0499724599234468 66354.6675630054 66480.3729554595 -242.209932283054 -12.975594950971
242680 51966.891528997 18956.0638277799 31123.9273757203 1906.01158849087 1.00256849545312 -0.0514121240335932 66784.4278381297 69210.6438825824 -383.568683604732 -13.2572264776651
242720 51815.88313336 18876.1049219609 31100.6575971387 1864.69792284223 0.998339543671078 -0.0526105546826683 67539.0586040158 70300.9923362397 220.513300352503 -13.4779806141019
242760 51855.0457400937 18833.7675443232 31129.735943807 1910.3690735136 0.996100359345401 -0.0509128665811537 66775.095943753 67758.1846171126 7.43825903644063 -13.1667723278597
242800 52103.0737236166 19023.5374490235 31230.3333645894 1872.98747435428 1.0061371122054 -0.0519105412803243 67030.1251080728 69242.4004011578 369.368781053876 -13.3760438399817
242840 51879.4424204601 18812.6064930627 31205.0987757317 1892.63001766601 0.994981171125888 -0.0520663608352522 68177.2925690438 68424.4438108173 319.153709105854 -13.3425126166778
242880 51862.8274501541 18901.866489486 31120.2955502467 1876.08222001792 0.999702048895199 -0.0513925383621572 67600.947170316 67758.5993484871 212.26832338405 -13.2607917239159
242920 51701.91205758 18923.9105076456 30915.8702186701 1884.99299222169 1.0008679364086 -0.0518832288938585 67526.3489710686 68965.3533796882 74.6346583788036 -13.3551253450524
242960 51831.7341147955 18870.3299380695 31091.4709607327 1894.04004239177 0.998034110171598 -0.0516994103554773 68465.675568871 67734.7631437764 -38.8390167547774 -13.3122621975221
243000 51966.2216462492 19007.5430962632 31083.8633777931 1899.40606913522 1.00529118583965 -0.0512372065404255 66051.8559346713 69044.6772474667 107.38737911588 -13.2433565842021
243040 51831.3394960658 18923.2143236569 31006.3724526696 1924.31952842201 1.00083111588824 -0.0514481957010342 66405.3369418425 68779.2153587817 482.51655164867 -13.2819111134675
243080 51783.5179572297 18874.7200631412 31062.5408651366 1875.39721673953 0.998266299782689 -0.0516915232963808 68629.5957672358 67748.3200272889 -237.638027845696 -13.3105603577599
243120 51823.9747983765 18825.4740015393 31132.0232322921 1886.8785645725 0.995661721620486 -0.0512760558398027 66338.5615945466 69216.2952385368 -270.128948416585 -13.2229015919944
243160 51837.2682557415 18842.4944659139 31101.4683253303 1914.43203703979 0.996561918070283 -0.0509422452882963 66226.282209234 68411.697087323 8.27704897454971 -13.1736853139173
243200 52011.8322612032 19027.7161128654 31113.5130721156 1895.32214502035 1.00635811782972 -0.0521967366581495 67832.8750332427 69285.0422581089 62.5666371452585 -13.388550261033
243240 51858.1881397343 18768.9131543065 31235.994944778 1875.3293505304 0.992670271284227 -0.0514552649865018 67461.0092641247 68761.4983713673 -524.687510302886 -13.2660835156634
243280 51848.763184987 18860.3696199136 31120.5269251317 1893.17559126798 0.997507318255379 -0.0536557366649093 69479.1507843782 69991.5000928517 783.460607733808 -13.6404198516595
243320 52045.556019222 18981.6012701612 31180.0310419772 1905.96569139523 1.0039191469079 -0.0520586739076092 68006.296198918 69020.9278493903 -118.898298191996 -13.3974919317004
243360 52016.0774296699 18938.6861479373 31198.5695901906 1896.11449135989 1.00164940621115 -0.0513213151844849 66297.7236581501 68950.2406666733 130.194229364784 -13.2877314862774
243400 52034.5634261986 19071.4880586125 31068.0480553011 1919.4325199801 1.00867317512164 -0.0501576575676109 65792.8871180304 67765.8794402686 -545.242886273399 -13.0701538694362
243440 51873.7634968596 18873.8806577704 31152.4118641171 1868.1209732884 0.998221904417317 -0.0505402402974531 66451.373347197 66785.3090734389 527.580024410878 -13.10911431019
243480 51855.7669050477 18861.218303865 31159.2380617349 1854.39013077862 0.997552204356209 -0.0518768648725686 68242.8346311252 68984.870239449 -701.558633174612 -13.3205954394991
243520 51894.0017950615 18868.3681143869 31130.499283803 1912.3733548825 0.997930351150969 -0.0536692953287601 69089.869763021 71105.3969271361 36.6167835530901 -13.6136055677523
243560 52001.9595302783 18893.0290237338 31225.1796171977 1896.54961781581 0.999234643592956 -0.0517707579749728 68194.1959410904 68173.3330961791 -48.4456756833806 -13.3257417494163
243600 52052.9240386445 19018.389389031 31172.372232676 1880.1585032656 1.00586483612487 -0.0511341881868736 66945.7418730668 68177.3431750846 -125.654550537703 -13.2349922301278
243640 51842.0793435207 18892.0225021997 31053.5874764638 1911.7953522206 0.999181409609927 -0.0521805621193728 67557.3458085747 69173.4816137823 425.317241158669 -13.4205191347242
243680 51874.3215990739 18929.8380683174 31071.4733197949 1892.84229040036 1.00118143955136 -0.0510705666104049 66270.2442936322 68794.6746918393 -165.20259285788 -13.2632897928965
243720 51898.7105375902 18926.1046490254 31106.1096537373 1881.43075148211 1.00098398249506 -0.0516851590006301 68576.0447502716 68019.943275222 -436.726076199018 -13.3005042105442
243760 51840.0155151993 18852.4592365236 31147.3717273903 1851.476801031 0.997088945472621 -0.0532984890351927 67640.0924894111 70741.3130449625 1086.88923306388 -13.5757545488232
243800 51842.6735501261 18804.9361477825 31190.6194900177 1861.18232046905 0.994575493734363 -0.0532289049402275 68474.2432285464 70511.7761881409 341.847271507049 -13.5616858203526
243840 51865.7100090038 18925.9205054825 31072.6697228603 1884.13027551615 1.00097424331522 -0.0510281539194425 65976.6447896731 69000.9056728183 -209.953689361798 -13.1971278734909
243880 51969.0312920872 18919.5844484251 31172.977386418 1897.29447138682 1.00063913518049 -0.0518147438092049 66667.8186528043 69571.5294698567 162.567826458322 -13.3410093017344
243920 51773.6992755443 18814.7073450652 31072.0179197908 1902.0945392488 0.995092283224391 -0.0508438640023153 66878.2627829804 68193.5544533107 -673.3951517515 -13.1245048529686
243960 51805.8216736639 18852.0409908117 31053.4111042769 1916.83024712768 0.997066824847901 -0.0511482314587818 67156.1178623715 67998.7407813507 -117.137230490037 -13.1995768386866
244000 52008.2914164983 18887.0606842124 31248.394107249 1887.65167251368 0.998918983694956 -0.0513154805231967 66782.8707082588 68574.8845046245 7.09960127368845 -13.2255507398496
244040 51995.736054768 18926.2342693426 31209.5885137039 1875.50266151018 1.00099083799247 -0.0513739955802672 67822.8476928902 68058.595840174 -362.741595653848 -13.2879570146737
244080 51996.2858920126 18949.2328068561 31199.4029580506 1859.82283929349 1.0022072091422 -0.0510912268214957 66784.626772137 68552.4759758711 -404.332831003252 -13.2288648778447
244120 52189.7562854965 19077.5503464493 31241.9991384224 1888.77088043122 1.00899380385822 -0.0523805753006876 68568.688460606 69159.8078906627 -150.274082983135 -13.4599796125044
244160 52004.4336566257 18931.2340727538 31218.9063603737 1870.49345620942 1.001255272921 -0.0505285997532183 66171.3926454074 67754.698431301 -162.876301195497 -13.1280999347405
244200 52023.4137982035 18921.0753092374 31230.1355970556 1893.09471165953 1.00071798541517 -0.0506456562171834 66593.1788883071 68020.2528104116 -624.551838666257 -13.1316131560329
244240 51882.0226994856 18858.3798422161 31141.6676641614 1902.28980155903 0.997402080773029 -0.0521541032454886 68116.2641034678 69214.1442487398 -209.156221895433 -13.369677562031
244280 51913.5053627331 18841.7639608637 31214.3914768537 1875.3344294869 0.996523282341067 -0.0524185606972406 68381.3986364362 69109.057001142 210.293297850882 -13.4141821688118
244320 52053.0659170167 18972.1843593018 31221.8795920373 1884.11258104075 1.00342109529561 -0.0516061672316266 68026.4627924146 68056.7819123778 -88.4087793215996 -13.3239990356683
244360 51815.1369492274 18768.552369511 31243.3244026918 1839.31316066303 0.992651189713657 -0.0505717811183373 66016.9933674194 68104.7270162044 -289.565827815179 -13.0939447144184
244400 51880.2027080878 18847.7399198088 31169.0326668531 1890.02728591152 0.996839345223261 -0.0507053948007843 67188.7715697223 67109.0175681483 -177.960861108557 -13.1196361203899
244440 52036.6919256164 18969.7343351316 31203.2155536338 1883.8773434029 1.00329151580757 -0.0503485042919921 66387.5772756148 67023.0207777475 0.761796733539049 -13.0920912344258
244480 52106.1498896846 19012.8614744447 31273.903372253 1843.17103487459 1.00557246988998 -0.0512035258257682 67109.8754449178 68333.7307808304 -304.760919703068 -13.2626573446149
244520 52026.1985066664 19022.9003025363 31147.2810534304 1870.58320121933 1.0061034141233 -0.0513299310619853 66881.9842336156 68624.1521113312 -92.6546612376069 -13.2647918815569
244560 51749.9052665551 18817.5314865345 31053.7604300023 1893.18050154168 0.995241649426656 -0.0508176755251782 66627.4498067405 67705.1627763572 13.797609096906 -13.1542469087912
244600 51830.747824058 18847.3807858118 31118.8557559893 1877.60764911658 0.996820350961885 -0.051740724811183 67417.1420015356 68933.0527661488 -109.630885010131 -13.2918092768624
244640 51848.2995132497 18861.7265354761 31163.4904171515 1835.03974921482 0.997579084251016 -0.0513419711434242 66411.8846916267 68747.2719582019 298.035817462629 -13.2253900348389
244680 51854.3671372548 18961.8485352693 31091.0331817883 1817.93342380525 1.00287444322461 -0.0516221954591466 66741.4411545037 68863.2206672026 413.417615516239 -13.2781872656082
244720 51850.005370945 18892.0201149107 31107.8373024728 1857.84626294981 0.999181283348445 -0.0521252430297212 68090.3997476893 68717.9225945484 236.955571445351 -13.3423467057087
244760 51922.7164630097 18962.1590302638 31066.3700239988 1897.67911989353 1.00289086501461 -0.0512192652852284 66718.7007074777 68560.4155412712 -110.375563641214 -13.1841270702123
244800 52095.3717685218 18946.6228331626 31263.5190872951 1895.94872285173 1.00206917007339 -0.0517783444640171 66428.9459615116 69416.2098680026 495.302163362835 -13.3425025190382
244840 51888.1745329966 18928.7788348834 31090.5148384649 1887.8603358047 1.00112541768522 -0.0511937924964599 66555.8228888869 68802.2193754118 -230.602193617026 -13.2340584824645
244880 52029.7232566363 19024.8933107421 31112.5771606467 1907.2959222357 1.00620882246421 -0.0506992470770686 66849.720377751 67714.0971739567 -455.955540574548 -13.1855316967738
244920 52051.0473891317 19017.4821437765 31152.6356360831 1892.32184101335 1.00581685277147 -0.0508170722831875 66372.2502359981 67626.6113414534 345.718305861393 -13.1844139751183
244960 51909.1400380264 18968.9192119003 31062.8602205156 1881.07072221231 1.00324840470185 -0.0502810671238934 67025.7191737532 67069.8763259309 -850.993835371883 -13.0935366649651
245000 51848.6463610673 18879.6454463992 31102.6158192078 1872.07661637933 0.998526798698886 -0.0506192062108904 66559.7023534539 68454.5722555249 -1085.35806858954 -13.1050910305291
245040 51793.2535211309 18852.7886698762 31046.4977497495 1901.4647596516 0.997106368894685 -0.0526253255651654 68916.7207167883 69193.9497365405 -26.0180265744751 -13.427838656633
245080 51939.0716017233 18965.7864775181 31120.6837675309 1860.01469554219 1.0030827173089 -0.0504288035500904 65086.8293444398 68643.6359080524 -181.779538173777 -13.0751735312774
245120 51939.6799699754 18967.1488442387 31082.3692095232 1899.11739490217 1.0031547716112 -0.0506918030296826 66462.1876408689 67493.7583293497 137.767885999523 -13.1701270812532
245160 51971.0758155695 18890.4962562328 31229.9774259884 1864.09386774518 0.999100687887497 -0.0523198134820403 67268.84901109 69961.9621182121 217.661182377815 -13.4209170311249
245200 51803.4055816836 18892.8801712248 31064.4972498971 1853.78694510171 0.999226770922904 -0.0515703242054277 67760.5492544076 67888.1333478804 245.833927907961 -13.2894190811984
245240 51819.2545556147 18834.7263084657 31129.5240273552 1864.54602028051 0.996151067484635 -0.0519774808636826 67883.595967424 68833.3613523504 16.9921598688512 -13.3426566107976
245280 52034.7265814057 18962.3696641695 31188.2824246876 1891.54573236646 1.00290200524498 -0.0517465316571976 67179.5381237299 68821.1446322972 269.815778458402 -13.3685990469057
245320 51967.7246309403 18952.9543486652 31168.9062604624 1854.00205371256 1.00240403800953 -0.0520244244939274 68120.9478609929 68815.986555017 -86.298144321338 -13.3936705288551
245360 51857.0747528367 18888.7465324473 31136.0653527774 1839.79077709095 0.999008146632144 -0.0524182532725623 68911.4240604573 69324.2368599609 -587.221853195057 -13.4384349123464
245400 51866.1237694798 18922.7319299022 31111.7491770059 1839.21163998227 1.0008056025335 -0.0519463353630609 67645.9570502248 68943.2910533915 86.8090138315893 -13.3695795403582
245440 51926.6491397724 18908.4454879101 31142.4365435659 1877.92819532229 1.00005000597171 -0.0516652970719873 67764.8069283789 68434.7874106617 -68.79057575234 -13.3475822246025
245480 51847.2557223233 18908.6886993879 31078.7872322687 1871.15304659467 1.00006286919941 -0.0522031328769424 67296.8762607611 69808.5277629919 93.1344154015547 -13.4197789718701
245520 51866.1405720868 18857.888404362 31144.0990844651 1875.53982259082 0.997376089084331 -0.0511122062601594 66652.7092989754 68627.1805391155 -338.018732120399 -13.1701116262892
245560 51864.0271785089 18883.7451542984 31124.3531775501 1865.21598816393 0.998743628417213 -0.0503663368336059 65869.7341806416 67599.5482407617 -59.0617983784998 -13.064035548241
245600 51960.2522169925 19012.9038175522 31062.4601593281 1892.60318859349 1.00557470937735 -0.0501848921068139 65344.7505279967 67976.8356578976 -288.182946379931 -13.0473745714593
245640 52138.1578520791 19012.9761824979 31243.7806214282 1886.4905577683 1.00557853669168 -0.0510573764585049 67096.4295702352 67910.0052887436 -159.647145235244 -13.1908135421519
245680 51834.8514473959 18843.2034428593 31142.7472231312 1861.89917860973 0.996599415198167 -0.0517301498766622 67072.0436093696 69400.8340276925 -222.206728101225 -13.3053936552997
245720 51903.3699290938 18947.7799431685 31100.559553441 1866.00670048792 1.00213036853992 -0.0521731994613872 68722.3025062853 69020.9164017692 -601.247925342731 -13.4181822971324
245760 51826.4102009992 18876.7214732188 31095.1344329115 1873.86843983098 0.998372152490748 -0.0510907735610051 66742.1607323036 68677.1390759279 -513.760539018351 -13.1825033024574
245800 51742.4040104503 18793.1042140381 31061.9771087267 1904.41186829405 0.993949713819285 -0.0512171712256951 66824.0131831194 68520.0530329552 -189.059266014135 -13.1989440900188
245840 51951.2086315931 18927.8439053425 31171.9779431004 1867.83414187105 1.00107597013579 -0.0516374558773271 67830.8801937751 68526.5249791355 -300.895508849021 -13.2728667249787
245880 51894.8294207536 18839.7172039575 31176.3481695717 1894.85855712805 0.996415031281633 -0.0517187252339757 68118.8832062108 67571.2546629349 543.468224002281 -13.2649740429923
245920 52037.4499403229 18994.6421237713 31158.0482683594 1912.09425643718 1.00460886546457 -0.0510309617997089 66590.3869914769 68552.8610509281 -337.919912448807 -13.1712920508817
245960 52077.3765666929 19032.2580829371 31156.3387140361 1908.83601026342 1.00659833838091 -0.0516679340847688 67145.2236851465 68639.8677552765 366.330557785992 -13.3064074290878
246000 51952.1621087005 18852.1063155339 31223.0717579438 1890.99342520224 0.997070279811392 -0.0524482320578737 67668.2073286512 69686.6131000784 355.941792371654 -13.446648786864
246040 52019.4129348361 18916.7134206935 31228.9431629356 1890.21449856573 1.00048728920764 -0.0511056198493353 66787.1997690951 68258.2996915781 -97.7117514653988 -13.2241826297708
246080 51962.31367515 18852.6808769591 31212.3302745784 1910.47445912198 0.997100667828065 -0.0506870649741902 66291.618384246 67882.0901010493 -63.7958486611805 -13.1676491471991
246120 51865.5320452968 18857.0333061458 31149.0491810778 1883.29468063991 0.997330863739034 -0.0498623973831551 66003.9710882816 66838.2962608231 -471.642971954999 -13.0037721226213
246160 51990.2506977085 18871.9100622692 31258.2309127234 1871.39057924329 0.998117681463397 -0.052716312157167 67633.5993280115 71021.9389738883 -373.667730763096 -13.4981819923355
246200 51958.7963535892 18986.6386955746 31089.0755200379 1888.91265800581 1.00418557162896 -0.0523499311570981 67832.1321202866 69706.8150927328 -28.5328199288324 -13.4543420410416
246240 51986.8765593166 18963.0585476071 31135.348541769 1899.88340714773 1.00293843964602 -0.0515695550774022 68954.3034070559 67412.6936355357 -472.351574528717 -13.2981718773642
246280 51855.3549520436 18860.9070318781 31112.9313671997 1887.06014440387 0.9975357414718 -0.0515717772454814 66801.3286751269 69958.7553761733 -845.980465709558 -13.3166765941845
246320 51911.1889269238 18903.1961633174 31152.7169313734 1880.36418219825 0.999772374101146 -0.0516635854787601 66763.0261818303 69048.2491343855 273.079912428144 -13.3371176977564
246360 51959.0179154685 18972.3118736291 31128.3651062126 1875.40121870354 1.00342783940918 -0.0516821417360401 67139.5734959372 69662.3533199112 -658.033087137594 -13.2870252701572
246400 51893.5795845587 18887.766747449 31123.5877506953 1895.044491341 0.998956326719504 -0.0524242871205882 67742.1153350546 69847.3107373964 61.4686144615866 -13.4130401618052
246440 51827.624017738 18842.4810129113 31105.2021827198 1901.57090609554 0.996561206553554 -0.0512076212784201 67161.3854857364 68260.5627869107 -264.005264958359 -13.2008793875746
246480 51977.1656667541 19010.9317336956 31090.6654675896 1897.8767614433 1.00547040770571 -0.0514276986408614 67932.6463561687 68072.0796612161 -399.975447312423 -13.2770952042914
246520 51939.4745644643 18941.8931744902 31099.6876143641 1914.79612128243 1.00181902284756 -0.0514230002542071 66666.943747649 69321.6637623204 -385.00736813226 -13.2998457134953
246560 51868.8951161549 18873.8337977943 31124.7716177287 1882.89473411838 0.998219426036984 -0.0518340888709175 67521.0246435162 69108.659567368 -158.182613440161 -13.3448798576489
246600 51916.1027951199 18971.2691556783 31066.213803163 1892.82298342117 1.00337269103151 -0.0527240282115751 68761.9852255388 69339.6203439826 208.519340345584 -13.481708211962
246640 51845.8465365367 18825.4215988033 31157.8198035305 1878.50532542212 0.995658950088764 -0.0525514596168377 68454.1436868105 69507.7069254268 10.718818427665 -13.4440229681422
246680 52062.2767920351 19109.6061258415 31131.1216361751 1837.91380179073 1.01068920406407 -0.0497427441756596 65591.3572049925 67210.915610505 -655.931660997681 -12.9873161571685
246720 51977.6187429258 18996.5015327097 31074.7382410582 1919.02709811878 1.00470720786511 -0.0509946666087613 66203.9666541027 68962.9115723027 -422.091199303391 -13.1878986087244
246760 51763.0825261052 18854.4562408225 31049.5498464871 1876.53318695968 0.997194565163163 -0.0503819972913048 66199.3590347365 67204.3299590212 30.0467341970849 -13.0214446796274
246800 51831.3006442177 18911.354654786 31048.6507565163 1888.21612512594 1.00020386908825 -0.0510097352457843 66689.0690073732 68689.9057676601 -639.886371579171 -13.1845634493457
246840 51816.3436434209 18912.8635552646 31046.998792375 1867.61542301369 1.00028367342402 -0.0505008775258748 65254.1289125058 68423.4737569536 11.3346843218984 -13.1064144044936
246880 51899.5960692104 18922.6105734882 31121.7835133301 1873.19296340906 1.00079918410621 -0.0519315859510339 68000.1445226639 68972.6930395809 -308.860123580703 -13.3356310516605
246920 51574.5357650205 18694.343941744 31044.7041715128 1856.30390144643 0.988726375340155 -0.0509317091463189 66707.0505972852 69130.4319804204 -1255.35804435852 -13.127766451875
246960 51896.5715331633 18913.1005999627 31159.0390616135 1852.10436488997 1.0002962104965 -0.052409494549187 67018.7526359848 70644.949384212 -9.45944756297584 -13.4011750371501
247000 51926.9820393104 18912.8146696957 31109.5585171445 1917.59613933645 1.00028108791198 -0.0500267231907539 65596.0634901317 67595.7150192011 -471.692682805146 -13.0122676925123
247040 51917.7432226332 18904.1131184366 31144.4487054083 1882.48417696268 0.999820871000218 -0.0518965883075123 67119.9481019531 69455.1764482713 37.6436876642932 -13.3473964851577
247080 51853.8531620315 18804.7493383372 31162.8052277281 1901.66893250044 0.994565613557434 -0.0519412978468408 67449.438899211 68555.999766474 668.0366216663 -13.3334854953301
247120 51886.6321846379 18821.8842338602 31169.8283264391 1907.3595062431 0.995471862163704 -0.0515052027326907 67290.877033403 68481.9028360781 -3.03735287068542 -13.2429419920697
247160 52026.5032087333 18953.6782758877 31176.1844649961 1909.60637844377 1.00244232584359 -0.0514105564502838 67006.3133779742 68764.6002667486 -195.857496082974 -13.2746765178222
247200 51917.6664330351 18884.8153833648 31149.6999556248 1894.1693302879 0.998800231832066 -0.0520249053373884 68824.8996182079 68169.6319764218 -140.406972050752 -13.3277350703443
247240 51985.1674217492 18914.656241399 31176.7631218278 1906.53507469308 1.00037848691784 -0.0518016266509251 66495.6995071816 69546.174016483 322.831003429836 -13.2903563849647
247280 52019.342332086 18897.9661911433 31220.8723410604 1915.52551735602 0.999495765761909 -0.0513645555315 66760.2265644137 69179.5457167962 -468.794315481783 -13.2441451721122
247320 52093.9397484872 18948.004342731 31258.5551899121 1905.57314222565 1.00214223682301 -0.0500328695302497 64859.9928360284 68614.3944256219 -745.579816788691 -13.0181181116258
247360 52147.2257577208 19017.2983458068 31243.6652263165 1906.05127019113 1.00580713186866 -0.0517228062562741 67793.4509700815 68584.3039191277 -155.400979255872 -13.3226160095876
247400 51893.0422966995 18855.1771003056 31133.4388911939 1924.4992012443 0.997232690747355 -0.0518724957828073 67855.7492447929 68800.07782393 -140.989017190017 -13.3075912656945
247440 52062.9162354914 18945.0012299495 31260.4541532444 1870.62775588172 1.00198340499535 -0.0513890397488417 66283.9080751977 69061.0627757972 193.275522188472 -13.2614107715422
247480 51912.7098473901 18930.2708801151 31164.7664654806 1845.94820459555 1.00120433056274 -0.0516517944764183 66482.7700972366 70089.6551429357 -494.906731158858 -13.2567204825886
247520 51961.9284299651 18900.1015967449 31228.9439950633 1860.89875968689 0.999608705367973 -0.0510649992789027 66584.3427513079 68309.8386396977 -39.7203968165744 -13.169127017566
247560 51902.8730956608 18847.3857908765 31227.0133312399 1856.74230837526 0.996820615675075 -0.0510282390324221 66747.7881589307 68316.7519359108 -289.288076714679 -13.154349000977
247600 52065.1358853185 19022.7032327895 31177.5830700056 1882.77658043669 1.00609299128862 -0.0519209959103123 68453.2312535396 68776.3046205508 -581.753369142394 -13.3310766650821
247640 51887.0546451226 18915.6438493699 31122.3230657093 1877.80412913279 1.00043072058019 -0.0518057425876805 67793.2263678983 68675.0500432712 -93.4409000960555 -13.3038346414258
247680 51939.1089018002 18923.8153937238 31146.9437966363 1890.78471674688 1.00086290592219 -0.0512888898592743 66851.0111632009 68327.9401653986 162.832245713423 -13.2402419349488
247720 51917.9586837501 18911.7286985277 31157.1646900199 1867.86786084207 1.00022365191208 -0.0510169531837503 67061.2822250935 67848.5178322725 -150.809433180895 -13.1628443838178
247760 52055.9990697661 18992.5182610234 31205.4025833838 1881.15502790402 1.00449653634925 -0.0518466085643857 68135.9584957417 68978.901079567 -642.046806640086 -13.3064151374217
247800 52144.5439423874 19013.2236975871 31251.5438560562 1903.32421690193 1.00559162753336 -0.051023939624836 67090.5284119396 67859.5166110214 -170.12162855656 -13.1837620210719
247840 51894.910740058 18893.101221333 31142.785321899 1877.02002132318 0.999238462056488 -0.0523840259322929 68428.3528584233 69417.0565718528 -223.458973214714 -13.4135042972187
247880 51832.8502784852 18918.9616816447 31090.5330023708 1848.75746391399 1.00060619762764 -0.0524719977131355 67955.0648553545 69714.0101325861 128.866271402762 -13.4097137794598
247920 52030.2194656842 18979.9849704452 31219.266641475 1854.72932611201 1.00383366232687 -0.0513054559388517 68305.619462035 67664.3559570816 -609.151773360702 -13.2290912508656
247960 51952.8005329891 18922.5484545795 31173.8581994446 1871.59832746441 1.0007958986952 -0.051665113446765 66417.018257541 69484.3899984588 191.972237418927 -13.2821996073668
248000 51930.7120944714 18918.5543158877 31151.8523199026 1879.9759590976 1.00058465243357 -0.0518993774055251 67860.1960068201 68728.22830209 -18.8329062328126 -13.2945249661989
248040 51832.9126962408 18860.2908148127 31113.549137691 1885.68457244848 0.997503150327264 -0.0522852491748315 67975.2845596989 68901.3194177852 517.304251669135 -13.4059925274374
248080 51853.6888910455 18913.4078973938 31052.9787054767 1913.6504134058 1.00031246317037 -0.0517260656651016 67554.315491498 68496.6678011853 211.680886109548 -13.3493023918532
248120 51938.2912748626 18899.558052234 31211.55212505 1857.73453364425 0.999579957806905 -0.0517815796495516 67488.0787733829 68867.891020561 -15.083405480787 -13.3068691332683
248160 51987.7693701425 18907.7000411421 31242.3568405442 1871.94358587784 1.000010579989 -0.0519206516228915 67396.5522003474 69786.7323803033 -576.266207938775 -13.3305374492113
248200 51839.04254561 18812.6450148704 31183.221910047 1867.66599997613 0.994983208508285 -0.051506889845962 67216.3340003563 68580.9203155772 -39.0404220782969 -13.2263451888409
248240 52000.5476707377 18972.6813137831 31141.7152843286 1907.81187901941 1.00344737875357 -0.0516420228274574 67052.0987849209 68717.3566947192 278.5331207936 -13.3399965334839
248280 51884.8129111833 18925.5188908076 31128.4554440547 1849.80467995721 1.0009530022905 -0.0514380648270564 66757.7236801421 68959.1698978371 -89.6452002927015 -13.2569314783036
248320 51797.3722453979 18861.93250819 31084.4313703018 1866.34442885595 0.99758997795531 -0.0525719194692134 68428.9725099259 69489.4721650488 78.7255946269365 -13.449272263714
248360 51824.9604558732 18856.7111237842 31130.8883116104 1859.92247894154 0.997313823815109 -0.0515329053548631 66444.9329619858 69430.1121905684 -60.6782646037404 -13.2688842539156
248400 51962.7088583383 18913.4745982722 31200.8810780646 1870.93828164196 1.00031599091748 -0.0497612726475774 65886.6110760974 66692.8077365659 -411.751439656159 -12.9701616238185
248440 52014.8397005424 18969.6659378965 31221.5254598683 1852.70482088566 1.00328789834174 -0.0528320563676313 68751.6711336436 69011.4087766136 738.932385003001 -13.5445666297033
248480 51952.0795453166 18977.4406245753 31148.3528812762 1849.78210725606 1.00369909425229 -0.0502655164777673 66189.4805181773 67622.6252921185 -578.420515852655 -13.061097237547
248520 51831.6193918739 18895.1736705124 31104.8375019997 1853.01876296976 0.999348071956229 -0.0503508663991193 66312.1802617209 67649.4263219827 -519.276170853077 -13.0661675819917
248560 51921.0171532546 18971.1948355919 31117.4540933937 1858.11658312505 1.00336876031162 -0.0510679891269359 66973.9384565759 67990.4409766633 -26.4931014242698 -13.198096872729
248600 51887.3970961238 18924.727550913 31136.2902707378 1852.93269936417 1.00091114906323 -0.0507306593763084 66407.0561768526 67489.4074809681 272.81316285983 -13.115363319635
248640 51923.537044137 18932.3741118601 31138.9739281665 1874.16719088621 1.0013155685236 -0.0520166026892728 67990.3097749916 69125.4543665291 -284.50866711794 -13.3399025811494
248680 51773.6892442816 18846.4821641926 31048.0399458634 1901.08354664357 0.996772823704485 -0.0501738554660696 66259.374617754 67847.7982281724 -1083.2905696051 -13.0079704532695
248720 52017.1376616005 18966.6461522097 31183.2727819774 1885.61959812916 1.00312818469971 -0.0512580770902221 67318.4396414626 67950.5613335361 -12.887453955621 -13.2202373500497
248760 51952.9620730127 18964.1745448292 31124.6685767409 1881.62289860151 1.00299746369585 -0.0509367850649873 66374.0107775185 68515.8349790458 -305.696207680156 -13.1871508196504
248800 51968.4994183582 18916.3610368283 31203.2502483486 1867.6610511303 1.00046865195443 -0.0523145799091003 68415.3509105074 68812.6223755564 197.739847845018 -13.380467758075
248840 51847.4193339695 18859.4462674594 31113.9429476364 1888.3214352244 0.997458483007242 -0.0512294614099223 67340.3238598947 68213.3084218013 -329.505685555309 -13.214738010727
248880 51913.6245761873 18875.7369309151 31188.5764587236 1858.04570422755 0.998320080968669 -0.0519880237578592 67522.1667479549 68543.5654592579 697.793631938993 -13.3647191533718
248920 52115.8369201884 19066.5690117316 31184.4633442037 1879.93816154769 1.00841301133051 -0.0507426467126976 66996.3095527576 67564.8856968112 -307.16936787974 -13.1767418548797
248960 51954.658486301 18899.2869514952 31201.943376109 1883.3603168892 0.999565619542255 -0.0517649391361238 67709.2457851954 68520.3021661946 85.4353882273876 -13.3401975617587
249000 52142.1966293499 19009.0603905452 31275.2716186775 1884.27790351659 1.00537143411584 -0.0515718253353593 66720.5034278281 68473.8925216567 713.443602066753 -13.3195690508679
249040 51942.4781135893 18903.5683327981 31195.0632361539 1858.04772648086 0.999792057797072 -0.0520959947392815 68277.8704846496 68514.2585508227 214.705870816602 -13.3762180983602
249080 52147.2344632279 19089.4998778924 31175.2899001082 1911.46942909569 1.00962580340565 -0.0515174381281278 66880.8531145033 68903.321763878 9.82426386516332 -13.2888835213809
249120 51742.91928412 18775.9484081367 31111.7245013685 1875.81825963595 0.993042359282649 -0.0507213515582648 67036.3279560657 67513.5484471824 -413.88513665286 -13.1030944440492
249160 51938.1390808608 18923.5701016474 31152.4262922652 1875.38986866707 1.00084993265357 -0.0514146455296618 67406.9114846986 68655.0373304114 -484.989755640327 -13.2082354832487
249200 52096.1750912912 19026.8358568199 31188.1147467664 1890.59960065778 1.00631156191035 -0.0526524205124598 69512.710098508 68886.9764422485 -274.726768528524 -13.4506940360329
249240 51858.8155081233 18851.8527463842 31105.5391420126 1919.94232197315 0.997056868776105 -0.0511615279960602 67449.801525105 68090.3735113966 -469.609900117569 -13.1863619470267
249280 51911.7521647637 18896.994261919 31177.4363046314 1856.46642400089 0.999444361333811 -0.0519097205745866 68201.2149283534 68995.2902555861 -584.242832092301 -13.3620849385975
249320 51973.0200301483 18961.2120538884 31164.9997983201 1862.30896988291 1.00284078031937 -0.052225970628718 67991.7957978396 69281.1630948543 -2.12239348931528 -13.416520894467
249360 51966.8467192768 18910.3332304112 31216.224586543 1856.94832941126 1.0001498469079 -0.0518626073266439 67267.6654913291 68638.0683957324 609.452567659096 -13.3173670777053
249400 51880.1118699908 18905.4940931233 31132.809446184 1855.58586412379 0.99989390946044 -0.0515424468978248 67406.903406308 68381.4295410475 46.9515049562235 -13.2964986657498
249440 51884.6848341549 18820.593273851 31201.6539536 1880.87685987389 0.995403584495626 -0.0509863479533565 66735.9003688071 68257.6901018491 -268.037042600441 -13.1783199358972
249480 51966.7706857474 18903.8348756319 31208.0742970936 1865.92175825664 0.999806154998383 -0.0513767737913266 67267.496071896 68392.131490784 -151.642650623689 -13.2635544518359
249520 52041.2406065515 18916.9204707872 31264.7738525064 1870.21543400649 1.00049823989355 -0.0517039248539631 68504.6203548198 67468.6744663777 219.642863067042 -13.3446554449059
249560 52001.3982183554 19000.0262167844 31126.4362927874 1884.27574435871 1.0048936251109 -0.0513505225506867 68107.1189346822 67609.5454022618 -261.724509512716 -13.2487187196134
249600 51877.0692231535 18914.3529913371 31108.9108965545 1868.86047169247 1.00036244830555 -0.0513880610791188 67786.5582943117 67741.341820332 23.2886851240779 -13.2444762413755
249640 51907.4139924874 18923.2434639994 31139.6622685367 1859.53949400063 1.00083265709372 -0.0503723810426867 64639.4329243426 68772.7415372825 13.1096196568755 -13.0493849226473
249680 51795.1651284843 18768.072859634 31187.3927758308 1855.58581220194 0.992625828884516 -0.0529110930954303 67607.4223683913 70438.5607617119 648.414058640252 -13.4967130424889
249720 51883.9424615727 18909.1712529197 31115.9083896712 1868.86096472825 1.00008839100461 -0.0501266196070673 66701.4900166754 67047.299960695 -811.912078500974 -13.0276701329275
249760 52010.0637435969 18968.8726448879 31210.8394895924 1864.53240169883 1.0032459418161 -0.0514601895553443 68262.4314513137 68312.9861329923 -849.025033766558 -13.2837029247642
249800 51772.2876954569 18864.5737496449 31059.9539738658 1870.1071130629 0.997729670746789 -0.0514174114065151 67382.6463591838 68915.828269995 -703.673817118336 -13.2296799408328
249840 52010.1630185288 18922.7759414128 31255.4742132523 1857.01912609462 1.00080793026116 -0.052120482879278 67901.3517614958 69290.3707290099 -136.730124034777 -13.3770784625782
249880 51903.7208997248 18910.7724320778 31163.0480697431 1860.12978240136 1.00017307587348 -0.0525630161461582 67842.6163882517 70325.3810097307 -214.861939268609 -13.4529716107853
249920 52050.1033121603 18940.1337714052 31283.6908592075 1850.06082017719 1.00172596966311 -0.0515070112540092 67128.4551739363 68316.6851586142 328.756608910424 -13.2628463441619
249960 51914.9950309632 18869.2892050435 31172.7162628648 1900.87448636617 0.997979066774744 -0.0524293957242763 68369.8532749832 69766.4634684039 -414.541204904889 -13.4173985629216
250000 51892.414209349 18841.855948422 31221.6060068166 1858.01736395342 0.996528147477033 -0.0516937734416165 66853.054066714 69949.535398444 -640.629521269525 -13.2777752665681
250040 51733.5571191555 18791.9577477452 31107.9615174111 1859.64457295437 0.993889078288784 -0.0511805810735965 67407.4055746785 67952.0053573401 -236.954361644921 -13.1882067028513
250080 51949.779211031 18972.1583730603 31120.7771840573 1879.12341612223 1.00341972090759 -0.0511946776606661 67895.2684055073 67447.1965627345 -204.886745980933 -13.2278781607659
250120 51958.4079901061 18932.5501482296 31183.6795707043 1872.45016895362 1.00132487892263 -0.0514224128087011 67038.2185588234 68950.5704211801 -390.6059521543 -13.2564566858344
250160 51837.9098543517 18851.2105580489 31181.8286455668 1843.26846996285 0.997022904035379 -0.0523493217258095 69019.1154723699 68575.4637569649 -62.0428300859516 -13.3729570525052
250200 51975.1140861646 19049.6102885609 31106.5034152743 1847.76625450637 1.00751608031527 -0.0507380643729433 66831.5543551977 67792.5523055598 -400.900864753953 -13.1547953940725
250240 51815.0811864935 18863.9466420463 31128.9892639839 1845.93071024033 0.997696503612125 -0.0513167602050223 66833.164887581 68704.3624624106 -153.708643012162 -13.2343118681151
250280 51859.0578928579 18912.10078914 31118.7482810983 1860.55428089768 1.00024333143673 -0.0504514618142805 66842.2923018051 67540.0719343082 -799.794904238444 -13.0916622013214
250320 51891.0401731046 18825.8525475773 31234.7456711687 1857.60152497902 0.995681742566565 -0.0527747005870958 68426.028816531 70063.8237625463 -63.9634936830194 -13.4849322487106
250360 51866.4711575139 18916.9122814874 31120.1255619 1858.38867369993 1.00049780676914 -0.0515514652272173 67022.7099721767 69046.2873879321 -215.408858085184 -13.2974150078447
250400 51926.3248195313 18965.6412137901 31112.8549320981 1877.72478732259 1.00307503444613 -0.0523956038699488 68040.5809772124 69669.5725022275 -92.8898887062475 -13.424548166427
250440 52039.6739307534 19005.2625349793 31170.9894080645 1888.54392505832 1.00517056908525 -0.0501352902318379 65872.3533141559 67164.268182861 -96.7625562991711 -13.0456562638339
250480 51771.1155555727 18885.6526264147 31015.2764171805 1893.01398605556 0.998844512834309 -0.051796133771057 67466.7380506746 69535.4648213433 -614.48116226693 -13.3143051256305
250520 51915.8265293958 19029.5282080596 31033.7229411112 1885.60398410822 1.00645395785057 -0.0503238396138316 66314.0507046951 67492.8585965733 -480.475752694004 -13.1128520565736
250560 51908.356530243 18892.4524172736 31159.3123912308 1884.75389651244 0.999204147416293 -0.051787008556426 68314.7522335022 67819.6285891101 232.564193932518 -13.344130144495
250600 51960.3988287249 18948.1019427219 31163.5439813956 1876.02294239872 1.00214739879529 -0.0515413648429936 67325.1655081662 68440.8402180646 72.8773633712801 -13.2920928399455
250640 51906.1652687716 18957.545714402 31078.4217917337 1893.34714514296 1.00264687105127 -0.0526175512743595 68446.1721511635 69195.7378868239 446.285314382693 -13.5043295131649
250680 52038.1856041229 18956.2226938784 31198.8957328274 1904.44642240882 1.00257689773256 -0.0509210776933721 66753.8295019093 68005.6986931445 -171.129651415994 -13.201043986002
250720 51915.3839270563 18906.6045860832 31186.6070312486 1847.04756713233 0.999952642394988 -0.0508779688872165 66207.4450265686 68446.7461391882 -196.880585668981 -13.1474092175753
250760 52020.7935561302 18910.763224171 31253.7719937152 1869.590997824 1.0001725888759 -0.0506650868540849 65882.1206215253 68048.9878120336 90.4801301635724 -13.1154026744537
250800 52007.912035537 18968.4165952482 31178.8459261243 1873.19973720193 1.00322182177698 -0.0511063876243001 66764.3298512913 68034.8932786809 145.246029638857 -13.2238461714331
250840 51942.8014465211 18846.6185584912 31229.4568311031 1882.70541667069 0.996780037471436 -0.050237013189488 66388.5584417244 66813.4762110203 -46.0796746635552 -13.0345278076922
250880 52011.3113426367 18913.1754498648 31203.3352129869 1912.20718697572 1.00030016923786 -0.0517037286894611 67169.943528278 69241.5446201764 -223.576611944945 -13.3217594799758
250920 52042.0653554424 19023.8162998786 31115.7838733719 1919.48124650535 1.00615186036645 -0.0514727028729338 66748.0652032458 68809.6017981143 146.477361326519 -13.3178996880324
250960 51897.8030165601 18857.3618461895 31156.2489031553 1892.6649333147 0.997348239914825 -0.0523592432422863 68141.1465407895 69333.3004420587 67.8369233077801 -13.3764847595718
251000 51911.4774516043 18907.062509025 31097.6702555723 1914.49061998177 0.999976861511306 -0.0499929826878857 66717.4392781809 66363.6556854201 -443.248094827034 -12.9928758190476
251040 51933.2005870975 18897.4970471541 31148.0543832263 1907.21384676097 0.999470953174883 -0.0525779484569449 68483.2936608335 69118.5152190488 400.702280692057 -13.4616708922735
251080 52134.8539718742 19024.8262161721 31218.7888367319 1909.09022818254 1.00620527389513 -0.0506304765783175 66493.797375218 67897.5497825271 -423.244311741985 -13.122899269155
251120 52093.1970546045 18945.7758455259 31256.9642767149 1912.81388444367 1.00202437368906 -0.0517874723595459 67038.9401803006 68923.0360034153 414.358618805195 -13.3068024789579
251160 52001.372519246 18914.508063551 31192.8471398667 1907.93888533379 1.00037064992998 -0.0511287183190967 66984.195499585 68356.4011689371 -331.390885612208 -13.1856106495443
251200 51917.2560127139 18882.9639414606 31171.4818452 1876.80407759886 0.99870231080051 -0.0507373212463845 67652.4341626207 67061.1963336679 -514.409565594308 -13.1058590156435
251240 51921.9371999257 18918.2401239416 31161.1116315917 1864.34838489472 1.00056803511525 -0.0510653246682115 66578.0601226661 68485.3274274797 -199.688967638296 -13.1851996566843
251280 52030.9430042931 18963.6319498155 31167.84928914 1906.41378015363 1.0029687663528 -0.0523349957729714 68211.508932117 69603.8067534924 -285.882620726729 -13.449644578948
251320 51781.6956118982 18854.0569630019 31025.326126618 1920.9895171679 0.997173447732484 -0.0528863865188042 67765.8781926676 70440.3074129353 427.715359155629 -13.4979212879937
251360 51948.1681250743 18958.8026215286 31117.6157077595 1891.72149786661 1.00271334769423 -0.0522562452764862 68262.6294502568 68973.2095750593 118.53295555056 -13.4413489391033
251400 51794.5228500788 18870.5712656964 31081.4952764154 1862.10433932855 0.998046873764186 -0.0512878049142946 67575.592549085 67591.0954874957 160.34794198995 -13.2344279897208
251440 51927.0087526661 18928.8098841555 31144.1365561382 1873.90479726531 1.0011270598522 -0.0513599582851023 67307.2486666544 68100.3315445199 78.9422545553247 -13.2421301771777
251480 51981.666982095 18948.2210982714 31139.1359902952 1914.41217035885 1.00215370082091 -0.0517634012750079 66906.1072276602 69523.7197312815 -126.773925743069 -13.3154220499281
251520 51957.0005142086 18946.7275122974 31139.0370901953 1883.84514636736 1.00207470645497 -0.0512078483935452 66771.1402712572 68197.6831382199 180.732955238037 -13.2405610170045
251560 51979.3278012307 18946.623052073 31138.2596146823 1900.14120914737 1.00206918165136 -0.0518818118959985 68047.1206534221 68856.944263841 -326.480416707648 -13.3617843762084
251600 51824.6425078397 18855.734803037 31084.0372809655 1897.99956302631 0.997262187123467 -0.0510554910581811 66446.2626258174 68302.8048629188 72.6348410746111 -13.2032684218093
251640 51943.21586985 18978.544888878 31083.4371157563 1892.60876958124 1.00375749775899 -0.0513316917067478 67750.9327354014 67791.6065547977 -146.37573198256 -13.2417034641472
251680 51944.8752685349 18930.7403477185 31157.658895058 1874.65759620425 1.00122916026542 -0.0528546515561822 67949.0295440022 69810.5110196846 806.2035495382 -13.5098167498895
251720 51962.3766556901 18972.1809157533 31136.9113305995 1879.08271192008 1.00342091316955 -0.0505007238710797 65938.3883599688 67863.5231843168 -88.0580561060842 -13.1149289866235
251760 51971.1707716848 18970.9995770085 31126.1046911818 1890.19473440331 1.00335843326767 -0.0519596372546663 68539.995402856 68260.8144131665 -85.0752015355942 -13.3762348295844
251800 52020.3326914603 19012.2486173911 31155.2920240196 1872.63768048569 1.00554005645332 -0.0516460276166396 67223.4493116549 68173.8214114905 665.676990679727 -13.3193041739989
251840 51894.5309707659 18803.8058195671 31182.7644426858 1925.87101394519 0.994515711731697 -0.0513778075645618 67424.5856799718 68239.8414061731 -154.05367886817 -13.2521974888484
251880 51967.5778026694 18976.1799618069 31130.4694482018 1884.80859416429 1.00363241897696 -0.0512911836384824 67047.9808897814 68483.0160940429 -207.276890103927 -13.2415618958175
251920 51988.9697239821 18985.2104792278 31144.0766284322 1877.75673077654 1.0041100346015 -0.0516079578336797 67763.3990595026 68508.6227277749 -278.084171057523 -13.2695795425884
251960 51840.6577603335 18837.133174076 31135.6489684732 1884.81683409044 0.996278364356792 -0.0508644075616605 66179.583009138 68584.5457753727 -283.724632931569 -13.1768251010175
252000 51887.1754985207 18874.7745879694 31151.471479533 1881.48269617562 0.998269183549882 -0.0521491296120897 67962.8471647859 69035.8010868348 89.342340350398 -13.3826000608779
252040 51812.7795091094 18894.6975492018 31066.6622420158 1876.59165878302 0.999322890345195 -0.0522146090630196 68004.0916699271 68918.0907164209 373.789754248024 -13.4141639371894
252080 51868.2121448801 18906.9758422386 31125.8101837561 1863.66655919754 0.99997227778599 -0.0507518508452025 65124.9790474198 69398.7388956144 -313.735863895959 -13.1639228421112
252120 51901.5767844805 18912.508312525 31130.712785296 1879.9869419664 1.00026488496761 -0.050546002171411 66739.3775434764 67624.7959003848 -545.850840514335 -13.1193163216965
252160 51924.8089507069 19006.9213287969 31066.1706949362 1868.22795119186 1.0052583011396 -0.0509086152906912 65868.9039209861 68771.0560737646 -94.315163587509 -13.1788248541756
252200 51887.5112635266 18874.5016291965 31185.5316539421 1844.49019349873 0.998254747015549 -0.0507123397177843 67706.9666001041 66756.9205842127 -337.155930347376 -13.1116659673132
252240 51763.6994209138 18877.3927787906 31026.6108365825 1880.29875555391 0.998407657214894 -0.0493260538084496 64933.966337888 66379.326279325 -41.7440588145095 -12.8907890973491
252280 51767.3666665708 18914.9537314482 30998.2552870433 1882.20830771136 1.00039422088844 -0.0518324557460755 67992.8122764848 69272.4184194742 -816.692601349743 -13.2830772433261
252320 51819.5266476762 18986.8732693706 30960.7026126113 1892.71512728922 1.00419797801775 -0.0504626333744908 66937.6780588432 67550.4127100212 -878.938593120005 -13.1010622249537
252360 51902.1012543172 19034.4519404724 30998.746414071 1882.24628032275 1.00671436945511 -0.051072732549919 66835.7931199216 68424.4797866383 -382.120335471521 -13.167544062104
252400 51826.2279561737 18902.7822325939 31065.7830167166 1875.13387061507 0.999750481692127 -0.0498641708300989 65913.8879770418 67293.3510093289 -827.393618440363 -12.9642028088844
252440 51932.2481643253 18940.8314638173 31122.1103111699 1897.34514707271 1.00176286996257 -0.0507751518643392 66197.1196197732 67651.1053798369 411.486147382353 -13.1168525526505
252480 51931.3529316952 18886.4790496628 31135.5412891636 1928.02432809149 0.998888221587347 -0.0516208815525072 66552.4670116034 69583.3407074182 -149.482159191743 -13.2970830017352
252520 52009.1751511005 18909.166354336 31251.3757237998 1859.16280709566 1.0000881319231 -0.0513249428257426 66678.9396212615 68642.9398952939 119.325581191723 -13.2638791031845
252560 51904.7768759728 18898.5451601175 31157.3931322562 1860.19855052434 0.999526386889726 -0.0510377631873191 67479.7869682638 67332.7275566541 -14.4938967875678 -13.2118032719475
252600 52043.1993187764 18898.6038770109 31282.33942224 1884.74441988908 0.999529492371328 -0.0506655194173291 67491.9172654307 66726.6748597368 -187.875751362246 -13.1004876343682
252640 52047.0695109787 18875.2495541265 31302.9913330001 1884.94194806729 0.998294304065925 -0.0524515336187449 67977.1502169036 69170.999384818 578.860792331351 -13.4404274665088
252680 52108.3437182589 18975.508921879 31272.8642133658 1872.41840774924 1.00359692830247 -0.0518082837028108 67895.116826175 68569.410925415 -63.6152115136503 -13.3409459914633
252720 52000.1320711987 18942.2309300262 31224.0373726256 1853.567281824 1.00183688642212 -0.0518779348485309 66949.9474506678 69377.4661307977 244.720319790071 -13.3175579840346
252760 51939.2857070137 18962.2817268937 31116.9382622434 1873.18257726162 1.00289735432467 -0.0521743145641592 66434.663508298 70420.948463054 297.908388020284 -13.4041637140239
252800 51937.4997441274 18905.5154910749 31164.0316092441 1877.85816573675 0.999895041178099 -0.0519018579859317 68080.1777849217 68477.116184033 76.6351224626834 -13.3537976614137
252840 51974.1643431955 18889.5369503981 31250.7334304682 1848.49807047451 0.999049951098668 -0.0530395614455959 68514.456155576 70355.1357408137 73.0136837906331 -13.4969088918217
252880 51860.288524981 18907.0750275707 31133.862148843 1844.75234539098 0.999977523605483 -0.0508551920770242 67003.9578104936 68368.260984787 -941.5660572204 -13.1410200216195
252920 51989.8368237068 18951.4884624928 31175.2320182154 1880.54219666547 1.0023265086602 -0.0528817771175117 68018.9625441937 70316.2694922634 263.794305517906 -13.5023428557039
252960 51925.9096556627 18938.4436335237 31148.8024502838 1850.13232933001 1.00163657985052 -0.051965486080881 68446.3304460672 68440.0197868133 -178.721662950188 -13.3429721045977
253000 51880.2385838387 18844.1715663798 31221.7158832159 1834.94142902202 0.996650618346151 -0.050150605360596 65827.5015027627 67925.6666415669 -777.116641130253 -13.0333583370022
253040 51952.7254174557 18957.9090136388 31151.8599455367 1867.48500510186 1.00266608560829 -0.050525772838598 65663.060590428 68572.2707678637 -460.591582572158 -13.1175001419213
253080 51901.4554453256 19010.8522234051 31057.3872700771 1867.62592777296 1.00546620248077 -0.0515839722537982 66814.3627294869 69533.0471564374 -344.681719797182 -13.2993607913707
253120 51903.929919817 18946.3149035821 31127.2151494404 1869.91051910754 1.00205288396573 -0.0509650224038357 67204.2317141495 67414.64178044 57.4414511089755 -13.1702663437914
253160 51834.1730483762 18947.2222048151 31015.3850469784 1888.47396052947 1.00210087027979 -0.0520602182266102 67818.7503843363 68995.9251166764 95.3571984770129 -13.3241908862356
253200 52035.4042675633 19038.7388875429 31141.836546966 1873.45466151666 1.00694110207817 -0.050413112232299 65652.76102139 68461.0025620771 -599.008824766718 -13.10156051804
253240 51872.1046637116 18934.1272583413 31089.9962042672 1864.67016357223 1.00140829080213 -0.0529490315554271 68434.4271400421 70234.0092327287 100.97524573324 -13.5395296238903
253280 51719.8136312047 18852.5851490211 31017.5153284682 1864.6931725318 0.997095604866911 -0.0508930218265483 66900.4211596169 67703.5462516494 -109.343870761242 -13.138940122851
253320 51633.186537851 18781.7790317236 30991.8986395942 1870.56545513664 0.99335073551361 -0.0518759824324339 66391.4899875648 69930.455700908 235.979034812666 -13.3301313363755
253360 51807.5156787214 18938.1651061293 30982.2715091335 1897.9272287517 1.001621848797 -0.0509729167699809 66709.724108931 68383.8518012168 -422.690581378968 -13.15785154046
253400 51846.9031170258 18960.0289404876 31048.6094196278 1849.99395119757 1.00277820655759 -0.0520936486316939 68037.3151140706 69223.0875129214 -282.522857116821 -13.3395408912811
253440 51857.608788752 18906.4638131027 31066.0068090398 1899.90638064809 0.999945197043642 -0.0508369860091726 66384.1139980991 67921.922589812 76.4420577380112 -13.133838873385
253480 51833.372829406 18810.8744769715 31109.2715719536 1926.64954305904 0.994889566413934 -0.052166605272429 68511.8638708776 68600.8210458908 18.3470176851537 -13.3804199158665
253520 51930.5855947358 18894.1771795665 31158.6834159731 1900.58035373785 0.999295368481634 -0.051923740703626 67300.1574629842 68809.9861150744 513.198230073401 -13.3051763984619
253560 52020.3676525236 18958.1096995173 31205.594946704 1883.69065127743 1.0026766996968 -0.051499083329927 67144.8171093361 68736.0870670164 -98.277720743092 -13.2109558371142
253600 51912.7054169836 18890.8694260313 31113.6198810883 1929.27948555677 0.999120424489294 -0.0517569566148684 68132.1564056905 67835.3471779733 359.413581949342 -13.2684803385138
253640 51837.7178677896 18914.2145903511 31076.7463658753 1881.62865482488 1.00035512840678 -0.0502516570413878 66521.3496884885 66944.5386340841 -268.022132095484 -12.9851406602727
253680 51833.0500714126 18819.5577256696 31166.8332861111 1879.50948659002 0.995348815320354 -0.0511628063259283 67472.5377809404 68394.8113464021 -806.281844255527 -13.1546976980203
253720 51978.7766162406 18914.5431638625 31203.4910654483 1890.73400459119 1.00037250635264 -0.0509694293588811 66293.6015358516 68512.1885944992 -124.905631623777 -13.1502103987872
253760 52013.5675762598 19026.5320123076 31129.8693656314 1878.99265022766 1.00629549185813 -0.0509068470448728 66902.0577371736 68030.968502803 -367.25410777301 -13.1694526798476
253800 52020.0814574369 18983.0534470603 31165.3601363325 1888.07537086084 1.00399595118658 -0.0505375642759579 66485.0540338564 67200.4261584855 93.5480485666803 -13.0912295275722
253840 51979.4602138187 18940.3421581256 31163.9619083127 1894.15373432032 1.00173699104195 -0.0508860923851396 66822.8638639732 67585.4143652626 75.7413465610904 -13.1338680416373
253880 51814.7924054701 18845.1511382377 31134.576644867 1854.35386542929 0.996702426985995 -0.0500141989237676 66184.6890997944 66751.6068922635 -197.991263032307 -13.0057563119271
253920 51891.7097118388 18837.7063353617 31200.920961143 1877.20659392264 0.996308678321389 -0.0508550024134145 66713.080645041 68116.9248441557 -402.221000655703 -13.1125197886767
253960 51880.9507402407 18866.2465199696 31143.571352858 1887.77914924403 0.99781814200553 -0.0506684107484611 66522.1402213889 67386.674949754 135.888127372157 -13.1082769674069
254000 51915.3503999817 18990.2837449635 31033.2409533041 1902.15301367334 1.0043783548837 -0.0502428265359585 66418.4758959255 67067.7175274265 -324.240007563164 -13.053447213986
254040 51884.3990437717 18886.6988598281 31118.2101274076 1894.26245006627 0.998899847141512 -0.0503492467615561 66300.7827841201 67341.4012905818 -255.386529381831 -13.0244253200256
254080 51971.1181293699 19001.7714766138 31077.6368333084 1906.95772884357 1.00498593027179 -0.0504645180027203 65930.8667582201 68162.8918293251 -480.986297094948 -13.0831889581301
254120 51884.6782800106 18938.9068602311 31076.3272761087 1893.25753599904 1.00166107947804 -0.0514156821174301 67178.7119589102 68931.6247407212 -520.755756751829 -13.2452129080176
254160 51929.4814963364 18899.6813490516 31164.4817812363 1895.71710901363 0.999586478860326 -0.0524705685965044 68358.0644765408 68553.5412625209 850.747232062269 -13.4058434013713
254200 51837.5312521866 18876.5246567659 31114.9275555416 1872.16267888726 0.998361743052543 -0.052406384276288 67619.4275761346 69838.1564638973 199.124803011472 -13.4031372080155
254240 51946.7208200255 18972.819813247 31153.1874019266 1850.85874644314 1.00345470386074 -0.0515152589566127 67165.2059471166 68758.0240732594 -134.173024881523 -13.2664129530056
254280 51876.7154582282 18882.1515356264 31174.1583550791 1841.4819458349 0.998659343415388 -0.0523441084736569 68120.3473641219 68997.8412752765 387.651000521657 -13.4156402132187
254320 51748.7093679269 18884.6128913294 31075.5769815987 1820.23826651273 0.998789522217608 -0.0501595801538427 66777.4467658415 66438.2215327911 -214.428880049402 -13.0446836958623
254360 51923.085321768 18938.9975301387 31161.7509908877 1842.04361617387 1.00166587492469 -0.0515351730573276 66614.6207370906 69347.0532041237 -118.767308039627 -13.2718106624507
254400 51887.2389166877 18912.3712526644 31128.3161344786 1870.55506203845 1.0002576359997 -0.0524195820593294 69304.190791276 68048.717909067 297.752596428592 -13.405374579697
254440 51806.8580889764 18844.6150907792 31093.3234432681 1884.72701206818 0.996674075937021 -0.0513790383760941 67411.4269290081 67930.9693093706 178.130154043298 -13.2250165085448
254480 51930.238937778 18961.9348647077 31124.3030098009 1860.85219865839 1.0028790091079 -0.0496976406420978 66155.1349706355 67119.2276843715 -1258.08441741192 -12.9566100483821
254520 51909.906054994 18898.1384645339 31169.7966574048 1867.01379544663 0.999504877140492 -0.0503839293290413 66352.6729916219 67766.4077566481 -659.888478312484 -13.0638754955386
254560 51864.9607193137 18888.5247534386 31131.4470062329 1869.7697248424 0.998996416947697 -0.0512050740628943 67152.3027837791 67684.5921600884 344.210242010415 -13.2112681191704
254600 52041.9662627157 19024.1624591818 31105.1478229296 1924.32034049813 1.0061701684084 -0.0514081449330055 68036.3031694229 67937.8241610496 -413.487079230195 -13.2921173261004
254640 51853.9024937427 18808.5456983523 31159.6227362689 1900.87371413081 0.994766399489741 -0.0526766106509177 68331.6555800553 70044.7927686331 -200.769614295326 -13.4789345347113
254680 51924.198266902 18942.2404863481 31108.2367519822 1890.5281416556 1.00183739184705 -0.0507078104270294 66898.8152776298 67599.6047667668 -367.453093364972 -13.1657802774293
254720 51995.2601244196 18961.9886147652 31167.0958854384 1895.39546441652 1.0028818518982 -0.0500194168243881 65622.5137354722 67401.1731358092 -302.62245927009 -13.0239535902747
254760 51874.0029946482 18896.3007480401 31105.817071997 1901.8595050446 0.999407682033062 -0.0518908298393172 67643.4328658989 68995.3827930345 -36.1715050640763 -13.3360378412116
254800 51918.0851856461 19021.499776789 31010.9174238558 1917.79243238785 1.00602934162576 -0.0502087676275409 65308.5564128888 68283.977665071 -505.1975520752 -13.068339862347
254840 51842.2649161001 18883.7148331825 31066.9288600553 1913.47837326326 0.998742024761737 -0.0521887379878583 67457.4828322128 69518.0807930092 201.811393087505 -13.3506140488993
254880 51695.1339423932 18802.7640314241 31028.2011919673 1888.67930350434 0.994460612530694 -0.0513013326740423 67183.6282401439 68111.2291683125 37.0213684379215 -13.2314825540165
254920 51810.7267905445 18821.6475228668 31094.7122889218 1923.22311911914 0.99545934274054 -0.0512281839303952 66779.2204168706 68658.1888242072 -222.104065655486 -13.1755190080109
254960 51904.2094496051 18982.2399860626 31053.7831295771 1880.5075391415 1.00395292799485 -0.0514507749055924 66904.9060486567 68844.1234072234 -57.2112356137184 -13.260382454826
255000 51893.7473347193 18857.2399353631 31175.6159811243 1878.2437640819 0.997341792165178 -0.0506581642154647 66673.996269045 67697.9844831088 -359.821869792354 -13.0679287767037
255040 51911.4883079648 18915.5283175597 31123.1165662228 1901.47468407962 1.00042461021075 -0.0516518444703641 66852.0335450704 69245.6325260046 15.8558391881153 -13.2561693773128
255080 51818.4297575858 18832.8751368724 31147.8524602585 1872.61398475947 0.996053160749563 -0.051327017158867 67152.1631466762 68436.0234051358 -163.046020836443 -13.21191205714
255120 51920.9316909199 18913.5321493328 31153.5484607787 1874.13948984598 1.00031903473927 -0.0514987911935819 67313.1561813269 68381.3900786373 131.593978480695 -13.2688770342646
255160 51727.7051771447 18867.4858087196 31004.5693301075 1880.31485449544 0.997883686829013 -0.0503527971585639 66127.521920241 67567.0765032424 -295.436663843213 -13.0658474159254
255200 51931.2252064117 19031.5644660395 31077.2005669161 1854.30009737765 1.0065616536316 -0.0515876282314756 67309.2306827099 69576.5193328019 -947.029124907923 -13.3153948548565
255240 51864.6178233085 18814.4634640582 31195.4073426369 1871.79189298388 0.995079384585917 -0.0524367028887302 68140.5504765343 69115.195792181 426.746805471469 -13.4214439741706
255280 51956.7655877893 18981.1848327948 31132.7643892763 1864.6107784877 1.00389712192489 -0.0518663297010067 68559.9634861159 68355.0454897168 -374.223708545267 -13.3246890693895
255320 51762.9085112568 18796.5786275136 31137.3553739129 1853.5969871695 0.994133472300071 -0.0517460747081926 67462.746236029 68476.9427441287 342.451110555944 -13.2878560798622
255360 51925.4618311641 18982.7188714081 31087.7358018677 1883.17497954967 1.0039782557931 -0.0509324812774116 65997.5926336248 68777.8696597578 -204.510085390559 -13.1648129710004
255400 51802.0083836941 18856.3837087801 31099.1385468839 1874.63813038083 0.997296507141616 -0.0519251891624739 67808.2227398905 68681.7976875684 153.645566128261 -13.3444126354148
255440 51817.3625147022 18859.6810823424 31102.1396184565 1875.97495686646 0.997470902146892 -0.0522302652894832 66867.0432804132 70491.6352472548 -59.2697694653128 -13.400273016856
255480 51777.3280946759 18916.5455174805 31034.4363983906 1853.61753925586 1.00047840896367 -0.0518122110510583 67994.4177938839 69003.8683683468 -600.224257063297 -13.2914173181446
255520 51759.8791412807 18856.9746363826 31084.9510441795 1849.55701715886 0.997327760750106 -0.0507581236675621 66739.0245569872 68300.5371988058 -799.513605040994 -13.1182410513791
255560 52041.8290037947 18981.7076714901 31195.0444734492 1902.89636737222 1.00392477437472 -0.0530893864289718 69135.3268104532 69843.6482667418 102.553054675164 -13.5474032152498
255600 51922.0566022437 18926.3762315386 31136.5715274884 1889.15548364799 1.00099834624031 -0.0513216681911033 67091.9107716052 68699.3772562069 -364.305952800403 -13.2250908419782
255640 51938.688090662 18874.1936850675 31238.8124453366 1859.46149738326 0.998238460138438 -0.0513889376432455 67424.5319023556 68348.3352516721 -260.807118607769 -13.2024271013306
255680 52019.8283329927 18894.8285999043 31326.575284928 1817.37608322512 0.999329821494343 -0.0518687910749187 66794.4342744059 69588.7786440401 132.519213655035 -13.3639375137839
255720 51765.4014311724 18790.0911302918 31156.0232071264 1852.95897541773 0.993790354636614 -0.0509423568810463 66575.0679904756 67965.8725158168 86.1178829730148 -13.1905535127051
255760 51727.3993874634 18840.4346692687 31026.828273676 1897.18076574147 0.996452977351246 -0.0503549609789581 65773.2320385915 68422.10650262 -777.336011696019 -13.105347789879
255800 51858.9681348717 18974.0989893966 31097.9511577287 1822.81222404504 1.0035223582915 -0.0509933757180863 66304.8115856378 68686.5493069581 -289.010306267211 -13.2333918931745
255840 51744.2133788278 18776.2064626469 31184.0159157416 1816.54697782971 0.993056007544463 -0.0518853207038294 66656.3364923064 69358.23495618 567.407231986643 -13.3456570614391
255880 51814.312223134 18865.2337342516 31120.6201737695 1847.35801004827 0.997764576715671 -0.0513955422396581 67678.5896158206 67791.4349852514 62.3768100141317 -13.2641129235716
255920 51868.6718144494 18873.1683034233 31149.44953727 1864.30249174158 0.998184228661817 -0.0511195613352337 65877.7186170132 69345.0643601533 -250.340621972769 -13.2151715323175
255960 51999.8109951599 18992.7051111513 31154.407611419 1867.66906863573 1.00450641867784 -0.0512871547886069 66602.3729033933 68465.4802938556 249.335734338549 -13.2467373557437
256000 51956.0579936449 18978.2881876445 31115.0700867621 1885.51240462528 1.00374392107071 -0.0507021200043534 66537.2161377396 67755.5008277198 -169.120167965971 -13.1242783674624
256040 52045.9119202032 19071.7000640668 31128.409559178 1875.85189999166 1.00868438789194 -0.0518130238071323 67646.2402418541 68499.7142333068 233.29121399909 -13.3383759957437
256080 51868.5155822312 18865.0924523483 31120.7495944062 1901.23587999043 0.997757104447883 -0.0515831429266744 68151.8099326173 67342.1857834575 428.658340114926 -13.2898182988167
256120 51948.0718923878 18928.0423252282 31172.5953399812 1866.96224360684 1.00108646437806 -0.0515507871847943 67769.4387085284 67393.1944106837 734.730988213729 -13.3123278771101
256160 51862.523770529 18899.0786731923 31113.5492773742 1876.94031654591 0.999554603897514 -0.052161798610538 67156.7946146679 69410.1107057746 573.522128236818 -13.3922330502245
256200 51919.5442309471 18824.259321796 31207.6989646757 1911.55127518875 0.995597478344361 -0.0504461300214987 66043.0829381691 67630.901612037 -100.050246586877 -13.0636571902292
256240 52075.0235745606 18923.7091195464 31298.9457841928 1873.96755284527 1.00085728518029 -0.0515552598928078 66842.195719195 68834.3760496214 224.872650663189 -13.2638803368522
256280 52050.9332899512 18965.7549281286 31241.7045170534 1866.96187206936 1.00308104869118 -0.0509136243900597 67547.6798145121 67064.6093959925 -51.7947731288249 -13.1773075972209
256320 51849.4123910656 18855.8257830067 31123.9345985513 1891.96167326834 0.997266998969018 -0.0516967535047731 67747.7965871918 68261.8826268919 155.390534831902 -13.2738704438489
256360 51844.554234497 18921.6044019321 31036.3336716781 1912.73927640936 1.00074596863319 -0.0523618590215923 67307.7952641574 69972.76868047 250.738794173096 -13.4175399514241
256400 51757.1587275774 18904.1771120453 31004.71700691 1867.46746542773 0.99982425556236 -0.051414517340083 65514.3838273088 69994.2088287579 80.2961312258825 -13.2154440914513
256440 51949.5384435287 18931.1571045856 31107.5224147664 1923.64948431672 1.00125120214654 -0.051054085130754 66838.1561781527 68019.8336976769 -24.2616740966502 -13.196249494047
256480 51859.7508436597 18907.7083548249 31095.8115455446 1874.94835919098 1.00001101969192 -0.0524006539850801 68485.9985247829 68826.9173416152 287.443796244497 -13.4197833655674
256520 51733.0695468032 18798.4957007317 31031.2361144722 1920.32584583469 0.994234864510471 -0.0507469266403132 66158.2380315162 68162.8040181476 -127.64396251036 -13.1340589669986
256560 51726.5020964273 18745.3253672439 31086.0929195702 1914.92304164871 0.991422735276683 -0.051668394127685 67743.1319452691 68527.4097299153 -106.606782865653 -13.2823330045137
256600 51759.850449536 18836.7909396298 31059.5156100092 1884.62244696794 0.996260263896856 -0.0517746570853862 67573.3531298074 68879.9301960945 -136.60528149436 -13.2793330614059
256640 51893.4862351449 18944.5643872033 31104.9199538476 1858.28200263192 1.00196030079087 -0.0520556195474161 68004.3863375616 68911.4113553533 10.3596100135625 -13.3890023013285
256680 51672.0074063082 18787.1538602613 31031.1469423391 1875.20760986282 0.993635005170505 -0.05167021626687 66930.6700339762 69493.447922004 -297.789473088745 -13.2933471988263
256720 51867.4704277548 18954.9452986877 31060.6427160967 1877.97962147131 1.00250933749505 -0.0513881848836704 66976.3064862097 69046.4304751918 -513.901382580001 -13.2640592038453
256760 51759.8321205331 18829.1151417238 31090.8954252626 1855.41915502884 0.99585429812105 -0.0511309947702777 66945.1247778927 68138.5387079452 -81.4304230533086 -13.1987276233394
256800 51879.1551533164 18937.5270512118 31077.5628687266 1886.51329826822 1.00158810266888 -0.0518832814446553 67470.7098382419 68748.7098446176 342.335581491753 -13.3679963296804
256840 51936.1480253768 18970.0876235374 31127.7596428202 1875.47506993286 1.00331020090109 -0.0511410418594528 66829.8899778308 68290.6776720678 -104.111988472916 -13.2195224395624
256880 51773.1211802502 18814.7086537296 31123.8794002606 1866.91382796205 0.995092352438432 -0.0509685365163652 65691.4880422491 68970.2185049569 3.55468322375313 -13.2039721367504
256920 51904.3635887199 18978.7064067068 31066.1161646082 1878.18966028342 1.00376604028596 -0.0501352216795089 66339.3038330286 67323.0066940457 -724.808159275697 -13.0832181586509
256960 51800.3893051552 18908.1387933758 31039.639882129 1873.33556840405 1.00003378518449 -0.0509398856469896 66869.5908878238 67384.444518707 373.387753324114 -13.1401209502857
257000 51794.3726511562 18840.8622412611 31093.8119601134 1871.26872281471 0.996475591234226 -0.0521515576587052 67336.2851178184 69802.8726231737 -15.914576493867 -13.3688140380117
257040 51969.0485403568 18916.7762055866 31137.8622853348 1925.29373542619 1.00049060984195 -0.051749793934491 67519.5127979208 69304.2906646903 -549.055759031791 -13.3077106529005
257080 52170.1789582539 19068.3784263901 31190.7701467837 1919.69222393796 1.00850870958033 -0.0512226942271112 67370.2006525932 68121.5140536198 -298.186018098826 -13.2816316950269
257120 52002.318280188 18994.3543401164 31098.2447808943 1913.35441490731 1.00459364485608 -0.0529116758738013 70157.6140975364 68398.6205729455 133.95624706429 -13.5322478619851
257160 51808.709833577 18907.1154313928 30994.7507069027 1915.81080037122 0.999979660525863 -0.0506986921862261 65507.8772547032 68825.6961554569 -227.556126504901 -13.1228904394665
257200 51849.2026872057 18895.1391359235 31080.3222658824 1885.3993217799 0.999346245454105 -0.0519356987052971 67738.3964551642 68847.1415646861 62.5712675335031 -13.331452322873
257240 51934.5220169409 18905.5132631451 31149.0637092477 1884.34731220741 0.999894923344975 -0.0522278621692788 67710.0464536926 69515.8331552807 54.2766761861736 -13.3926673815063
257280 51968.96094747 18931.3959580066 31118.3576412221 1937.22810753874 1.00126383488069 -0.0512391283063441 66290.5732163797 68752.6597393248 192.130889560361 -13.2257690305489
257320 51940.4774885749 19009.5103553633 31048.624853984 1895.6270954309 1.00539523233443 -0.0501960168668531 65777.4320126849 67364.7014013883 -81.6555680923905 -13.0281057991519
257360 52006.0864716542 18953.8888830314 31225.6996735315 1833.87415232445 1.00245346465854 -0.0510037522253722 66727.5711800387 68400.3235252193 -392.408508697336 -13.1693640102237
257400 51763.7983701699 18759.1469246485 31125.8371061981 1886.2151591695 0.992153744527223 -0.0504224330637471 65259.5865804908 68503.3083276172 -243.379016806355 -13.0535171900259
257440 51850.3554466061 18799.7072728317 31160.0286278427 1898.33632379145 0.994298943426246 -0.0510576748812722 65801.9173915972 69420.0106995996 -384.826521553858 -13.153209926735
257480 51857.1751857549 18932.7218342612 31035.100340832 1899.15184034956 1.00133395923635 -0.0494266821082456 64170.0833645647 67557.3580872343 -237.323587713567 -12.9123611830929
257520 51760.6587415555 18854.9415665985 31037.7460986283 1875.62435173377 0.997220233589767 -0.0515721490519684 67997.0115969607 68240.3077877354 -338.66994997728 -13.2767692752867
257560 51868.4109935484 18933.3865828662 31085.3889649673 1874.48186653512 1.00136911716865 -0.0514324633120777 67493.8658866526 68472.6504855546 -363.100421059197 -13.2624425911206
257600 51891.5228168183 18875.9996387594 31154.6320933088 1881.70950727058 0.998333975340973 -0.0522497556066834 67351.5140492452 69813.446185757 141.428836756239 -13.3768189405168
257640 51965.2758581665 18925.4902859378 31162.2182981674 1894.42303250686 1.00095148940568 -0.0510824898464234 66768.2443346659 67913.0367633134 205.721337048769 -13.1997507523155
257680 51974.3924630903 19002.1662615634 31082.9947177896 1904.13161634124 1.00500681007872 -0.0505709572767998 66561.7600578113 68002.3743339578 -712.98613877706 -13.1125697261158
257720 51942.502587021 18916.1173662447 31155.6416802491 1885.64271580054 1.00045576444504 -0.0515324300255212 67495.5123971096 68420.2810368806 -95.9094906079453 -13.2688637539343
257760 51891.0894916961 18801.2779945118 31223.3624604958 1877.93071658009 0.994382017427569 -0.0511292907985998 66081.5230722645 68139.5854850199 766.686114690366 -13.1745672961998
257800 51806.8737655377 18882.731372132 31059.9934301232 1870.23027329624 0.998690010426129 -0.0517158363208826 66765.7318767674 69319.1596653732 141.526310821029 -13.2931831891918
257840 52103.0526504814 19014.670351168 31192.2803262423 1906.49063968763 1.00566813968891 -0.0522007548812173 67846.7815295906 69214.4059414466 151.587009283309 -13.4170347983235
257880 51979.5886520327 19018.4056474774 31118.3822244409 1864.40931603784 1.0058656960189 -0.0517515178545606 67559.5332200907 69287.5796575801 -569.274318278385 -13.3150192267654
257920 52012.9488482196 18897.8721538988 31263.3134901345 1867.10675901072 0.999490792219957 -0.0525792924774316 68831.9076933665 68804.8108125571 339.419621526446 -13.4008338120388
257960 51865.4814449648 18839.730662295 31130.8009528004 1904.56544531949 0.996415743080521 -0.0513855710720151 66832.6881670292 68683.1399410073 14.0042537532664 -13.2222038124363
258000 51836.6018749058 18891.5205367352 31039.4711381711 1916.25899836666 0.999154861125755 -0.0523909599593029 67835.612037896 69945.3302375429 -192.928497350737 -13.4023165910937
258040 51889.0831560439 18934.416822189 31089.1853214296 1872.81892256807 1.00142360556335 -0.0515888501155403 68266.4557814046 68118.8305983967 -448.530194893568 -13.2666805085472
258080 52025.1725303481 18986.7297211309 31151.2210744385 1903.60687502316 1.00419038588554 -0.0513380165686361 66489.0970828982 68795.234014883 144.420124532711 -13.2355631142137
258120 52107.405063517 18992.8458191244 31225.9498215434 1905.78755646087 1.004513860591 -0.0516687886157268 67715.001317915 68475.2433242814 -101.524190360313 -13.2995427772847
258160 52012.2136946477 18975.6374420405 31174.5110365525 1877.80054270863 1.00360372561367 -0.0511733933483144 66798.9483552008 68210.1516670807 75.1510359158173 -13.2473264014992
258200 51980.4195225674 19038.5670336057 31039.5382558922 1920.03377843818 1.00693201288408 -0.0513560982405066 67113.6646734234 68440.6248516726 -80.7226456833502 -13.2601808330771
258240 52009.4884294249 18950.9328831558 31166.2594527628 1902.05986086672 1.00229712458843 -0.0507377582033607 66606.9474276562 68331.2739907872 -688.25558681469 -13.1393890582614
258280 51559.1324006266 18755.8238306219 30945.9863546962 1877.66337945462 0.991977989190635 -0.0509277605225207 66792.705231264 67820.8078651273 -39.2847056862831 -13.1614714979962
258320 51965.4342482428 18983.6374990793 31107.6753769432 1888.10070956461 1.00402684115189 -0.0509659468947115 67014.3639892098 67862.9601019963 -209.767576335936 -13.1907545237208
258360 51996.744782099 18965.1789949621 31108.4954909302 1934.56844884991 1.0030505881244 -0.0508879200461929 66924.6566206226 68193.4066469116 -630.052328406125 -13.1377384470735
258400 51885.2010706504 18924.7289101894 31072.3000484502 1904.92431981768 1.00091122095409 -0.0511026717611039 65605.0507630826 69026.4757070928 328.263350474582 -13.1833447153798
258440 51960.6545441565 18956.1051395957 31123.9785286638 1896.78717173221 1.00257068039644 -0.0512085501830142 66835.5246277457 68508.3031917973 -171.085982487583 -13.1969010343514
258480 51849.3133893053 18808.0937685901 31143.6452613781 1913.5874482587 0.99474249734709 -0.0526163724539938 68980.0831334246 69244.4559509734 -171.109127503464 -13.4204154333442
258520 51875.4064402052 18895.87280279 31078.0419582298 1919.7017235096 0.999385048408831 -0.0513791221254594 67004.2991533974 68947.6537019045 -440.619590384333 -13.2272507417992
258560 51857.1461860571 18912.405842474 31059.7738354603 1909.82501825714 1.0002594654224 -0.0510906343256112 66755.7174539003 67925.7345816126 235.582136620398 -13.1836132722646
258600 51934.2448473649 18944.9378934944 31101.4730902179 1908.89158702078 1.00198005518944 -0.0527772489516526 68024.4892058552 70153.4384163401 251.118069383919 -13.4836427077102
258640 51819.5498964381 18864.3397778927 31061.991139021 1918.84626745198 0.997717296199534 -0.0512196509949611 67472.1210822819 67900.2656321463 -180.398672107761 -13.1965048964482
258680 51899.2268938057 18892.1625632383 31081.6544519001 1942.43263386399 0.99918881730733 -0.0521093257627097 67479.2959573359 69319.3471595649 243.624907216102 -13.3574749771507
258720 51900.9900342155 18983.6238564392 31002.7725640456 1925.10836067534 1.0040261196054 -0.0515562443393804 67373.5654721543 68229.992163726 329.183857654171 -13.2939503765905
258760 51903.6303865312 18881.666107919 31181.1045471327 1861.75963006742 0.998633669597728 -0.0502722080856514 67616.5911459149 65916.3020174952 -319.15416758147 -13.0304853707874
258800 51750.0862302496 18790.2430584021 31072.2996334228 1898.2484215833 0.993798389972342 -0.0517869503608021 67231.8900195438 69122.8020152204 10.2482932407408 -13.3104808127231
258840 51872.0637236532 18903.2421951957 31065.5013983423 1920.02044084343 0.999774808684158 -0.0504882859446361 66021.629508796 67286.6517298731 351.602315640891 -13.118988811107
258880 51834.1833298765 18847.6289831507 31123.2919237752 1880.15319147588 0.996833477887119 -0.0520356499670652 67641.7775676351 68771.8188131679 450.111016600347 -13.370185603601
258920 51909.4986493983 18860.0721576644 31114.9704087086 1943.9320333134 0.997491585755094 -0.0513413091241507 67150.0406724752 67983.9751430399 283.983705484821 -13.2404565544539
258960 51965.3821163409 18980.9810427462 31063.1828276862 1938.33632768589 1.00388634365972 -0.0513613577294272 68080.4076081051 67650.8183932984 -265.655238152919 -13.2543325534305
259000 51768.2549598568 18902.2868234197 30960.428985007 1918.10605720401 0.999724279964019 -0.0505446911970361 67137.7559518718 66957.4520243365 -294.285858555215 -13.1312231810006
259040 51942.940837661 18850.5501992032 31159.4269737716 1947.62698123613 0.996987978273341 -0.0501890593108563 65306.0421744745 67991.3460721132 -238.828664000132 -13.0155992233877
259080 51989.39558584 18841.8217501693 31203.1953229615 1955.48387538633 0.996526338763417 -0.0518701854324467 68060.1044641552 68912.9098831996 -448.151292783426 -13.3265878587299
259120 51974.5078642072 18955.3119084794 31110.743648488 1921.91596076979 1.00252872714422 -0.0514290162181843 67466.3766098035 68352.8389539072 -212.547692715452 -13.2573363124315
259160 51948.740504748 18921.3131806043 31153.0791887051 1886.91357943536 1.00073056620941 -0.051296623754406 66454.7485138469 68739.2848885266 152.783006562093 -13.2230834751534
259200 52086.9054473267 18997.5052434405 31188.6166350679 1910.22169893559 1.00476029318739 -0.0516395010474935 67654.5223285811 68463.6056943721 -84.2142027166681 -13.3097229742198
259240 51892.1713798977 18876.2209628408 31074.6626732556 1962.35532722739 0.998345680964741 -0.051344446747709 66658.6282904894 68933.7006221393 -150.5869218545 -13.2304717011471
259280 51752.975584274 18842.3239135682 31016.2779480447 1912.95894378035 0.996552897716157 -0.0526637920424409 67870.2848539517 70085.5240615031 217.029585205595 -13.4597636176545
259320 51985.4973781087 19009.5509397949 31092.0888786739 1894.92429315454 1.00539737880708 -0.0510148209001877 65478.2124256176 68874.4814330681 408.916070820623 -13.220448480204
259360 51850.8264140296 18814.9146943394 31121.4724008717 1923.82912047907 0.995103249733674 -0.0517094327322129 67098.9033317318 68874.8219470109 218.154803473678 -13.2781696787883
259400 51926.7210516 18894.4522293132 31135.7705239299 1914.84880352705 0.999309915605615 -0.0507192024171939 66543.3411944259 68359.1866849818 -708.970584576593 -13.1390906064995
259440 51859.6281958117 18927.8661815381 31028.9763756936 1926.95096617422 1.00107714830295 -0.0505529011785315 66329.4984638827 67722.800144435 -265.027514445925 -13.0909560698805
259480 51860.4058540564 18788.6581037755 31182.1946643961 1909.65792993949 0.99371456320378 -0.0519418180142358 68384.755550759 68381.7563365521 -92.5438111897824 -13.3121558648134
259520 51987.9482770591 18933.0557596197 31183.4614994853 1891.66842358329 1.0013516202364 -0.0517292570383081 68320.6973417835 68323.3278700872 -409.142856195706 -13.2661371315599
259560 51861.5918180153 18862.8637987941 31103.700999487 1909.66527700357 0.997639233044778 -0.0530544163362277 67941.4571483707 70339.2604718627 679.261974057278 -13.4909013676617
259600 51860.4723761795 18801.6563114806 31120.9695945398 1950.70575548106 0.994402026258392 -0.052073937348136 66678.6600805481 70452.1791547163 -158.375664198281 -13.3447943064675
259640 51923.1817042593 18950.9109608641 31059.5996080213 1924.95782511637 1.00229596513892 -0.0512238195284056 66810.7724874329 68919.599479524 -542.902996952568 -13.205600208501
259680 51828.9463959922 18894.0088433323 31047.2558244756 1903.86611596391 0.999286465335568 -0.0508128536040012 66478.2503591662 68108.6609000224 -238.5973453206 -13.1410296110169
259720 51922.3415401356 18890.1793580216 31129.2233612914 1924.68696807029 0.999083927437346 -0.0506923808573368 66617.8900808775 67972.8647636097 -508.418783448813 -13.1378559188068
259760 51853.9373799233 18894.8081443934 31036.5876896977 1935.88838686743 0.999328739621495 -0.0508984448674186 66534.2736547441 68520.406882264 -509.501675703336 -13.1458318002939
259800 51975.2654280088 19005.0176442727 31024.739216739 1962.33606031781 1.0051576170447 -0.0522241806406518 67819.1009083173 69525.1149450689 -75.062404601367 -13.4352420873899
259840 52003.033920631 18960.7796282802 31102.6455263187 1954.86230480959 1.00281790973318 -0.0517112187021835 67851.7248983265 67820.0456632314 510.057635589574 -13.2843836671742
259880 51837.2252328375 18903.3736734086 31042.2728167854 1904.84372222054 0.999781762443932 -0.052117830019566 67429.3281373863 69527.2814622622 75.6455163118744 -13.3555100948981
259920 51879.6850212214 18918.8095750923 31098.7399985131 1869.63998127533 1.00059815285428 -0.0507105193032755 66580.4049972578 67665.8092610078 -123.093331150279 -13.1163953273371
259960 51734.0833953134 18788.4585358993 31054.9988110699 1898.20459954389 0.993704008245367 -0.0515922308518663 67255.3055783788 68910.8454120605 -227.186435551537 -13.2742637578266
260000 51791.7823772505 18897.2540659281 31017.0539276107 1887.99089397387 0.999458102124983 -0.0513627263991195 67267.0971315951 68419.6185643131 -206.888915285119 -13.2517067268863
260040 51934.9519992894 18976.5988084033 31078.3449150788 1895.22983825102 1.0036545713819 -0.0511869066126845 67480.0469307444 67697.5464998029 -40.4523520373436 -13.2413513922674
260080 51844.3463375152 18917.8669315538 31068.436272914 1874.58717746998 1.00054829731873 -0.0503112149628484 65923.8790189951 67200.4586652235 201.707824492409 -13.1043284075588
260120 51764.4181205366 18813.6537991255 31091.6474193869 1877.57715086095 0.995036562164511 -0.0520669793906519 68403.0550007931 68364.0088803229 157.097593505186 -13.3281551379775
260160 51856.6762373786 18917.3297926287 31058.0553578104 1896.06695541093 1.0005198885431 -0.0514959724925871 67653.2747193673 68205.2132892456 -121.611631670659 -13.2553668253562
260200 51932.2043561534 18848.9584997336 31230.221814281 1870.14535000225 0.996903794776335 -0.0523315356576511 68033.4480673183 69428.3471683392 3.12564482857613 -13.3683207730316
260240 51954.4446817166 18963.7711365588 31064.0423002957 1945.98452085582 1.00297612780954 -0.0508464138953754 66519.234073332 68355.5558998694 -468.826872521181 -13.1878362431641
260280 52052.024090686 19061.2994664921 31094.2859031963 1918.99140487911 1.00813431000884 -0.0523303345581294 67865.013322285 69166.4645066388 436.755083379992 -13.4454358124794
260320 51962.409366598 19023.9349737338 31057.2549536229 1906.8659023885 1.00615813691571 -0.0529937292492728 68550.0568405357 70286.436221103 42.2223402240052 -13.5937692750677
260360 51848.1688979967 18867.6927969005 31120.1149452331 1886.59926086772 0.997894634240406 -0.0507249896563503 66070.1508179513 68222.4279264009 -124.643303673705 -13.126914349155
260400 51807.5013623173 18868.589167594 31079.2825164177 1886.31123124323 0.997942042448448 -0.0510125709330046 66700.9643651586 69065.361447534 -983.36429455212 -13.1925290338599
260440 52049.3936317835 19007.3064669266 31173.3737517505 1896.8328192769 1.00527867073524 -0.0514694231447168 67303.1677413989 68773.8388055045 -402.299280714891 -13.2535466782421
260480 51791.3030179075 18797.7989973377 31137.8681185075 1874.76579066317 0.994198016519251 -0.0509172948183758 66579.8723314545 67921.7164368912 52.5514222214366 -13.130591318038
260520 51737.33559337 18794.3131844544 31116.4463312003 1859.0445529422 0.99401365513444 -0.0518540853887742 67138.8958307197 69238.7000290737 205.744096006331 -13.3111851249465
260560 51786.7969630538 18795.1526781282 31114.9258631579 1907.93241358794 0.994058055170074 -0.0513098671278888 66810.4806731338 68532.7624577164 44.20986573176 -13.1897941952257
260600 51864.3015091804 18847.2902453572 31140.9665728595 1915.15175431279 0.99681556236188 -0.051565142373029 67940.1174403789 68543.506862713 -610.462289608697 -13.258124652175
260640 52029.3191504021 18923.5043287561 31244.4549901908 1888.57294317046 1.00084645398684 -0.0507572400022024 65347.1630359728 69062.1934236956 -147.752187925563 -13.1558592672393
260680 51905.1404086146 18904.6959748651 31087.322809573 1941.11523405975 0.999851697731858 -0.0516385057565834 66854.0448085033 69409.3299275846 -217.94647534998 -13.2792555388969
260720 51907.8466590817 18893.902280048 31128.6792852807 1910.86137861801 0.999280829303083 -0.0511594643224219 66240.290445018 69277.4821400721 -452.534220678783 -13.2074906927579
260760 52028.7987991036 19002.7332306214 31148.9237520462 1898.14406308824 1.00503679654219 -0.0518766210174694 67532.6411279233 69252.9348271423 -267.256595833095 -13.3289671955799
260800 51850.0020549604 18878.0315180242 31098.2868934496 1898.18823884857 0.998441439535856 -0.0512673708848059 66626.9720803805 68812.5947650611 -159.865002266246 -13.2300244324334
260840 51847.4108936207 18828.093424414 31109.1828445174 1927.7243025782 0.995800260447652 -0.0504355748377952 66061.1781926566 67973.523936491 -459.490103152781 -13.0661195610525
260880 51783.5455031246 18791.1011286022 31094.6787047254 1916.91716853317 0.993843772503089 -0.0519428801528723 68079.9424561765 68454.7367914057 165.657937171584 -13.323670406889
260920 51762.220736365 18879.870222566 30989.0026682577 1919.27393477639 0.998538686900227 -0.0505432662227134 66557.2964019723 67446.1802983716 -201.020595544148 -13.0889442516192
260960 51846.8600802649 18873.5310211068 31094.0886959124 1909.1133083495 0.998203412461023 -0.0500052322779472 65938.2626065236 67422.096631881 -652.820939610575 -12.9926323647506
261000 51895.5374557255 18917.5663563166 31118.6727782969 1888.85515380862 1.00053240017541 -0.0517681901540099 67756.9894405174 68964.2151257025 -375.469223306449 -13.2854361362478
261040 51898.6885183434 18923.2848872748 31087.4032891493 1914.46406500114 1.00083484793203 -0.0516408656588332 66773.5914542762 69277.9864974777 38.9876065034924 -13.2683620722669
261080 52006.0461557587 18914.9296380873 31207.09982427 1902.33817563532 1.00039294661311 -0.0518553346264041 67580.0369639857 68706.5564457616 239.557771377532 -13.322221448917
261120 52006.9901164385 19044.4405047098 31130.2357481305 1876.49794349522 1.00724265528017 -0.0514720383127051 66949.1996151022 69043.6664648871 -265.2510345963 -13.273502142501
261160 51890.4184957508 18904.2009881063 31111.3392943456 1915.87059402758 0.999825518344907 -0.0506265212729191 67144.2050952354 67494.4324958081 -634.850687815267 -13.1143127351221
261200 51988.4584894291 18898.7759049971 31221.5876906392 1892.29426808138 0.999538590770705 -0.0518391759911793 66795.9890539588 69191.8981256445 489.038187730301 -13.3377979835498
261240 51955.7757547444 18997.6327904161 31124.6275679524 1859.18201818928 1.00476703902769 -0.0501095974343766 65381.5796184576 68117.0312302517 -592.544579204908 -13.057093998325
261280 51908.1654304056 18894.4053355702 31173.3302728929 1864.99427802005 0.999307435439384 -0.0516274821339872 67330.3796945938 68446.2795564927 255.392214385168 -13.2767865311196
261320 51795.4157101298 18987.8146350484 30975.3587191291 1872.13568871096 1.00424776596844 -0.0524632425650501 68624.7944345181 68963.9037621684 154.439411076503 -13.4540427381503
261360 51849.1654105141 18940.6844338125 31071.7077075305 1865.2297118249 1.00175509368306 -0.0520194495233517 68426.3830954001 68485.8696228254 -42.7499033829533 -13.3687413877008
261400 51876.5534220669 18923.771504676 31102.3695590128 1878.90847323019 1.00086058467148 -0.0495255707977225 66080.0444553139 65728.0039174495 -121.598886938544 -12.9268926883734
261440 51862.3838820233 18916.8026723179 31097.853249285 1868.4576356098 1.00049200964262 -0.0512294729914548 67064.5470744199 68252.5333134423 -124.457589828801 -13.2024633541031
261480 51918.2303745871 19034.8024504569 30992.4602746504 1909.65342397104 1.00673290760053 -0.051876898765601 67595.1713945445 69268.9829891251 -330.796959846452 -13.3119112289245
261520 51899.3190057354 18920.9261246501 31138.2912007076 1871.87261656976 1.00071009518181 -0.0513371673201795 66952.0436772736 68443.7291434361 60.5973255976124 -13.2178226929723
261560 51997.0012277529 19013.9468703047 31129.500799215 1887.18914549045 1.00562987546237 -0.0516962572501042 65977.43823324 70340.0954403895 -93.6382897922282 -13.2994728513457
261600 51887.2368423804 18954.2078212419 31044.3472839902 1920.19877686105 1.00247033300235 -0.0506170395758011 66594.8298112771 67335.9329948603 1.92091978353406 -13.1205269229638
261640 51999.0324911459 18862.8528603501 31248.4846460403 1910.42862201344 0.997638654520698 -0.0518798952175797 67856.6311792757 68717.7228787464 -48.2813021508855 -13.3136439646276
261680 52100.0371172568 19020.9093936615 31190.3725936837 1908.02707607639 1.00599811681404 -0.0514068268644448 66818.8110439802 68390.2541574643 382.262406682561 -13.2817437209641
261720 51944.399974478 18905.3493947237 31144.242853319 1920.1440284401 0.999886256497352 -0.0514148967637756 66867.3271572996 68707.8254448111 14.9729578239331 -13.2425408456546
261760 51911.545563633 18978.0439777857 31051.9089264714 1918.98187481465 1.00373100503957 -0.0516594734900277 66749.5329771129 69265.5678457487 73.3327007823624 -13.2845706779692
261800 51939.2128072904 18918.3402030534 31131.8731469985 1919.55687360592 1.00057332820592 -0.0517166409711785 67785.18091078 68088.9675724293 320.146224715784 -13.2999031853694
261840 51937.2770483901 18874.8730204233 31216.801353458 1883.11429839885 0.998274389550353 -0.0509963685969617 66395.9222949859 68122.3771284952 207.220737117295 -13.1532081336391
261880 51996.0308716785 18988.9730670108 31153.5280516056 1889.652672453 1.00430903435202 -0.0520908482541283 68168.5918491354 68912.5578872637 -47.8450749533616 -13.3716090032191
261920 51846.2471132495 18843.1917248479 31124.231299715 1910.66930846711 0.996598795443496 -0.0514672253570486 67280.297956262 67812.4769026228 589.19262912321 -13.2089084321914
261960 51773.0163825684 18888.5834243225 31031.7274163353 1880.20888307723 0.998999519995902 -0.0504995109528127 65750.871479272 67437.2267375842 511.99995955271 -13.0889901336747
262000 51840.7801521838 18972.2964151577 30995.1852464877 1910.53359167282 1.00342702182508 -0.0506306179033819 66033.383826386 68238.1525847329 -307.807570121473 -13.0892594940221
262040 52069.3002163134 19034.2263326699 31179.4487651548 1879.9099997298 1.00670243726933 -0.0504245702698346 65319.5964734299 67915.5078122873 288.785929994367 -13.0814348031212
262080 51938.8529597516 18969.6900522314 31151.19218601 1844.01075228151 1.00328917372637 -0.0515816650212978 67313.5617190509 68693.2157668013 -87.8905360574167 -13.2818095183968
262120 51895.6399148316 18931.1704063163 31083.5434016952 1902.65306368219 1.00125190566263 -0.0510340107014448 67070.5071525 67657.7924163548 112.077560741389 -13.2168008722386
262160 51836.9260952997 18850.9902012365 31070.4977319018 1931.98928578511 0.997011249569564 -0.0515112453099813 68035.2752534843 68737.7302021704 -984.819214966269 -13.2713579728282
262200 51991.1359398654 19002.91646776 31103.1096787452 1910.38163719679 1.00504648778315 -0.0514644422372333 67312.9601345721 67954.4254593305 410.073375642536 -13.2728395499583
262240 51809.9947776476 18903.8767602764 31041.5962199072 1888.18386302773 0.999808370238077 -0.0519749670716368 67786.3107463524 69082.2478121653 -123.756693220898 -13.3286538294584
262280 51744.2317381939 18864.7960714318 31007.1925294958 1894.51563324098 0.99774142913827 -0.0512146710976294 67730.0926543928 67811.23734371 -383.943798610419 -13.1950639125225
262320 51840.2060912243 18919.3514706879 31068.3340632442 1880.30148184211 1.00062681320576 -0.0507817839376913 66261.1799967158 67675.638131887 324.107399985219 -13.1427330485418
262360 51934.1558238784 18946.4253099844 31091.0666987526 1925.96794351701 1.00205872325714 -0.0512395482749338 67179.0037664586 68591.8962799361 -521.536531501248 -13.1980468978527
262400 51853.4640139097 18932.8524293375 31033.4915143346 1916.68234250321 1.00134086628785 -0.0503542925283567 66314.1575097352 67476.833494558 -420.305382294164 -13.0875192661608
262440 51854.6933064371 18916.7374233105 31063.8185312687 1896.82509106314 1.00048855868362 -0.0507985703467238 66910.9479988472 67700.943847121 -264.62381097268 -13.1508192459887
262480 51818.8542711101 18823.1528463894 31114.8755102172 1906.95009952984 0.995538957894457 -0.0511412830336538 67200.4024834868 68065.0175099306 -226.684289083706 -13.1535107031834
262520 51834.905637119 18966.5619855553 31029.6213840818 1876.53544826537 1.00312373320403 -0.0526863831437343 68123.775442213 69695.7835478996 389.957466223786 -13.4495446926734
262560 51892.5433579117 18920.5581287975 31118.8185001845 1895.21244548567 1.00069063222517 -0.052128725064241 68448.8125822499 69096.6536069914 -495.988363079697 -13.3703607080036
262600 51893.2621186528 18939.2054783744 31069.3238437501 1924.64197830226 1.00167687311249 -0.0498216003726633 65473.932444988 67577.27553132 -748.5943712894 -12.9730913424422
262640 51879.5257088847 18885.8081660521 31146.7018318221 1900.3755966865 0.99885273918033 -0.0518709277062158 66642.0567863352 70167.1327689212 -242.848728176114 -13.3496889296829
262680 51991.8917866496 18975.8076509285 31169.8767490394 1889.06512454882 1.00361272780265 -0.0516701756296702 67912.8212632602 68207.5900104235 -7.49245999189498 -13.3116450899889
262720 51783.6852039081 18789.9276376621 31122.466221066 1909.79110975358 0.993781707664265 -0.0534796340291146 69541.016925805 70073.7994376769 257.763398698444 -13.6061369206428
262760 51860.0111132855 18857.6832241807 31119.4665469434 1917.16993531648 0.997365237296347 -0.0519345831855364 66990.6792416105 69518.0575095225 173.693186144386 -13.3758609086938
262800 51884.791484206 18923.5995699883 31107.5089687471 1885.4401575032 1.00085149120657 -0.0513386265342709 67625.4234318324 67724.5603378413 86.9754523671672 -13.2569985035696
262840 51856.7411034555 18871.3501555462 31126.9656034622 1893.94862868998 0.998088068520229 -0.0525874181583769 68333.3611287534 69991.3622039497 -258.717264670217 -13.441793904558
262880 51843.9085373175 18780.4335218459 31224.6708446591 1869.77910956458 0.993279572753983 -0.05035784309532 64819.9334111119 68022.4571134865 554.267550786165 -13.0228477700453
262920 51982.0061389583 18945.0367082493 31178.4482703667 1894.19820259211 1.00198528140946 -0.0516284184828721 68145.2283484915 68414.6627252073 -533.648522777862 -13.3319074153472
262960 51849.5953668246 18911.0352139462 31079.6944330767 1892.82904190504 1.00018697416085 -0.0515027172077223 68206.9245755083 67897.0757109553 -342.040999779581 -13.2525656750461
263000 51803.3632870539 18834.479373477 31116.0713470962 1887.95336267175 0.996138007323917 -0.0505554723855824 66075.3051970847 67752.1275637138 -13.3732341007551 -13.0960016851524
263040 51851.414321072 18871.1384367769 31140.4376650042 1885.3286010043 0.998076870912435 -0.0516759982186108 67394.9608865506 68580.3093881777 192.26923702338 -13.2992590212466
263080 51951.2921531476 18899.8285314147 31182.9067646663 1902.39852455895 0.999594263197921 -0.0515904445578197 67227.7230000159 68247.980231096 465.638272460321 -13.2963395152321
263120 51730.9791405687 18853.0300197794 31046.288988239 1867.41793780926 0.997119133665444 -0.051909770295573 68512.9243252701 67909.3912483057 155.525186650498 -13.339784082802
263160 51909.7358669171 18948.983304288 31121.6913022627 1878.16036687374 1.00219401318461 -0.0506164231458097 66124.7954111959 67629.6957738367 182.744340215527 -13.1105309280707
263200 51932.8175121372 19032.8259348126 31049.2396837003 1892.20652677129 1.00662837153577 -0.0503708922773594 66182.7600780704 67389.1001851597 -76.196363187968 -13.0938856387467
263240 51856.31670429 18887.7143310595 31090.8508955752 1917.10258650994 0.998953554465661 -0.0514569625872003 67835.4529008509 68025.4997312301 -190.843096519166 -13.2306643139
263280 51957.2275271408 18933.5223829662 31171.5797130155 1876.82317054753 1.00137629950899 -0.0499413836258034 65279.5406971102 66857.6138562279 405.13021869304 -13.0278268826811
263320 51896.8737753221 18936.1500520173 31082.3305454029 1900.76521144165 1.00151527446872 -0.0510341945296075 66351.1513980422 68752.4619016028 -278.359981995581 -13.2238898169448
263360 51963.1080689935 18933.4868034316 31143.9539247491 1904.5416754932 1.00137441774066 -0.05162012464457 67541.9606920581 69180.9673021375 -714.251492528859 -13.2964421072748
263400 51946.1851520269 18976.6263775248 31083.0408349081 1896.01664893632 1.00365602948696 -0.0520879079993603 69611.201348066 67719.2943375513 -361.922311107932 -13.3559331980992
263440 51843.727143865 18908.3540916457 31067.6206159649 1884.55939342835 1.00004517210873 -0.0504280341429869 65552.4759298261 68170.6364340508 -171.852739423047 -13.0669884990114
263480 52140.4609081361 19144.2999151867 31139.1428329263 1876.4695123353 1.01252412615029 -0.0527354629335855 68827.71082346 69149.8748302953 350.028154633886 -13.5182556389097
263520 51953.3076046299 18946.5857437994 31144.5797544736 1882.10866595125 1.00206720845164 -0.0521079318780786 66894.7881347918 70324.3546204645 -196.531509151736 -13.3709839178189
263560 52019.7222824169 18944.1927025079 31191.3074077498 1911.58060409068 1.00194064273478 -0.052430735033105 68783.5885066139 69405.214936053 -492.216755814038 -13.4101440888197
263600 51876.7102629074 18848.6094219181 31144.674993536 1901.98323919397 0.996885332376998 -0.0510429629535022 66087.3406733272 68470.6504886223 260.501327140017 -13.1429099380954
263640 51932.4574690752 18897.9144018747 31128.8048778618 1913.10300733219 0.999493026675906 -0.0519103400999498 67458.7475619989 68797.2018370489 337.589122649697 -13.3298601377685
263680 51984.391338534 19030.1219842338 31095.4266113431 1888.90540127169 1.00648536211735 -0.052728481163529 68722.7393012673 69857.7880636022 -270.902755222488 -13.490243145772
263720 51971.3301887914 18960.3059513428 31153.2430276535 1881.7481727311 1.00279285740276 -0.0514887841635427 66710.2488249458 69674.5247641376 -621.516961477549 -13.265633096645
263760 51946.180580285 18920.4403106359 31212.5961365244 1854.54028280386 1.00068440093275 -0.052164481158462 67701.3612243744 68853.9234739991 569.761101638665 -13.3896543511809
263800 51879.6310736403 18925.2637294638 31135.2030038567 1851.01582861238 1.00093950704556 -0.0515977901743687 67394.1266257483 68753.0334757891 -180.90753183718 -13.2959575644186
263840 51754.0173403026 18847.6554291756 31067.1556576043 1862.57839644739 0.996834876592653 -0.0521009076542571 68093.7953346185 68919.1381160086 1.00836951243239 -13.3553685192173
263880 51843.633963575 18910.2101519538 31069.0700289885 1888.90708992486 1.00014333740335 -0.0499786116260553 66205.3061659835 66871.598047191 -460.804215844956 -13.0088941094964
263920 51992.4683665071 18898.1740917607 31218.8633917337 1891.12569537113 0.999506761431213 -0.0528116872861187 69064.7433860241 68884.4452482475 528.620389431062 -13.5109793068265
263960 52004.5418565964 18989.8479046101 31124.8354043448 1907.84492791839 1.00435530369483 -0.0515520148706146 67943.1614514036 68513.2356437047 -577.16476202358 -13.2797174950186
264000 52067.2776677653 19019.9872737858 31211.2148770437 1858.54276221264 1.00594934675583 -0.0495397554320458 66576.5615227718 65131.6597095953 17.7411091864861 -12.9557415280304
264040 51941.8769521916 18948.8985709196 31135.7760575975 1881.39440085368 1.00218953171596 -0.0514708017388397 67388.5177730821 67967.8641538214 373.442888408726 -13.2535563949223
264080 52021.8869051432 18946.7043966256 31224.9693752407 1875.66615081474 1.0020734838887 -0.0510971276065838 67412.9503435245 67871.2567696474 -348.780711055539 -13.1840290174429
264120 52066.9776324445 19020.8705038044 31169.0605633963 1899.4423662284 1.00599605996585 -0.0506909721069095 67170.2565225215 67505.2795547541 -606.623304433139 -13.1355006092249
264160 51962.5748473371 18967.7598774466 31121.9058579296 1889.94219378126 1.00318708858636 -0.0513725220331859 67241.1086662979 68850.9268846575 -556.439405095467 -13.2360910834821
264200 52061.444951426 18949.3317766229 31245.2384940589 1880.31077229048 1.00221244356065 -0.0517589888461718 67522.332224522 69232.2063239441 -468.523930929458 -13.3212150933643
264240 52067.6973201155 18946.2539230268 31216.4364086657 1920.43642758734 1.00204965876117 -0.0524928502850446 68981.7134196214 68755.1558827251 69.7045801275133 -13.4272063001848
264280 52156.195761763 19063.4960173731 31203.4644803585 1904.4839215497 1.00825048353157 -0.0502797711745987 66906.1397867142 66948.936079998 -626.027168958888 -13.0812892392482
264320 52091.2600020587 18947.1402325841 31248.9336065335 1902.74550175285 1.00209653484512 -0.0515235918310909 67988.9242106294 68651.3424893877 -845.593905459211 -13.2773008374915
264360 51846.7675730916 18864.4826720574 31145.2874282961 1853.79171656588 0.997724853738327 -0.0518863288284293 68390.0234229746 68108.8531435482 58.312609666561 -13.3345446909217
264400 51839.6475291729 18989.077080049 30987.2879388835 1883.59270361116 1.00431453550437 -0.0506952728656447 67050.8418401629 66962.1593901627 87.523272392685 -13.1847024607554
264440 51831.1050115473 18874.6032557265 31058.5503047531 1914.14523520435 0.998260121947721 -0.0511635963595845 68348.6880808888 66777.8636583994 -58.1886166346678 -13.2419450287549
264480 51727.7372714268 18899.5732587549 30949.2035286279 1890.31356276652 0.999580762065576 -0.0504639083323421 66252.2312270645 67640.9523787531 -282.228997783427 -13.1055533751204
264520 51731.1740147074 18757.4397331411 31091.7785466537 1895.03722581044 0.992063452764304 -0.0519291399811389 67738.1779900922 68825.7518291834 82.7211426270128 -13.3019487347626
264560 51922.8599679883 18917.3707447919 31105.0782391281 1918.39448812826 1.00052205446473 -0.0509216387626461 65930.9959467508 68565.988331558 75.4542831267822 -13.1563172113318
264600 52053.551092025 19028.6910604134 31173.5018166296 1869.83473518568 1.00640968189414 -0.0511781849281016 66394.3186083348 68908.419642656 -205.503976287211 -13.2148492030426
264640 51994.9224056233 18949.4740242745 31139.49670225 1918.54424913638 1.00221996690596 -0.0514871152969882 66893.6993334943 68368.1731276215 470.609138448738 -13.2515950091005
264680 51911.7481500773 18954.9265903008 31099.7760329041 1863.91661059478 1.00250834802596 -0.0523613272507027 68338.6400618326 69266.3802906461 -38.4897557906137 -13.3968276655544
264720 51906.9435994013 18881.1727441106 31151.2445142914 1886.05046730093 0.9986075760471 -0.0513164998643027 66259.1985589792 68639.9064574373 478.616347043301 -13.2421447260779
264760 51910.169941766 18883.7437248029 31140.285886094 1899.42130280768 0.99874355281253 -0.052198344746322 67960.9470722045 68497.4144653784 734.408806320219 -13.3926652523262
264800 51895.0826431142 18924.4699186108 31051.4799931101 1937.7791368747 1.0008975231316 -0.0508758113808601 66031.9988505792 68656.6317808933 -227.155316510453 -13.1625073341906
264840 51888.4802859332 18912.0377853192 31065.838496413 1921.01713217623 1.00023999922354 -0.0517228590294556 67228.2404840128 69732.9943880441 -735.942405725438 -13.2787024064796
264880 51862.8442060521 18832.2763897994 31087.7799976641 1958.78679829999 0.996021493576592 -0.05074598620826 66697.6353796604 67986.7857787288 -477.710052405716 -13.1178458580086
264920 51860.9482542388 18840.7567064162 31117.5053552305 1917.74098750922 0.996470009594936 -0.0503087190942453 66429.1431187921 67300.8760855283 -437.114685947474 -13.0334669141384
264960 51959.9228822486 18942.9091316703 31108.2631571573 1923.82484572612 1.00187275587308 -0.0510287139984715 67517.1884712707 67777.9918911987 -483.59095035022 -13.200567129958
265000 51938.7112553552 18941.0073209817 31088.5090163296 1929.68938184202 1.0017721708836 -0.0507122084257039 66122.2527438469 68381.0282344906 -330.795331759816 -13.161282641701
265040 51960.0338111864 18872.7688480205 31188.1360783037 1921.7605952656 0.998163101838978 -0.0515568144126317 68345.9801162651 67385.8202629119 173.135303532881 -13.2634738701659
265080 51830.2615379048 18812.8420223165 31114.4143928652 1925.67821005512 0.994993628047944 -0.0509181389963287 67013.2035332589 67993.3392099684 -417.967628602531 -13.1494517812721
265120 52004.6112686198 18965.8698361679 31154.0966948282 1913.61638655206 1.00308712606997 -0.0516797455631103 66834.3214034143 69624.3395701585 -299.192078201972 -13.2980257558933
265160 52077.8078432422 19050.7286248484 31140.1769778235 1911.1792145791 1.00757522807607 -0.0515944747333112 67244.0974550786 68639.968736569 73.0300824118735 -13.3117795030733
265200 51825.2600274369 18870.3466174569 31079.3177882702 1892.79382016077 0.998034992328807 -0.051533706695417 67557.0574569232 68221.283919935 56.4918441740231 -13.2914739326997
265240 51871.3800767401 18890.2636921358 31083.3859022234 1909.02386709443 0.999088387789806 -0.050344524267168 65890.2191929282 67733.0278457713 -259.791497959383 -13.0646518339281
265280 52015.5329385449 18958.3457768154 31194.3665237385 1887.57929573782 1.00268918560441 -0.0506475030719867 66908.7458163787 67065.1559716448 14.2265205306835 -13.1438069831759
265320 51790.3346728539 18780.7767418687 31129.7523460689 1898.61156548899 0.993297725340139 -0.0520333178247294 68082.922761604 68330.5378652019 445.393414536647 -13.3479460125035
265360 52013.5036907527 19020.4505732452 31095.2743744105 1914.13073769506 1.00597385023114 -0.0511508776967489 67111.6225161495 67837.6844324092 100.933576220713 -13.2364940528888
265400 51852.7974173859 18903.8685374216 31023.3392475475 1940.60739828819 0.999807935338971 -0.0505617607091678 66376.2870088045 67236.7940540893 197.525958939253 -13.1492112721778
265440 51964.4658374682 18969.3855812604 31084.2465343862 1938.05518854142 1.00327307054134 -0.0510123980601093 66740.6168422443 68529.2312291954 -490.699407639604 -13.237483468029
265480 51940.9709701857 18906.9775288938 31116.4005082751 1934.38384933232 0.999972366991608 -0.051255285047367 67263.1799591766 68329.2957735734 -342.454606244853 -13.2124422442602
265520 51912.5169912074 18856.4779905362 31140.5006754717 1922.87050868385 0.99730149361556 -0.0521589482408581 67940.7577208118 69824.5949581775 -660.118545844808 -13.3594836510329
265560 52044.5957422964 18918.6893726094 31230.6242233032 1909.97864484826 1.00059179545733 -0.0523039140336932 68633.6331782763 68796.3321406928 -14.0000455473857 -13.396043151391
265600 51950.0649337165 18947.7014810179 31122.5052707861 1893.60482460195 1.00212621875012 -0.0508500327851543 67277.7425231305 67430.6160755231 -291.87438580261 -13.1671814542015
265640 51861.3690976208 18878.0682504655 31054.3597379026 1941.20134532924 0.99844338228034 -0.0510440303166195 67023.3114320305 68039.2448482098 -233.711716174342 -13.1848576200339
265680 51988.9491661268 18943.8135793411 31127.1212885269 1934.98342735321 1.0019205912649 -0.0499363783045463 65289.9228387504 66961.5918552596 276.48682870522 -13.0050275568464
265720 51925.4029840825 18922.6455734393 31098.7258136133 1918.59052583562 1.00080103522091 -0.0524270532190768 67708.6325690958 69876.5984331895 89.9982120232298 -13.4310525402687
265760 51784.1998220272 18902.638677479 31017.0975360708 1884.24736047942 0.999742889196298 -0.0517128763847074 66745.1283632026 69664.4037352278 -196.03744906502 -13.2801923869784
265800 51914.924023983 18872.6562450591 31156.7161652737 1902.05015523881 0.998157146373615 -0.0514129755268134 67778.363881188 67743.2737001214 43.6715940254954 -13.2776075676613
265840 52022.778960573 19012.738542388 31122.7409282482 1901.79485481648 1.00556596812842 -0.0512460080958756 65698.4354451124 68561.604830651 967.050000133059 -13.2782924566366
265880 51925.2931599129 18947.4228386101 31116.6863045281 1885.13025955497 1.00211148161365 -0.0515931806295465 67029.455957766 68490.9690255205 448.577799592429 -13.3080353716735
265920 52054.6921637144 18986.3023665862 31213.8981612007 1882.35861812635 1.00416778350317 -0.0529426351000918 67763.3046543524 70660.542118149 312.725103835298 -13.5207799178558
265960 51882.5035027624 18793.1511966621 31212.9300836484 1896.75872089525 0.993952198686344 -0.0515004526544549 68327.9327943349 67319.4324039907 115.571346543467 -13.301194926613
266000 52051.1150036486 19064.0924233136 31092.7108257556 1907.03304366536 1.00828202688423 -0.0505600154545173 66288.4920355145 68322.4236522384 -773.626702421306 -13.140110294021
266040 52014.8679406493 18989.8632001643 31150.0891770964 1891.84167878017 1.0043561126624 -0.0511108345554291 66797.9402711489 68373.664199567 -212.384718399556 -13.2204621951494
266080 52026.178838435 18996.1871629441 31201.2411278276 1845.95765226424 1.00469058114209 -0.0503231841921671 67068.3998508279 66750.0707207434 -490.312781141642 -13.0851233873085
266120 51961.3552797881 18937.1428080438 31206.1161034392 1846.06215147472 1.00156778040692 -0.0508859589451203 66260.9858103679 68576.0015729162 -324.901077700031 -13.1399004482658
266160 51852.7637900263 18917.8248277474 31100.3218789262 1858.55123014518 1.00054607048776 -0.0504264880048675 66065.3423025619 67657.8684764761 -189.676103554268 -13.08717001756
266200 51737.8671511011 18880.2917813727 31000.2020815464 1870.73952458024 0.998560982751431 -0.0497835831371968 65392.8565513859 66725.690818465 150.830601513751 -13.0140195591908
266240 51782.6220169808 18865.8232876408 31047.0629179292 1889.91412173711 0.997795757643304 -0.0514508981850635 67732.6253173099 67389.2706526776 559.742299364201 -13.2552703729205
266280 51913.400223011 18946.7854062191 31088.9090238682 1899.72059584975 1.00207776841037 -0.0514307840622855 67894.7550598907 67962.7854909426 -236.083399028727 -13.2587764412708
266320 52017.2431601749 18957.3323445944 31182.5139277515 1897.53274797525 1.00263558612161 -0.051281331577445 67668.2457963731 68129.6886670481 -478.101021672659 -13.227128537305
266360 51909.6038976036 18850.5079310299 31138.0982484676 1932.88960715007 0.996985742749166 -0.0513641288848044 66616.4697034325 68699.4596635472 174.94048193231 -13.2352032009296
266400 51849.9526025123 18868.018792303 31094.0960705293 1902.96927341803 0.997911875832501 -0.0517092400085104 67623.8249954751 68807.7142238658 -250.209028835321 -13.2841466252818
266440 51886.0873462499 18916.1858816932 31092.2282030203 1898.07067495692 1.00045938816307 -0.0513606654704985 67071.7915896608 68304.9286721253 82.5022982379793 -13.2510849593019
266480 51922.2444501446 18922.224772926 31090.6904785916 1926.16815023136 1.00077877947513 -0.0506582241933999 66608.2394907527 67290.6342389893 112.585850961449 -13.1383784362552
266520 51826.1932562369 18879.4127571254 31067.8821730629 1901.25970898542 0.998514491980719 -0.0520206271777566 68118.2167660741 68261.4276107741 448.696930765828 -13.3516326740185
266560 51798.4947662477 18874.3615768174 31059.5728973716 1887.14544823428 0.998247339776139 -0.051805923214328 66861.8966619365 69701.5838162329 -176.507813970211 -13.2876555949735
266600 51982.7604862309 18938.9006971999 31201.2285425933 1875.74074924755 1.00166075352108 -0.0508830981444882 67450.515747908 67482.6166128102 -444.632823096091 -13.0988352683476
266640 51935.7416971714 18955.1692090613 31093.7292555951 1917.66197945252 1.0025211799054 -0.0512217569288882 66850.2059364469 68013.7620075444 314.806831648056 -13.1932215406772
266680 51797.2205400375 18905.2794606391 31023.2511512934 1902.77878211757 0.999882557748995 -0.0511009153372527 66529.8916877076 69230.6814147779 -798.260358867545 -13.178462314991
266720 51728.1829568268 18894.595555458 30992.7768978164 1883.86984470501 0.999317495991431 -0.050993909910168 67657.3599852067 67196.5596250015 -107.587299981454 -13.1702484805306
266760 51793.8565741871 18803.8076580223 31123.6186974893 1888.33578307273 0.994515808965878 -0.051984946197655 67521.0969002376 69449.8822680305 -206.433107402865 -13.3096498342684
266800 51787.3324347411 18897.6544671331 31016.8259558088 1900.7518265091 0.999479278970412 -0.0528531938709282 67748.2108317776 70656.0802697023 149.267768981978 -13.5091787424993
266840 51921.3958454286 18898.6323705063 31150.6087093726 1900.823810786 0.999530999365666 -0.0522568556508988 67651.1859918199 69086.8252451999 607.367667353873 -13.4195577607832
266880 51939.0835314937 18917.3577844775 31139.8482164364 1906.47436962739 1.00052136900582 -0.051488161581293 67208.214076717 68674.7960504654 -142.023096475591 -13.2548596359898
266920 51922.8360237767 18983.5605987352 31095.4751725237 1873.08523121875 1.00402277396458 -0.0524519170907794 67982.3515216607 69680.545908219 78.5309846034973 -13.4322455754161
266960 51812.4114621212 18820.2949873889 31100.0438662057 1915.22008955479 0.995387808403487 -0.0508436051438203 66263.8936632619 67698.9971160182 464.632775763326 -13.1353564827036
267000 51902.5965418286 18933.265386605 31082.4533401108 1902.60805775405 1.00136270721169 -0.0509676633536345 65749.1197643774 68692.4858400424 236.484918681405 -13.1902241656052
267040 51941.9105419809 18902.3911706641 31145.6850741032 1915.28229754239 0.999729798792229 -0.0507969158628155 67254.6982824182 67438.0749711723 -364.822567399466 -13.1314365746856
267080 51825.7141370273 18788.2845409461 31150.4498507048 1913.15668350049 0.993694805814947 -0.0514954787076623 66792.9602511789 68782.8401418028 179.174218955028 -13.2219416237448
267120 51927.3770890829 18869.5383408674 31147.7579469251 1928.93879510531 0.997992243335573 -0.0514168968635086 67175.4812552869 68019.3008408051 406.730810824451 -13.2322779397727
267160 51844.5124333351 18894.044957689 31066.3806281546 1908.74495112038 0.999288375390138 -0.0507602395800089 66044.8159918815 68164.1855878035 33.6686259064013 -13.1501648865236
267200 51973.5862720938 18946.2266617871 31115.7537994948 1925.77014664386 1.00204821693968 -0.0517137407151677 67098.3848710701 69035.4311153043 95.0298707456459 -13.2829206319953
267240 51905.5067436345 18893.002714766 31129.4688607195 1894.24505973304 0.999233252136244 -0.0510759433785009 66946.063459457 67605.4286790541 361.062186879079 -13.2021786342485
267280 51835.941263333 18899.142622159 31068.3287977777 1881.82981067972 0.999557986098587 -0.051443091179881 67015.1190948497 68193.6078199388 433.171445476836 -13.2420604283822
267320 51912.8929026547 18942.4563100923 31109.766584163 1881.43083100444 1.00184880656313 -0.0518447833913421 67187.3435288712 68740.3661129156 522.198310396042 -13.2856645949018
267360 51772.6734375856 18836.0151309856 31086.2631129919 1868.1875751888 0.9962192321029 -0.0502460491167531 66279.1297122133 67453.3341751124 -554.575341901657 -13.033662307916
267400 51983.3233403639 18928.4481552417 31181.7089814229 1894.82070685432 1.0011079283481 -0.0511985428952333 66914.7640748947 68272.37540962 -39.9576197601384 -13.2127737180798
267440 51887.3758548001 18897.6575396563 31097.5764493823 1912.07263733522 0.999479441473296 -0.0526451745230318 67991.070219718 69207.0808935498 910.340742306276 -13.4316711809705
267480 51914.7575247094 18838.9940225449 31204.9437038192 1895.53049171815 0.996376782892761 -0.0524822940485923 68578.2092079148 68562.3071408505 639.837181118821 -13.4484735969256
267520 51991.1975014109 18920.6968618523 31178.4047449148 1909.94330565703 1.00069796968676 -0.0511914477364994 67352.144255265 68531.7541218131 -738.445479708636 -13.1915135657461
267560 52101.46503799 19027.1421338103 31175.7586535942 1915.16370797253 1.00632776061406 -0.0509163582442161 66563.793594695 67899.3083997241 109.440002629273 -13.2062253658937
267600 51994.0121939602 18766.35396431 31339.9997864658 1898.44133190052 0.992534918117678 -0.0530968068565833 68616.4768058418 69444.4682545465 997.114299883194 -13.5137389934377
267640 52022.1368625969 18880.1221791442 31245.7515857932 1903.73073908496 0.998552012648114 -0.0517693764527474 67512.5820398555 68459.7001482738 354.763340037429 -13.3274330506341
267680 51923.1018642065 18889.1308069814 31124.9343670805 1919.65719558576 0.99902847055303 -0.0511231731592236 65915.3824303071 69264.3496337127 -197.315387492616 -13.1865457703221
267720 51876.1767374031 18873.9719349936 31097.3304185056 1910.62633844679 0.998226731984323 -0.050373500181901 66440.0561057166 67314.8786293721 -302.963748878111 -13.0396762732192
267760 51943.754248028 18841.916847779 31202.7903786815 1907.87762843045 0.996531368387096 -0.0529292065090333 68437.1086890649 70343.9919313504 -81.1135194012783 -13.491274213977
267800 51999.6813363521 18903.2262948392 31199.9618717381 1912.44280543075 0.999773967729163 -0.0511159163202335 66137.1725153504 68669.5965044166 163.476030636998 -13.1950017273619
267840 51928.7617851802 18850.9980155402 31166.4172129554 1923.48663321246 0.99701166286078 -0.0521026372401348 67770.6464150529 69146.9825287886 127.632748382083 -13.3432408776422
267880 51999.2426577286 18957.8703227096 31157.7096474659 1903.18268148634 1.00266403928122 -0.0496145445994876 65577.6019450886 66511.5228374138 -196.324822673909 -12.9584053722079
267920 51888.5588068213 18879.4770564094 31129.5310326885 1893.15969976238 0.99851789270974 -0.051092955166121 66382.1353604175 68588.091143133 -58.9924442605564 -13.1803623910653
267960 51870.745426841 18868.0587706703 31134.0641017589 1891.90436117559 0.997913990250975 -0.0515229753271653 66976.4594814664 68794.35552617 64.2220795257346 -13.2552361004886
268000 51965.9699242912 18964.8838733832 31158.1976425292 1873.10790066688 1.00303497941997 -0.0515662349759845 67049.3198318118 68764.2717116602 106.682883059236 -13.2703592299095
268040 51932.3985391795 18993.6135170437 31088.4112125649 1869.46581026142 1.0045544634163 -0.0506512691430201 66824.5074853455 67626.549086376 -461.484732780935 -13.1186826771507
268080 51955.0157202321 18893.8813958992 31162.6075055392 1914.21978150704 0.999279724759975 -0.0508438531619982 65766.192159735 69029.4810576912 -327.717154470158 -13.1458859351374
268120 51936.4676362304 18876.5004108768 31175.6389307282 1908.11775425842 0.998360460710129 -0.0520208009250933 67186.0356550245 69485.9797847273 165.765597348744 -13.3333376447261
268160 51851.2419580149 18878.3855355905 31103.8164989507 1891.38744482528 0.998460163193998 -0.0511821718800889 66375.7737725642 68922.5507817101 -194.196210363486 -13.1863721013833
268200 51856.7530174253 18880.9473470568 31124.9213004783 1867.96022225651 0.99859565500763 -0.0512363457760316 66806.0466422079 68802.4113021563 -391.367074876186 -13.1612877476236
268240 51991.8879976991 18987.8620954585 31114.0726135853 1916.65540582812 1.00425027610517 -0.0523730369878887 67043.2687819892 69701.6733330054 805.217383304791 -13.3878944942498
268280 51996.6698842916 18987.1366810627 31128.994416781 1912.58382021116 1.0042119096159 -0.0510946244219297 66617.8968784659 68559.841992314 -227.056331782148 -13.1831661218508
268320 51835.8811371598 18804.7941875848 31128.1279132652 1920.13743096103 0.994567985592214 -0.0494822065740671 65872.6005338708 66601.4957584914 -894.816654551762 -12.897366795225
268360 51959.1869811577 18928.8305033581 31139.1074943745 1911.58847882528 1.00112815038255 -0.0506341520470216 65745.5904688738 68130.2695555065 68.8933529477074 -13.1100216576026
268400 51988.8034689691 19004.3654654564 31094.790769763 1912.93628681544 1.00512312391677 -0.0514244439592857 66364.8423882053 69432.3431950255 -207.170964717075 -13.2098700575302
268440 52083.4919238613 19038.6374264961 31161.3172665496 1901.98875155712 1.00693573589824 -0.0505932887386924 66221.2531994053 67953.9866339377 -288.472908809897 -13.0961121407249
268480 52172.4515821621 18931.105574413 31304.6331610731 1950.63509809627 1.00124847676388 -0.0517070090309234 67471.5639285665 68695.9455121525 24.8639520197809 -13.306676369347
268520 51981.7497391252 18891.9218569798 31193.8301948392 1908.97125847816 0.999176086578329 -0.0515181018091394 66582.7549853697 69293.3102909472 -98.5913052477837 -13.2106583311616
268560 51955.8191231429 18884.680641688 31164.101307633 1916.0457479225 0.998793105470738 -0.051046561557158 67595.0743043182 67566.5116862443 -333.817290969272 -13.1643048018033
268600 51874.6159811066 18881.0046028887 31111.5455822009 1899.92541684689 0.99859868321506 -0.0506422499197471 67239.9104868933 67450.0064376072 -667.025217136191 -13.1241533220075
268640 52265.0542433494 19082.1164002412 31290.1193047951 1909.75676405796 1.00923529817486 -0.0526114260545497 66781.9163801927 70696.3072775151 561.223579368546 -13.482521324367
268680 51862.3165689545 18819.9149314703 31197.940106219 1867.06577818945 0.99536770760123 -0.050603947830327 67202.198468043 67053.9853006408 -324.266915872674 -13.0841810383997
268720 51991.1958733613 18930.6605756423 31221.6344981525 1852.11467632641 1.00122494119488 -0.0512837720820428 66899.5755745601 68754.9447068412 -322.571583888528 -13.2494509107269
268760 51844.2631328093 18843.0769013657 31145.9525745519 1871.60440919884 0.996592722536859 -0.0518033115550795 67463.4075607633 68288.3459110231 631.173500710133 -13.3291594995368
268800 51972.3678709877 18914.1600890166 31163.5831021709 1911.1640811383 1.00035224588214 -0.0513575250354195 67087.737202211 68314.0568443978 64.2326618538791 -13.2460641060229
268840 51925.8780738721 18945.645928461 31130.2607343389 1871.23428177724 1.00201750249694 -0.0516643407743063 67556.06491015 68844.2350262729 -304.253127559987 -13.3067252155107
268880 51916.1320238167 19020.5287064765 31008.0387765694 1904.38314729107 1.0059779826247 -0.0503490362992603 66343.0662634483 67430.5321420006 -399.902988629725 -13.0821746316066
268920 51906.8340339983 18920.3246082632 31121.0912991579 1875.44035286669 1.00067828154241 -0.0513104022354979 66621.4185401031 68426.425681921 337.425190476096 -13.2151851489992
268960 51887.4136061629 18891.1261002454 31127.2168628583 1884.21010442107 0.999133999748531 -0.051241764681393 67152.708565944 68205.8562358595 -138.939789575876 -13.1942158518009
269000 51839.4117294945 18909.168906142 31055.8017919162 1885.60808792678 1.00008826688573 -0.0504508256509684 66457.9877371465 67129.1061352397 0.306452334499456 -13.0456228866532
269040 51845.6422416218 18853.1917798235 31148.1622234214 1864.27572803314 0.997127689002962 -0.0515197211409622 65954.8556962903 69801.9362410617 52.5854163271208 -13.2472648264772
269080 51978.71882073 18965.2972114739 31139.0749602279 1891.89494379455 1.0030568404852 -0.0515438433368402 67133.11867908 68743.6576535845 -40.4067800386146 -13.2354588394084
269120 51888.5075826699 18916.5721959466 31081.7006378766 1898.54361770201 1.0004798199628 -0.0500244510269885 65745.6350282128 67444.812867615 -453.658841245683 -13.0185584872483
269160 51832.9045091482 18734.4908018173 31208.6596034555 1902.93868706587 0.990849705239575 -0.0513487330472082 66787.8832079753 68864.2863805059 -211.967696482204 -13.1987854059692
269200 51940.3872315283 18883.881113142 31153.0632281963 1916.815206444 0.998750819153352 -0.0514387208292303 66300.7700317449 69504.8292728758 -178.757117022479 -13.239713558531
269240 51813.3999431191 18850.7054606874 31090.6463105722 1889.17250452547 0.996996189908103 -0.0508819129387349 66717.6187813323 67686.1940464115 69.8910816361671 -13.138670290689
269280 51779.6933144208 18877.2128132426 31036.4854484792 1880.61689763844 0.998398139005292 -0.0494420560469062 65420.3074212232 66114.4293490874 -20.1140238617074 -12.9178158639033
269320 51888.6758277991 18987.7702642914 31052.8922376819 1868.14154717847 1.00424541924059 -0.0525203717771186 68080.0779394259 69971.779793081 -186.990215094075 -13.4548998245006
269360 51745.9749755764 18830.1028686258 31044.6578527147 1887.43448562603 0.995906538073559 -0.0516567386443655 67246.8242158684 68925.2128765369 -101.404170103359 -13.27299494598
269400 51767.4458363928 18828.2001287076 31090.1619133453 1867.86835708329 0.995805903937992 -0.0529666247041758 68646.7520703296 69905.1005162665 231.797291609259 -13.5083273642336
269440 51920.960173658 18930.147029786 31112.5040311015 1889.92953738257 1.00119778023462 -0.0522118481044113 68729.1851896529 68888.5920526853 -401.392485309031 -13.3813782760363
269480 52047.7213268749 18966.0103955215 31190.0845703325 1909.97059963078 1.00309456012278 -0.0506119320938328 65997.8189781112 67941.9960964031 -12.2941512102193 -13.1376964573317
269520 51949.1816562303 18963.258255 31092.1414221058 1910.80642925682 1.00294900198334 -0.0511556258735371 66125.9409758969 68855.6885549404 58.81066681978 -13.2751400787129
269560 51834.0660874611 18861.9239799708 31096.871380091 1888.75356500646 0.99758952690577 -0.0517766758568772 66409.041349846 70166.534483949 -261.154963044894 -13.319876502858
269600 51841.2130600574 18871.2779890682 31074.1309264585 1903.80924610048 0.99808425170267 -0.0514460038846131 67925.8678601495 67977.694996334 -247.755716152108 -13.2299612171999
269640 52016.4684671817 18970.4506491206 31147.5401299675 1919.73172177955 1.00332940098482 -0.0507683860561631 65939.9967814358 68659.9215179686 -346.082258309546 -13.1429031191663
269680 51822.1548608817 18825.2088802567 31126.8589808069 1882.55905418877 0.995647699603689 -0.0505783965327355 64971.4490076965 68958.0494081763 -35.8456692469561 -13.0965876361938
269720 51955.0070185056 18926.5346933817 31138.4958051503 1903.08559403738 1.00100672713905 -0.0516957017293873 67036.1747725748 69056.463712538 58.8121360530891 -13.2964997587964
269760 52004.9842533519 18935.6601050132 31168.3823682552 1908.49525099256 1.00148936162968 -0.0510849201921295 66110.2677473182 68599.6515384643 178.463675647118 -13.1859558012192
269800 51990.8845559798 18907.7573478022 31198.9559405426 1893.45991177881 1.00001361088469 -0.052410915094921 68282.1892499957 69181.1462905508 161.730226936011 -13.4044657373811
269840 52043.5733760358 18975.716755603 31163.7341477118 1911.5220171066 1.00360792043385 -0.0503069932128427 65298.3856578493 67929.3952857336 63.6997762548185 -13.0643905273585
269880 51943.6944585197 18972.0605712336 31080.3700300963 1906.13862310854 1.00341454826041 -0.051395791215718 67503.2583169334 68404.9683378444 -322.579874810276 -13.2692022062908
269920 51925.0593054588 18856.0419127808 31159.8284957451 1917.94703785102 0.997278429870731 -0.0501490105430593 65392.2853874415 68134.1891577183 -557.149719619222 -13.0266849140392
269960 52057.0785088529 18968.3770975636 31169.6665982787 1933.91256802358 1.00321973278136 -0.0521385443951904 68034.5988116175 68826.2152493201 224.375736424634 -13.3823135142569
270000 52074.9673288617 19026.5310587658 31170.8891435187 1899.5272011305 1.0062954414262 -0.0530268280461355 69670.3407742972 69321.5467904784 -75.4451906710693 -13.5465931335632
270040 51972.2923535319 19008.6917827056 31087.8705506168 1890.98325190496 1.00535193879178 -0.04976935223833 66076.8407356919 67036.8657626798 -938.30941797629 -12.9994716315043
270080 51859.8063957192 18846.0669036065 31121.2180783244 1901.60675804488 0.99675086096028 -0.0514409912636081 67485.7604484934 68782.3565981017 -623.893056912964 -13.2169512961492
270120 51917.7767306392 18943.9998184894 31067.195998063 1921.68181190118 1.00193044127935 -0.0513415834400984 67737.1742080311 68198.280705863 -512.939538792856 -13.2225374884942
270160 51805.7046862595 18829.1327238751 31074.8023239326 1909.01441294912 0.995855228024597 -0.051650682346285 67583.6198200846 68290.1088944888 182.175006538645 -13.2402973783559
270200 51893.249796003 18948.6446786801 31100.7087164211 1849.67163498769 1.00217610359276 -0.0519568251682503 67218.9025175926 68975.6123173231 497.772832218923 -13.3289940922967
270240 51867.8869488222 18890.5817062481 31105.00346691 1879.532554833 0.999105207258924 -0.0518637174047691 68117.1995278439 68742.2854591745 -346.134556984444 -13.265174570615
270280 51804.6680509956 18887.2497783311 31057.0496256667 1870.07928526123 0.998928984706126 -0.0508661370006407 66986.23750593 68045.7009382731 -577.85807481525 -13.1228679856004
270320 51897.5550173395 18994.6488979925 30998.8618593595 1917.54781620974 1.00460922374679 -0.0509344064538255 65998.1591373956 68956.5833282521 -346.366946049541 -13.1716146742497
270360 51872.5499068664 18964.8808623461 31042.4687774395 1880.38529298863 1.00303482016904 -0.0502853494423983 66590.0378405934 66762.2851730712 -115.234195807886 -13.0404422794243
270400 52050.1487929327 19024.3568776126 31145.1907576976 1898.10279906431 1.00618045101746 -0.0512284574787373 66558.3089581216 68277.8393062228 370.256993478127 -13.212834876877
270440 51892.3036811249 18976.5907422733 31071.9228937081 1860.84654288709 1.00365414477183 -0.0505635802929464 65796.0461361161 68570.6535320905 -552.268242173843 -13.0955391794851
270480 51969.8754872934 19024.8244576496 31065.6517574009 1888.24393785268 1.00620518088851 -0.0503013116735531 65789.7080203761 67959.5142431401 -459.10152890182 -13.0542681530773
270520 51896.5507017647 18897.1635666426 31139.3985730785 1874.6861968692 0.999453315702373 -0.0524449989335379 67898.067023589 70220.2458697078 -367.249231168816 -13.439473628698
270560 51826.4125693458 18912.409110029 31025.9607235423 1901.2567475641 1.00025963824033 -0.0505758450775125 66789.4455171599 67272.06472279 -187.162966037255 -13.0932703468503
270600 51903.1682038938 18945.5488723724 31091.4286892312 1875.44246854117 1.00201236929115 -0.0509551292656108 66746.1398265032 68262.8383426014 -389.551368225912 -13.1993834116906
270640 51769.2189686797 18788.2544107545 31140.2101436179 1857.15072081191 0.99369321225728 -0.0514113560318024 67428.028481413 68368.9170895602 -222.122885073765 -13.2295012609197
270680 51816.6715976009 18947.9971031564 31017.3538838927 1866.40677357497 1.00214185392867 -0.0530134740892897 67931.8876892317 70625.9365950646 341.028807451459 -13.5685103564214
270720 51968.0601454554 18922.6499507778 31177.8421615386 1880.59527186925 1.00080126673425 -0.0515902836420863 66851.0246659018 68831.7765122916 265.967316867646 -13.3045280713688
270760 51943.5998867139 18887.0699476361 31194.890176155 1877.39414142282 0.998919473628775 -0.0511057195009128 67073.9180698838 68585.8139006493 -698.086071607802 -13.2179115836708
270800 52001.1298129773 18932.5864950884 31227.6194631154 1865.76489832 1.00132680127401 -0.0508807729003422 66694.9242432962 67889.9955147078 -69.3474847056336 -13.2202018104658
270840 51989.6435859 19027.4792654841 31126.9769216452 1853.40421004064 1.00634559119313 -0.0525008295500674 67682.5224720037 70097.9457796853 56.3775133371185 -13.4704708814452
270880 52119.5967409878 18967.2587118541 31300.0223502737 1867.44519328018 1.00316058240667 -0.0513973688392178 67223.0356651988 68217.0457870261 98.8884694565482 -13.2730866310117
270920 52003.7354585813 18916.4418906477 31216.9266283289 1893.40047728785 1.00047292823735 -0.0518153600902754 68460.9867604308 68240.4740338688 -299.08631777161 -13.3493207749728
270960 51970.8920489477 18831.5788990404 31269.3617631768 1884.28708032016 0.99598460394237 -0.0526805963595278 68216.076096597 69703.9629399692 309.608083630914 -13.4700599299742
271000 51908.4682904143 18769.5967622944 31276.0526316235 1878.39796367248 0.992706426671659 -0.0503690497372739 65961.3832750345 67923.5051282654 -449.185125371254 -13.043856754917
271040 51966.8249860311 18935.5192230388 31154.6485894384 1884.33522900928 1.00148191051375 -0.0522534814383459 67470.542112036 69681.4591117663 154.681388326451 -13.3993925394467
271080 51891.3824953177 18870.5011554087 31136.9273241203 1899.41845262479 0.998043165696612 -0.0507662777622448 65724.8693021601 68571.582139407 -42.7540700311243 -13.1353686437955
271120 51773.7804730992 18881.6387743934 31029.1813106649 1887.37891532669 0.998632223953109 -0.0500565714915672 65644.639542912 66880.0129386158 269.735370707439 -13.0057990167871
271160 51896.4972833401 18961.8691446489 31059.9007215533 1893.10900674938 1.00287553323543 -0.0516009666300535 66901.3232351509 68715.9717185243 358.135030969475 -13.2812456387636
271200 51953.1824226412 18959.2130588576 31148.1681974526 1892.55586041667 1.00273505534088 -0.0504293152526984 66914.1148579436 66943.1928566444 -304.903407567695 -13.0913800973484
271240 51953.7964264573 18886.2569707045 31202.142464497 1893.30618005664 0.998876476038845 -0.0504260409020903 65782.2314655804 67754.6416658954 11.4938181708957 -13.0962120205766
271280 51996.8230769665 18958.740124135 31158.6404250236 1914.84763982927 1.00271004226551 -0.0511638298511256 66957.6717980542 68288.3715493702 -163.943482868119 -13.235561516021
271320 51872.2910932118 18962.6160741353 31054.5350275042 1884.30563036791 1.00291503763773 -0.0505786466935591 66548.0490753212 67614.3321074089 -273.864625451938 -13.1280608942894
271360 51909.0189413247 18949.6331856823 31075.1958942068 1899.4889420887 1.00222838480404 -0.0511698056066698 66366.9187963727 68593.7865813615 104.323790513841 -13.1937671251404
271400 51991.0082391772 18992.4764488074 31139.7654987815 1884.75108900951 1.00449432494023 -0.0505921837523446 66020.29278084 67820.8963625507 67.7451044578176 -13.1137449725575
271440 51937.638017336 18804.4226963748 31263.13294067 1891.40343606067 0.994548337769394 -0.0504483642318574 65658.2953071125 68699.9486874676 -776.372226217918 -13.049396564189
271480 52035.7767550983 19031.0449922871 31140.1572514407 1892.33300882708 1.00653417915045 -0.0508363908771617 66079.7465302287 68391.8663756219 -72.4376081557153 -13.1459072477994
271520 51824.8801611078 18855.0764353626 31103.9403426059 1891.97549113297 0.99722736667262 -0.0503313218886933 65935.2573101122 67685.607905809 -283.38894056605 -13.0383733537496
271560 51852.9518552898 18904.249215119 31042.8664874536 1921.01118376426 0.999828069026526 -0.0515558758449465 66633.2223765157 69514.8159692444 -242.522575669691 -13.2878600235596
271600 51894.3268184062 18945.3023300933 31008.699814072 1958.71624611045 1.00199932990048 -0.0508357468348746 66514.9346571217 68401.4052564531 -523.61423864034 -13.1179005384941
271640 51836.0019144198 18861.2306957226 31125.607746875 1878.11082746379 0.997552859749971 -0.0518361833710491 67250.0634766266 69698.2311931611 -496.678700648696 -13.2777359938652
271680 51909.1915155547 18877.1335112061 31112.7455939452 1946.14210981312 0.998393944794715 -0.0527810916704575 68616.3457770645 69668.7434143799 127.812581972315 -13.4821332741198
271720 51972.586074111 18967.0678660066 31131.3316277878 1907.60336015012 1.0031504887482 -0.0510715175321781 66245.1270732864 67998.0579488683 633.530769642413 -13.2078575649751
271760 52032.8959505722 19024.0898367436 31107.9737060005 1923.93780153566 1.00616632747553 -0.0512104373891779 66274.0819408596 68895.7246005425 -2.08636027684923 -13.2301177058867
271800 51868.5670550317 18905.4966013239 31046.5824463956 1929.5145386727 0.999894042116825 -0.0512168589571382 65994.1442733806 69063.0671066001 115.085270664545 -13.1995217750884
271840 51748.4888822331 18799.3933988949 31073.1124373691 1892.82986786391 0.994282342927141 -0.0515182161770462 66965.3177231264 68323.8887351616 528.060374333423 -13.2644970430592
271880 51811.1945439293 18820.1308049691 31123.6911324728 1889.53659157316 0.995379124948781 -0.0518404999095737 67629.8664407141 68773.6032264642 52.3450694559049 -13.3230944870035
271920 51928.6174936919 18894.6195530776 31134.4758235279 1925.569795345 0.999318765203101 -0.0514548997751595 66578.5468768776 69032.3041085172 46.7063244371135 -13.2737899453425
271960 51879.8135955333 18918.3286835922 31094.7473924542 1885.65429821959 1.00057271895239 -0.0511295102450747 66368.8767827749 68648.5789015125 -43.860732121561 -13.2138179283012
272000 51885.8792294166 18961.4159292544 31056.899849333 1884.33520572577 1.00285156309689 -0.0520730387618603 66539.6817392494 69932.7707758351 448.971206410546 -13.3757669778545
272040 51822.7317028931 18889.7332698223 31063.8788192797 1891.85349815043 0.999060334249492 -0.0506023992640773 67233.0517513424 66919.6473724798 -246.507463703023 -13.0868014067223
272080 51878.680776332 18937.0832048765 31037.6181282185 1913.35729236538 1.00156462805112 -0.0513208091493234 67086.5730679805 68550.6863592651 -254.921097933029 -13.2165750433943
272120 51792.1244070602 18850.5902789317 31007.0636751528 1939.63502174498 0.996990098052713 -0.0499507672270951 65193.3257227584 67263.4523859327 89.4509987003837 -12.9818184233833
272160 51884.6257262032 18905.8049526903 31060.5465079211 1929.10174467378 0.999910350532346 -0.0505253015134598 65714.5254738479 67941.3560283071 91.476216146454 -13.0901616292114
272200 51916.3517586547 18941.8220146759 31107.0565975341 1876.98864871431 1.0018152592715 -0.0512553095386868 66192.942424655 69369.0541606169 -258.879467943302 -13.2029675553187
272240 51750.7372659016 18813.2967339379 31067.5364700479 1881.10774800625 0.99501767732053 -0.050719862226506 66702.3261555905 67302.9813114085 129.90604752006 -13.1021618563217
272280 51856.275480978 18855.4228276701 31117.5690936021 1895.62418433945 0.997245687037953 -0.0519272769925867 67385.4004730326 69228.5961916952 51.5825646325106 -13.3150790876444
272320 51954.5468893419 18958.0555879759 31123.4554645711 1894.24482987692 1.00267383778796 -0.052043146316886 66406.4810578849 70682.798277179 -186.398085639166 -13.3458374501139
272360 52041.0145821632 19031.599749491 31151.6543400325 1887.70393269381 1.00656351974037 -0.0503431441753899 66992.9669677466 66981.9576683123 -605.450727347914 -13.0957164390302
272400 51952.1863851662 18903.7726574914 31194.8304048953 1875.92260061156 0.999802864339093 -0.0519365191464345 67261.1201153779 69418.9773499295 -15.8922994160178 -13.3585638147824
272440 52035.6157255296 18990.241673476 31194.8466013866 1880.4107337358 1.00437612976205 -0.0522750985164375 67375.8464618605 70181.2480171809 -178.640512800527 -13.3959210298459
272480 51947.4105693832 18876.9621363815 31244.074232229 1856.38481781455 0.99838488094045 -0.0527048250136442 68771.2772969235 69441.7467672305 18.6427640178158 -13.4378123298391
272520 51964.5155048209 18972.8570034021 31140.4783424868 1882.30205963316 1.00345667081328 -0.0513152914193052 67313.3443675116 68048.9630449918 9.07838287491846 -13.2418515537393
272560 52030.3060523267 18972.0661661962 31148.7726075278 1948.54326058099 1.00341484417274 -0.0522279389786182 67837.3424969795 69484.2578041232 -30.4179827742994 -13.3938765050447
272600 51899.352042797 18962.2432735337 31071.8076464978 1897.02707132172 1.00289532056241 -0.0511914678498201 66788.0807965069 68425.315731278 -94.4147645210656 -13.2306811645741
272640 51848.5328783545 18853.994916257 31115.8486443915 1902.91992594526 0.997170166138145 -0.0519603039680639 67858.262135124 68601.2561056808 250.382080718702 -13.3767561036226
272680 51887.3178259124 18943.449768055 31082.5388670059 1890.26901228721 1.00190134962607 -0.0511397397256138 66007.0301278819 69195.1816420388 -168.419205630846 -13.2319579144851
272720 51934.3014158211 18908.3506433698 31162.3628858279 1883.62740028131 1.00004498973264 -0.0530907326624019 68177.6396446314 70061.22442418 811.025537655688 -13.5235000781613
272760 51907.4934836433 18942.2658648159 31072.8230994624 1906.97648035712 1.00183873409049 -0.0521633230442283 68133.1214813899 68896.5665015537 90.7878846719381 -13.390710927054
272800 52063.6319543228 18938.9836386693 31258.1099955323 1889.58022468483 1.00166514021786 -0.0526826046234579 68144.5962986501 69983.372650834 106.922705166274 -13.4791933046239
272840 51823.8131678741 18831.7916347651 31088.7545459717 1922.69131539907 0.995995855335984 -0.0526760837637842 68597.3005081513 69211.4962037223 370.170574417493 -13.4873958780044
272880 51888.1071449011 18877.9233700511 31114.7981360408 1919.31011226147 0.998435719690655 -0.0509160853099841 67556.777973329 66772.4916603988 248.713704134478 -13.1839572763586
272920 51893.1170140574 18951.3722659692 31088.0158464981 1883.80284949539 1.00232036313469 -0.0502131317483157 64816.6054068498 68035.7987932726 265.85045342544 -13.0647783225482
272960 51953.766290994 19030.9878978915 31108.7802629768 1839.98010045643 1.00653115948124 -0.0510311169863881 66731.9484691993 68003.9277054369 51.8272517434138 -13.1911435728845
273000 51824.576476685 18870.6781299638 31088.3597166354 1892.61275319265 0.998052525715395 -0.0509213310366688 66400.2581944371 68020.5911772466 155.029393046642 -13.1240338173076
273040 51886.0750458448 18962.3389272773 31051.7584618118 1897.35826703426 1.00290037959949 -0.0507643098184644 67604.5073210957 67189.557157919 -504.447591562473 -13.1619132968759
273080 51811.3964118677 18891.2896659618 31045.7313819611 1894.45104828042 0.999142650586371 -0.0522947738973678 68542.9841915315 68796.782544271 71.4405062236851 -13.412044847599
273120 51841.4084567608 18857.7514316102 31119.247564913 1887.44681611697 0.997368844723531 -0.0500088344276365 66093.3328133525 67321.0409525527 -733.720966781059 -12.9974256518813
273160 51770.9054055737 18845.9708692529 31047.9249615491 1897.58445308718 0.996745781793093 -0.0528342786010067 68367.2985679278 69445.9619850347 695.81713804019 -13.4928268414563
273200 51974.0959579495 19022.6917560728 31063.8335872421 1907.05167471445 1.0060923842958 -0.0504687354656441 65518.5778990074 68043.6213368055 56.9632173863575 -13.0895134693429
273240 51796.7307021292 18894.3523414145 31070.331793368 1847.45671635056 0.999304632628029 -0.0513100964091989 67064.6848005235 68555.7307646563 -223.119882896177 -13.2384697985407
273280 51927.4494422516 18984.7723706515 31077.0487625657 1881.01888020062 1.00408686344845 -0.0505876055142767 66195.751498711 67959.6314768793 -234.880175772898 -13.1279613285748
273320 51816.6218918271 18955.2950757923 31002.7239825393 1871.97867575259 1.00252783687914 -0.0512993452483423 66548.3399188739 68853.6042781839 -46.6122397051873 -13.2364189629406
273360 52009.6070143398 19031.5672680694 31108.9402344502 1893.63046459906 1.00656180182834 -0.0514985407203486 66861.5394237989 69116.6014803978 -212.403364516113 -13.237546302943
273400 52022.9399098931 18983.3502053957 31168.2638495488 1901.10198581833 1.00401164645753 -0.0503143746014018 66254.6537780026 67438.6146817638 -374.625371926167 -13.0757751306583
273440 51913.336313113 19006.6749396536 31017.3460144696 1898.97219280916 1.00524526984814 -0.0512904975150973 67349.17108756 68253.887410152 -282.830692199182 -13.2325936123188
273480 51812.4174719329 18939.5897022132 31024.3369075631 1860.48385306528 1.00169719435215 -0.0513946978367109 65585.7100174897 70160.2143518967 -191.025590273534 -13.2470521019543
273520 51934.7601683877 18946.0330611104 31093.3403151887 1910.14342308671 1.00203797758087 -0.0509877419281832 67668.1582777984 67959.7954603917 -939.930020463427 -13.194161955443
273560 52042.0772184679 19024.5457713259 31133.4295294801 1893.82600374036 1.00619044142937 -0.0514602443119353 68013.4727993772 68015.9326640451 -364.584239806077 -13.2655027296096
273600 51853.0090071606 18827.8013739345 31145.1400712203 1894.13626195611 0.995784814170806 -0.0523919532859933 68459.3308482472 68522.8108717061 625.046262970821 -13.4089141607524
273640 51931.1898169178 18966.6504377912 31119.5715717723 1859.50684371152 1.00312841136011 -0.0505862152818034 65604.2246091125 68771.5268185115 -502.612204122734 -13.105760954835
273680 51916.3373164455 18930.3534382846 31133.8882298623 1863.30229528738 1.00120869698715 -0.0520036076910444 66790.2042069264 69773.9509187393 229.324077996024 -13.356057083315
273720 51935.7937350924 18929.279291458 31132.3339544577 1883.3228647092 1.00115188636562 -0.0510237252356644 67152.919432707 67793.1504104475 -138.004348567345 -13.1949431559761
273760 51844.3175361774 18958.7198361245 31047.1777497683 1860.60903741024 1.00270896925159 -0.0517772570905145 67538.393986608 68991.3172229887 -198.103754914332 -13.3179813932759
273800 51809.4462738701 18870.5026997816 31084.2549009516 1862.36266389668 0.99804324737705 -0.0517994628415681 67538.2861680505 69074.2135747912 -245.25018143025 -13.3038911040889
273840 51902.2274936329 18970.8749251265 31089.2582480465 1862.3189448651 1.00335184054616 -0.0519681802722803 67026.6171343441 69350.4617682721 349.831934885769 -13.3992517034193
273880 51871.2827592305 18905.5609159484 31118.4473997911 1872.83137934536 0.999897443657195 -0.0523201439848269 67787.854795604 69718.9882571143 -51.502391815369 -13.4269522348213
273920 51763.4303793295 18814.1468750104 31077.0410332043 1899.90759315335 0.995062640487127 -0.051330030770914 66957.5526278709 68767.4588759905 -312.318226008675 -13.2283923280378
273960 51965.7919486649 18953.3852649463 31139.6675141891 1898.61177364725 1.00242682876881 -0.0509318804368606 66045.0562134319 68424.8056680981 126.245475926131 -13.2239399405897
274000 51872.3993637 18825.445211985 31190.8351943144 1879.03858536391 0.995660198967869 -0.0529753816602411 67765.0214684506 70695.9742164743 338.780299863269 -13.5180265636003
274040 51945.7928343644 18968.9396197045 31092.6222339233 1919.58532273577 1.00324948405154 -0.0522635585755675 67383.5566285904 70134.0160513128 -148.031409703069 -13.4169869144352
274080 51880.551397855 18862.0086005564 31142.8653102092 1910.55024479853 0.997594002409435 -0.0509075415225217 66993.7179281876 67305.5496056814 257.330480493187 -13.1185089373868
274120 51849.7935046482 18921.1980483929 31039.2462245221 1921.94168525813 1.00072447697437 -0.0507280018436981 65972.0357822834 68857.3380664912 -674.932985543606 -13.0743862904953
274160 51920.9237931377 18813.8490843599 31270.5520460082 1873.59910823352 0.995046890618001 -0.0515251277801618 66504.8126470777 68666.1239570714 654.364479818923 -13.2304407437938
274200 51942.1560893816 18955.1764833435 31118.3388261909 1898.05890970972 1.00252156463538 -0.0509318728908482 66863.0981681391 68132.7444331559 -381.322838494837 -13.1753484114169
274240 51950.4557479493 18914.1036798623 31154.9785478195 1907.47303921376 1.0003492624547 -0.0520057858520193 67218.3425615346 69688.0818611024 -55.9976494976154 -13.3380068472171
274280 51868.5712058227 18875.0765957877 31098.3039685806 1922.44849276351 0.998285156461072 -0.0518232481161626 66653.7770866537 69524.5454665842 237.982120646368 -13.31470722469
274320 51787.5239898357 18880.9367246268 31041.8913113435 1893.40164205829 0.998595093197241 -0.0516317967225188 67014.4775621206 69210.0857547041 -204.475163938136 -13.2560697331592
274360 51923.4010949733 18865.2619489887 31214.342084901 1879.51691054544 0.997766068966743 -0.0511859231632435 66294.8930279368 68237.5344592935 582.505442072939 -13.1889874121072
274400 51940.0727757962 18957.5100131598 31130.2229113413 1882.71429846144 1.00264498284595 -0.0502885055960802 65981.3322216849 66856.2452175875 441.114467832504 -13.0654000524958
274440 51877.2959253501 18898.499833783 31079.5716267538 1932.06455975638 0.999523989622268 -0.0513142949297922 66088.6728878964 68988.1121263635 299.829160248964 -13.2223283257481
274480 52022.7163070254 18953.9636050849 31192.1382279881 1911.53961534874 1.0024574166381 -0.052335453970208 66407.1897003434 70885.3026657077 213.269793440363 -13.3907192229235
274520 51977.8953831627 19007.8395019073 31109.0403120091 1913.40336876398 1.00530686245708 -0.0507175609820249 67060.3363947619 67030.5310994593 100.414368959466 -13.1376361503791
274560 52023.36240086 18961.2744364811 31184.3328719112 1925.23616899027 1.00284407967638 -0.0498379335864535 66290.5996474983 66474.4903255374 -383.572966720972 -12.9959722711873
274600 52006.197628871 19006.0714978782 31131.8793038784 1908.94810629209 1.00521335437674 -0.0512476182545339 66732.9097429642 68788.9180790568 -283.619756503938 -13.2445996133527
274640 51822.740682724 18892.5833933725 31021.1672427957 1935.45103281923 0.999211074619726 -0.0501074325819107 65634.9049379584 67526.4784252378 -295.859039292499 -13.046312850731
274680 51860.4919164084 18935.4519293675 31018.8321678541 1922.65329585923 1.00147835141439 -0.0516940112842574 66858.039060361 69626.2374259626 -318.407496413876 -13.2938525613754
274720 51860.6490279057 18943.2894177585 31045.4857210043 1897.79720718241 1.00189286884879 -0.0506112259772053 66797.9584564376 67607.7778729641 -501.072511185166 -13.0901452557405
274760 51857.9542934314 18877.1230267988 31077.2080549365 1920.37016597028 0.998393390284215 -0.0507115073084687 67342.6237848845 67223.8166964012 -413.631131445089 -13.1002631529631
274800 52032.3567872184 19064.0427092826 31083.1325797376 1905.76994089794 1.00827939755561 -0.0509434114411913 66726.1800378213 68201.2973150584 -320.387448442496 -13.1983895289233
274840 51920.8032170273 18941.2367996464 31081.2148047703 1924.11337302968 1.00178430779566 -0.0499756224942005 66417.537834551 66955.10010933 -771.254345789488 -12.9857936790117
274880 52052.3152059224 18975.3316433232 31195.1436463492 1908.67705704413 1.00358755220538 -0.0504160594170306 67272.546832178 66682.4433286387 -454.299978591329 -13.0709317714575
274920 51800.932329713 18874.5483889627 31062.8003257677 1888.73379659636 0.99825722009587 -0.0516555616701878 66423.4346755409 69594.1001519609 53.2875248925386 -13.2522979719639
274960 51840.9834164962 18887.3092359274 31097.7542739532 1876.74031435537 0.998932129362812 -0.0511012639974424 65533.3592490605 69182.0425630245 206.495989834814 -13.1539264597906
275000 51970.2172141714 19016.2419517957 31075.8109261819 1898.36334655121 1.00575126017695 -0.0516477447783431 67745.2983471435 68395.6461161709 -33.0200774805179 -13.2855913526351
275040 51845.7995225629 18869.3083460254 31086.6835507405 1912.11792854482 0.997980079123387 -0.0515552740998278 67496.1947830399 68426.3155297552 -41.7831980606877 -13.2808482342111
275080 51798.7729537895 18873.9134802313 31044.233374972 1897.91551025637 0.99822364036659 -0.0507025927158187 66132.9979113875 68225.2875428309 -254.485155643306 -13.1256951616063
275120 51763.3165471816 18883.95739682 31024.0775690926 1873.38551503548 0.998754853725771 -0.0503566255725275 65536.6780301182 67504.903692044 350.983659164003 -13.0662999573461
275160 51951.3414682275 18963.0802771639 31125.2724963633 1872.04379826334 1.00293958890196 -0.0510008437416142 66027.4957700611 69295.0648228653 -599.047862557818 -13.1776919381635
275200 51861.7778795585 18884.4945188868 31091.5229163473 1900.14147844765 0.998783261609775 -0.0519852542699877 67790.7278122542 69046.4829814217 -55.2848079859203 -13.3330534854327
275240 51823.3486051185 18922.2775181281 31011.2425792961 1904.17413200254 1.00078156911956 -0.051738513338265 67891.0365839978 68440.4881259232 -71.2056536368755 -13.3217267012069
275280 51898.2699899965 18903.9679748723 31098.0270188402 1912.76811135697 0.999813194492784 -0.0506893914401783 66014.1459744744 67919.2701790275 131.152359097329 -13.1443947579014
275320 51827.4313862336 18871.1096092002 31083.0891251637 1892.03105293206 0.998075346248856 -0.0516195088322971 67965.449058561 68739.8202665096 -683.185220767488 -13.266343709191
275360 51813.5939162624 18917.2048125574 30989.722992869 1925.45547588313 1.00051327846396 -0.0517244521625081 67105.103348817 68966.2007614113 157.734292401288 -13.273799724843
275400 51809.9394035837 18782.2588421602 31129.4543044417 1913.19399302369 0.993376112239069 -0.0531343773068656 69251.4255365821 69786.2641672225 87.6629155159163 -13.5302892680965
275440 51933.2571709648 18915.1191629192 31104.9400614983 1937.89153521774 1.00040297040429 -0.0504263177416881 66517.4349113169 67611.498445067 -572.451006276362 -13.1055151833241
275480 51992.598082897 19055.3091294348 31044.3857915298 1915.49579284954 1.00781748668173 -0.050162464054558 67403.5875059408 66170.7121880318 -526.768627610181 -13.0732492896958
275520 51822.4888606821 18859.9846234539 31086.4741751112 1902.07155780351 0.997486956152525 -0.0510758983194359 67697.3333401274 67836.4104571055 -607.437846276302 -13.176318473304
275560 51909.863065229 18980.1076672475 30995.8184759488 1951.96384999854 1.00384015164604 -0.0507132048104783 66847.7388462545 67527.4064264418 -243.043574492669 -13.1367730236079
275600 51925.7761540784 18971.663076128 31065.0130294929 1901.84451635533 1.00339352511585 -0.0512555345745271 66109.2635087581 69275.0840887082 -114.259403663718 -13.2397417800387
275640 51769.5845527775 18898.4056705791 31010.6969064413 1885.14066801801 0.999519009418437 -0.0509564241272842 66778.8847787203 68114.0328332711 -227.680090068568 -13.1768126098395
275680 51994.4373342058 19023.6080729715 31082.4129272343 1912.92686759098 1.00614084743999 -0.0511047983227806 67429.1320767946 67680.5404797159 -154.977900189147 -13.2211978330331
275720 51913.4067864568 18882.7956354635 31139.0737578284 1914.11489029843 0.998693409253655 -0.051616305841256 66445.4145564182 69608.1430249408 -65.4929831496816 -13.2804103364397
275760 52079.5272365126 19079.6454269091 31089.6931250178 1930.31016917562 1.00910461070523 -0.0516667683781559 66779.7412956034 69184.5610626806 147.541938228728 -13.3430151779998
275800 51856.2148316775 18884.5345862061 31098.2434046549 1888.35970190991 0.998785380732834 -0.0505296300635946 67203.1494869635 66911.5591986074 -336.568840714002 -13.0962252300212
275840 51789.2718203955 18841.9144211701 31045.8492220338 1918.02952525089 0.996531240046017 -0.0510658296331104 66882.1857821823 67945.9740172039 41.7579857893409 -13.1578134870515
275880 51949.4450204569 18936.1221813058 31099.9928963217 1927.64833550207 1.00151380041284 -0.0527768877036506 67836.9624275435 70563.5592404856 -12.3559397850621 -13.4977784322606
275920 51886.9458178439 18840.2014008573 31152.5715799273 1915.91656322282 0.996440640003029 -0.0512008158768993 66856.7379023216 67947.925595747 338.021488861919 -13.2390431686407
275960 51895.0833784888 18903.9474207609 31145.566897965 1870.71391868849 0.999812107405046 -0.0502581145089991 65323.3084610374 68146.2767222001 -229.582701252992 -13.0674463324103
276000 51942.4901249187 18878.5469992316 31171.9644477169 1913.03229320583 0.998468702855034 -0.0511316448977599 66790.6707705807 68754.9583080794 -525.400036718325 -13.2076733752319
276040 52074.8353026266 18964.495609915 31172.9314560415 1949.04411004387 1.0030144445281 -0.0506082350793448 65335.4585005963 68902.5157456624 -301.252358153668 -13.1314232588714
276080 51991.7847573128 18865.7096168739 31205.837309238 1929.69642129641 0.997789745702706 -0.0522654590638256 68741.8963134839 68502.6525805282 91.6982704730993 -13.3981560736119
276120 51858.237125281 18880.6939853075 31080.2465857784 1910.26729563428 0.998582254941559 -0.0506053143805461 66394.4207709225 68303.9007214174 -782.992024305403 -13.1085242214693
276160 52015.3329511364 18920.1033256543 31207.9291448035 1900.30802647263 1.00066657811209 -0.0508613670459297 65483.1914083738 69208.8698935142 -260.969910021984 -13.1479998356084
276200 51893.8311670748 18887.9948451197 31132.736279596 1889.23190906852 0.998968390592079 -0.0524873978113967 67325.9309257744 70095.63749942 374.748845450055 -13.4243430333945
276240 51898.0686800937 18844.3423193333 31183.2765079262 1888.24264945627 0.996659649310234 -0.0511479061502777 65829.4351563587 68839.6963877372 380.274261733309 -13.2083786485703
276280 51921.3006515392 18894.4049883346 31153.1133235627 1898.40035265744 0.999307417074422 -0.0512285057655733 66082.297861134 69313.7063944098 -194.97704955958 -13.2222623017643
276320 52031.298498061 18926.1269550778 31224.67174545 1903.22954053368 1.00098516224132 -0.052380140888314 67719.7922914625 69506.1802305549 343.846685544935 -13.3875186024808
276360 51975.3500811979 18899.9539169372 31191.2955645444 1913.76836034205 0.999600894720994 -0.0511507818234225 67084.2912792027 68259.0687844564 -299.0552195989 -13.2150887396658
276400 51819.7872126161 18900.175680886 31025.0921686795 1929.70733788198 0.99961262360894 -0.0507218240652708 65771.8009357582 68281.8995699452 104.945627674751 -13.1559033800536
276440 51965.392781904 18876.3581097653 31177.8935777689 1939.13350856946 0.998352934537367 -0.0506794507685708 67100.520327629 67355.2225186527 -395.972811421474 -13.1237191311566
276480 51917.0263177352 18963.3920180164 31066.3073576458 1911.73414364389 1.00295607658423 -0.0508748463113656 66394.6968595734 68786.9349206534 -721.461076445833 -13.1952157468364
276520 51986.5355970292 19058.9003309089 31019.6750923484 1929.72368302133 1.00800742197059 -0.0499320209893678 67088.8218020011 66083.1030031416 -611.022580005914 -13.0923628476148
276560 52041.1641804723 19072.3880150463 31061.2518783833 1939.25394455483 1.00872077297614 -0.0518292549353226 67694.7749540691 68398.5926689625 353.754979218832 -13.3739468774566
276600 51766.2637321188 18815.7718439906 31059.5566921034 1923.45006716972 0.995148583577448 -0.051181732166494 66201.8685662785 69213.4323499635 -330.956106396078 -13.1874358577195
276640 51800.8366998219 18927.8093090083 31040.246615978 1862.66821017198 1.00107414036802 -0.0513278132062249 66880.9171547116 68702.5723825392 -171.232671941059 -13.2067043161336
276680 51757.8028665284 18904.2809043183 31013.0128556145 1874.41173505603 0.999829745038653 -0.0526865797142991 68823.793759686 69417.5133096273 -17.1995545870305 -13.480330640406
276720 51804.9604330234 18885.4611230295 31005.7845610276 1942.2359713387 0.998834384399289 -0.0503349519846821 66649.8924564284 67266.5161603405 -540.447136422035 -13.081750758156
276760 51901.3666777146 18911.7561886152 31114.2703263613 1918.35510412531 1.00022510583711 -0.0540912962017578 69475.7968844295 71462.1956173764 200.899122824831 -13.6836100706925
276800 51798.0922537926 18920.7612073874 30994.701103008 1919.55741093919 1.00070137286195 -0.0507926719625042 66223.9036178691 68567.2579517292 -469.537280759267 -13.1186310269815
276840 51895.6840564148 18946.1138403138 31052.5955234616 1938.55496829604 1.00204224991743 -0.0518810701060438 67620.1371018368 69129.6334431071 -202.906624265578 -13.2817671996502
276880 51887.8930685954 18933.2467439659 31056.8741895208 1932.35397892049 1.00136172121994 -0.0516272738804736 66580.5480806036 69220.9419550269 240.632931155614 -13.2654503664608
276920 51839.4325000754 18816.3967051771 31134.1811621112 1930.49669216572 0.99518163190147 -0.0514898015450393 66921.1631915503 69045.5774640582 -229.744759152526 -13.2323346820339
276960 51800.6432905455 18887.4937768463 31033.2470610576 1911.74579882451 0.998941889559501 -0.0520116303462508 66838.9083695914 69219.6822236312 752.085128349211 -13.3581593995628
277000 51888.9525213766 18926.947219929 31089.3983229286 1896.73952644652 1.00102854528251 -0.0501479659614901 66085.7990307764 67282.3762894525 -365.854411548791 -13.0640255834454
277040 51896.3920421167 18917.7465330202 31135.6508757955 1881.33198299229 1.00054192955283 -0.0502302615121021 65676.21821473 67704.6081283547 -231.512963822609 -13.0453608560789
277080 51826.8377339775 18873.3940669355 31154.6408545073 1838.79926548203 0.998196169082931 -0.0513137568530666 67760.3766039556 67738.7585571875 -127.467102400606 -13.2348601711587
277120 51966.6109223726 18967.9440115587 31166.2235556634 1855.47517242391 1.00319682726742 -0.0505646275107539 66121.9599992007 67777.5933732708 -45.9902152686354 -13.1029961240956
277160 51847.718789297 18966.9600541958 30998.6124744811 1904.71151779892 1.00314478668231 -0.050686860509988 66847.5765038006 67621.3427085465 -357.850954068853 -13.1367753153668
277200 51903.7847378069 18945.1064227868 31091.9242214423 1894.97884067332 1.00198896854618 -0.051927528585707 67640.364656605 69458.5169455392 -433.593574138224 -13.3424112292482
277240 51942.0600345159 18958.1157187642 31120.2756749962 1892.34428393137 1.00267701804915 -0.0525672758692843 68059.65446746 69543.2983837113 357.530132883821 -13.471745881239
277280 51820.7365566425 18904.0267403885 31060.8667545207 1878.47300843858 0.999816302546002 -0.0524954290746072 66902.1819560389 70978.2814027822 -54.9624147249741 -13.4301159662344
277320 51869.3073257726 18970.9419412686 31040.735099138 1879.85666525093 1.00335538496726 -0.0514608501140575 67700.4508592015 68231.3835213242 -253.976045466293 -13.2065308158703
277360 51933.9728548506 18902.4474511305 31138.5003625019 1917.34270396836 0.999732775413485 -0.0511533894507507 67025.4105593174 68480.8908068598 -392.790130134499 -13.1776986156649
277400 51971.4968562603 19095.1240281938 30996.1363307013 1904.63712185069 1.00992325945756 -0.0509484375776059 66440.2261143845 68372.341304285 -204.395512861231 -13.1454590839656
277440 51941.9678159569 18890.9681944406 31146.0753506302 1937.19555260824 0.999125648258133 -0.05066537090701 66328.4808016193 67626.9709411565 59.2525178166773 -13.1189407515512
277480 51964.2496336645 19018.7522554094 31075.2117691514 1889.82864450033 1.00588402778841 -0.0514707464009215 67426.3895362395 68710.918770649 -431.249961785591 -13.2634967034906
277520 51797.9409030783 18837.7415170106 31100.2056272158 1889.5820569077 0.996310539045913 -0.0501992932393668 67552.1320294905 65645.9791838579 -131.106911973531 -13.0039396131633
277560 51956.9452069786 19004.6665528254 31068.9752808232 1898.74434787819 1.00513904814626 -0.0509223648275701 67383.8231112494 67638.9043142503 -451.129610172127 -13.1757356728922
277600 51882.6620870311 18976.3395356265 31006.2939328113 1921.01880733871 1.00364085868711 -0.0504074171261284 65665.0443763223 67363.2090405652 463.522755771011 -13.1087622914621
277640 51959.4069477193 18985.2984131755 31113.4932700164 1891.40931734513 1.00411468534579 -0.05067853697429 65668.764250191 68534.6641179301 -40.5130336986036 -13.1541724904278
277680 51815.5499763314 18941.3395551296 31005.0001721744 1907.13392485705 1.0017897424371 -0.0513061877211751 68215.5893446084 67538.1787123812 -405.665059519197 -13.2371897012802
277720 51860.4229928917 18880.6239969284 31096.1500385723 1912.4925750222 0.998578553321615 -0.0522354899821588 68234.210630988 69655.5284570417 -620.354824611945 -13.3744003510027
277760 51934.1050671187 18964.5640317392 31111.0059704301 1900.65403304161 1.00301806329442 -0.0516236909114164 66692.7226295296 69255.3621495218 93.6433475996665 -13.2728950881817
277800 51905.0028911577 18958.0128182034 31095.4852575221 1894.58036627502 1.00267157573468 -0.0518191323718243 67491.8188116726 69287.7799218971 -306.179158934501 -13.3060088632886
277840 51759.1686375356 18805.0026457546 31081.33009952 1895.04293923339 0.994579010749947 -0.0507122186707437 65913.5200550762 68356.9816360268 -107.378682365091 -13.0829546474241
277880 51799.6066562081 18803.5575562966 31109.569896389 1917.29515685214 0.994502581319402 -0.0506168616848385 66745.5208018 67408.3551018923 -214.621637038918 -13.0976175610191
277920 51816.0233741238 18836.8049374753 31120.2719808836 1890.9572774906 0.996261004229818 -0.0511635453446481 67120.8135709146 67663.8150415024 257.693891531003 -13.2038547114643
277960 51910.2763213103 18985.854878763 31053.2589291822 1892.56806380865 1.00414411629052 -0.050870600378715 66734.3278184115 68579.1311316028 -831.2633371918 -13.1817264519203
278000 51819.2997070851 18968.6681134986 30978.7447300789 1902.27815459354 1.00323512434212 -0.0505140262702814 66805.9957050171 66972.9018601683 -68.4577460760236 -13.0943051477517
278040 51897.4279091674 18952.2929677238 31074.4175463891 1903.27070516148 1.00236905818981 -0.0523564831650046 68503.6986331923 69446.6774702683 -351.822802039963 -13.4371765609218
278080 51946.2441070455 19017.0212371496 31072.8639358706 1889.25122122653 1.00579247585083 -0.0504256767520266 66235.4386915934 67527.4543923452 -225.934435880435 -13.1238855893387
278120 51761.1718276469 18864.6331571956 31062.4828112364 1862.78594562095 0.997732812756607 -0.0507307575521518 65607.7272418947 68587.7587083354 -2.03815689360753 -13.1091457950634
278160 51801.271871408 18796.629441638 31120.1747500363 1908.46670822242 0.994136159811607 -0.0512293706950884 67379.3157127461 68098.1612820686 -281.101540830702 -13.2074174198388
278200 51809.8243331016 18893.2874583095 31050.0942079295 1889.35943083905 0.999248311956076 -0.0515657041608593 67625.6295925248 68267.998674709 -7.22627900479929 -13.2504952424014
278240 51982.0230039836 19029.2199622262 31091.6865142072 1878.8867636609 1.00643765501659 -0.0514456157270958 67750.6298538708 68419.6796800829 -526.405064815115 -13.2651745910101
278280 51723.3521260878 18878.0381296124 31001.9258098797 1883.72865419947 0.998441789216576 -0.0525385581059132 68201.2597851775 70031.0744626722 -322.139067178779 -13.4294532781786
278320 51771.6110913984 18881.4481329503 31029.2874354716 1885.01072534576 0.998622141105399 -0.0509598386207553 66515.2691931146 68285.0903788985 -94.155226112831 -13.2039998329723
278360 51885.3279483707 18992.3752586405 31026.7457539714 1898.64881725101 1.0044889730869 -0.0506018300793208 66919.8012982858 67304.2228794398 -285.87364871306 -13.1028710558597
278400 51825.2849565641 18931.5822930976 31050.0044499008 1873.866377962 1.00127368996946 -0.0499937200342658 64908.3694555996 68337.6446554256 -618.03438579189 -12.9921752363171
278440 51903.8175005502 18920.9496318901 31107.8811069609 1911.6870689627 1.00071133845776 -0.0507217127432182 65602.1864984407 68413.9810953752 155.10731163188 -13.1408890586362
278480 51878.3491033014 18913.3640384989 31082.5959648913 1905.7265647303 1.00031014351442 -0.0512653653084529 66879.5357644216 68801.0222217613 -393.838546029817 -13.2162002672132
278520 51859.2605153889 18900.3297265259 31082.8164185689 1907.83677499138 0.999620770938829 -0.0511868543237425 66607.0001302984 68378.2266570306 115.889056811486 -13.2065357642089
278560 51882.6316158911 18941.0379906804 31066.3352404662 1912.73628300538 1.00177379297529 -0.0529408350925868 68515.4567528551 69849.2008447349 356.508930543404 -13.5340660176881
278600 51957.5965168857 18921.3828251637 31148.2232614926 1916.0193630754 1.00073424964505 -0.0516166459241165 67460.6850258038 67886.0236093878 640.337402595445 -13.3083735034485
278640 51895.9454565331 18842.693990114 31137.0511060785 1946.64470080083 0.996572470718711 -0.0522339217011525 67926.3035141667 69555.5912809746 -190.663473616232 -13.3608755235971
278680 51886.3724273342 18866.2089555223 31103.0128091112 1949.75004030137 0.997816155257029 -0.0512386994751597 67487.14687532 67744.3939285262 14.0636123177918 -13.1790661439377
278720 51969.1944251185 18891.4271234541 31172.765380703 1931.23915397046 0.999149920584643 -0.051362590049686 66277.4974687204 69380.2190609356 -179.381841943425 -13.2290458327069
278760 52033.942256759 19054.1254499315 31090.2498377034 1914.34799229349 1.00775488297932 -0.051116336388726 66580.8903802317 68270.1893556596 129.955227371293 -13.2279933391945
278800 51824.6436451448 18926.8105304715 30986.4644989638 1924.35692770847 1.00102131590488 -0.0523798869106372 68942.8273453825 68708.7607422938 -70.4346898062897 -13.3928305933366
278840 51740.6640644083 18912.2775597008 30929.0495981961 1919.29893115076 1.00025268066645 -0.0517980795948803 67420.9186698652 68880.4189289315 60.1356171820261 -13.296338855033
278880 51942.9585912315 18977.2887679845 31092.0052633756 1896.63676515843 1.00369106269917 -0.050098277251741 65498.3066285199 66714.5606077595 685.555836602741 -13.0245786774535
278920 51726.2399710655 18814.6805697191 31039.4562936587 1898.21444345479 0.995090867101365 -0.0520663153855823 67632.6408223559 69264.750574728 39.0702819784215 -13.3208438144066
278960 51922.2337778351 18904.7113521108 31131.3960999098 1909.27502111622 0.99985251102001 -0.0506066388486134 68292.7818541236 66357.4478710707 -725.47068512622 -13.0543740262338
279000 51838.0861425164 18923.035745463 31014.8403283353 1912.89049843147 1.0008216710545 -0.0501380938610318 66940.7438593706 66446.9108009256 -435.354518927207 -12.9763023952644
279040 51836.9223012607 18916.538995569 31000.6377701631 1930.78487652129 1.00047806402586 -0.0513527820737992 67642.6062675697 68457.5582697113 -639.292334424391 -13.1870016692939
279080 51785.0915278151 18889.6554825094 30988.998375344 1927.63078400553 0.999056220151234 -0.0509544965185459 66939.4938018992 67687.9398110069 16.2231076015823 -13.1421039972986
279120 51815.0003110995 18932.0148280616 30997.8626853531 1899.69767503279 1.00129656633937 -0.0512965682180023 67321.3472825773 68026.0973363783 19.5149489975028 -13.2395028659271
279160 51974.8346311074 18902.6546265526 31155.1546612811 1937.2634014139 0.999743732727889 -0.0512272866371889 67109.7365684929 68230.0204121413 -148.154980316474 -13.1908614006544
279200 51881.6304175555 18883.2987743142 31111.9170503258 1907.669633226 0.998720019797127 -0.0520975072643943 68124.9149499362 68826.3311395616 30.9870026598269 -13.3528773430116
279240 51947.1581559846 18952.7300700711 31102.6192467333 1904.96710983358 1.00239217612435 -0.0512505116721547 66417.2104880991 69242.4709362951 -414.121729631312 -13.21353685487
279280 51891.0641827743 18884.9464537195 31131.6788612383 1888.62521880992 0.998807164020599 -0.0525508619718443 68577.8487923938 69750.7590306324 -382.261570362275 -13.4294322883833
279320 51906.4777632307 18864.8748657628 31159.3668770866 1900.37479873526 0.997745596496775 -0.0511951619008425 66670.9320034009 68470.1035391355 -0.660196551724261 -13.1786570546683
279360 51981.2641205869 18987.0897915566 31122.4536962004 1891.75699780233 1.00420942967376 -0.0505968968412564 67261.9981008049 67022.1821633555 -363.0525597725 -13.1197258211797
279400 51942.6597090628 18936.3585553298 31156.507603481 1867.08198023261 1.001526302014 -0.0515920996473878 66800.390414884 69159.5398451008 -14.3661819337468 -13.2480556446482
279440 51873.8155700884 18945.6022623712 31071.7971583733 1871.34793027467 1.00201519303828 -0.0503703440156062 66491.0564863242 67344.2941566491 -401.532160728381 -13.0881195551083
279480 51866.613019016 18919.0397165688 31085.234816453 1879.49281537541 1.00061032482183 -0.0509244335095534 66852.1866303897 68309.8620252075 -602.042659063135 -13.1660146144981
279520 51937.4463381869 18907.5941995972 31149.4220701847 1892.14864609637 1.00000498212864 -0.0516258950974401 66873.7396761031 69412.3854821174 -275.313102643952 -13.242924772868
279560 51847.9124256799 18881.1638913182 31092.4208420182 1888.31224545192 0.998607107831187 -0.0518581963829426 67371.6527918339 69150.3406909263 -28.0519650511575 -13.2753552751656
279600 51852.6726718601 18816.7535344371 31133.1759423528 1910.1424980431 0.995200504267467 -0.0510438830567919 66642.2981162077 68161.0845539482 1.21636186236182 -13.1429175035582
279640 51829.1313080219 18915.5824744047 31039.8108981429 1885.71044445524 1.00042747451565 -0.0498657284386776 65314.0861706111 67089.4827072259 -9.98632281121958 -12.9904452088542
279680 51856.7571100904 18894.3578539592 31063.061562328 1905.19262165525 0.999304924181366 -0.0515612366803699 67138.6733722103 68557.8265124318 180.164036586878 -13.2518537558725
279720 51812.0569546678 18798.5846918829 31117.0859993131 1901.95868711966 0.994239571169266 -0.0522399055530294 67301.6190234945 69750.6533920632 223.350916505146 -13.3561228179472
279760 51842.2693191425 18821.10001356 31112.3324542791 1915.41600523648 0.995430385485124 -0.0521575449495502 67909.9414691545 68983.1126347232 236.573297647637 -13.3658370778824
279800 51987.5978099088 18985.2485871076 31054.2084987508 1949.96495350637 1.00411205009164 -0.0519325340784911 68201.9927943963 68364.1167712605 78.6050206037548 -13.3440178540415
279840 51922.2651624293 18938.6289202269 31061.364518195 1928.18628391072 1.00164637949104 -0.0504269718556284 65775.1030751618 68349.1273926777 -585.28275598722 -13.092463766638
279880 51978.1518401726 18974.445098556 31110.03344539 1900.68917551304 1.0035406636814 -0.051212429429588 66585.8968949961 68629.9629020666 -23.5450696654657 -13.2497143871667
279920 51917.0239830692 18899.3641981386 31127.4401199896 1907.39784752542 0.999569705045014 -0.0523971977884749 68469.145687982 69283.3836111172 -156.50805836984 -13.4325364334504
279960 52006.5093132169 18954.9500238391 31151.995104327 1903.44539927995 1.00250958740389 -0.0509967319536452 67679.7806570077 67397.4179549079 -296.94746281372 -13.1907843715936
280000 52038.1805338018 18952.8353368611 31220.996901091 1870.0001840393 1.00239774358647 -0.0510189338682137 66307.0370769279 69051.1908819321 -597.17933937787 -13.1722119060745
280040 51894.3126672146 18916.0621974914 31059.1503830714 1926.34659797421 1.00045284662126 -0.0506822158594854 67124.6105051623 66480.9055434091 466.067454533095 -13.1324699410838
280080 51963.1869607978 18989.7371665603 31041.3755909589 1939.7155876707 1.0043494468629 -0.051226168487857 66589.182409667 68895.8321342046 -302.958038162303 -13.2091605029741
280120 52146.6287328263 19050.0859940181 31216.5468102597 1883.9293061252 1.0075412399322 -0.0507054247367027 65998.130814059 68519.9138897432 -407.316966473347 -13.1566583082029
280160 51998.5409902166 18974.3141067367 31130.3483417772 1903.97510089223 1.00353373564653 -0.0520880797527689 67074.6928651877 69605.3502288571 307.23690636666 -13.3985235240498
280200 51764.8021291718 18791.2732226716 31045.2295456639 1941.22100124627 0.993852874397544 -0.0515226496247959 67532.1336269716 67974.3003059004 289.603423476158 -13.2523973754412
280240 51929.8832581042 18893.2467453265 31123.7874901828 1918.37564509521 0.999246158684463 -0.0505646238872288 66399.3676360801 67210.8818490586 206.708015023012 -13.0773668314822
280280 51819.9373092795 18880.5426793773 31056.3205034424 1897.00623960446 0.998574252512354 -0.0509249172362295 67307.5069255034 67076.8736114912 186.493447366673 -13.1342584274334
280320 51804.6602139701 18872.602267609 31057.1059124198 1885.72171994882 0.998154291556735 -0.0514716801095663 66989.0258045555 68559.3321576305 164.184179431654 -13.2365855775089
280360 51869.4435041822 18882.5352393456 31075.7939381746 1929.10163453899 0.998679637146401 -0.0500649715440689 65839.2943539213 67330.2093821429 -376.791005482575 -13.0096032236301
280400 51761.094696084 18890.0248100804 30961.9615007291 1923.91025041055 0.999075753541208 -0.0504048572933673 66425.1495896195 67202.0935585228 -141.197430519149 -13.0764530612076
280440 51819.4116800799 18819.3383712051 31085.7566285065 1918.54820034003 0.995337213867781 -0.050885387474247 66347.011651971 68703.2732794389 -549.825914917201 -13.1447768302089
280480 51919.7278390096 18920.8753068601 31088.056856461 1923.43486758622 1.0007074074764 -0.0517323821489734 67939.3057191279 68103.6193464062 188.573507476296 -13.305225159325
280520 51825.3970291124 18928.9729519518 30974.2400491668 1929.79321379451 1.00113568435551 -0.0514592161107775 66643.76269633 68762.4402099372 266.988377965616 -13.2312845870884
280560 51917.352133539 18940.1091097135 31087.6841921818 1911.96417443385 1.00172466532929 -0.0512565365289005 67192.4272695096 68050.3206306531 8.7192144377368 -13.2233204732646
280600 51860.1835423153 18835.9991883741 31122.9141973526 1917.2260561009 0.996218388913083 -0.0511530984562505 66734.7428926474 68079.7425894854 236.383301127343 -13.2091393655973
280640 51904.7700046273 18903.7250544838 31145.0386813903 1877.53624009437 0.999800346660519 -0.05081559541273 66182.712055902 68355.2764079315 -187.066886636233 -13.1256939266305
280680 52033.8003338617 18903.8088140184 31243.7452039415 1903.89132472426 0.999804776624004 -0.0508358340377668 66965.9530468831 67348.1915890153 121.862335692889 -13.1188591506645
280720 51979.0123719631 18948.6988072793 31150.337618708 1895.80815562464 1.00217896640377 -0.0518104851134625 66469.8203415843 69759.4132008091 176.577535637418 -13.300599831979
280760 51874.5605942848 18906.6998787988 31089.8032772102 1897.77418818795 0.999957682337634 -0.0503564368399574 66784.8428098195 66948.9079227722 -316.816775364656 -13.0647689834552
280800 51945.1158769896 18927.2969137507 31157.7841347302 1880.5205893238 1.00104704026184 -0.0515167342791328 66936.8980672884 68465.8483673589 382.743941910741 -13.267401321901
280840 51856.7489437895 18859.7637204667 31136.0866432805 1877.92813479063 0.997475272800036 -0.052269461118235 68076.6186564763 68732.7146744213 533.649626171593 -13.3754139092244
280880 51809.8534345337 18884.5509602421 31014.2416352233 1925.74983990367 0.998786246740296 -0.0501445511716321 65971.0223985316 67141.498377374 -136.883329343541 -13.0404605636528
280920 51879.8975158411 18924.4629914404 31026.0937053608 1935.22234867267 1.00089715676003 -0.0510449473834923 66042.9080703211 68689.5795455229 80.4853854158926 -13.192771729282
280960 51836.0027935176 18926.1521614481 30988.3761378446 1926.97952896323 1.00098649538268 -0.0506160422410581 66471.4927693626 67591.2561859816 -125.886333678025 -13.0979034885127
281000 51857.7466556186 18901.8346523737 31058.5530302911 1910.29774184508 0.999700365060093 -0.0510799254376542 66523.3218712672 68712.0797939852 -340.701450563201 -13.1469595200979
281040 51836.3736768458 18917.6803043834 31084.1624346005 1851.64129806531 1.00053842678214 -0.051904669731192 67128.0456686774 69609.9720140228 -158.845988364702 -13.2976421474458
281080 51799.7725415192 18832.9699464061 31122.1879279835 1863.5791541414 0.996058175137173 -0.0508952242343165 65960.00383584 68414.8259411372 156.697555354943 -13.1885312673064
281120 51897.8305170494 18964.1659247615 31073.5945577772 1872.78230890221 1.00299700778852 -0.0508585514366864 65114.0728509963 69656.1217728886 -335.268500790028 -13.1941165493497
281160 51850.1560724205 18974.2401820779 30999.0047145394 1892.07108719034 1.00352982584043 -0.0497741783393461 65447.1116288508 66618.6364443472 128.617512473257 -12.9528056335526
281200 51945.3409065636 18932.8587635891 31118.3315819709 1901.93784876579 1.00134120130049 -0.0512875598964545 66794.0498200538 68425.6116920163 100.650361417187 -13.244094304312
281240 51870.4362563867 18939.8267944327 31052.195901605 1887.67584438588 1.001709733938 -0.0501167009766371 65861.4225876158 67858.1079293421 -819.112112491615 -13.0110728867041
281280 51865.177912879 18863.5281096313 31089.2285437881 1919.94026305338 0.997674367823947 -0.0514959283401904 66624.3101790339 69332.3062246418 -198.566396658301 -13.2480283194902
281320 51882.478622285 18865.81448245 31117.9538188099 1906.00525093438 0.997795291944996 -0.0516290797526114 66708.4152382682 69060.8569066005 257.748003163066 -13.2571923661732
281360 51987.5382436056 18998.1787610158 31109.2564350707 1889.54631903209 1.00479591490233 -0.0519328517184295 66786.5636662784 69625.3855285376 228.18091291741 -13.3690620628712
281400 51809.602035693 18856.0075955942 31081.5069853247 1883.66711689765 0.99727661486681 -0.0515172265818214 67859.6199555461 67444.5175538739 487.230957363696 -13.2932463559475
281440 51905.0633842515 18947.0156610799 31109.7390260258 1863.94014871089 1.00208994637471 -0.0503564140581216 65484.4804449171 68241.7655458252 -341.436923081067 -13.1080775643183
281480 52007.7334270321 18956.2094139805 31247.1905166941 1811.91770276463 1.00257619537118 -0.0519770426528161 68055.3770467546 68662.2008924143 30.0394007351567 -13.3678800919419
281520 51860.9832870346 18853.931475092 31131.849567695 1876.90131719097 0.997166810794234 -0.0509567347448219 66342.9275400457 68014.2961768914 272.00808160144 -13.1666109815373
281560 51846.2100652368 18879.7210762937 31081.3944087296 1890.47224618638 0.998530798693308 -0.0507807972077281 65916.3266882921 68294.0542858404 68.8562800065643 -13.166555208656
281600 51973.9095339317 18923.9906740224 31148.6472340071 1903.17558939509 1.00087217633333 -0.0510103826056547 67482.6419984953 67532.0488722706 -268.61516767766 -13.1993442402676
281640 51770.0831457658 18821.4123772331 31080.3598300532 1875.89590377807 0.995446906107794 -0.0517729100379092 67637.0553835714 68845.8979820336 -170.371062934416 -13.3187192554538
281680 51912.1804182813 18843.4590425247 31206.1893597084 1866.09236917137 0.99661293362553 -0.0518216687099039 66466.1832437658 70091.2927675128 -132.181108621597 -13.3111982699546
281720 51832.4778721355 18877.1551333233 31065.0450508041 1896.12575321465 0.99839508836828 -0.0507739050936947 66944.2309958851 67143.7022821955 172.488907514504 -13.120263481615
281760 51869.6758035293 18954.6865063955 31037.9054906749 1886.6613717169 1.00249565021264 -0.0501737081274742 66469.6409649218 66854.992590168 -315.406056326028 -13.0593149788554
281800 51872.8581352553 18873.215296542 31130.1715823211 1884.78197239063 0.998186714083933 -0.0529913921048124 67722.4800380512 70832.4954107075 278.588329362583 -13.5025603974162
281840 51907.9054525317 18922.7697592626 31113.8139957931 1884.58040330762 1.00080760329301 -0.052538412129317 67343.2121245314 70600.0842008336 -53.4107673773678 -13.461765860801
281880 51650.1703739009 18833.5190783319 30928.726104232 1895.52049015737 0.996087218211391 -0.0516724735490913 67685.374382068 68794.727852453 -364.508374782682 -13.2784334721434
281920 51827.3373715714 18908.460011232 31026.1177227888 1903.89418297805 1.00005077409663 -0.0514173635119184 66119.3690643241 69648.4487360177 -183.066702481622 -13.2304234179252
281960 51877.7054390827 19031.8899434161 30957.3369449789 1901.57854798875 1.00657886782579 -0.0516745611034749 67142.6627510257 68433.5655532997 534.436766995887 -13.3143623026554
282000 51917.9458068679 18940.3052709135 31073.5621581593 1922.82195279831 1.00173504011178 -0.0505693515893756 66220.2224958055 68268.8616454305 -660.547080202201 -13.0980902054028
282040 51802.8636934523 18858.4591388274 31059.8582945643 1898.53109208261 0.997406274696674 -0.0500818185083048 66225.9406222412 67301.6025379247 -640.924470552273 -13.0244455874026
282080 51817.9233914254 18855.5948878613 31101.3937584072 1881.01317832586 0.997254787140623 -0.0513557327959558 67398.6788301823 68776.7032039933 -701.669701261812 -13.2207384387115
282120 51814.7665498327 18887.6935808947 31074.2138511697 1871.60899910263 0.998952457008844 -0.0507178590868601 66276.3409550575 67682.7742017219 206.840239278261 -13.1454282881315
282160 51836.5831362162 18856.1801869046 31100.4110600591 1889.57474603337 0.997285743059874 -0.0510391036989645 65951.3429519705 68255.1253866287 589.201905397701 -13.1768662248036
282200 51761.7224883724 18834.3872694871 31041.0809501071 1897.26022951979 0.996133136029995 -0.051734335718135 67087.2829720016 69624.7088853248 -469.306814562756 -13.2788036204324
282240 51716.6504236604 18865.2769359008 30987.3529456595 1878.26668720257 0.997766861610512 -0.0510703682502486 67376.79076298 68093.7891915569 -572.519701169185 -13.1519145768083
282280 51850.8868911312 18815.638306178 31159.5648120685 1894.99028540492 0.995141520887372 -0.0514827287164912 67134.0432083405 68368.8834252334 204.662954038203 -13.2266978257312
282320 51879.9877529382 18887.7722019983 31131.869590005 1882.63862277369 0.998956615205515 -0.0506254591040369 66499.2051021225 67324.2847227282 122.8892276174 -13.1312701044759
282360 52105.6175728399 19070.6804789771 31100.5075811284 1956.85329081401 1.00863046298966 -0.0514994423014807 66939.9861647366 69034.1009288021 -218.236305862619 -13.2922132298657
282400 51898.9466965788 19004.7565066074 31029.3320400679 1885.90109742417 1.0051438057177 -0.0506601370509374 66532.1670724542 67910.8990636453 -378.497464430219 -13.1343688489127
282440 51833.258834982 18886.1327648522 31053.8733256873 1917.13136793685 0.998869906907429 -0.0517055350240276 67490.682743506 69046.3401485435 -354.322969486643 -13.2707687271929
282480 51819.9673010981 18908.6844041004 31016.5336056527 1926.84501918831 1.00006264202567 -0.0513052583970489 67601.1301600626 68295.8015355612 -532.336623324836 -13.2373008189746
282520 51955.1317398785 18924.8212199182 31121.5637755261 1923.55458604022 1.00091610312935 -0.0509890077344719 66859.2606767592 68770.5894839281 -931.418525407789 -13.1823817267501
282560 51882.9062215052 18900.26575944 31073.6861328311 1924.54535764291 0.999617387779452 -0.0514813368150674 66997.3142457614 68862.9865864733 -129.248009537034 -13.2567676195427
282600 51917.4656894998 18968.7486542048 31072.1823468443 1893.47184550426 1.00323938406478 -0.05008662686591 65224.1583741852 67836.8594291429 -197.369607625616 -13.0667489890524
282640 51896.83980113 18957.6297845073 31055.336974079 1908.54521594824 1.00265131744056 -0.0504147507817585 65402.9643761832 68443.5636620866 -310.05565220046 -13.0754447090164
282680 51826.1487493104 18852.9440873049 31082.183720332 1909.74151453141 0.9971145887772 -0.0526152901549186 67574.8475041074 69489.8372513195 985.852604241773 -13.4768237002335
282720 51827.5050897386 18883.8715096113 31082.7372108765 1876.34208520272 0.99875031123159 -0.0507730491152736 65756.9158739744 68348.0479561984 152.582018811616 -13.12433112925
282760 51868.9228220206 18879.5053303374 31124.0984242907 1890.06039088758 0.998519388091362 -0.0502081521104822 66690.1166954461 67481.6907757287 -1098.6347828128 -13.0052518783852
282800 51831.7249192812 18860.9984574481 31094.4374376353 1901.45612679764 0.997540576884732 -0.0521751385052759 68269.9866401596 69354.8934288749 -432.458546189888 -13.3745520228946
282840 51873.1899556875 18809.1118996408 31191.8059349895 1892.60953835194 0.9947963453466 -0.0508292633261749 65809.2397923384 68243.7244717423 341.768515614054 -13.184210695703
282880 51812.9671895084 18859.4253186253 31121.6284945698 1843.37786521686 0.997457375042986 -0.0520827585351593 67273.6879651417 69399.9152437105 285.329006207841 -13.3457404935753
282920 51990.2290532225 18911.3914700985 31207.3462534221 1893.55470391591 1.00020581621571 -0.0516950372469444 68358.6971005874 67999.1721609713 -175.120034072531 -13.2668993631702
282960 52011.0680969685 18949.2324593034 31221.8038552132 1852.04644248521 1.00220719076046 -0.0515442205788228 66815.9929003236 68819.5823073193 219.200506186762 -13.2763307088034
283000 51945.2580926015 18844.6045991073 31231.3139749905 1882.03983792636 0.996673521042302 -0.05288838681126 68124.0218754778 70430.0309221961 69.4964164682238 -13.4365501608365
283040 51835.7521382576 18864.2206226705 31085.7940877001 1906.43916497966 0.997710994191222 -0.0517213255730058 67679.6745269034 69243.5458650519 -720.703096969385 -13.2657414164501
283080 51945.1074794389 18864.5304723214 31184.7139550227 1905.16351805599 0.997727381849603 -0.0506527826648142 66193.2502162996 67456.5433331477 352.474917092263 -13.083956960117
283120 51973.1393824749 18832.3566443011 31225.1351853111 1926.49702566036 0.996025738162162 -0.0523901407209971 68443.5579337238 68621.7131645768 524.298014955125 -13.3906413385248
283160 51922.6168058615 18965.6273026378 31063.8845992562 1904.78641376353 1.00307429869828 -0.0501160888535141 65941.1151683228 67532.7444649909 -584.99333142986 -13.0361059230956
283200 51952.8084940324 18843.5993465042 31209.451815038 1919.02490042197 0.996620354171849 -0.0524642663970156 67416.9623874839 69904.9496375916 450.847260878045 -13.4124659683868
283240 52113.6801742862 18953.2111398005 31282.5664683942 1900.37373987804 1.00241761945263 -0.0506168120340219 67310.0342338851 66656.3740723346 -42.3449588757264 -13.1219506512524
283280 52031.9125260728 18969.899422829 31221.8120222022 1860.80356686795 1.00330024714156 -0.050968520094469 65799.0208221481 68974.0954531769 -121.831661538378 -13.1903961129608
283320 51923.6190037742 18924.3621405603 31169.042264182 1849.59363776291 1.00089182285127 -0.0528924167409299 68242.6889596989 69686.829787864 697.486887470251 -13.4689730927585
283360 51843.9629964392 18905.5836785663 31077.5282030776 1877.35701258867 0.999898647550778 -0.052562095752696 68073.9144021308 69151.547544107 727.54636794064 -13.4522873363832
283400 52025.2530812863 18993.741526514 31166.5294086253 1873.28386072506 1.00456123371752 -0.0514265143171325 66685.2917627111 68574.5556068664 356.054919421289 -13.2470443153037
283440 51771.2010626126 18803.004494938 31125.2118810533 1868.07855905846 0.994473330421156 -0.0520640658649206 67410.5335924512 69506.8811957785 20.9967014713513 -13.3192770314589
283480 51931.4336892145 19018.2901471647 31068.8831738298 1872.39580864231 1.00585958731533 -0.0517874930370182 67568.7211727142 69167.3185538394 -374.63812384416 -13.3063314978237
283520 51880.0521893226 18887.4173165998 31118.6190317863 1900.3018068423 0.998937845648543 -0.0515529754287129 66702.8050896106 68413.9300831684 749.279977930071 -13.2256798961489
283560 51739.6989926975 18859.3187118526 31031.2631318375 1872.52064388538 0.997451736710435 -0.0506194967952728 66097.1511160312 67815.2949538229 43.64296108034 -13.1344205889442
283600 51820.9189328195 18941.0743502887 31004.5999607898 1888.64848716086 1.00177571600099 -0.0502277536588651 65609.5252923174 67284.9223175189 224.463445814487 -13.003796507329
283640 51804.1889241667 18860.5796169027 31114.0609148034 1846.99072996528 0.997518424799825 -0.0496620745372732 66444.1093290226 66712.1755065074 -1166.09361143615 -12.9147111776728
283680 51811.8398891793 18881.7070328198 31066.1725792515 1877.44642001198 0.998635834077472 -0.0502589780592164 66012.2216354516 67627.2268999265 -405.260745562124 -13.0351045581461
283720 51960.0926499981 18974.7591246467 31137.2784395333 1869.16752159099 1.00355727222778 -0.0517393803509631 67613.067685168 68487.7938761991 140.245389952355 -13.2992431267901
283760 51686.7630765503 18777.8724792642 31054.8540856544 1871.09847161789 0.993144121605936 -0.0513566535106123 66694.8905640274 68614.5642919934 176.152847325814 -13.1738263184136
283800 51835.6080644661 18885.7118563049 31084.5424453583 1877.15372906942 0.998847645447833 -0.0513528460124333 67619.3881350811 67933.1845758133 -94.3903349476814 -13.1994379789096
283840 51866.9436081617 18953.5708449505 31062.4636419068 1869.82693590469 1.00243664392175 -0.0520963798008579 67085.4134258304 70052.6989591632 -123.983302746267 -13.3711954760937
283880 51848.2748562553 18899.4658215521 31095.6475668035 1867.29602599682 0.999575079812354 -0.0510343877267597 65965.9410996162 68606.6635893681 223.281719300291 -13.2141130181229
283920 51884.6089474459 18838.5770440687 31170.3787361221 1897.94590429504 0.996354729290952 -0.0523244717475207 66771.7865638546 70376.2468166147 298.100911406259 -13.3756881164699
283960 51949.6255011097 18883.2615274072 31209.9254432432 1877.67892744713 0.998718049843034 -0.0516946663026871 68144.2062349482 68162.1728669203 -86.3253944415059 -13.2873470725415
284000 51980.5968662498 18945.7445306172 31166.9931848523 1895.50041627953 1.00202271747281 -0.0509685602073234 67174.1601066881 67521.4081514003 -18.9680114456504 -13.1647808657906
284040 52075.5674310352 19027.59310392 31188.3795038484 1884.08309391647 1.00635161200159 -0.0524930127295901 67701.3636961259 70099.9499418712 36.6616763176417 -13.4455186130391
284080 51918.109863932 18919.2205764019 31156.8205752914 1862.48946393606 1.00061989032934 -0.0517655977255711 66051.7100208026 69628.7620330181 627.352998633642 -13.2909693381203
284120 51905.806832318 18965.6371897456 31093.028106118 1865.10420353976 1.00307482161817 -0.0515587948043809 66866.0803342168 69563.9697730029 -512.899322239477 -13.2507049645428
284160 51976.1059882315 19061.6682411784 31052.0196377582 1881.61644420838 1.00815381415726 -0.0516167125515916 67644.7947140349 68530.8157823292 -164.213630510264 -13.2943801597391
284200 51739.6237357585 18818.4929385824 31053.2794098471 1892.78426966122 0.995292499726692 -0.0509872683246819 66555.7908910917 67828.6862347027 332.193396024439 -13.1748466673861
284240 52014.4430953457 19023.3078624562 31163.1621954952 1871.2327363229 1.00612496958647 -0.0513265550854014 66052.7797277871 69245.3808770917 136.663897835472 -13.2505996680489
284280 51836.7419214408 18883.0373700585 31127.9394900506 1867.1733956852 0.998706194370408 -0.0518295538171442 67545.865572032 68749.9376794363 184.503022432453 -13.2900868400446
284320 51729.0375519127 18832.012978983 31048.9084350117 1878.15705753757 0.996007562024751 -0.0501145326392523 65317.9885029137 68025.0577339684 -443.056582103214 -12.9782502121242
284360 51778.9398670162 18863.9348623915 31071.5068846254 1885.97855462991 0.997695880597199 -0.051113801296081 66145.2275022658 69051.1296994517 -237.683631874169 -13.1761313678304
284400 51728.9768299049 18783.5632011762 31061.4758705747 1909.84358050916 0.993445098568094 -0.0514553870008991 66703.3629635291 69077.1476780811 -73.7523417131653 -13.2160555390637
284440 51834.2651270282 18836.3287038388 31120.9983060336 1906.1659697183 0.996235816677974 -0.051257345189397 67189.6771763878 68525.8091446254 -443.648841453702 -13.1865436127746
284480 51844.7698755626 18886.3164594605 31058.4254283249 1918.89171142622 0.998879622343538 -0.0512278196346776 67246.6648363893 68191.2739682822 -247.634616676709 -13.219994956089
284520 51748.8705651517 18829.9344998466 31037.1713126316 1901.86216873116 0.995897633206218 -0.0525541736055326 68098.224692917 69797.7172173845 49.9062360511254 -13.4477767635881
284560 51919.7232057345 18904.1512408389 31134.9417788322 1906.75591366814 0.999822887258437 -0.0506499313797166 67194.6090129289 67058.4095377576 -248.390336262682 -13.1082633966747
284600 51821.2211744698 18847.425288166 31112.770849863 1885.82666197878 0.996822704649797 -0.0535680732869363 68744.6453242922 71142.8134663153 148.169327101732 -13.6082758474242
284640 51832.9494089276 18888.5751513405 31063.9291560664 1906.93006980234 0.998999082445618 -0.0516658730857781 66303.4647920997 69781.6283712745 11.4123873397266 -13.2738272523328
284680 51906.3491881953 18912.8601324475 31154.9987645205 1870.77993286553 1.00028349239442 -0.0500294313262559 66746.3544157175 66812.468618869 -834.845319768915 -13.0007533725072
284720 52039.1208615948 19002.7691926952 31135.967573791 1921.28064027885 1.00503869854265 -0.0510094359831288 66404.6587179712 68537.4153722337 -157.011180221225 -13.1923352609085
284760 51860.6632679768 18892.8267182777 31084.3461390291 1912.385571305 0.999223943846499 -0.0516363332363324 67635.867208376 68365.1353678571 68.1458433431964 -13.2657991680689
284800 51977.3606094373 18968.7461403676 31131.3930022328 1892.4395541862 1.00323925111028 -0.049796211161536 65703.1856495094 67232.1341206927 -700.471113561949 -12.9776823146272
284840 51994.7926111365 18952.719871231 31157.3769679544 1903.98074521073 1.00239163671723 -0.0505589751654789 66257.8176094641 68137.3548359191 -573.979154106521 -13.1069127442895
284880 51895.2687120217 18895.2465943885 31124.0120463844 1894.42738596254 0.999351928831865 -0.051438386774916 67354.4451507588 68580.2412756919 -300.757669561656 -13.2463858521322
284920 51888.1569522305 18895.3014478467 31113.4245539236 1900.66551746766 0.999354829979989 -0.0525887248194093 67590.4568502237 69956.3070841564 493.722909469905 -13.4162718771114
284960 51979.032095642 18979.2099891147 31137.8544985882 1889.33732403707 1.00379267428876 -0.0512651000054016 66241.0745606615 68895.7822265443 116.737184131951 -13.2087969445485
285000 51944.7437043902 18951.9740868344 31125.8769480768 1891.44007098372 1.00235219287766 -0.050598824748381 66280.0979426989 67636.541133767 -0.104658760437054 -13.0721977429735
285040 51932.8075391544 18914.7657035119 31145.8304307599 1888.04557648072 1.00038427626666 -0.0509627474536491 66836.9496521057 67589.8130090633 244.444990654953 -13.1406612101454
285080 51939.7700934357 18980.4207392805 31075.5560392506 1901.37644593236 1.0038567097332 -0.0514151104660211 66349.1054980049 69260.076354904 -20.503350747113 -13.2259118392181
285120 51933.4262777884 18975.6998549202 31108.6861931318 1881.51153560379 1.00360702657254 -0.0507275307872017 66308.9441054956 68187.8817927147 -310.230528450661 -13.1277464411351
285160 51684.3227409332 18779.619934916 31063.2159222919 1876.69841054619 0.993236542901814 -0.0509486359582413 66461.4507920245 68322.4922660149 -162.129903969396 -13.1301310719746
285200 51995.0039429603 18968.8367689361 31186.4249392271 1864.61536589581 1.00324404437055 -0.0505446158772578 66716.7960623664 68152.7313373746 -1076.71776948345 -13.1074263812696
285240 52052.5470393425 18987.8391158112 31199.3936319876 1880.61970027059 1.00424906073311 -0.0522333349888664 68036.8303066484 68625.9814016004 610.816617077888 -13.4002106824051
285280 51853.5370762872 18901.7192955173 31147.2538316748 1825.76101652817 0.999694263943793 -0.0514757016662333 67651.1498993757 67646.1854292943 446.70287244372 -13.2704979754796
285320 51771.8523259084 18804.5575976939 31081.3965911074 1904.54884855897 0.994555472574053 -0.0510356587314409 66006.9456440395 68415.7209736675 389.004881891008 -13.1786905377696
285360 51920.6126695118 18847.007743915 31195.6510380103 1886.98732227145 0.996800621124685 -0.0515144533638629 67002.9612324793 68436.0572792447 383.439277924863 -13.2335683685206
285400 52020.0440350793 18981.9093013339 31175.5543540803 1877.68109118246 1.00393543838868 -0.0506953541128554 66514.9301440187 67721.4950757827 -121.610457678644 -13.1292496240588
285440 51916.814349078 18901.2573101746 31101.1973429534 1920.86276577072 0.999669829970891 -0.0520013348079098 68021.1199312027 68961.5541583424 -164.372698249245 -13.3066605256733
285480 51952.0914174895 18870.9437753704 31173.9322021397 1921.54283107657 0.998066575452619 -0.0511890678742496 66953.6358112934 68726.9649280243 -542.386573019408 -13.1608162391804
285520 51843.6619201468 18884.8986912541 31069.460539955 1903.09560568165 0.998804637908454 -0.0508229019254109 66725.376207682 67577.8492547883 74.3171029778236 -13.1467221198425
285560 51942.0556504192 18917.1791889377 31130.6847173385 1909.15691979101 1.00051192325467 -0.0514625047986225 67524.3088697259 67678.9035075923 477.702262514739 -13.2422172261522
285600 52144.363412122 19024.5378173645 31261.6934600412 1878.62170173834 1.00619002075179 -0.0517744060597835 67749.9889179993 68861.8884754606 -287.752414604021 -13.3373580944116
285640 51970.3384613931 18920.1971042921 31168.438291267 1900.79952964132 1.00067153797657 -0.0510824501228287 66631.8033825028 68007.1014063113 244.443508195679 -13.1771915233037
285680 51942.6351252044 18999.0012769184 31097.7619086865 1876.58617315958 1.00483941699952 -0.0508216166174727 67177.8327621848 67173.4152229526 91.2647490794873 -13.1479486165514
285720 51811.5063441419 18840.9602713354 31094.8675805889 1912.1496813545 0.996480775953212 -0.0514558208285736 66714.5934691329 69077.5840646897 -96.2860965534832 -13.2445233757346
285760 51862.8682049087 18910.4434441926 31066.7170250956 1914.40309464341 1.00015567601177 -0.0514094304587035 66754.6725251118 68955.5567609932 -119.256397876999 -13.2304253471797
285800 51777.1286165595 18820.0684672747 31074.8034008667 1910.85603440851 0.995375827966398 -0.0505562870806809 65947.2209276073 68050.737870409 -205.853883286592 -13.0501269149934
285840 51790.0814549081 18971.3520010751 30920.0097295637 1924.61222076124 1.0033770726471 -0.0504446710929922 66235.6922106074 68042.4865488847 -702.526293521102 -13.0761266588717
285880 51851.53410168 18918.6697688202 31045.232931449 1907.07184226308 1.00059075863124 -0.0517323679714337 67319.7037359511 68307.4173772853 638.199868467519 -13.2844771536044
285920 51931.5932929125 18953.6573215182 31135.0575683718 1861.5056386813 1.00244121758658 -0.0517713784836621 66781.6032921374 69478.699892902 50.0350120612214 -13.2795481851475
285960 51971.4698492643 18949.145140424 31141.9500171809 1896.33390657555 1.00220257254656 -0.0506175985559949 66023.2403410871 68013.4124221537 -91.3550522615859 -13.1037660617176
286000 51859.8342347721 18896.2598314135 31087.3661693431 1892.85332915304 0.999405517990929 -0.0517239352319939 67664.5722123331 68725.2845705966 -180.697032130173 -13.2387714325034
286040 51726.9325743537 18854.2202138383 31006.4621358671 1890.00772805562 0.997182081916612 -0.0503192885300097 66130.3777382894 67497.8976614469 -299.309406471071 -13.0261939946993
286080 51868.7450584322 18953.1372934229 31050.6538903482 1886.46741754308 1.00241371378675 -0.0511695830165213 67788.4035724648 67285.9140361766 4.95435066056998 -13.2166904141917
286120 51728.299136873 18793.5183741632 31101.6707206362 1852.05132619114 0.993971618361137 -0.0504708212556861 66479.1756031379 66913.9916661532 246.41696599418 -13.0820619635991
286160 51868.1297327801 18906.1975628103 31118.3207601293 1858.88321980893 0.999931115314573 -0.0511381889142105 67050.5771716965 68253.4254337483 -306.344922339793 -13.1784665985262
286200 51802.8731342029 18892.646854256 31055.5229362183 1872.63656793648 0.999214431006533 -0.0507023093552537 66405.6218005145 68164.304422098 -443.755106792679 -13.1285454420702
286240 51743.2027054346 18865.3870194793 31007.7978203744 1885.59727204999 0.997772683828073 -0.0528406811754203 69175.2859367197 69457.1261256741 -104.405305917882 -13.474035614943
286280 51892.957011973 18969.4629388203 31081.8605413987 1864.15822114076 1.00327716191037 -0.0509674894116361 67215.062280213 68142.1786258829 -616.983678786253 -13.1538865451255
286320 51878.992531354 18892.7385493496 31098.9900743733 1908.67408991459 0.999219280674315 -0.0512490015574907 67396.3606564016 68057.5103242779 -194.243996831658 -13.2451774989061
286360 51759.4376064038 18864.3500068802 31027.2163451005 1889.10286309982 0.997717837201124 -0.050229141996707 66539.0600812159 67308.219680438 -690.414249781075 -13.0368172278503
286400 51886.5541496509 18869.5946788019 31108.3789243302 1926.9229363178 0.997995222996268 -0.0511526097124641 66985.0944163243 68744.879160253 -677.876036117232 -13.1893715600109
286440 51875.6978652785 18890.8485197265 31084.5675663085 1918.00903339952 0.999119318774375 -0.0511634053767776 66558.1128335906 68451.0068757613 51.4889225027584 -13.1945386095105
286480 51780.5422673374 18832.7142334381 31051.8211341398 1916.72330857847 0.99604465071734 -0.0523052209040978 67690.9595631291 69212.7392369311 509.482215258663 -13.392767925192
286520 51781.8607668493 18847.6992106752 30994.154629104 1957.5068989972 0.996837192155241 -0.050249662351669 65789.0257491263 67600.9858468742 -200.078956844337 -13.0625284062622
286560 51915.6561549765 18938.9347719679 31052.4476400801 1949.69389950659 1.00166255570371 -0.0506141593138017 66988.1366090808 67274.459537221 -281.715450438408 -13.123026684171
286600 51856.1359847393 18878.7617190375 31080.4277530309 1927.42281221228 0.998480059184845 -0.0516038832989877 67527.3576762392 68194.8523107456 249.53928059327 -13.2211032119434
286640 51739.3008786709 18803.7538636569 31057.0747669437 1905.03431832668 0.99451296383218 -0.0530185891002663 68668.5345533739 69952.4696879502 267.827722534497 -13.418132226128
286680 51948.8774274474 18960.1928215446 31093.4201568229 1925.48998489341 1.0027868740735 -0.0499944693969961 66673.6448096014 66542.0249108834 -565.773704605129 -12.9925548177592
286720 51894.5854289436 18953.3781303635 31030.5534622912 1932.75932652672 1.0024264514274 -0.05127512791453 66135.363339935 69294.5617111294 -95.7063288083913 -13.2070507878196
286760 51762.3861011377 18871.1160760623 30998.5741586879 1917.25928882249 0.998075688275146 -0.0504606206404401 65953.90213104 67895.8162155505 -250.042676667246 -13.0355894445088
286800 51880.209252221 18941.8733723854 31082.5379252541 1883.32580891059 1.00181797553274 -0.0502048347884428 66914.6521535237 66820.8328645877 -635.638010886692 -12.9945215348348
286840 51857.6777773727 18890.1429648872 31093.2642143578 1892.30086676836 0.999082002638485 -0.0505302867939426 65986.9369844082 68082.9293154162 -310.473334987815 -13.0418561053301
286880 51922.007847411 18870.0404985646 31159.2381517899 1908.35614602632 0.998018801986757 -0.0502749178808209 65675.6041291096 67789.1267345281 -240.708374222534 -13.0281242233199
286920 51886.4647721829 18810.6402164479 31196.2641079387 1895.8897817227 0.994877176593834 -0.0507569369957931 66384.9765200849 67811.9861749819 33.5017888781783 -13.1141601335597
286960 51791.6317358357 18814.0383342608 31107.7791830899 1886.57582915005 0.995056899868347 -0.0521189921385213 67632.4778518862 68658.0565691494 744.234539829549 -13.3440226637461
287000 51940.8985122481 18925.3392360571 31103.0861757789 1936.93624320849 1.00094350051869 -0.0506153173069971 65546.1711337788 68232.008494945 132.531658236598 -13.0980407110392
287040 51860.8552432698 18830.5422503684 31115.2610775959 1929.92992710609 0.995929776563185 -0.0518123111345629 67169.3290245696 69282.4565169501 -46.2455983594076 -13.3039750647517
287080 51931.4335392251 18879.5000743475 31153.6713382715 1913.81414606854 0.998519110106969 -0.0517314285447346 67293.0904372628 69352.866523306 -409.114638625046 -13.2819520702696
287120 52011.9326937567 19028.7023150278 31058.2473387551 1951.27088722166 1.00641027714017 -0.0495579790819007 66044.4664171381 66286.4220067994 -584.724469896114 -12.9003098710503
287160 51761.9604599429 18855.3987077604 30997.9554342136 1928.63138670061 0.997244411358479 -0.0511717467602682 67282.5666631951 67188.9638609684 637.298434466296 -13.2160076262452
287200 51907.5402459943 18798.310474739 31187.2116532921 1936.59156036173 0.994225068080867 -0.0517610909952436 67047.0406454024 68982.9522496807 285.051686168433 -13.2741925338537
287240 51924.654948944 18991.4382281293 31040.0478716118 1916.09330740611 1.00443941441911 -0.0505694716854713 66750.8665215904 67627.7127374357 -513.96837966545 -13.1186581640841
287280 51854.6980609255 18937.6064488536 31075.2349717787 1870.50036526304 1.00159230193593 -0.0514798997632541 66951.6830395556 68712.0725560993 69.1568060016675 -13.2815855019687
287320 51878.485977449 18923.4779552645 31073.0475512005 1915.81224588045 1.00084505911752 -0.0522717345549934 68471.6745275635 69319.7218026137 -378.053278922003 -13.3931469617248
287360 51888.395879771 18931.803278074 31049.7435292881 1939.01993676819 1.00128537765828 -0.05084401467085 66892.5758058958 67603.3472135722 -105.508375130964 -13.1397817809555
287400 52039.4195330145 19051.8589981675 31110.4127897664 1909.6204320439 1.00763501246424 -0.0511684544501415 66941.2170979848 68616.1516629486 -446.488632549721 -13.1945735730816
287440 51861.6409206701 18784.2453967505 31160.9719740969 1943.5399091591 0.993481179254289 -0.0510488152675891 65781.2512835489 69117.4712556243 -72.1503347104373 -13.1474730428457
287480 51968.8758551387 18932.764892293 31178.1744899403 1889.8904344635 1.0013362365354 -0.0526378982023434 68564.4887177312 69190.6420750264 359.476245205161 -13.4450714289803
287520 51990.5196729089 19004.4905663586 31116.7236455354 1884.05179015323 1.00512974038654 -0.0516635384745062 66872.8178699329 69624.5060867771 -408.799255600622 -13.3034084617877
287560 51923.5071225095 19004.957240736 31038.2870334877 1897.49258791294 1.00515442235811 -0.0506919375558736 65545.8543575105 68511.821491871 84.1525705646662 -13.1427141382246
287600 51841.2878214955 18861.4757288704 31096.0981978522 1905.04628789138 0.997565819324098 -0.0510155824286965 67652.687250307 67355.6977182634 -247.85560189016 -13.1553980346724
287640 52015.7548340897 18864.4569039138 31264.0062454992 1906.51641408199 0.9977234908853 -0.0513590058454221 67314.2631494456 67578.6685676547 556.726632624559 -13.2377962352628
287680 51997.3939193245 18912.4438019376 31210.7146575057 1910.28151346353 1.00026147306295 -0.0531409881862458 68353.7969103881 70506.4189230422 290.028340848656 -13.5347657321853
287720 52025.9478304817 18940.8355946474 31201.9966602507 1920.20912798841 1.00176308843831 -0.0518940984811983 68505.7969014662 68259.1949994556 -153.682576767123 -13.3328899812174
287760 51988.5433302033 18979.4396326571 31140.6160401117 1896.61905492007 1.00380481992104 -0.0512655478488529 66526.872988077 68812.0926963372 -72.1969517314237 -13.1933219599607
287800 52016.7512054363 18998.3818378812 31137.6954726193 1918.1392743921 1.0048066554479 -0.0522958654602164 67039.9624869274 70292.4426866005 75.2373671353125 -13.3926335879998
287840 51914.8581999459 18885.3312393521 31115.7137211979 1932.28571833656 0.998827514973005 -0.0517560654369741 67400.4128594301 69129.2121142467 -240.306280445084 -13.3043016067738
287880 51905.0933529447 18976.1051244952 31013.6591041588 1940.1657911608 1.0036284609015 -0.0522938597925666 68610.3793124383 68902.4294590267 -99.8110607976489 -13.3935603222967
287920 51863.4071814576 18858.7582028522 31094.1022542977 1928.20123807346 0.997422091913377 -0.0526034982616012 67971.488526137 69879.1233506572 198.542946611823 -13.4504692955283
287960 51978.6837456007 18918.8821532767 31179.8071195975 1894.94981244351 1.0006019914466 -0.0502253171122212 66393.5691637793 67248.5003716507 -516.046109525419 -13.0311795403903
288000 52047.745988562 19064.5537779366 31078.6930234721 1917.04500902861 1.00830642749896 -0.0533749339883269 69433.2727194746 69940.1991803649 269.479538746884 -13.6102254218546
288040 52033.6769775636 18923.3888678917 31228.7812178859 1898.71247690643 1.00084034736965 -0.0508026463895314 66467.3548604473 68157.7250010657 -324.583007945685 -13.1466811581647
288080 52031.6948564606 18913.4130300244 31186.0181438461 1940.48498854769 1.00031273463041 -0.0523559821534515 68617.3836535156 68428.3741662973 495.345046062044 -13.4435139551576
288120 51991.775865637 18891.3331850946 31198.2714173801 1909.81531992118 0.999144952272623 -0.0511170894173823 67220.6105958944 67652.0343317627 84.191422342527 -13.1839707229004
288160 51949.6416048994 18917.6718153313 31152.3423033003 1890.83110896349 1.00053797780411 -0.0527624015835307 68684.3409266736 69619.5627452386 68.8189992940513 -13.4410876730423
288200 51757.0548135904 18748.6756513474 31125.2314473914 1890.27869057696 0.991599928671023 -0.0517666589857619 68413.2040270036 67677.5996895341 223.497320830588 -13.2749949090126
288240 51885.7092283278 18825.3060792137 31149.5664929693 1925.67274275696 0.995652840365657 -0.0516667055761293 66545.8063044723 69090.6884611394 462.48955847798 -13.2687125956241
288280 51938.588536171 18835.2948546296 31193.3982585833 1921.27096799234 0.996181137359756 -0.0518382181872549 68050.2006844171 67950.2733977874 446.278051806988 -13.3236653516356
288320 51959.3735855549 18915.709215464 31171.1991441015 1881.58377748584 1.0004341777318 -0.0525581715209696 68445.5562850262 68615.5501219831 880.822152716815 -13.4136697135222
288360 51902.2225364115 18903.8792243343 31134.9608995569 1872.77846488607 0.999808500559796 -0.0503861081842236 66052.7394817118 67923.3728707795 -524.150258519998 -13.0177971698318
288400 51941.7667310965 18935.3578522956 31067.8135214461 1945.75629090454 1.001473375766 -0.0519731131905809 68444.3898993924 68040.5192946495 251.715442816326 -13.3312795737816
288440 51868.0345148829 18874.5611595282 31097.0794035509 1907.38635693775 0.998257895519145 -0.0513428290769066 66630.4476487575 68777.2844056675 27.0116960789871 -13.2060726049233
288480 51920.6379509801 18853.6298852031 31169.87097175 1902.80714607759 0.997150859986939 -0.0524861863291522 68451.6261551481 69380.8110949594 -48.1981806836373 -13.3868270951854
288520 51872.2005526343 18851.5377555739 31080.1530585744 1944.15783556604 0.997040209206604 -0.0513744248499126 66862.0136827502 68492.6312084557 135.272310816478 -13.2079752338776
288560 52074.7909601357 19015.3012329183 31145.9478672956 1925.65330240945 1.00570150643492 -0.050340978745583 66364.0254935712 67170.9726833267 -165.531631161016 -13.071417231868
288600 51799.1599825981 18915.0190665297 31018.4838484403 1882.92962023977 1.00039767639983 -0.0517718601909504 66447.1123794501 69265.561610776 597.741258794022 -13.2874983321257
288640 51915.3453281028 18938.9741804966 31096.0099911435 1897.5015709336 1.00166463998396 -0.0517842972533481 67207.3277056229 68839.7507873897 289.314855644829 -13.2870336354028
288680 51733.9422830408 18783.625376129 31079.1330345236 1890.0834603552 0.993448386943225 -0.0509944879274264 65973.441016898 68833.9923531054 -97.1872221395919 -13.1013462934477
288720 51898.1144112378 18837.7816748534 31144.3716630146 1931.2138511949 0.996312662956677 -0.0520090389599802 67493.2345440023 68815.2159303702 526.275781455517 -13.3034082252611
288760 52074.6369359942 18977.4909090922 31177.7673151908 1932.69802325172 1.00370175375339 -0.0526361583723856 67625.0714059971 70489.4283116607 -5.48066781485548 -13.4400514301994
288800 51926.7039628413 18963.6395022079 31030.7508523551 1948.91300209576 1.00296916579177 -0.0493972302617288 64749.2999203056 67105.389384818 -436.303580469597 -12.903322824586
288840 52058.8884186909 18970.181021739 31196.3456839653 1917.29174223848 1.00331514064467 -0.0519891224020445 68262.4506817959 68492.2994385379 12.348750280952 -13.3177503678744
288880 51938.4679642182 18893.3566125002 31149.7933623506 1917.80940889567 0.999251969456578 -0.0520611031327384 66000.0153935356 70456.4639625868 452.096627355757 -13.3107528047773
288920 51867.5510332044 18881.5471221532 31120.9580450803 1893.09738151517 0.998627376551803 -0.0523601091293807 66829.6473961301 70156.19853089 518.433994481977 -13.3756582975743
288960 51876.6996335757 18886.082936948 31106.3927495421 1903.25662070769 0.998867271556155 -0.051628157726127 67992.6811434307 68723.9512456776 -677.98334914325 -13.2712926105857
289000 51791.3392180507 18887.9021798019 31049.5807843398 1868.91535491185 0.998963489610041 -0.0526645965345928 68155.5049597177 69577.4792406274 440.578320697699 -13.441985578045
289040 51875.1167873811 18875.7728046638 31107.6013038702 1910.91381069388 0.998321978297703 -0.0510943363459429 66953.1803782091 68274.8440790696 -289.585097796662 -13.1844470249701
289080 51998.1070247743 18973.8678108094 31136.3202431658 1912.34111696219 1.00351013147213 -0.0505499419771761 66327.682082746 67899.715412647 -441.361207395518 -13.1170435011631
289120 51892.3376316484 18888.6954251869 31115.5791224788 1910.61443332211 0.999005443616922 -0.0502969792304207 66605.026944634 66779.2735811001 -107.094142645378 -13.0544055990648
289160 52068.2466242728 18967.3189285543 31211.0301546411 1912.65331776863 1.00316376721165 -0.0512267911948238 67006.859471333 68442.569942509 -233.256202756661 -13.1952752320073
289200 51940.2246587358 18960.8580076953 31096.9520892362 1901.8804943152 1.00282205514718 -0.0498092830489833 65062.3930385207 67627.8928167779 -406.017664900929 -13.0003527674149
289240 51871.9338110378 18861.4417736347 31122.3888264019 1904.0420507019 0.997564023463422 -0.0491980360455623 64749.6771719407 66919.6193450299 -624.5780563437 -12.8586739771074
289280 51890.2469485107 18956.4079965073 31039.7932756335 1912.66691477953 1.00258669821538 -0.0508718625995321 66407.7194363397 68307.3107546317 -229.342090929939 -13.1681863024809
289320 51908.1137302861 18892.0410271916 31092.5681769451 1938.39842862328 0.999182389379433 -0.0506894940177962 66264.749804862 68338.0962986028 -533.128715897769 -13.1139642431459
289360 51841.7938382833 18867.0120038911 31150.9002540717 1839.97104990101 0.997858627734554 -0.0522112819971584 67548.5947403921 69269.2666162269 409.513208361911 -13.3613046859965
289400 51876.9770064833 18904.9710098024 31118.3063867883 1879.54601751833 0.999866244072586 -0.0513315652922086 66999.3016244729 68403.8037443071 -15.7665530031765 -13.1867706226076
289440 51881.0703303077 18876.8036459547 31155.5121430942 1875.30047496972 0.99837649852993 -0.0509812234295208 67119.8473710124 67800.7935752052 -226.806562550859 -13.1202615071182
289480 51984.8252970002 18927.8570190227 31181.8918722878 1914.45684010587 1.00107666370608 -0.0513163981403367 66462.4872471644 69187.4393563005 -278.214199893862 -13.224137413392
289520 51889.7517572843 18960.8578506585 31052.4366836417 1908.68428562928 1.00282204684165 -0.0498739457148197 66929.9399385484 66043.8064460142 -554.098615485997 -12.9670429684481
289560 51861.1975662012 18796.6564218244 31195.484302624 1898.02632358629 0.994137586768445 -0.0528818681467036 69045.0121273715 69136.8074754935 457.154790983955 -13.4683175445243
289600 51867.4489884379 18892.8069691937 31103.7094742572 1904.27623868573 0.999222899335909 -0.0511060363285847 67350.999567278 67567.4642277077 23.7035086644252 -13.2007566610069
289640 51728.3490048201 18835.6878451008 30988.1076653064 1933.43262011027 0.996201922258404 -0.0507722980897443 66017.6403442754 68598.9424849909 -336.069977565039 -13.168020493159
289680 51945.5313894561 18909.3104020384 31159.2631112635 1909.10004561763 1.00009575047142 -0.0520238903913552 66768.8197008447 69603.1086960589 475.698183661759 -13.3922746999013
289720 51845.5524825146 18880.2331599541 31063.6280876402 1925.82573247317 0.998557882319405 -0.0508030343680286 66794.5481505248 67950.5948805383 -444.696239623115 -13.1347165125373
289760 51785.4611591396 18863.9301339101 31023.6670145225 1927.10610154327 0.997695630512236 -0.0511869051899507 66264.1371309242 68743.6116633926 144.889084430557 -13.2024145122403
289800 51876.5446500847 18877.7034439338 31130.493176994 1898.78229624104 0.998424088003901 -0.0530791243616374 68448.6269212866 70312.1338851817 246.701339522288 -13.5009755737479
289840 51823.7558502308 18864.6252494412 31082.5300895416 1913.51150635952 0.997732394522874 -0.0512441335623406 66555.5457181714 68813.8217060766 -132.244161119448 -13.218724978178
289880 51985.2818730144 19013.3749309021 31093.9925530621 1901.73436113545 1.00559962612202 -0.0515878142430367 67720.2716951368 68762.2453462045 -554.258706317803 -13.3118638602562
289920 51966.7547310304 18897.6124477457 31181.3802973182 1916.85910073564 0.999477056604295 -0.0519209191713684 67529.9796033103 68861.4691652965 240.206769611084 -13.3420763527649
289960 52067.1061679345 18990.1292037925 31174.5951906157 1922.2769220161 1.00437018134563 -0.0505850756538471 67193.3670258497 67485.4431515878 -804.527647452634 -13.1185329752683
290000 51956.7597174362 18957.1641578531 31115.1066276108 1910.87336953995 1.00262669088209 -0.0514198074738869 66464.7330386125 69319.5291868934 -207.81730644118 -13.2525463311492
290040 51986.4448260077 18907.0778550063 31213.2486377525 1888.14418902921 0.999977673145911 -0.0510634108495707 67309.2799715236 67794.6090684221 -221.269060660446 -13.2308458635583
290080 51983.6547781505 18845.6230939449 31252.9774412895 1911.03641798562 0.996727388282156 -0.0508836668100666 66130.053676083 68240.4251029776 116.570220238246 -13.1856746883091
290120 51882.1159782473 18898.9758866774 31089.0867200297 1921.32908694719 0.999549167614833 -0.0504195756836945 66374.9348076961 67261.0409278717 -104.905133864031 -13.0636465410168
290160 51911.8574034961 18894.3018776302 31152.177613177 1896.11187774454 0.999301963645653 -0.0521698229368208 67821.6579866085 69434.9019687907 -118.591433410331 -13.3306154798025
290200 52054.9157191281 19005.5073590958 31169.2865551581 1908.57550086354 1.0051835176039 -0.0506719391056265 66456.5923962459 67424.3853503566 146.95500088176 -13.146901889077
290240 51880.9751355265 18917.4701718585 31051.2130583039 1932.30808702346 1.00052731306934 -0.0519242369714249 67240.7023450725 69557.1821660861 -154.76661961875 -13.3202071312705
290280 51955.8590616127 18881.9610124257 31165.723913103 1933.47036204547 0.998649266821407 -0.0508801227908294 66035.6488352598 68644.2288449102 -189.398515124987 -13.1595556442565
290320 51842.7040703183 18985.9435248051 30998.8562304713 1897.17009206586 1.00414880469682 -0.0505908837765127 66600.2073942736 67267.271054964 -0.685788392889268 -13.1407905341717
290360 51880.9546235711 19006.8142859049 31033.0895677484 1877.46668608239 1.0052526397411 -0.0508687901409108 67246.2334528062 67157.740254491 55.1098624341485 -13.1542031041017
290400 51927.0278214881 18969.9228341863 31076.208894763 1910.98843639481 1.00330148534636 -0.0500523886471845 66255.7023729318 66555.1505413698 -42.6334024557822 -13.0245424328698
290440 51765.6132320227 18921.8607681815 30973.2813597536 1891.65528971188 1.00075952760447 -0.0509001336205986 67211.3336036008 67458.8456034064 -137.492186712332 -13.1622985175756
290480 51804.1509552035 18891.6909284091 31098.4175718972 1850.3600542193 0.999163872982101 -0.0513825471300325 67762.0604734544 67313.4601816515 452.997239626297 -13.1936529839732
290520 51767.1029921189 18779.9416392963 31102.4195244256 1905.1440992395 0.993253557545752 -0.0510514191955245 66658.6393774849 68052.5923064267 178.106159102316 -13.1691847951976
290560 51748.5307567972 18881.6461867403 30979.7870534361 1910.51181913858 0.998632615985207 -0.0509310591804251 66510.2129389471 68642.7078242439 -560.383255051925 -13.1681778544969
290600 51870.7582359093 18928.7607400336 31074.6756458205 1891.45146410928 1.00112446066553 -0.051229681778269 66903.4541725989 68405.7270280556 -94.2470606502975 -13.2150151644033
290640 51962.2268823325 18956.6357661532 31125.4400011981 1899.0625468199 1.00259874473903 -0.0501048351395133 65891.992225533 66773.2731065559 216.449733389169 -13.0137281691621
290680 52022.5006929429 18886.2548737448 31243.2207953887 1920.81685298539 0.998876365132611 -0.0511839627882882 66235.6281122024 68878.8409345735 -7.80369079688533 -13.1938209494938
290720 52007.5127521313 18948.6924097956 31210.4409209471 1874.73999899033 1.00217862804684 -0.0516405655720361 68228.2353193105 67874.7561664526 -64.2648375767441 -13.2867074769612
290760 52096.3171668592 19001.9307580745 31246.6416928176 1869.15219281611 1.00499435451934 -0.0512469314416027 66723.8679668906 68680.3918716407 -183.235938562581 -13.2339459947195
290800 51913.5331415848 18873.5577745369 31167.7585552481 1890.54493133027 0.998204827424932 -0.0514916981105111 68285.2198427634 67789.3523585097 -299.355140620473 -13.2799093501499
290840 51947.460630663 18957.0346981207 31147.9201904472 1870.94842336948 1.00261984387786 -0.0506657637735029 66797.141430153 67090.5719220415 131.293564821431 -13.1195301866329
290880 51917.6632059251 18928.6157498198 31130.2986428933 1888.33356652351 1.00111679226867 -0.0505780070365024 66950.477080063 67343.7915297889 -312.781153646059 -13.1152221518425
290920 51968.3987969999 18943.5826720985 31152.6106454296 1899.15835983769 1.0019083787967 -0.0528958094568997 67587.9647717887 70817.9746396675 236.471567772938 -13.5085807480568
290960 52058.2412435633 19030.4904053765 31165.4747354573 1887.16254554077 1.00650484756718 -0.0509577500355549 66481.1618780181 68092.7056677521 113.510393867788 -13.1934986158526
291000 51889.6572428178 18933.8389308484 31092.9103796083 1891.69171620877 1.00139304143056 -0.0504494057562633 65870.9525147123 67346.8106400904 382.973618081461 -13.0792504206487
291040 51790.2573038216 18813.347937965 31090.9550772364 1900.76368531464 0.995020385453657 -0.0499478281835766 64745.5704339225 68137.4987251341 -339.763644189899 -12.9498991124327
291080 51758.0445672949 18785.6099402236 31071.4762425013 1915.19821943721 0.993553348682988 -0.0514087101702721 67010.2978552533 68366.7045989781 229.999461444607 -13.2134160675744
291120 51710.503975614 18876.668173939 30958.3246264684 1890.58202968279 0.998369333541664 -0.050564371216944 66242.6973371657 67477.4603209736 107.943919558875 -13.0771652532821
291160 51819.9884622777 18829.3191620199 31141.0299864118 1878.40613459086 0.995865088563792 -0.0521954667441503 67286.3745687887 69805.0367632174 96.3819597990676 -13.3632509932849
291200 52045.4397752232 19053.9254740393 31117.4214593239 1896.31422792141 1.00774430644132 -0.0510918870576339 66897.2101799975 68256.0735608212 -257.850938365633 -13.2018824992545
291240 51777.8915062353 18831.4728230876 31062.4600729548 1913.43814039777 0.995978993684391 -0.0512929479170933 67780.3826466983 67747.3933705832 -152.113566053155 -13.2110405277299
291280 51932.6694949093 18927.9554578075 31097.8259716382 1933.07056964149 1.00108187004139 -0.0503675159057792 65007.7334151401 68440.4573125665 -20.0237039392808 -13.0698779007637
291320 51941.8984763341 18891.5062120292 31174.0012384112 1912.50812233785 0.999154103505444 -0.0512843479357043 66597.7164033066 69101.7651461442 -407.841249031064 -13.1664943802614
291360 51786.6168496238 18819.762873828 31079.0110668411 1904.54878551509 0.995359665414677 -0.0516175082333008 68147.1906341126 67960.0100337474 -110.334861747923 -13.2246881120692
291400 51897.9489437645 18863.9324372232 31167.0993713116 1891.56849612276 0.997695752332313 -0.0504456201274315 66754.5077756621 66815.2895043442 -16.3160800060918 -13.0581024150144
291440 51827.0994808429 18829.4236061665 31108.9037570299 1918.67430221422 0.995870612517072 -0.0512548854073234 67402.5091811795 67567.5860891689 278.987138090197 -13.2118839842445
291480 51917.1917470267 18912.8979453838 31110.0405937141 1915.23434022243 1.00028549228527 -0.0511535739426454 67470.9153819942 67746.5419418331 -173.02646341511 -13.1751394355148
291520 51976.0694958388 18893.6778560146 31210.4506788208 1889.21627294792 0.999268959725751 -0.0507108803474149 66163.5000494818 68298.2222097341 -340.24161761415 -13.0946426497543
291560 51774.5418765765 18861.8996428483 31046.3841719247 1885.0506153161 0.997588239738107 -0.0515956177119781 66638.576193674 69225.8611596293 79.3616342129857 -13.2644295689688
291600 51914.1088095983 18947.2411408354 31112.2150701355 1882.90283280832 1.0021018717882 -0.0500398365865149 66304.6941025151 67003.8868892878 -527.062470207424 -13.025372163279
291640 51980.1344816926 18930.1140162835 31170.0796833354 1901.89205256446 1.00119603418133 -0.0512504229446044 67442.141522935 67975.6005785659 -170.924967323961 -13.2003758661081
291680 51771.0860348729 18877.2615530147 31022.8753910597 1889.46707947257 0.998400716806279 -0.0509213367396973 66009.8245537392 69043.2102559752 -493.94990447894 -13.1218202397414
291720 51830.1762140891 18929.7138080997 31018.1795722577 1902.90521790382 1.00117486754461 -0.0513984648283248 67034.9457698968 68728.0284698097 -219.400369394011 -13.2465055812719
291760 51890.455005134 18860.9566677254 31129.0300105349 1920.21151616092 0.997538366665368 -0.0500598068815635 65972.2241823487 66845.1281742502 -20.0973619416031 -13.0022944686594
291800 51973.3036845412 18933.1412145803 31138.1635333789 1919.63719134168 1.00135613986938 -0.0512197042395452 66970.4242664471 68215.3581222979 13.8037544484638 -13.2235998583537
291840 52020.3216384108 18959.0315922104 31165.1925445402 1908.94002394503 1.00272545773954 -0.0500672005457996 65965.5851717669 67440.2006361016 -624.045706754854 -12.9870125098068
291880 51949.2114144389 18953.6802231495 31109.916777338 1896.13815528079 1.00244242883245 -0.0520123510959489 66772.7603310127 70243.6038629529 -220.473606620157 -13.2928906130193
291920 51943.3555872651 19003.1192006837 31024.1969434337 1935.94496718618 1.00505721013797 -0.0511603709477992 66777.9208215219 68064.5020594275 218.994028112223 -13.1853480356318
291960 51938.4298239207 18909.9895950556 31097.0666197085 1949.93073781187 1.00013167235518 -0.0519604451448255 67682.8441731863 68943.9942750451 90.3819195463537 -13.3203232366946
292000 52001.5244541213 18944.2180814258 31145.2397851932 1938.23993248615 1.00194198500203 -0.0517100913484833 67639.7994537112 68645.4824621535 -100.585026232827 -13.2879219645043
292040 51866.4573084291 18817.8424430884 31161.7740519806 1911.30841527692 0.995258095628105 -0.0519312602336075 67190.3556903316 69793.591671352 -327.466518731914 -13.3140741825017
292080 51872.7930716854 18839.8884513471 31162.0952171474 1896.79122949552 0.996424088395987 -0.0508740808655897 67034.180311354 67924.4934136972 -458.798692705137 -13.141292595428
292120 51875.5730937885 18882.3439949593 31106.9518918532 1912.72750662365 0.998669522409589 -0.052745837994508 68313.7618361497 69634.6350010998 454.131882572598 -13.4941268968463
292160 51873.648533212 18836.6122348227 31143.3288640868 1915.28349466685 0.996250812366662 -0.0500057069032192 66304.3471902816 66917.4227290663 -547.032092167359 -12.9384961208103
292200 51834.2947707399 18836.5599051101 31101.7593288745 1916.97953540978 0.996248044697081 -0.0515418368170022 66668.4627821876 68983.4552918252 198.885068948296 -13.2282407190996
292240 51806.9011439314 18833.8090237378 31082.051329947 1909.86556046523 0.996102553152867 -0.0505812668514917 66832.5185476765 67185.57962409 -155.268690833138 -13.0651461889476
292280 51851.3104545813 18809.3665868689 31194.2252539426 1865.79317148643 0.994809815516005 -0.0511672496730117 67143.1752452036 68465.0651809061 -536.300197626114 -13.2005387965432
292320 51965.3842121584 18955.7586921622 31132.6088452901 1895.6386360481 1.00255235711555 -0.0512167473369548 67135.4748415533 68444.2272663278 -382.718207954801 -13.1908265576775
292360 51903.4923682131 18925.0273849076 31071.274478211 1925.22030948004 1.00092700700291 -0.0519301908467335 67528.2856283661 69104.8640280582 22.1124802949328 -13.2964473348755
292400 51716.3961985252 18788.2023088578 31048.7299946533 1898.27804306025 0.993690456636671 -0.0505839409108878 66618.3724603755 67656.692646601 -417.427774856285 -13.0620162471744
292440 51873.6444546036 18842.2890190458 31147.5642342875 1905.76004215304 0.996551052177483 -0.0510468296094879 66656.4550021496 69064.2425963009 -856.239797171498 -13.1540423604447
292480 51851.5286434834 18895.8769198637 31096.3344255972 1898.66708064749 0.99938526615701 -0.0507072952156007 65914.8250008872 68342.9126397181 -164.662312986995 -13.1017491384737
292520 52069.8963026685 18976.6246808867 31216.4718736923 1891.65869226022 1.00365593975336 -0.051986708714806 67180.7566258616 69229.4679568347 347.183899079929 -13.3789270174938
292560 51869.6007626504 18849.3135233635 31161.5491712733 1879.28911079367 0.99692257164424 -0.0512134050231386 67788.7728824702 67858.3108199827 -466.722557655746 -13.2140738874947
292600 51891.4630840714 18863.0084751758 31152.5480252821 1897.69803532636 0.997646884843357 -0.0512689214021863 67451.462497592 68499.9548358796 -661.603944245301 -13.241958756347
292640 51992.9318309324 18932.9302019625 31186.0296066547 1900.4376048511 1.00134497960928 -0.051365316741079 66811.4237380295 69195.0074859378 -502.925792916688 -13.2576147048119
292680 52098.0529757389 19036.5753253969 31188.5715058597 1901.12150976142 1.00682667329879 -0.0514684767029177 67178.8834500586 68315.5832736788 182.786828964813 -13.2779872667319
292720 51789.7347256305 18947.6640499747 31007.77173665 1873.58362680464 1.00212423905723 -0.0499176041131754 65048.0163685535 68318.1493358067 -887.496155038777 -12.9865684333663
292760 51892.2248027065 18865.6552435116 31195.9851233209 1858.99239045258 0.997786869946401 -0.0507105137840507 66487.9783004531 67189.1649047491 454.67660384189 -13.1177233422519
292800 51977.0432860349 18989.5713144497 31172.2261185993 1847.82280990882 1.00434067509981 -0.0518260376834671 67395.5315718331 69002.3425910555 51.872046745845 -13.3209999133988
292840 51921.8321428997 18938.4136394225 31132.2782877087 1871.61305640523 1.00163499349055 -0.0525846087243631 68059.809030688 69195.3434103668 769.574658398415 -13.4172512184232
292880 51885.0600110148 18912.2106805927 31107.9515223934 1894.41413115159 1.00024914349293 -0.0500991147172804 65304.076075256 67699.5680434671 -143.67188359506 -12.9758717361046
292920 51917.2509544222 18935.1400967887 31112.0891397744 1880.00350984159 1.0014618588808 -0.0500868468125771 66496.5441415459 66943.7217423477 -574.109750757895 -13.0109689981226
292960 51958.3107942851 18929.1842232996 31134.5701279411 1911.39448457708 1.00114685829959 -0.0519029137323768 67576.654831122 68228.827587032 765.657417498592 -13.2923386793181
293000 51750.7379634832 18904.4082209249 31000.7903742203 1860.74961919538 0.999836478694959 -0.0502405329118569 65794.1354664257 67354.7496618274 8.85335819792822 -13.0473750182059
293040 51616.5141153698 18702.8607432969 31073.3043184123 1854.32494093969 0.989176821012661 -0.0510212429035214 66057.5450910931 68623.0162612252 98.9786258510544 -13.1105526024834
293080 51845.2619993323 18815.6267399345 31212.2967546825 1843.73483527941 0.995140909159568 -0.051694677814681 67428.1169970661 68842.5716609775 -117.276800617226 -13.2607425234848
293120 51859.7038683947 18880.6437162124 31123.1300769911 1879.55491463001 0.998579596256108 -0.0518599129910746 67189.6996842153 69128.0573626035 188.29823111704 -13.3222225155318
293160 51770.8148820978 18791.4818470258 31118.8817480728 1877.0168279321 0.993863908344617 -0.0510070042749048 65770.5817760044 69257.1739242055 -292.421748596214 -13.1554920035201
293200 52013.9164475317 18989.2864754155 31154.2629831026 1896.34676581157 1.00432561022956 -0.0518879764089222 67565.4537637362 69264.5090931515 -243.527901575129 -13.3589470816443
293240 51843.7270321505 18841.5749563187 31105.8362182611 1909.41425831534 0.996513286067365 -0.0519556915994699 67512.6002029353 69290.439583022 -113.369527398807 -13.298416970522
293280 51956.0119833612 18880.0223226002 31188.9962229343 1914.9743793026 0.998546731328849 -0.0531543022202716 69294.3279833698 68949.4862809105 941.371412505135 -13.5057969584477
293320 51887.3245919319 18882.4961035751 31143.9241684504 1891.73976970847 0.998677567292084 -0.0528516877694914 68583.9887622662 69976.6954528398 3.46519628618053 -13.4631555672046
293360 51849.2026970012 18916.9238975966 31039.5086814726 1916.00004099514 1.00049842113429 -0.0503205778057262 65547.1119168609 68122.6705125894 -311.104937193458 -13.0824255595467
293400 51800.2650197068 18874.1312644261 31087.7429294208 1877.59285349792 0.998235158769065 -0.0511408842926262 68382.2279261533 67269.51210846 -645.304826650476 -13.124634373489
293440 51784.8000046399 18838.0607487312 31097.914237071 1880.60419112298 0.996327422913192 -0.0516109400440547 67886.5689915545 68361.668966277 -229.419888029569 -13.2212642837998
293480 51846.9807577291 18945.8234878124 31019.5299125835 1899.59616148389 1.00202689344506 -0.0518230759548056 68146.1847247188 68486.3862971554 -209.67535442639 -13.3074474007086
293520 51844.6596912885 18893.6070852134 31044.6508838953 1923.49391858237 0.999265216724232 -0.0516243277491404 66972.8130505719 69343.1716158121 -317.822870585346 -13.275494756682
293560 51986.7800466308 18908.6356884921 31165.3787265403 1926.00997802467 1.00006006550269 -0.0497547534420835 66458.6694380997 65726.0681245328 -45.6339729308847 -12.9519983021732
293600 51945.100537062 18927.9115072057 31150.2469697966 1874.42161505089 1.00107954553514 -0.0524480249929744 68220.3239268383 69531.2878608829 -32.9366063104575 -13.4211024250694
293640 51915.8748060559 18958.8753843246 31084.8416969305 1891.93463896561 1.00271719605049 -0.0505980593754728 65969.4135188319 67638.2015794503 299.283216826112 -13.0965142071765
293680 51834.0753009651 18807.8116193082 31128.4321770244 1927.3038619413 0.994727574735326 -0.0524184644294567 67477.2350963916 70017.8238384121 157.331367708956 -13.4053872626087
293720 51908.4966355869 18873.4675600961 31177.3623253107 1906.31792682288 0.998200056067492 -0.0501505143095015 65859.4234783198 67213.1212844364 -79.0432216846689 -13.0488727079537
293760 51788.9310196839 18867.3562395061 31033.8543305212 1911.93340804117 0.997876834034436 -0.0521177897741598 67377.5528256845 69275.7584410242 362.553663304409 -13.3657026326647
293800 51691.3259776295 18808.2025395011 31043.6033769711 1856.56847642749 0.994748250138892 -0.0495812822307891 66986.3172915575 65705.9037253923 -916.559979909682 -12.9144008123538
293840 51834.4017530557 18805.7632485272 31177.1948219789 1864.39559603119 0.994619238319568 -0.0516647293491449 67648.3402718735 68410.2924011036 39.416824654697 -13.2547156440389
293880 51993.1394069138 18974.7070264324 31122.0218812585 1905.81316714125 1.00355451680193 -0.0502444105827953 66354.4127741051 67043.5160550258 -245.642372720528 -13.0791206419315
293920 52091.8956556016 19020.5469891108 31192.1468876972 1888.22201322778 1.00597894957614 -0.050905184041269 67456.9720526085 67325.348402555 -228.714756742329 -13.1690815116191
293960 51846.1166308183 18862.945569 31118.8179578601 1884.81498542348 0.997643557794525 -0.0520040223021614 68323.9206946382 68913.6234167135 -439.455076245424 -13.3605569264106
294000 51988.6661224989 18970.3954913872 31104.8692091769 1935.99299275402 1.00332648374387 -0.052312824424263 67498.3244631525 69662.0334515874 268.862321235073 -13.4484371249118
294040 51951.320071261 18939.5620304364 31092.574381564 1939.94016329311 1.00169573081774 -0.050832953696546 66708.4898685645 67427.4471118724 224.35839356069 -13.1699392050685
294080 51875.3374325929 18871.0827433167 31123.9385380882 1910.84990948867 0.998073925337392 -0.0511413272200147 66680.3034804661 68651.0177768423 -310.611559892182 -13.1870434742433
294120 51919.4725941456 18871.3372771562 31138.8242994399 1925.59171123845 0.998087387394218 -0.0517228507920835 67560.7965901048 68824.3369995247 -173.523992594389 -13.3149810537581
294160 51990.8341992062 18892.8096676018 31252.1724895752 1860.99050485048 0.999223042052188 -0.0523858604194284 67249.0383849668 69998.7434371461 330.176410147663 -13.4322158749829
294200 51850.4503496998 18883.016353967 31102.6703132215 1887.08868604909 0.998705082848976 -0.0523485635797535 67392.5198540995 70006.7818435993 112.997481562988 -13.4114031629772
294240 51855.9811001238 18889.4667601077 31142.89695453 1844.47162868321 0.999046238799827 -0.0518364168588463 67327.3261105433 68548.7198124907 567.707225739718 -13.3177262381377
294280 52059.6974654024 18888.4119907007 31313.5465889713 1880.05384722461 0.998990453031902 -0.0522632044056557 67967.592035344 68772.110078309 592.7005042865 -13.3775642560498
294320 51931.8596637938 18874.2222019219 31175.0813773194 1912.86887643575 0.99823996836821 -0.0514417954921323 66629.9441985731 68616.9373416374 378.30641355375 -13.27063196417
294360 52029.5340562161 18927.1672045542 31242.1237191112 1880.18984235466 1.00104018006369 -0.0512671473685739 66054.5751760574 69236.5522077301 -19.4858670597742 -13.203313229117
294400 51972.788733126 18860.6028535032 31245.4554739547 1890.77000366856 0.997519653761904 -0.0519479499462224 67016.3039511698 69283.8609622618 396.290342009061 -13.3086372163237
294440 51927.5248252927 18908.7567599668 31122.525362926 1913.4316565592 1.00006646885981 -0.0509877491140289 67216.5402882128 67862.0344503382 -355.127849538204 -13.1511976138026
294480 51929.0141878002 18863.1299059804 31190.540485861 1899.82896346008 0.997653307205097 -0.0507950789607143 65519.1511257551 68239.2607603645 532.511071407839 -13.1194406858465
294520 51906.2057903479 18939.5218127782 31114.6485836706 1866.4947956306 1.00169360374339 -0.0520647528205823 67656.1215516383 68933.0670022823 323.996824097137 -13.3761562544748
294560 51734.1535394649 18816.431328482 31048.2802077775 1882.30344126258 0.995183463095705 -0.0508694336708224 66496.0713078078 67818.3794146893 136.487785312274 -13.1300413305612
294600 51886.5474666421 19020.2441229708 30998.8193153911 1887.26863142633 1.00596293126911 -0.0506393561036661 65535.1505389718 68661.848648384 -187.477425598471 -13.1141813217966
294640 51797.9209004239 18874.9556818906 31058.3269796752 1880.83301079525 0.998278761438083 -0.0517763156218499 67153.7958436498 69382.842792463 -159.438468710081 -13.2951726922944
294680 51994.4478756259 19021.6961671969 31133.5250913981 1860.12746218946 1.00603972853084 -0.0511457245715917 66501.7825660995 69229.2006512565 -709.251246749005 -13.1637908899919
294720 51827.4071853299 18917.8063162869 31049.0978948517 1891.00437163123 1.00054509143393 -0.0513887094645539 66720.9979957258 68391.7748371089 424.599271450179 -13.2299157795374
294760 51889.0357376139 18923.3354814228 31136.2007092319 1864.05561259844 1.00083752380922 -0.0516439285595438 66933.6693708716 69554.3105894758 -403.37727732414 -13.2260053949485
294800 51860.9785664492 18926.6100196439 31071.443844963 1893.38996360409 1.00101071107465 -0.0504344133837941 65148.5296815382 68918.6337796408 -491.567417025048 -13.0416179834265
294840 51946.3041485911 18916.9364703653 31167.6692421834 1881.85423739861 1.00049908609627 -0.0502780435952554 66179.0682436857 67384.5426279293 -330.952048895333 -13.0506998674318
294880 51913.8067594358 18922.6584283848 31122.5155410249 1896.09520538485 1.00080171510696 -0.0513451008742647 66205.3940335264 68574.5031169603 701.546851445099 -13.2248382239615
294920 51837.2685187526 18840.738544398 31155.0892090179 1877.7785329391 0.99646904902277 -0.05112155855984 66798.4627852977 67685.5982529325 480.283409726368 -13.2026258174776
294960 51831.6445191291 18891.2772497004 31064.039812242 1902.11742930405 0.999141993901914 -0.0522589302599309 67089.2486147721 69869.682022139 351.91351036851 -13.4131986968043
295000 51978.9170701168 18976.1414557487 31160.7033662931 1870.8904379409 1.00363038242754 -0.0513007594104853 66827.0641909228 68564.6909079014 7.51382806584224 -13.2665270253742
295040 51883.9503402205 18799.4167722648 31249.0754508337 1870.34211714514 0.994283579122823 -0.0505243112087924 66688.1338083259 67988.1614788753 -881.71658331133 -13.0641376191888
295080 51723.5535124378 18853.7886290305 31015.8926511661 1878.57496137581 0.997159255799577 -0.0506238653593691 66677.3096593701 67993.2782243316 -687.717439790511 -13.0585757715601
295120 51936.7155248187 18941.4951426047 31113.8419305294 1894.49374130498 1.00179797131322 -0.0504820115331509 66158.6143167107 67778.4636414829 -275.604967241959 -13.1002074923193
295160 51965.7468606579 18962.9521089532 31155.2405640473 1862.43192732561 1.00293281020511 -0.0511909745454344 67316.067414089 68250.0047181697 -452.681975430422 -13.2011909186411
295200 52031.0914764211 18923.9691213074 31216.6319007818 1903.76829093416 1.00087103643038 -0.0519174645302468 67004.3576811956 69172.6504288887 433.711948967921 -13.341524079022
295240 51863.6367392481 18884.8199259152 31061.4261635884 1939.61014416555 0.99880047208331 -0.0519788924365819 68381.305394717 68539.9493609122 -191.883559983199 -13.3447936810773
295280 51947.0278401085 19039.7164594499 31051.008696175 1871.58660091472 1.00699280494248 -0.0505865007744734 65766.9824916338 67965.3392818518 146.374315335023 -13.1520487007838
295320 51957.067438371 19009.3224774914 31059.3084355681 1890.42010873798 1.00538529564942 -0.0516338178828538 68000.5721281229 68141.244983885 -112.471253709387 -13.2930911538053
295360 51869.5641022036 18815.8916359206 31197.5341830174 1867.5179548324 0.995154919260645 -0.052288697331475 69332.0734400744 68084.6064137251 -32.6664049068942 -13.3700419078372
295400 51896.0432158299 18880.3174272835 31174.5531113927 1852.79408441859 0.998562339139678 -0.0518777779062826 67478.2278948584 69114.4385471741 -47.7201554214139 -13.308873902519
295440 51895.5307374782 18906.7018665931 31100.3874801658 1900.99227836303 0.999957787470213 -0.0524374301339368 67768.0030506931 69457.4521427899 469.948057697854 -13.3986113180138
295480 51893.1897531105 18975.1776467549 31041.6413197585 1900.796916984 1.00357940747084 -0.0509054536577991 65827.5112297551 69102.6734239936 -399.977547212084 -13.1682240052507
295520 52022.8368254625 18974.9234355845 31182.3667476514 1880.2041729243 1.00356596247968 -0.0505704504169854 66745.2967352659 67180.1249906429 -90.9651370930839 -13.1306528591959
295560 52026.9458224135 18949.9308793616 31209.9647104431 1876.07318912952 1.00224412954445 -0.0508404432587565 66266.8209384703 68140.6304558558 -14.3487453503164 -13.148094732094
295600 52003.142560951 18943.4452728826 31201.2832799022 1871.53550944598 1.00190111188061 -0.0508998258606803 67302.90022362 67137.0215107555 60.3942928790656 -13.1513410315324
295640 52009.963236019 18921.8818499379 31213.6732587546 1889.19231620988 1.00076064259885 -0.0510990858360881 66965.8335641755 67954.7998413752 20.0921506858934 -13.1792140128123
295680 51942.7541139154 18954.8471864303 31137.5869634503 1869.1288282326 1.00250414842947 -0.0515147855150977 66736.6750739795 69337.1569286967 -286.524634123205 -13.2556856618961
295720 51938.5105943626 18903.5704844268 31161.8614077233 1891.06990660844 0.999792171594702 -0.0517738713867117 67773.3117276702 68383.6707312359 162.769966916547 -13.3056261441579
295760 51994.5672491158 19019.4533780212 31122.0642163542 1874.22549585924 1.00592110950793 -0.0531039220192254 67691.6385267164 71022.181229411 388.850766676307 -13.5649813717332
295800 52009.1347042536 19037.72480856 31086.1233955628 1902.16756443946 1.00688746838874 -0.0520405283671938 67785.3341562011 68786.8737982879 293.282018562657 -13.3652305114694
295840 51992.5976684004 18926.715113369 31228.2549928008 1849.8598733074 1.00101626938352 -0.0516922841165647 67917.7220771096 68372.9325605407 -132.370659731755 -13.3263472711249
295880 51902.8355852314 18893.6595035909 31126.1078147106 1893.58521950852 0.999267989083216 -0.0505252191995706 65231.9136646381 68295.1600828865 226.733998020768 -13.1379241421151
295920 51876.0670800174 18843.0385727444 31180.4757080659 1862.1790263573 0.996590695371912 -0.0508282513426853 66151.9836011195 68081.6548595767 132.095525502587 -13.1139565208451
295960 51893.4036565556 18986.4087236577 31073.5352079918 1843.09052313417 1.00417340862926 -0.050543169222148 66737.7751524048 67661.1762542054 -602.467084669969 -13.1158326610554
296000 51961.5458645012 18972.4330921349 31151.3609450621 1854.37289585893 1.00343425054264 -0.0510719702838881 66825.5801969716 67904.3139952963 135.147552473191 -13.2045265993406
296040 51946.5717556037 18964.6801853542 31136.8238705089 1861.77532656783 1.00302420655053 -0.0523863080258285 67664.2118015201 69664.334062197 260.959081557262 -13.4203113031592
296080 51850.2195738757 18869.9933199737 31138.2565556911 1853.01019712238 0.998016306755189 -0.0518766280692753 68210.2177564643 68617.2548020727 -299.467477861094 -13.2932103083071
296120 51815.9431865171 18853.9455376447 31113.1865353897 1860.39123400868 0.997167554549504 -0.0505491758262332 67520.3509989438 67095.1802951305 -800.186381757647 -13.0822680621511
296160 51807.7187349312 18824.5079309259 31135.8741862116 1864.27203659652 0.995610627048839 -0.0519183468612837 67650.1352547545 68828.1553761413 151.654535488723 -13.3200118408765
296200 51862.4218352864 18876.6116361363 31125.8025831038 1874.54418294275 0.998366343310132 -0.0510756444937008 67318.6358782874 67402.4841318849 179.905678819197 -13.186581457716
296240 51882.8898613084 18890.9122050931 31123.7194692064 1883.40121666994 0.99912268703388 -0.0514216454323012 66144.6321015649 69228.4141971443 222.754122809677 -13.2386506164935
296280 51974.8925229736 18988.1193791708 31115.9886310492 1879.53992038027 1.0042638836002 -0.0507654043741779 66653.9131681644 67670.4711323897 -76.3335162576206 -13.1259628204246
296320 51881.3953587428 18968.9709034553 31049.9256611575 1873.52525753474 1.00325113861988 -0.0496924813325241 64577.1875213399 67921.4838610242 -427.23765053334 -12.9783586775463
296360 51887.6813699798 18879.4226890765 31147.1323941568 1866.69814139992 0.998515017272328 -0.0514868195515347 67330.9692193156 68607.9834639928 -218.173251439462 -13.2630759860781
296400 51799.0101775949 18798.1467600922 31118.0513279777 1894.42156771712 0.994216409366243 -0.0516154538345116 68357.1442667174 67698.9661394272 -71.705023367173 -13.2543742208442
296440 51980.7710774215 18890.1670962661 31218.9274649951 1890.32878294758 0.999083278924562 -0.0509192668319719 67215.0387911345 67112.8625434988 223.486219916511 -13.1265636492188
296480 52023.9098512782 18826.9884917143 31290.6728389185 1914.46811340663 0.995741821590075 -0.050874215279754 66885.0852416419 68204.8486539418 -601.767998436216 -13.1394400396991
296520 52155.4284549508 19033.3865565274 31278.2974338881 1863.22319709318 1.00665802229419 -0.0532341030523645 69564.1167138224 69643.604885406 137.573154988349 -13.5652231984572
296560 51972.7835116846 18901.2202565233 31224.9217939888 1866.88807136221 0.999667870237913 -0.0515978461697576 67843.5236480544 68434.0293467377 -261.157677285932 -13.2657918622004
296600 51909.9579368501 18878.4988223343 31177.3540692508 1882.80119997122 0.998466154823973 -0.0494811788039389 65317.9712544386 66233.5784690952 65.3070760009802 -12.8763927100348
296640 51857.3678741337 18945.5241196488 31049.1875682369 1880.58440285294 1.00201106014274 -0.0526001766527887 68478.8527792558 69007.4627414923 602.516753998204 -13.4632664756775
296680 51967.2368818461 18941.8612210708 31203.9699891748 1832.87080147746 1.00181733286108 -0.0525023370272109 68029.6512591713 70031.4686252539 -238.538125394263 -13.4098111155649
296720 52001.6141781974 18898.5936605241 31234.3546507511 1871.95686986705 0.999528952030895 -0.0515681364909992 67504.8519356696 68680.1622159737 -282.58766092763 -13.237599995408
296760 51991.0534643343 18898.0106718256 31176.4077893178 1920.57408226156 0.999498118303616 -0.0513744013287968 67004.5298299269 68325.2646963658 162.468045777677 -13.2190654170985
296800 52068.8049157878 18975.8250309833 31212.7320707287 1890.00229307853 1.00361364701749 -0.051957786266115 67649.0845647451 69311.6641934909 -236.333031089006 -13.3602870781456
296840 52001.8105568699 18968.8660310487 31125.5225422175 1916.61200264469 1.00324559201633 -0.050326913537557 66254.0252734526 67477.1083514706 -396.62836545597 -13.0901209711458
296880 52059.1084302526 18980.398703407 31215.562274986 1872.36268692348 1.00385554427645 -0.0525286156735557 67286.8408967868 70465.0213107113 133.405529402836 -13.4750490723802
296920 51900.4102500721 18938.1099997687 31094.7896905383 1882.78783409318 1.0016189342731 -0.049938190332075 66378.4844367417 66192.1476990031 -25.6300490391622 -12.9906328235259
296960 51824.1800099844 18858.5361380427 31077.7285278579 1899.05285206394 0.997410347113192 -0.0511283640830433 66971.4451297781 68210.7983911079 -197.041450206653 -13.2029578853635
297000 51991.1045089268 19005.8884017765 31129.3436109365 1874.28049483327 1.00520367059508 -0.0516923436280187 66281.658885435 69653.0890561548 239.677123522266 -13.3119262079933
297040 52006.351341618 18973.0351167156 31179.5215386776 1872.48129244954 1.00346609105993 -0.051512217940613 66671.6749148366 68492.1107225295 600.186820853341 -13.2601961893326
297080 51859.5518497419 18917.865224028 31081.8706500686 1878.27682986745 1.00054820700928 -0.0510602073915813 67286.1832271024 68126.9992138588 -541.184500279128 -13.200880702973
297120 52026.3184710651 19012.7712331001 31152.7039329388 1872.22514507163 1.00556769710962 -0.0505516834705615 66875.4687063996 67400.3708496563 -469.769452015021 -13.1225815716444
297160 52097.8251245203 19018.8206292042 31205.3942471977 1885.93457426968 1.0058876440145 -0.0517660267958559 66784.4223098485 69809.6668858038 -263.844090548569 -13.3377186108576
297200 51920.0954837433 18927.8746266269 31105.3775208707 1899.77866610214 1.00107759495581 -0.0527544053407319 68618.7171626261 69309.129710837 413.413707065175 -13.490580327572
297240 51917.0456788029 18890.8374240197 31150.792656042 1883.05391647948 0.999118731932814 -0.0525028427138973 67211.9541694387 70231.1742635046 377.140699156863 -13.4532192136947
297280 51913.555546529 18918.2189184612 31117.5034948004 1889.22741126131 1.00056691357721 -0.0514401028642439 66793.8880995074 68798.3114880999 33.8923562473961 -13.2161244136683
297320 52001.175345781 18993.0220506295 31148.0899092478 1875.2105982624 1.00452318131056 -0.0510378039944287 66511.6605711014 68549.6759496752 -252.027123360406 -13.1652721290756
297360 51758.0203362997 18815.0961509335 31055.3089873219 1904.45883306612 0.995112846803307 -0.0515923196369332 67988.1037634356 68191.7563196285 -253.182103332756 -13.2333927454265
297400 51714.1119490031 18843.2365715839 30956.2519668422 1928.89440223172 0.996601167345441 -0.0519519047731263 67278.2470924245 69773.3013513536 -362.927445927934 -13.3394093419364
297440 51964.9733430977 18938.9626038612 31144.3300395029 1897.35839661708 1.00166402770653 -0.0508366508013546 66679.749496301 68006.1692085332 -291.243642566262 -13.1472842333378
297480 51852.7954322328 18894.1710358099 31056.6140807118 1911.42432544073 0.999295043544091 -0.0519332651017058 67507.4846731073 68830.2189152917 303.323311915482 -13.3066837786411
297520 51933.5305288102 18940.3910103037 31084.839489887 1918.90674990367 1.00173957478798 -0.05175983179171 67096.9564861324 69007.9085360588 195.364240491415 -13.2866825414203
297560 51965.77796215 18941.9259545593 31103.56556685 1934.0249676234 1.00182075655477 -0.0524218717479036 67700.6929739067 69486.9064421571 475.8739711566 -13.4254127154428
297600 52154.006483104 19075.8303585253 31188.8827734953 1904.94844778137 1.00890283530479 -0.0513394795346645 67479.6747828761 68508.7292456346 -537.445255379841 -13.2735616499962
297640 51942.940913764 18900.3875729965 31181.232158786 1875.16978286631 0.999623830384584 -0.0510025733204632 66270.8847454822 68130.0200162432 345.761006502928 -13.1416818180699
297680 51985.2171819128 18924.3592299662 31166.2618210271 1909.37820242678 1.00089166891267 -0.0512506847458354 66465.2603157319 68499.4025814211 277.508578893393 -13.2266269902178
297720 51958.5773004714 18906.2939084685 31173.7572554415 1888.15065241792 0.999936210946372 -0.0513046704301208 67535.2706833027 68075.4810154325 -266.301859045886 -13.2106476074113
297760 51844.9486899112 18849.950268196 31100.0037456081 1904.02548033325 0.996956248483194 -0.05262126503936 68026.331546944 70114.1468146542 -73.7946003077234 -13.4150218366061
297800 51954.0673080826 18920.9440807181 31168.1643254635 1878.52064272549 1.00071104486146 -0.0512616479371273 67486.3310819366 67841.2181097271 -70.050933539362 -13.2373514985644
297840 52152.5223042888 19044.5005177089 31234.2246732909 1881.3613364497 1.00724582931159 -0.0504182815257784 67329.1376342623 66840.3784816912 -655.98432334403 -13.0677299547744
297880 51962.0514049692 18932.9625088686 31194.1321263274 1847.76577289024 1.00134668829134 -0.0497047289132499 65321.9834591052 67034.3005417756 -292.564638236743 -12.9484906287137
297920 51914.7787859836 18910.6131002126 31123.2251156931 1895.55138488225 1.00016464896007 -0.0516198894596446 67929.4473079675 68318.161294788 -231.800529726742 -13.2740184729688
297960 51789.4094561728 18801.9783272926 31081.0808833886 1926.75304803051 0.994419057373664 -0.0515992219690653 66897.7132883637 69135.125722274 -73.787460825292 -13.2385068490617
298000 51997.9856814682 18883.5236229232 31196.5957257495 1939.72454858828 0.998731911829866 -0.050900208958784 67210.7470935089 67543.9279381434 -217.258100401579 -13.136706669042
298040 51930.120970146 18817.396530558 31250.2067261626 1900.48367088867 0.99523451173122 -0.0516013563726942 67573.9682471368 68154.7999335085 262.60948214845 -13.2388134679662
298080 51943.3634583537 18906.4255436015 31164.4745201487 1909.80814537329 0.999943173005501 -0.0504454239086842 67172.7805854568 66718.0925743819 -310.862248656468 -13.057619036673
298120 51845.764884632 18814.3091159768 31122.5420332212 1930.6726527085 0.995071221260176 -0.0507534250192547 67015.0949034097 66997.1417892564 206.48363680471 -13.1055026757592
298160 51865.1721829112 18878.3866259019 31136.5288176986 1878.68478101155 0.99846022085955 -0.0512340254498341 67061.6522057577 68406.0050351619 -198.837404745903 -13.1661038178304
298200 51871.9220069893 18818.1501222753 31155.8033626242 1923.959056369 0.995274368492678 -0.0509023382525744 65979.201809512 68417.5847039464 183.729894176685 -13.1157906717582
298240 51858.2375317119 18869.3900091666 31073.1788788769 1930.71522097925 0.997984398210585 -0.0532065163887504 68192.6805145397 70890.0662091361 211.776901431624 -13.5330556944066
298280 51743.7912502714 18822.0784510105 31083.3221178571 1854.45620266565 0.995482134127226 -0.0508839722950996 66602.380714611 68047.7182227593 -156.361036845873 -13.106789916036
298320 51877.8678139713 18889.4387655648 31136.3267984506 1875.12573937115 0.999044758194621 -0.0510740633262385 66704.9379624084 68179.9113411452 29.5872117692008 -13.1300939993845
298360 51926.045503863 18848.5970607163 31162.3981286071 1944.82924762546 0.996884678604588 -0.0508350101946364 66722.0587585677 67904.6203692885 -244.123805881907 -13.1027842218097
298400 52001.3449837159 18970.7493750187 31131.9166028776 1927.86110758749 1.00334520031832 -0.0501358708494614 65407.2768803792 68011.5677072749 -474.444818241161 -13.008970596479
298440 51803.1133369938 18861.6795107825 31027.8878719188 1940.64918305513 0.99757659715893 -0.0514146626290649 67560.9754500528 67615.2707235021 422.947139206388 -13.2525043623408
298480 51752.4529419747 18838.1326972854 31036.8050887892 1909.39586825596 0.996331228204967 -0.0509223177344287 66345.063745244 68190.5714837336 76.0695830050999 -13.1363759595431
298520 51920.6495538357 18886.9758524965 31136.247180966 1926.30552823688 0.998914497024806 -0.0501164813969779 66346.6915026957 66752.8252332521 -159.568370209986 -13.0335372588045
298560 51920.3071856025 18882.0986380207 31115.7530036795 1946.60124377165 0.99865654571047 -0.0513113899947059 66612.0854063203 68813.2052252124 -68.614379744435 -13.2347239972118
298600 51981.759758375 18923.4300346119 31140.1071900563 1944.66947816252 1.000842524639 -0.051872465057754 68074.9694994958 68563.1324635805 -119.701569292072 -13.3427096489874
298640 52001.8090339513 18914.0680339747 31164.9478223899 1952.54331260043 1.00034737717703 -0.0510967017009972 67261.0901826911 68034.1754750052 -337.161198055929 -13.2248397413213
298680 51937.0188586683 18887.3254275308 31151.1019591369 1936.07375965497 0.99893298572158 -0.0510111677545887 66728.8828991553 67714.1737079718 327.767339057594 -13.1978077136823
298720 51865.4072131683 18910.6416961772 31093.9299022555 1902.55410866306 1.00016616137391 -0.0508070055558372 66757.7008063556 67555.6954366208 13.0427775564276 -13.1133945794109
298760 51972.137808282 18970.9423166991 31112.506694705 1915.08584797291 1.00335540482344 -0.0500976859399136 64992.7783231969 67767.6576642412 89.2031567795874 -13.0448587945885
298800 51993.63430853 18976.8101062579 31127.7932854907 1911.45203842955 1.00366574672791 -0.0505529427102683 65924.2033647552 68038.9146877376 -166.43398431651 -13.0848519445785
298840 51916.9668604422 18923.9856966111 31086.8058656362 1926.05755057407 1.0008719130827 -0.0508039663150315 67199.4080568032 67049.1492225544 90.5835057407451 -13.1213837472548
298880 51956.7262800224 18921.1769831458 31153.6034214901 1908.12313207177 1.00072336285315 -0.0510173896239321 65877.6714304703 68742.4728536444 185.013648273806 -13.1884424999765
298920 51972.8915657654 18898.2853951024 31188.3364492627 1910.95306132553 0.999512648160908 -0.0496366165989625 66379.1390844281 65921.8362566778 -388.363985406194 -12.9490248030679
298960 51887.8614831612 18969.9792093231 31032.6598676812 1916.97169964273 1.00330446697465 -0.050119760549756 65048.9175069831 67906.7650355671 -28.5147996886427 -13.0336138283872
299000 51892.3950406059 18917.4121851359 31112.7355596852 1889.93770914747 1.00052424620579 -0.0520569607400015 68416.410383801 68544.7834377476 -13.4012793154559 -13.3486190156783
299040 52076.1711910767 18999.7394026074 31184.1833868609 1907.25211889242 1.0048784557772 -0.0506615008912205 65950.0393706972 67880.6198319977 183.455580102284 -13.1568899153762
299080 52124.2059892748 18959.4346711263 31276.9734826851 1909.47317495498 1.0027467762066 -0.0496789055648197 66246.8027623223 66367.125560397 -612.531168817423 -12.9683122640187
299120 51977.9904041388 18904.5610491325 31183.3626002182 1908.48433433781 0.999844561635991 -0.0515604411526348 68589.4447223171 67770.4858479446 -492.363309984785 -13.2332640291484
299160 51940.2735273467 18881.2630974207 31169.2375817508 1915.3341272316 0.998612354749213 -0.0511295763187757 66892.7524712783 68038.9305402708 79.3599307325373 -13.1941602544492
299200 51921.2515502461 18867.4943381908 31135.9858897798 1935.85254121727 0.997884137944772 -0.0516977331523186 66771.0401212844 69392.8516116619 -10.5384775915965 -13.2791819223348
299240 51997.1030855641 18886.8439220926 31195.0396111859 1926.55594577152 0.998907519349072 -0.0491802931752087 65708.8275741533 65790.665747743 -520.701076089687 -12.8577236085949
299280 51992.0782407437 18934.1654099432 31178.1718108811 1900.1552299346 1.00141030860469 -0.0526325266424432 68503.3847533924 69263.0374688366 336.565407612254 -13.4281098693187
299320 51965.3083645735 18952.8027130141 31125.8767750204 1900.11150672727 1.00239601814169 -0.0517061377790983 68049.2284885642 68217.5317092392 -66.7312175201863 -13.2825495913251
299360 52065.6553606467 18928.0553250967 31209.041322885 1943.57889403809 1.00108715192896 -0.0514954414692149 66802.6310125615 69619.3965521816 -665.74020058219 -13.2973224757063
299400 51800.5157643148 18843.5774711475 31091.9901563258 1878.14981773922 0.996619197204679 -0.0519327929512584 67745.3122994514 68852.8591514798 45.8617757376319 -13.3267032976871
299440 51873.5265048517 18885.5176796115 31106.0617151781 1891.56767740463 0.998837375624038 -0.051153040305128 66069.7842552916 68706.7002490583 261.602171711642 -13.1871213273244
299480 51792.3565525624 18906.884515374 31025.7033937716 1880.48204056054 0.999967447593494 -0.0511317667973708 67269.9833189637 67944.4399766342 -216.441798183535 -13.207055842773
299520 51761.0124556775 18848.8716781852 31023.4738556812 1908.87843242735 0.996899202865802 -0.0510070655665803 66398.512560421 68546.2263747203 -170.010155374676 -13.1258696291753
299560 51940.6487754859 18997.9225022941 31058.7364327526 1895.32435204948 1.00478236161809 -0.0523038007837358 68718.6027326459 69000.5165744357 -314.554195854159 -13.3979115861765
299600 51917.5771465687 18995.9502591358 31073.159207307 1861.3970392759 1.00467805152113 -0.050952705535752 66375.1515485018 68569.6573398536 -328.577157173777 -13.1920166150415
299640 51983.7318213101 18956.439954787 31119.1529820816 1917.42689284883 1.00258838845892 -0.0520687079004877 67915.6617538322 68690.6784494128 319.606460546286 -13.3513289936205
299680 52058.170078447 18993.0808200974 31194.7383620623 1895.30409425851 1.00452628957278 -0.0529114485914356 68806.6807281576 69510.0960087682 343.598541913926 -13.5275955192006
299720 52065.7479661171 18998.5998789637 31205.9010488656 1883.74077365292 1.00481818743693 -0.0505389647592417 65604.5125354433 68379.4798143947 -210.883661232552 -13.0901491689506
299760 51869.7039160889 18933.7790112108 31117.867207967 1845.89127595511 1.00138987233695 -0.0505429244344583 66725.9524244338 67307.4049901239 -263.626693947937 -13.1078034593229
299800 51762.0849138855 18820.7176061611 31076.0096330276 1882.7160353677 0.995410160315278 -0.0497715699517812 66409.8652347183 65984.4681958221 -219.320712912307 -12.9629621161501
299840 51960.0015551331 18939.7415306831 31176.8898544176 1856.72843918197 1.00170522441799 -0.0508843668336934 67288.3174186678 67145.5386710926 57.7038162264107 -13.1946990851993
299880 51900.848948356 18923.5876140926 31114.6238220343 1883.07260049184 1.00085085887043 -0.0504239585773984 65254.9848706075 68141.5601372355 148.639699412938 -13.1086375459289
299920 51922.79574687 18926.0387143526 31137.3600464923 1872.55156706856 1.00098049527186 -0.0519695190626793 68114.8921896931 68412.8396234666 189.70730089397 -13.3247489453863
299960 51903.9750509793 18947.3412521299 31113.2972623862 1856.71869852457 1.00210716658098 -0.0505059942765298 67005.4318709314 66904.0175078693 -214.678449953707 -13.0915471134453
300000 51835.0407646925 18874.3157249315 31134.546999764 1843.0834305219 0.998244914712757 -0.0510988476399001 65831.5926840324 69006.7865123073 85.3527188186935 -13.1818198894129
300040 51889.7705562484 18917.7407296766 31136.50720325 1859.46804609896 1.00054162261942 -0.0502372422486753 66284.5350226085 66794.3147860033 63.2050123370484 -13.0720395749127
300080 51722.4278647556 18785.0557798377 31109.9596966256 1853.95867543796 0.993524039658213 -0.0521691881859835 67675.8146974854 69108.9376652804 337.858308849737 -13.3536271570484
300120 51806.4410532284 18881.0004950771 31049.6245327444 1900.83977146522 0.998598465956743 -0.0516926347769732 68024.9013656389 68139.0708014153 19.9694129493076 -13.3207626878103
300160 51945.3511858029 18990.9181034076 31086.139916438 1890.75958609863 1.0044119055088 -0.0509630906989065 67122.9946383087 67709.9521893207 -142.946713763766 -13.1979579467803
300200 51696.6740129347 18850.4663970721 31032.4919587292 1845.88831450923 0.996983546056968 -0.0516875145355893 67829.3494499281 68575.3897986077 -244.344325104649 -13.289313604924
300240 51900.2828880972 18904.3533036748 31129.0003420234 1891.2162715483 0.999833574172938 -0.0516066578253481 67582.6137949955 69022.9725180074 -591.064358465976 -13.2567505588166
300280 51926.7344841755 18926.1263791307 31140.4924961805 1881.39048685802 1.00098513178002 -0.051506790878629 68354.2395468866 68046.724068925 -586.622978810527 -13.255629715588
300320 51685.4399261961 18799.4415490933 30997.9873753444 1908.53801696449 0.994284889546119 -0.0502368972831149 66553.3278505237 66679.103665678 -98.6691281178068 -13.0406524508593
300360 51794.2507909272 18903.4465962514 31016.9168395624 1896.33257677112 0.999785619264917 -0.0507252546910304 65996.942524849 68318.2141280456 -118.874451989648 -13.1389481985707
300400 51900.3524159124 18946.410634343 31097.2355980266 1872.26605173988 1.00205794707619 -0.0507232503487064 66261.8597921937 68313.1898043168 -426.236625854384 -13.1275377174258
300440 51793.4673362365 18892.2682805788 31020.9906635758 1891.28542126587 0.99919440859864 -0.0505573724895118 66691.1680260816 67570.9263459595 -448.37604399527 -13.1039625124783
300480 51755.7110326532 18880.4904561695 31019.3317247363 1865.3164338506 0.998571490475709 -0.0514770767705699 67123.5824554235 68759.9992068407 -181.185483236103 -13.2394990564234
300520 51906.8488592105 18942.0421696981 31105.0484450516 1874.9180654786 1.00182690306482 -0.0510130694915218 66344.3855645081 68322.5960678644 101.206315846667 -13.1724291120387
300560 51823.360931055 18907.6951580054 31073.206808814 1864.01351715426 1.00001032172447 -0.050107475366544 64946.1773541279 68459.5725803108 -520.866592099018 -13.023228555576
300600 51973.4217528173 18919.2905729776 31147.7571543531 1921.4235271203 1.00062359238279 -0.0509360900020588 66014.36206151 68542.8264087511 27.1616523182616 -13.154074602098
300640 51866.1476393156 18787.712542101 31200.9051110789 1889.40414997663 0.99366455333074 -0.0506686316895597 65878.8972028413 68299.8948981283 -118.197683820942 -13.0884196214677
300680 51895.6413189531 18870.0510423312 31172.3568312405 1872.3006010446 0.998019359636715 -0.0523495691688577 68838.4171676525 68892.2100063438 -219.710194286369 -13.3684133582931
300720 51826.5564051235 18866.5604628414 31082.0992366937 1891.6445056614 0.997834746150545 -0.0503516984019825 65611.5705094814 68217.4486805882 -435.908726036806 -13.0463630869442
300760 51975.4410336729 18935.406848232 31151.2578529169 1909.44431066905 1.00147596711527 -0.0506093642243436 66233.6948816091 67699.8303467422 -25.1755244082856 -13.0818308165389
300800 51762.3774638149 18771.8595549482 31124.5242539921 1887.91306761971 0.992826103659827 -0.0517747066297327 67810.5636010627 68605.1067194577 -83.1160704175552 -13.257503885335
300840 51899.9987129974 18847.0982621987 31177.7374138797 1912.06818509719 0.996805408552091 -0.0512255214598616 66659.6979074727 68018.730826049 490.844525017723 -13.2048078541275
300880 51821.7469162825 18846.9483645252 31143.0401092561 1869.4403898598 0.996797480604268 -0.0507719819406929 67273.8038494608 67405.6379295085 -367.880796055121 -13.1276652450828
300920 52081.0620498396 18974.4907373371 31202.8851348824 1942.95812795986 1.00354307747386 -0.0511559443237366 67307.691361734 67977.9344284128 -220.01583145954 -13.21247351276
300960 51918.000438973 18891.7427990519 31137.1009979283 1927.28608769921 0.999166616371912 -0.0504268244711294 66368.4283194455 67664.9287652558 -509.101778866554 -13.0425455912723
301000 51918.6988997237 18949.0298047913 31086.7256138593 1908.09904939816 1.00219647255276 -0.0509435009360142 67300.8286696746 67646.1962250556 -337.665263212837 -13.1625546136405
301040 51916.3728461359 18938.028807151 31111.3458860833 1887.99083969265 1.00161464007146 -0.0510924732928388 66180.2467135853 68661.0529633635 69.3198521842139 -13.1878655306494
301080 51799.026631505 18855.0840559651 31077.9629375042 1888.94535598933 0.997227769719163 -0.0510861059651671 67365.4075959259 67737.5261935798 -152.824291637075 -13.1941657022886
301120 51756.3692932775 18865.5145926359 31074.4218620443 1836.83574242948 0.997779431053067 -0.0511631887494743 67081.962770574 67937.4143210186 43.751899105577 -13.1901613451251
301160 51754.6162429394 18837.8892807894 31066.5849704443 1875.0876821248 0.996318354134044 -0.0513456697208664 66105.9917601039 68430.9246988945 881.831660994656 -13.1920573628041
301200 52015.5681011868 18949.7037273685 31182.3902326438 1908.29890240337 1.00223211568787 -0.0514331847106053 67614.7871579187 68007.3514534638 -13.8928678158152 -13.2551679502978
301240 51933.9646561307 18941.0758089163 31106.3304172363 1916.06614714011 1.00177579314644 -0.0502685977304335 66338.5132949738 67376.483463987 -484.072440748617 -13.0410614037659
301280 51869.7433451205 18910.237666062 31058.9203676631 1920.35799840005 1.00014479259881 -0.0515693824104311 67649.0627565239 68465.7403538722 -186.65652976808 -13.2659144413609
301320 51947.7342040041 18954.9948239916 31155.3300365896 1878.8534879105 1.00251195684208 -0.0508900272218437 66864.5982434983 68102.5550369415 -433.836347160915 -13.160056655562
301360 51917.0563758949 18972.214173113 31065.9699155378 1901.37396356557 1.00342267212022 -0.0523215686006392 68587.0016156709 68877.3235274993 -22.1940660132595 -13.3815209689448
301400 51667.0881924851 18737.434131731 31054.4846768021 1908.52550946595 0.991005375207244 -0.0514367362730053 67533.0148742717 67961.2989559779 126.405582613531 -13.2199154180283
301440 51919.3658713997 18872.5460029758 31176.3557329765 1903.77770971417 0.998151315772884 -0.0516315567963904 67143.3908120861 69136.8134668034 -226.568179640855 -13.2722166989878
301480 51917.6645126738 18954.4116089984 31048.1360218856 1948.35258283044 1.00248111114629 -0.0507126281280103 67273.8204690524 66586.3328449466 288.515865274961 -13.1604998268154
301520 51946.4426777496 18860.614245963 31186.2904915731 1929.51588516897 0.997520256298452 -0.0532934738691787 69149.6643952379 69995.9066298824 309.377774255849 -13.5153936556439
301560 51869.2630294664 18935.6956919026 31042.9862943244 1916.59260929961 1.00149124378699 -0.0506105812462912 66820.9165728778 67833.4141355746 -724.282701907062 -13.0889574543171
301600 51887.2502879494 19012.5505115942 31050.5846999906 1858.5514203615 1.00555602335551 -0.0507617454095736 66921.0344183231 67812.6959113706 -456.028982264428 -13.1318643674691
301640 51918.9162718568 18974.4826928066 31099.342517975 1875.30048220925 1.00354265200617 -0.0514123227579427 67715.2324585065 67833.726344034 25.3200928977304 -13.2347549506874
301680 51846.3006920483 18791.1631439385 31165.0533867105 1914.19886386985 0.993847052436258 -0.0513470554622402 66358.7805176393 69120.287140536 -30.6894738733471 -13.1838460725721
301720 51869.9451147163 18879.3752162939 31120.6698746694 1898.06761721703 0.99851250648123 -0.0521554949398868 68304.6546123707 68766.7123754652 11.1822759040791 -13.3294888343846
301760 51935.477374795 18900.9491556336 31175.4705521596 1894.29663430045 0.999653531965286 -0.053025689663638 69321.1307526169 69788.3249456549 -184.332991273692 -13.4774018390428
301800 51931.5680373034 18920.1649890215 31124.7792243572 1933.56248378287 1.00066983942994 -0.0517392638479517 66664.630337213 69398.6662879669 179.074828558382 -13.3076289602331
301840 51753.6560788945 18782.3057223867 31069.6211011534 1934.25926618489 0.993378591690427 -0.0499523945775018 65770.6101259587 67574.6633722781 -756.558691205075 -12.9737797525566
301880 51864.7440213068 18874.3294328096 31114.6050576888 1902.50376245837 0.998245639709616 -0.0500722819115823 65377.4746690944 68188.7865156175 -708.799029230929 -12.979949582395
301920 51740.0219127127 18772.7197956313 31092.076134636 1915.86602350895 0.992871600985394 -0.0508561512004524 66886.3274935711 67499.8630393891 74.409076680636 -13.1115790012303
301960 52045.2204448023 18864.5791381898 31277.7319887627 1939.04131959426 0.997729955741893 -0.0524941232962235 67495.6827067085 70186.3863696413 164.395837546424 -13.4096599804192
302000 51836.8493785718 18904.1482014792 31041.1796012462 1931.27812522526 0.999822726509542 -0.0509230372389052 67230.3159131626 67769.8871085756 -402.829309838606 -13.1461934944719
302040 51872.2518804271 18931.5577956598 31079.9147955307 1898.41687952293 1.00127239432288 -0.0512782305255152 66639.2615585848 68818.7231847222 -177.646468002072 -13.1824743657215
302080 51838.6171535256 18843.3762583724 31144.331717125 1888.39462198411 0.996608555249103 -0.0510738774855738 66303.0951845484 68794.6032042521 -183.039611722328 -13.1853326002222
302120 51860.6538914292 18945.0372500931 31067.7253300914 1896.20054128219 1.00198531006707 -0.0522084613785863 68130.1401885296 68914.3122887681 198.506657114205 -13.3588065543086
302160 51870.9170086457 18806.2039026304 31209.4640262539 1890.5935415013 0.994642544103155 -0.0516087228867303 67339.4331127815 68954.2683922004 -306.572349041332 -13.2549018158351
302200 51917.9381895314 18944.6741524577 31098.0506495029 1905.47551294503 1.00196610617256 -0.0519722540091518 67038.4675253933 69021.4141266356 716.320862905597 -13.3620974938441
302240 51964.7295915812 19002.3792482885 31079.7762546184 1916.51540453304 1.00501807474751 -0.0518465466426265 67544.0239398293 68405.6041518089 512.491643793519 -13.3316375573216
302280 51878.7049540034 18940.6550429816 31060.8868223419 1908.47257612435 1.00175353922949 -0.0498531521994813 65589.7514839065 66879.2894545183 -111.599742471664 -12.9696003376098
302320 51855.0013482899 18891.0937543964 31109.9601766797 1873.46712695058 0.999132289006816 -0.0514717264321368 66447.8035199985 69005.9033516518 265.0631658884 -13.2420027946003
302360 51939.1066121592 18946.181087882 31098.8995887441 1907.59842899571 1.00204580657845 -0.0513124382803929 66988.1450342462 68489.4988623842 -108.050031648051 -13.2218372645653
302400 52038.4221055985 18964.7649435163 31193.4527850535 1890.92865500464 1.00302868933049 -0.0502869515921615 65975.0092749756 67803.1228092997 -525.316201570955 -13.0245503510555
302440 51994.9281598042 18881.28915401 31252.519351368 1866.91672856522 0.998613732857863 -0.0505474619742618 66301.3755822387 67040.6191262396 441.368040026435 -13.0690536332506
302480 51869.6555409157 18932.0388746243 31089.1813908967 1861.54189840509 1.00129783813959 -0.05014328957035 66029.6241695165 67476.908334152 -545.458324839663 -13.0309804788541
302520 51851.7331854001 18864.1950183015 31106.8406130477 1896.04267657395 0.997709640000079 -0.0523950250775313 68732.183093496 68872.5342168138 -14.0765209004006 -13.3798108967374
302560 51857.1826857305 18886.8787789641 31133.2237520994 1858.99332604692 0.998909362896422 -0.0512963700412325 67203.4136833333 67913.1248179389 226.08206836676 -13.2233680491048
302600 52038.8817113719 19025.5090155877 31161.2497944502 1875.81397621691 1.00624138651793 -0.0512403073780784 67843.3883637249 67640.8919540623 -246.87177392733 -13.2301616346882
302640 51881.4605398612 18967.6803315962 31033.3433935171 1897.37173446181 1.00318288148069 -0.0518932961130163 67648.1294153879 68900.7227808984 2.63749153092293 -13.3499703683764
302680 51891.1800350033 18931.6693257943 31079.9061185444 1896.87709518696 1.00127829304743 -0.0518262442198103 67739.5502339727 68620.4156991267 60.6589138008365 -13.3129353050257
302720 51985.7606072652 18910.864412376 31174.1721708782 1915.68476089789 1.00017794062546 -0.0515355404549659 67420.0640697903 68717.3725398212 -294.8820442524 -13.2448346967432
302760 51906.291445891 18861.6412024485 31156.3729933226 1907.50675908048 0.997574571066955 -0.0510280250045556 66187.6969498794 68458.3593044329 148.877184376044 -13.1792456756133
302800 51956.6163947119 18941.5363240318 31138.4479928699 1894.0808350111 1.0018001493604 -0.0508739434881736 66955.9655086901 67610.5045977535 -76.2529450420868 -13.1626078332179
302840 51911.8633741287 18956.3410627338 31108.6261619254 1871.31101156343 1.00258315815067 -0.050935416457562 66461.7874726392 68319.8603685083 -199.133591893919 -13.1505957154171
302880 51947.167868165 18881.9002193196 31215.1478593028 1868.72168783483 0.998646051530853 -0.0511189710492649 66660.0986944818 68258.5408358257 53.9774076764375 -13.1728820936571
302920 51819.9096188448 18812.5318091809 31156.468610525 1869.7996896378 0.994977221165191 -0.0517799737085146 66089.267306469 69226.3578931243 1017.38242826353 -13.2836968539331
302960 51865.0972875935 18852.9890977903 31174.9224552079 1864.66528489437 0.997116969339698 -0.0510739104222477 67358.771356633 67985.7338020459 -472.054481376062 -13.145331612922
303000 51850.473198942 18908.2563681528 31121.8617137707 1851.17324652749 1.00004000360454 -0.0514213195272821 66658.1321088582 68958.7169536607 9.54367506779522 -13.2606550014216
303040 51924.1898881358 18886.0289102128 31218.8743139342 1843.49605787438 0.998864414132636 -0.051666331378627 67344.2939541363 68858.4161031539 -111.925678113275 -13.285623570398
303080 51872.2128548905 18852.8704426292 31223.4823922071 1823.7746808443 0.997110693779147 -0.0529877614893998 69330.8756999973 69881.161322812 -388.02161023514 -13.4772277558866
303120 51921.9001557733 18947.5931723762 31157.3863804692 1835.75832562102 1.00212049040731 -0.0516884141843395 67192.9678844024 68825.1949686249 109.530501636867 -13.2938832901686
303160 51846.7619130278 18832.1882242783 31184.3951118439 1858.9066843443 0.996016830584598 -0.0517134675215505 67034.1188125955 69174.1136877427 -5.70491861196461 -13.2745787285242
303200 51823.2500951255 18811.476647576 31161.2971649799 1874.75019582733 0.994921414654293 -0.0511210925024965 67959.3142469826 67544.4471353562 -542.479513721638 -13.168764790015
303240 51932.3481099201 18965.6775168615 31125.3837918463 1876.30562561305 1.00307695448164 -0.0503036971845272 66370.8149725887 67171.7561474379 -229.585476678983 -13.0566196895006
303280 51988.9862491906 18951.1811466601 31150.0603254378 1908.71098376989 1.0023102550131 -0.0511549543012326 65887.6781137905 69636.0849836805 -464.283069990818 -13.2068470199942
303320 51905.2756236472 18909.970023323 31142.1908958646 1880.56913114454 1.00013063722454 -0.0520451005689333 67106.967809619 69815.3744949543 -41.9595593070217 -13.3511219775815
303360 51901.2772340601 18886.3648775244 31178.0989380576 1868.32746308986 0.998882183129676 -0.0511813945790739 68058.0645967383 67608.0448718056 -576.975547099402 -13.1770313341675
303400 51839.3730514263 18895.7360190135 31100.2020143162 1875.40338863961 0.999377814042763 -0.0496629070047503 66528.2533934748 65901.4414244233 -469.665045884265 -12.9336709607495
303440 51931.6823107251 18953.3844921324 31145.9042503637 1871.66462154914 1.00242678789541 -0.0510989343436988 66505.3885077604 68423.7325503199 -0.826520626216422 -13.1716499371229
303480 51721.4819188941 18768.4440210568 31111.9691812088 1882.13234370512 0.992645459265202 -0.0510982620744246 67173.6616979213 67706.4983704524 30.1333027939082 -13.1624155080205
303520 51813.6768236691 18889.7633878923 31092.5653812826 1857.56363239685 0.999061927166063 -0.0502743199832596 66906.9755460993 66290.2143405201 17.8790718138939 -13.0373917309238
303560 51904.9440405485 18979.2984863046 31125.2964303914 1824.93061576758 1.0037973548224 -0.0513313643145178 66838.1358263078 68861.3279864643 -296.672876970214 -13.2522894203572
303600 51995.5550904166 19005.826362021 31182.1165899944 1825.65300663056 1.00520038937041 -0.0516307899814243 67161.1640861846 69286.991303415 -409.17797332118 -13.3039623582142
303640 51963.9839746267 19009.7793179857 31129.824129196 1850.26608565305 1.0054094575161 -0.0525053865579907 68264.9018527885 69393.8190221976 169.219567087315 -13.47103021252
303680 51733.9231994396 18842.5971413153 31049.6613976968 1885.75021556127 0.996567348476283 -0.0519594693235653 67404.4724664669 68605.0938140354 707.590429214987 -13.364235671583
303720 52011.2388186064 18988.5623576435 31183.4864115696 1864.35445656076 1.00428731231752 -0.0517047482827803 67240.6727354603 68686.0458639455 308.270591782898 -13.3440091569219
303760 51859.2972854544 18873.1507789258 31098.6945937626 1907.90131834659 0.998183301807528 -0.0518245038742221 67434.7601561074 68770.4528772185 230.801956218033 -13.3447892674237
303800 51871.4227724672 18862.157951576 31145.8503607538 1884.08682328603 0.997601901445245 -0.050693045349236 67787.0783096372 66817.9188101507 -512.650938906038 -13.1419860117683
303840 51759.589059383 18827.8425649897 31064.1943464051 1891.44950054423 0.99578699272721 -0.0503496972969331 66148.067350076 67737.0930545628 -496.430530306348 -13.0446684966965
303880 51985.9102899718 18991.6257397461 31148.1685931381 1869.16574209339 1.00444933173323 -0.0524940502226263 68215.7108396074 69552.3814647664 66.4500701573058 -13.4275462195478
303920 51861.5855897146 18881.7282510793 31145.8843195233 1870.93167653512 0.998636956291383 -0.0507199352931631 65607.1773628693 68899.2178923759 -362.987489908529 -13.1158562030988
303960 51836.5165399146 18852.1871006612 31112.8661376773 1912.46543293709 0.997074552461256 -0.0527056439487805 68022.8610346169 69807.6388007447 437.123582099997 -13.4398057426205
304000 51921.3165958096 18888.4591346537 31152.8166997368 1908.51196195766 0.998992946431508 -0.0522700072518771 68814.4915973481 68493.8659476935 50.8143448250626 -13.375424197617
304040 51836.3365413523 18880.4721393117 31137.3607842195 1848.5770707311 0.998570521714222 -0.0504849483692649 67059.1788947235 67293.0353329844 -684.475454506933 -13.0544895492097
304080 51957.8914586223 18951.5928542439 31168.5278091591 1870.20943714564 1.00233202984233 -0.0505111330510712 66472.883914987 67331.8060054447 -100.837768356213 -13.1044170468636
304120 51919.8047172159 18929.2884182762 31124.5183477425 1883.27575217994 1.0011523690745 -0.0505033094856854 66866.5348830944 67246.3220590854 -421.251367049785 -13.1161200783323
304160 52185.5818407806 19041.2572479339 31265.3365698625 1896.96459105092 1.00707429580505 -0.0512335925285874 67000.4058887652 68481.8137545869 -257.111329354479 -13.2170405504783
304200 52008.3585186603 18886.5963972772 31239.4666230613 1908.93188073182 0.998894427992975 -0.0515255605564605 67306.1840758834 68176.7136745086 323.369284402642 -13.2608783131851
304240 51919.0399042905 18887.7133445983 31166.7565222396 1886.57702456178 0.998953502292653 -0.0514867895767919 67525.3089671052 68178.1039407263 33.8997979466004 -13.2493772463669
304280 51973.4565118717 18918.3066662561 31206.5938930227 1868.91560649591 1.00057155447606 -0.0520242201384316 68128.0701148246 68287.9937898396 454.134378941826 -13.3780282346667
304320 51782.2895545144 18866.4835128516 31046.812569835 1883.69645421726 0.997830676337517 -0.0515518747081462 67306.2429175314 68339.7551117315 269.254043728836 -13.2833067335575
304360 51824.1889337602 18898.3549397559 31099.1378756572 1851.19529985322 0.99951632631262 -0.0498688157374662 65438.641145867 67502.6468922054 -528.862158762563 -12.9898087362331
304400 51862.8226694056 18920.7498847416 31075.5059198769 1902.16576402484 1.0007007740178 -0.0514977160228091 67424.2865726666 67748.6392459504 583.67381895497 -13.2710080766911
304440 52023.7583257823 19008.4526008835 31125.3157939132 1910.33786208493 1.0053392886888 -0.0508050389556728 66998.9599607717 67902.6568027717 -534.163844902278 -13.1806846514602
304480 51855.7723572299 18983.4453034889 30969.8649699124 1924.74550054959 1.00401667610678 -0.050350679031798 65785.7438219312 67665.2209824055 -85.9678307761465 -13.0943836020123
304520 51950.5142461903 18911.3360040297 31157.3813332601 1898.513708277 1.00020288266718 -0.0516442524365203 67966.1999993993 67616.2617351552 503.221557137013 -13.282800381156
304560 51942.7387347531 18937.1472668055 31125.7148770613 1893.07932083742 1.00156801622666 -0.0518049361698232 67792.0429091851 68891.7197303554 -302.18751969132 -13.2903392416816
304600 51869.8652823924 18874.9425734942 31126.1202614816 1878.40312579707 0.998278068147252 -0.0518223225248564 67907.264583076 68763.9118341494 -248.542748984459 -13.2732813660575
304640 51930.251955502 18941.8699356845 31142.0825227433 1857.60046865018 1.00181779376885 -0.0497637221795588 65524.8001759703 67104.5463858643 -463.4896487905 -12.9566417931728
304680 51892.0649404721 18890.9286331119 31113.0980612865 1897.29517570791 0.99912355589644 -0.0514081551039438 66133.8207627894 69212.648620134 206.208223920362 -13.2405569264542
304720 51834.3016419963 18875.760591784 31125.3120640839 1847.00363323696 0.998321332369907 -0.0501648274196199 64091.0328555966 68828.1525692754 95.9634501948856 -13.0409193645907
304760 51863.246184114 18968.7315162059 31044.7013070549 1873.74515425997 1.00323847765204 -0.0516552971867943 67769.7824643054 68959.390493981 -670.26168140469 -13.282442317965
304800 51891.8357449841 18850.1425352202 31165.6134214544 1900.82342908496 0.996966417306369 -0.0533713691434603 68405.3004665866 70444.034877377 790.554931573644 -13.5636791077337
304840 51952.8977670048 19018.4308715567 31069.4931698575 1881.24115687132 1.00586703009688 -0.0515182362616041 66920.0875442419 69123.2682974859 -235.246382480788 -13.2837098405757
304880 51980.4320353683 18925.7870712102 31225.7654432555 1847.23513891809 1.0009671861013 -0.0517709265230743 67287.7708123097 68274.8994326862 785.728042010506 -13.3271654406114
304920 52053.6744790922 18982.9178090675 31206.4607619912 1878.88135390474 1.00398877741994 -0.0518045094429329 67553.1688392335 69363.8139880052 -513.939532588413 -13.3480520201662
304960 51874.1069517938 18929.0647452189 31088.0983472129 1880.61985522218 1.0011405392156 -0.0522627577600661 68127.017553362 68782.0354335569 431.666278886202 -13.4292602429391
305000 51969.3188994083 18909.032735452 31181.4532380586 1893.70671196021 1.00008106494523 -0.0508589690511578 65202.8440860383 69055.9874004414 183.212741158394 -13.1645743917789
305040 51902.4318012416 18927.4992909181 31112.865108583 1878.93750315932 1.00105774380104 -0.0518003380053481 67453.3827681159 68649.5588024186 288.225854700105 -13.3417934376471
305080 51995.8460520195 19008.8289999328 31117.4925227423 1887.84736450942 1.00535919608266 -0.0515576258352346 68020.3537540538 67581.8254576123 268.740300173213 -13.2991128035756
305120 51958.1778092176 18883.6990622246 31227.5497065402 1863.36148031306 0.998741190650514 -0.0513440431816089 66826.8848111584 68140.7701992165 503.222983848905 -13.2377218583785
305160 51903.4146044028 18826.9785503457 31225.9822441631 1867.74708513815 0.99574129580038 -0.0508608767495145 66799.4878611648 67760.5140568337 -101.125008155559 -13.1321534120518
305200 52089.2829396597 19008.0253529873 31219.4585525125 1893.35263530249 1.00531669194697 -0.0511523680882813 67140.4902080042 68491.1282462019 -613.808339235065 -13.2137215454202
305240 51840.7117758007 18899.9433530955 31085.5014444592 1888.8684179329 0.999600336009281 -0.050992919679018 66624.5320455082 68556.6963833841 -481.607141853665 -13.1540572872845
305280 51797.2452139721 18873.7165446358 31119.8296930874 1842.2200297869 0.99821322462704 -0.0511672074850216 66825.2391043031 68709.5129567868 -454.26639607915 -13.2199721076366
305320 51876.1998611641 18914.4651405846 31137.0877939811 1855.5177139156 1.00036837977441 -0.0517982711880892 67267.8199110432 69173.5391134424 -45.7635029298244 -13.2781269477164
305360 51902.4542484663 18899.0634053875 31145.2246672515 1885.30605844235 0.999553796397593 -0.0513552375045084 66944.0937038796 68776.9535247487 -262.020179829166 -13.2162592087068
305400 51946.9724231853 18953.7065109711 31124.7009610272 1890.97827718241 1.00244381917076 -0.0515515998445984 66781.1155562378 69391.1484461027 -263.929459260804 -13.2491974887145
305440 51935.3731042704 19003.8297488505 31074.49962587 1884.49461206193 1.00509479036628 -0.0508958689718974 66483.1923630985 68378.2036601792 -351.994069804422 -13.1794989810739
305480 51808.0278412484 18862.1637747061 31103.1957892545 1868.79842275641 0.997602209425152 -0.0515081740453265 65628.3057122364 70014.2977620117 138.269616286116 -13.2353865569437
305520 51799.7801383775 18828.7357855636 31089.9351140763 1907.11056503396 0.995834234328365 -0.0520352606811931 67143.3278945634 69071.62603506 638.370313206205 -13.2990740249127
305560 51806.2547128935 18824.8032271954 31112.2300434008 1888.24188050183 0.995626244992484 -0.0515689474778975 67718.408725841 67817.8459110251 374.860746664736 -13.2345703759144
305600 51796.7959048596 18825.1551417509 31100.710529676 1893.9373492784 0.995644857424352 -0.051364191667601 66260.8511909572 69024.058826757 180.53170934527 -13.220320824543
305640 51990.7181585123 18951.1285700593 31161.6784706167 1912.12305113911 1.00230747428583 -0.0508110342857054 67559.2425554795 67106.6444653945 -321.057510417428 -13.1362656726181
305680 51929.8129909134 18915.2873563691 31143.8720843003 1896.98018766181 1.00041186599863 -0.0522241140651282 67697.5171832159 69453.9888598174 107.357548192568 -13.4253395129405
305720 51952.2762086119 18887.397181829 31191.7196537361 1887.68299115562 0.998936780739337 -0.0511981703861174 67348.0752689544 68164.8732441949 -382.022222536003 -13.229969581459
305760 52004.502751451 18983.0894312342 31148.4505100124 1895.47575316823 1.0039978543559 -0.0518007696115276 66408.1414279492 69662.4557723243 294.99101909437 -13.3173839012728
305800 51958.5371266607 18918.8519179861 31216.4546989872 1852.33109884124 1.00060039233035 -0.0516035572110389 67382.7079673584 68563.328058275 28.6113009859666 -13.2805328040662
305840 51927.7563624347 18924.2516409964 31169.6718847814 1869.82679368445 1.00088597863263 -0.0511998774438598 67350.4769607981 68470.9178486981 -699.458332371908 -13.1892662277934
305880 51867.5776750373 18956.4298698525 31040.9748771847 1912.07576016563 1.00258785507616 -0.0497493066919631 65929.9866121633 67375.0496499147 -1081.39177694644 -12.9739361985717
305920 51833.3597452796 18921.7608227628 31051.5534064406 1904.64189906078 1.00075424158471 -0.051251293496232 67541.4870752053 67637.4346229952 106.310477939103 -13.2528938936398
305960 51962.2369056613 19010.7941322855 31149.2306965999 1853.06825630671 1.00546313009576 -0.0514748547533754 67523.7299078035 68060.7757535217 136.34842567535 -13.2891913844023
306000 52064.0732257246 18990.526509683 31247.1589184335 1866.94722846733 1.00439119448277 -0.051303274899288 67156.8895699413 67906.8184332485 269.288858248312 -13.2211521663646
306040 51873.9165594732 18872.2955601084 31160.829914523 1885.13338685983 0.998138070083746 -0.0521767421362277 67271.6928986589 69915.4523925804 7.68264951382049 -13.3705277861115
306080 51907.2916972861 18931.2075494985 31133.9931188356 1880.29418459141 1.00125387013082 -0.0505449807446633 66108.9900841516 68384.4383382401 -688.278776025877 -13.1180790460112
306120 51938.3019467288 18984.5585651077 31137.3707718593 1855.72884639754 1.0040755554731 -0.0501750287716531 65887.4256381132 67338.6414485789 -189.510966755444 -13.0507371389062
306160 51924.9685123468 18996.8167272963 31102.8917546052 1856.74626976352 1.00472387821216 -0.0521404465515383 68878.8920362196 68721.1634803601 -490.459449215655 -13.3778171446241
306200 51901.6313990416 18933.8658612412 31149.3453503814 1856.4059703531 1.00139446575386 -0.0501178522816123 65876.10049132 67579.7752220516 -570.142594130498 -13.032679658942
306240 51841.9990879077 18890.7289198813 31123.5450610515 1865.40964472144 0.999112993250366 -0.0525833691382583 68189.1441243782 70047.3463843303 -213.718567500846 -13.4168040559195
306280 51944.4222568337 19036.6448416467 31094.7771458801 1860.51085295337 1.00683034994826 -0.0507583117553187 67118.8974966519 67602.9533533501 -472.81553681862 -13.177926721577
306320 51813.4154978303 18892.307830045 31085.1540177053 1875.52877064133 0.999196500332935 -0.0524633174674823 68671.6596220355 68891.5841610434 184.260176747016 -13.4230563166933
306360 51750.1814568147 18900.1052616776 31004.3626197101 1872.24862456667 0.999608899202835 -0.0494160061638478 65592.0871565602 66543.4856574111 -678.83496453416 -12.8907397637986
306400 51856.938677345 18872.8860968189 31090.426610686 1904.98066784652 0.998169303018319 -0.0518563198544673 67009.355139449 69346.5081088998 124.415442097754 -13.2902744615015
306440 51995.6742386831 18957.8882758211 31152.457931993 1897.75368304504 1.0026649888045 -0.0518858151387269 68044.3521746419 69014.0486299188 -496.249717672724 -13.3247429264614
306480 51940.6889844316 18920.1452570698 31179.0812427507 1860.33254344869 1.00066879582546 -0.0512606695084502 66666.7237303523 68473.0962173242 119.208960643202 -13.2490378398972
306520 51948.6747996662 18980.9129315484 31118.2647402022 1877.94461284472 1.00388274132214 -0.0514794694656684 68033.115033666 67791.6604021604 -109.631981134983 -13.2779578587355
306560 51963.7699622231 18922.9256806231 31198.9135113529 1868.99331128639 1.00081584982801 -0.0512557836642461 65921.7492168178 68715.0798381928 623.344849587789 -13.2258104852997
306600 51863.3256156796 18897.7409053051 31093.8165224806 1900.16497558183 0.999483850604529 -0.0510221916837204 65918.5184027664 68350.2762068396 519.544883106077 -13.1785720358351
306640 51963.447896879 18965.5680300888 31135.0793888551 1904.37956627979 1.00307116382858 -0.0507956050720345 65484.5718098401 68354.1666764289 467.479935299843 -13.1661992006982
306680 51879.6810466671 18898.2787363959 31095.5044935234 1900.3176907201 0.999512295988148 -0.0525046575993655 68770.4085505124 68885.0833653991 188.843116972223 -13.4233380558607
306720 51749.8188596487 18872.7351262305 30993.9352810495 1905.57732999861 0.998161318325031 -0.0518948713523793 67782.5353186826 68349.634665424 442.103556021369 -13.2938552042103
306760 51744.4432451939 18872.8329577725 30988.6520492271 1909.43289259348 0.998166492543833 -0.0501617494041349 65657.4603112493 67531.4086080017 -180.899185720289 -12.993593416307
306800 51890.2105194936 18899.9939365138 31093.0579080169 1923.8573719115 0.999603011318992 -0.051002142412337 68001.1871672319 66782.1384942243 -69.4233433655865 -13.1839694917075
306840 51803.6638659168 18783.2629024259 31114.4258706551 1929.31070151346 0.993429216047912 -0.0521380538387475 68970.0770379638 68053.0450590461 74.1666747412289 -13.3392104061915
306880 51785.9112430349 18833.6382847907 31064.5350880318 1903.08860103948 0.996093522929562 -0.0509162990300511 66783.0371422371 67789.9699662824 -21.6147268798854 -13.1189030738394
306920 52016.856129296 18959.8446731995 31181.8605118992 1898.12262444367 1.00276846083298 -0.05061706528394 65705.9570646108 68487.1595696807 -267.413640021895 -13.1197665147197
306960 51867.9704630074 18925.6838483663 31090.9022731044 1871.34574671162 1.00096172674158 -0.0523914146490902 67672.4667897176 69464.2269604479 466.238400486626 -13.3828293807084
307000 51813.6199790113 18947.9542019486 31024.305234734 1872.67054517586 1.0021395849239 -0.0522298372710446 68831.109355465 68100.4357905474 363.302890252513 -13.3424519355295
307040 51938.4332165204 19020.5284654992 31026.93016283 1912.47082581033 1.00597796987963 -0.0517010071180112 68030.6539633241 68179.6226131051 -13.1226063729109 -13.2623458280089
307080 51686.6929851855 18828.6247212759 30976.4671331958 1893.09510549729 0.995828360242015 -0.0510876933936268 67573.6084530128 67487.624394029 -168.169670216747 -13.1557779562086
307120 51922.8651534213 18983.3826255059 31038.0254785656 1909.21093934207 1.00401336112685 -0.0506296675233495 66333.5535822237 67755.0539625141 -131.714858064378 -13.0911139077659
307160 51863.5937627328 18937.9806008653 31077.1575116793 1860.96932746417 1.00161209048607 -0.0498458391300896 65396.4085655618 67330.3354421286 -379.923918421171 -12.9616011688559
307200 51850.9560973201 18902.2388128155 31093.9004324997 1865.8297411176 0.999721740728046 -0.0511205471944657 66500.2966054368 68551.3095506551 -86.4583423944781 -13.1863922538764
307240 51890.3852940242 18906.5910897474 31081.8286548277 1914.97497466838 0.999951928586401 -0.0515771644710033 66734.5739184383 68929.235426954 238.539940817815 -13.2876323664622
307280 51753.6798293664 18845.9772323335 31015.7988091439 1912.83569928358 0.996746118330476 -0.0506579539870807 66292.5685127142 67886.2895446824 -167.227174697464 -13.1168827526436
307320 51917.492947134 18904.6494185388 31165.8597669265 1865.54297993262 0.999849235411283 -0.0517788225098013 67231.8035266102 69343.4924665693 -245.326035366559 -13.2943227488673
307360 51899.7510261799 18850.5936751936 31170.5309127216 1899.24701489199 0.996990277677831 -0.0509035681403696 65934.4240308527 68967.1977744085 -353.810168034999 -13.1056150812008
307400 51970.1191915801 18963.6317599576 31144.1699091416 1889.38861815101 1.00296875631139 -0.051395882146653 66561.1030911598 69225.9996760553 -227.311801185719 -13.2319363898437
307440 51952.2972975151 18904.6484106882 31201.952635952 1870.16980085817 0.999849182107005 -0.0513287540564361 68788.1096319619 66939.7836332321 -326.610130534977 -13.2246533526114
307480 51993.1991402303 18931.7747918554 31194.105554121 1886.35033875862 1.00128387104881 -0.0513363695312876 67092.0906730482 68850.0374668708 -535.369986944416 -13.2099420221541
307520 51949.042430928 18909.3017152425 31177.4941564546 1877.8151912259 1.00009529103491 -0.0506239817196298 66428.0320113262 67948.1307852541 -429.220344824283 -13.1070688135048
307560 51817.2738916984 18898.1907803144 31062.7035743465 1873.23562681812 0.99950764407322 -0.0507865169552196 66971.874817218 67090.7210569032 215.463047612013 -13.1561886266786
307600 51814.9450445206 18847.1852406846 31101.3870508011 1882.80798864751 0.996810008762903 -0.0507685621863528 66862.08364872 67778.7760164605 -409.529942735863 -13.1281977941412
307640 51930.764774909 18938.6595018696 31128.3132023788 1877.08776346175 1.00164799692554 -0.0509260554554997 66371.7761244312 68119.7512694106 77.1664520468969 -13.1725441501489
307680 51772.0897909154 18826.7555179198 31076.8930954452 1883.3410864859 0.99572949982387 -0.0512893523018582 67996.2635697819 67496.2883453051 -180.170350492143 -13.1723179256333
307720 51891.2918512772 18961.1774895759 31049.0959092192 1888.45173883942 1.00283895224519 -0.0510669472480931 67352.766414035 67752.3931892655 -253.910177175143 -13.1847973966512
307760 52002.6590530447 18986.3646996388 31153.4191833608 1876.47348627147 1.00417108024005 -0.0509860756234126 67535.2231113071 66923.2729056897 249.599042845931 -13.225536662059
307800 51860.5688056439 18894.4475094576 31123.8420504606 1857.02039924828 0.999309665976866 -0.0528262812524831 68366.8377946037 69933.7198703397 189.526705483919 -13.4971820289313
307840 51945.9033426032 18903.2254848398 31155.9529847941 1903.02261638164 0.999773924889052 -0.0519013966268967 68218.866219213 68402.2828110705 -29.2727260063088 -13.2910655622016
307880 51913.5630380302 18905.1384001078 31107.0117906388 1912.61106805152 0.999875097189359 -0.0513579092799947 68041.7886548657 67849.2578793619 -432.209163458318 -13.2251940575793
307920 51761.4687706189 18851.044930518 31054.321135596 1866.89769051925 0.997014144150097 -0.0511240257096846 66525.7675278526 69113.001211915 -662.519276716761 -13.194725763042
307960 51764.289570743 18836.5503232983 31096.893486835 1843.95019674812 0.996247537924015 -0.0513385061504551 67435.1792335725 68397.6131407272 -420.143561156217 -13.1957627104868
308000 51955.7797013166 18952.5994577496 31165.0284638595 1856.26856876946 1.00238526816076 -0.0515025476117304 67520.7582473232 68465.095469481 -208.761097094335 -13.2755512332678
308040 51833.0773355545 18865.274028274 31081.2198803019 1893.95777858829 0.997766707828849 -0.0513815351227446 67586.4034761224 68582.2550586807 -660.032279639816 -13.2231094035071
308080 51812.3675649916 18833.6331621995 31124.9831886276 1877.04162809012 0.9960932520005 -0.051012766503627 66506.8337873627 68605.7224932608 -375.250267813951 -13.1722063678126
308120 51978.4825559272 19015.7380889451 31142.9582064569 1847.99804335009 1.0057246113418 -0.0511757784303662 66602.7255414301 68691.1044469173 -217.962907429 -13.1504387651269
308160 51959.8130167754 18952.8488812822 31152.6220611498 1870.73535347879 1.00239845993824 -0.051110768043422 66783.4325937384 68124.9786703726 57.6505489065226 -13.1671276807786
308200 51742.8742189705 18854.1740012979 31060.1386297246 1843.22269680601 0.99717963777855 -0.0521514290663125 67378.2679023394 69321.7521540994 398.507867601268 -13.347702882672
308240 51979.5833790965 19029.6808531808 31100.8082391969 1867.72776815424 1.00646203110833 -0.0521141574239125 67806.9882885338 69527.1519623974 -298.682665557403 -13.3609708238387
308280 51766.6140864729 18795.0390321051 31076.9209442967 1916.990499418 0.994052044538151 -0.0507647974039887 66305.1397532559 67926.3059731498 34.1121034231227 -13.1093975623851
308320 51964.5427986238 18953.999487417 31092.5778583535 1929.12126153009 1.00245931442111 -0.0515217073868469 67541.2389117044 67963.3722304237 290.551858410844 -13.2381728927718
308360 51726.2980344922 18868.2706104763 30994.8168824236 1874.71540243758 0.997925194260285 -0.0508824107693913 66459.6322481267 67697.0787207249 324.655604235561 -13.1200437899364
308400 51985.4639509801 19053.4284014693 31080.6011042322 1871.58925439098 1.00771801673777 -0.0528270906084657 68105.9268285299 70069.2791506929 323.576174533108 -13.5207109001234
308440 51859.7879098956 18859.0907649269 31121.8119546431 1901.83582925419 0.997439680810627 -0.0516842487960721 67487.1929615352 67926.2869669179 705.331943621125 -13.2756038490194
308480 51838.0254570797 18917.3165950739 31052.514524158 1884.91776244778 1.00051919053676 -0.0513529287551081 67368.8292925365 68190.4892645918 -102.080863309106 -13.2410186651666
308520 51785.6565462595 18910.1749684671 31041.5897523827 1855.81206256579 1.00014147658163 -0.0490278309872037 65020.7833242946 66481.3444591879 -843.173381931713 -12.8358977041932
308560 51931.8397449353 18902.9509054263 31156.6072295034 1886.37918924007 0.999759402640556 -0.0517500338318303 68036.3063109521 68278.4189305132 -13.9116113525384 -13.2999034314133
308600 52085.1906147624 18939.227201498 31273.0242602766 1883.78944977529 1.00167802202819 -0.0511474467666883 67220.018678995 67324.628501294 466.478613359755 -13.241922931946
308640 51913.5696080203 18957.9712366959 31112.1009267506 1866.00333287528 1.00266937652762 -0.049314803348028 65499.9458062823 65525.1520143144 219.272985696579 -12.9279686037538
308680 51972.8343815053 18991.335087819 31134.3880269601 1871.51788215574 1.00443395942451 -0.0511707225954831 67975.9363252076 67595.3728868195 -483.848045964816 -13.1940662072631
308720 51955.3715695749 18968.8457996895 31141.0886627553 1864.01758730503 1.00324452199865 -0.0519617534184684 68494.7993044468 68351.7591188759 -157.285655687175 -13.2985554271977
308760 52023.9389256069 18958.2248547705 31215.871324428 1872.04267518838 1.0026827901505 -0.0517727074170806 67114.4802562555 69307.7389568366 -122.398050951413 -13.3074550326949
308800 52049.2165798893 18937.6367949638 31260.9326870459 1873.70424375108 1.00159390691333 -0.0502826286630303 65549.9198335834 68089.2498939172 -401.755686455688 -13.0566321381472
308840 52076.5001910513 18873.7657360698 31347.2120867288 1883.25352803638 0.998215826316003 -0.0518865996330512 68332.979013642 67781.6258084208 490.189450850461 -13.3506599355094
308880 51868.6717894092 18936.664817543 31094.4003322783 1866.35331409273 1.00154249993616 -0.0512986193736118 67458.9559601833 67935.7955652418 -28.2482964968293 -13.2586350398902
308920 51880.57893275 18829.3013654099 31201.0899711322 1878.06113427095 0.995864147317727 -0.0514817262859346 68463.6827117262 67455.4992817899 -183.657435894172 -13.250004194387
308960 51929.0593119718 18944.2852568891 31114.1730710018 1897.41649449579 1.00194553784949 -0.0506052526293081 67040.2918709578 67589.435878465 -677.877873409813 -13.0915735556753
309000 51914.6258387387 18881.5022276313 31160.0071983491 1893.44603829295 0.998625002122508 -0.0516487310987426 67410.6101902341 68445.0416367098 219.354034326431 -13.286731417604
309040 51897.7776665672 18903.427975422 31101.8464461067 1902.11222657169 0.999784634426657 -0.0508108025948397 65879.0919528761 69069.4252738382 -610.981512672994 -13.1330249649925
309080 51980.9462290358 18905.2646514841 31200.10106525 1883.03080764953 0.999881774506629 -0.051087827826072 67777.0276212603 66859.1917471523 259.945328364421 -13.1752561261406
309120 51821.3835250929 18815.5515200769 31118.4648035083 1891.13856850418 0.995136930851617 -0.0508471962043061 66806.3718244357 67456.8229811827 149.781861754758 -13.1530837609948
309160 52089.2938139035 18967.8410724948 31240.4423811609 1886.59118964897 1.00319138291656 -0.0521004188729634 68736.725216971 68302.0135152003 -45.2875398713647 -13.3959852248382
309200 51954.4008537285 18926.501213515 31156.7642477548 1878.57713688816 1.0010049564202 -0.0512914367687791 67374.0484883796 67984.4167669457 -29.2968099197327 -13.2446035026339
309240 51771.7036790632 18846.9329976368 31089.3207322274 1850.26616400255 0.996796667863908 -0.0511220435937877 67723.0741253425 66861.3458137285 417.48397579582 -13.1685408605441
309280 51695.4757097558 18806.2241401876 31044.2952076592 1861.44191642242 0.994643614448636 -0.0504975151201437 66252.2038883894 67641.2016289596 -193.195225299865 -13.0481350690955
309320 51928.7971834359 18976.4113070396 31117.1315255434 1851.50611424468 1.00364465461006 -0.0513777620008727 66684.2219631552 68707.482212089 113.06222750575 -13.2367180767404
309360 51923.7944124235 18968.9082060637 31066.3140791756 1897.82967946858 1.00324782261344 -0.0515669472534258 67429.1065189267 68724.5485222555 -262.392407979272 -13.2739732866333
309400 51923.2590925777 18939.6606184337 31134.3492331666 1856.69188016408 1.00170094504475 -0.0524765603472833 67639.4116933319 69627.0144567284 496.312060676648 -13.4255694779216
309440 52035.3656226958 19099.846480018 31063.0739418491 1888.01980653658 1.01017302551993 -0.0503973796431808 66657.5364563908 67019.1496997625 -175.67587765611 -13.1017867713275
309480 51821.2319309716 18863.3643353098 31057.662575515 1913.07232058863 0.997665705953181 -0.0505286085456101 66401.5953901239 67397.7011325878 -44.8498853324327 -13.0901928919507
309520 51783.3862570307 18908.7626598419 30979.8989066852 1915.59763229191 1.00006678089868 -0.0515384374573798 67411.5696479006 68822.2717681749 -407.98446253616 -13.2184200250123
309560 51930.3909074834 18963.3466397274 31101.6963670676 1883.38070262219 1.00295367656895 -0.051247295413594 65943.7798676674 69129.7707085595 171.813874196127 -13.1938663775589
309600 52003.3451080328 19006.345324369 31141.7355871358 1874.68208415567 1.00522783680386 -0.0511475122286074 67139.3707771374 68115.8626511433 -209.326527591447 -13.2102230275051
309640 51810.3791507718 18876.7359366917 31092.7046259261 1862.61353443871 0.998372917450308 -0.0508012474044681 66739.7837288089 67439.2037264413 226.50366178512 -13.1479126148119
309680 51918.2512454783 18923.6517333512 31124.0916815889 1891.33240342476 1.00085425007807 -0.0513947155009486 66695.2888202876 69494.3362335718 -656.70987126178 -13.2478847036977
309720 51875.5133506022 18792.6554678533 31205.8757139155 1898.9462525276 0.993925980053063 -0.0521736356268982 68032.8318859862 69136.7527149232 3.49465708480193 -13.3528002605606
309760 51936.3644477609 18965.0898016236 31098.6915879159 1894.21264987869 1.00304587077211 -0.0500435487233706 66430.5672696276 66189.8424409259 149.866291327335 -13.05862723865
309800 51858.3143385189 18831.2245383815 31171.0273332605 1871.38882852554 0.995965862138382 -0.0517592362012526 67316.8166653721 68720.2583655237 252.90193633013 -13.2751666764272
309840 51849.7457816755 18864.0139946481 31132.3475980229 1868.4181342823 0.997700065828275 -0.0515293801083214 66281.3293797901 69322.9859524266 211.251518915202 -13.2347669891546
309880 51815.6242418922 18878.6507675509 31088.9762242207 1877.44824678204 0.998474191064442 -0.0503089388481669 67376.7087460249 66549.1257924038 -596.324981812515 -13.0589365998695
309920 51939.5360872392 19013.4480453254 31088.0237503313 1861.290484019 1.00560349307552 -0.0515181722839786 66146.4769547557 69632.8397418399 30.9797562304846 -13.2515413013456
309960 51883.2451521216 18801.7716954375 31224.857145551 1886.90621774192 0.994408128808012 -0.0503693117214315 66797.0886928209 67228.9026966577 -617.856360031921 -13.0591292809057
310000 51948.3910014315 18941.282795036 31148.7560426263 1874.54602122722 1.00178674044881 -0.0510950860147813 66206.3472515209 68751.2603438426 -5.88019152142163 -13.2089666160622
310040 51920.1589579596 18905.1758262956 31140.9718141692 1885.67521777642 0.999877076625446 -0.0518440708456826 66990.9244886357 69591.438150392 -62.3700850385478 -13.3353423642418
310080 51949.7842093912 18917.7166943769 31145.9783485307 1902.78786852061 1.00054035141488 -0.0497503233916618 63993.4483354049 68574.8648981157 -424.615584323655 -12.9492476420755
310120 51778.5833455482 18890.197911555 31060.6776823663 1850.02557571348 0.999084908716381 -0.0521272586593147 68017.3549165543 69087.4353688073 -52.4784254703038 -13.3449522791998
310160 51860.8164258615 18904.4305836708 31115.4392918476 1872.23353987163 0.999837661439685 -0.0519499778634356 67674.2482181325 69060.2120480431 -44.8825174631251 -13.3536344438476
310200 51895.3272188952 18877.7342943473 31198.2507401191 1839.77937710742 0.998425719653435 -0.051204463983418 67181.6178575296 67612.4547741376 378.136521574835 -13.1766081819812
310240 51777.7717765211 18850.1059719583 31036.8033815708 1909.319814224 0.996964483509627 -0.0504931829598531 66014.3976726104 68286.1104447451 -632.389638147737 -13.0459667951618
310280 51831.9667184385 18924.847069049 31086.4784601577 1848.86346753718 1.00091747026571 -0.0519453204818022 67646.9317643041 68757.3701345367 252.502732402344 -13.2934517494071
310320 51784.7905745497 18897.1761426958 31024.6681413273 1877.83597796471 0.99945398083807 -0.0502298929139317 66825.8288860024 66853.7660360242 -549.388117367038 -12.9884952074407
310360 51806.5318959524 18874.6240491083 31062.7492292743 1897.01254768334 0.998261221690246 -0.050973728737008 67315.8360962535 67690.8365764268 -251.730549831597 -13.1623818367153
310400 51904.1931681288 18920.025731743 31103.1466207326 1904.69322919035 1.00066247424265 -0.0496164867487982 65571.3706754668 66784.7181269002 -465.070472713944 -12.9078967537405
310440 51798.5169163105 18900.2675840076 31060.0987238522 1876.16926190241 0.999617484279126 -0.0500947444115948 65496.975622165 67853.0421594077 -472.696173207241 -12.9625341385788
310480 51879.7025975958 18895.9308646264 31136.39346366 1871.94050675763 0.999388119245085 -0.0510664786692868 65721.0635872024 68959.8643751881 204.326065496943 -13.1284297910928
310520 51816.498988725 18949.880482826 31049.8372570236 1844.16764030949 1.00224146411879 -0.0514348776486753 67222.5591571369 68896.0218251281 -476.679709369968 -13.2366972073196
310560 51842.4879172758 18922.4735147747 31069.0222044921 1881.02901911126 1.00079193519898 -0.0508138708749659 66961.0722793981 67611.8462324218 -245.298237684325 -13.1114756332636
310600 51910.3358659112 18946.0627564954 31118.398573676 1876.4981048463 1.00203954814203 -0.0516129266526974 67530.9843821972 68721.9995989032 -243.180862882481 -13.2513751097253
310640 51903.9464904188 18878.9434146155 31182.4098682081 1870.94925622268 0.998489668894117 -0.0518093193669093 67061.037179392 68938.9121364054 435.834465239745 -13.2903003735423
310680 52008.5526189188 18986.9561810197 31145.9596975422 1906.56507875935 1.00420236313736 -0.051005827219712 66520.4314179611 68022.5615795881 232.675686557477 -13.1986163581017
310720 52085.9646984881 19046.8549514848 31179.7213827083 1881.26631049067 1.00737035311304 -0.0510314075681045 66083.4886623361 69190.6967411685 -486.637233603756 -13.2193203245885
310760 51975.2259801026 18978.8064226431 31120.9463198512 1899.26241594263 1.00377133003534 -0.0520268339802271 67891.5927873633 68771.9162483527 207.36242325465 -13.3586417065567
310800 51958.3850300322 18908.7686666424 31176.0600438662 1904.67144904685 1.00006709859275 -0.0516734440092471 67475.937429226 68723.8908705819 -55.4440848998695 -13.2930049479149
310840 51939.9609896277 18927.7865112097 31169.5961373342 1874.65454880739 1.00107293461376 -0.0502966015409655 66190.7572256778 67652.8369209201 -567.127499626421 -13.0541643057834
310880 51912.4858268451 18967.6621797846 31092.6266468111 1883.78562325126 1.00318192144835 -0.0510140165036388 67188.8932740703 67558.169421304 60.7186494495821 -13.1589210555517
310920 51989.822181123 18990.3656068477 31117.1735915892 1903.18607075283 1.00438268448223 -0.0519948510382164 67233.1233258357 69567.1584149152 1.03583110191733 -13.3395542117014
310960 51794.1419239215 18865.1205137162 31095.3191637581 1864.21834874092 0.997758588587396 -0.0521680983678613 67857.0378985862 69257.2954162475 39.4133217491735 -13.3276402024803
311000 51716.0942137945 18724.9350795467 31169.2325539154 1856.5958046177 0.99034431202151 -0.0514257545508003 66685.3290821835 68676.656680657 258.00335462348 -13.1687595384544
311040 51891.022775431 18963.6583236549 31050.9047742104 1897.06553320883 1.00297016124051 -0.0509599660263378 66206.3853251422 68812.5567261848 -388.9583022752 -13.1254275034882
311080 52068.5173046265 19044.6171857201 31163.8451795211 1881.32249424507 1.00725199977364 -0.0520746942442538 67562.576366907 70123.4576304287 -718.442652352656 -13.3698004960444
311120 51873.7949183282 18823.730727155 31151.708888636 1911.35826914517 0.995569521467937 -0.0504176344619326 65334.9478358675 68100.7745435692 82.7930935613868 -13.0555653232894
311160 52016.9363638989 18855.1992765138 31270.4944522973 1914.71741608363 0.997233863626278 -0.051614893765017 68417.0515553554 67960.7509140066 -378.585611168215 -13.2348755992773
311200 51826.6018754829 18719.3149318375 31254.8520380082 1885.03507798423 0.990047067662963 -0.0522048124245243 67869.7712860929 69519.489003689 -155.13578120025 -13.3166895472571
311240 52021.1949921849 18950.9652279973 31206.2488091684 1885.55595003897 1.00229883527686 -0.0519404775163694 67732.7893089889 68970.0847298628 -28.1529512686636 -13.3090210570872
311280 51857.2338689996 18810.6829143546 31196.7348972638 1870.96095778159 0.994879434846202 -0.0499708925393714 66025.6668121009 67135.2820114481 -550.46631581901 -12.9762911553686
311320 51892.1936344209 18841.3209652747 31222.3669394743 1863.59871462719 0.996499852718484 -0.0519781147910303 67531.7495628866 68778.76943388 445.981727732214 -13.3171958651312
311360 51971.7580612117 18979.7978938714 31094.5361731099 1932.86686435076 1.00382376802176 -0.0500657080196679 64939.0453568461 67821.9785301798 33.928449016432 -13.0045688135334
311400 51909.2595479738 18944.9347309259 31086.8115205275 1905.11589907101 1.00197988792415 -0.0509238497160687 68114.5419324954 66801.8980463151 -292.771595189993 -13.1628209215578
311440 51954.0005063171 18883.711625151 31181.8597607885 1926.79082378653 0.998741855091947 -0.0504112583047513 66264.4543491169 67125.5817713743 192.634342585778 -13.0720215860045
311480 51928.4187757846 18871.7275006127 31195.1355507786 1901.74264627613 0.998108025948049 -0.0512814873278835 67472.9673807579 67417.0612638305 434.48819806239 -13.2204736303236
311520 51996.5723414359 18908.9390784318 31215.5727081592 1908.52719109496 1.00007611151299 -0.0512304374331115 66510.5185322464 68288.2972609767 424.144173718927 -13.2247635021061
311560 51983.970172005 18996.7307199391 31111.7346201741 1901.61589366238 1.00471932936343 -0.0510231643144843 66621.0059086101 68550.1342420222 -401.689025798766 -13.1947642080774
311600 51837.826533158 18811.7579274048 31147.2875861663 1909.2112005966 0.994936291281493 -0.0516730890171359 66232.425094531 68722.6072377935 1144.38052795045 -13.3001059055941
311640 51978.8723998008 18990.6630342194 31144.0071689476 1879.28816273051 1.00439841513788 -0.0514544544278976 66519.0768902021 69125.6972154676 8.44725754274637 -13.2387743671147
311680 51875.0502970074 18835.659264175 31168.1134855213 1889.25714398188 0.996200410639959 -0.0496416335094733 65899.7041651934 66464.7509390717 -401.950692310022 -12.9178030135277
311720 51974.288094264 18901.1952962466 31223.8226320821 1867.36585381903 0.999666550112211 -0.0516035753497575 67522.3714874361 68683.3129299055 -235.714085187683 -13.2788130408733
311760 51860.5487581493 18876.8978885292 31107.5899523271 1894.58258568202 0.998381482931596 -0.051505404893128 66518.4150713409 68608.2977195664 632.485679537887 -13.2218288148447
311800 51804.8043557506 18847.441639739 31085.671236572 1885.52089747476 0.996823569469207 -0.0524977713669362 68670.54943838 69366.7069082935 -203.753663628312 -13.4301375504939
311840 51883.4967268168 18901.7591224971 31096.0458629649 1910.00362145858 0.999696370355528 -0.0505953507567581 66584.2045504754 67624.1944435289 -327.231109271915 -13.1153370885662
311880 51924.7982191662 18950.4541208568 31108.9492917057 1884.61418558287 1.00227180329799 -0.0505033689833411 66467.6409376574 67055.1019913505 210.032340020386 -13.1060681214448
311920 51828.3068177071 18888.4997440093 31084.7318425173 1879.2520916667 0.998995094222361 -0.0513992648124354 67199.8209794277 67849.5498285585 514.423150351087 -13.2249319087985
311960 51895.1022246941 18858.3622964815 31152.3688460838 1910.79187986905 0.997401152795533 -0.0514948875393555 67403.2535698723 68285.9209193133 54.3990216175557 -13.2620462073975
312000 51945.1087226078 18949.5570677766 31095.7689098625 1922.85335724678 1.00222435899916 -0.051341202444049 65990.762257056 69233.5547862808 194.180638232881 -13.2155420302991
312040 51991.9867739995 18902.4629943228 31201.4290436128 1922.38632267488 0.999733597478396 -0.0507614214549646 67167.3500985648 67411.8465101105 -370.447515568558 -13.0627336661402
312080 51959.5614457881 18967.048303693 31124.7012989194 1904.19487734706 1.00314945411572 -0.0502158696259001 66404.8469891397 67433.9479900097 -713.607099356182 -13.0335723171309
312120 51893.4045320644 18954.2717576237 31071.1426208192 1880.87550699013 1.00247371453781 -0.0517414042498402 67844.3915960947 68120.4527000956 293.855218362273 -13.3182987824719
312160 51878.9169248439 18854.6812009393 31145.4413739338 1891.98077428174 0.997206463093447 -0.0526644207938372 67904.3521438695 69724.2968810211 531.149893542913 -13.4546747988316
312200 52000.7051213498 18934.3971754071 31174.5190971617 1918.16137237551 1.00142256646342 -0.0512432442420129 67590.601090838 68187.1260326708 -532.181300988427 -13.215002184332
312240 51807.1842531482 18799.2857888856 31095.7649190623 1934.9121725218 0.994276651534343 -0.0505446029487407 66314.1279405537 67397.3255376299 140.815012453657 -13.1004753304288
312280 51962.5034517996 18915.9406729549 31116.5156195417 1948.35371712705 1.00044641930212 -0.0503072703644207 65957.1777717143 68263.2759142728 -951.240557656856 -13.0651683581979
312320 52022.8303839959 19003.8642351944 31101.466694397 1931.01964708949 1.00509661431678 -0.0511204431897219 65691.6489148084 69665.0085322463 -397.180250134908 -13.2060886823588
312360 51781.5385682922 18842.3218688118 31035.139066707 1921.50443964306 0.996552789570902 -0.0519024917720321 67180.1561884796 69886.6562501258 -474.803621760228 -13.3203259473676
312400 51890.8108267388 18866.3227124225 31116.2778618786 1929.2673136654 0.997822171753139 -0.0509374532707737 66525.5342870523 68014.3423002165 45.238606130876 -13.1539625146815
312440 51780.1573460134 18853.2586026186 31055.6840256748 1895.64174246671 0.997131223198127 -0.0511751443758295 66138.7698208841 68620.3394334996 310.621558664606 -13.2197282783901
312480 51799.2697344933 18889.0619518729 31022.356624575 1913.14271487987 0.999024828870707 -0.0512926766917091 66516.9508595068 68859.172288584 -3.89471908959296 -13.2367871036208
312520 51876.922840476 18900.9414034387 31098.0706734905 1898.64795049452 0.999653121958944 -0.0511012746345978 66586.2182013469 68652.7720179283 -290.753890484578 -13.2269496113381
312560 51945.1641898493 18942.9723014742 31133.4645436836 1900.12279086328 1.00187609686496 -0.0515251053225473 67831.6253932442 68547.8591039041 -572.387049346359 -13.3052831198887
312600 51750.3287183545 18868.9496601097 30966.5302030953 1928.96745857032 0.997961108560606 -0.0507421807540999 67071.7995920726 68319.2005055026 -1158.89225632462 -13.0998765586477
312640 51849.3333474077 18756.5494619717 31199.3398243676 1908.83686856765 0.992016367154393 -0.0512528690529777 66565.5500757654 68519.9391147006 189.074318275916 -13.1720019100229
312680 51786.3769074381 18875.5818851518 31044.4614097197 1875.7681257808 0.998311880743189 -0.0509813256326901 67047.2875752413 68137.6714040644 -489.12490613114 -13.144542812886
312720 51896.9241007212 18898.1057643876 31076.548710048 1924.03083872984 0.999503147660328 -0.0505749243045333 66177.7818482747 67881.1835276609 -192.587270922254 -13.0856851982306
312760 51975.7139807754 18912.9250170011 31180.2367318568 1887.20276138454 1.00028692407781 -0.0494069148242001 65043.840782851 67058.4644534921 -652.435122299331 -12.8544598714567
312800 51821.8784120149 18866.7114769342 31051.3273086557 1909.23800013187 0.997842733144739 -0.0512077582723305 66487.4900717128 69047.8177895765 -380.865582423976 -13.1872782790514
312840 51831.5159563204 18957.4267948116 30992.8126116895 1893.89241627376 1.00264058150531 -0.0495905359214065 65987.7966952139 66193.1406343568 -367.617844488748 -12.9272860259096
312880 51891.482678292 18919.849859153 31089.5388076193 1892.7609440054 1.00065317250578 -0.0501676410758813 66062.0931477013 67526.8212283613 -581.92317696049 -13.0275465924752
312920 51916.4019612946 18873.1930821102 31174.2428206657 1884.60585803676 0.998185539183405 -0.0515152683766658 67022.5289461222 68543.8381045775 221.687040092857 -13.2422049220147
312960 51990.2775656236 18933.6399882418 31161.7231910462 1914.69448550419 1.00138251954207 -0.0503864426207431 65899.9878118304 68325.1419992492 -761.292643930816 -13.0460986532026
313000 51979.7113604286 18967.3125159885 31139.243460453 1884.16881162821 1.00316342805704 -0.0510518440521893 66812.837304922 68413.4204647876 -397.040020572216 -13.1919406815988
313040 51894.1732350596 18915.556704231 31131.6644850842 1861.87406283832 1.00042611155525 -0.0502249672795861 65660.7319041124 67571.3186356372 -108.789051937672 -13.012788489321
313080 51728.3638907757 18805.8014349107 31045.4569722421 1887.82578213224 0.994621257961692 -0.0508140406953799 66863.210779935 67040.8307962018 421.044056860452 -13.0852942869664
313120 51926.9358690455 18930.6591095226 31119.180456472 1884.56433097901 1.00122486365319 -0.0516033547335927 67722.0665187969 68220.0868653828 16.101552876433 -13.2832744143164
313160 51835.8569564163 18932.1605366167 31021.025290135 1896.08585050672 1.00130427272864 -0.0513337615649896 68462.7292033335 66830.7855321781 117.359318058893 -13.2706206629168
313200 51888.3625554364 18955.5514675706 31070.6167007415 1877.64660556536 1.00254139720061 -0.0517850535910071 67478.4693082431 69366.3317092031 -512.447849769233 -13.320673401246
313240 51686.0269950062 18823.7361785422 31016.330998024 1869.67669455425 0.995569809786709 -0.050716403433674 66097.103550589 67929.8424094024 125.720370755231 -13.085254924521
313280 51986.3441165231 18990.327117049 31105.6336122193 1910.32571461425 1.00438064879276 -0.0513164518826518 67222.2700252185 68042.2369604094 156.638187217979 -13.2441054858339
313320 51860.9729284523 18925.1952311541 31050.9023537099 1912.38925951136 1.00093588423399 -0.0520601472744133 68293.4553651746 69099.4626319187 -472.577379964372 -13.3991846797283
313360 51870.9400666303 18823.0864654204 31124.1230288222 1937.04222871233 0.995535447067058 -0.0522668291044471 67377.2602313695 69600.7011017209 358.954962212971 -13.4117906134309
313400 51774.5974649022 18872.1660133192 31026.1342340478 1885.66871427072 0.998131218475167 -0.0517188162909242 68028.4379473708 68520.6058748097 -339.830901833893 -13.2816710707742
313440 51958.8450734025 18975.0936282637 31097.5203363807 1903.15536242469 1.00357496381138 -0.051039861254125 66297.6004569685 69033.5359014972 -526.607729796951 -13.186996577843
313480 51883.4628449481 18862.8928552541 31141.2933502269 1889.75253815213 0.997640769813785 -0.0521284953239935 67561.0664784566 69424.5281498369 83.8301716092622 -13.3844762032169
313520 51966.9816665839 19010.3335978827 31085.446903103 1881.84481026078 1.00543877286171 -0.0513891910155665 67226.047064022 68317.4432706203 -19.6685806591621 -13.2751215734059
313560 51872.1683644952 18904.2998986434 31085.5625517316 1892.05331734752 0.99983074963075 -0.0512084083699633 66744.2428705202 68561.0132801298 -142.82400927163 -13.2364197366416
313600 51841.4420439677 18817.3146196866 31117.9483190349 1916.22765968404 0.9952301795418 -0.0510531406712439 66131.5646927741 69035.9930198007 -311.151635706238 -13.2055980446988
313640 51900.899567692 18884.6290537084 31092.0866860144 1928.18754733792 0.998790377030723 -0.0517989139875456 67295.6186923454 69477.6612392785 -386.9406539422 -13.3175252818363
313680 51892.2209049871 18889.6505896279 31119.4071124257 1889.09958836291 0.999055961371304 -0.0511616834010113 67663.0040623568 67354.1797039264 38.4407231816746 -13.1908786945549
313720 51967.1773811888 18947.6339881477 31100.1699198053 1930.70207586692 1.00212264911531 -0.051888500099003 67434.8940472831 69052.4533518708 58.2757684195217 -13.3256622378753
313760 51920.9613044672 18850.7855335035 31170.7812867427 1912.98762379524 0.997000424884488 -0.0515815201639369 67965.9335400687 68408.990181285 -440.431419263066 -13.2645359388644
313800 51909.2520270643 18938.8512571965 31080.9846200588 1900.9802211503 1.00165813868552 -0.0513175273126501 66485.8268991856 68899.101718846 -13.601784910356 -13.2294765229909
313840 51917.5042226476 18943.3019846827 31076.2831805963 1907.49263111608 1.00189353350166 -0.0511963967671615 67337.7248099905 67484.9179029256 302.738574826301 -13.2363899082532
313880 51831.0000851352 18977.8368224273 30962.0080501361 1900.78358370592 1.00372004878632 -0.0513659583996449 66724.5076409207 68722.8590513242 24.2637737578099 -13.262158670691
313920 51917.2640227643 18933.4457064225 31127.7149991329 1871.48156975325 1.00137224415827 -0.0517642620275503 67708.6948237865 68890.2303480532 -288.171471042246 -13.2957173102259
313960 51984.178835003 19005.5982550619 31129.3395086754 1871.24680166313 1.00518832500658 -0.050894109911268 67053.3467546263 67746.0524829869 -282.103758843932 -13.1384400987098
314000 51904.8327082104 18936.3940169671 31026.0000525626 1958.7826293026 1.00152817754685 -0.0507254232533054 66362.706072964 68202.9570483947 -399.827416371073 -13.1120760831641
314040 51814.4658270751 18833.2878113035 31084.5790081193 1925.95843767372 0.996074986714451 -0.0516543707995609 66022.1471046823 69581.0830459589 483.073595562087 -13.2819054217557
314080 51851.3136265166 18940.5639496269 31029.2634427448 1907.5172044525 1.00174872138712 -0.0514294210983461 66119.0107751462 69702.4548514452 -216.116365930998 -13.2490289606948
314120 51887.1053677315 18931.2098271555 31057.2346929886 1916.87261604764 1.00125399059397 -0.0512331529458924 67770.3451747709 68021.4943640053 -527.919138958775 -13.2231186669731
314160 51758.175678073 18773.9536699727 31128.7351536362 1878.33210288538 0.992936859445865 -0.0513838196486473 65937.3148895851 69544.9361537841 21.6291455465235 -13.1851372425776
314200 51842.4639771509 18945.2973053585 31040.0814149624 1883.63063839999 1.00199906414695 -0.0521053189857927 67753.802408385 69034.1917577195 254.61370817307 -13.3366217942879
314240 51852.8150582591 18885.6382446222 31092.287826202 1897.45294512728 0.998843752194746 -0.0513762227417451 66962.4553261003 69042.7826664039 -510.716675793278 -13.2144916274328
314280 51844.0631263371 18893.4881116746 31078.0540720079 1886.64078945103 0.999258924324981 -0.0502632911630988 65729.7416833072 67745.8617003288 -250.185948930675 -13.0032548727244
314320 51908.7208670336 18945.9623939755 31117.8028256466 1860.19631935392 1.00203424006217 -0.0501637824690675 65953.9032334095 67547.362647473 -507.136785592948 -13.0422679972781
314360 52001.1888742369 18981.1764699267 31166.9888697269 1867.01957069621 1.00389667962061 -0.0507856436967057 66098.5162181775 67993.6879544808 193.742500030067 -13.1548155879272
314400 51861.1100141476 18897.2005350689 31086.7128371964 1898.031425715 0.999455270927879 -0.0520133460436147 68076.0740232185 68713.6483673972 21.4173407239738 -13.3627712020925
314440 51905.9332360544 18830.3500102732 31189.0882084078 1905.91356445726 0.995919609164258 -0.0525977079736203 68222.2982281252 69813.5846313475 -5.84741444958522 -13.4161442616814
314480 52073.6490981167 19118.7864715243 31074.1884860839 1902.57607148177 1.01117474396532 -0.0499789734054538 66287.027233365 67235.7404234444 -886.18348932874 -13.0344089926166
314520 51878.0719054417 18895.7480539423 31129.5013501359 1878.45215625163 0.999378450558894 -0.0520977312067802 68100.6925384791 68529.1356671563 390.344368581139 -13.3626525368878
314560 51809.150572496 18847.3737241255 31114.5376302116 1868.70733215129 0.996819977475897 -0.0517141080086096 67241.0977700353 68769.7771051533 219.06932493972 -13.266620256612
314600 51791.6752819201 18872.0237566238 31103.249256213 1841.48608359271 0.998123694651528 -0.0513100081211516 67384.7131619527 68302.6346948699 -310.029752553202 -13.2348130129695
314640 51954.7697201679 18942.3666592064 31142.2702822583 1884.8105402337 1.00184406501158 -0.0510503746561503 67734.7888371851 67312.1999506401 -172.507399486519 -13.2024834131032
314680 51814.0450848609 18893.1945978777 31073.9973020236 1863.14461865475 0.999243400654647 -0.0522924150123478 68451.4212591536 68421.4979696799 526.36106435914 -13.4019564723909
314720 51749.7445220321 18857.5254061967 31065.0647924693 1845.67701047547 0.997356890450707 -0.0524318166928121 68390.8525552636 68680.2604485752 613.928279709274 -13.3907703824562
314760 51926.9375559637 18997.1237272369 31096.3405028042 1846.97549302439 1.00474011515203 -0.0512419387647577 67118.2338718424 68709.9894022355 -611.647397255943 -13.2260409428964
314800 51837.4350223163 18895.5137634255 31053.0127922445 1913.74303723397 0.99936605915248 -0.0499547611393516 65770.4013134696 67276.1858461272 -479.365486863671 -13.0201461227175
314840 51813.6540962215 18918.51168554 30984.4968091124 1921.29320430122 1.00058239775433 -0.0519319481371076 68479.1644872405 68581.5699735433 -424.263468059638 -13.3222230800995
314880 51871.5138863418 18898.8681930742 31115.4081015067 1870.47777132151 0.999543471800832 -0.0508017527785512 67085.5112338261 67820.6062828461 -602.313648882126 -13.1388330820336
314920 51956.3076797537 18925.7493578975 31176.9542530255 1861.71051442362 1.00096519147944 -0.0508036103071079 66161.7916632173 68836.3298244561 -666.96598416384 -13.126422704948
314960 52047.333360738 19016.8314177234 31154.4158850632 1892.21247262488 1.00578243647883 -0.0502453629916116 65515.1620116507 68317.7433901615 -642.51509681302 -13.0561591564316
315000 51914.314937193 18886.9538121199 31162.2375406445 1893.45810311514 0.998913331329893 -0.050758442288008 65698.945858767 68639.6941252703 -105.448412599958 -13.1348031620832
315040 51830.3104455405 18933.6345968122 31014.7176130082 1904.11671726283 1.00138223439441 -0.0513032524360524 67555.6866703782 67732.7383329486 74.5845241069228 -13.2143014248556
315080 51886.8461127845 18959.8280302463 31057.1359790256 1879.99758490797 1.00276758060274 -0.0511485943426728 67182.4238189405 68028.0470956208 -138.550602674313 -13.1974976668099
315120 51917.109561035 18907.8362265257 31124.0688701591 1898.32700107743 1.00001778270664 -0.0515745378630086 67846.8587400155 68340.8968768159 -275.526394476509 -13.2613767989449
315160 51878.7653513702 18852.7336948727 31187.1255104922 1857.62409082636 0.997103461318139 -0.0508848794326638 67246.1198769493 67454.320787962 -152.118763193071 -13.1598704122912
315200 51840.8319874205 18890.4675807832 31104.962765954 1865.32284398551 0.999099171269771 -0.0506976537329753 66929.2653460984 66975.096506514 208.393431148327 -13.1472924519431
315240 51722.1571405254 18796.8124439661 31072.0303212182 1864.71357136862 0.994145838633671 -0.0523991960527988 68106.64782207 69305.8571757956 234.608374905776 -13.3912742833082
315280 51850.3184956185 18888.1114687143 31081.616509496 1892.0315710955 0.998974558704972 -0.0517460072883781 67493.5727591633 68655.7843423369 108.304516161463 -13.2781331529941
315320 51929.8120800526 18919.9476245475 31165.5128496692 1858.26228111603 1.0006583432261 -0.0522201675387481 68034.4767695492 69037.1810087812 193.409079596316 -13.3574354827194
315360 51913.9926589196 19007.0067412796 31025.5588457642 1900.27211225344 1.00526281852596 -0.051294664079292 66986.0915171989 67990.4127594936 346.364974554202 -13.2124859856547
315400 51923.0167476947 18959.6907120478 31065.1228825129 1918.40336699903 1.00276031797159 -0.0519071848331257 67480.0246602932 68881.8653299454 275.686665683062 -13.3188735811509
315440 52031.5343597223 19068.095932188 31041.5922616276 1954.69488846747 1.00849376872606 -0.0499995494470675 66379.9245835362 66438.4742339884 -154.42868618953 -13.0393840200478
315480 51929.1330832176 18840.988213137 31176.6072299957 1927.94577650074 0.996482253768982 -0.0520459401948883 68039.1868316196 68860.8285223371 2.4573123054926 -13.3833868869849
315520 51930.9979988356 18898.9798041961 31167.1762016283 1886.48231741864 0.999549374808733 -0.0501546800006161 65952.2348569888 67365.520352988 -320.028697681414 -13.0318783333542
315560 51984.69057084 18947.2447168129 31193.5862426827 1857.88380121747 1.00210206091831 -0.0506213938827944 66899.4140324762 66953.65243382 140.052468393858 -13.1069208381428
315600 51746.7460459996 18934.4875329121 30943.908901244 1893.90096425616 1.00142734538739 -0.0513758031135093 67157.1296156013 68925.0305999973 -572.063831540404 -13.2509443394757
315640 51737.2562256943 18778.9448593418 31070.2448906428 1910.61570519493 0.993200838785763 -0.0515244511823021 66880.6893498042 68472.398511367 459.312795664383 -13.2503038854517
315680 51878.9805763955 19039.4172974719 30990.1441093193 1876.17009449936 1.00697698254512 -0.0510805388022038 66778.0510338755 68152.1110956218 -54.2518762950175 -13.2058242115082
315720 51982.6139752263 18891.1866338747 31224.9410677183 1896.19125592548 0.999137201315601 -0.0515872367810234 68054.7385174379 68428.5950141147 -530.491776969568 -13.257270628755
315760 51996.9869051425 18979.8184869213 31132.5253829422 1911.44244082735 1.00382485716892 -0.0517276431479964 68055.3778412104 68673.9825929249 -509.729121293798 -13.2934288961481
315800 51933.3837992093 18882.6202930069 31192.1601326453 1875.5497659388 0.99868413555504 -0.052852062080254 68912.2354746503 69725.404911922 -97.3746125257445 -13.4827062347915
315840 51986.7879684403 18961.1874010136 31140.2875435429 1899.75975722453 1.00283947645186 -0.0521103754618481 68045.0635387496 69181.0249726451 -198.176127341671 -13.3649016103608
315880 51969.0280192884 18928.5924889802 31166.614621294 1893.4593137141 1.0011155620246 -0.0510945629769484 66657.9952421991 69079.1086577981 -793.638659208701 -13.2026353304648
315920 51815.4208841755 18875.4067386808 31076.0843811396 1880.79395677733 0.998302617410065 -0.0507453591468632 67019.6036650863 67983.5155676252 -803.960593493625 -13.1270086511829
315960 51910.5554530187 19003.5596917407 31039.444840506 1889.59949543852 1.0050805072982 -0.052726607228485 69478.1957336411 68906.2682949863 -97.0217095473739 -13.4563147472771
316000 51846.3430203578 18903.2295508028 31097.2398163145 1864.5901974487 0.999774139934035 -0.0511828095762303 66369.0243981832 68822.4023000484 -112.695163404226 -13.1811312034643
316040 51845.3948140686 18855.8210483968 31123.7968525746 1891.64095382532 0.997266748559924 -0.0515283936423473 67534.4800540297 68770.6133427766 -481.450119638598 -13.2653425194665
316080 51921.9874450016 18995.5009785242 31061.709443361 1888.60470886982 1.00465428948958 -0.0513965648209939 67457.3789639804 68413.5624468561 -328.387620080148 -13.2852271283655
316120 52204.9843228491 19069.4494408338 31231.2920471305 1932.28381713305 1.00856535453306 -0.0509179357820023 66428.0871753302 67911.4982148635 230.091770361151 -13.2127527499678
316160 51863.4479093242 18896.2773307693 31111.477630876 1895.08453479095 0.999406443515497 -0.051689487130922 68295.3767532104 67815.5029757838 63.9153816340183 -13.2964495170505
316200 51740.6869076988 18769.2129697074 31113.7568305776 1887.72270335752 0.992686128240508 -0.0506702670101552 66639.1641419773 67600.8173690521 -162.938669969403 -13.1094126628328
316240 51933.8971521748 18955.1400936553 31112.3750866385 1891.29017352483 1.00251964001879 -0.0528489082184822 69168.7980538782 68874.7757730711 520.102131755845 -13.4898703190836
316280 51902.8032334566 18914.9338628019 31103.8767179396 1913.86372953753 1.00039317005431 -0.0525121260948368 67348.5761816078 70418.1407559759 102.663328323979 -13.4855666405815
316320 51860.9247618754 18891.5607784836 31127.3432832771 1869.14798479032 0.999156989474208 -0.0526860042514034 68893.1310674572 69290.3156159648 23.7604375975644 -13.4797406832433
316360 51693.3168580192 18810.0476113598 30974.0069625938 1939.32232347413 0.994845834264699 -0.0518873748866795 67070.1431477799 69650.1054215564 -150.210128721354 -13.3092946524577
316400 51815.0724885875 18892.051048385 31064.111518086 1885.74438006261 0.999182919390984 -0.0518052089244761 67866.6645945993 68315.3607970716 190.992197294039 -13.2997886604398
316440 51738.0740905865 18822.305700954 31058.0928799043 1889.71591899733 0.995494153164303 -0.0513907897502111 66971.6160729063 68850.2435552558 -298.047887074292 -13.2041306423137
316480 51918.0313493491 18902.3312705631 31099.3393600007 1935.55222720918 0.999726630731882 -0.0516409315441077 67420.6890943151 69039.3060248265 -401.564853059539 -13.2745517017679
316520 51886.8287770114 18875.1085664657 31105.7078325509 1935.65231530567 0.998286847360342 -0.0517776954251955 68623.7833078247 67481.325028997 237.38712063104 -13.2956502367319
316560 51869.3323591383 18901.6479184864 31123.9427820422 1876.38529763618 0.999690488879356 -0.0512067839095618 67228.9936849866 67616.8483484099 305.365289431739 -13.214881268822
316600 51893.5850232435 18932.8119469611 31102.9677165609 1905.06541621783 1.0013387252128 -0.052327980382246 67101.8034360166 69840.268796878 534.885311251805 -13.4319428910239
316640 51869.4671918911 18958.7209284205 31065.3144820756 1893.39365113529 1.00270902702211 -0.0517320893078507 67093.2341439838 69507.7713474219 -381.751894773141 -13.2990496365383
316680 51873.1973708875 18971.9000055316 31051.6923985685 1890.12436263148 1.00340605609052 -0.0511849363496385 67569.6922381278 67651.9655351232 -84.3346739333958 -13.2140471711066
316720 51777.2292071803 18863.1304884923 31068.8691867849 1885.81806218009 0.997653338013606 -0.051259850361166 67046.1856238007 68106.2541487462 123.344559693284 -13.2214986613506
316760 51847.336887702 18854.701128967 31120.0872522124 1905.6560414132 0.997207517068199 -0.0520877768251249 68600.9402815548 68337.1379959145 81.7048651170976 -13.3346905074667
316800 51905.4229201031 18938.3825375021 31067.3827608673 1935.08729435342 1.00163334853905 -0.0515347339186801 67286.9470677058 69102.3326154852 -566.769424937594 -13.2348577541684
316840 51873.5768716019 18948.1714448469 31048.8951502675 1902.45562104198 1.00215107469771 -0.0498845063317598 65209.5169344201 67871.7494212004 -615.067962247005 -12.9909844380945
316880 51697.4732406363 18834.064645388 30993.9644159808 1906.56282875545 0.996116072742986 -0.0513579624371962 67286.3074377533 68232.010480815 -71.5091665015649 -13.21406080147
316920 51821.4579375128 18863.1874484118 31074.5092794915 1904.51129993147 0.997656350570505 -0.0509078261434467 65944.9394946603 68552.7526056981 27.3223884468667 -13.1511868177562
316960 51831.0653110645 18887.1718998758 31048.3682637787 1918.36098593972 0.998924865787427 -0.0507627041139644 67727.7333669818 67175.8764773333 -666.331021791022 -13.1400428141116
317000 51797.5383535633 18855.5942663759 31036.3614574751 1923.21226417861 0.997254754270838 -0.0510638904398589 66745.2851937635 68333.3599105091 -217.121383254142 -13.1754287116592
317040 51880.1610194974 18926.1634170482 31073.6289896918 1899.90097219194 1.00098709068085 -0.0513587154885895 67669.286483045 67905.8165071959 -63.7470586170823 -13.2354612494952
317080 51885.8707365524 18920.0099755442 31110.5577436888 1877.92262696039 1.00066164091203 -0.0520993994578977 67920.9224579396 69290.0184851945 -223.38746157984 -13.3558047997901
317120 51854.637487155 18907.9303200574 31120.1751964593 1861.41359404683 1.00002275922557 -0.0514333674655413 67444.8333939279 68569.0104281189 -308.394393164767 -13.2683745376366
317160 51915.9027542831 18974.7732278171 31072.7337773287 1892.17037466369 1.00355801813128 -0.050459633062542 66763.3863471102 67216.1403468495 -336.321044640118 -13.0814975341184
317200 51972.3751176942 19000.6118113753 31081.5775919828 1902.69864351034 1.0049245966614 -0.0512051815383173 66891.4875778623 68179.4168422329 67.5374150422895 -13.2066584352856
317240 51865.6553645175 18894.8957837259 31067.2969578422 1922.49539136864 0.999333374783862 -0.0508474855512855 66495.0212758368 68173.8283955147 -268.609282492683 -13.1444648115062
317280 51890.616531748 18998.1059346871 31019.6937973141 1885.8594238558 1.00479206318588 -0.0511163549299518 67219.5852607014 68250.2371782476 -507.020979185999 -13.1942343241585
317320 51825.0202293544 18910.6627829064 30987.950110605 1940.00767286827 1.0001672766313 -0.0523845324718934 68028.5283066249 69288.2043715761 277.56985942266 -13.3933183041384
317360 51948.2301859881 18975.8526372602 31054.1104507576 1931.26904819786 1.00361510708767 -0.0514299025294618 67538.3501634433 68718.2753176399 -610.211009178995 -13.2859109462104
317400 52035.9164888929 18963.5182957996 31150.3484609514 1942.3054312385 1.00296275529814 -0.0518480265906875 67982.6700092803 68689.0133152177 -179.083278184512 -13.3388605520174
317440 51872.0618875694 18919.7543040521 31063.2527385408 1908.49839594093 1.00064811868582 -0.0523705872857469 68031.620411614 69469.2370107969 50.4088910199259 -13.3862960140971
317480 51794.3138137609 18869.2777113336 31024.1702107151 1914.48791454362 0.997978458883173 -0.0509031524185242 66950.7418232369 67736.5863987191 -156.137268621656 -13.1774618589709
317520 51761.7551762684 18819.7564461513 31084.77526745 1878.1379508209 0.995359325460867 -0.0523139007122987 68590.1367346992 69185.3019558211 -352.093398406191 -13.3601750096457
317560 51800.1598980088 18903.2866961241 31022.154662906 1891.21479824499 0.999777162296658 -0.0515386632141713 67122.9894094269 68572.4989474841 144.286254794745 -13.2735954543518
317600 51860.411834273 18877.5022563726 31084.886600955 1906.91108515143 0.998413447381866 -0.0497023581067172 65133.6087336585 66911.8046610655 10.1392545735828 -12.925394419912
317640 51840.7086890252 18886.2650042256 31063.5575779501 1907.60842263154 0.998876900924267 -0.0512302264740903 67111.8075158632 67983.7526600931 98.4074112742103 -13.2407060268946
317680 51997.3473713632 18994.1919652299 31108.6887377363 1913.04440085312 1.00458505700012 -0.0514749291732456 66883.3776595653 68824.7985386632 5.11419096222346 -13.3045601512316
317720 51783.3087002187 18894.6442631923 31022.6668386733 1893.93227165757 0.999320072097966 -0.0512052240212295 66560.5280787064 68266.2467788132 311.482686940515 -13.2218424019096
317760 51818.7422971219 18932.8855634616 31039.9983988612 1873.62835961991 1.0013426187207 -0.0509815249546102 67151.7770779294 68380.5436393668 -834.959819035903 -13.1574240560795
317800 51707.0596716265 18826.0950662542 31035.5796037621 1868.51693025931 0.995694569152676 -0.0520385231626526 68808.8694822375 67742.7163729499 322.00167514772 -13.3357610761319
317840 51853.5416481405 18905.817677274 31130.6534408639 1838.01842629983 0.999911023523682 -0.0517634684139752 67550.6596604618 68484.8155344665 271.356428781108 -13.3165109354917
317880 52043.8922403364 18961.7683052656 31179.4901831839 1919.94522006825 1.00287019993471 -0.0518986571899467 67237.489948124 69421.7975537692 -40.2982263838211 -13.369611169987
317920 51752.7946241762 18867.3108600932 31009.9442959862 1884.70420095164 0.997874433959709 -0.0518616640269879 68258.8969991695 68373.7405856671 -137.728517145226 -13.3134230391212
317960 51720.7653289819 18835.1400048918 31012.9460644059 1895.00302153906 0.996172947501882 -0.0512881439789337 66933.9717134494 67913.3290770762 471.377403076568 -13.2369978678177
318000 51845.6138646192 18932.3223729783 31063.4446244507 1876.02450714721 1.00131283210252 -0.0524544778482273 68473.9240829717 68775.7140721379 524.189287730701 -13.4692646480628
318040 51781.8126258907 18802.4963520711 31098.9881899701 1902.41110636093 0.994446455219943 -0.0510529692298342 66471.3961095218 69011.1333231238 -636.586679516662 -13.1643592054812
318080 51787.8972445394 18855.0404390593 31099.570010866 1851.3963359126 0.997225462861788 -0.0519966048970697 69076.6821770173 67830.7466177388 -106.724887078241 -13.3383933161584
318120 51865.1334257069 18889.1493117906 31150.2010119137 1856.11382396224 0.999029449255089 -0.0513211098741513 67534.9321672875 67537.8034266476 316.174707669097 -13.2355604012431
318160 51808.0163416531 18924.4145472564 31071.4109922745 1848.02684171198 1.00089459459243 -0.0511114438521717 67396.2415111829 67399.0927344067 151.258579483711 -13.2301942416462
318200 51901.6601672156 18895.3318383231 31125.2160779701 1911.81299734669 0.999356437303881 -0.0512197442618441 67360.8359821827 68124.882904402 -266.654104913597 -13.2591262604378
318240 51950.5973296785 18956.9538893255 31135.8541629294 1886.30397609947 1.00261556997623 -0.0517250938652758 67072.7622168599 69123.3670380892 26.2829773264609 -13.3178609409115
318280 51939.1148912306 18885.8069774556 31188.9269309749 1895.77902057067 0.998852676316574 -0.051731633205668 67703.8576156644 68166.8495530673 393.177129532051 -13.3153274717065
318320 51900.5247355447 18883.9927995299 31164.7961269815 1883.71668303919 0.998756726142004 -0.0509656333770229 66510.7527764741 68066.0029972879 73.8831253695886 -13.167353975318
318360 51867.0778890038 18917.3528696894 31083.1612762927 1890.34378326301 1.00052110906727 -0.0509588825151739 67034.367913947 67659.4899212628 -58.842161919021 -13.1682548408976
318400 51868.3716292199 18926.1171605028 31089.5896157796 1873.30036721544 1.00098464421541 -0.0514874874086782 67321.8746630572 68187.9514538087 223.275281990001 -13.2336698792401
318440 51837.1335982152 18887.8984335425 31085.8798638217 1887.17269478311 0.998963291473885 -0.0512009183982303 66770.1231855158 68350.5373367112 27.8728840991271 -13.2196150343452
318480 51794.9512271461 18927.0177707054 31019.3768497816 1883.68167814819 1.00103227664712 -0.0501448136683487 65736.8172836601 67107.8150641155 180.997356473637 -13.0712186550751
318520 51879.8559751349 18874.8117365844 31150.299338463 1882.87397924738 0.998271148305405 -0.0520142427997703 67650.7913774284 69522.2512591807 -383.738396775809 -13.3217010188449
318560 51990.8646275517 18939.6637023242 31198.5019849031 1878.3842328148 1.00170110814884 -0.0515820598159729 66611.9088938636 69215.2324563938 105.715525493373 -13.2900554278757
318600 51891.2727712481 18972.9964139599 31035.6741180684 1905.88483906135 1.00346404410736 -0.0503402995121877 66384.9745034685 67507.8598943973 -542.356482909056 -13.0902290217667
318640 51902.0435537771 18929.3312243357 31080.0837087594 1911.13391206102 1.00115463304697 -0.0512771449704433 66973.358900317 68173.8796131815 134.692338521326 -13.2484352413285
318680 51830.3194220837 18928.8260688291 31055.7124938742 1860.4364158205 1.00112791584446 -0.0518520672715062 68123.9452303365 68341.7474839971 36.0276454722515 -13.2857187732076
318720 51793.0266490738 18857.711474483 31091.3008858763 1869.04603208072 0.997366731428428 -0.0524820912923036 67542.3070623871 70111.4827097056 121.26603824714 -13.3774382533189
318760 51855.5089605397 18911.2904606437 31074.6877942499 1894.30593073847 1.00020047392007 -0.050926641585575 67465.0108619933 67669.3688306353 -538.307520076953 -13.1500737120488
318800 51916.9361822165 18954.2844490084 31153.0293660318 1830.34511750427 1.00247438577328 -0.0511194904665228 66367.311081448 68704.7325295534 -107.743320340732 -13.2152547527633
318840 51865.4295401462 18933.4070568247 31078.2136874963 1877.05619031742 1.00137020001717 -0.0522071554802314 67712.1135662809 69415.5663093393 90.2242072217665 -13.3847438504688
318880 51949.3216644181 18957.9471152282 31105.8487221262 1898.41482377658 1.00266810076574 -0.0527331380665422 67410.2060376438 70460.2543388925 427.054272007077 -13.4787751480467
318920 51895.0961064945 18974.1165666278 31030.6147720343 1901.56211280629 1.00352328793483 -0.0512709928191546 66423.3950441181 68410.8840063066 437.1868615413 -13.2092137506199
318960 51993.3568920582 18927.8954743361 31154.4469519828 1922.23187852335 1.00107869757166 -0.0527188894863102 68463.9067129359 69655.8243272781 160.068620655143 -13.4787953249197
319000 51792.9555190664 18858.4371931283 31060.8533760205 1886.55710208947 0.997405114009165 -0.0509217762740732 66750.6166897299 67842.2483069818 -30.0721300214645 -13.1577638526879
319040 52065.7467577687 19013.8076004075 31204.4560777312 1860.82816538419 1.00562250960769 -0.0517466580192294 67044.4997887977 69240.8353114381 -0.794314584880828 -13.3415234976114
319080 51861.3372714355 18888.390969018 31095.1918272773 1902.38404149606 0.998989341214754 -0.0519807744474011 67269.789257395 69491.078971544 -3.51069824772984 -13.3638456079535
319120 52083.9924859582 19022.2227194126 31177.3943028347 1891.94934720025 1.0060675773853 -0.0518249740891392 67627.6678698007 69136.8295609975 -336.76239618142 -13.3486740803499
319160 51816.2021825383 18807.3654829893 31163.084646255 1855.46179695205 0.994703979002477 -0.0512458954542537 67165.2451702187 68196.7602979577 -93.5113754672644 -13.189894732838
319200 51858.8283599919 18861.9277301103 31154.9106955996 1869.79683070193 0.997589725247139 -0.0521633022105153 67797.2448651416 69484.1553280312 -109.14881181997 -13.3788084405159
319240 52014.2684815641 18982.9337072182 31186.7460561732 1870.80515709679 1.00398961825827 -0.0509856629878256 65239.2488549409 69247.1262435949 200.076899699368 -13.1759553777278
319280 51969.8389296135 18901.1959161464 31205.0579640989 1879.23112156666 0.999666582898132 -0.0530837356330623 68810.3756852342 69570.1831963703 643.640041895224 -13.5356130350105
319320 51820.0304225205 18822.987834236 31103.0556759588 1912.66751859854 0.995530230555915 -0.0506630038863146 66454.1398239895 67516.7869580937 75.2854671918491 -13.079871511695
319360 51753.679931786 18709.1423530008 31164.0164656129 1896.43064591547 0.989509049477761 -0.0517415703393294 67415.9738945711 68863.2492895373 -12.4164625169743 -13.2366998295461
319400 52032.1388475061 19008.0495952009 31127.5534158744 1911.65102704327 1.00531797409498 -0.0509031710083214 66932.8613698124 67675.0892654136 -85.4212870835769 -13.1541468938424
319440 52129.7703770356 18994.5344643166 31240.2388530722 1913.30059898614 1.00460317145665 -0.0524272080996417 68136.8643520867 69880.087591896 -331.378135556391 -13.4312801949409
319480 51961.75102387 18983.1495723873 31110.5697410221 1886.95749862688 1.00400103516527 -0.0515628626862237 65961.0350557539 69434.3017471414 487.901440296564 -13.2505532096391
319520 51818.0686627317 18844.8337488973 31093.904086698 1891.92957412089 0.996685640560483 -0.0505010813288011 65875.257934347 68118.7616921261 -286.670569286308 -13.0775458136566
319560 51947.783684851 18928.3549079003 31137.8771613561 1894.55181547959 1.00110299658338 -0.0522160217168963 66627.9815404577 70358.6431055819 248.340257426585 -13.3588264845739
319600 51816.3681078216 18920.8122299377 31044.306144536 1864.09813860343 1.00070407139694 -0.0502091885084425 66399.677925083 67275.4136462816 -595.670234475274 -13.0314141214209
319640 51878.7173478088 18930.7062986716 31084.2894343627 1878.33306643489 1.00122735944316 -0.0526608001921533 67958.513939806 69981.0969912393 224.175191052059 -13.4404584967715
319680 51865.3879753197 18871.1339304761 31104.9582875435 1910.42594834856 0.998076632578402 -0.0500449799375512 65477.799598009 67991.9998788489 -708.8786404945 -12.9706271718421
319720 51881.4977702784 18908.0368937381 31088.459608849 1916.80843830654 1.00002839580791 -0.0503437915840126 66592.8104437766 67101.8193053352 -347.107839770129 -13.0380095523328
319760 51895.7131317232 18954.7054423853 31080.1201592757 1893.1053214173 1.00249665171944 -0.0506312353360874 66626.9723095048 66901.8039393425 421.25400420954 -13.1198240147881
319800 51803.7183222517 18889.9418055712 31070.7474992488 1857.84680524293 0.999071363510313 -0.0511325234835061 67214.0969375174 68158.6719245091 -371.214969502207 -13.2134818100944
319840 51949.9319393867 18979.3896314942 31108.5580989237 1869.75228917439 1.00380217540628 -0.052002169156506 68475.8040810234 68166.5650411482 150.443534065353 -13.3233650596401
319880 51841.618295171 18831.4158620207 31157.2355796917 1862.54508451689 0.995975981066809 -0.0522574520256923 67220.3451011426 70039.8532138893 59.2682739967979 -13.3715887027371
319920 51831.9126556154 18884.8890255464 31087.1294708904 1873.30441902224 0.998804126698209 -0.0514078671995516 67286.9894564006 68484.068858954 -184.038594594255 -13.230215388685
319960 51884.8160123333 18969.4160245458 31077.6535847499 1865.06502773141 1.00327468065825 -0.051258184468796 67014.7141602846 68545.4378284211 -282.668291832452 -13.2257210189272
320000 51802.3533783185 18855.5673333862 31087.9703452803 1877.81235332583 0.997253329810191 -0.0507185882962586 66512.1149179214 67891.6702992548 -227.145998315146 -13.117268484555
320040 51804.3956726475 18919.4526799034 31033.5192116997 1877.55501708784 1.00063216606656 -0.0518720257454711 66907.373900885 69686.9805423299 -70.9388418064074 -13.306025698869
320080 51875.9972807474 18956.3564005364 31077.3335480222 1865.55301703774 1.00258396935271 -0.0509374899868503 68504.365371306 67216.9429511028 -1126.32012736763 -13.150066597203
320120 51834.8338929352 18968.3334172474 31025.5262344728 1855.30990353249 1.00321742257027 -0.0514518371750411 66840.4323351387 69074.1569087016 -249.180661115771 -13.2627358217971
320160 51891.3696541339 18864.5368689639 31194.7620046052 1848.58861151681 0.997727720162048 -0.0523422862814211 67401.6832155516 69384.249896444 736.083521049219 -13.4346802602261
320200 52025.8700716335 19055.4295673568 31143.1256953744 1855.66351510492 1.00782385653084 -0.0516799609351201 67601.4399245399 68317.2266280278 190.437866289219 -13.3523942648763
320240 51983.1655229402 19008.8422958961 31127.1386388728 1880.78149709963 1.00535989929372 -0.0528542991242887 68177.5252292868 70013.8998531523 352.922309445566 -13.4976910034054
320280 51874.9286174954 18826.0075451143 31173.8382338717 1910.33359494066 0.9956899402414 -0.0518464039118452 67237.5737798141 68695.7399918957 541.276631187604 -13.3132490561679
320320 51904.2723164172 18841.2461179848 31198.5491510393 1898.43006990875 0.996495894115287 -0.0514516391358275 66942.5548727027 68630.3151912619 88.6735699296427 -13.2783103341
320360 51820.8065460598 18870.2983690796 31079.8818460615 1888.96685622335 0.998032440517233 -0.051964270294748 67784.1694362186 68772.5591436775 180.531714272901 -13.3457622743556
320400 51912.5464973001 18928.8976989825 31116.9113685716 1878.21184084135 1.00113170429631 -0.0502566508496893 65526.212481286 67734.5730351969 -85.0331359583129 -13.0047180035022
320440 51959.1816121135 18889.9869891404 31195.5817317892 1897.15611013745 0.999073753227047 -0.0518299795041145 67333.7655277842 68768.0683716034 334.128262359244 -13.3234086420554
320480 52071.8185618628 18962.771134062 31238.4080074272 1894.25327195524 1.0029232386123 -0.0517733751497665 67604.5905748036 68976.1977060346 -207.640608309407 -13.3308702951647
320520 52030.5622664456 18981.6040557813 31203.4258901517 1870.2344147844 1.00391929423675 -0.0521643064970444 69108.3797773673 68760.1972204863 -746.46191083102 -13.3617924569217
320560 51940.2252084131 18949.1464106947 31169.1518800296 1849.05401341569 1.00220263972999 -0.0517789519031199 66958.6322319349 69341.6649737075 46.5479677487684 -13.344145042141
320600 51784.4278624209 18911.4069591091 31071.9434399487 1836.14003601172 1.000206635415 -0.0512270058585754 67355.8071858949 67810.0450738209 33.9341824132933 -13.2111778651094
320640 51829.3101224181 18869.3674415884 31152.1952297167 1845.15007046675 0.997983204632468 -0.0513877774124546 66331.099902938 69313.0612890709 -33.6208131013804 -13.2652127933819
320680 51891.4028166979 18922.7522271751 31150.1529350131 1855.25254786567 1.00080667603729 -0.0501924758029685 66487.8725562548 67297.7815706803 -672.655524443599 -13.0616623015872
320720 51931.7603131333 18981.8717379744 31125.7542499565 1850.20364854308 1.00393345169771 -0.0511757791311816 67094.4343849315 68533.3690831165 -498.66612600275 -13.2164176199329
320760 51934.8954458852 18941.4041312103 31109.0660059164 1904.04201922624 1.00179315780565 -0.0509046814265823 67386.2056313149 67664.8333769258 -512.426411973525 -13.1391090512622
320800 52100.8513085391 19068.5219280458 31148.4619653844 1901.29232166864 1.00851629924875 -0.0510141794306683 66184.4768738553 68787.5140563178 -220.501140545011 -13.2147718313844
320840 51904.1772830266 18827.7032447821 31202.6118882142 1894.44957024931 0.995779624211666 -0.0518832123440442 67178.2512130568 68931.5187191238 422.252794130576 -13.3071470568964
320880 51905.9660374921 18913.629933118 31144.8428292744 1869.08991815829 1.00032420643226 -0.0512986520551748 67450.3871450373 68456.8667505059 -583.844477665873 -13.1979844184901
320920 51744.7966788428 18764.6609335293 31121.7022664662 1870.91185045455 0.992445375302354 -0.0512698362893031 67800.0771378398 67679.9261960974 -181.429300020407 -13.1749667274843
320960 51785.8471929554 18892.1746146695 31034.3061920152 1877.61328947839 0.999189454696258 -0.0505890058872316 66515.26022232 67434.0295207288 -79.2134196682637 -13.0884862556519
321000 51889.8892754683 18932.3345856221 31044.3870520958 1930.97119265526 1.00131347801783 -0.0505620385569686 65921.7598388694 68489.6481321389 -579.935893144478 -13.0991241540087
321040 51956.4903071407 18944.1047862383 31121.0316479272 1907.83716558415 1.00193599292547 -0.0513869598961375 67511.9197037207 67942.2896007404 49.0427212668747 -13.2443598993069
321080 51939.3004900881 18877.9516507012 31214.7100957279 1866.87318437233 0.998437215427802 -0.0504101843887634 66061.6003262802 68217.8045691485 -775.649157824381 -13.0410591801942
321120 51942.604282282 18975.7704959251 31111.3171079353 1869.93248484293 1.00361076270925 -0.0515655543559615 66453.9669777905 69714.2657818281 -277.944629722424 -13.2748150601058
321160 51850.2038906198 18906.0011906726 31094.1878170236 1867.94306948966 0.999920729375783 -0.0515110805196096 66749.8550817069 69412.2209146392 -364.49041922712 -13.2233890256168
321200 51785.5576573593 18816.1446502312 31068.4043984859 1914.45359367891 0.995168300951008 -0.05235732569803 68440.1173070682 69388.0234063424 -312.103076236716 -13.3767242305121
321240 51916.1438998389 18894.6684286511 31162.1097635058 1880.73062054297 0.99932135018649 -0.0501852991528178 65698.6347812484 67451.6328010826 -68.4795011854008 -13.0435596327218
321280 51792.5884647061 18891.7788157574 31047.7601087742 1876.54642991669 0.999168521261794 -0.0512612842019828 66274.9337079403 69256.9481173786 -255.151264260159 -13.2282780975287
321320 51829.4757266165 18840.9302546193 31149.1579304004 1860.83799486544 0.996479188397161 -0.0522932245381678 68452.2827680045 68497.946168507 480.683685565463 -13.4117485529146
321360 51836.7611479599 18915.7677075634 31089.9271754234 1849.5601206764 1.00043727132426 -0.0523237574319313 67978.7222452723 69379.3816120154 104.487415406191 -13.3984836998918
321400 51892.3437594979 18908.4245839927 31117.0777416623 1882.51670947866 1.00004890038306 -0.0508318651271286 67008.2401202751 67599.2348154853 -213.321886028677 -13.1311290732851
321440 51942.3037846065 19036.6130644296 31035.3493461678 1904.28181222456 1.00682866928095 -0.0513865929909777 67695.9372449385 68098.6171999696 -266.149151047433 -13.2687412942053
321480 51806.4952244837 18914.2244995045 31030.7250247979 1898.03431868386 1.00035565249264 -0.0514831731665493 66506.8061866709 68913.1691148356 314.340586395334 -13.2986128667418
321520 51936.8169372613 18993.6754888728 31056.5382880144 1905.60969561135 1.00455774104841 -0.051452016033008 66972.2367317039 69283.9609246241 -573.585908296661 -13.2950624930537
321560 51785.5233324707 18801.4059602684 31115.2775060172 1890.64076396968 0.994388785416813 -0.0513198381800323 67458.3152442506 67888.7632470502 75.7973314788589 -13.2209214404966
321600 51837.8941903126 18889.439160488 31100.7246607227 1864.6120375287 0.999044779081739 -0.0518180352342938 67874.5818991384 68766.643429866 -232.332419119982 -13.3396887902666
321640 51921.9424049255 18957.1970405983 31083.7987791652 1895.17400673063 1.00262843001974 -0.0506172620644202 66042.4302383897 68366.9254925295 -452.98354797177 -13.1303452099286
321680 51836.6013073314 18818.3611224231 31151.2601783857 1885.62315652264 0.995285528093247 -0.0517981413229931 67691.2026642463 68662.7713013818 23.6310414066964 -13.2955797980539
321720 51708.5787420088 18844.4514722403 31059.8250793342 1835.73216000589 0.99666542230545 -0.0508508082932179 67344.2568577085 67509.9171212301 -447.879218041004 -13.1378450831342
321760 51869.7752807897 18989.3748298627 31036.6360276888 1868.11117822621 1.00433028321368 -0.050723361841175 65707.2057244351 68614.9930037352 -167.262841464714 -13.1230864776752
321800 51868.9787322442 18883.4313701296 31104.2579987842 1891.6733426046 0.99872703266585 -0.0518430575515577 67526.1972267132 68687.3476743051 260.980562673693 -13.3200427314372
321840 51797.6734095365 18864.2027530659 31070.7621688587 1873.08045245363 0.997710049084538 -0.0507177326034743 67030.394169526 66974.9891912389 171.931553320553 -13.1340603904498
321880 51874.4497877325 19016.9322176485 30990.457913299 1881.55311732339 1.00578776769263 -0.0507333854925694 67029.0562172363 67590.52723935 -392.402320275784 -13.1336607141784
321920 51879.5484326283 18913.7157097187 31121.5762643159 1863.43074540099 1.00032874307649 -0.0514001909574456 66534.5800121742 69326.1861508034 -321.21781605274 -13.2467477136092
321960 51855.9206442332 18894.376240133 31086.6021704384 1895.92887007383 0.999305896608911 -0.0520293574845337 69005.216445021 68103.2721023629 -245.411135278516 -13.347483625719
322000 51849.9365463744 19001.0433286948 30961.1017149889 1899.43746714046 1.00494741920903 -0.0504831599317463 66229.2827950235 68203.3130353984 -742.205502120771 -13.1112553850129
322040 51760.2031552986 18824.9939993374 31044.5224566473 1914.50974228524 0.995636334752738 -0.0518854106365805 68611.9102286406 67573.4129405225 366.124158438668 -13.2997821196017
322080 51753.0214563026 18852.3363681959 31065.0564866364 1861.43808771178 0.997082447081628 -0.0515256831998059 67934.4510920387 68377.5452277591 -493.848765314567 -13.2334321414936
322120 51869.5220674724 18922.7841234515 31139.7157785598 1840.76606237599 1.00080836300153 -0.0523996545747958 68435.8613150188 69019.7465475804 175.519262386016 -13.3766593990768
322160 52045.2871082724 19028.7232255298 31201.2890462133 1836.48489372161 1.00641138307708 -0.0508535353674412 65907.1382050614 68696.9415056742 -153.668199920664 -13.176713166863
322200 52017.9099547982 19056.0669964446 31120.648714529 1868.79111963478 1.00785756955942 -0.049571594461908 65957.7776709724 66136.0755225237 -316.305221189826 -12.9490951941754
322240 51938.9763894891 18950.8061209778 31130.106431452 1873.04913043663 1.00229042025534 -0.0510930078480422 67995.0099189818 67450.8762669103 -511.011714055322 -13.2310029591532
322280 51793.4670188641 18877.4528333056 31089.2948810202 1845.33764825204 0.99841083344205 -0.0505679236622337 66800.567807518 67447.612739789 -401.101944139177 -13.0989590395924
322320 51793.5964034544 18850.6964351294 31109.4273372189 1863.99554597533 0.996995712554773 -0.0516177120621113 68224.6789288393 67659.1889096487 104.830713360526 -13.2713498567685
322360 51856.7893759686 18915.0069530295 31100.5670158614 1855.83633190891 1.00039703572813 -0.0513792376381863 67403.8665737308 68472.1361776765 -356.872163053098 -13.2229166689601
322400 51875.9202190994 18935.3105826166 31103.9762108783 1852.90085323556 1.00147087571686 -0.0530431292251739 69520.9013758126 69870.5253889471 -375.498437387874 -13.5300640179478
322440 51786.8327470098 18835.2371413891 31136.6808596174 1844.44558540089 0.996178084960419 -0.052297340135016 67830.6037379998 69933.8089025228 -335.421151847914 -13.3971186687735
322480 51921.7733024716 18902.486397474 31200.960260285 1855.50394257419 0.999734835249186 -0.0518256495162837 67103.5773426294 68935.7489969855 403.330641920939 -13.3535844275111
322520 51874.3445179423 19027.6323690084 31011.0493541603 1867.11465765295 1.0063536886954 -0.0512589757914301 68275.216622602 67254.8980348672 -255.307631748724 -13.2462778094794
322560 51825.8123999377 18890.7979419909 31114.4749212701 1847.65935435478 0.999116643765221 -0.050389611107069 66365.2730297472 67138.4721526359 -38.4455463358261 -13.0970181351422
322600 51862.4423345755 18929.7238314619 31116.9519247611 1850.46588593018 1.00117539767087 -0.0509693492050117 66294.2318262018 68767.3503809549 -410.675218225591 -13.1537914782227
322640 51880.438439917 18918.0184138848 31082.1097906496 1907.47676586965 1.00055630907761 -0.0514552523345587 67477.5078507721 68516.7730215823 -305.742796375052 -13.2817508177334
322680 51932.6978170129 18921.9670938855 31169.5609585251 1870.40346978161 1.00076515107156 -0.0510261814066007 66615.0866286344 68855.0757602247 -672.883100455706 -13.1771637287846
322720 51925.9486084302 18949.289196818 31142.8936294663 1863.36203032388 1.00221019155457 -0.0518011324106865 67443.6242300474 69469.4386339129 -475.886807998994 -13.3259241722082
322760 51930.5935164506 18951.8078698511 31142.2431058704 1861.14726480215 1.0023434018168 -0.0510936531930388 66978.8943305213 68412.4862811829 -489.237588517931 -13.2274320844294
322800 51847.3460730422 18930.7383613587 31098.4510763885 1851.28093600651 1.00122905520871 -0.0519997942331867 66420.2156685694 70079.0665887176 289.808221293862 -13.3893673423349
322840 51815.0558589452 18891.7880805084 31093.9392965891 1847.87381706882 0.999169011265817 -0.051772059597053 67390.7061996824 68931.5398200139 2.24451308850926 -13.3253894763303
322880 51897.6863765216 19012.9461417233 31042.8195633654 1877.04818296854 1.00557694786319 -0.052072861184712 67971.6598697663 68893.7112497646 84.7480539792839 -13.3915780760398
322920 51815.0144358429 18914.3793689502 31041.2280271467 1888.8792910529 1.00036384339285 -0.0503167845351894 66320.0776486956 67970.663925558 -973.301787798597 -13.0641648122548
322960 51790.0185541465 18891.08005163 31053.0795509529 1873.15868298653 0.999131564280313 -0.0513441054515085 66580.6519978991 69340.0537390458 -424.786642094023 -13.222044891218
323000 51752.6882246766 18883.9538057242 31064.2469672522 1832.71122668097 0.998754663796069 -0.051201699538705 67108.2649843093 68109.4174354245 -96.8104566910472 -13.2093162073751
323040 51744.3352046667 18805.0901089453 31087.0822095028 1892.72006318719 0.994583636596338 -0.0517795493654359 66667.1475084266 69421.076697948 261.812156185772 -13.2857159463982
323080 51957.9681789854 18932.177556314 31175.5868207215 1888.14751354265 1.00130517288452 -0.0511504087601331 66837.6636795011 68778.8868537839 -584.320148267091 -13.172145292084
323120 51805.7539752077 18864.5440128275 31086.8864326402 1884.50742256184 0.997728097994315 -0.0510812340473915 66655.7325972557 68361.4345047541 -78.5529354360793 -13.1948200789738
323160 51974.803607599 19010.9781937619 31090.7944371973 1898.04820663217 1.00547286493518 -0.0519543345365858 67842.4624465206 68657.6056336466 234.229795184131 -13.3496750891602
323200 51818.1101263535 18903.1277850637 31073.9491242246 1859.14865287238 0.99976875763923 -0.0510638931849036 66841.1303151157 67909.9656228666 115.87738400506 -13.1787698032931
323240 51830.4507171593 18849.681376713 31170.350963879 1840.40554986804 0.99694202706402 -0.0520794403583078 68278.2029859433 68899.0650241188 -246.357846263289 -13.3271568294382
323280 51995.6705243328 18980.7570309862 31196.3201819404 1839.66785408785 1.00387449588714 -0.051578579969591 67446.752647363 68935.3325450502 -474.479482312817 -13.2732259054141
323320 51840.1586917517 18874.5660219533 31127.1875917806 1860.32810580248 0.998258152688263 -0.0518993969624195 67239.3306792308 69527.2701979562 -181.153808848602 -13.3298410017471
323360 51790.6165395419 18841.2990058922 31107.7808571174 1858.346130716 0.99649869130727 -0.0502409971680916 66128.4252103334 67037.8047466091 1.28815244592429 -13.0233096708495
323400 51892.2381654171 18880.6942229487 31137.8888034177 1899.03625769739 0.99858226751018 -0.0510475327543535 66384.0845342571 68774.5850633089 -338.428625923736 -13.1871011975171
323440 51875.5984923719 18867.3518686883 31121.8491566094 1910.64930827237 0.997876602865968 -0.0512760159788337 67539.0706536976 68210.7912125226 -435.000287194925 -13.2313406882423
323480 51849.3187646515 18907.6315915849 31097.3129837022 1868.9306382605 1.00000695975591 -0.0513159882711102 68318.3680705883 67237.089832406 -170.009655439298 -13.2500764021212
323520 51884.4540732207 18869.4188503498 31143.5336730555 1890.13729303453 0.997985923593803 -0.0529284637158577 68848.2578022536 69906.4453092154 -49.9566372486062 -13.4982978524766
323560 51829.905112145 18867.0529171615 31082.6684399963 1899.56106928338 0.997860791599183 -0.0510660757179268 66459.1984638636 68804.1024440221 -385.205767111453 -13.2169954377316
323600 51681.6606466107 18737.6051983798 31082.3297184185 1880.31474052672 0.991014422762388 -0.0509980170603983 66898.9705261555 68263.2083305374 -422.686013038823 -13.170998475797
323640 51953.8972796957 18920.3315286792 31153.9873243983 1895.6890789431 1.00067864755675 -0.0513732424967505 66920.1214611398 68682.8127430294 -112.804283452199 -13.2725477799127
323680 52009.3434323446 18934.7226845779 31213.0588666063 1880.0442003147 1.00143978233917 -0.0513241628364292 67220.7464117346 68017.3566556892 145.782018284223 -13.2589163107197
323720 51978.5792638578 18954.9874749455 31153.3098084086 1892.81802275498 1.0025115681579 -0.0508720398164638 66182.7410230756 67908.816542981 369.159547093119 -13.1842374131877
323760 51816.8882334101 18881.0990491007 31113.438053465 1844.96621517767 0.998603678386923 -0.0510818064092093 66790.7536771071 68222.470297949 -118.250715390988 -13.2066153178527
323800 51899.4908470042 18807.2500028571 31234.7827423446 1877.22499754207 0.994697871366238 -0.0515347128912748 66550.054528351 69005.472674602 258.494433611781 -13.2659424400824
323840 51925.4980783057 18873.9815808726 31207.044850813 1873.20608959484 0.998227242145847 -0.0508978790497936 67771.7095145765 67173.2435416973 -409.121128432076 -13.1560340539813
323880 51849.0538659025 18870.294850818 31137.0289504922 1861.33380200081 0.998032254439669 -0.0513237074056679 66921.7291843129 68264.5818494451 216.360480472414 -13.2085040674733
323920 51936.4655493205 18931.5400423379 31147.4679118159 1886.20430981271 1.00127145536628 -0.0500708146593263 65563.4741314244 67660.8188638448 -389.570727471707 -13.0454903871927
323960 51878.3555755623 18912.4960295768 31107.8445431548 1884.64978297073 1.00026423533396 -0.0508845704970345 67101.5426402125 67619.3691440338 -256.147895212535 -13.1544016449614
324000 51846.3960210327 18854.4609981381 31144.2271102564 1866.30595858412 0.997194816773139 -0.051520076402106 68215.0837363602 67981.6284687946 -413.370992869897 -13.2537556737784
324040 51973.5859512264 18970.5284904972 31166.8352236607 1847.69851464263 1.00333351794247 -0.0520608859171433 69158.5791620443 67785.1143311875 -40.8260201594586 -13.3405049114663
324080 51772.4611438543 18863.7033293241 31074.8283877038 1848.1182752854 0.997683635029703 -0.0505611134421363 65972.5292072888 67712.4815469558 152.307822370544 -13.099255107369
324120 51933.9349591748 18953.7599635876 31153.320102239 1847.04598959255 1.00244664622968 -0.0511575056704525 66912.2523252579 68065.8321611253 59.634699442251 -13.2272117452025
324160 52149.2524563645 18987.6495540667 31308.1925763434 1872.5619171673 1.00423903498965 -0.0524118373279755 67870.1159340599 69559.6608622952 204.267871626402 -13.4296146626344
324200 51935.9946673713 18932.7090243295 31143.0233162515 1881.58321258369 1.00133328173103 -0.0508601803015766 67059.7358319989 68028.4718047251 -631.203401799663 -13.1669932882886
324240 51980.3249877399 18968.3039806269 31161.4274576185 1862.81667625514 1.00321586569493 -0.0521131240737861 67586.9992615103 69290.0409444465 172.908467644384 -13.373365573574
324280 52080.007809273 19046.9620965811 31158.921087608 1888.78910476719 1.00737601991702 -0.0521479563996823 67407.7107634327 69548.756021313 127.781398177038 -13.3819286135275
324320 51971.2786756514 18919.4242440645 31152.9594865139 1910.96362065251 1.00063066212162 -0.0512969017211187 66827.7980157387 68806.3073174368 -279.024799079406 -13.2441452356793
324360 51943.8769817143 18941.0511247855 31144.0830738794 1890.93422024761 1.00177448762584 -0.0513404022617727 67087.7697612276 68514.6592296784 -190.875418722966 -13.2198480140784
324400 51882.9333486597 18900.5998648716 31080.6330557366 1930.08088832382 0.999635058303406 -0.0519319515958959 68048.0032204753 68910.6134656053 -283.211138032832 -13.3284096586344
324440 51890.4822662897 18914.9705292204 31074.5599770602 1927.71129703424 1.00039510930691 -0.0498398840721786 65956.2088092751 67140.1739915362 -774.409727765812 -12.9395290790706
324480 51803.7165604279 18911.5538233293 31025.1684155056 1884.32639188833 1.00021440292631 -0.051192619101904 66931.333036808 68139.0778845928 62.7775147134438 -13.1885862156116
324520 51851.9482605648 18884.4727775759 31070.5544144211 1913.6220379667 0.998782111732165 -0.0519169556414782 67327.090644588 69945.6361415092 -633.189869209626 -13.3356871634606
324560 51902.4004881511 19043.7330354478 30997.0467765368 1887.82139305574 1.00720523789226 -0.0514523362183132 67509.3585541168 68456.2933387723 -315.920849829505 -13.2765689933256
324600 51868.913386057 18844.003295553 31145.2677582096 1904.66451324367 0.996641718659418 -0.0520798590412086 67208.2768215882 69617.3711457969 160.819508509134 -13.3525839160165
324640 51842.9054165527 18838.1773298259 31129.2389457187 1902.074919483 0.996333588778308 -0.0503125465641546 66140.1814571872 67388.7189788996 -238.231563078396 -13.0247685709336
324680 51858.1122366763 18917.1066209584 31058.2469322152 1897.80220577113 1.00050808520208 -0.0506511721008977 66338.9388016239 67945.3590686553 -291.196836384397 -13.0821504058874
324720 51712.5050417236 18840.4142542255 30987.4502760225 1895.69832134856 0.996451897618696 -0.051215194987749 66575.7355489081 69297.4638286785 -702.25938585145 -13.1669377730518
324760 51845.7072535593 18948.5948516963 31020.0154745293 1886.4463729785 1.00217346829017 -0.050258717901425 66285.2370673337 66987.9264390455 -81.7058770720657 -13.0640369362463
324800 51926.9534257966 18973.89165834 31099.519737695 1866.86184078051 1.00351139274573 -0.0511499550075278 66587.0776384341 68864.6622965109 -412.620508581663 -13.1714624751581
324840 51917.6625921405 18920.3119770833 31103.2447010899 1909.42810398708 1.00067761349112 -0.0508342927144451 67227.0979977802 67503.0542791245 -340.623025388935 -13.1484148943841
324880 52040.9942753117 18998.7442154565 31186.3926571142 1870.79050064952 1.0048258212591 -0.050491275427103 66058.0893904352 67465.9929560969 161.964532669863 -13.0968241836075
324920 51879.8964960651 18889.9862322749 31124.8561608497 1880.20015551592 0.999073713197138 -0.0511261461859192 67941.5506459551 67341.2918601195 -308.595946898495 -13.1274469544896
324960 51892.2306431177 18884.8477050425 31127.7484647 1898.08154320573 0.998801941295387 -0.0517653486597416 67639.9393392297 68850.0039395598 -205.058459489178 -13.2699518069892
325000 51825.0634907589 18960.445310301 30992.3597105574 1891.28981540959 1.00280022796779 -0.0498735469364605 65861.6390916713 66928.8475872997 -384.378555115925 -12.9900480666695
325040 51803.339549201 18851.8441839199 31078.5847890844 1896.43219916301 0.997056415915371 -0.0510653176060076 66602.6948667531 68057.9253205978 232.483564326137 -13.1527129159896
325080 51873.7119163074 18913.693276456 31122.6639980093 1860.5907021326 1.00032755660219 -0.0526971280924227 68222.2523157104 69936.8358736481 78.5135764374801 -13.4521114397849
325120 51884.9690485735 18864.9823691693 31181.7015630026 1852.91311991872 0.997751282251449 -0.0507505933597608 65956.8364288298 68509.1590399494 -250.409267210939 -13.0770667596885
325160 51795.4433475785 18819.3583332219 31119.329648272 1876.78448239756 0.995338269640189 -0.0521066135340744 67228.6936915322 69280.5416161172 526.01181778441 -13.317954601635
325200 51940.4728449259 18967.8135049748 31097.2192172492 1890.43605539145 1.00318992489619 -0.0505169184502811 66605.1923831235 67597.2356944853 -467.101153095727 -13.1111984045901
325240 51795.1159491326 18788.2272193914 31111.4264008765 1905.47182823508 0.993691774131503 -0.0520672085867464 67951.7408457382 68635.7734403861 381.794883907792 -13.3991438467751
325280 51804.0000846047 18846.2117694492 31051.6390765743 1923.24732043163 0.99675852277928 -0.0509554973867698 66853.4000629114 68210.2862761908 -405.864690078741 -13.1697160199138
325320 51746.2552305859 18837.0003594701 31023.8774398398 1904.08298400144 0.996271339916441 -0.0512668135754475 67319.5081809677 68574.347276659 -616.380470683609 -13.1799971737503
325360 51944.1736257022 18960.8388795731 31153.6634156374 1846.97732558639 1.00282104347868 -0.0520424041248153 67467.169598764 69812.7211698162 -370.796098837448 -13.357216590322
325400 51911.498657723 18898.7180966391 31135.669380143 1897.68154096536 0.999535533340692 -0.0521984696600261 67517.1415089003 69395.9474711238 266.92167815826 -13.3897115424663
325440 51948.7772657872 19039.2354230542 31049.2113700409 1884.33763622625 1.00696736337719 -0.0513570142263521 66695.837557153 69219.8655312322 -453.509337130147 -13.2435271066423
325480 51847.3205910953 18954.5089902978 31014.9700975415 1901.39535747788 1.00248626155218 -0.0518896257529528 68361.8369430913 68418.4356902485 -219.426668460902 -13.3179522431955
325520 51792.0117125983 18827.0087790027 31088.031852297 1901.83081856868 0.995742894565793 -0.0525703800134518 68468.3613838423 69001.2474364299 508.848506301418 -13.4323301474975
325560 51923.6368169375 18918.480544818 31128.0170270923 1903.3513716191 1.00058075075065 -0.0515218770420778 67028.1354128702 68861.41155785 -63.9547892699809 -13.2575228727487
325600 51892.715838146 18933.4049734561 31071.9012350398 1910.33759945377 1.00137008982976 -0.0504824329052003 66413.5463029248 67937.0170182588 -658.784705807319 -13.0522593533692
325640 51807.248702635 18838.2204489911 31118.1802155531 1867.96439737961 0.99633586931065 -0.0512541997990187 67053.9571908124 68555.7633379376 -351.258399812989 -13.2002515041393
325680 51953.9117018102 19011.7381016336 31092.6206849675 1860.50395444932 1.00551305575214 -0.0503612711216059 66259.7434467602 67981.5585366727 -823.144315144127 -13.0717509242097
325720 52012.1728780999 18980.12210627 31162.8241806637 1899.31350227791 1.00384091531244 -0.0510808927327463 65904.4599520928 69313.2669613389 -310.023520546224 -13.2484103421556
325760 51965.489511837 18899.6157735155 31201.9409425268 1878.11513876436 0.999583010631521 -0.0512944689383436 66775.2888027399 69234.5352955322 -654.701066386286 -13.258849655941
325800 51813.0309232017 18865.5424313868 31085.997305001 1873.16966397593 0.997780903418583 -0.0521030517503124 67678.7649996542 69239.209050413 80.1433149206975 -13.3828183165631
325840 51746.6933247309 18834.0129269111 31032.0555620374 1890.12718196225 0.99611333740109 -0.0523160140320416 68987.648046267 68720.3182054452 -245.236078260281 -13.3910347773907
325880 52044.8805568829 19032.7341134007 31126.9968814288 1900.53754593004 1.00662351518713 -0.0517499061508233 67275.1415794947 68884.7745385817 103.709607257353 -13.2978096437345
325920 52008.6924665233 18999.5631477836 31076.8196598769 1954.37644557829 1.00486913382433 -0.0514281227862331 67223.5138540479 68128.2690481595 264.234283723123 -13.2961826658764
325960 51980.0621659151 18961.3938963953 31122.0688735241 1917.94369619352 1.00285039779957 -0.0511941843873561 66920.0121995184 68480.7381668345 -263.700679701474 -13.2316210049342
326000 51835.3089418445 18836.811228325 31121.3087636522 1893.33938964642 0.996261336946976 -0.0504375485855268 66248.0224004046 67071.315923458 259.183016763309 -13.0869115221708
326040 51935.0527563887 18989.5186471607 31068.7281049427 1900.6674200265 1.00433788957613 -0.0518139929900059 67906.9009335102 68348.6361543731 173.468668437505 -13.3567991403244
326080 51890.860693832 18920.6796204179 31077.4509837663 1922.07964009641 1.00069705780341 -0.052263111565414 67530.6222614186 69578.7345545512 247.848921964363 -13.4227253445781
326120 51878.5038549277 18942.3408451325 31039.1214041646 1923.42922809146 1.00184269972934 -0.0512067572067078 66852.7531257877 68327.3642387068 9.91892061657241 -13.2100040360819
326160 51809.0170933451 18899.6054815068 30998.6815560956 1938.06057259692 0.999582466296801 -0.0514228068949127 67716.6777280019 67853.1200938276 51.9287901983258 -13.2348832354606
326200 51915.9911978681 18895.5826010335 31130.485424809 1905.004710579 0.999369699909216 -0.0495883260146644 65168.6485750361 67086.0527142789 -437.99988058306 -12.9340926460921
326240 51718.0174425018 18828.9126619485 31004.5029548713 1904.2280022216 0.995843589155016 -0.0500078345043299 66137.5671699542 66801.9101120171 -266.889032254522 -13.001736657613
326280 51974.4469505742 19006.3587702549 31103.60083065 1878.91495667041 1.0052285479442 -0.0502336804096389 65531.2332718477 67902.9111397189 -282.954315569013 -13.0612948615517
326320 52014.2219628798 19000.1554128716 31136.5745945572 1900.43859189709 1.00490045817118 -0.0521702094312439 67226.8204518039 69798.6273822993 110.61152126331 -13.3927124307481
326360 51878.2978483162 18890.9594862436 31100.3398123282 1889.86352646406 0.999125187689733 -0.0513044335619795 67804.0841405551 67379.8364805261 181.503129667737 -13.2378701795167
326400 51905.0470195167 18867.823979033 31144.6944590917 1906.35256270181 0.997901572340765 -0.0510309527046084 66340.9405036313 68926.6966517356 -439.319725574427 -13.1558110785356
326440 51851.3134392022 18851.4212817812 31114.2868240313 1908.22604785331 0.997034049016592 -0.0519562833381562 67680.197559067 68972.9851089128 27.2194929783713 -13.2852688329102
326480 51935.1921364387 18934.87380431 31138.3130437824 1878.29546375328 1.00144777492053 -0.0514422485647873 66623.4686913366 68751.8315534689 260.422696063795 -13.2098607334197
326520 51846.6109431539 18902.034909635 31079.54134672 1872.57074716325 0.999710956479438 -0.0534676844455475 69175.594064486 70506.3421021268 178.945698624851 -13.5494831348368
326560 51907.1429288841 18842.8822201292 31203.0093340717 1882.10983274734 0.996582426028252 -0.0529486077806132 68152.4411183756 70465.7115524152 129.239992380473 -13.5248953672442
326600 51901.2293321646 18872.1744965833 31153.9887405495 1894.93094829201 0.998131667147073 -0.0513585415538182 67444.2694837164 68131.7070269299 -113.859917303795 -13.233543780136
326640 51952.3699028925 18940.0436129214 31154.9695450761 1868.65865342704 1.00172120126518 -0.0512012647001018 67662.7484191173 67774.2271094421 -268.652131940207 -13.1955549514588
326680 51861.5752399045 18894.0990785072 31147.8281754368 1836.63113160216 0.99929123778962 -0.052561958703951 67884.2266573689 69738.5264804255 330.791960989464 -13.4456071433413
326720 51840.5746577248 18927.4323172566 31062.5854852843 1863.74521587047 1.00105420162669 -0.0499309700864071 65416.0609381325 67378.924195773 -290.938222614697 -13.0039010894751
326760 51853.2628755762 18839.7986412244 31167.9974771551 1863.34693447904 0.996419338422552 -0.0520569638109748 67644.4303863288 68771.5436094937 511.768048357241 -13.351345820975
326800 51948.1463705482 18990.826782873 31095.3452620634 1889.76699849346 1.00440707565109 -0.0527754246878974 68152.1311150434 69498.3947676143 726.21282796093 -13.4912676235268
326840 51873.3451585616 18878.4639133169 31158.5249782942 1862.53880117604 0.998464308518677 -0.051806205006379 66813.1049361836 68785.0161020543 842.683650354342 -13.3182373396761
326880 51806.7326421181 18811.2966762347 31106.2505748817 1913.53483507104 0.99491189613829 -0.0517552286475233 66360.9987720153 69293.1201142687 622.209112529054 -13.2910037493756
326920 51756.0858082593 18779.9190121808 31122.6229123719 1875.44663622278 0.993252360818764 -0.051581594287255 66801.9573265589 69263.6522906241 -140.689213446508 -13.2686968555249
326960 51794.7744133193 18863.3849604225 31065.2839710534 1891.70739981637 0.997666796796112 -0.0516542657757083 66644.935163588 69016.0756090753 416.504289593963 -13.2943652297042
327000 51801.260993216 18921.9075617642 31022.2565795997 1885.49153418772 1.00076200247331 -0.0505004300308661 65681.3501637602 68296.3599910319 -252.610898618723 -13.1050588453815
327040 51832.4807586066 18945.6099337691 31027.6025205972 1886.96197563881 1.00201559877134 -0.0501106747848149 65783.5810376362 67545.5932874771 -439.30649862451 -13.0462629257827
327080 51758.015888961 18851.2608856061 31007.6311985428 1916.48167539885 0.997025565812832 -0.0517546129223664 66888.5488194322 68628.9744678186 768.44388898368 -13.3090112893835
327120 51860.4182534696 18913.809832616 31086.4883957423 1884.34462917 1.00033372114854 -0.0525749381983688 68567.41478576 69210.4028409722 213.992516400511 -13.4619085456843
327160 52047.8375842891 19034.189070163 31110.337423253 1922.73996492892 1.00670046649018 -0.0510043770794954 67048.7246569498 68422.5712459264 -731.324934791302 -13.2189968593779
327200 51864.1571727157 18885.8870296185 31108.9657606017 1887.67074998345 0.998856910200637 -0.051747544297395 66707.1335733954 68994.4564148793 578.167714248255 -13.2871967468492
327240 51829.3189082165 18913.5776892736 31058.6654186929 1891.68891061558 1.00032144330417 -0.0525811978701016 68759.6681727848 69494.9287116318 -277.679246753874 -13.4677045985399
327280 51947.5170369066 19020.5766009914 31067.9083699402 1881.47315515547 1.00598051572082 -0.0518582904926448 67767.8925182221 68524.0043404968 207.967151775454 -13.3715510419618
327320 51810.9395454773 18876.9979581786 31077.2901796412 1869.71242198556 0.99838677552181 -0.0509273633728934 66041.1658223848 68810.553451633 -266.739337473581 -13.1603962144797
327360 51905.9064681184 18981.1464211532 31058.1740716674 1883.66478540731 1.00389509036907 -0.0522410085502804 67979.2627810038 69575.1540900923 -258.666748285421 -13.4178820692758
327400 51866.4008532328 18979.5323253727 31011.9765983135 1893.97245862039 1.00380972235212 -0.0513391827169699 66934.4977248474 68517.9439823829 -7.48640689369822 -13.2621555378127
327440 51886.4409963237 18943.1822495077 31048.120992643 1913.36593762596 1.00188720082019 -0.0518240179087388 67688.5206253873 68466.6417665759 293.086958120522 -13.3634858817801
327480 51906.0782315855 18867.9511902869 31125.4053421943 1936.68032839636 0.997908300425063 -0.0513621246692471 67192.9342591074 68282.8949697128 7.25466244171031 -13.2664504951877
327520 51864.9816814544 18942.1478154995 31065.6846347822 1884.92904846439 1.0018324905725 -0.0509607330457272 66749.4232984719 68070.8240510848 -179.631880205783 -13.1875848561872
327560 51923.3818368821 18948.5018155264 31111.8548480903 1878.05482429404 1.00216854769411 -0.0531694026127599 68641.1277533501 70155.3663492641 401.759666054795 -13.537194738505
327600 51836.9775050924 18844.2940342146 31111.3121217966 1891.02929801478 0.996657095555445 -0.0503226544406968 66059.6209490512 67105.961233622 157.439162032969 -13.0825252197018
327640 52004.9280128163 18987.5330556386 31132.6769264231 1903.66302499399 1.00423287349669 -0.0526736375785142 68793.8961540052 68752.3133536006 702.429876514433 -13.554705361537
327680 52000.4438435251 18932.9679931017 31189.0581477398 1892.5747986904 1.00134697834731 -0.0526654486655353 67587.9148865318 70297.5567255853 306.580391477857 -13.4944480790567
327720 51974.0992022936 18918.2023626112 31178.508094296 1896.56018143769 1.00056603795379 -0.0513114064972214 66696.5203924666 68946.1655552338 -282.606184625369 -13.2487310834153
327760 51770.4972931146 18789.6059745945 31107.8282630058 1895.36850041396 0.993764695205314 -0.0510314595140035 67257.8587862632 67733.7764266373 -200.026589571175 -13.1718059131687
327800 51846.5662183918 18935.3497090573 31054.0211022674 1878.12820490233 1.00147294507774 -0.0516000582883374 67620.5366964894 68546.8730622645 -174.272377316293 -13.309830201651
327840 51921.0107736551 18960.575315195 31144.9433756105 1846.15713400816 1.00280710380511 -0.0514944182920032 66626.3307502859 68571.0406826614 539.381229230651 -13.2409966814958
327880 51896.6215054265 18969.1422702489 31090.8417128204 1866.52900587419 1.0032602020494 -0.0509878841919075 66824.5068769371 67856.6383874642 41.9060773229967 -13.1947428174981
327920 51878.3228636905 18917.3060821291 31135.4215937868 1843.07598904466 1.00051863451694 -0.0517809921474186 67633.5556688872 69144.2086964213 -434.641171636999 -13.2796077799552
327960 51845.9252023896 18763.1476962496 31214.9883877459 1899.85321931542 0.99236534159723 -0.0521020338429742 67127.1702483199 69614.0740915594 310.76848685518 -13.3567012110184
328000 51976.1641867341 18909.240062463 31182.6031785293 1912.61985334882 1.00009203027703 -0.0510087752538047 66470.7830353196 68695.7274328569 -389.142757045227 -13.2013890741823
328040 51858.7093027658 18857.6113946252 31160.643656129 1863.03885485702 0.997361438298305 -0.051863512728705 67480.3516616472 69123.9231425492 -102.010757235799 -13.3331929812504
328080 51833.962886219 18886.8905424504 31106.9830773824 1858.48854079243 0.998909985056215 -0.0509860206846959 67117.8388565053 68148.2431932627 -566.051847282513 -13.191072027188
328120 51817.202182333 18844.2896528078 31089.8037883556 1909.39981858718 0.996656863826938 -0.0515234218378671 67668.2459715377 68250.9022565077 -122.740049791721 -13.2829386450338
328160 51969.0613721051 19047.6966777158 31070.1195243986 1869.61464626929 1.00741487122654 -0.0509242205475219 67560.9638919441 67593.5429143192 -590.273911290787 -13.1898437102184
328200 51789.6787911097 18822.7912179314 31090.4258912597 1894.0891366032 0.995519831703369 -0.0523231908895263 67442.4400978772 69559.550497063 478.198028851688 -13.3803236718136
328240 51876.1722316637 18952.3830084296 31061.5946466624 1882.88898394325 1.00237382035857 -0.0512166351058877 67152.4732292436 68687.296061072 -639.057243676627 -13.2508108453972
328280 52018.3117359272 18996.4082127386 31154.3361385913 1888.27437393336 1.00470227225908 -0.0499219343505431 65327.3761762247 67728.4037887736 -545.360500341907 -13.0056315383953
328320 51856.8248175476 18920.4004147811 31102.6295222768 1855.71593651529 1.00068229087828 -0.0517755632031676 66925.5100488845 69201.0009257316 181.321992300881 -13.338860084483
328360 51854.0465293782 18880.0281460211 31116.9745449713 1877.46960252584 0.998547039324135 -0.0517830502700005 67281.7461467179 69144.8717082737 -53.9958583374508 -13.3216939310526
328400 52003.5182714969 18973.3996150958 31152.2490914026 1905.90364867052 1.00348536903852 -0.0517538339313884 67736.3913007859 68302.8946409669 248.323553822741 -13.3018144606288
328440 51811.6737654555 18895.707696058 31056.0438899316 1875.06469233209 0.999376316068119 -0.052892486240198 68525.9009650766 69680.5588263264 456.58039231647 -13.4627220487749
328480 51938.5923318802 18886.7395699142 31182.3566024093 1879.27816415708 0.998902000259907 -0.0506773372574183 65973.9305882265 68144.3906874472 -42.506891937138 -13.0902653998025
328520 52035.3194066962 18990.7316288593 31152.5827090773 1903.4656731817 1.00440204304426 -0.0511361300594035 66666.6821046234 69047.9920603959 -706.484715814622 -13.20124080493
328560 52061.7715394277 19013.084924148 31193.6200542967 1883.70737903813 1.0055842879359 -0.0516025540148209 67415.0397460119 68360.4161171324 179.079059688943 -13.3287127946761
328600 51896.5398417361 18824.7565363417 31209.5430458422 1889.7374669102 0.995623775556879 -0.0523449740025128 67275.0662668075 69481.5858711659 768.580719312234 -13.4161263980591
328640 51844.9090527468 18878.389332352 31107.8521751329 1880.17605350334 0.998460364001161 -0.0518154271706544 66902.3329972791 69152.6386551053 375.812709837974 -13.3363419100972
328680 51876.2975766809 18834.1932131948 31146.6795267462 1909.62822062898 0.996122872574102 -0.0530619495562824 68043.8570745019 71107.3533946442 -171.73536628987 -13.5300529942984
328720 51892.1012081005 18906.5988901871 31148.4282722043 1858.98984454415 0.999952341144363 -0.0516013425828394 66613.8743867519 68782.8487054966 605.369453107725 -13.3274948348588
328760 51891.8314051418 18995.2154328974 31025.3331980909 1890.29871660089 1.00463918724831 -0.0531896378713474 68641.8569151956 70850.5731544545 -217.27006253419 -13.621587004878
328800 51793.5030909174 18807.7351760465 31141.5797115576 1855.00433600538 0.994723531722675 -0.052867176057202 68323.4520745392 70314.8198153385 -44.2683079152432 -13.51215149937
328840 51690.3612781657 18749.4177351101 31102.4853536351 1847.81115193875 0.991639176787526 -0.051844174257932 66920.4911325964 69117.8276041604 424.283399173102 -13.3052516890187
328880 51943.4523942543 18928.15193198 31165.9724552857 1865.6375453372 1.0010922613767 -0.0496004260800029 65196.4059514781 66865.2369184245 -216.944380285373 -12.9595796516787
328920 52196.8024244758 19075.5222981622 31217.838497246 1918.45676282182 1.00888654228016 -0.050963671783692 67045.4133147298 68309.5934001285 -692.242091733028 -13.2123832598128
328960 51871.7086262031 18898.9140039006 31083.2957047291 1906.16906807779 0.999545894692615 -0.0516381565745708 67248.1584006655 69060.7858503328 -248.198188946457 -13.2911585609751
329000 51990.566191957 18912.1398495144 31189.753868858 1916.85895367265 1.00024539730342 -0.0513422423012018 66287.2327179685 69421.730272291 -253.873272831879 -13.2605022023487
329040 52137.119954588 19015.9215177808 31278.0740993422 1864.27344680722 1.00573431272145 -0.0513680385642071 67913.094844229 67815.2294151851 -213.18090394233 -13.2788181212674
329080 51983.6341444355 19007.3949933214 31138.2557885787 1867.83258824084 1.00528335281351 -0.0517395793232669 66913.7935449598 68808.8442577484 520.92073315227 -13.3715888091232
329120 51832.3407114248 18943.7549963263 31048.0802223541 1861.61564724812 1.00191749286401 -0.0519584099945737 66660.3390462285 69440.4124718479 583.919067900826 -13.3708706815637
329160 52063.4287684387 19035.9245035292 31158.8304614696 1887.70780668464 1.0067922519386 -0.0503678427808249 65826.5069328665 68081.4597196739 -504.880308132721 -13.1084189563294
329200 51957.9495537803 18889.6138002675 31239.1051145564 1845.50249242447 0.999054015616423 -0.0524849046841427 67098.9311150764 71205.4009326755 -505.103765425845 -13.4299326834115
329240 51818.9042240115 18789.9788981977 31204.563370902 1831.73558024722 0.993784418786075 -0.0524324179091955 67649.5699738782 69904.4910444714 127.627009742137 -13.3913794416113
329280 51940.8485545952 18970.8605657803 31093.7680640422 1885.68865984538 1.00335108109376 -0.0505921388559098 65786.4040897941 68545.2181945567 -417.752907514976 -13.1372203824257
329320 52077.2559150707 19021.759891595 31197.9462083424 1873.91680757808 1.00604309885469 -0.0512444293453332 66753.0284007211 68548.652500044 -70.3613645989619 -13.2576420162086
329360 51976.8647340175 18852.5620532388 31243.0306373525 1895.97319081976 0.997094383352577 -0.0520299844281195 68585.5596854968 68254.6925304333 -9.89333933605351 -13.3607071682132
329400 51875.8960037936 18890.7688090973 31099.6161163019 1898.53126072559 0.999115102953712 -0.0518700661184598 67384.7030786165 69198.0885095558 -68.3890155796718 -13.3049185392383
329440 51878.800232883 18812.3877123367 31184.663595352 1901.72961309006 0.994969600017809 -0.0517168349549385 67922.8979446796 67933.7673576592 368.674335845699 -13.3035699794944
329480 52010.7968630467 18992.1696469256 31108.5220239529 1931.10404656964 1.0044780984755 -0.0506922952407325 65758.0483522662 68701.9929617959 -382.271753989287 -13.1422972579271
329520 51823.3368865107 18912.4543367731 31013.7104019406 1914.75445434765 1.00026203024054 -0.0510094737070773 65764.9729314224 68571.3249523732 414.472318677015 -13.2048115121631
329560 51968.1411343755 18999.5287095355 31127.8567937516 1869.57901599754 1.00486731241759 -0.0508876949211722 66312.0576249327 68091.3572794636 105.242509277823 -13.1924195927535
329600 51982.6913671439 19015.4179324432 31104.1319382795 1886.77143415138 1.0057076785637 -0.0518427163803561 67798.3002043226 69304.3910309766 -606.066517836613 -13.3740125943454
329640 51973.9644665433 18985.3580537157 31096.0756818882 1910.07963604295 1.00411783967821 -0.0504466043722275 65469.9053615944 68618.2572232514 -463.412665011336 -13.1333986339113
329680 52004.616662402 18979.49746027 31120.3287302176 1920.68314332315 1.00380787836943 -0.0510702465289745 65662.0471993292 69919.4109816233 -680.111940289328 -13.2169917722853
329720 52053.7754105691 19015.6263609444 31137.2280641929 1923.23355761796 1.00571870215229 -0.0518330506836335 66418.5084369292 69769.3528048297 261.924167283671 -13.3361639886953
329760 51908.4422662463 18913.3066695403 31129.8136046219 1885.9025650923 1.00030710932383 -0.051441009351853 66931.4283059203 68911.1349757618 -174.643175696304 -13.2906959435953
329800 51834.1307418726 18882.6030202859 31092.7940293446 1888.6921758444 0.998683222016971 -0.0506320583255156 66629.0439448342 67967.4368701706 -630.833469911216 -13.1582277238298
329840 51819.0626348637 18832.3939902498 31115.4126063112 1892.80296409978 0.996027713354478 -0.0516626873452048 67736.0154644203 68450.2071176168 -66.5092300571733 -13.3097729336426
329880 51847.6835378916 18872.6638927653 31113.700909531 1877.9494916004 0.998157550853645 -0.0520438224856004 67102.8020055086 69635.3436473435 138.64273552024 -13.3883444168069
329920 51891.5107738489 18934.7111529759 31103.8856493809 1866.20142331166 1.00143917244352 -0.0514041979871056 67789.6830243935 68079.4192018171 -315.156856259907 -13.2803608609351
329960 51878.3296893197 18905.7369612118 31118.2549954465 1873.24203143953 0.999906754526605 -0.0519146479226543 67775.7279418781 68249.1522904665 596.660253738604 -13.3422615087743
330000 51868.1940119468 18893.5385566702 31102.2501999697 1889.13530927207 0.99926159231364 -0.0515366810754652 66994.9605818507 68826.8589433179 1.96229778902114 -13.2839702380929
