step etot ke peBond peAngle temp press stressX stressY stressZ AvBondForce boxX boxY
2001000 18008.6728213845 9485.41987133011 3896.05369175412 4627.19925830026 0.999148877793239 -0.0283993609525976 2445.83003826959 1147.67431472217 -935.552367298326 -1.51714817102072 51.0525421054091 50.9235522457521
2001000 18008.606323863 9485.41987133012 3895.98639343927 4627.20005909358 0.999148877793239 -0.0282008756716267 2442.01702112991 1136.00316238691 -938.668392932111 -1.51640821804447 51.0525421054091 50.9230975352567
2002500 18337.4636821834 9643.13793479903 4017.60333963394 4676.72240775044 1.01576214618413 -0.00339356195624441 712.220301934644 141.046502572476 -533.778174346862 -1.44176314473383 51.2673857563286 51.0100737777366
2002500 18337.4812460612 9643.13793479903 4017.62136145792 4676.72194980421 1.01576214618413 -0.00344822734953737 715.457325102173 142.089952141082 -532.911355154077 -1.44196787696629 51.2675105869365 51.0100737777366
2004000 17988.9566248665 9415.54956406292 3954.65254227309 4618.75451853052 0.991789072951274 -0.0343500059549327 2478.57364267599 375.315767826891 388.843812725356 -1.54471970425813 51.3649251634159 51.0522919288807
2004000 17989.019059544 9415.54956406292 3954.71619311515 4618.75330236596 0.991789072951274 -0.0345571421044113 2482.5445525141 387.574664833859 392.198744192327 -1.5454991281902 51.3649251634159 51.0527696535998
2005500 18287.9593665677 9489.0553120347 4162.85888980293 4636.04516473007 0.999531817773709 -0.0146093138104282 1537.84696714156 84.4828856019823 -229.696791620864 -1.48997144266846 51.7478569581232 51.1695989881757
2005500 18287.9895730463 9489.05531203472 4162.88984502309 4636.04441598847 0.999531817773711 -0.0146953538885416 1543.07098231937 86.1042433474499 -228.33497531942 -1.49029775105332 51.7480570834139 51.1695989881757
2007000 18030.5063339606 9338.83961123395 4075.82701228424 4615.83971044244 0.983708812475268 -0.0348881627625682 1558.75753035037 1988.78693158774 -178.808757645637 -1.53369554213228 51.9800933560375 51.5999503626067
2007000 18030.5284644998 9338.83961123395 4075.84956826765 4615.83928499816 0.983708812475268 -0.0349475940255154 1559.91641220392 1992.40654414898 -177.839446144376 -1.53392394726792 51.9800933560375 51.6000915680222
2008500 18202.4764606582 9453.90482585984 4098.28607398398 4650.28556081437 0.995829233250102 0.0143980734126433 1093.61747260121 -1381.4436268065 -1127.23243775247 -1.38108037461661 52.5706578030361 51.9306940563832
2008500 18202.6136883514 9453.90482585984 4098.42546645247 4650.28339603908 0.995829233250102 0.0139846987969522 1119.40303884136 -1373.30169790374 -1120.55895665831 -1.38269488915229 52.5716499270174 51.9306940563832
2010000 18389.9734895923 9644.00825256701 4113.78820986788 4632.17702715739 1.01585382130584 -0.0218219316351559 841.139438939106 1830.65212873153 -480.7147759229 -1.5486828967593 53.0045323401372 52.6197644987239
2010000 18390.0989611261 9644.008252567 4113.91647493127 4632.17423362782 1.01585382130584 -0.0221385445032481 847.839726195989 1850.6836208398 -475.62280945771 -1.54994793765406 53.0045323401372 52.6205590996334
2011500 18185.4848977338 9534.04895963983 4173.89278929244 4477.5431488015 1.00427123396427 -0.0542869272250975 2785.72720671032 2206.90741447993 608.392821583465 -1.67391336524609 54.0055409910268 53.06786536712
2011500 18185.6036431781 9534.04895963982 4174.0132020089 4477.54148152941 1.00427123396427 -0.054561798277241 2803.7912633375 2212.82765064897 612.841396808603 -1.67504183658879 54.0062430459381 53.06786536712
2013000 18265.0425828511 9555.33641664841 4188.32048158974 4521.38568461295 1.00651355313092 -0.0513642367753399 2571.31631544942 3331.67289338147 -467.233144200127 -1.71834295777489 54.4778750913949 53.9605614062502
2013000 18265.1584098684 9555.33641664842 4188.43780594825 4521.38418727172 1.00651355313092 -0.0516030473719042 2576.68649080909 3347.68202218519 -463.274966686491 -1.71934907380191 54.4778750913949 53.9612008996687
2014500 18232.196608048 9597.61815660271 4225.79262824913 4408.78582319614 1.01096730990706 -0.0529071247509009 2824.22004838309 2288.2173628217 659.385070714045 -1.68481239775524 55.6198116586293 54.4837247781953
2014500 18232.4199624215 9597.6181566027 4226.02041646267 4408.78138935615 1.01096730990706 -0.0533892501906267 2857.85129284556 2299.28215185222 667.426214970345 -1.68690545379066 55.6211527271261 54.4837247781953
2016000 18131.2088299904 9449.15750219846 4365.72557130605 4316.32575648591 0.995329172823349 -0.0703457254971991 2628.55979819661 5304.47603933982 13.66429920267 -1.83348899139495 56.2786497611443 55.7574549885242
2016000 18131.2820236476 9449.15750219848 4365.79937664133 4316.32514480781 0.99532917282335 -0.0704679451567352 2631.46668926494 5313.30977755374 15.7811437736719 -1.83403830325485 56.2786497611443 55.7578105563545
2017500 18068.8120538566 9452.5469529793 4311.63328453708 4304.63181634021 0.995686201398778 -0.0713921628287777 3868.53795150611 3377.60378145631 1089.54469659015 -1.84012396940919 57.6219821076675 56.2859675394981
2017500 18069.0886477856 9452.5469529793 4311.91292445641 4304.62877034984 0.995686201398778 -0.0719008500890643 3907.02625678294 3389.74802036188 1098.53157916532 -1.84249000243111 57.6235302166552 56.2859675394981
2019000 18088.1428925619 9467.75412963606 4339.72412550432 4280.66463742148 0.99728805283995 -0.0424233075807668 1776.70476169835 3816.60192664607 -449.738128822896 -1.74306672614391 58.2251517956408 57.842476263928
2019000 18088.4657266948 9467.75412963606 4340.05018171995 4280.6614153388 0.99728805283995 -0.0430035616278581 1791.28972653241 3862.04258127814 -439.245384661508 -1.74586593690312 58.2251517956408 57.8443187558193
2020500 18264.1171540274 9420.61647353389 4568.33230563672 4275.16837485682 0.992322797022583 -0.103051273167915 5829.74473521375 6962.21899299805 330.301015347945 -2.10327650607846 59.6399847422505 59.3082909324961
2022000 18342.7302463402 9465.97595970705 4734.17600300468 4142.57828362843 0.997100748902623 -0.0888302924818214 5624.99638464412 6288.55014795044 53.5889363651671 -2.0657128919357 61.4442282680369 60.9039584589715
2023500 18457.2145805777 9611.16274545482 4850.73870151781 3995.31313360506 1.01239403228049 -0.108653920563897 6649.7326884485 7910.94004058565 839.803799516642 -2.27209542131219 63.0847790025496 62.4110761022642
2025000 18369.175068841 9403.46428878557 4942.19884025803 4023.51193979739 0.990516067707965 -0.112881923007038 7454.49135891673 8921.54061883228 241.176034576546 -2.25491734312116 64.2678437619382 63.6264110865135
2026500 18422.5059673381 9479.69941905306 4845.47472713179 4097.33182115323 0.99854631264055 -0.108144412818342 9358.56949623517 7514.3573108932 -273.537799719147 -2.29495606339867 65.6814112106306 64.91469781343
2028000 18532.4657085174 9498.5382610122 5031.70908535485 4002.21836215037 1.00053070637933 -0.107504184674274 7898.61070331803 9061.84515183564 272.227029851278 -2.33512524003406 67.1338874492019 66.3259118719736
2029500 18389.0997985374 9451.55634551349 4988.78855157865 3948.75490144525 0.995581855534154 -0.104752235271181 8930.07012265168 8924.7700278208 -282.766372454886 -2.33484374195053 68.7294810342474 67.7975739752865
2031000 18652.1076731457 9613.10332122346 5108.31529916686 3930.68905275536 1.01259844327418 -0.106003864072697 9604.89912119173 9337.30129673433 -503.99801619225 -2.39423636991796 69.9910377507129 69.0322371500574
2032500 18671.1176345678 9482.35729630239 5258.70637616214 3930.05396210329 0.998826280750238 -0.103787878811554 8952.41027115617 10753.1399527308 -928.678001430294 -2.42463176844641 71.385425637312 70.3986872414528
2034000 18771.3943775916 9659.99880715999 5237.34097571657 3874.05459471501 1.01753819004161 -0.101795686663752 8249.01291818524 10389.4808403054 369.950808189278 -2.43784394214015 72.5724515425991 71.4731477917681
2035500 18866.4063850858 9644.15439813887 5353.5130312848 3868.73895566216 1.01586921558317 -0.100581329140986 9899.79305925383 9617.43556217059 -3.62145841294042 -2.48689989310897 73.9303801397478 72.8944976485265
2037000 18821.5178005892 9522.34355268163 5496.22489973019 3802.9493481774 1.00303824223749 -0.110486108035126 10650.9022618074 11102.0613906703 506.202831776804 -2.6023028643768 75.161947965749 74.456170318869
2038500 19243.9035876901 9756.32484529619 5648.26921692009 3839.30952547378 1.02768471536274 -0.0964895588749224 10051.7488229613 11120.7999173373 -1087.82528456454 -2.55590631255646 76.4588068793112 75.6232813835577
2040000 18953.84988347 9484.68972879915 5658.507840557 3810.65231411384 0.999071968062269 -0.109554756726566 12508.8283814485 11439.0281059534 -450.410184045345 -2.68932921168123 77.6150548330102 76.7610589899411
2041500 19283.3744728343 9604.70197715985 5878.82795066574 3799.84454500872 1.01171348577025 -0.12552406072452 15036.5825508401 12196.4870372012 483.794148648334 -2.88020258910017 78.7646667011847 77.8723294163986
2043000 19460.7101464821 9773.8208951638 5813.58222064466 3873.30703067366 1.02952766578857 -0.111252114758021 13314.948021621 11760.236635148 175.903377542489 -2.7800050905693 79.8420807236847 78.965515302663
2044500 19367.5360184307 9546.24392788566 6011.76298278143 3809.52910776361 1.00555579374158 -0.1219113959469 14944.0998832179 12599.5476586585 1004.29272707072 -2.92697621476485 81.0531975319739 80.2523617442269
2046000 19216.1148794973 9366.93594599235 6003.29580804399 3845.88312546091 0.986668346341428 -0.136841362655031 15617.1927322544 16048.512747984 1330.22258268052 -3.07210157910998 82.1884064410516 81.4947997937891
2047500 19484.2227835744 9468.50243762102 6253.33454613191 3762.38579982145 0.997366876033183 -0.121696829408047 14131.8566469278 15642.2860227057 433.001113184398 -2.98784706774044 83.4250718776391 82.6478021504754
2049000 19482.8927958968 9428.19046500011 6276.37085520909 3778.33147568759 0.993120605150904 -0.123877067194297 15461.4330710059 16144.8313605787 -34.7577002185354 -3.01122753438386 84.4987080983662 83.7822123555828
2050500 19428.5647648667 9411.90963634252 6307.83821988813 3708.81690863602 0.991405660329964 -0.113696617769067 15605.5820458621 14441.9508527197 -229.147381861861 -2.96556529185651 85.4848078184926 85.2207082826321
2052000 19668.7156985935 9530.51579291557 6378.32940038229 3759.87050529564 1.00389906703698 -0.12147457274671 15297.0305864001 17018.3500625748 460.061091577563 -3.11382679814655 86.6735820912291 86.4716860490395
2053500 19847.9650773163 9483.66998440996 6598.64040352427 3765.65468938208 0.998964553053138 -0.125915985461249 17134.7086093957 16728.7435615743 996.316284468972 -3.18773025081694 87.7538897534079 87.6344272535028
2055000 20009.0860182018 9682.1759135089 6602.07648123376 3724.83362345916 1.01987422062558 -0.113632646706814 17038.5898780199 16045.4548672161 -758.006504149408 -3.13370662638999 89.0087440161772 88.779804933648
2056500 20176.6541103531 9560.2644914601 6857.57160886127 3758.81801003178 1.00703265302155 -0.117909677215067 15871.6117971192 18426.7110162342 164.601659585466 -3.19784299042618 90.2051866896833 90.0054209400895
2058000 20228.5407609278 9487.84220497897 6993.38090928078 3747.31764666801 0.999404034863746 -0.119059940663542 18336.4416375497 16942.7790086112 392.528165933853 -3.26325599319981 91.4485967303156 91.0079209200109
2059500 20046.6869874945 9281.27492733904 7102.28280103939 3663.12925911603 0.977645223293731 -0.117440694202327 18917.7968295636 17552.7475741085 -377.508238144009 -3.2706955287385 92.6863289753301 92.1057248653792
2061000 20375.6996887493 9434.81551161604 7249.59596214535 3691.28821498792 0.993818455955763 -0.120912881897689 19298.3961423344 19369.6494696407 -585.069216412771 -3.36025732737675 93.8720646018907 93.2007571591316
2062500 20702.3788091615 9535.48155218453 7467.08102884637 3699.81622813059 1.00442213642856 -0.113767696658739 19488.8177679054 17403.2053626044 -223.358602994123 -3.34809132630283 95.000062442531 94.2431375578187
2064000 20878.4247765273 9635.57762556472 7551.0307181636 3691.81643279897 1.01496577927684 -0.111765929449824 17743.789403365 19561.9266849301 -511.603126002096 -3.34699132061468 95.9106657004124 95.3453455689537
2065500 21023.5206260175 9530.18190937913 7710.58313192806 3782.75558471034 1.00386389733809 -0.118183623756224 20103.4419575263 19129.5048684294 590.134381612883 -3.47952370414253 97.0687466333441 96.4263292589846
2067000 21180.9385832048 9449.67427431768 7991.65016752634 3739.61414136078 0.995383607133057 -0.118884964664263 20094.653437541 19788.1444416479 1098.14328348695 -3.52742201822846 98.0983943015384 97.6091645321897
2068500 21138.4325367103 9544.00319973233 7922.83859837019 3671.59073860778 1.0053197661276 -0.116031499680853 20437.8597789247 20983.4477277978 -539.403738979873 -3.53522262099508 99.2404450734673 98.6197737990165
2070000 21490.3632014279 9648.55941102521 8162.94552974367 3678.85826065904 1.01633321862592 -0.125694066461354 23465.3707823814 21990.6641591415 -247.364709904953 -3.71266134955921 100.26935408573 99.6405779695511
2071500 21423.4027918905 9443.83001233377 8301.7512219328 3677.82155762395 0.994768000456499 -0.116292036414587 22205.5791959503 21006.657190216 -557.838480990851 -3.61397709312307 101.252575496871 100.624853412934
2073000 21760.9340965196 9672.20116243119 8393.33222039894 3695.40071368951 1.01882352793292 -0.114280338009086 21556.7904762725 22046.4232929092 -914.749302659538 -3.62170299627853 102.248340249962 101.479951076744
2074500 22042.1045357903 9640.74782797367 8675.30385035372 3726.05285746287 1.01551038373347 -0.12509618953753 23814.5834141452 23955.6748800003 -40.2139538702577 -3.83477009659089 103.241756442863 102.657307960696
2076000 21890.9301975737 9486.1878655044 8681.29025753641 3723.45207453293 0.99922977463574 -0.122685166982113 23826.2386068037 23406.8521488668 455.886078329021 -3.81447136580008 104.234250794006 103.588846359328
2077500 22140.5462661334 9514.55474998865 8919.59048311359 3706.40103303113 1.00221780691933 -0.110926400574935 23884.4838979722 21175.9355933059 -1040.04200834995 -3.71268072551754 105.318164197537 104.667791453685
2079000 22317.6559069393 9527.83131234598 9074.87356233962 3714.95103225373 1.00361629666045 -0.111130882048296 22395.0397569302 23703.697917017 -1113.14848152713 -3.72111856501758 106.272864505778 105.806844861925
2080500 22458.450129135 9450.15691796326 9260.39199634326 3747.9012148285 0.995434446512167 -0.127099476008395 25991.656714692 26853.3360674501 -436.514506275902 -4.04321336203471 107.336259774995 106.710911869909
2082000 22761.368987527 9684.10393338162 9341.29355303055 3735.97150111487 1.02007730904109 -0.116182574833838 24190.9348546928 25304.262228888 -850.481170072759 -3.87977101302225 108.181978665948 107.507126283489
2083500 22745.4750138391 9442.5438509161 9621.19524430844 3681.73591861458 0.994632522348565 -0.122622262049424 25230.9175097238 27476.266693591 -390.374971774954 -4.05644943949508 109.364452795134 108.366049225126
2085000 22886.4463886224 9464.91459078639 9721.38108865563 3700.15070918035 0.996988949363922 -0.123537824996687 26149.7121539543 26902.9255302089 437.717410696963 -4.08466430080656 110.26076915761 109.081728619398
2086500 23128.4799741803 9361.2011503625 10077.486670965 3689.7921528528 0.986064270328383 -0.125254518624479 27239.1991970915 27283.4201872018 574.910827603427 -4.15924908159561 111.126569039231 109.95584558581
2088000 23154.1194928822 9448.40653019644 10044.3838141475 3661.32914853827 0.995250069015267 -0.129226954844581 27189.6297648785 29377.2384595857 1183.33228533818 -4.25255784540015 112.11069652787 110.726311840626
2089500 23311.7425778419 9390.41893559369 10215.0070135419 3706.31662870632 0.98914193243732 -0.11824591399445 27001.0006705191 27177.729725758 -528.634190765651 -4.12594061552519 113.042795113534 111.490785266674
2091000 23521.9860024158 9620.97017354945 10265.0099077474 3636.00592111893 1.01342709996834 -0.126788726312326 28386.2746037002 29955.8040238843 -11.9089751311081 -4.29242783916555 113.838698278584 112.258743969071
2092500 23571.3464147004 9474.54792454542 10414.7495514605 3682.04893869448 0.998003678785003 -0.12653271508337 30773.9573755437 28336.2784529982 -19.1230720499203 -4.32795479087718 114.777641287783 113.021103920685
2094000 23696.5282543479 9458.64719246079 10550.2373873413 3687.64367454583 0.996328771523758 -0.125493381684641 30053.6581386726 28459.3525475295 874.81758123269 -4.35459495410675 115.462303543275 113.850227587018
2095500 23831.2198036339 9487.68818849434 10747.6808020939 3595.85081304568 0.99938781150201 -0.116418936790758 27814.3579159492 28512.0896491202 -361.595013758275 -4.19558924704032 116.40491538097 114.714393919722
2097000 24346.3657493528 9605.97323178116 11031.3248614928 3709.06765607892 1.01184739366737 -0.120496609005214 27873.6685611343 31001.1947011995 -110.926544332512 -4.33560036427106 117.352303183879 115.436177895964
2098500 24550.1022279722 9615.35815368227 11210.5285289448 3724.2155453451 1.01283595656842 -0.119711151266174 29870.2310901498 31177.9779397187 -1740.90027918697 -4.38797460975143 118.465323172356 116.166222002567
2100000 24660.7844112292 9557.88915651752 11384.5469951315 3718.34825958019 1.00678244657055 -0.12357067127789 30795.812666799 31093.5170189083 247.805723332526 -4.4532820427895 119.357978474762 117.025866787138
2101500 24574.4542362564 9355.72114138782 11533.1266591452 3685.60643572332 0.985487032326099 -0.120149797410197 31436.0122461406 30772.4042167186 -806.456900447313 -4.4232752958746 120.3651997721 117.938539862206
2103000 24828.8047701526 9443.08222874385 11726.0371756677 3659.68536574099 0.994689232500537 -0.123501437231151 30461.4346583058 33053.1432217911 539.000154283327 -4.53305171972085 121.302810494902 118.767610452713
2104500 25112.5116178715 9307.20366893587 12107.7832057327 3697.52474320288 0.980376433237044 -0.129132955561242 35387.5977127414 32418.235893897 69.8202671799658 -4.70475606032834 122.164425675357 119.516998197782
2106000 25204.1059903318 9410.02837385616 12143.8428183948 3650.23479808078 0.991207497114464 -0.133051594502114 35113.0607123012 35376.4919014368 384.615405915344 -4.81662958018329 123.013500252308 120.285315962382
2107500 25523.8862365487 9490.90386083292 12307.1926505277 3725.78972518806 0.999726535085365 -0.123281989385208 33586.7689022082 33112.1072318866 -269.393558027701 -4.66871155442487 123.736423355211 120.965402984654
2109000 25685.1460534664 9458.90832216744 12494.8935044019 3731.3442268971 0.996356277681302 -0.12764446597531 35765.7617021129 34780.2693981036 -868.729176808511 -4.79039090794259 124.455487460812 121.835200887338
2110500 25874.3797592469 9529.05584416972 12634.5304116985 3710.79350337871 1.00374528300097 -0.125270668853524 34266.57400405 34486.4815757846 501.528279230779 -4.77919417327965 125.331792314639 122.528009015528
2112000 26113.989459561 9464.52703559597 12941.1282711775 3708.33415278755 0.996948126149046 -0.120365269092761 33613.8853355672 35853.4771451406 -2191.53505582512 -4.69175568622721 126.115035982761 123.108627026783
2113500 26425.5648034494 9697.9205980552 12984.7569047291 3742.88730066505 1.02153269058358 -0.119384019167859 34602.5887258935 34000.735094677 -1022.70312124548 -4.74923608001347 126.97236927468 123.840944700151
2115000 26482.9104351451 9685.6978512556 13173.1515678926 3624.06101599689 1.02024520474594 -0.1256171176039 35234.0332032621 36889.1098944434 -89.2701485346726 -4.89935267466196 127.872460183985 124.568553109691
2116500 26816.3092694806 9578.60802948723 13502.6045454918 3735.09669450163 1.00896487380705 -0.121907253302955 34827.3649630405 35513.6566189435 220.311651929542 -4.89312292257026 128.518298758878 125.103587270393
2118000 26799.8087024922 9492.09972446497 13590.8001268079 3716.90885121934 0.99985250165534 -0.132385905432346 39198.6761019463 38392.9601550014 -69.7227138573264 -5.0973321138426 129.210980936708 125.886978501449
2119500 27166.649902927 9640.18095847633 13813.9818896048 3712.48705484581 1.01545067240494 -0.127216834696791 37302.2675653479 37430.4968447559 522.713838779689 -5.04020757298379 129.953930609586 126.444986344891
2121000 25319.2686615525 9499.82743323953 11987.5008486685 3831.94037964452 1.00066650163159 -0.104446208995864 25692.762558307 34805.8612710278 -1558.43494890842 -4.30921660678862 123.738258077877 126.681250921776
2122500 23861.5494299731 9673.39058044614 10340.0803175726 3848.07853195434 1.01894881555234 -0.0934130531710533 19202.2423877856 31732.3374932479 -1190.78035806601 -3.84877372210116 116.766037737038 126.681250921776
2124000 22822.5629303328 9411.82035338481 9469.61177490868 3941.13080203927 0.991396255689136 -0.0840148891890738 13396.961109382 30042.7643382519 -673.699013702032 -3.51962730638567 111.61634505781 126.681250921776
2125500 22270.3147748569 9426.11554736118 8926.55295411692 3917.64627337881 0.992902043225489 -0.0814601204349758 11631.5630300404 29318.504346371 -965.709346175909 -3.37440756014361 107.629230627674 126.681250921776
2127000 21783.0073631665 9509.91044089906 8313.92856518374 3959.16835708372 1.00172859755612 -0.073409212568 8876.60631623387 26166.5760723296 -158.033490737662 -3.18609744931053 104.201788084029 126.681250921776
2128500 21384.3378418979 9361.32719806991 8008.2242611373 4014.78638269068 0.986077547592554 -0.0691578701445413 6921.09396201893 25958.7408883918 -912.45557639298 -3.03306084146148 101.356260706677 126.681250921776
2130000 21357.7818488902 9479.31266212993 7823.09236205971 4055.3768247006 0.998505573511343 -0.0692754534690947 7163.90361502884 24612.2857315925 -502.997266447534 -2.9937166071389 98.986960967997 126.681250921776
2130000 21357.5671141567 9479.31266212993 7822.87241154065 4055.38204048614 0.998505573511343 -0.0692071628408693 7144.47534144359 24604.4492535064 -507.056926033151 -2.99247686163308 98.9853900924395 126.681250921776
2131500 20153.1429356736 9586.11983211451 6476.16683007139 4090.85627348767 1.00975613125976 -0.0466816008722852 7542.74676969757 13812.59902345 -1554.7777509877 -2.46424209413991 98.9853900924395 119.030513943707
2133000 19487.1530615853 9500.19089777655 5785.41982092324 4201.5423428855 1.00070478725197 -0.0324116871125277 5350.96334951103 9535.16615366353 -1682.27207240709 -2.10952259022402 98.9853900924395 114.320887911425
2134500 19164.0250474569 9547.42087416644 5416.02742588684 4200.57674740366 1.00567976764802 -0.0295503215807265 5473.0636921955 7658.07893734644 -1480.31448345099 -2.047061290669 98.9853900924395 110.642246493699
2136000 18844.8695842634 9489.92971587344 5144.73715478114 4210.20271360877 0.999623923302622 -0.0257100143907395 5141.67354148659 6265.92268950542 -1529.91788407574 -1.9723893999869 98.9853900924395 107.814943691555
2137500 18813.0251632196 9454.06886616888 5137.7676149725 4221.18868207827 0.99584651247368 -0.0316129749394472 5468.39876062473 6234.75099528956 154.894742271079 -2.03176750787969 98.9853900924395 105.26260388654
2139000 18825.6316344946 9526.33622661489 5004.20245663497 4295.09295124474 1.00345881146204 -0.0201105555854316 5362.63523615105 2593.34159657341 -566.678498759916 -1.83677368457927 98.9853900924395 103.111126714195
2140500 18517.8996859366 9415.03172724008 4747.57209760762 4355.29586108895 0.991734526490766 -0.0132271667147548 2609.82521460298 3863.63824425516 -1691.76402244118 -1.69137937856253 98.4681271368879 101.980530837193
2142000 18707.1485085657 9521.49307784366 4831.59712449819 4354.0583062238 1.00294865727536 -0.0216213003678541 4254.25914329147 5994.53849703592 -2541.82258775839 -1.84906942547282 97.091760071866 101.980530837193
2143500 18619.7772700487 9585.28054900701 4695.57406356491 4338.92265747676 1.00966772518112 -0.013409720357912 1966.75711206354 4811.94703935528 -2068.37945465094 -1.72111244396594 95.6778384175187 101.980530837193
2145000 18512.3999633496 9521.88660718522 4728.68497999852 4261.82837616589 1.00299010977882 -0.0222645873518586 3852.47888611441 5322.17926660821 -1453.16724001031 -1.8300188996612 94.4640899993421 101.980530837193
2146500 18472.617168339 9556.57537932465 4607.81361268225 4308.22817633206 1.0066440595486 -0.0291817791408992 2438.98974867029 7207.65605216 350.461035551053 -1.92702813708135 93.3131387804294 101.980530837193
2148000 18481.7411858174 9460.67564592942 4646.57744998587 4374.48808990207 0.996542439135137 -0.0165189963111739 2015.38411609318 4432.89273834768 -846.421879911642 -1.75403213808238 92.369466662844 101.980530837193
2149500 18489.8250262063 9636.24929416766 4546.20479018855 4307.37094185007 1.01503652964319 -0.00881667871802347 976.081087863386 3218.31820865944 -1227.54187063198 -1.63629720935648 91.6583198741138 101.980530837193
2151000 18454.4764014891 9603.49667656224 4520.26921465884 4330.71051026798 1.01158652515534 -0.00978948559684581 1048.5307006112 3718.88026831703 -1515.5915359404 -1.63171831782642 91.4218800420519 100.928519214524
2152500 18333.8073683594 9517.34995375849 4426.816330373 4389.64108422791 1.00251224034955 -0.027197204984181 5137.65925999281 3479.78518904533 276.540068173629 -1.82631879046429 91.4218800420519 99.3617989221049
2154000 18211.8194925761 9493.8493626109 4425.5154902747 4292.45463969056 1.00003680019075 -0.0104879424012186 1810.71316172551 2343.91450511121 -764.469174299363 -1.61272608060986 91.4218800420519 98.2148278715436
2155500 18303.5702434895 9488.58189643401 4404.07789290514 4410.91045415039 0.999481950432823 -0.0126330517021318 2041.39996206783 1836.8996857281 156.905896992774 -1.64441595520381 91.4218800420519 97.0520558067992
2157000 17876.8487753044 9328.2224513904 4254.64839781408 4293.97792609991 0.982590451507916 -0.00391690231997622 1474.45452028759 0.101240162767112 -238.461943630033 -1.50643021854949 91.4218800420519 95.8861859148746
2158500 18179.0922143107 9392.92657558603 4298.74504909195 4487.42058963267 0.989406075271083 -0.0136442373901 3426.40195367114 2461.88465574538 -1614.39819474522 -1.61820633680026 91.4218800420519 95.1746445228276
2160000 18061.6964216466 9384.25213113201 4299.4841080024 4377.9601825122 0.988492350674884 -0.00615894367002566 622.478679929107 1644.06547836486 -350.950161771038 -1.56587813989196 91.4218800420519 94.5027804401993
2160000 18061.6552203386 9384.25213113201 4299.44164526812 4377.96144393842 0.988492350674884 -0.00612129536786692 619.983393785003 1636.48647338281 -352.595549900106 -1.56541211285816 91.4218800420519 94.502280901939
2161500 18080.4260793339 9397.36212518004 4328.34447472281 4354.71947943106 0.989873294904939 -0.00517362609694579 1047.52885461068 2193.7535256223 -1645.38505447011 -1.53370253163182 90.6703133970948 94.502280901939
2163000 18347.3950747367 9630.49811745411 4309.32942802499 4407.56752925761 1.01443072812494 -0.0191152860309589 1981.71967849547 4458.2121037044 -589.11609958488 -1.69835046278857 89.9685713834789 94.502280901939
2164500 18154.3878747946 9474.50086796039 4313.84869444208 4366.03831239211 0.997998722068825 -0.00611742866549017 1681.86892792496 1597.3841133847 -1418.83009439212 -1.55757330717349 89.3918617293174 94.502280901939
2166000 18096.2781529685 9498.16846881115 4207.41841060476 4390.69127355259 1.00049175423302 -0.0123635713411841 1578.40678755976 2978.00888203352 -828.327471684819 -1.62850651964284 88.6334078045317 94.502280901939
2167500 18196.0435698775 9467.04624495177 4354.29574410036 4374.70158082535 0.997213487644364 -0.0022324272092668 -67.5751707899296 1341.68002459689 -604.780235878315 -1.5065348945976 88.1281594689463 94.502280901939
2169000 18139.5260066945 9485.00309899764 4173.00899338014 4481.51391431671 0.999104976984004 -0.00119258421783201 598.503989308691 1347.37551821025 -1590.1310594395 -1.46759584056302 87.681741074869 94.502280901939
2170500 18192.6814648591 9499.9038331633 4276.12175966373 4416.65587203206 1.00067454923509 0.00596460531514869 -1364.46696268667 1556.84540380881 -1960.18358133137 -1.39755923614578 87.3572876688024 94.243420275345
2172000 18257.6400998075 9557.41043071307 4283.22481922966 4417.00484986477 1.00673201987813 -0.0169498912646149 1942.56455864129 2889.70594504939 142.859877711262 -1.66095829484381 87.3572876688024 93.3331466747746
2173500 18053.7203313575 9427.61792977817 4207.71847762843 4418.38392395093 0.993060297021981 -0.0187546745794263 2746.81537756414 2384.13307237485 337.249109917992 -1.68245876779722 87.3572876688024 92.7113749245783
2175000 18035.0091147843 9340.10763755562 4236.20371509129 4458.69776213735 0.983842380318705 -0.0146062500555679 3156.91159395651 652.057311067257 425.490850620233 -1.60812838895337 87.3572876688024 92.1844430680121
2176500 18086.2590676252 9434.12212987816 4195.39724873582 4456.7396890112 0.993745418431364 -0.0165374937153279 2599.34267504864 2905.70122495648 -740.426319496873 -1.64754352425531 87.3572876688024 91.612917665262
2178000 18015.9407375324 9443.4247373979 4167.67675665705 4404.83924347744 0.994725310728172 -0.00675339123323498 1435.8661024979 1205.4041940924 -706.046727794416 -1.50089766752843 87.3572876688024 91.1187163281336
2179500 18145.6441516701 9537.51184740106 4164.22187962516 4443.9104246439 1.00463599804088 -0.00186760562624091 1882.17975197612 12.8819285422934 -1362.71888415753 -1.50201844578872 87.3572876688024 90.6368003986581
2181000 18274.1218889653 9624.08134904604 4158.42154403547 4491.61899588378 1.01375481635288 -0.00137784270720948 1069.05519996514 -435.871148376232 -243.522120260257 -1.49316307412978 86.891553516354 90.4082939844834
2182500 18031.0794090907 9572.7791975006 4060.11960752374 4398.18060406632 1.00835089245279 -0.00014736595520577 7.48864420164531 1578.92793963088 -1544.97791340858 -1.4508979453485 86.3968431434863 90.4082939844834
2184000 18130.0866430155 9458.51806565638 4241.13203778258 4430.43653957652 0.996315169922197 -0.0138857035818841 771.465493915067 2632.17591622594 482.978781813393 -1.60803312801791 85.9990071873226 90.4082939844834
2185500 18109.5924780312 9487.11094381446 4154.48666447528 4467.99486974145 0.999327007301255 -0.00289809242612474 370.797728180298 1255.50033540797 -818.610180174236 -1.48948806934158 85.6289386407972 90.4082939844834
2187000 18136.5137911686 9543.20870163612 4193.13208477764 4400.17300475486 1.0052360774884 -0.00796147945007321 1968.20745564053 1158.2614393572 -921.657989606411 -1.54774007531762 85.087702066848 90.4082939844834
2188500 18103.0852677801 9530.04048922675 4153.94099627603 4419.10378227736 1.0038490008139 -0.0122061130860628 1221.30797510784 1813.85874559589 327.997013681875 -1.59932722956961 84.6564099259007 90.4082939844834
2190000 18015.9426342062 9457.28953418886 4075.12755212753 4483.52554788976 0.996185762278281 0.0128670887654022 -17.0332696310556 -1698.70673348549 -1815.28580266361 -1.30990836783513 84.3159659167532 90.4082939844834
2190000 18015.9430224294 9457.28953418886 4075.12795290831 4483.52553533219 0.996185762278281 0.0128666076229838 -16.9499567186041 -1698.67848646392 -1815.26554518569 -1.30991361466433 84.3159711501928 90.4082939844834
2191500 18060.3619701503 9564.78184056469 4055.12402244294 4440.45610714265 1.00750848902562 -0.00114183096678567 581.200853293413 930.261574147867 -1199.82748761925 -1.46874115216524 84.3159711501928 89.9149649876339
2193000 17904.0839351066 9344.95423715071 4066.52367555964 4492.60602239624 0.984352897998705 -0.00600199235335548 772.15624425622 1670.69673452528 -811.547578443963 -1.48873712096213 84.3159711501928 89.5421439646462
2194500 17770.3297128916 9382.50056380682 3991.45522300145 4396.37392608328 0.988307848928933 -0.0147170044648498 2111.90595093267 1462.34119972758 405.248181018797 -1.56306694523612 84.3159711501928 89.0832864492163
2196000 17850.583886142 9428.3927323948 3995.71600794149 4426.47514580573 0.993141911033317 0.00247046208287663 -4.59175071532724 -282.507533259447 -378.287095196451 -1.39432545737051 84.3159711501928 88.7326325261093
2197500 17954.8667636427 9437.04623976106 4034.60923049761 4483.211293384 0.994053430216575 -0.000990214355895028 557.369360098674 427.198668233674 -719.030618462732 -1.45468623300093 84.3159711501928 88.3454422285738
2199000 18022.2243775792 9340.73958296661 4155.76780433453 4525.71699027809 0.983908946433519 -0.00874008392987907 1023.01964354143 2311.31245633268 -1002.11342071256 -1.52704289061787 84.3159711501928 87.9106151264629
2200500 18231.6453864116 9566.81652468867 4114.37231242052 4550.45654930241 1.00772281294451 -0.00781799421249726 501.213624944264 1813.59842465633 -238.287323664879 -1.54333535095798 84.2506393249187 87.5721588702276
2202000 17971.1275624114 9389.1966286321 4049.54815391502 4532.38277986423 0.989013180453163 -0.0119562047371823 2196.49234843761 1440.0677640966 -466.8392087748 -1.53287610258597 84.0928601086617 87.5721588702276
2203500 17916.8429392065 9373.56465025417 4089.54137336706 4453.73691558531 0.987366582425256 -0.00902746671739118 1204.30781311404 1581.61565129339 -399.707359890098 -1.51528891392207 83.8446429130921 87.5721588702276
2205000 18077.6305628567 9565.53950399313 4007.39954814275 4504.69151072078 1.00758829767663 -0.00616134110165169 2274.66384700867 336.291593840471 -987.251846222306 -1.49986281921939 83.5916585914681 87.5721588702276
2206500 17974.5496002788 9449.01565661188 4018.78479928986 4506.74914437709 0.995314231485951 -0.000474700698446027 -391.230521009757 1190.27197395057 -674.298085980253 -1.42258076514896 83.3544968257757 87.5721588702276
2208000 18036.3654893066 9481.76633451325 4038.9941832317 4515.60497156163 0.998764031654632 0.0123012124373973 -221.643549247108 126.900267892256 -3130.48077602743 -1.33696823598509 83.1655405975797 87.5721588702276
2209500 17944.6919065385 9412.53106424872 3986.44113349347 4545.71970879627 0.991471118581 0.00277375275453312 -96.9850876392742 1175.9275352839 -1804.63143834558 -1.38860943890468 82.987796051012 87.5721588702276
2211000 18202.9767700653 9549.72487751699 4182.70608228514 4470.54581026313 1.00592246036941 -0.00742651369559329 723.014215881821 1714.65542052581 -503.837821655458 -1.51311692138764 82.9107035528828 87.240995638288
2212500 18168.4445836833 9480.39285148322 4143.76342988114 4544.28830231895 0.998619355504632 0.00516395056855286 210.815404239588 -206.897452389206 -1341.19135030499 -1.40580845013114 82.9107035528828 86.7610956826802
2214000 17894.5424529354 9366.44922067692 4060.34705950747 4467.746172751 0.986617077018688 -0.00241426430558529 -135.687533239078 1135.4539264415 -376.118917187543 -1.43841960922681 82.9107035528828 86.5448549449476
2215500 18184.9862144348 9568.88575077931 4166.56443072388 4449.53603293159 1.00794077534938 0.0010469570742739 1212.70901568114 -641.086291123561 -841.104857608414 -1.42344342919055 82.9107035528828 86.2358799617552
2217000 17983.3883336748 9458.13312187566 4015.4270208412 4509.82819095798 0.996274621780762 -0.00387442360679536 811.487586955471 1175.46015608652 -992.633040974285 -1.46156181355846 82.9107035528828 85.981230790348
2218500 17937.1510270765 9382.26420473177 4077.1111156722 4477.77570667256 0.988282951991549 -0.000198043210954029 741.980636766695 161.681448100458 -853.161067166349 -1.45067263614556 82.9107035528828 85.4332779310931
2220000 18128.8336516232 9616.89884156727 4057.78857965221 4454.14623040376 1.01299824528017 0.014238636258437 209.677173759376 -1765.52779345035 -2079.07165140612 -1.3306908693988 82.9107035528828 85.5290467171334
2220000 18128.8661570813 9616.89884156725 4057.82289661915 4454.1444188949 1.01299824528017 0.0141794968688912 212.828784070237 -1755.92981726606 -2076.74882306491 -1.33129156859109 82.9107035528828 85.5296382221796
2221500 17810.7033917432 9329.01465959828 4040.62078536239 4441.06794678255 0.9826738989412 -0.00410839951600013 1200.36566145699 454.958734819947 -609.979679832535 -1.47669564558677 82.6357024733192 85.5296382221796
2223000 18013.8389237807 9374.10315797901 4150.79738251376 4488.93838328793 0.987423306259969 -0.0143639820985561 1994.03368006937 1759.89200879901 -108.953843513517 -1.58323850285397 82.4138470002305 85.5296382221796
2224500 18211.315375757 9547.60460574039 4163.628702163 4500.08206785357 1.0056991210555 0.000463665800401792 662.625379382023 32.9687948481906 -812.813723699669 -1.44626663876476 82.1061802214121 85.5296382221796
2226000 17976.4352888545 9549.21066896192 3966.94993706163 4460.27468283097 1.00586829609332 0.00662738335677717 -150.079531621766 1074.48345536404 -2596.43460325348 -1.35726569948403 81.9375574035138 85.5296382221796
2227500 18284.0641879384 9703.28697885573 4094.08677797729 4486.69043110536 1.02209795953607 0.00546922731378043 -506.022131018601 477.398587347931 -1348.80981331726 -1.41458491947897 81.7947606973756 85.5296382221796
2229000 17998.9246431024 9563.41660094288 3989.48855834049 4446.01948381906 1.00736468119691 0.00253453394495624 -435.912954094678 344.797935402042 -546.387501476332 -1.41741549755038 81.6892028448839 85.5296382221796
2230500 17800.6792728242 9527.71703304976 3881.00781416847 4391.95442560593 1.00360425902457 0.0142516682903203 -678.099547815884 -926.492116988777 -1970.50525377977 -1.26596260888143 81.5389363194467 85.4583634467539
2232000 18229.488664665 9689.55390288969 4015.6898592123 4524.24490256302 1.02065138282927 -0.00749462561442345 283.77266833489 679.142590218426 909.780292042574 -1.51809009155842 81.5389363194467 85.1235433149497
2233500 18096.5438052204 9546.32473214226 4015.39759043346 4534.82148264471 1.00556430527648 -0.0104844154765171 1240.28982413344 1273.54299591227 106.60045628332 -1.5534257606862 81.5389363194467 85.1454294814432
2235000 17848.7701325172 9451.41663205746 3959.06326628826 4438.29023417145 0.995567138785218 0.00388436868259298 658.519919767649 -356.083445705713 -1271.85401065358 -1.37702449843221 81.5389363194467 85.0203493672954
2236500 17876.3940873219 9370.66311850052 3998.80652411797 4506.92444470337 0.987060948912469 -0.00267004367226741 -1449.14420372575 1475.61815087093 638.636861615868 -1.47634956730273 81.5389363194467 84.860990822332
2238000 18031.404588352 9567.37212113817 3915.63993302258 4548.39253419128 1.00778133682395 0.0233044337763504 -1776.19758821742 -1501.24071268109 -2515.10842695787 -1.1876613455861 81.5389363194467 84.6766070910454
2239500 18056.9155834899 9441.01019741955 4071.00540429297 4544.89998177741 0.994470974605735 -0.00630531369562422 792.834508875729 996.033617957067 -227.031318026795 -1.50418740498094 81.5389363194467 84.3842536113045
2241000 18194.7756669854 9673.20892448173 4074.47986076787 4447.08688173584 1.01892968077966 -0.00786701539880554 1259.55424219982 1792.9080102499 -1111.19092298167 -1.52735256089799 81.2603817071993 84.3519023489037
2242500 18123.2159593656 9480.84093480888 4048.24548287912 4594.1295416776 0.998666554464515 0.00298984192369012 168.939556149792 506.779116743297 -1410.54877089337 -1.41074852143372 80.9359235542985 84.3519023489037
2244000 18133.3081314119 9495.99749497646 4084.55623702897 4552.75439940651 1.00026307420619 -0.00219881564716128 350.786236203322 1873.89415379699 -1685.89851052197 -1.44692373660922 80.691312546038 84.3519023489037
2245500 18069.8509587947 9532.00552729693 4013.76712750582 4524.07830399193 1.00405598854974 0.00974036788557287 -291.891096417655 -164.036194981254 -1924.62250067608 -1.35313903335636 80.4830687548563 84.3519023489037
2247000 18155.9636126531 9481.53344179284 4038.79015190806 4635.64001895216 0.99873949984651 0.0106102559357719 -804.791255388009 -10.4808880970347 -1781.04503161842 -1.32664429235473 80.5813435436993 84.3519023489037
2248500 18028.0223270628 9365.03500885592 4145.72826106928 4517.25905713763 0.986468110692149 -0.00542563483603992 819.814557747947 1266.02012866732 -758.626086596668 -1.49556597188428 80.5547666552961 84.3519023489037
2250000 17910.4564162886 9380.00609750739 4038.59243129915 4491.85788748202 0.988045093749132 0.0060683105932952 602.954939799202 -1098.07441575732 -983.579333785481 -1.36869685334017 80.2443641248037 84.3519023489037
2250000 17910.4394296722 9380.0060975074 4038.57520573996 4491.85812642488 0.988045093749133 0.00608990181263134 599.63809772464 -1099.16728650848 -984.427200863908 -1.36848762100713 80.2441655662733 84.3519023489037
2251500 18165.8163398298 9540.74054068791 4036.58381930679 4588.49197983515 1.0049760931888 0.00823064785472224 -545.053847652694 829.228184278885 -2282.23269244513 -1.36420699098906 80.2441655662733 84.0346085057003
2253000 18078.8852751167 9469.9801894171 4049.18019651525 4559.72488918433 0.997522535357571 0.00291863693253189 611.302335992351 101.271039249326 -1419.09866634659 -1.42767844061878 80.2441655662733 83.7976178307557
2254500 18183.9904196552 9617.81361449945 3989.91687559124 4576.25992956452 1.0130946030968 -0.00217702059369029 568.859917290271 -93.9566986019558 50.1865434776024 -1.43890307526759 80.2441655662733 83.4939576730554
2256000 18005.0539978591 9488.46999973515 4029.17371768084 4487.41028044314 0.999470163768384 0.0213557119098396 -1588.73019698936 -775.706541562344 -2777.39205219744 -1.2128128170352 80.2441655662733 83.3465431776864
2257500 18119.0851468912 9475.76285920862 4066.61389497089 4576.70839271172 0.998131654206417 0.00680326159255749 -588.5487966078 297.363530625596 -1344.77665667511 -1.35215850525665 80.2441655662733 83.2415301264954
2259000 18320.0011841608 9570.51350319643 4139.0866192022 4610.40106176217 1.00811223502359 -0.00500430046571714 2676.47032805635 -475.036395075001 -998.732471766687 -1.52110155900452 80.2441655662733 83.1952430850967
2260500 18090.5120610701 9502.81003853314 4051.05064944776 4536.65137308916 1.00098067504431 -0.00258874029797151 62.346398931477 773.617629008356 -214.221220480963 -1.47064448426203 80.193620528484 83.1916932245109
2262000 18039.3111730021 9462.77783489615 4025.73261953111 4550.80071857483 0.99676387369212 -0.00760530826366364 1166.91076409016 1324.05527791152 -668.656279565933 -1.50677002523019 80.0060658710352 83.1916932245109
2263500 18040.3543560038 9496.12438534056 3976.12998435692 4568.09998630634 1.0002764402318 -0.0060878996933552 725.293195523389 962.158913055313 -231.980538603609 -1.47751526377345 79.8277289445632 83.1916932245109
2265000 18187.6885549445 9589.6897193091 4059.8672521565 4538.13158347894 1.01013216614622 0.000557574104692432 1502.07958181317 174.317917197521 -1809.51756077486 -1.43200536221385 79.718377371956 83.1916932245109
2266500 17913.4208321538 9454.74014408271 3948.12003159946 4510.56065647163 0.995917221686702 -0.0162404922030371 274.391444641394 3440.0270486734 151.018273723611 -1.55975209225894 79.4725084925479 83.1916932245109
2268000 18037.2650488343 9476.31838691818 4049.97626454333 4510.97039737282 0.998190170845123 0.00410879936094279 -1522.47667944109 847.474155944675 -299.675353312027 -1.38631010644668 79.2070264623366 83.1916932245109
2269500 17959.0393688536 9465.53162513024 3979.83398852688 4513.67375519646 0.997053944818059 0.00142255903480706 -302.711715457787 269.697962499665 -303.889860956784 -1.40494592621625 79.0774956435496 83.1916932245109
2271000 17981.7608182824 9473.09877921767 3932.42813856066 4576.23390050408 0.997851032729517 -0.00249784418906326 961.574626173471 982.489606966758 -1352.90521874135 -1.44044860787896 79.1282811398855 83.0815785133486
2272500 17968.2197862119 9426.89632425458 4080.19307217162 4461.13038978565 0.99298428653864 0.0060364279813829 1735.40694774818 -550.661893320123 -2610.20974865825 -1.3426231993778 79.1282811398855 82.8976480394462
2274000 18245.413916755 9630.50604978318 3986.847481145 4628.06038582681 1.01443156367864 0.0172806382415951 -2169.5393207915 599.260619043917 -2498.50281116049 -1.25168817363401 79.1282811398855 82.6552337220038
2275500 18304.5031379491 9509.79344069927 4150.36144723059 4644.34825001928 1.00171627331324 -0.00331591021217327 1355.38617447912 -184.957180246954 -389.802397508921 -1.44418357262959 79.1282811398855 82.643052354028
2277000 18273.2264792827 9572.57125934936 4091.10189217473 4609.55332775862 1.00832898923994 0.0171890478245529 -2168.21054272774 -429.852898368048 -1446.38645934227 -1.27697207685816 79.1282811398855 82.5987371605711
2278500 18018.2722928546 9396.09177720949 3992.48632260157 4629.69419304355 0.989739482510085 0.00574617277269835 -484.090146376807 563.458323282202 -1429.4658583383 -1.35598593628795 79.1282811398855 82.4806887433634
2280000 17989.6147465846 9291.34316085665 4099.940747762 4598.33083796594 0.978705762980634 0.0248980922232318 -1457.21397725906 -1299.26207402376 -3091.93651723981 -1.17188003685167 79.1282811398855 82.458930536993
2280000 17989.6417733008 9291.34316085665 4099.96920452476 4598.32940791937 0.978705762980634 0.0248486083284703 -1454.7363255635 -1292.0325487466 -3090.05250872571 -1.17234246243328 79.1282811398855 82.45938663705
2281500 17993.5955329727 9449.73286361173 4019.86676867486 4523.99590068608 0.995389778649785 -0.00808895670417514 1189.66969100364 620.633558662097 91.6400139041306 -1.48633010471402 79.2067959648308 82.45938663705
2283000 18307.3001874155 9621.52493784323 4078.94642771604 4606.82882185626 1.01348553619247 0.00727423119874052 383.923952126254 -979.09661691163 -1108.54882058198 -1.39780619846322 78.8985277305563 82.45938663705
2284500 18100.8531236498 9505.50576376932 4037.5051127552 4557.84224712532 1.00126462988037 -0.00222185230633993 539.993910201429 354.981580158453 -376.127243076531 -1.4458151959413 78.6651846775508 82.45938663705
2286000 18179.3569171357 9553.50150550029 4109.65497026309 4516.20044137234 1.00632027234427 -0.00246342810638921 148.496658856812 750.103874740607 -323.502567905314 -1.46020471462528 78.642867116822 82.45938663705
2287500 18027.9031232872 9465.42323305169 3957.04716964289 4605.43272059262 0.997042527313603 -0.00726498085990971 595.976136861555 1685.88889297959 -587.956257961886 -1.48677569489279 78.5439867968004 82.45938663705
2289000 17946.8806649698 9437.78035523194 3988.64362600194 4520.45668373589 0.994130758438083 0.00976354472173339 -173.039252179746 331.445290311092 -2433.75038330985 -1.35968965552976 78.5049444039884 82.45938663705
2290500 17912.4160116121 9311.72396182408 4057.8285379307 4542.86351185729 0.980852579325231 -0.000367931067486067 -1075.15691641208 1131.78905931545 28.9159439260952 -1.39984836520054 78.430200014448 82.3489408481304
2292000 18097.3333975018 9656.52326653238 3896.74641701084 4544.06371395859 1.01717209317242 0.00160412020626689 -52.6032607882861 947.698193451105 -1266.90103798098 -1.39650031272882 78.430200014448 82.0906669546564
2293500 17911.8901972864 9528.72493078999 3881.33223753611 4501.83302896028 1.00371042616422 0.00653784991684745 -7.61327495184924 -292.291790065466 -1211.35303569721 -1.34801375586967 78.430200014448 81.8686957682584
2295000 18069.9328158477 9441.05621329905 4065.44985575625 4563.42674679244 0.994475821698957 -0.00666548681438342 2142.96460734233 -380.690879442095 -221.52912223418 -1.49883135913015 78.430200014448 81.867769648724
2296500 18045.9317832599 9534.2194203798 3980.75778039384 4530.9545824863 1.00428918948542 0.00428389729353197 235.779759287841 -548.553231309927 -671.48874762782 -1.36040507300215 78.430200014448 81.3740519556241
2298000 18088.9523670202 9567.61816626096 4037.58746336399 4483.74673739521 1.00780725404339 0.0142356918107349 -669.168452631661 -410.026811249237 -2184.95667271664 -1.30937633424997 78.430200014448 81.2093370170077
2299500 18059.3539479106 9497.96000478507 4012.72163060075 4548.67231252475 1.00046979562702 -0.00807799293387335 1828.59119279429 586.55518242965 -568.295386908231 -1.52413380648475 78.430200014448 80.9734351630725
2301000 18171.686737411 9471.46233030417 4069.70629649172 4630.51811061507 0.997678657007866 -0.00415762171885327 1772.27103590434 548.156129319902 -1372.71598748289 -1.44847261832011 78.2604994551947 80.9069657992738
2302500 18109.4658161652 9546.14632406755 4062.20276398413 4501.11672811356 1.00554551262101 0.00354729712150332 -599.186410797104 1179.49163315795 -1385.94861892258 -1.40074303326919 77.9752669210814 80.9069657992738
2304000 18234.7047291276 9688.98210539015 3991.68684152911 4554.03578220837 1.02059115240851 0.00417625004043592 777.794446257632 -421.360952209572 -1302.10390320447 -1.399588772099 77.7436437745654 80.9069657992738
2305500 18264.7350942367 9506.77460883614 4129.16203744059 4628.79844795995 1.00139828396652 0.00688959791798426 164.462936886589 154.858230104702 -1874.75433913688 -1.39543384145237 77.5120217334834 80.9069657992738
2307000 17955.7315827419 9466.08972800235 3946.90639307803 4542.73546166153 0.997112732712103 -0.00233763684708247 493.272601950559 434.628556367718 -401.044506291225 -1.42158856794899 77.3796940711573 80.9069657992738
2308500 18093.1369045277 9430.56865881555 4107.57688250379 4554.9913632084 0.993371112741934 -0.00179754638108337 234.749751641422 703.66978723128 -533.973327180562 -1.45333957287335 77.2488907006315 80.9069657992738
2310000 17905.9249549753 9319.04954559978 3956.96829837538 4629.90711100016 0.981624221372495 0.00166882341592829 518.601174861865 967.553138336256 -1861.10829765576 -1.40954248521955 77.139918010334 80.9069657992738
2310000 17905.9095044062 9319.04954559978 3956.95248481399 4629.90747399243 0.981624221372494 0.00169033965060395 515.589496010857 966.523726675713 -1861.90063345576 -1.40935015504322 77.1397399586508 80.9069657992738
2311500 18082.7871231654 9454.07652109641 3965.23077959914 4663.47982246982 0.995847318807227 0.00994058878669389 -673.876594872759 -23.8987121056558 -1529.86832194004 -1.33634462580898 77.1397399586508 80.6961723008389
2313000 17929.8514385514 9366.67716015505 3979.33836427295 4583.83591412339 0.9866410870759 0.00611963433392065 -713.093616133354 187.398798058285 -844.277498677515 -1.34785044124963 77.1397399586508 80.6131046713615
2314500 18390.2497956141 9696.63721404488 4066.63887467037 4626.97370689889 1.02139750503448 -0.00335761843855967 1100.56954668017 787.575189960376 -1137.36961610692 -1.46670353179351 77.1397399586508 80.5189049586184
2316000 18101.8138658054 9513.34549267641 4123.73274881544 4464.73562431351 1.00209042952298 -0.00969050320666928 1036.40470020874 557.932667543533 574.977623095537 -1.52256986055782 77.1397399586508 80.6112427497134
2317500 18250.2531655827 9560.49643673212 4160.41234856184 4529.34438028877 1.00705708502998 -0.00611932733441034 420.704760002095 1540.18398067588 -592.111252799381 -1.52197301599068 77.1397399586508 80.5468382478947
2319000 18361.9632230683 9684.31400702192 4052.42266220431 4625.22655384202 1.02009943719618 0.0133811730053659 -78.6586198773979 -1651.8909421806 -1253.41265636016 -1.33557540071519 77.1397399586508 80.3005394785532
2320500 18245.8652666778 9689.47068743978 4032.51247204166 4523.88210719632 1.02064261731077 0.0111399841506726 -333.778926981426 -1469.81417924437 -673.859575031798 -1.36938027417824 76.9949347856328 80.2335741614608
2322000 18095.4783297879 9479.77483283385 4062.15338886395 4553.55010809008 0.998554256368447 0.001554866032779 11.3296776380835 828.894087632386 -1185.77842368721 -1.40510376149119 76.9422949801137 80.2335741614608
2323500 18206.9542473142 9586.49825896474 4032.17068868836 4588.28529966112 1.00979599293882 0.004308247536921 569.421253397094 176.893502948872 -1700.41843770595 -1.39971395378959 76.6719101792995 80.2335741614608
2325000 17996.4986280529 9398.77220336972 3992.26110122374 4605.46532345944 0.990021825814475 -0.00157141798072389 -271.903148597829 1361.8886049368 -742.062805831474 -1.45420320075028 76.6535627538341 80.2335741614608
2326500 17885.3638584653 9285.71103760472 4103.57589498576 4496.07692587478 0.978112501986066 -0.0162922869305725 1694.67147425905 834.768108772329 1070.81932778333 -1.56415802580596 76.5055680356882 80.2335741614608
2328000 18148.9597599093 9451.73207486826 4071.3409820546 4625.88670298648 0.995600366026045 -0.00764437627593424 369.163139736661 1194.06031676356 121.274745271066 -1.49043068209274 76.2903936475569 80.2335741614608
2329500 18169.7555430026 9576.27270274391 3997.27874108124 4596.20409917744 1.00871888162889 -0.00290326180507828 128.919709947251 1584.21497747082 -1074.53052447381 -1.46746978211996 76.1529803634199 80.2335741614608
2331000 17966.990646538 9464.15777897843 3950.27662303575 4552.55624452378 0.996909230418543 0.003537884482344 -150.908754922372 624.471475144653 -1247.59774386531 -1.43636950355412 76.0066304831043 79.958195268255
2332500 18268.7945280079 9635.94530156594 4111.87519038353 4520.97403605845 1.01500450851277 -0.009405458966475 762.091664028674 1515.58050391987 -225.641606368811 -1.51449786324281 76.0066304831043 79.7351564847292
2334000 18101.860412425 9513.13804255296 3925.91739747625 4662.8049723958 1.00206857771664 -0.014381294807101 2222.42113715054 1599.43125797515 -686.25268707155 -1.52761514647517 76.0066304831043 79.6835447488222
2335500 17929.5254859475 9397.82792282741 3997.17260183131 4534.52496128874 0.989922359806964 -0.00190868820337392 461.33734828248 521.837654099753 -567.238154727296 -1.44454427649499 76.0066304831043 79.6413156861065
2337000 17869.9249960077 9318.71752780909 3996.28182522183 4554.92564297675 0.981589248202359 0.00648746892241357 -765.318071515986 -81.5211706557876 -565.092580459014 -1.36789604317625 76.0066304831043 79.5397928460891
2338500 17954.7875593882 9432.30257980226 3887.21349615475 4635.27148343117 0.993553755706774 0.0117663124175816 -1068.13347719165 69.124030428477 -1553.65539271002 -1.29967063818299 76.0066304831043 79.2865352985184
2340000 18100.9085694684 9428.09072585106 4109.68221960413 4563.13562401322 0.993110099104762 -0.00445669581813374 245.282537774261 982.293336488184 -261.256111976683 -1.47876650981139 76.0066304831043 79.2417188766429
2340000 18100.8749690727 9428.09072585106 4109.6473350427 4563.13690817896 0.993110099104762 -0.00441093833877945 243.298690793097 975.928033352162 -262.832626206863 -1.47837184696923 76.0066304831043 79.241359880994
2341500 18006.310109477 9462.11588165318 3997.35870239956 4546.83552542422 0.996694146695442 0.000305573784740983 722.497426251913 1106.15172772266 -1894.68204405781 -1.41132357683812 75.7512478919158 79.241359880994
2343000 18012.9146079813 9389.5564851404 4027.36249360126 4595.9956292396 0.989051086021004 0.00371492827722521 -760.384456690839 714.282869555286 -755.766086612698 -1.4014252653384 75.6654904897715 79.241359880994
2344500 18166.3459895574 9610.44566719339 4020.85461436148 4535.04570800255 1.01231849867735 0.0113187445361891 -964.277322335423 -1257.91786103621 -217.145815142903 -1.33141075437753 75.5474546033723 79.241359880994
2346000 17888.9088858117 9379.08521513753 3967.66143796711 4542.16223270704 0.987948092393483 -0.00606095848079357 1050.13653522396 1.46951935129424 252.743933416364 -1.45735049399428 75.4394318199522 79.241359880994
2347500 17996.9657367327 9442.25494969923 3990.50960323644 4564.20118379705 0.994602090872621 -0.00446077283091208 787.332347253083 1283.04264517078 -1110.13245471003 -1.4657149092923 75.4599326346403 79.241359880994
2349000 18186.3201312797 9520.36473882593 4073.06914601821 4592.88624643557 1.00282980342613 0.000402503872985381 -739.588862469438 739.134450777273 -86.1182664751869 -1.47494581452127 75.3973997487534 79.241359880994
2350500 18138.1329810237 9542.64133834692 4036.95494949829 4558.53669317852 1.0051763141462 -0.00477538773945516 1057.37823544442 260.197368059876 -293.62362350759 -1.46406231640986 75.2443714780566 79.1579303052005
2352000 18220.2801017827 9572.76829101871 4074.07657765949 4573.43523310449 1.00834974361602 -0.00364282914661852 1074.69018035822 514.161931574961 -810.128388224318 -1.47720092805284 75.2443714780566 78.9165486073652
2353500 18153.3184194852 9520.10514240495 3978.93387554159 4654.27940153864 1.00280245877758 -4.93798980312459e-05 234.979000423072 950.794539200322 -1175.22426040361 -1.42585622891583 75.2443714780566 78.8671376352495
2355000 18071.9399550817 9474.77827934506 3928.73345174588 4668.42822399076 0.998027943260659 -0.00946648085184316 858.890105660606 688.821987006929 473.757100570495 -1.49758088763581 75.2443714780566 78.8319095762535
2356500 18123.306439628 9447.73007654871 4063.17835295395 4612.39801012533 0.995178814615127 0.0143440004754865 -511.872014826813 -408.256594483009 -2143.00539350328 -1.30621846115826 75.2443714780566 78.8350206501204
2358000 18163.3982309309 9599.57508933274 4034.62774646859 4529.19539512958 1.01117344386504 0.00938686242631975 201.412691647973 -733.671875820903 -1468.27894633622 -1.36790474998498 75.2443714780566 78.677374880213
2359500 18192.6062553302 9530.5093786499 3999.16589435064 4662.93098232963 1.00389839138883 0.0063327399021656 -0.834699914457195 -591.655750364724 -752.728304485884 -1.38257842646014 75.2443714780566 78.4196216850333
2361000 18104.1092709112 9490.80812213204 4042.08581482628 4571.21533395292 0.999716450427349 0.00444121084166468 -357.600019305136 441.296710775671 -1026.55835616276 -1.38956740131319 75.2417459481847 78.3763837885364
2362500 18362.5645547908 9562.13392835606 4158.46943530889 4641.96119112581 1.00722957058578 -0.0090370632500739 326.390439267011 1122.15189689366 471.286297123945 -1.51089071886737 75.291754993158 78.3763837885364
2364000 17871.3721289475 9421.71446757866 3865.56402219447 4584.09363917435 0.992438454477133 -0.0106274050621727 -45.799222610798 2092.41953761673 215.453010326718 -1.49748868750969 75.4382703106018 78.3763837885364
2365500 17952.7317019538 9430.81886797145 3967.80839798725 4554.10443599512 0.993397468580761 0.000917638583425954 371.47029848891 -516.274635693029 -50.1453296311788 -1.38522901560845 75.2944749322663 78.3763837885364
2367000 18029.1407137573 9437.11740632931 4056.42237852589 4535.60092890207 0.994060926563366 0.00191834301799072 314.864958776469 1379.43152886941 -2100.49712099124 -1.409071471068 75.0458373942744 78.3763837885364
2368500 18066.6793310132 9359.66348790436 4095.00224855973 4612.01359454909 0.985902300300665 0.00920806641677479 -268.270772606382 -32.3494947916282 -1639.44266822936 -1.36286909730224 74.6723214462823 78.3763837885364
2370000 18129.4309345212 9589.83217316715 3988.18083648212 4551.41792487196 1.01014717155603 -0.00814001758583103 1141.61428989076 1455.36317895332 -887.294998000144 -1.4680671643928 74.4393193398622 78.3763837885364
2370000 18129.3907207762 9589.83217316717 3988.14016450374 4551.41838310528 1.01014717155603 -0.00808738208318723 1134.67315620681 1452.96859627895 -889.023772569132 -1.4676270800658 74.4389147322637 78.3763837885364
2371500 18309.5069328351 9705.06470564816 3968.84968451683 4635.59254267015 1.02228521679551 3.02171052013616e-05 767.254815300234 1369.74537395097 -2143.3315874537 -1.43813686125871 74.4389147322637 78.1887442934624
2373000 18179.7576661414 9515.07140906484 4081.71152490953 4582.97473216703 1.00227222932162 0.00251480173200513 182.953716241763 -209.076927406079 -499.404691110943 -1.40352342096803 74.4389147322637 77.9811247663859
2374500 18428.5197336609 9688.15137778971 4013.04848433736 4727.31987153381 1.02050364752617 0.014620239687236 -83.0386223903073 -1039.15081037494 -1932.57188774007 -1.3053666164478 74.4389147322637 77.9686934697516
2376000 18193.2217617608 9398.50106090561 4082.86900493307 4711.85169592216 0.989993264960827 0.00632672274047454 -469.998744524684 -302.967107924332 -548.563143196457 -1.39061877585881 74.4389147322637 77.9462740909987
2377500 18142.7514425175 9513.33037874306 4079.79724375477 4549.62382001972 1.00208883749334 -0.00778890614943713 530.136849143762 591.64647745546 503.64854335318 -1.48473291052632 74.4389147322637 77.8735128877925
2379000 18191.6244287692 9599.72737660658 3962.86618031387 4629.03087184871 1.01118948507996 0.00648730827069087 -915.514184713306 746.369672988295 -1185.10478174675 -1.38761571786184 74.4389147322637 77.898940060611
2380500 18152.8861669472 9470.4515844291 4047.39232579877 4635.04225671936 0.997572189859283 -0.0103852985498152 2505.95119448868 -139.417739519814 -205.097106479776 -1.53764492947931 74.4003546055981 77.7044621175008
2382000 18189.9276470784 9588.37226648575 4062.36217568654 4539.19320490608 1.00999339195089 -0.00602782586363162 1066.19000679637 559.658420964757 -374.275459352701 -1.47271738016844 74.2244550528765 77.7044621175008
2383500 18451.5703453873 9719.41178525875 4085.71651238375 4646.4420477448 1.02379646971704 0.00962196974394568 -504.878338149858 -617.55048710276 -872.754586748216 -1.35276364971559 74.1259682349215 77.7044621175008
2385000 18240.6741962933 9633.94299091528 4037.63456289062 4569.09664248744 1.01479359466111 -0.000372299661638486 1148.19139388831 -563.742711705208 -507.392750912332 -1.47064408291661 73.9886277650709 77.7044621175008
2386500 18171.9933278436 9589.71601629777 3969.46816966304 4612.80914188284 1.01013493614555 0.0183692592973372 -810.80364654959 -990.487283150098 -1996.04887827379 -1.28120446657844 73.8991355432211 77.7044621175008
2388000 18081.5880512719 9508.42832891395 3959.11285675308 4614.04686560484 1.00157247895022 0.0199162076832873 -1017.5351573833 -1898.398482707 -1195.84760915889 -1.24132512039731 73.8031495986625 77.7044621175008
2389500 17856.2111601367 9290.86627226932 3941.50753580279 4623.83735206457 0.978655529811905 0.0123505915468659 -990.947050463124 -60.774537072985 -1494.97425677303 -1.31132611047888 73.7124525382162 77.7044621175008
2391000 18075.9755706247 9522.08250243245 3923.91640740307 4629.97666078916 1.00301074444962 0.000269951120634017 666.781530348613 1015.91397255432 -1738.45300579945 -1.42629791741344 73.7187448740602 77.8283364739641
2392500 18089.3785093425 9415.60624360673 4089.49880227981 4584.27346345595 0.991795043304022 -0.011139479227444 1332.03300090519 799.232815907404 160.104854127374 -1.52546808659479 73.7187448740602 77.5086243252121
2394000 18219.881719957 9597.90068890771 4056.98743020364 4564.99360084565 1.01099707051221 -0.00539045792831517 -48.0175709827499 786.996086714762 367.195601630067 -1.49325771973866 73.7187448740602 77.324549520702
2395500 18130.5604707383 9416.34808785274 4153.24331378487 4560.96906910064 0.99187318563783 -0.000203892878530357 219.424004486604 148.093704399456 -325.833773006361 -1.42564511801681 73.7187448740602 77.0346704138408
2397000 18031.1910875758 9507.10361937357 3988.28156078668 4535.80590741559 1.00143294036694 0.0144772696934084 -1100.65499232278 -1228.79156312298 -622.657877188536 -1.28800259176724 73.7187448740602 76.8359771825572
2398500 18004.414194122 9379.54824215432 4013.90745860876 4610.9584933589 0.9879968654505 -0.0132689451176397 1556.43465089988 1433.52357514675 -280.900686374256 -1.50402858027819 73.7187448740602 76.9310036828517
2400000 18058.465301357 9530.38703447853 3913.84507718175 4614.23318969675 1.00388550423748 0.0133193820558692 -789.914593804504 -468.095783074529 -1461.59296207481 -1.30123153536581 73.7187448740602 76.9380289518792
2400000 18058.4786960985 9530.38703447853 3913.85887424853 4614.23278737148 1.00388550423748 0.0132952540657989 -788.909096425569 -464.959729665089 -1460.81418925265 -1.30142740478651 73.7187448740602 76.9382053334882
2401500 18003.1440934249 9347.18237166945 4072.17921384256 4583.78250791292 0.984587599059298 -0.0113059166733117 1395.58217042258 1983.36443047817 -1070.69236848515 -1.50808452818736 73.7111705214702 76.9382053334882
2403000 18022.1271510773 9366.56345461745 4015.05891520339 4640.50478125644 0.986629109877016 -0.0111072815290165 1184.06151502601 1729.77504977845 -647.131572429692 -1.48718516419326 73.6788212001664 76.9382053334882
2404500 18141.7992740634 9440.6490825304 4034.46196288577 4666.68822864721 0.994432936486059 0.00782057716521478 -795.756358672974 1271.40071567621 -2071.70210132058 -1.34396239797981 73.6826508284767 76.9382053334882
2406000 18100.264736253 9454.47573635211 4005.90776177453 4639.88123812636 0.995889370237753 0.00118238179288839 129.93421316836 372.125589298308 -743.356369570078 -1.40722591446434 73.6798710791626 76.9382053334882
2407500 18127.7900133892 9548.12587500025 4038.98190717248 4540.68223121642 1.00575402907255 0.00446208827469712 259.216987802916 629.838061984175 -1797.18012565832 -1.3940945133271 73.4789527011117 76.9382053334882
2409000 18021.0252048103 9453.47445290569 3968.20086453825 4599.34988736636 0.995783899816263 -0.00937787670169859 491.504195350791 2217.47898042195 -807.26321443007 -1.51545677679108 73.2145663130835 76.9382053334882
2410500 17987.8653730257 9440.61556878031 3983.92099305089 4563.32881119445 0.994429406307506 0.00653635367653077 -944.347977352746 -401.394518529721 20.6318885498557 -1.37070586693641 73.29075168031 76.8360287418987
2412000 18105.7548004708 9494.05753355106 4012.98664963283 4598.71061728689 1.00005872792448 0.00472646065637352 -102.952824228859 -1101.6613093765 249.562962670843 -1.40036167863246 73.29075168031 76.5841537140559
2413500 17914.4824375188 9469.67086352256 3874.13199323531 4570.67958076091 0.99748995244352 0.0032475840607382 -265.386957091494 -461.259992534832 72.7271314452471 -1.37728567018723 73.29075168031 76.3154416222286
2415000 18066.5511959759 9418.95082835852 4010.35407115198 4637.24629646537 0.99214734590599 -0.0023141815353953 1393.75947361278 790.8489527733 -1719.62037121425 -1.42192405997487 73.29075168031 76.1539958406419
2416500 18164.8076989988 9486.93890555904 4036.15643115602 4641.71236228376 0.999308885612159 0.00181122649966279 -572.673614947009 643.356341117535 -434.675555934714 -1.37873104838021 73.29075168031 76.1672697417648
2418000 18387.7823031079 9606.10678808353 4113.10607215919 4668.56944286518 1.01186146185111 -0.00831069580093176 1963.16054401897 -3.45645387483515 -289.951127398507 -1.50209567542388 73.29075168031 76.1488168744506
2419500 18093.5862369291 9368.03424359647 4056.02556107872 4669.52643225396 0.986784035771472 0.000388133271571008 -95.870258268988 833.80571127421 -815.733017080561 -1.42673466449084 73.29075168031 75.9684821644544
2421000 18178.2981678162 9589.16388529516 3947.09062909967 4642.04365342136 1.01007677729975 0.00147711782633005 -775.10531856738 196.302724584179 283.151195905703 -1.40807322917361 73.2737469478059 75.8776543055862
2422500 17980.3738379031 9273.46662078424 4071.3853014278 4635.52191569108 0.97682273353181 -0.00356931902661334 568.35971727505 112.133562492203 33.8376979329602 -1.46151124358363 73.2651966759161 75.8776543055862
2424000 18122.1413641873 9509.70202184432 4009.32592465603 4603.11341768692 1.00170664368719 0.00437619532911674 -973.033059247091 321.669351301057 -223.829100519448 -1.40094457262373 73.2134116309625 75.8776543055862
2425500 18110.4042011947 9457.55762216031 4101.95726020722 4550.88931882717 0.996214001386244 0.000584157877677422 1109.99046704289 539.269382950806 -1765.84980400211 -1.44137609300349 73.0658592416401 75.8776543055862
2427000 18124.766380558 9515.7006740173 4008.93633588541 4600.12937065526 1.00233851308972 0.0176160533540003 -308.18374392888 -521.600262900982 -2673.20559385126 -1.30726176849867 72.7970589211361 75.8776543055862
2428500 17855.0575910883 9288.53820243381 3980.23694105702 4586.28244759744 0.978410302041798 -0.0086291647024566 1211.59114009213 657.934809063324 -153.910777613116 -1.49064451971706 72.7837993916366 75.8776543055862
2430000 18144.9028846282 9541.49550541655 3968.54706043977 4634.86031877192 1.00505561757166 0.00858777843950241 71.8900812822559 -656.645191146662 -1116.95900810849 -1.34425307753142 72.5419746521839 75.8776543055862
2430000 18144.9005679718 9541.49550541655 3968.54468983247 4634.86037272274 1.00505561757166 0.00859159367594605 71.4178435065072 -656.805566329325 -1117.0817869571 -1.34422300295392 72.5419483341929 75.8776543055862
2431500 18290.4355569561 9618.91359127701 3999.06951482615 4672.45245085297 1.01321046940296 0.00222167994120445 423.95417591689 682.295658865332 -1546.95800595107 -1.41469910028953 72.5419483341929 75.9587645485744
2433000 18124.1204954326 9473.44806119224 4014.87797788692 4635.79445635339 0.997887824426423 0.000179476759856617 785.439232841244 352.967122371835 -1173.8954798956 -1.415347309142 72.5419483341929 75.7173404193439
2434500 18209.0341349991 9460.79484586104 4120.84426584517 4627.39502329292 0.996554995087274 0.00781757906928231 -63.4707368673423 488.906904149221 -1970.38346150459 -1.40234341853089 72.5419483341929 75.6745189849186
2436000 18466.0905267789 9629.32184030307 4169.83298493638 4666.93570153945 1.01430682470143 0.00811862348452572 -1363.38478674339 530.824147574378 -770.369298099247 -1.36607817469717 72.5419483341929 75.6032426514513
2437500 18010.2457113573 9359.48283206778 4026.17352054727 4624.58935874224 0.985883270876682 0.00609793225829617 1144.88946671099 143.023717417166 -2489.53895932052 -1.36269392996179 72.5419483341929 75.4561988420419
2439000 18244.6473490797 9539.93529182698 4041.52644401407 4663.18561323866 1.00489127211534 0.00893888486774621 1095.60142632671 -739.933443489462 -2113.23749084935 -1.39141896733835 72.5419483341929 75.2900263838081
2440500 18218.9302243305 9457.05266918775 4131.78774665108 4630.08980849171 0.996160812049059 0.000228680548214395 1258.15622528695 -88.0744967285263 -1214.8565412399 -1.43564532042724 72.3852102250315 75.1367164681764
2442000 17923.1828805139 9354.570166557 4024.93426334559 4543.67845061128 0.985365794128299 0.0257337342228963 339.749699628377 -2623.77732801218 -2739.63374453032 -1.21751578125599 72.171018343282 75.1367164681764
2443500 18113.3288012054 9492.95924608676 4001.45792540662 4618.91162971203 0.999943039562518 0.0155653011360735 345.008010223722 -2018.04019364821 -1364.57392770657 -1.26419319808176 72.1471562641527 75.1367164681764
2445000 18282.4410688861 9620.71321370197 4042.0429373676 4619.68491781658 1.01340003304387 -0.00170851482659104 207.933874981047 -129.999265540951 256.161176403355 -1.44635302145769 72.2932139642312 75.1367164681764
2446500 18451.6612186303 9709.09577949518 4124.32032550128 4618.24511363387 1.02270983088378 0.00454331325822612 -172.490168036592 -521.755878872448 -192.213939424802 -1.41466595467976 72.132625799353 75.1367164681764
2448000 18317.764551405 9584.68253120352 4079.57832553763 4653.50369466389 1.00960473283863 0.00108790235008842 665.927461955574 454.304119008559 -1332.36600572792 -1.42907850878319 72.0885886304788 75.1367164681764
2449500 18428.1616626826 9586.66825350746 4136.03145042283 4705.46195875227 1.00981389935297 -0.000471541946741299 1018.80517320675 74.7874037698136 -1001.71051387563 -1.44329062557014 72.0370124303936 75.1367164681764
2451000 18167.9003453198 9400.15697238999 4029.37822851668 4738.36514441309 0.990167690776847 -0.00909664465187712 1667.77060854901 386.145123824714 -280.996332030836 -1.47941533221488 72.0798686262713 75.1088781463379
2452500 18134.9250034513 9523.72007733348 3944.98529794953 4666.21962816829 1.00318323877742 0.00830704943369328 -426.789145679474 -1136.74425263893 -52.209543987313 -1.359469575771 72.0798686262713 74.9564458028663
2454000 18059.291298806 9513.70211678631 3936.81213736489 4608.77704465479 1.00212799460539 0.00750123133093362 -1143.7735452447 -29.4017330718459 -285.321047160103 -1.35232382363146 72.0798686262713 74.9300967239282
2455500 18195.1231909097 9570.8608226807 4012.88692167488 4611.3754465541 1.00814882000113 0.00647785322135511 -792.185608396464 -370.714926021883 -99.7578616321736 -1.38078358547599 72.0798686262713 75.1170078768837
2457000 17987.5828198544 9424.23703272577 3927.96082582367 4635.38496130495 0.992704169455498 0.0116690857843008 785.641150772622 -1544.53713685833 -1518.42194092098 -1.28947328169811 72.0798686262713 75.2090919527937
2458500 18171.3118584445 9516.25061842318 4013.22639458152 4641.83484543975 1.00239644160986 -0.0216380230474612 1397.92219510957 699.563295009449 2132.65493683296 -1.59125244028975 72.0798686262713 75.3391504348573
2460000 18056.3439704847 9383.70684052274 3991.38912829718 4681.24800166478 0.988434912363484 -0.00823567920815249 317.797748616282 282.596344206477 1010.33967474148 -1.46757233443927 72.0798686262713 75.3716207691336
2460000 18056.3345505451 9383.70684052275 3991.37923122319 4681.24847879912 0.988434912363485 -0.00821990534759217 317.166728499002 280.646525312511 1009.83313989824 -1.46744954645218 72.0798686262713 75.3715118634163
2461500 18075.1585223946 9407.58038022323 4009.28300501854 4658.29513715284 0.990949637143649 -0.00584657105683323 590.270139634605 868.493210223417 -314.686924549574 -1.47617323866962 72.1180668566381 75.3715118634163
2463000 18204.1860430417 9519.38025712843 4041.30870934995 4643.49707656332 1.00272610282071 0.000224848996237706 -491.709458843708 192.113476562196 255.642286954369 -1.43663453119645 72.0434849551736 75.3715118634163
2464500 18032.9690839385 9453.04150776221 3983.45848243361 4596.46909374273 0.995738295440271 0.0229078431366921 -1127.16087328277 -1363.04954985758 -1982.95440640175 -1.23440390622305 71.9649409601741 75.3715118634163
2466000 18243.8008581507 9542.92180996468 4040.92617283701 4659.95287534905 1.00520585768838 0.015098582247759 381.548836348324 -1387.6429864441 -1938.77536541309 -1.32555763153634 71.8820012516492 75.3715118634163
2467500 18137.605334191 9557.46153659423 3956.15695649175 4623.98684110498 1.00673740312785 -0.00910943387828868 1128.56415264624 799.473643445777 -152.811344761476 -1.51053298790268 71.8211979954285 75.3715118634163
2469000 18138.1605148819 9369.67496778216 4072.22970956457 4696.25583753517 0.9869568618299 -0.0176812095421291 158.278830860782 3251.96366009452 33.1022723906146 -1.54660247542173 71.772621606861 75.3715118634163
2470500 17987.6139294461 9469.23216576323 3866.72860576609 4651.65315791682 0.997443742114418 0.012548591690213 -268.242225653943 -1428.19579784009 -741.414525524092 -1.31551573365808 71.6905688908241 75.2745067578998
2472000 18308.9038984695 9531.87016878118 4079.27338024525 4697.76034944309 1.00404173052943 0.00558740982364181 -236.743604653229 -222.995620282299 -627.173639398871 -1.39998903615666 71.6905688908241 75.3736721797486
2473500 17986.6638919633 9384.28340237531 3927.63563112087 4674.74485846708 0.98849564463847 -0.000753133719847 -53.9120095215514 1364.95681123402 -1164.26822500248 -1.43414089251114 71.6905688908241 75.5127235326708
2475000 18219.8229279951 9560.93808754551 4069.2521917626 4589.63264868694 1.00710360641971 -0.009941482643639 623.916163272666 119.086340665121 1197.49578736764 -1.49624284842479 71.6905688908241 75.6306057077326
2476500 18002.2411111452 9415.68950662735 4021.37126028474 4565.18034423309 0.991803813833397 0.00661258708892816 -558.074509887097 722.889690173725 -1454.69896016365 -1.36644715878553 71.6905688908241 75.5813507835749
2478000 18254.8582162583 9601.71111340557 3999.64379230313 4653.50331054959 1.01139844245068 -0.00611197352609151 1321.90547360928 -47.2693705762117 -88.2066431004134 -1.475206840592 71.6905688908241 75.2135227622591
2479500 18118.7169716946 9418.78376575586 4062.32402447752 4637.60918146122 0.992129748328421 0.00825084744249773 -849.562675813025 1044.17800503732 -1794.42233146017 -1.33943648083257 71.6905688908241 75.1284638220353
2481000 17971.8864905032 9444.24481365912 3939.33462512114 4588.30705172298 0.994811693649246 -0.0187577513123403 1251.72246139721 1703.2626502399 679.119564629536 -1.57147302249973 71.6707332879187 75.0883065846228
2482500 18203.5199745961 9616.93650177166 4013.21549843513 4573.36797438935 1.01300221222644 0.0352218633452417 72.4865653559599 -3313.70725867428 -3567.24807144527 -1.15807309746838 71.5092644330827 75.0883065846228
2484000 18153.1269996992 9492.06496953872 4075.78820808961 4585.2738220709 0.999848840737212 0.0084810183016859 -97.0506739492728 -739.377283237176 -802.215606240715 -1.38531830208399 71.4762378179166 75.0883065846228
2485500 18247.5529825502 9516.60303413522 4093.40075746703 4637.54919094796 1.00243356339972 0.00673985900344308 -322.805170535945 1091.61412438709 -2070.3276654775 -1.37255064484415 71.4372608911777 75.0883065846228
2487000 18177.1311024762 9568.26802346576 3935.66682864453 4673.19625036595 1.00787570690112 -0.0079361159193545 -356.891328973011 1396.66617275972 492.966292346459 -1.49065858924092 71.4473293272299 75.0883065846228
2488500 18162.5525483608 9550.0619301603 4017.0111634743 4595.47945472616 1.0059579638869 0.00307500125083109 1022.60792005096 -1251.23490099755 -364.94775197186 -1.38719093483048 71.4093858761752 75.0883065846228
2490000 18437.116837537 9735.64943304176 4103.31813194165 4598.14927255363 1.02550686607066 0.00919720885125058 -168.64240612682 -2099.74371968895 493.189082628404 -1.39533702852872 71.4028762524692 75.0883065846228
2490000 18437.1223373036 9735.64943304176 4103.32378489528 4598.14911936655 1.02550686607065 0.00918777919245378 -167.509034241141 -2099.36044370314 493.490948622294 -1.3954094375497 71.4029386391097 75.0883065846228
2491500 18300.3289125482 9578.98872565625 4104.67317876761 4616.66700812439 1.00900497452533 0.00143181327293596 -1476.63727447271 801.007918974173 399.274445758912 -1.40426521015221 71.4029386391097 75.0865610293285
2493000 18062.2825683568 9458.9533561414 3972.92690224441 4630.40230997099 0.996361021345278 -0.0086279234670706 861.44290996204 85.085820357395 714.382769415541 -1.47507341171029 71.4029386391097 74.8896190388501
2494500 18177.4634467091 9528.62174734352 4080.00867937092 4568.83301999468 1.00369955731222 0.00443966660191666 285.486057500504 -413.46026306174 -725.2398797394 -1.40849721778934 71.4029386391097 74.7634048957845
2496000 17912.195852579 9394.87432510332 3969.04942396999 4548.27210350565 0.989611241913237 -0.00553256684724442 1283.51519911882 333.65774988815 -553.245515701488 -1.44191019513731 71.4029386391097 74.8112223313762
2497500 17954.7556554622 9378.08777004417 3921.04951012925 4655.61837528877 0.987843026285792 -0.0031194227818799 208.56295914976 -54.217421305524 445.470046720292 -1.41350571013527 71.4029386391097 74.8040168417535
2499000 18188.8759722702 9502.00949167422 3969.39714177678 4717.46933881917 1.0008963492573 0.0177996669932956 -491.253365373296 -598.608329372274 -2333.88851656116 -1.28425911094221 71.4029386391097 74.8292871682239
2500500 18012.8235617871 9394.38937336204 4013.66322693512 4604.77096148993 0.989560159410338 -0.0124281941037951 879.929014269468 1709.45880441655 -201.293369935059 -1.51589371897088 71.3922499628046 74.7635477364456
2502000 18029.5623100572 9441.88206816961 3972.51673698307 4615.16350490449 0.994562813311171 0.0102023800672036 -1819.80363979489 458.100648954404 -598.175075792767 -1.35082876761682 71.3731972669311 74.7635477364456
2503500 18148.9873696699 9512.86017117173 4058.45895723892 4577.66824125921 1.00203930807097 0.0288532535358794 -606.92069250368 -1804.05451830759 -3152.7146271108 -1.17455883855335 71.6433222464677 74.7635477364456
2505000 18001.2104517158 9302.92513715806 4082.06304817968 4616.22226637806 0.979925753110872 -0.00667001523987617 758.742322105221 1588.44962098179 -1062.43377940615 -1.47803994215914 71.5652441661178 74.7635477364456
2506500 17944.4309123515 9452.82727321824 3952.09526099761 4539.50837813566 0.995715728995443 -0.00797640372954395 308.40099730647 1029.14698397666 196.100951123947 -1.43920845436909 71.437529374253 74.7635477364456
2508000 18161.9119198558 9442.71781979129 4033.67345839354 4685.52064167092 0.994650847399936 -0.00393733710649726 930.182163054386 1193.566829037 -1367.08166177983 -1.47115938325444 71.4019349707699 74.7635477364456
2509500 18073.0446134967 9552.09337836325 3973.0616268086 4547.88960832481 1.00617194694931 -0.00700328485049127 -40.3730461315125 1023.35960278482 361.510669681616 -1.48262024551405 71.3289312820448 74.7635477364456
2511000 18404.6284408372 9642.59065518843 4129.82277545161 4632.2150101972 1.01570449836082 0.00792339539481067 -1688.11742887118 533.47694194047 -367.907957801458 -1.39114653119187 71.3902190285685 74.7684841884955
2512500 18141.266030981 9521.62941218564 4085.22552144233 4534.41109735303 1.00296301808455 0.0099728211537967 -509.183957653423 -405.666434996957 -996.013449108288 -1.36302215383286 71.3902190285685 74.5539222903248
2514000 18130.1910308085 9527.71836550439 3987.36411151485 4615.10855378924 1.00360439937898 0.00554655524267609 293.969050381491 -220.630313580495 -1133.07172755197 -1.37496863828698 71.3902190285685 74.3415987646404
2515500 18050.6025669905 9351.58107427735 4146.06441583588 4552.95707687724 0.985050937407421 -0.0046192706196216 477.379130968067 -332.956066403521 736.157009151194 -1.45381614791824 71.3902190285685 74.1744325398728
2517000 18079.027456756 9508.04070808959 4003.49334058446 4567.49340808191 1.00153164882178 -0.00397018821541856 583.112431937673 -129.818464827723 303.314970945307 -1.4456621774417 71.3902190285685 74.1513660745404
2518500 18006.5885163426 9434.89860770315 3988.22240307291 4583.46750556655 0.993827208901159 0.00638861807430339 -1513.85878617273 164.278845262662 132.894133484652 -1.39897034212373 71.3902190285685 74.1020633709423
2520000 18140.1722917425 9509.48152414842 3994.33827258601 4636.35249500804 1.00168341751182 -0.00678000291640937 999.036962070928 462.463592951466 -169.559651954991 -1.48618759404203 71.3902190285685 74.1432386373442
2520000 18140.1561270824 9509.48152414843 3994.32161847861 4636.35298445535 1.00168341751182 -0.0067530325756891 997.95775655063 459.247939464303 -170.407159549959 -1.48598297248597 71.3902190285685 74.1430586933369
2521500 18192.9190143521 9503.30291803919 4024.33696491569 4665.27913139726 1.00103259262013 0.00960159721359028 426.255586596159 -508.455084591339 -1748.65062520368 -1.35591496768545 71.4746992093013 74.1061878655439
2521500 18192.9485264453 9503.30291803919 4024.36703719002 4665.27857121611 1.00103259262013 0.00955173941013294 432.237970373697 -506.487859287987 -1747.10132787409 -1.35629291445936 71.4750159293165 74.1061878655439
2523000 17945.981955531 9483.17986021338 3962.62680235346 4500.17529296413 0.998912925708473 -0.00635266676392396 1972.54722257742 368.439617477735 -1122.29566002619 -1.44605645541164 71.6298386708472 74.3945497567789
2523000 17946.0352260388 9483.17986021338 3962.68144459699 4500.17392122841 0.998912925708473 -0.00644214605530046 1976.21642358506 379.184625434822 -1119.53423893146 -1.44673993857042 71.6298386708472 74.3951508179442
2524500 18250.9507058035 9583.31447922514 4150.57876732607 4517.05745925224 1.0094606287697 -0.00886668953905547 953.445160997186 1273.63300891539 -506.151164799757 -1.51237334407077 72.3055040702775 74.5636378738767
2524500 18251.0389545743 9583.31447922514 4150.66782008885 4517.05665526028 1.0094606287697 -0.00899786131481405 969.498841387538 1279.00117164907 -502.093480446681 -1.51338636875121 72.3063539576064 74.5636378738767
2526000 18086.5479037551 9419.99826240827 4113.28929373807 4553.2603476088 0.992257677611869 -0.0109618867458357 650.671312947621 1605.20744179748 -98.8185047758695 -1.48924332555414 72.6873258371935 75.1996419431692
2526000 18086.6405181719 9419.99826240827 4113.38416819124 4553.25808757241 0.992257677611868 -0.0110900943184106 656.091409828829 1620.97922444656 -94.7560864640066 -1.490247519866 72.6873258371935 75.2005324884548
2527500 18289.0037821256 9577.32431788015 4260.02150071197 4451.65796353344 1.00882965375048 -0.0245744721068532 2387.60342598536 2272.15326846231 289.315142240638 -1.70416698472942 73.8266856935756 75.774606115857
2527500 18289.1336545465 9577.32431788014 4260.15426354191 4451.65507312445 1.00882965375048 -0.0247334337553862 2407.70422622103 2279.02004768499 294.434745646487 -1.7054414437433 73.8277791311683 75.774606115857
2529000 18359.2520539469 9598.9615876605 4320.71966906667 4439.57079721968 1.01110882052568 -0.0203112438284687 3224.59867996347 1830.12244444593 -867.930207645261 -1.68975025333909 74.4443467876721 76.9149087692999
2529000 18359.4306599706 9598.96158766049 4320.90115700162 4439.56791530854 1.01110882052567 -0.0205334915224064 3234.53453165043 1859.02624721701 -860.868173038791 -1.69157488916752 74.4443467876721 76.9165332998458
2530500 18186.9474664039 9523.02864517472 4282.11078979201 4381.80803143718 1.00311040661239 -0.028872905680607 4067.51903490054 2018.72025209824 30.6587347396031 -1.73673182200026 75.7896167245531 77.647689351978
2530500 18187.1302409459 9523.02864517471 4282.29494751947 4381.80664825168 1.00311040661239 -0.0290530495253389 4091.69129451996 2026.76643862752 36.7123511056293 -1.73825058873415 75.7909405348916 77.647689351978
2532000 18288.4276781879 9611.22935017177 4306.6068078769 4370.59152013923 1.01240104810363 -0.0192183295572075 1485.55013883798 2964.79219682565 -253.034029307342 -1.68013357055696 76.4812008141497 79.3227999299939
2532000 18288.6736396509 9611.22935017177 4306.85585946309 4370.58843001599 1.01240104810363 -0.0194830909842367 1497.87103434925 3001.74185039259 -244.36789748948 -1.68243514496145 76.4812008141497 79.3248959816123
2533500 18285.3590465301 9614.89372872754 4348.69147256898 4321.7738452336 1.01278703625929 -0.0481499336951045 5912.90948932566 4810.91283609575 152.078276402893 -1.97610313373506 78.22326125758 80.2104803458811
2533500 18285.6137875368 9614.89372872753 4348.94642042202 4321.77363838722 1.01278703625929 -0.0483528207505959 5942.34370686576 4820.85301821054 158.75490525132 -1.97792737448359 78.2248639375527 80.2104803458811
2535000 18289.5494252747 9573.92588035049 4464.10829848821 4251.51524643599 1.0084716785538 -0.037769532231036 5247.3959682323 3901.25137072412 -288.695379486752 -1.89562381274502 79.2077317779122 82.2658677849764
2535000 18289.8996440427 9573.92588035048 4464.46158518038 4251.51217851184 1.0084716785538 -0.0380909408137023 5263.69264149448 3949.97954396518 -278.026257552014 -1.89862603071569 79.2077317779122 82.2686128363207
2536500 18295.1278440054 9586.52121084846 4566.1938053387 4142.41282781824 1.00979841058076 -0.0313010221606917 4409.4552929076 4706.71027187639 -1435.11796410976 -1.88845618259715 81.5528598188087 83.5834398926166
2536500 18295.5447402257 9586.52121084845 4566.60958309631 4142.41394628091 1.00979841058076 -0.0316556684666405 4465.37778130195 4725.69993555595 -1422.70184698082 -1.89192228593694 81.556015605117 83.5834398926166
2538000 18204.0909041673 9419.03799985424 4686.47658694658 4098.57631736643 0.992156528135486 -0.0630597375087606 7760.10430898019 7783.7761211286 642.937742496861 -2.22092376636754 82.8445097806722 86.0682745347214
2538000 18204.5078559794 9419.03799985426 4686.89670303263 4098.57315309256 0.992156528135488 -0.0633194013051668 7775.08790143691 7826.81579357846 652.049965684329 -2.22358085699225 82.8445097806722 86.0708286539822
2539500 18112.7986466251 9276.11286898205 4850.46837563713 3986.21740200597 0.977101476692689 -0.0479106619879776 7502.63977342237 6017.08989395673 -627.247560987686 -2.11927460675624 85.5637916265063 87.359842732864
2539500 18113.3293535661 9276.11286898205 4850.99645975963 3986.22002482443 0.97710147669269 -0.0482408636846296 7560.06498707427 6036.79745785422 -615.021502149744 -2.12281471414209 85.5671101389036 87.359842732864
2541000 18757.3905182336 9522.44925124598 5358.77286383995 3876.16840314766 1.00304937602001 -0.0793999410679627 11345.6077757159 10426.7809330156 1310.25301065455 -2.64613217987013 88.1999966326729 91.557570752151
2542500 19162.8815278588 9477.37551578286 5913.31772317688 3772.18828889903 0.998301523756556 -0.0823233134067474 13148.2128139962 13100.3489606695 -408.887655932259 -2.80713518200993 91.5971575845217 95.1874499961992
2544000 19568.6015751405 9639.45618734875 6202.76349927831 3726.38188851344 1.01537432847198 -0.0913330871230041 15171.1238021146 14666.0941002779 865.592312514641 -3.05529587816926 95.0138459028911 98.2789691360943
2545500 19781.3786430695 9452.4650753606 6618.50275459149 3710.41081311741 0.995677576801033 -0.0986368720935915 16699.9294951298 16506.2086599817 1889.44891119786 -3.24224587618618 97.816078245418 101.04165996264
2547000 20154.0370615518 9507.83302709682 6946.5173362213 3699.68669823366 1.00150977269677 -0.102284952511216 18219.6648066158 18652.6136037385 1601.02344376234 -3.4132955506202 100.678713894504 103.778538955762
2548500 20378.1410038474 9453.53503790965 7257.47300728181 3667.13295865596 0.995790281551551 -0.104232902018192 19363.5231064854 20980.7446585444 938.792452449175 -3.55983565573979 103.432049227353 106.367615545756
2550000 20940.4448665263 9519.74518355246 7775.81222357704 3644.8874593968 1.00276454242929 -0.104823445698658 21315.5220884349 21485.0353464989 789.408149558019 -3.64443785287335 106.068419335076 108.902913071839
2551500 21394.8621745041 9462.24120066219 8293.46127062401 3639.15970321793 0.996707347202 -0.0966497331785049 20846.0589877374 21824.9051207094 -665.442657949012 -3.63761647545457 108.741359767033 111.021850235832
2553000 21614.7233249083 9331.44357372872 8651.72312057021 3631.55663060934 0.982929749168244 -0.116929459175788 25751.9555163463 26504.9596390389 573.309657733904 -4.09402301322286 110.975786593091 113.090932491702
2554500 22098.9555428326 9512.00274405878 8960.12342481034 3626.82937396345 1.00194899078936 -0.111332730704984 24947.4736248828 26281.2808937661 940.961182538952 -4.06171886140734 113.237590622914 114.948282786151
2556000 22458.7504455998 9418.44453635078 9391.07528561598 3649.23062363304 0.992094015521228 -0.116397907955153 26944.837320348 27651.8954673754 1806.34809172896 -4.27627258926364 115.22006623447 116.822643903906
2557500 23054.6789858756 9629.25383505822 9837.14302992748 3588.28212088988 1.01429966135337 -0.115923690738321 27921.2962868223 29794.4573257855 283.985545417819 -4.35578006403007 117.329001170815 118.452973319775
2559000 23367.317387285 9445.27410476532 10306.1746854838 3615.86859703591 0.994920114264004 -0.115920630307308 29363.424924318 29567.2004413474 772.889353866358 -4.41679681802827 119.280485759569 119.940889376019
2560500 23554.6304140018 9344.54539816565 10576.8408121816 3633.24420365458 0.98430983285044 -0.112137994972445 29117.7753733471 30198.5340551556 119.938844898762 -4.4013005079569 121.111752267603 121.565352322096
2562000 24118.8540015437 9493.56410458399 11017.810803496 3607.47909346377 1.00000675247106 -0.118798931990476 32485.249038205 32218.4417466375 167.554162201929 -4.65177188574772 123.052554804618 123.266924518437
2563500 24562.6381165867 9514.1076528784 11404.7887130235 3643.74175068476 1.00217071184267 -0.119451260298171 33040.1261989112 33140.2419959437 729.934099653508 -4.72155881556526 124.784181994485 124.692467338912
2565000 25077.5851288124 9645.37401880597 11824.9571347389 3607.2539752675 1.01599768460589 -0.114552597846305 32493.4062551286 32610.7192353093 630.494788019263 -4.72862589110466 126.455342103911 126.051940064385
2566500 25248.2655781674 9318.02465792101 12286.2422294852 3643.99869076122 0.981516264593775 -0.111307829647135 32360.1950621706 33771.8033031005 -773.850000128466 -4.67266592126124 128.032230656156 127.394949896404
2568000 25673.3818920413 9344.77271314957 12668.8493512786 3659.75982761311 0.98433377712641 -0.116529792770186 34840.3518879117 35116.9592839315 -98.5895130124256 -4.85796603863117 129.589529065468 128.502402602274
2569500 26372.0013308888 9577.08981858261 13086.618635076 3708.29287723015 1.00880495271318 -0.119398588738672 37024.7196359876 37177.939085977 -1182.4113308455 -4.99201972375131 131.052092497366 129.627649443077
2571000 26695.8725111962 9490.68520983021 13536.0674410038 3669.11986036218 0.999703503431844 -0.121684793804748 37045.7569548941 38724.3291129007 104.284252179154 -5.1174193725809 132.422880038718 130.795637682381
2572500 26853.3017021064 9361.06952915303 13876.530526251 3615.70164670229 0.986050405978094 -0.123298360765182 38391.6224230722 39727.7941059146 224.536931791443 -5.19242441028337 133.853485182711 131.860888107556
2574000 27314.9180053381 9381.06465792403 14229.5411044394 3704.31224297461 0.988156597453419 -0.127707872914891 40310.8535661576 41940.1320173162 369.716481439573 -5.35936169404574 135.171949672913 132.948098727248
2575500 27861.1348976269 9591.93416097592 14614.1505403433 3655.05019630769 1.01036858492399 -0.124350064929334 40132.8830041585 41811.4463036854 -177.982663589466 -5.3386004569453 136.363565867594 133.945376465623
2577000 28182.1734379576 9528.56092351787 14973.7470379205 3679.86547651926 1.00369315042059 -0.126164104651026 42200.1498432646 41240.9046146773 811.418798442128 -5.46603510853527 137.615167356435 134.796322878484
2578500 28501.5180246432 9540.37606060489 15298.9615865659 3662.18037747236 1.00493770059566 -0.128855315267713 43611.9247789644 44072.7536380476 -410.562634049223 -5.58667421133752 138.714424310457 135.631009750038
2580000 28758.4665046197 9539.9097846934 15585.7141444208 3632.84257550546 1.00488858531557 -0.122833458889158 43089.0667954184 41289.4524238572 -106.364173937639 -5.47975521098325 139.7032918117 136.413791025557
2581500 29115.3046645299 9512.43845778695 15931.4787789193 3671.38742782365 1.00199488679485 -0.128018664995825 44074.3301790233 44074.8111052151 881.736146137849 -5.64631685497656 140.764847666949 137.236819340025
2583000 29394.3036220031 9539.56318795154 16143.8132106364 3710.92722341523 1.00485207646827 -0.129462535037072 45513.5917599886 44072.9555279064 1651.08746769336 -5.72070119984447 141.80839222085 138.046524563772
2584500 29690.533647072 9463.55745337861 16530.1890364067 3696.78715728664 0.99684599498379 -0.129645483590259 47588.1655177606 44008.7964553904 825.695894311524 -5.77083355414684 142.588739352384 138.87796098347
2586000 29880.7944846451 9452.10452371762 16745.6234009067 3683.06656002081 0.99563959801102 -0.123569141145858 44138.0936353979 45757.7676127296 -742.771559054662 -5.60891003176896 143.497929528645 139.661992896052
2587500 30074.3300645655 9519.12516973853 16924.8147339514 3630.39016087553 1.00269923313199 -0.127835978651134 46329.286871604 47632.2394261431 -534.083896972999 -5.82402329385968 144.471710471833 140.519321504246
2589000 30436.3587172594 9533.44984688093 17210.8486523661 3692.06021801229 1.0042081262844 -0.121879251145659 45355.1799944998 46063.1462598952 -1213.09970649792 -5.66016976939722 145.469722657111 141.327544320634
2590500 30865.5412816952 9456.28488982043 17713.565286526 3695.69110534877 0.996079937833299 -0.12302190035825 47365.6816741133 44647.0403340161 35.9243463654797 -5.75435689776462 146.384338013756 141.983494551558
2592000 31183.8179502457 9684.73393269708 17853.5608690552 3645.52314849347 1.02014367016349 -0.128294010916881 47961.8730433619 49112.3600150369 -136.766569804263 -5.95825220774577 147.145685551613 142.638002595061
2593500 31222.6755467484 9416.78631370192 18142.5455561871 3663.34367685938 0.991919346258169 -0.131496557630694 49887.2936084443 49811.1742828849 471.686310436268 -6.05788730086056 147.744202226284 143.222420911898
2595000 31738.4212197265 9643.86110747027 18347.5004157802 3747.05969647603 1.01583832174333 -0.126245446498444 50009.2639989695 48080.278406033 -934.481773756289 -5.96267540034495 148.615090875629 143.841529486126
2596500 31762.5386505003 9483.23169900966 18579.5534092087 3699.75354228192 0.998918386159968 -0.127100440466766 49020.2346147799 50120.2101292697 -444.200664845922 -5.97047540223207 149.323648880939 144.451639560049
2598000 31950.539998602 9391.37546503617 18838.9420415505 3720.22249201532 0.98924268868554 -0.126831062045929 50046.7671364082 49898.9984046244 -548.808912890057 -6.00334977388885 150.099587460715 145.032541916826
2599500 32432.0924104152 9547.07912853974 19181.9119117939 3703.10137008148 1.00564376979404 -0.130857727921677 52200.6164154883 50961.6465668666 223.886354701045 -6.17780983536315 150.733135659259 145.596773279066
2601000 32717.4930353995 9648.85725549927 19320.2707538474 3748.36502605282 1.01636459214192 -0.125615328864667 50088.5845584159 50552.0800233127 -508.379373282329 -6.08118055864149 151.387752153078 146.264269595389
2602500 32644.8601322918 9427.59922083078 19547.8600643232 3669.40084713781 0.993058326310716 -0.125267794120037 49638.8816916688 51712.4819670729 -658.315992210507 -6.04816794809325 152.10679849535 146.794211219764
2604000 33007.0550328353 9494.92067728797 19786.6736198469 3725.46073570043 1.00014964736799 -0.129148851325797 51639.510075923 52923.6247523967 56.0822204393958 -6.23519392827973 152.652271707739 147.405994531322
2605500 33127.9344440844 9332.49573200675 20021.1169052009 3774.32180687679 0.983040578501791 -0.12357007879273 50458.8782096924 51621.8261370713 -1132.00682148342 -6.0731527213851 153.339881379204 147.989114843528
2607000 33302.4571554074 9302.5581283645 20209.4180803111 3790.48094673178 0.979887094155422 -0.129654172057371 52661.1067480896 53958.4284648062 66.2735254213927 -6.29986074491015 153.975382320038 148.445270580337
2608500 33788.9464565553 9679.8478669164 20340.5001671816 3768.59842245735 1.01962899530378 -0.125800756729977 52894.5421431273 53067.0071840579 -1601.22244890881 -6.21669012971335 154.534118742405 149.116360952847
2610000 33859.7892442735 9571.02149156141 20567.2704656111 3721.49728710104 1.00816574409453 -0.129121196358871 53746.7495613314 54247.188894199 -45.0719185977885 -6.34249141074231 155.151932757419 149.678993620191
2611500 33981.0705665401 9533.74331028516 20737.6219623061 3709.70529394884 1.00423903831939 -0.124329401899412 53269.5183888552 51931.9596280603 -641.930021500022 -6.21293244104419 155.566812891286 150.165579901599
2613000 34410.5200240902 9585.16835447415 21042.9821365997 3782.36953301634 1.00965590714427 -0.133893337870238 56958.1791114262 55873.0567776404 485.290015417889 -6.5487175639379 155.995449302984 150.702290408031
2614500 34574.7505337137 9510.57037150297 21345.84053972 3718.33962249068 1.00179811149765 -0.126708530826017 53666.1413574244 54907.2306391763 -509.475953366077 -6.34803867045179 156.584575213179 151.294550915212
2616000 35256.8040307703 9724.96710388 21737.6344800371 3794.20244685325 1.02438164047822 -0.125929845916299 54741.7433123593 54641.6020605423 -1235.59856276453 -6.37677085938173 157.067703809137 151.879587205336
2617500 34937.6626968734 9536.10247424741 21624.1742189206 3777.38600370541 1.00448754139647 -0.127344098689128 55302.5175056917 55445.5712675919 -824.923434771687 -6.42331131473615 157.437397266791 152.300033778789
2619000 35079.7227410111 9524.40841179949 21875.0015195642 3680.31280964741 1.00325574464628 -0.131684406139054 56385.1577458839 58029.2861519071 16.0189957365868 -6.59733514182211 157.947123014219 152.824535603891
2620500 35117.140222619 9445.22068598582 21946.0629847907 3725.8565518425 0.994914487384613 -0.126769852755268 56716.498643663 55227.8863746746 -1139.62674208808 -6.46289515556934 158.441522952515 153.239566864655
2622000 35504.7506051204 9493.66879488445 22245.7536352865 3765.32817494936 1.00001778004787 -0.125864759971347 56037.5007058403 54908.9920655285 -228.179243218436 -6.46010298604044 158.907218070982 153.769139684197
2623500 35549.0946972554 9557.11755036018 22188.7320400983 3803.24510679691 1.00670116925899 -0.127947961656405 57491.408029323 56749.7502074973 -1105.88827586743 -6.51319627387341 159.291712761495 154.194528471188
2625000 35726.5376642357 9476.67482817498 22516.2805735812 3733.58226247956 0.998227716666665 -0.131332635760079 57546.5881967684 58022.900518369 1191.66208585834 -6.66143500412249 159.671360041324 154.666472672276
2626500 35979.4108847828 9635.1140729256 22574.2667143831 3770.03009747415 1.01491695085328 -0.125548737720343 56088.3105250588 56063.6814813865 153.137405937585 -6.49811704752003 160.137924347054 155.163849721258
2628000 36102.2302585139 9468.75444801498 22895.7476034997 3737.72820699915 0.997393421605833 -0.130493418798643 59176.5528282119 58981.955933281 -827.674857224121 -6.67498281013558 160.522071810469 155.591651584055
2629500 36383.583981058 9516.35100739648 23103.7074373651 3763.52553629639 1.00240701610539 -0.132612285968771 59747.7962017875 59380.6308348647 821.693341720323 -6.79760661766361 161.030043091763 156.02978740247
2631000 36462.348875981 9473.34759307118 23277.349235853 3711.65204705676 0.997877241593846 -0.126367960452418 58361.9243527975 56828.2739875645 -344.072294002024 -6.55631483275941 161.347171136361 156.464392401165
2632500 36451.4657095878 9380.57153932964 23325.804090039 3745.09008021918 0.988104654693173 -0.129839069993184 59057.8903296729 59450.5755900259 18.6415420683704 -6.69682376967911 161.676436613738 156.84224876895
2634000 36937.1734094995 9629.31556448743 23521.4834949741 3786.37435003804 1.01430616363695 -0.128729683032552 60142.0404894439 58609.7234503377 -584.302006614972 -6.69750325298829 162.145299917236 157.257853187411
2635500 37090.1634249845 9596.33362425896 23667.8283129888 3826.00148773673 1.01083200339801 -0.129115560138593 59208.2714438241 60359.6335157893 -479.850085736199 -6.74093949281962 162.526702127442 157.63853649934
2637000 37223.4535238966 9513.39182076588 23866.2856965612 3843.77600656953 1.00209530950291 -0.128351950300264 59843.7668472456 59136.8590632423 -138.66434224868 -6.74604595776251 162.851031935651 157.933523180225
2638500 37435.2082320915 9630.22534483133 24057.456373921 3747.52651333922 1.01440199555815 -0.125485147663598 58754.6664000141 59147.5085256908 -1134.97518502477 -6.6583168288478 163.275338494019 158.308941707878
2640000 37667.5274180287 9545.70408110741 24269.5167166698 3852.30662025153 1.00549892885737 -0.128618337733791 60282.7470798574 61520.3842731686 -1585.19957197363 -6.76000050032677 163.648582748691 158.654213467505
2640000 37667.7299380899 9545.70408110741 24269.7189050236 3852.30695195891 1.00549892885737 -0.12862637321294 60287.1687881847 61523.2000854258 -1584.56346183953 -6.76030276822133 163.648938131772 158.654347919613
2641500 33310.095945784 9433.59275249538 20004.8946567239 3871.6085365647 0.993689656343327 -0.107067086050873 38980.9847172733 54184.41347848 -784.590980448625 -5.5902271660772 151.067586386358 158.654347919613
2643000 30731.9445427174 9485.47013844309 17316.1466992906 3930.32770498367 0.999154172691114 -0.100886359666526 31183.1714077248 52276.568854864 -1754.15142574651 -5.18517314994675 141.796278762904 158.654347919613
2644500 29118.2000324248 9365.6076613534 15809.9872060745 3942.60516499692 0.986528431174319 -0.0952314646180721 23527.7120927128 50288.0155459898 -591.14725819905 -4.79133721884399 134.623832120738 158.654347919613
2646000 28344.2314260692 9573.8139784783 14738.486572917 4031.93087467385 1.00845989134442 -0.0939473668534375 20577.2436839531 49795.5904433906 -1202.51164395793 -4.62434008835127 128.908248910333 158.654347919613
2647500 27577.0939863582 9572.68534633525 13971.5722608884 4032.83637913455 1.00834100661877 -0.0890205403776653 15622.8680816252 47974.0926220996 -582.454739493974 -4.39832391386219 123.935530557612 158.654347919613
2649000 26546.761645626 9427.37269389586 13072.1785405692 4047.21041116093 0.993034465044068 -0.0883239486580361 14660.161429679 46654.5246527792 -856.134623193059 -4.23199377254342 119.846341703558 158.654347919613
2650500 25011.3975274152 9405.15139548231 11565.2173195267 4041.02881240623 0.990693779478834 -0.0747767432349396 14007.3725590977 35490.0919616423 -832.143078846086 -3.74968612202786 117.399050576716 153.987675958048
2652000 22848.5685233607 9561.46710247009 9152.34476670715 4134.75665418342 1.00715933032813 -0.0604155289985006 12208.2591036807 25568.2903098291 -1150.65902434552 -3.1876516006599 117.399050576716 143.440742077242
2653500 21440.1187313907 9424.65736661635 7855.17632757572 4160.2850371986 0.992748445422273 -0.0486385749042295 10576.3000344646 18671.1375700831 -1295.00664783542 -2.78395851517909 117.399050576716 135.978941503031
2655000 20915.0117882017 9543.97386968328 7219.01011828045 4152.02780023801 1.00531667664015 -0.0413743825717009 9574.69744657823 13094.1124006838 156.267042334023 -2.57571235146076 117.399050576716 130.530991785299
2656500 20229.6010881594 9460.94820301768 6590.87292370018 4177.7799614415 0.996571148998544 -0.0333892985264976 8659.26812893301 11665.3917030308 -2529.48017340841 -2.33088802017725 117.399050576716 126.103748496364
2658000 19947.6594574445 9393.37295878716 6310.47101669233 4243.81548196497 0.989453095147961 -0.0331805304608283 9401.54088930993 8515.42234641969 -754.642606389774 -2.32213573699859 117.399050576716 122.384269780324
2659500 19706.5543953377 9491.4020248939 5946.93882564897 4268.2135447948 0.999779009310992 -0.0315655549264668 8114.23195264544 8401.80278425539 -589.428181289986 -2.24137053232344 117.399050576716 119.383068507603
2661000 19440.8881124399 9371.28488656542 5783.33457072978 4286.26865514474 0.987126442994198 -0.0302014156591354 7809.13902258475 9127.25007047398 -2063.15845391688 -2.18925141980813 115.562961822576 118.374142835091
2662500 19442.8833811268 9561.08043892615 5605.90892984338 4275.89401235725 1.00711860103504 -0.0339249190836022 7023.86976985617 9647.75090643904 -332.081646796126 -2.23960056498076 113.021646965001 118.374142835091
2664000 19232.4407863654 9431.50679143784 5463.37779881042 4337.55619611712 0.99346993115688 -0.0240273733470555 4379.511339065 8657.47098004085 -1665.51568421091 -2.01038465630684 111.058252801832 118.374142835091
2665500 19076.278507908 9408.15424454619 5428.29787730007 4239.82638606171 0.991010085273733 -0.0296111749151401 4807.29618581298 8924.97246972294 36.4344029391686 -2.13489320423833 109.113389308328 118.374142835091
2667000 19080.3145738504 9489.45450580933 5296.71925429936 4294.14081374166 0.999573866941521 -0.0299018509756884 3895.35416517849 9348.11318078433 454.755128153225 -2.12065122640071 107.499586721051 118.374142835091
2668500 18989.8641298886 9530.05824107028 5224.19563261417 4235.61025620419 1.00385087070841 -0.0245990476786694 4155.66165516382 7771.6749717676 -805.371047542968 -1.97379877602004 106.097195549275 118.374142835091
2670000 18833.754842033 9349.24780316815 5153.98304793253 4330.52399093231 0.984805161759957 -0.0320766986956875 5384.60928467529 8021.21669430458 899.939819562351 -2.12152313014177 104.655509937826 118.374142835091
2670000 18833.6162767777 9349.24780316814 5153.84109221621 4330.52738139332 0.984805161759956 -0.0320216598017238 5369.22492007847 8015.41333391331 896.408529731744 -2.12054274502596 104.654246365542 118.374142835091
2671500 18783.0050439238 9529.81488414299 4858.40825373959 4394.78190604122 1.00382523665065 -0.0214539184586336 4687.5952743157 5897.31636964519 -1222.70762666206 -1.87745257384905 104.654246365542 115.827616585043
2673000 18669.033752317 9450.62506404985 4855.48680531544 4362.92188295172 0.995483758787576 -0.0129170093417982 2096.11504333046 4524.05784885846 -1082.19018665922 -1.76700016912724 104.654246365542 113.796856696053
2674500 18795.3999275622 9624.19235915417 4784.11300837815 4387.09456002988 1.01376650962808 -0.00792443358749958 2520.02150630208 2578.07296083125 -1748.84963263747 -1.67975668743562 104.654246365542 112.181000965648
2676000 18745.4384497193 9509.56557412724 4776.26728562118 4459.60558997092 1.00169227093561 -0.0143885706087664 3824.45416561435 3649.38687488384 -1486.04371950001 -1.74919131229156 104.654246365542 110.456196362671
2677500 18638.7733830841 9637.79693965948 4596.5142149854 4404.46222843924 1.01519955123605 -0.0101820458432065 2170.69290956786 4312.50890752823 -2303.51122288413 -1.70134209908972 104.654246365542 108.955643608231
2679000 18394.0181409804 9395.17651836808 4602.24213603578 4396.59948657658 0.989643073510094 -0.0143139141644513 4171.08043336833 2439.42568825652 -798.333379623502 -1.72313698907444 104.654246365542 107.775674476083
2680500 18416.6902278005 9416.81096663575 4540.18157700137 4459.69768416343 0.991921943080607 -0.0196859588194798 3926.69540469062 3917.38197185142 57.7613855190765 -1.81976961308246 104.240845919946 106.962406044875
2682000 18578.8716496074 9652.72452123418 4582.86546452745 4343.28166384581 1.01677195146513 -0.0133020670259458 2601.26503658308 2180.95043540733 497.761958298595 -1.73096480937993 103.08115356229 106.962406044875
2683500 18373.4509781453 9439.59689831754 4473.91933195056 4459.93474787719 0.99432210442066 -0.0179142499744228 2745.04248132651 4586.56463722754 -286.994417343529 -1.77897673719475 102.123296950697 106.962406044875
2685000 18395.3252513272 9398.1031155848 4499.41167394771 4497.81046179467 0.989951347299184 -0.0185761417028591 2145.90348967086 5064.19873360064 38.0547201636379 -1.77102676810766 101.330085456141 106.962406044875
2686500 18492.4693070312 9617.57315485115 4420.50454063214 4454.39161154794 1.01306927422459 -0.00502879682471553 243.992159693085 2943.2329960108 -1241.89333904754 -1.60101778107845 100.460638981661 106.962406044875
2688000 18112.8680069243 9301.76085695692 4396.25899782245 4414.84815214493 0.979803113388836 -0.00472197881181055 2828.13927902545 1147.95871029776 -2163.25909468816 -1.54282501265721 99.701458649331 106.962406044875
2689500 18566.1418379934 9600.70781365763 4428.94670432535 4536.48732001045 1.01129275964161 -0.0147748954226517 2312.83880342106 3471.79110181612 -162.343278179209 -1.7319929204322 98.8222874884209 106.962406044875
2691000 18225.7214345273 9383.37185207481 4398.99295358798 4443.35662886454 0.988399626278487 -0.00785693301831113 999.324268029371 3094.41091599737 -1131.13734751272 -1.58607135217961 98.6849885509511 106.136815928207
2692500 18544.0418790336 9620.15444778977 4436.48617159805 4487.40125964577 1.01334117530834 -0.0201850296796588 3062.10311724964 3820.43854087025 653.191884247016 -1.77600502118754 98.6849885509511 105.085439659312
2694000 18313.8366328009 9476.32017640927 4277.49396735344 4560.02248903815 0.998190359341578 -0.00998667683836755 3051.90287889185 700.780511119379 -61.5906023791081 -1.63267643219006 98.6849885509511 104.035215294631
2695500 18292.6565485611 9571.60626236413 4259.1645215601 4461.88576463685 1.00822734106116 -0.0122649732380291 2451.32195976746 3828.45692359053 -1784.06061911455 -1.65159148859978 98.6849885509511 103.176047430838
2697000 18315.5783248455 9496.07466487595 4368.78787671305 4450.71578325647 1.00027120291525 -0.00703146274057667 1095.20528890488 1005.38886790581 460.959507636449 -1.54758975002898 98.6849885509511 102.542566521654
2698500 18411.6100501256 9560.38270366425 4273.4219171612 4577.80542930019 1.00704510493119 -0.00428841003437347 1340.4293046036 2041.88613710223 -1831.10169158664 -1.55366049566575 98.6849885509511 101.817339890353
2700000 18153.3165134598 9411.95524048435 4242.33587339799 4499.02539957743 0.991410464052704 -0.0028991417600384 -294.732101454307 1476.13161059087 -140.471147054674 -1.51077211621658 98.6849885509511 101.064305136294
2700000 18153.284425503 9411.95524048433 4242.30222266002 4499.02696235868 0.991410464052703 -0.0028738419815805 -296.656889541184 1470.32389795888 -141.826699915688 -1.51041081733003 98.6849885509511 101.063889634149
2701500 18157.7582866962 9313.33393786095 4314.4801530542 4529.94419578102 0.98102216652035 -0.0122392616884277 2217.59482007285 2957.84289767274 -813.792720398108 -1.65951993869953 97.9482282093622 101.063889634149
2703000 18042.4693552708 9417.39994399915 4213.7965733167 4411.27283795496 0.991983983146274 -0.00953294411505652 1180.68334851342 2297.62994429525 -103.845854575029 -1.56326665250493 97.2925721476251 101.063889634149
2704500 18430.9198578549 9536.74339881919 4335.12408987891 4559.05236915682 1.00455505333325 -0.00081257061495376 458.931127401137 1430.59678361053 -1603.4809135747 -1.50148008790407 96.7559699487543 101.063889634149
2706000 18193.9829896629 9513.32271407351 4262.97189044821 4417.68838514114 1.00208803013362 -0.0133520843853253 2004.13091626139 3152.80151979652 -484.880985564117 -1.63750258623215 96.174522490035 101.063889634149
2707500 18125.4461233486 9351.25295603742 4260.53714085971 4513.65602645152 0.985016374997358 -0.00935094743203 1188.05229626186 2495.52959871067 -427.852334877126 -1.6232147040664 95.6960908800486 101.063889634149
2709000 18358.5895393858 9567.85463767282 4288.95452340276 4501.78037831023 1.0078321628138 -0.0098472811185933 1241.8231239983 2394.25658453 -220.16086815816 -1.62169722626349 95.3438528341671 101.063889634149
2710500 18360.6931505668 9588.7678246018 4230.33329639241 4541.59202957256 1.01003505815577 -0.00952305698963045 1727.38543268928 1536.42487791711 19.0821239937391 -1.61776234165188 94.9568088235743 100.844370191643
2712000 18127.1127534747 9505.50879712921 4166.07150382991 4455.53245251553 1.00126494940003 -0.00760738862534874 1566.73254599416 2393.50731290545 -1352.03082263042 -1.53063938853166 94.9568088235743 100.294745471812
2713500 18199.8486978473 9451.46169897933 4175.12210223645 4573.26489663153 0.995571885919769 -0.0157732023353262 2762.20377608174 2569.73987259936 51.1619003046976 -1.68911136129053 94.9568088235743 99.8353647836724
2715000 18182.0221394967 9521.85698891609 4170.92164658522 4489.2435039954 1.00298698993165 -0.00469462597996414 955.031678750526 1673.58699306382 -1035.88675891338 -1.49522588000486 94.9568088235743 99.2460137766328
2716500 18300.5082908144 9566.95375958545 4205.75584316051 4527.79868806839 1.00773726861384 0.00586038980578682 345.619862835747 -442.712156301624 -1880.5400541341 -1.40656817311157 94.9568088235743 98.7166573090622
2718000 18245.297519366 9555.77233071401 4179.15911410776 4510.36607454421 1.00655947023901 0.0040496596577265 499.454491242341 -431.539331229296 -1426.76673463522 -1.41130468913798 94.9568088235743 98.1578154717478
2719500 18430.6946248227 9636.29851382413 4304.00471314729 4490.39139785127 1.015041714207 0.000334107361571882 -454.438990570178 163.178835905773 179.574088314077 -1.48454684683193 94.9568088235743 97.787724096062
2721000 18268.668826664 9520.16463149746 4233.85155847659 4514.65263668994 1.00280872507478 -0.00382209075423748 177.948227150252 2214.98389555269 -1120.19308346706 -1.50456383107725 94.7855574001973 97.5873896907004
2722500 18095.189375916 9517.83239124 4075.9225190016 4501.43446567442 1.00256305801232 -0.0115747228557674 939.694509280872 3761.34392592987 -860.98498836709 -1.6267053262967 94.4344522681826 97.5873896907004
2724000 18326.2342468055 9557.48108617658 4238.83634363713 4529.91681699182 1.00673946238759 -0.000194407210757891 211.769173616562 1619.2029135678 -1766.76473445142 -1.48986061117558 94.0104632644816 97.5873896907004
2725500 18088.8288290443 9342.03469568838 4215.0347487381 4531.75938461778 0.984045367429123 -0.00529280003792754 1637.27313622649 1543.45201985154 -1442.04462963067 -1.51219578308308 93.5057032982325 97.5873896907004
2727000 17973.7259419809 9370.16340784867 4129.47506698114 4474.08746715106 0.987008311776338 -0.00127013552345449 1046.16970709353 690.055270680052 -1320.47064285644 -1.42730104981361 93.1730948402484 97.5873896907004
2728500 18106.5510486986 9398.91802516488 4216.25840114464 4491.37462238909 0.990037185986715 -0.00923603398947931 929.795690133197 2941.463708808 -862.725008520761 -1.58296473888144 92.7199642563142 97.5873896907004
2730000 18088.3262749745 9490.17555255907 4081.33482815403 4516.81589426141 0.999649818566289 0.00603866554977693 -503.065988358652 266.491938480902 -1725.32339700704 -1.37091460233444 92.4781477853968 97.5873896907004
2730000 18088.3350860116 9490.17555255907 4081.34390641862 4516.81562703388 0.999649818566289 0.00602868256806601 -501.035841329551 267.186432657362 -1724.80770771563 -1.37104365996882 92.4782909804719 97.5873896907004
2731500 18098.123107465 9429.84607246535 4114.30264986122 4553.97438513842 0.993294998942998 0.00217066877163454 -587.234621522924 576.418709540949 -688.620096460718 -1.42425853622133 92.4782909804719 96.7859088501399
2733000 18221.486691145 9604.23605244302 4122.14164838158 4495.10899032039 1.01166440748333 -0.01291880669752 2927.75590385629 1522.10695640755 -316.882282158497 -1.61350560086827 92.4782909804719 96.0945303108084
2734500 17921.8956894334 9243.59764085011 4125.50692631351 4552.79112226981 0.973676477679477 -0.0010853192006187 732.301990275679 136.844062073246 -523.785368346448 -1.4533048674945 92.4782909804719 95.5813397021539
2736000 18031.4402279811 9386.04382684546 4032.05831690309 4613.33808423259 0.988681079353817 0.00445290262548557 -316.167822738274 125.86865112012 -1220.40111918442 -1.3699589873316 92.4782909804719 95.158866795065
2737500 18367.5750952411 9558.29859479641 4129.03789141888 4680.23860902585 1.00682557484557 -0.00521905927436188 919.496035844834 665.001855250677 62.6145851596578 -1.51650746029235 92.4782909804719 94.7957204283059
2739000 18117.8204724759 9346.00962267331 4071.71668682881 4700.09416297376 0.9844640672748 -0.00738344225819378 935.339051493107 1164.45695469739 222.017003181484 -1.5474899341674 92.4782909804719 94.4552411966529
2740500 18394.8797639628 9600.09740618799 4137.42690774774 4657.35545002705 1.01122846223079 -0.00405513496066233 415.120117096682 2803.54621546765 -1947.85693677488 -1.48513097796824 92.4494626943561 94.1603821053226
2742000 18122.0336075854 9491.3140310739 4053.31085765617 4577.40871885535 0.999769740461779 -0.00148716333310905 1203.88231351162 -396.876773101192 -342.717931017249 -1.44731333635666 92.0995931187757 94.1603821053226
2743500 18234.5409594497 9631.62329740505 4045.94035267057 4556.9773093741 1.01454924921315 -0.0194281779947768 2250.2319408757 4357.13935364079 -569.226604357667 -1.66859109735093 91.6855150483661 94.1603821053226
2745000 18030.9221800339 9508.66273341419 4017.50769853556 4504.75174808412 1.00159717000202 0.0051700251641394 764.997956997887 -670.740292872734 -1698.85908164293 -1.35998044069652 91.5595820603216 94.1603821053226
2746500 18268.1416484502 9534.4096576222 4164.15306132122 4569.57892950676 1.00430922816898 0.00558250089784053 63.1766623824969 -1455.38909591648 -334.511923575859 -1.36938523105617 91.2480307544592 94.1603821053226
2748000 18245.0215641314 9582.13101862383 4151.15709511654 4511.73345039106 1.00933596867581 -0.0106520818143389 2059.96370566694 1089.00910160981 126.728431783674 -1.60992688867225 90.7191721773144 94.1603821053226
2749500 18203.1819527733 9558.6421694081 4147.81053889803 4496.72924446713 1.0068617653561 -0.00864614585521672 1327.2328528948 639.962371779287 677.408557360274 -1.56493695702043 90.2334046201199 94.1603821053226
2751000 18293.9377539781 9688.82643179798 4075.50623745887 4529.60508472128 1.02057475449497 0.00422898166615871 751.265787163729 -1006.61437554233 -1031.61062188803 -1.40789491924199 89.9517060926847 93.9760256450911
2752500 18189.7998264364 9517.41465971442 4120.54998407526 4551.83518264672 1.00251905616626 -0.00170794261914125 459.601319379711 1028.38057725714 -970.983107666359 -1.49080528435448 89.9517060926847 93.4769092427032
2754000 18077.3494846443 9572.76820381944 3943.51034487876 4561.07093594613 1.00834973443087 -0.0129750170188966 2641.11055698307 1129.63740159257 132.741118575028 -1.59747569244338 89.9517060926847 92.9037248058332
2755500 18216.1364951153 9455.88358935918 4182.06591419198 4578.18699156416 0.996037666757169 -0.0124721798488389 2214.70315892009 1910.83361821661 -391.989711345175 -1.59650547513972 89.9517060926847 92.4415800592322
2757000 18224.085756556 9481.27474832806 4128.2979949867 4614.51301324126 0.998712250311061 -0.00787303595140458 2116.00445828195 -109.119441469433 340.366431247402 -1.57592267268985 89.9517060926847 92.0673144800606
2758500 17947.5908567575 9448.08916544456 4018.83756303225 4480.66412828069 0.995216639326335 0.00398724491019733 -44.7832043442599 373.669431129433 -1514.86498418581 -1.36997013798327 89.9517060926847 91.8527349748785
2760000 18107.7903318164 9547.5166289805 4000.67746483996 4559.59623799593 1.00568985400332 0.0074778978798802 -23.9389097629765 -560.30558947138 -1638.16234469156 -1.34716504269196 89.9517060926847 91.7766349799047
2760000 18107.8009069149 9547.5166289805 4000.68834711836 4559.59593081601 1.00568985400332 0.00746403277709446 -23.1108117976004 -557.664505350689 -1637.51504561335 -1.34732895817871 89.9517060926847 91.7768080062484
2761500 18242.2322137065 9576.76721118287 4082.91836738551 4582.54663513815 1.00877097078874 -0.000103592792834512 1367.30326304939 -66.0862636022384 -1270.5131474411 -1.42095976508509 89.7073180148445 91.7768080062484
2763000 18223.7246838488 9573.92436051522 4119.40276643873 4530.39755689483 1.0084715184616 -0.00672397948397923 632.502871506123 792.249704537479 562.631485282377 -1.49996077518481 89.4581624598927 91.7768080062484
2764500 18268.6944294344 9643.43088902097 4079.66560372295 4545.59793669046 1.01579300458429 -0.00364368224112334 462.375081312555 1387.05232470522 -774.033524039057 -1.51039958980391 89.3288238415503 91.7768080062484
2766000 18085.6761929203 9443.71842091395 4082.26117885647 4559.6965931499 0.994756245948696 -0.0102069422082007 2550.3576247839 1037.79854100237 -584.842796854037 -1.53723587820328 89.0573040245827 91.7768080062484
2767500 17983.9193508212 9233.6932756096 4095.9741007973 4654.2519744143 0.972633199095129 -0.000331732094779776 1147.59113021657 363.528635509949 -1413.8173507439 -1.42224651707901 88.7770436407632 91.7768080062484
2769000 18250.7975452822 9602.82521320861 4023.26143006166 4624.71090201196 1.01151579640898 -0.00130276306663194 1033.95577080911 275.008435336743 -927.145760710235 -1.45046639954095 88.7066171518584 91.7768080062484
2770500 17931.9428081555 9348.42979620341 4067.43326531638 4516.07974663568 0.984718996808702 -0.0103341878858359 1414.95243489563 958.489230407553 644.825086994267 -1.54410810620797 88.473523058681 91.6991783711525
2772000 18065.5750903704 9429.23080765975 4111.28809540189 4525.0561873088 0.993230189883578 -0.0123254193886631 2046.4082818015 1801.82324086499 -253.185075676572 -1.59545806624609 88.473523058681 91.5771192730552
2773500 18357.6656074746 9519.0592707423 4157.48172554299 4681.12461118934 1.0026922916461 -0.0137219090897711 2314.20534823716 1413.10445991385 269.050007829739 -1.60530988467996 88.473523058681 91.4395801923138
2775000 18170.6399243922 9581.44832323858 3977.8359849494 4611.35561620425 1.00926405680082 0.00104496899901385 988.033862026256 298.952605794938 -1590.71571004125 -1.41566279958855 88.473523058681 91.2572501258197
2776500 18303.7568354507 9452.82885147206 4199.55807983089 4651.36990414772 0.995715895241171 0.000183724022955727 931.089358127181 -533.959241348026 -450.413052382104 -1.44530520940208 88.473523058681 91.055540242132
2778000 18186.9220030998 9453.06282172908 4095.37912623666 4638.48005513402 0.99574054055186 -0.00648976992663941 966.605170391126 352.549414446598 557.19522041725 -1.51368689137402 88.473523058681 90.7755071018165
2779500 18201.9894251768 9495.20464853647 4117.72504805434 4589.05972858595 1.00017955954458 -0.00714442195938601 1311.13435552459 936.380865627305 -191.130111013766 -1.52453132427384 88.473523058681 90.3694276486239
2781000 18047.7129058972 9456.82490271752 4017.12525825828 4573.76274492136 0.996136820215676 0.00171050005399024 825.218993610125 475.871617433828 -1792.91907986543 -1.43273376743652 88.4101878172353 90.341179720889
2782500 17990.3882926786 9446.41247299254 3935.25972549009 4608.71609419592 0.995040024542323 0.00367673081508872 879.129437404016 695.545195330701 -2630.42452041698 -1.38714894637906 88.2898848995961 90.341179720889
2784000 18298.2886732452 9674.23817804402 4041.61552063931 4582.43497456191 1.01903809743972 0.00656022640651053 -667.19400439341 -146.1534832363 -1067.12873589637 -1.36522355676543 88.137506632094 90.341179720889
2785500 18103.0237798422 9440.38959746192 4103.40218389742 4559.23199848286 0.994405603566853 0.000133689511612023 121.433821520364 49.1971535598505 -208.82906072411 -1.42475489174904 87.8528799921758 90.341179720889
2787000 17977.3120978905 9379.50039562205 4034.97933486347 4562.83236740498 0.987991825525049 -0.00737145271771131 1191.59191515787 655.012325134032 256.828139988066 -1.50175331140325 87.7378954153938 90.341179720889
2788500 18336.5403187953 9583.56843753151 4142.87753624415 4610.09434501969 1.00948737952615 -0.000639346576550872 152.071099392536 -81.7409760403438 111.651907205968 -1.44462417327331 87.5193138771278 90.341179720889
2790000 18263.2310395846 9444.40642799268 4192.43387929005 4626.39073230185 0.994828717332141 0.00058982149906151 -301.93735529343 1484.35045117465 -1350.1154837644 -1.44344010064765 87.4239428916883 90.341179720889
2790000 18263.2374861927 9444.40642799268 4192.44056578743 4626.39049241262 0.994828717332141 0.000582096143680005 -300.574093576443 1484.82566433511 -1349.7576045214 -1.44352759863116 87.424035730191 90.341179720889
2791500 18263.5212194015 9597.04809709435 4060.1717472913 4606.30137501589 1.010907262558 0.00968583461427238 748.287202375221 -1113.79610453727 -2385.60274887108 -1.32941869398798 87.424035730191 90.248047616404
2793000 18209.3740117054 9594.64741211432 3999.98453739986 4614.74206219122 1.01065438585499 -0.00336838544821233 2291.83599283022 88.4283590686948 -1426.32016913074 -1.44124891991113 87.424035730191 89.9845252923225
2794500 18324.9079489684 9642.21752543828 4135.72811154282 4546.96231198727 1.015665194653 0.00298152314086482 -244.074677534826 721.548875462589 -1319.58880556294 -1.44304628415343 87.424035730191 89.742810188899
2796000 18004.3711118811 9411.31456727346 4052.80058812665 4540.25595648097 0.991342978593085 -0.00703839499733537 2351.05360489708 1008.95352527351 -1384.5061434031 -1.48421041951811 87.424035730191 89.1805740203046
2797500 18363.9602895568 9588.69782507471 4169.57406918508 4605.688395297 1.01002768473953 0.00546840236247763 -834.726627864812 146.629295664686 -837.589138771218 -1.38270640052045 87.424035730191 88.6485183477018
2799000 17856.3481660674 9344.95360959142 3940.79392030567 4570.60063617028 0.984352831894604 -0.00993321598614328 2096.87421776308 831.736226251238 -166.664167802491 -1.52162078825535 87.424035730191 88.3470385566212
2800500 18398.1214620514 9606.26291544717 4150.17119595048 4641.68735065372 1.01187790756277 -0.0150798187083637 726.421959669354 3152.92333455389 300.123119657006 -1.61757172887178 87.2941610610887 88.1936325174926
2802000 18237.3715266014 9542.49486694021 4076.60160550966 4618.27505415153 1.00516088554698 0.00470386632727776 -1083.2295428404 -27.2942867807548 -189.511543764082 -1.36912698586847 87.0483345394546 88.1936325174926
2803500 18043.0389582234 9428.43124963998 4058.96724313238 4555.64046545102 0.993145968256173 -0.00855040140045678 19.8726768216574 1925.39914657399 415.666756130203 -1.49249314130876 86.9677940403633 88.1936325174926
2805000 18251.6397508776 9514.6960108194 4079.90341758474 4657.04032247342 1.00223268666134 0.00908331341114184 167.882540462172 -275.936150100801 -2397.06672377233 -1.34352155936435 86.8649474412863 88.1936325174926
2806500 18059.1253823105 9307.00108837509 4050.42065934956 4701.70363458583 0.980355094367209 0.000860005519487489 47.0762117568591 112.255406115186 -395.535975205299 -1.39440025746202 86.5061402338613 88.1936325174926
2808000 18288.9328697662 9629.05644335472 4009.84830047146 4650.02812594001 1.01427886905301 0.00358066811724649 -395.471947440682 581.70273188262 -1167.65183719581 -1.39707869025883 86.3279780718184 88.1936325174926
2809500 18017.9446254747 9496.53897426491 3964.67298995047 4556.7326612593 1.00032011105124 -0.00304665271606553 -695.791858822643 1633.02725500107 -102.495293973061 -1.45010264615709 86.2955884093657 88.1936325174926
2811000 17997.07440942 9561.39714444953 3884.24096263758 4551.43630233286 1.00715196128399 0.00972166383270887 -2771.07103813781 1039.67074010226 -922.32334443383 -1.31533279514377 86.2351342431609 87.928233806252
2812500 18137.2665269283 9462.72889570997 4087.10884838617 4587.42878283212 0.996758718671719 0.00174032964439074 58.2496364416795 986.325546712613 -1518.37010679452 -1.41329829309146 86.2351342431609 87.6944564948429
2814000 18099.1189704191 9564.51191620727 3943.09022161051 4591.51683260135 1.00748005648152 0.00916333707860486 -374.500848605254 -327.318070438182 -1784.90781712093 -1.33623068769726 86.2351342431609 87.4153410993123
2815500 18074.5564692321 9434.30670082563 4094.26211169851 4545.98765670799 0.993764860254451 -0.00144858473889979 1168.05401555325 -170.728215857715 -604.747494328798 -1.42252030345432 86.2351342431609 87.2962616332889
2817000 18064.5278830937 9538.16691230578 3939.69697739753 4586.66399339043 1.00470499945287 -0.000239049262270674 1461.8174693734 176.881712291026 -1573.94985140983 -1.44775311658253 86.2351342431609 87.2491346551313
2818500 18471.1518184689 9573.35599888212 4200.29341053386 4697.50240905297 1.00841164995862 -0.00470145941637983 137.226552327755 754.130708126388 378.659026115415 -1.5051212074699 86.2351342431609 87.0141444105691
2820000 18168.6166852847 9439.20528724243 4076.56862277495 4652.84277526729 0.994280853978241 -0.00689529897763876 1348.78100553828 1731.07935094548 -1222.49231724918 -1.49818129844317 86.2351342431609 86.7677072527504
2820000 18168.5650976512 9439.20528724243 4076.51567609013 4652.84413431868 0.994280853978241 -0.00684371970147054 1345.90329368438 1722.26630439462 -1224.70717608243 -1.49762843837384 86.2351342431609 86.7671496395807
2821500 18072.1992180557 9458.41229929981 3930.68736843888 4683.09955031707 0.996304028998768 0.00202185486430544 709.909887841744 19.7701597341416 -1272.50715655856 -1.4209338246506 85.951551314642 86.7671496395807
2823000 18203.0615129721 9577.46605987404 3994.14631413621 4631.44913896181 1.00884458417591 -0.00215061392999841 1619.03009037037 -421.80417452025 -621.586964534231 -1.44272438673053 85.6899495715574 86.7671496395807
2824500 18197.8895747749 9575.19505577032 3963.7460290451 4658.94848995948 1.00860536743775 -0.0126487345807711 1694.16430729066 2919.34380204499 -1241.55830150136 -1.56595070183689 85.344628122685 86.7671496395807
2826000 18025.6976914443 9330.07168959235 4041.51615797974 4654.10984387222 0.982785241438073 -0.00384895578966536 1165.30038700517 1122.97095005899 -1265.53338028387 -1.48603736678631 85.0674902372709 86.7671496395807
2827500 18129.9170395116 9448.73604512149 4095.6235786947 4585.55741569537 0.995284778545478 0.00211397425545908 145.330969579838 793.09750686164 -1498.72151636364 -1.40911804738623 84.8511439867634 86.7671496395807
2829000 18140.0662266324 9434.47690000625 4118.79490305912 4586.79442356699 0.993782788224179 -0.00476830214831033 200.578437814796 2195.43264139337 -1136.92299878031 -1.48857132423131 84.5346023072684 86.7671496395807
2830500 18026.2793409104 9526.9889848975 3953.50930888428 4545.78104712865 1.00352756990546 -0.00127566938211469 470.826700582669 -18.543590098255 -116.181088111251 -1.43718344033626 84.502694421197 86.6083841455835
2832000 18238.3428046688 9515.40501242045 4070.33427538429 4652.60351686402 1.00230736950761 0.0174018798615329 -2001.62867543027 -412.528485245135 -2165.58513294188 -1.25832834873837 84.502694421197 86.5110965376082
2833500 18004.2292087284 9429.83345476548 4026.6333910833 4547.76236287959 0.993293669854688 -0.00405438182208467 463.264455593614 240.320294236063 360.90902561805 -1.45102301317731 84.502694421197 86.3068810794796
2835000 18078.2089313515 9443.583153582 3997.6368663937 4636.98891137584 0.99474199753326 0.00889883465946088 -1206.3488975769 -400.483355022669 -725.987046734855 -1.33131325892462 84.502694421197 86.1737324970495
2836500 18115.3026957863 9466.83625272284 4010.79281869151 4637.673624372 0.997191368064764 0.0195264937395867 -2659.93953910769 -1360.28630979066 -1080.06047254879 -1.24306036755184 84.502694421197 85.861255203613
2838000 18098.5852410804 9593.07431968821 3912.31440106012 4593.19652033204 1.01048868380347 -0.00162505251637979 534.870707611106 -16.7938001627589 -93.7686354972877 -1.42449586550344 84.502694421197 85.8303809839865
2839500 18197.9291971987 9539.83405197558 4032.30670837271 4625.78843685041 1.00488060799237 -0.000692704075022756 1135.39928664681 166.192883005824 -1120.93182668778 -1.43790758772369 84.502694421197 85.7318173768924
2841000 18152.8939663978 9600.72250455198 4032.04816896508 4520.12329288073 1.01129430711034 0.00880625608832542 -0.301301273796475 -763.575911774192 -1528.79457787488 -1.34236584312826 84.3732998046683 85.7122787545263
2842500 18160.5572254939 9497.94187191189 4015.36884974636 4647.24650383568 1.00046788559666 0.00229542055255091 -204.265796102844 561.624596195302 -954.252282946445 -1.41326268080345 84.2731114874949 85.7122787545263
2844000 18008.3526697174 9374.57218925137 4064.29639520395 4569.48408526209 0.987472711776623 0.00384590304575586 -623.047638239698 282.528276098231 -656.049140794833 -1.41195838568465 83.9775660434034 85.7122787545263
2845500 18385.2647120943 9642.23181981048 4147.95358778951 4595.07930449429 1.01566670035398 -0.00933529327181529 924.176028837528 1009.19036352862 483.144229182189 -1.52218448248478 83.8909669337397 85.7122787545263
2847000 18303.7586397407 9611.39321736896 3996.92031348974 4695.44510888203 1.01241830909243 -0.00486531485213724 750.294129624173 954.881000528131 -447.512798601552 -1.47734026243933 83.7736737293667 85.7122787545263
2848500 18051.7812263645 9493.83224942702 3950.90774399058 4607.04123294691 1.0000349975696 -0.00126992003469248 430.150092458914 92.341330852214 -195.465078254326 -1.42538454315698 83.4566261060862 85.7122787545263
2850000 18038.3152838789 9407.61326241904 4048.50343173662 4582.19858972321 0.990953100797287 -0.00357229346020006 1396.0278538453 905.708543905246 -1382.94252437663 -1.50626720532461 83.3538031256647 85.7122787545263
2850000 18038.273011879 9407.61326241904 4048.46062684144 4582.19912261856 0.990953100797287 -0.00352844410404175 1389.01027144344 903.267064972355 -1384.76644322243 -1.50581847735366 83.3533506961815 85.7122787545263
2851500 18134.9904046992 9527.1413885574 3952.90284971341 4654.94616642842 1.00354362337993 -0.000614848682473281 1077.61155167801 493.052020722096 -1413.64647618326 -1.43334843853266 83.3533506961815 85.1046189256218
2853000 18289.9076433371 9398.43362380296 4190.73965141779 4700.73436811634 0.989986161458151 -0.0122108091971172 1912.30524521518 1267.78868416934 -70.0552533151813 -1.57330631495605 83.3533506961815 84.8781258203551
2854500 18292.159257115 9699.52948736774 3949.1149775451 4643.51479220219 1.02170216330834 0.0122053381212439 -744.281693089415 -124.853589622542 -2236.41187331478 -1.29665232216839 83.3533506961815 84.7935366738898
2856000 18005.9816876935 9397.28270122025 4021.78300612755 4586.91598034566 0.989864928763917 -0.00354880028437886 370.495458237006 1529.86246437726 -998.397819762362 -1.47810997470259 83.3533506961815 84.6993748375555
2857500 18317.1769232994 9592.45319467872 4064.52219011304 4660.20153850761 1.01042325745813 0.0199501595845676 -2649.53210335293 -336.902919728572 -2073.84494139303 -1.23470450308357 83.3533506961815 84.528392089895
2859000 18101.8319755242 9519.98529523792 4020.199540527 4561.64713975929 1.00278983464875 -0.00457429997363357 622.872072254439 1449.02935226316 -911.91983300394 -1.46034306932239 83.3533506961815 84.5085971510511
2860500 18110.6649022079 9557.15595729459 3978.88621176649 4574.62273314685 1.00670521486223 0.00856126734703994 209.793810297634 -1642.16863627194 -734.141290304816 -1.32942360806115 83.3123526597635 84.3746463153157
2862000 18293.055507791 9584.01399627044 4099.05543556327 4609.98607595727 1.00953431255811 0.000373653354055923 -15.3784412313089 678.73052453842 -757.620337670411 -1.4232354077323 83.0581232773041 84.3746463153157
2863500 18072.6543119448 9450.22458068554 4011.38264699129 4611.04708426797 0.995441573780538 -0.0103865712910511 1768.38024913345 62.5429748837916 785.89195136918 -1.51975261038348 82.9442677026802 84.3746463153157
2865000 18088.8735157667 9450.84380700007 4066.06904617604 4571.96066259062 0.995506800126409 0.0109114146502563 -748.927324500836 -725.048314990637 -1272.07679924615 -1.34862980438479 82.8539657047621 84.3746463153157
2866500 18162.1101985995 9508.64064565553 4056.82443718102 4596.64511576299 1.0015948433829 0.0166115323139519 -621.610287462801 -1812.29299615009 -1746.22168589643 -1.26795707020514 82.8447714605548 84.3746463153157
2868000 18314.5597411869 9709.42493394825 4020.38333859872 4584.75146863997 1.02274450244359 0.0139088839386009 70.2820005439827 -1845.86206016513 -1727.45541940493 -1.27089207723557 82.9158937930271 84.3746463153157
2869500 18113.7627289864 9617.2718764559 3938.70035008181 4557.79050244869 1.01303753899572 -0.0126492345852024 94.429511721348 1828.27312289905 1262.74993095593 -1.52733029365799 82.9072346247604 84.3746463153157
2871000 18315.5145920452 9535.2456144888 4124.75427447997 4655.51470307639 1.00439728387726 -0.00295554671139854 -32.938933410204 385.847764073442 391.089046191823 -1.47761176066275 83.0613076288519 84.1845905445444
2872500 17981.8214939707 9390.68541288951 3946.95016309521 4644.18591798596 0.989170001884395 0.0115743311344943 -908.374469573259 -294.486246891972 -1695.41246538889 -1.28696026281522 83.0613076288519 83.74177277905
2874000 18242.1478858116 9545.6865797725 4027.81624509664 4668.64506094242 1.00549708535024 -0.000365847845060997 1609.97379885429 855.508099412675 -2373.88606164838 -1.40719126275292 83.0613076288519 83.7286266573238
2875500 18298.7015343019 9603.15439505763 4085.61328333087 4609.93385591343 1.01155047085455 0.0202355560727141 -798.281673090949 -795.995339974005 -3468.21660243408 -1.26492880732072 83.0613076288519 83.6658216702741
2877000 18062.9096787286 9476.50036281843 3976.49573216228 4609.91358374788 0.998209339318316 -0.00713587722915119 1459.3285582839 1327.49407935895 -1001.72609025915 -1.50034509861057 83.0613076288519 83.6590783626716
2878500 18394.1561199379 9610.42896494087 4132.98014299991 4650.74701199715 1.01231673934175 -0.0038682476338941 1172.05949110597 31.3241799066879 -237.057049264811 -1.44460932772197 83.0613076288519 83.5426815346449
2880000 18106.7877458678 9501.17841383858 3923.20444303177 4682.40488899743 1.00080880748286 0.00332548127271991 371.195003730322 638.743196442227 -1840.45748887149 -1.37376938767264 83.0613076288519 83.520666660074
2880000 18106.7699144532 9501.17841383858 3923.1859309891 4682.40556962553 1.00080880748286 0.00334792403879621 370.086171137754 635.163244211376 -1841.37151373213 -1.37354661475314 83.0613076288519 83.5204530478344
2881500 18365.1610282911 9663.59690736786 4127.96621190697 4573.5979090163 1.01791719675229 0.000351917597027249 -681.542594398668 1788.66763178667 -1195.20246430448 -1.43878423992897 83.2392757786423 83.5204530478344
2883000 17909.425478125 9264.21786456845 4083.9629197106 4561.24469384596 0.975848513674456 -0.00798719826431089 856.720375541686 2172.78853555576 -1033.98082084658 -1.49076722706958 83.0936886538774 83.5204530478344
2884500 18221.0157467883 9582.24309363359 4047.91307930719 4590.85957384749 1.00934777412267 -0.00671935266537744 379.992835680539 1403.6323435895 -110.576710044713 -1.51542366809632 82.8105644854159 83.5204530478344
2886000 18160.3547670375 9495.63919451405 4054.31097383409 4610.40459868935 1.0002253325448 -0.0132333853598246 2004.44649460677 908.59604988012 383.020575606519 -1.55788329818148 82.8379262363431 83.5204530478344
2887500 18168.3682737423 9506.52980950124 4089.19537309284 4572.64309114821 1.00137249797243 0.013441775580446 -1109.46488592879 -82.0218104040519 -2153.14027277312 -1.28690174475903 82.75527855156 83.5204530478344
2889000 18102.6109337089 9412.1673294049 4115.45705205174 4574.98655225225 0.991432804487797 0.0015537392321846 106.835083880861 578.967285291183 -1070.83832028392 -1.41927526085835 82.4190885967731 83.5204530478344
2890500 18341.3732820093 9709.31881274764 4014.92093706269 4617.13353219895 1.02273332414259 -0.0102437500365696 1671.51630783259 -319.419227992339 1177.76120868338 -1.5391219413421 82.2183444227919 83.4384050713958
2892000 17897.8777759599 9379.3687524499 3963.99124628779 4554.51777722222 0.987977958861315 -0.000100118600882348 402.313258506188 371.135644158757 -748.731609253876 -1.40780375705519 82.2183444227919 83.4093838212361
2893500 18147.5551728859 9476.72336536039 4050.72575793497 4620.10604959058 0.998232829342223 0.0132107856383661 -1066.88331815791 -1204.54086163228 -987.720194641077 -1.30167793825834 82.2183444227919 83.3496394551094
2895000 18051.2251864706 9465.97413112234 3964.39463505419 4620.85642029403 0.997100556288232 -0.000112332801503771 454.515259840749 71.8514991726903 -498.730795696062 -1.40566855050937 82.2183444227919 83.1183262610056
2896500 17932.1052841113 9369.26366338843 4016.17044753603 4546.67117318683 0.986913536987247 0.00906860670839866 -1439.43097524628 1508.56819803992 -2294.81617174763 -1.30347165302164 82.2183444227919 82.9183635359601
2898000 17995.3787078707 9444.95916790366 3968.84957375305 4581.56996621397 0.994886940317445 0.0143721815846227 -2235.05645540475 417.725509232455 -1703.00766943016 -1.2813951626241 82.2183444227919 82.754289767118
2899500 17907.1344738641 9457.12235329934 3903.55233914786 4546.45978141685 0.996168152240937 -0.00421634553033145 172.477630969304 1557.3516633914 -696.189148226321 -1.43909603204199 82.2183444227919 82.8250957104385
2901000 18208.5316818288 9593.17686644484 4039.16394627044 4576.19086911348 1.0104994855896 0.00234770113397201 -133.287195195497 650.863297102207 -1091.43884464202 -1.40408268197932 82.1684504574909 82.6337804816371
2902500 17871.8581268128 9329.26637220957 3987.78735180152 4554.80440280172 0.982700413146845 0.00761886300275542 -1216.51423275553 287.994503240726 -931.609254119302 -1.33406877466786 82.0715758663337 82.6337804816371
2904000 18181.8785125337 9495.73481713952 4078.43284040756 4607.71085498662 1.00023540497599 0.00636563766834235 -609.909016013972 415.850032186206 -1362.63257594505 -1.37887332122436 82.2054352008273 82.6337804816371
2905500 18092.6397841866 9409.74137355127 4087.10765660663 4595.79075402869 0.99117726587152 0.00703060650763672 -46.1756267617848 -567.01138301379 -1101.43622109846 -1.36166829047773 81.9814865213046 82.6337804816371
2907000 18188.8652806929 9434.76695686335 4122.90890377244 4631.18942005716 0.993813341429752 -0.0124611911951297 1074.30753587444 1051.33221350296 910.562903470659 -1.54756023606803 81.9051241508565 82.6337804816371
2908500 18274.5875701278 9541.63804104187 4096.70741214869 4636.24211693719 1.00507063159445 0.00089132509947785 96.9875897484981 181.279839223439 -495.66060440144 -1.43549309816393 81.9878781644914 82.6337804816371
2910000 18231.4878023793 9546.06441257108 4068.75013705161 4616.67325275664 1.00553688445474 -0.00262836153457027 462.731028137801 1600.72078460714 -1422.59337488688 -1.46524174164547 81.9628179091082 82.6337804816371
2910000 18231.4751186108 9546.06441257109 4068.73726769793 4616.67343834175 1.00553688445474 -0.00261260118229823 460.348650656524 1599.88920043998 -1423.22337919199 -1.46508860434565 81.9626623593562 82.6337804816371
2911500 17996.3389923613 9388.65670017878 4026.65878787046 4581.02350431205 0.98895630696569 0.00462056516109997 -708.822399567077 -39.3148523751488 -375.23472915419 -1.35285405391031 81.9626623593562 82.3967212780756
2913000 18184.304143511 9550.32062063638 4002.23216387279 4631.75135900186 1.00598521310753 -0.00158636763949601 1391.87409639385 116.645728212923 -1123.34704517274 -1.46235618769816 81.9626623593562 82.2873710804785
2914500 18347.2478448543 9664.20133880689 4024.28298036964 4658.76352567776 1.01798086467656 0.018438179734388 -1913.42978107798 -295.663648863712 -2266.97069351427 -1.2623104349948 81.9626623593562 82.2734478335969
2916000 18129.0785892738 9427.67233694631 3993.65015312281 4707.75609920462 0.993066028013516 -0.0153893951944566 1107.55225747298 1447.6181122384 1180.34609070363 -1.54568837335798 81.9626623593562 82.2641366841425
2917500 18248.6597797362 9589.17589081647 3954.40533445457 4705.07855446515 1.01007804190409 -0.00172453025014271 1274.99606608319 -426.412751238742 -431.465506295503 -1.4216915922139 81.9626623593562 81.9727221984374
2919000 18104.1770884819 9433.14850335591 4024.96385230247 4646.0647328235 0.993642861258326 -0.00267955824030162 1384.96343391631 -590.554974395745 -145.073309673893 -1.41981917774628 81.9626623593562 82.1272260318638
2920500 18091.0318252025 9516.23774895432 3932.81905767489 4641.97501857325 1.0023950860014 0.00685495492387196 226.918491520156 -535.303182566418 -1356.94247290011 -1.36951284880806 82.0703765247828 82.2254078049031
2922000 17962.6435561291 9371.20537525505 3942.2862023032 4649.15197857089 0.987118067652083 -0.00903017095374588 702.30534524623 2117.81248047136 -631.659862431298 -1.49267424940012 81.8716795714664 82.2254078049031
2923500 18054.9011262901 9581.94758744552 3878.70926214451 4594.24427670009 1.00931664691057 0.000118397600889142 582.489445722741 408.399268794344 -1019.51488793824 -1.4224055837069 81.6792721033271 82.2254078049031
2925000 18230.7173126288 9473.96593652209 4166.88941431043 4589.8619617963 0.997942374943076 0.000337924422732851 357.290735690002 -465.86302995089 27.0058770331902 -1.44912927072005 81.5423585794837 82.2254078049031
2926500 18195.8312912213 9600.88891284162 3962.59498093706 4632.3473974426 1.01131183576569 0.0083768068443306 -59.4133424693196 212.182007709852 -2168.83460747823 -1.3373003807963 81.3050824932858 82.2254078049031
2928000 18256.1334329129 9378.38013129162 4204.32037617254 4673.43292544876 0.987873822224851 0.0100002808419311 -541.677069471245 -95.0615045056562 -1766.85158066823 -1.33736285690322 81.1969437906313 82.2254078049031
2929500 18201.3437296164 9519.55960836486 4037.68514310226 4644.09897814923 1.00274499482434 0.0180546309949612 -40.2877109676819 -2157.36742596911 -2141.6248230692 -1.25173113840254 81.1933605865696 82.2254078049031
2931000 18285.3278385653 9657.47420998261 3958.43848386561 4669.41514471708 1.01727226101887 0.02651085961698 -1016.9861561397 -2243.60059804628 -3097.03643444964 -1.21144614336473 81.0309972403462 82.2086070460599
2932500 18022.9523882898 9372.61183997814 4076.74133498039 4573.59921333123 0.987266217936286 0.00172650887957947 -1502.0204205376 1417.99312281009 -328.85641917459 -1.41571940196615 81.0309972403462 81.9794980573196
2934000 18247.830388066 9551.62343656677 4091.86649894821 4604.34045255105 1.00612244552239 0.000435120219422041 11.1771682806569 -141.852296557459 27.0103908767151 -1.45259779112916 81.0309972403462 81.6710431241369
2935500 18208.1128611597 9550.45578111471 4001.79236354251 4655.86471650243 1.00599945026752 -0.0101095263121528 1490.42128007619 1307.27075091837 -393.807786594611 -1.53568093605573 81.0309972403462 81.5134096087039
2937000 18184.545534966 9530.89678088324 4026.75369358175 4626.895060501 1.00393919849194 0.021219376284412 -566.686969210915 -2356.96436795729 -2128.1364105819 -1.23573826915263 81.0309972403462 81.6128974299541
2938500 17811.0107470548 9307.14789895113 3936.85556954187 4567.00727856175 0.980370558692909 0.0134982945586118 -903.97748911534 -1313.80042768695 -992.927600185346 -1.26339840240989 81.0309972403462 81.539470840748
2940000 18201.5331899705 9495.73746852714 4002.83161778403 4702.96410365936 1.00023568426051 -0.0148192865886059 1662.28013036927 1804.92311076932 53.6623117523912 -1.56975098637717 81.0309972403462 81.4457562245974
2940000 18201.4710222092 9495.73746852714 4002.76813108528 4702.96542259677 1.00023568426051 -0.0147504846351937 1658.90760555933 1794.54434456516 51.0405492847723 -1.56910025334518 81.0309972403462 81.4451374844156
2941500 18009.8266376699 9439.5025815108 3928.54405039721 4641.78000576191 0.994312169538189 0.00631216659403315 257.380570322948 262.253606821873 -2020.33598257658 -1.33501555638261 81.0864507065953 81.4451374844156
2943000 18170.9504481342 9604.08537591404 3928.9617056519 4637.90336656822 1.01164853593659 0.00819875851439438 -288.406071183413 -703.778282547121 -951.700418887124 -1.32503454577664 80.8639145463693 81.4451374844156
2944500 18264.7030678972 9605.0125808826 4021.27489889147 4638.41558812311 1.01174620328463 0.000814602631207525 737.320023032562 71.7446336944315 -1002.15112272018 -1.40999629963882 80.8422446940625 81.4451374844156
2946000 18098.4407004392 9533.61744317206 3966.81494912349 4598.00830814367 1.00422578007817 0.000357124510895718 893.143888004444 118.594404358909 -1096.25304370435 -1.45094554197523 80.7133174526202 81.4451374844156
2947500 18138.96014899 9468.93907236425 4053.29195414499 4616.72912248075 0.99741286905401 0.00280427151804261 71.6092552987194 -364.166197660464 -370.549683746954 -1.40269925832091 80.6483794471771 81.4451374844156
2949000 18097.917070984 9504.84791746098 3965.47191608779 4627.5972374352 1.0011953354886 0.00146462361548018 1193.49192528529 -799.382900929342 -740.146279907039 -1.42641843443513 80.5803528972889 81.4451374844156
2950500 18192.1570203313 9537.15810652155 4031.70023782163 4623.29867598815 1.0045987366642 0.000627141751831868 289.406575368966 1053.59567192882 -1491.14958965847 -1.40068934801047 80.6350491901739 81.3770222729316
2952000 18292.7180569402 9543.27688728421 4080.60139332778 4668.83977632823 1.00524325983928 -0.0061652317163996 -237.851748556873 1124.90313899551 566.650634959909 -1.48459786908763 80.6350491901739 81.2268545102069
2953500 18106.8417774188 9447.62985516432 4028.25955130166 4630.95237095286 0.995168257772615 -0.00385700224098026 1237.09697863434 536.231318961321 -864.36673208362 -1.44948429279045 80.6350491901739 81.1837807643715
2955000 18176.3177592588 9434.23560142107 4059.9925342122 4682.08962362551 0.993757370982363 0.0257185699617572 -1681.440508852 -1277.92475891946 -3100.93755597082 -1.20457733538575 80.6350491901739 81.1747861218774
2956500 18203.9895639935 9455.22753686446 4106.76615879611 4641.99586833288 0.99596856131716 0.00622827882982916 1453.18019796942 -2304.39312071701 -615.875475337793 -1.37620061509034 80.6350491901739 81.1450215043466
2958000 18233.296900344 9558.46471875158 4056.57519589542 4618.25698569702 1.00684307355049 -0.000852646715299367 738.935689558569 514.62565337223 -1052.8815606854 -1.45265999899284 80.6350491901739 81.0789548515749
2959500 18180.4194683386 9488.44351489061 4044.76993234736 4647.20602110061 0.99946737398121 -0.017586961233134 2663.41432408661 892.073847850433 577.603563807705 -1.58978246918631 80.6350491901739 80.9576480041572
2961000 17979.2103799172 9459.52089051962 3973.38263895477 4546.3068504428 0.996420802709182 0.00456655184667365 -977.40276769016 1071.3590847515 -1165.9256518388 -1.36056155997623 80.5733170741922 80.9282641351976
2962500 18132.8116918298 9501.27623225066 4045.4965131225 4586.03894645661 1.00081911120774 -0.0107155517912094 494.328476457034 1871.05399947169 148.387930579791 -1.53658966407252 80.5208486669033 80.9282641351976
2964000 18077.4807059853 9585.39107498902 3959.28285661714 4532.80677437912 1.00967936746079 0.013190716582845 -759.844770821809 -456.257832227511 -1881.57867539408 -1.30230348265347 80.6056744088294 80.9282641351976
2965500 18252.8976249298 9595.5476762023 4064.39617578483 4592.9537729427 1.01074921537919 -0.00723556225842615 786.185144022944 463.871633250013 449.919331028787 -1.51164367173355 80.643210113228 80.9282641351976
2967000 17889.0406741584 9298.34199011611 3961.24937033517 4629.44931370706 0.979442986265983 0.00385272778575614 443.856612750515 -260.946503764845 -1087.03692032031 -1.36653553136614 80.5486557902973 80.9282641351976
2968500 18129.1998137656 9565.31478968181 3980.65995363108 4583.22507045272 1.00756462734311 -0.0126271795557208 2541.69795588088 393.49534481094 28.2801627234439 -1.53238821508532 80.554899600071 80.9282641351976
2970000 18329.6686604963 9666.69064188573 4024.50959323816 4638.46842537245 1.01824307598733 0.000858088958857145 -383.733042989921 1701.00961068401 -1518.44743674297 -1.43748376539746 80.4692682877887 80.9282641351976
2970000 18337.797257211 9666.69064188573 4024.51986594068 4646.58674938462 1.01824307598733 0.000843810119560007 -379.848976722523 1700.14645805102 -1518.12113487731 -1.43761714828999 80.4693999999149 80.9282641351976
2971500 18025.8464592346 9522.90688035032 3917.2247428172 4585.71483606705 1.00309758048668 0.0104475212617295 -1338.46703338046 -517.176303928662 -591.854941207671 -1.32524420635628 80.4693999999149 80.8678445265766
2973000 18261.8116838748 9656.22302684852 3981.13323707912 4624.45541994719 1.01714046735646 -0.00513924858183997 892.195244385096 884.596286040549 -573.356295984329 -1.47381105651641 80.4693999999149 80.8332115855118
2974500 18064.0721819961 9500.03009008272 3939.81469137524 4624.22740053818 1.00068784853665 0.00718897174140277 380.71546080976 46.2177610822343 -2107.68686714477 -1.36821302389148 80.4693999999149 80.7056652019907
2976000 18201.8305847069 9588.60138553468 4009.83409847201 4603.39510070018 1.01001752625846 0.00472856934681958 100.107419585218 217.329715814825 -1419.74303469075 -1.37784528154566 80.4693999999149 80.4709456980186
2977500 18049.2307600782 9477.69348251444 3993.96428085043 4577.57299671336 0.998335016855158 -0.000396134909507523 678.737848266341 -218.69013093956 -367.775965265158 -1.4031937278508 80.4693999999149 80.4067274627799
2979000 17928.0119931655 9430.59950160851 3963.74685705886 4533.66563449818 0.993374361574605 0.00485333970122225 -52.465454586123 -273.445718017306 -805.708973466384 -1.3293071997284 80.4693999999149 80.4871809485058
2980500 18087.2082553043 9490.67475726466 3999.76768252172 4596.76581551795 0.999702402408454 -0.0129681775074697 1455.46852581055 1955.07994762106 -386.278453156465 -1.52683150018397 80.4281271570635 80.5436230214505
2982000 18308.9464996216 9682.04447640934 3958.68235750808 4668.21966570418 1.01986037566855 0.0138035415488744 348.933851575405 -2495.80214676171 -1068.77152784094 -1.30875849928412 80.3421056219304 80.5436230214505
2983500 18284.8126658229 9664.03716762772 4020.77504201043 4600.00045618477 1.01796357166774 -0.00106689688419047 492.398323168712 808.229052459185 -1052.37223747485 -1.43734798059409 80.2494634026877 80.5436230214505
2985000 18131.7428250889 9560.11466791072 3976.99811129469 4594.63004588348 1.00701687132361 -0.00163712813571116 -1269.72957074431 1810.71433733762 -160.41236209054 -1.40642347997981 80.1716754805402 80.5436230214505
2986500 17979.1994663047 9290.22147348177 4054.55504276106 4634.4229500619 0.978587609783723 -0.00854470918757047 1438.90240359218 2015.85672236635 -1469.26958675985 -1.50932142844311 80.1376596099291 80.5436230214505
2988000 17953.9458914927 9426.56639197579 3956.49802027902 4570.88147923784 0.992949533046378 -0.00506704911949287 1439.88579813237 390.085322665696 -654.013000402393 -1.43066111720067 80.0392626544207 80.5436230214505
2989500 18063.2890115932 9486.39129045153 3986.06245509664 4590.835266045 0.999251202449205 0.00676466889526769 29.8183968545802 -1323.96325139008 -277.444971886668 -1.34991611184013 80.1233321663543 80.5436230214505
2991000 18020.7026902021 9434.09008382186 4007.94625199585 4578.66635438442 0.993742042852674 0.0163868604753716 -1427.87485986356 -1125.60238360227 -1252.43694309503 -1.27818345868103 80.1123506747811 80.5306602982092
2992500 18210.1856046262 9496.17289269633 4065.09424605501 4648.9184658749 1.00028154976524 0.000762513744324238 1120.00232028356 -230.863162749875 -1066.18709672805 -1.44988709622201 80.1123506747811 80.5084052301006
2994000 17798.3248365717 9286.63246309709 3920.73659290697 4590.95578056759 0.97820956055165 0.00248009736825735 -1362.89108461519 1394.59363119955 -606.662858127587 -1.37830671794129 80.1123506747811 80.3835458676699
2995500 18259.1618188625 9558.88567076051 4063.55139830573 4636.72474979628 1.0068874146269 -0.00191841928571187 692.12177561023 1262.89597442949 -1511.30820778299 -1.43278607535668 80.1123506747811 80.1961022755148
2997000 17976.3532314108 9369.78108369449 4010.37708266883 4596.19506504745 0.986968039573865 -0.0114658439279303 1800.49708021034 409.368639868463 437.066423966998 -1.51113903554227 80.1123506747811 80.0451100861926
2998500 18271.4895464389 9639.19944234679 4022.43287561605 4609.85722847607 1.01534728417831 -0.00087682924462582 759.281860606112 627.286754494416 -1183.78199353076 -1.44461316480308 80.1123506747811 80.1903848568885
3000000 18159.3562371575 9496.45222347466 4022.82415227952 4640.07986140335 1.00031097313685 -0.000313674316985038 -622.841032151828 1202.56842694382 -507.428752727949 -1.39077421929248 80.1123506747811 79.9188458617024
3000000 18159.3171164665 9496.45222347466 4022.78387403157 4640.08101896024 1.00031097313685 -0.000264632492903107 -625.186830015233 1195.36227255091 -509.180745096028 -1.39032504079753 80.1123506747811 79.9184288866351
3001500 18248.079072499 9486.7601413151 4078.24310113826 4683.07583004559 0.999290055439522 0.00691647311027908 235.502040917144 231.906314863145 -2063.62136451815 -1.38213800950246 80.2152081434499 79.9184288866351
3003000 18233.6315716073 9538.2340920489 4031.61533848368 4663.78214107474 1.00471207584652 0.00424685762901603 343.78809684135 -668.388961332178 -653.594124962367 -1.38434231754428 80.0586557414522 79.9184288866351
3004500 18542.47983053 9669.79916240723 4174.82916764072 4697.85150048202 1.01857051270946 0.0038161251000875 -1187.39811963646 1595.74081661553 -1285.6420952555 -1.42879728648453 79.9053374459075 79.9184288866351
3006000 18264.284492619 9612.64397471352 4029.25599061283 4622.38452729264 1.0125500579042 0.000210527723958978 750.51335526071 190.135084798168 -988.994568142821 -1.43163125466869 79.818390230274 79.9184288866351
3007500 18174.3984772612 9538.50243919436 4034.70083531052 4601.19520275629 1.00474034225463 0.00388991500255172 -1068.79541469265 1540.9738296892 -1363.27863658818 -1.39921386797829 79.6227185538935 79.9184288866351
3009000 17780.8887387431 9305.19054404981 3873.41383912612 4602.28435556719 0.980164380265425 -0.00723081434187063 561.733274622667 1713.35022929313 -622.022525814236 -1.46106893282004 79.4606704468996 79.9184288866351
3010500 18049.2300109429 9520.11382714849 4012.383103325 4516.73308046939 1.00280337358703 0.0060896387587707 -301.960651949839 -144.026510211717 -947.410145647183 -1.34533532639595 79.4334935852633 80.0160800656385
3012000 18122.1711573768 9453.91587449497 4045.06733637027 4623.18794651152 0.995830397060617 -0.00803139187240351 986.414577832088 584.296788791184 260.753972228152 -1.51656549999562 79.4334935852633 79.7446805362172
3013500 18297.8720814773 9602.25580567779 4039.41275181017 4656.20352398935 1.01145581773611 -0.00426545549026317 2271.66736769647 146.744893208036 -1447.72996568567 -1.44255657092251 79.4334935852633 79.5802921806113
3015000 18273.606839581 9556.48121676093 4052.24055898535 4664.88506383471 1.00663414091335 0.0043113514247929 1379.8302494933 -761.448854280926 -1599.43633174451 -1.39403568326202 79.4334935852633 79.5744670418594
3016500 18098.4767741416 9480.85068281829 3981.30902272115 4636.31706860213 0.998667581273322 0.0162959549082492 -1049.20960961794 -152.945298072918 -2507.51326475693 -1.29291323681912 79.4334935852633 79.6066017515206
3018000 18151.9106116563 9449.24590146753 4065.81657473016 4636.8481354586 0.995338484380632 -0.00490805825981891 1002.24815723734 396.869038285358 -280.234768781025 -1.45431004908518 79.4334935852633 79.7202366098132
3019500 17985.5715055962 9326.86512855704 4039.55467376251 4619.15170327664 0.982447477595938 -0.0043727037011414 1586.80627550349 -505.456732298665 -86.7573243834972 -1.4673845765453 79.4334935852633 79.5405963128219
3021000 18059.0269960013 9462.1891812304 3952.43674745868 4644.40106731223 0.996701867723221 -0.00570035627934426 1342.25023452136 182.019398734435 -231.061026843357 -1.45649913407181 79.2873913510152 79.4803838195943
3022500 18234.9263414745 9537.48476197468 4068.88414785814 4628.55743164168 1.00463314499128 -0.00582175344677195 91.2816506607512 1476.25498687605 -253.629015775765 -1.47898744041603 78.876669838959 79.4803838195943
3024000 18171.0367085595 9529.27013653941 3974.82025848268 4666.94631353737 1.00376785553688 0.0223788235853504 208.887340954091 -2514.96290299709 -2739.23902667407 -1.21501516800752 78.7931642528244 79.4803838195943
3025500 18238.8631802846 9618.12091544742 4028.77784042619 4591.96442441098 1.01312697271264 -0.0162590939846931 2488.00721212447 1453.62416497904 -277.788109704838 -1.59115744361443 78.7549915268714 79.4803838195943
3027000 18211.3526038596 9592.44250085348 3951.96833036038 4666.94177264573 1.01042213102159 0.0116365541653903 -1377.80768068956 -759.265071550375 -475.303280663737 -1.31014319640225 78.4600966619958 79.4803838195943
3028500 18097.7544163604 9540.65922168939 3953.23213759496 4603.86305707602 1.00496752743344 0.000606871962033372 -1086.4623127208 715.974352544081 234.227792999532 -1.4245687890416 78.4710362573996 79.4803838195943
3030000 18302.6175425016 9539.54990797062 4027.38565260772 4735.68198192323 1.00485067761844 0.000161346050584283 194.778160790527 262.878280874444 -493.906444464646 -1.41816335543142 78.5212579750651 79.4803838195943
3030000 18302.6118779379 9539.54990797062 4027.37990442512 4735.68206554221 1.00485067761844 0.000169627105397941 193.5926341772 262.51183889695 -494.214967210758 -1.4180893219263 78.5211899015494 79.4803838195943
3031500 18082.1307910539 9445.92555302247 4044.68204605623 4591.52319197516 0.994988734715591 -0.00209201172268265 766.889401201527 389.423083022899 -686.871839085769 -1.45850298097622 78.5211899015494 79.382944196876
3033000 17946.276506705 9337.73266163492 3979.21310109833 4629.33074397177 0.983592211685356 -0.00994548042619998 1752.89409063525 873.822240506755 -394.971298703547 -1.51003231380165 78.5211899015494 79.3833526454005
3034500 18063.8258583322 9414.70063373688 4053.3580211978 4595.7672033975 0.991699650680663 -0.00269047155714739 574.674607188202 203.82165885012 -175.026272908127 -1.44073433181744 78.5211899015494 79.3483503090222
3036000 18237.6214178943 9575.44624821777 4042.58438425761 4619.59078541897 1.00863182685182 -0.00563109936590984 108.826925474809 930.127466838431 222.373491622629 -1.49987201714297 78.5211899015494 79.2401762366406
3037500 18040.3501298114 9492.78074958613 3944.25344927985 4603.31593094541 0.999924237592683 -0.0076091733497716 1602.13273487801 151.118791591689 -55.9886403564473 -1.46868661716441 78.5211899015494 78.9082230412907
3039000 18109.2090689276 9482.0388720533 3932.97609306023 4694.19410381408 0.998792739458925 0.0147672793419064 -1191.95023879553 -1465.32645995015 -635.637078150768 -1.2638226325499 78.5211899015494 78.8842854421455
3040500 18165.2036378644 9633.55806618178 3895.42963073925 4636.21594094333 1.01475304852602 -0.0134730115531477 536.618170249297 3348.71160368077 -880.214674904781 -1.53150195606206 78.4981115814076 78.9286579691566
3040500 18165.2100969991 9633.55806618177 3895.43622244867 4636.21580836861 1.01475304852602 -0.0134818609548257 537.875932534114 3349.11409580229 -879.898307608098 -1.53158059097732 78.4981843868567 78.9286579691566
3042000 18275.6387592252 9453.36165726253 4101.74548586997 4720.53161609272 0.995772018461319 0.000785102555722177 470.492436045323 920.072676277581 -1566.36413296518 -1.45025074811991 78.6344495331732 79.099676717737
3042000 18275.6574390594 9453.36165726253 4101.76472226485 4720.53105953205 0.995772018461319 0.000760954765952704 471.62604513529 923.481355260345 -1565.49971893917 -1.45046587276475 78.6344495331732 79.0998790308704
3043500 18210.7768625072 9459.10970271162 4084.44329383665 4667.22386595889 0.996377490147114 -0.0121932439676348 1469.76503417192 2174.62155327811 -890.900673809189 -1.58406686145089 79.09787321025 79.3042182782498
3043500 18210.8303643623 9459.10970271163 4084.4976798572 4667.22298179344 0.996377490147114 -0.0122581832975152 1479.08623708035 2177.62693283821 -888.543724640161 -1.58465058366277 79.0984130323295 79.3042182782498
3045000 18179.8650442428 9537.1671747963 4070.04296081947 4572.65490862704 1.004599691873 -0.0152390316195231 2775.58509265259 2065.19720237228 -1345.77423828462 -1.57620378979484 79.5147003062126 80.1199895299423
3045000 18179.9292387759 9537.16717479631 4070.10883495726 4572.65322902236 1.004599691873 -0.015310283360494 2778.96736455963 2075.59171994853 -1343.18283596272 -1.57685429244571 79.5147003062126 80.1206033994885
3046500 18245.4389076943 9518.33199142563 4195.44799609188 4531.65892017674 1.00261568351247 0.000461855683598626 1073.71008310502 738.092376324708 -1919.84297888023 -1.46106509999143 80.624734356334 80.5952735473803
3046500 18245.5766127208 9518.33199142564 4195.58643292708 4531.65818836807 1.00261568351247 0.000287934618941144 1099.78642924104 746.249341761141 -1913.39271814592 -1.46268333668386 80.6262455094152 80.5952735473803
3048000 18178.182157096 9639.47015771483 4126.42423643877 4412.28776294244 1.0153758000437 -0.00947948308897307 643.192043109055 2045.49658172473 -418.219368650741 -1.54659197496466 81.249413871112 81.8857313125377
3048000 18178.3373466666 9639.47015771483 4126.58340938899 4412.28377956275 1.0153758000437 -0.00964055307840208 651.237356283785 2069.93527192677 -412.082994610506 -1.54812690881523 81.249413871112 81.8872155850195
3049500 18233.9082990333 9589.88582732321 4254.57050769912 4389.45196401096 1.01015282322886 -0.0199425504714148 3325.08822924759 2580.80622632399 -994.388116752288 -1.71902366152726 82.8670468511831 82.5561908159711
3049500 18234.1013397841 9589.8858273232 4254.76566777116 4389.44984468975 1.01015282322886 -0.0201187428625935 3353.00333445615 2589.75399711723 -987.759579880336 -1.72074948013739 82.8686902571728 82.5561908159711
3051000 18256.1574677075 9601.08490821561 4297.32809319418 4357.74446629776 1.01133248098337 -0.0241466443463007 2512.20217367851 3559.82794844104 54.7397012877447 -1.73658037210715 83.7411445681381 84.1653601002931
3051000 18256.3817879127 9601.08490821562 4297.55690038349 4357.73997931357 1.01133248098337 -0.0243382847790876 2522.64049292669 3590.55649859112 62.3378781599319 -1.7385166957005 83.7411445681381 84.1672652897259
3052500 18437.2076286291 9664.88411312942 4467.01145689991 4305.31205859974 1.01805278486643 -0.0275117297040089 5512.53645290577 1555.12502932884 161.298857436114 -1.84182391810852 85.6584845352341 85.208919591971
3052500 18437.474822819 9664.88411312942 4467.27824217491 4305.31246751464 1.01805278486643 -0.0276999020182959 5544.44430299498 1565.49407087343 168.628671455456 -1.84379065698209 85.6603992945617 85.208919591971
3054000 18455.2316489196 9588.40082506689 4571.86590720312 4294.96491664963 1.00999640017558 -0.0386404210110202 4266.55467939785 5374.89412916868 883.440988904552 -1.97807846431399 86.6009664377742 87.3676125470495
3054000 18455.5505723351 9588.40082506691 4572.19248374928 4294.95726351891 1.00999640017558 -0.0388578657563938 4279.15148267533 5412.73341844138 892.517624081257 -1.98043652106606 86.6009664377742 87.3699656094976
3055500 17981.6488078128 9290.48579248448 4523.40769887259 4167.75531645568 0.978615451886499 -0.0425544119015517 6151.70577451462 5214.32977417905 736.860095973785 -2.02179199079944 89.1026977007108 88.6648210443203
3055500 17982.0457611259 9290.48579248449 4523.80541300484 4167.7545556366 0.9786154518865 -0.0428016120842734 6197.2914937045 5229.32420724991 746.972042973676 -2.02459296046377 89.1055224887976 88.6648210443203
3057000 18113.4846742706 9336.30875703236 4632.38352906199 4144.79238817628 0.983442224367447 -0.0437503586095983 4741.16787160404 8110.76063883971 170.143284662335 -2.09271921931612 90.4929735218142 91.3652629590468
3057000 18113.9060970463 9336.30875703237 4632.81028906057 4144.78705095339 0.983442224367448 -0.0439715344679706 4755.15800493902 8153.41028940167 179.720364417959 -2.09533946592712 90.4929735218142 91.3679505609068
3058500 18565.1027850454 9544.75347981262 4905.22561269638 4115.12369253639 1.00539879705194 -0.0601938758520003 9211.8738707871 8168.40860037222 1496.40956242648 -2.38347482987466 93.7682543404204 92.8999008758967
3058500 18565.629794806 9544.75347981262 4905.75103040481 4115.12528458856 1.00539879705194 -0.0604382944611531 9262.25256763021 8184.84157614799 1506.89073588095 -2.38653115439178 93.7714384679685 92.8999008758967
3060000 18494.5475539872 9429.28994125964 5099.49824525322 3965.75936747439 0.993236418734886 -0.0519413270685874 7587.62324929436 9524.62434826363 88.1417982138825 -2.3297368431708 95.5475446681337 96.2727118777507
3060000 18495.1523635948 9429.28994125964 5100.10715365667 3965.75526867847 0.993236418734886 -0.05220387413169 7606.13923796206 9582.23063240485 99.6173227422036 -2.3332003937458 95.5475446681337 96.2763609019438
3061500 19410.5391737459 9749.13709361038 5828.61478489 3832.78729524554 1.02692759189028 -0.0807234630010286 13548.007364116 14611.5045950083 1340.71100930917 -2.9534932936667 100.331711576302 101.177697516386
3063000 19673.6821878401 9554.61989130276 6346.70775231334 3772.35454422396 1.00643807776929 -0.0766988051067642 13596.3862213573 14671.8325487918 2139.62956258019 -3.06129954993935 104.600517605889 105.283607623384
3064500 20236.5465368391 9548.97001953725 6971.21138778779 3716.36512951402 1.00584294723097 -0.0937547791104154 18937.6497357897 20074.2953685303 963.022067356237 -3.47207033075748 108.626970536621 109.032139016202
3066000 20842.0931308919 9422.34076697823 7661.08170503557 3758.67065887809 0.992504425868039 -0.0906327445050934 19064.1265283867 21845.2618377639 329.990408536618 -3.57415654176409 112.397380672904 112.452286894277
3067500 21279.371939948 9542.35431887883 8087.67974609827 3649.33787497087 1.00514608088469 -0.0935247946863254 21041.2651271071 23950.8869661793 195.264958583633 -3.7426119249876 115.967625532842 115.731474994303
3069000 22126.904039197 9510.07633673287 8955.74289476442 3661.08480769967 1.00174607223183 -0.100697700656301 23645.7494444111 26627.7448882862 1162.31076877425 -4.03129280508404 119.370068429746 118.863371463941
3070500 22490.8203978596 9402.22339965347 9449.65793704966 3638.93906115646 0.990385358366617 -0.111384526254727 28162.1596299236 29312.9360067908 2416.95448068199 -4.37440159227254 122.691824921962 121.738007775874
3072000 23430.2980651527 9536.15006477005 10241.3622371729 3652.78576320974 1.00449255435509 -0.104447496870699 29130.3938467484 29057.7261193451 518.764691242439 -4.39890829548692 125.616694049427 124.291416630075
3073500 23846.6308938527 9515.65596003722 10696.9514001865 3634.02353362891 1.00233380313238 -0.103408373350243 29994.1630049396 30408.6003867992 215.026881063221 -4.49364144138999 128.389659190517 126.827037310407
3075000 24743.0409795548 9713.83318508199 11440.1911425343 3589.01665193854 1.02320884658788 -0.108632255866491 33089.2924758965 33188.6846722409 45.9988990312348 -4.71299060242582 131.167503083032 129.295378973249
3076500 25375.1577146433 9547.37063270856 12187.3604999044 3640.42658203041 1.00567447545253 -0.112054850328651 33994.4010767209 36220.6732759607 735.684582821122 -4.92054300889195 133.746245137766 131.505006309181
3078000 26133.1015558527 9598.05257284275 12884.4878925152 3650.56109049472 1.01101306924135 -0.112446073760369 35697.3141381933 36299.7121858314 1632.08508302889 -5.04248689046768 136.111864465454 133.630864966131
3079500 26754.2696694815 9601.66819409486 13543.3133267404 3609.28814864621 1.01139392153525 -0.114150965600224 37734.1507248252 38815.3261166132 603.098346044867 -5.18555674063701 138.399882257403 135.654003524067
3081000 27352.3307811994 9436.8112691724 14253.1562653973 3662.36324662971 0.994028679535725 -0.115921965852449 39865.1444992481 40251.1804864649 561.149126121593 -5.30395562092415 140.548528769693 137.549099194068
3082500 27969.582887405 9583.20354971358 14775.1871233933 3611.19221429813 1.00944894398416 -0.118110832351474 41860.268356396 42506.5130964129 121.207163943005 -5.46416357625773 142.631654380085 139.311452603438
3084000 28671.8964104502 9429.83913617372 15545.8487781056 3696.20849617086 0.993294268307128 -0.116028738976603 41975.3709495009 43415.9936864526 -258.459241624335 -5.50544481175453 144.59458057904 140.953987480969
3085500 29036.3859856125 9348.81381604217 15996.7042960457 3690.86787352456 0.9847594476265 -0.120312643201679 43788.3102877122 46252.4724625039 409.597959641129 -5.6853695494647 146.525362698797 142.522629125086
3087000 29952.2808286595 9634.40929952962 16646.2943240779 3671.57720505198 1.01484271338596 -0.121639666405564 45329.4421523599 48037.7964787869 157.605471629318 -5.84435287875421 148.314362352393 144.001183953143
3088500 30669.3113043316 9671.7962643788 17271.5415199142 3725.97352003855 1.0187808779037 -0.11966098391076 46317.6411450279 47222.9686383427 305.575227404772 -5.85323485052061 149.948737097376 145.284318297153
3090000 30988.5562920812 9483.26972457279 17865.4084108104 3639.87815669801 0.998922391591383 -0.124855031895498 49265.2600085121 50624.1130805806 -130.730946632848 -6.06866885857622 151.49418599379 146.502829486066
3091500 31553.6770390125 9419.15780434661 18383.1072770429 3751.41195762297 0.99216914776917 -0.120479880856335 48436.326480236 49024.1297320604 506.581786736352 -6.02076182639773 152.933604981765 147.69303716269
3093000 32096.3813182982 9562.51523078275 18802.4357404594 3731.4303470561 1.00726973516435 -0.119144305915863 50167.7703517733 49287.688488779 -842.925849449936 -6.00229996305115 154.355938907947 148.947417680763
3094500 32594.8951167644 9380.55670448492 19542.9341684242 3671.40424385527 0.988103092061402 -0.127305409690636 52112.3958452098 53824.1469411389 1054.17878457436 -6.32442602192153 155.6317399037 150.00253002
3096000 32984.6039452536 9430.61490482336 19837.160523346 3716.82851708418 0.993375984075774 -0.122819122307411 51532.8510619315 52383.4621423731 824.543636612328 -6.23783320679693 156.917267364109 150.965216998187
3097500 33973.1447633541 9614.79922695876 20651.4882203361 3706.85731605922 1.0127770818938 -0.121669612287596 50983.466248211 53775.4404018933 599.874679290189 -6.28378186847483 158.102260002936 152.14161976584
3099000 34232.8250350024 9501.09508198811 20998.5412959513 3733.18865706296 1.00080002970328 -0.128436434368977 55117.6074207387 56889.2719447229 761.900919098066 -6.53484874297464 159.183034430615 153.215027293657
3100500 34677.716516201 9556.13729928799 21363.5010322207 3758.07818469235 1.00659791428746 -0.127101506196486 54820.2218629724 57069.7460267706 1042.09994573966 -6.56466540578778 160.098215934143 154.162090214023
3102000 35171.7044926402 9532.87618038531 21901.7823719628 3737.04594029213 1.0041476989925 -0.126442056362807 55121.3407409016 58163.9088134652 330.000996898388 -6.59111944514242 160.935090098534 155.092869759394
3103500 35379.8611429016 9470.02896313583 22206.9169543972 3702.91522536856 0.99752767294842 -0.126215392810843 58010.9726705833 56394.3597197485 274.933096928597 -6.61441131201822 161.773671530477 156.01488076871
3105000 35726.3201193988 9451.08108680859 22561.8341845581 3713.40484803213 0.995531794049464 -0.129545599969465 60336.6600335237 58730.1520999361 -169.497332321601 -6.76738592036395 162.491797508263 156.897287761876
3106500 36134.6487507312 9493.51332342643 22906.4846280992 3734.65079920559 1.00000140342618 -0.12692433612911 58405.6492491771 58535.58405934 599.529639006185 -6.73873489911349 163.220063983862 157.604117788216
3108000 36608.1438624882 9678.90097821974 23145.8849798064 3783.35790446208 1.01952925456573 -0.128893826583128 61174.238997619 59131.1008522769 89.7848375396899 -6.80965570112459 163.916600204422 158.289222223685
3109500 36806.5867452932 9499.37476297856 23522.1588516555 3785.05313065915 1.00061881950583 -0.127172928862783 60981.4437800538 59448.0165467691 -505.143429298481 -6.81096510862939 164.632810741331 159.108611681297
3111000 37020.1629146501 9319.33029287495 23887.4069296468 3813.42569212834 0.981653793951119 -0.127297814855439 61446.6048729121 59854.7094110354 -237.996170534616 -6.82736641950122 165.302750228512 159.811873981699
3112500 37553.8063410632 9414.21463617405 24357.4011723294 3782.19053255972 0.99164845801591 -0.131761685082301 63327.3808680536 61676.3798029477 1350.79366673684 -7.03497496960906 165.895011297193 160.570564007016
3114000 37952.222391069 9517.01700342943 24586.403799667 3848.80158797254 1.00247716895027 -0.12656626109416 61028.4649227742 61862.7366410637 -625.26489792979 -6.88628042206478 166.510941292581 161.154431283663
3115500 38228.0557345605 9482.4670225055 24896.8079689577 3848.78074309729 0.998837838785011 -0.127499835728272 62217.2791395222 61875.2369202694 -27.0280217422582 -6.93209123774323 167.087495529062 161.768855476125
3117000 38688.2006285353 9733.25753155564 25125.3975394696 3829.54555751001 1.02525491457899 -0.126298577578458 63497.8170134219 61689.7227936093 -1396.40791672835 -6.96487371326254 167.682476308532 162.368169598824
3118500 38563.6681175899 9370.24211382999 25349.1418984136 3844.28410534637 0.987016602288934 -0.131488015550194 65288.8317434997 63832.3522638785 577.87680044014 -7.1544485604758 168.170121258126 162.929348978655
3120000 39140.2125715467 9657.99207946879 25650.1339502619 3832.08654181601 1.01732681091998 -0.129880585157971 64131.335415061 64256.2229380565 472.781632938766 -7.13409093978853 168.616771751789 163.445047320694
3121500 39164.7564112192 9529.02890149052 25785.1907184197 3850.53679130905 1.00374244498768 -0.129634086460731 65624.7878830984 63536.2033637518 345.889383233796 -7.15305525324265 169.200754231339 164.009436297785
3123000 39505.6586994498 9548.72041493897 26042.6184436734 3914.31984083744 1.00581665507336 -0.128583311742956 65824.7607541001 64015.7657901158 -518.160792273376 -7.1312152389815 169.778078989826 164.552663984405
3124500 39624.7746723491 9542.35188059929 26229.3052451674 3853.11754658243 1.00514582404796 -0.127845994452609 64579.8458660025 65095.1512661033 -279.023414882502 -7.10263770900903 170.262010868785 165.125208235854
3126000 40010.6751037034 9514.63839162153 26639.5458727561 3856.49083932573 1.00222661732991 -0.128534382103395 66534.0314766359 64805.4982756087 -570.468106994407 -7.15969178038541 170.723365061831 165.535151308405
3127500 40477.7359893378 9621.11898334883 26936.7013578516 3919.91564813734 1.01344277488269 -0.130779967413013 66534.1695611274 67740.472571117 -438.70346451285 -7.30084240338992 171.170503264533 166.073407296247
3129000 40409.6836793543 9526.5339916382 27119.8899414737 3763.25974624241 1.00347964308613 -0.131073554988292 66263.7209295171 68052.9063671872 608.612092797329 -7.3303151631638 171.644153382254 166.589108112172
3130500 40733.8638607668 9532.38577865462 27348.4102004279 3853.0678816843 1.00409604241372 -0.128309712177625 66734.1024831879 65047.4722886736 870.830183407238 -7.23920698500694 171.989475190907 166.974912752507
3132000 40902.6057463718 9623.59222327311 27403.4310085452 3875.58251455347 1.0137032941774 -0.129828662689491 67556.5958633467 67280.1807806451 62.3885038166075 -7.29469048794765 172.403155819241 167.413688999867
3133500 41246.011100187 9599.85617114256 27756.0684139278 3890.08651511662 1.01120305168195 -0.126749369551486 66297.7737822574 66636.1418303234 -596.664894563792 -7.21523333847464 172.823122078048 167.815454288286
3135000 41425.4452962444 9675.05048791594 27930.3265676946 3820.06824063394 1.0191236622864 -0.129629948425324 69211.5706051541 66801.2944581274 -133.314229740737 -7.34802843451478 173.120883972786 168.188691809931
3136500 41502.8902208617 9555.65636082357 28066.2690446518 3880.96481538635 1.006547254524 -0.131984633849118 68487.956369734 70019.589959392 474.905178016841 -7.4472064449857 173.453134481936 168.636640885024
3138000 41822.029165455 9503.13269384853 28416.1412371271 3902.75523447939 1.00101466201596 -0.131793874861859 69267.9077110023 69810.7906228003 332.869915877577 -7.46260949841636 173.782870715603 169.080731469094
3139500 42134.0071721933 9724.49424816823 28514.2279567371 3895.28496728798 1.02433183211336 -0.128328165336608 69049.9568717218 68339.7422925833 -976.344497211748 -7.34830784757334 174.189863425416 169.515542723969
3141000 42111.7701164516 9522.52507719651 28711.5124864693 3877.73255278575 1.0030573631639 -0.13048907939965 70540.2295272049 69553.1353275913 -805.340041363665 -7.40531336150264 174.511073420875 169.908115112398
3142500 42404.9217462033 9528.67580354811 28974.1989835539 3902.0469591013 1.00370525133492 -0.132469551538441 71404.7571848113 70291.2076887841 358.297293768179 -7.54285376429202 174.964115808873 170.249841214991
3144000 42436.463929576 9508.31917227612 29011.4721302499 3916.6726270499 1.00156098091074 -0.131236991901542 71096.1401797306 69830.3420221532 308.8794506387 -7.50145024287272 175.175850362331 170.651631191571
3145500 42596.1817312088 9428.8142056897 29313.0740561513 3854.29346936775 0.993186307019508 -0.127322830461084 67469.8301540864 71033.3456789329 -963.976536588782 -7.36828137510629 175.466373344419 171.010905420646
3147000 42746.2085146449 9535.47285576861 29398.6510325589 3812.08462631741 1.00442122038959 -0.13100495925339 71249.7869418918 72088.2785722421 -1312.92321804098 -7.54507674940633 175.794446880019 171.304922908958
3148500 42814.639172024 9474.72088192192 29427.8926069363 3912.02568316578 0.998021897289927 -0.132376394518707 72379.6194670804 72372.5714606231 -748.313411714854 -7.61368200195543 176.083041224566 171.610401246042
3150000 43034.0938816766 9432.3886746585 29675.4700222989 3926.23518471922 0.993562824528203 -0.130408104546648 70678.66444082 72172.9571465267 -628.206392337567 -7.50502514412857 176.267723852986 171.866496217359
3151500 43378.85256017 9591.66406304086 29908.7693855143 3878.41911161483 1.01034013409605 -0.129461243390523 70832.0740097737 70829.1620888538 87.281911461368 -7.51883330155422 176.600523010411 172.220270490607
3153000 43622.4231799919 9654.28534112434 30098.0127786093 3870.12506025819 1.01693636078626 -0.127044811157869 72079.6767927814 68859.0099451848 -1227.10088956535 -7.4481692093972 176.94972767296 172.632711090459
3154500 43504.2447381001 9408.51629995463 30266.176940245 3829.5514979005 0.991048222463226 -0.130838011160516 71699.4882320765 71968.8956121951 646.491480635504 -7.56615006824718 177.209835057924 172.896755072147
3156000 43602.625077486 9486.92488816063 30238.2649760497 3877.43521327568 0.999307409086283 -0.128302315228097 72470.3894948715 70335.3655122558 -834.780307993316 -7.50372964637979 177.456273330425 173.209302569557
3157500 43821.1586002524 9424.34067008066 30493.6241033368 3903.19382683489 0.992715086120046 -0.130029724539974 72571.2389663265 72330.6843959571 -492.173458944535 -7.60402084310855 177.812530738714 173.495817414453
3159000 43995.7984296261 9476.58983206103 30536.9210681859 3982.28752937912 0.998218763581506 -0.1302270366826 72663.9894389477 72378.6947213249 152.196396452331 -7.60996218114221 178.147283792429 173.84749597465
3160500 42113.3753431488 9499.22684858752 28662.7547419841 3951.39375257715 1.00060323890952 -0.121119066463049 61597.8617737349 70871.4407867961 -1037.25686896455 -7.04633023739387 173.107755063223 174.128447412654
3162000 37729.9838945582 9500.14748005642 24275.8559880112 3953.98042649051 1.00070021383646 -0.110614418535326 45948.6759074781 67091.4118856553 -1886.87123413858 -6.25764636967082 160.301676954206 174.128447412654
3163500 35064.0600666358 9439.97168818642 21658.267134325 3965.82124412439 0.994361582997464 -0.101649905401607 35021.4523900839 62658.2208476206 -1748.07843294835 -5.66134474660243 150.55058836577 174.128447412654
3165000 33375.0812900106 9524.81132815043 19820.6370880945 4029.63287376566 1.00329818593252 -0.0999883208555483 28413.9184338849 63260.9221486336 -2074.63995879613 -5.41569991083654 142.951092385477 174.128447412654
3166500 32413.0665708368 9743.78810550853 18598.1850631024 4071.09340222581 1.02636415500169 -0.101673852625947 26129.5927785965 62504.201764932 -1543.50587185645 -5.31596714885392 136.643262100018 174.128447412654
3168000 31110.3639436583 9451.99825313159 17529.6149401082 4128.75075041851 0.995628403974466 -0.0995582479150905 20640.594778477 62987.7673500525 -1678.8096953864 -5.08267963586124 131.309791727967 174.128447412654
3169500 30461.2560336136 9456.7424300173 16819.9311397754 4184.58246382093 0.996128132934882 -0.0977690179805545 19230.8418091585 59770.4337984565 -1321.61891345439 -4.93815916310203 126.745869771163 174.128447412654
3171000 26847.760434054 9457.01075955441 13250.0851954981 4140.66447900144 0.996156397488219 -0.0735227284871697 14870.4422693802 40204.0097943904 -768.259534743912 -3.91590562466252 125.3648992981 163.662538237415
3172500 24480.7453368981 9604.93978709059 10599.5007009295 4276.304848878 1.01173853553385 -0.0614266188804049 15099.6313838461 28568.1726404213 -1372.65670392181 -3.39711319112212 125.3648992981 152.56519697712
3174000 23099.1747483612 9575.71292381437 9202.16022524826 4321.30159929855 1.00865991718696 -0.0485945016813541 12307.8184502773 21581.3323559424 -2166.49145185154 -2.9980476259423 125.3648992981 144.645190504706
3175500 22015.4030113533 9587.63278514014 8111.843421168 4315.92680504515 1.00991549851373 -0.0443223469970905 11971.6678103682 16241.6298542322 -512.671560808835 -2.77073812329575 125.3648992981 138.480422190485
3177000 21591.9333175654 9635.91836036384 7575.92546886143 4380.0894883401 1.01500167065506 -0.0416448200380199 12376.7106560239 15030.4133769967 -2311.11827816352 -2.67909360276122 125.3648992981 133.525790781164
3178500 20552.5299204723 9271.50359442957 6985.48131109755 4295.54501494516 0.976615957700486 -0.0369956153349046 11664.9603650144 11778.6534094843 -1858.7652388299 -2.49898365725688 125.3648992981 129.276710684764
3180000 20485.6827520244 9360.78305450314 6760.63926580995 4364.2604317113 0.98602023010514 -0.0381673089833138 12032.541167693 10106.8614083685 -476.98570022062 -2.47372945297234 125.3648992981 125.758373439371
3180000 20485.3898809848 9360.78305450314 6760.3421530075 4364.2646734742 0.98602023010514 -0.0380965822726175 12023.6999901648 10080.3246756237 -482.134817284198 -2.47212725357918 125.3648992981 125.756133967626
3181500 20289.377381457 9415.1088951181 6504.48237759561 4369.78610874329 0.991742654986897 -0.0344592568016315 8691.76603364072 11161.5318041549 -810.871477880414 -2.39536456958989 122.063185535163 125.756133967626
3183000 20141.7237967273 9521.32605908301 6183.77940572063 4436.61833192363 1.0029310643159 -0.0369673759815638 9381.18690918758 12447.4058578928 -1867.76173563018 -2.4042864204325 119.269202498579 125.756133967626
3184500 20021.8665171977 9563.19672826561 6038.8501002523 4419.81968867978 1.00734152085802 -0.0275006382046896 5764.68398449212 10476.2266872927 -1696.88678607732 -2.18619016540158 116.818097243521 125.756133967626
3186000 19827.735094841 9566.25880282032 5900.78699461693 4360.68929740374 1.00766406518358 -0.030774231914659 6816.074201385 11213.168854811 -2060.40256238213 -2.23469213280633 114.618437073217 125.756133967626
3187500 19606.3166817148 9476.91297201496 5787.34756015137 4342.05614954845 0.998252801602671 -0.0355116790352081 7446.65551737528 10899.2138632942 -234.388885006766 -2.2993554174531 112.65515444316 125.756133967626
3189000 19697.2307626116 9460.75993057748 5765.44485145341 4471.0259805807 0.996551317277872 -0.0316001871837497 5325.09491214647 11534.8284546188 -1007.77590815824 -2.23795947174769 110.806891056831 125.756133967626
3190500 19285.5381911886 9419.45584756196 5544.64633120071 4321.43601242594 0.99220054221962 -0.0182964363615734 2623.16739958077 7989.79280343732 -1604.56034430872 -1.94411853195004 109.749095635783 124.617115559918
3192000 19103.6630935484 9500.77638522244 5222.47323745612 4380.41347086985 1.00076645970637 -0.0210830085895474 3567.51638017931 8237.06927483214 -1662.9088545722 -1.92697977849101 109.749095635783 121.751334304255
3193500 19167.149069677 9548.68505708954 5118.17126963314 4500.29274295433 1.00581293064618 -0.0223102735750498 4607.20913162357 6401.48999617597 -494.464583609105 -1.95427487812516 109.749095635783 119.280462388361
3195000 19154.7644684187 9471.59142540633 5119.78653156608 4563.38651144626 0.997692255270061 -0.018738583215275 5004.57893210261 4090.79487120092 -412.454266399106 -1.86588089968511 109.749095635783 117.280436538845
3196500 19030.5653828487 9529.75402680094 4982.32377672483 4518.48757932289 1.00381882622857 -0.0236657605183789 6282.39548186756 4925.54628684167 -402.318011664771 -1.98363995352631 109.749095635783 115.564893997218
3198000 18912.9806543554 9475.17858434879 4900.05438125781 4537.74768874877 0.998070109480044 -0.0173824067317471 5703.99342289765 4975.02146704607 -2856.39506205533 -1.8128717742956 109.749095635783 113.903971172726
3199500 18863.6867930182 9500.91307272723 4816.08389228465 4546.68982800633 1.00078085771604 -0.0162230303317556 4361.32699594032 4418.0871210038 -1563.93678005059 -1.83938465518082 109.749095635783 112.571806575588
3201000 18812.1500225697 9520.73179405881 4791.60303757431 4499.81519093655 1.00286846727327 -0.0147958597216082 4041.95935285559 3118.11653423903 -665.031708332907 -1.80657702272901 108.766089797332 112.110396324063
3202500 18948.4589353133 9607.86275824221 4805.5023704082 4535.09380666284 1.01204642737054 -0.0113757735818859 3731.4986588651 2598.12301925839 -1397.18623782582 -1.72185200960369 107.431609313805 112.110396324063
3204000 18759.7710899436 9567.90887545426 4672.07390683965 4519.7883076497 1.00783787596295 -0.0256200187715435 4794.58113040202 5823.69214150787 369.582758670688 -1.95708187893626 106.263747617805 112.110396324063
3205500 18751.3101026092 9583.79602075593 4639.89625039751 4527.6178314558 1.00951135205729 -0.0182840883057408 4419.01077452097 4209.63029353589 -868.12303225276 -1.80886503940017 105.164464281765 112.110396324063
3207000 18697.26174122 9529.76427154415 4636.55604135938 4530.94142831644 1.00381990536095 -0.00912721435651945 1677.41562300188 3667.13090949686 -1500.09232595348 -1.67990669025103 104.363360102428 112.110396324063
3208500 18594.8359982747 9444.77258966468 4594.88051995666 4555.18288865332 0.994867287055846 -0.0186324866710083 2880.41628535726 4732.932256096 167.247709417938 -1.82183454202859 103.465049944803 112.110396324063
3210000 18576.1327389697 9385.31832987821 4615.65318246406 4575.16122662747 0.988604658964366 -0.0176396279405314 2130.57147006255 5666.43670681413 -488.738559522046 -1.7856694102263 102.654206835831 112.110396324063
3210000 18576.0898710553 9385.31832987821 4615.60924141652 4575.16229976054 0.988604658964366 -0.0176143551374925 2124.05297426134 5664.10901878765 -490.400672916738 -1.78525158627851 102.653678937909 112.110396324063
3211500 18419.1566989349 9472.3597325356 4404.28643783887 4542.51052856038 0.997773185077748 -0.00778980201156523 2043.69064819479 3125.82897330057 -1979.60016523283 -1.58384711866669 102.653678937909 110.809317182348
3213000 18740.5931724117 9547.04435239882 4653.19883058634 4540.34998942656 1.00564010664126 -0.0179161525457805 2006.87416653759 4398.49353713461 840.142148229664 -1.79262867962967 102.653678937909 109.43271663865
3214500 18468.5806733442 9466.79257538886 4487.99668311575 4513.79141483957 0.997186767302772 -0.00108576084264754 900.968906348171 1598.31616277764 -2064.15573838063 -1.50423187891596 102.653678937909 108.444408576674
3216000 18678.4973204585 9634.24908289471 4464.32741613232 4579.92082143145 1.01482583692997 -0.0127202737878858 1558.67188922628 4146.70256079583 -661.431549851054 -1.70787869913882 102.653678937909 107.299249248835
3217500 18304.5789519772 9376.2112918632 4403.98438860843 4524.38327150557 0.987645367026197 -0.00159422415098132 1798.30903868827 648.87898267175 -1820.65880345959 -1.48742639369399 102.653678937909 106.344473582148
3219000 18493.3926900587 9480.90662852429 4446.4403988933 4566.04566264114 0.998673474327097 -0.0133756957190813 4997.72279592583 2764.47285959764 -2532.29113173325 -1.6743522331881 102.653678937909 105.803579511958
3220500 18563.1348154978 9630.66610795788 4381.0683701721 4551.40033736784 1.01444842344319 -0.00998224232492426 1989.91263488881 3021.21413676939 -1143.61746361114 -1.65796700245565 102.317414820811 105.184367509222
3222000 18522.3101717901 9504.50206929361 4380.95024025709 4636.85786223941 1.00115890549256 -0.0087395932274396 689.48577807563 3134.99995023238 -462.293181814825 -1.62765434120045 101.596246008468 105.184367509222
3223500 18265.7656365657 9579.26015469856 4222.98492840928 4463.52055345782 1.00903356556576 -0.0166668969096313 2597.71485702671 3327.42039132097 442.825454100075 -1.74282562691142 100.900176261389 105.184367509222
3225000 18454.0618676043 9544.38869655887 4382.01407790862 4527.65909313685 1.00536037252424 -0.00947336038655403 2352.34801644245 1978.09979198661 -734.61318331749 -1.61828552595352 100.240205967724 105.184367509222
3226500 18533.6109172479 9657.96970842965 4276.14031325008 4599.50089556812 1.01732445446144 -0.0125873260967752 939.906089580378 2762.79442354513 1050.98556108087 -1.67831040424867 99.7340176020494 105.184367509222
3228000 18355.2878700448 9483.26778826926 4296.1784584066 4575.84162336898 0.998922187630406 -0.00468233327905033 84.601283606431 3481.4926047372 -1805.47907178903 -1.51235836910403 99.2997897886717 105.184367509222
3229500 18208.4246013932 9415.98609499065 4252.59779448505 4539.84071191754 0.991835055036672 -0.0121655429847809 2308.27867354093 2935.71462291861 -692.509976339459 -1.66716109032052 98.8024598868938 105.184367509222
3231000 18473.5076558166 9599.54078040479 4270.38273339796 4603.5841420138 1.01116982992624 -0.00671103728923054 1310.80452582769 1094.25039049446 84.1220649555765 -1.57610970474596 98.5904480617356 104.503006034478
3232500 18317.311386681 9496.00119954523 4218.43427054582 4602.87591658993 1.00026346442779 -0.0104002770171615 3221.47415159302 1547.74423053158 -935.188915171212 -1.6218843171541 98.5904480617356 103.865950107127
3234000 18317.470915195 9543.25589030829 4208.57128762457 4565.64373726218 1.00524104811801 0.000731863107127741 435.625988753887 1813.79099146858 -2517.24540646254 -1.43108629377545 98.5904480617356 103.107313942244
3235500 18148.7372958477 9411.83411459589 4131.47653882079 4605.42664243102 0.991397705229461 -0.0101518669706415 2717.19228628191 1989.73514550327 -1023.06285299726 -1.59951543956995 98.5904480617356 102.239895660859
3237000 18407.934657298 9482.13637475456 4312.61135140479 4613.18693113869 0.998803009928326 -0.011893796505638 3018.00212587905 2056.08765589675 -780.889826718014 -1.6325902933973 98.5904480617356 101.700542895508
3238500 18296.7711562599 9615.5762128735 4110.06764982619 4571.1272935602 1.01285892588334 -0.00604671958298902 2295.11357055737 235.74877322082 -356.291308047887 -1.55925978107662 98.5904480617356 101.324957297134
3240000 18264.6029009639 9532.99063132027 4132.02133337094 4599.59093627264 1.00415975470799 -0.00327109612782147 1311.95915102396 1169.78789818971 -1310.67594631788 -1.5077700919576 98.5904480617356 100.867815756759
3240000 18264.5781750371 9532.99063132027 4131.99602178859 4599.59152192825 1.00415975470799 -0.00325152559754436 1310.44931161474 1165.37662268128 -1311.76499666179 -1.50749128600636 98.5904480617356 100.867486168903
3241500 18124.5408632791 9427.71318065319 4091.21461434421 4605.61306828172 0.993070330294747 -0.00525558569366768 1928.88548890308 272.852613581856 -330.475255769454 -1.54930906945841 98.0527943642362 100.867486168903
3243000 18466.8701488348 9600.22173893793 4213.96049342949 4652.68791646741 1.01124155884952 -0.00722429680784079 1833.28491692756 2378.90368565396 -1651.09321451342 -1.56036302551471 97.6284682285079 100.867486168903
3244500 18251.6523549859 9467.52776664666 4158.25942711498 4625.86516122426 0.99726420884254 -0.00920524315491173 1802.31906083758 2125.25136209445 -684.596549728365 -1.57931738722833 97.0184846073195 100.867486168903
3246000 18417.0701551157 9618.02689779871 4163.24760618195 4635.79565113506 1.01311706934205 -0.00439571964391544 492.888873509449 1562.33985021347 -514.83398449859 -1.53348642451004 96.5046728761399 100.867486168903
3247500 18522.1817373228 9539.71615695604 4276.50547511016 4705.96010525662 1.00486818949345 2.96790827223931e-05 1126.71319192832 1037.79307258227 -2174.84847596921 -1.45157131690918 95.9641985699159 100.867486168903
3249000 18309.0165449346 9440.81499485935 4186.53385828724 4681.66769178796 0.994450412899284 -0.00638557497425637 1986.64976204647 960.019036411845 -735.121999904463 -1.57443006538284 95.3767297350307 100.867486168903
3250500 18129.5976767008 9503.53565458572 4030.18343025771 4595.8785918574 1.00105710797764 0.00533088208738892 770.905276172965 -310.05455193582 -2299.67548792155 -1.36550263490911 95.1519642533178 100.698037915966
3252000 18126.1629618235 9366.62592532317 4112.02182695138 4647.51520954894 0.986635690243132 -0.0127976124204084 3152.30828205577 1993.45086004553 -749.60099663029 -1.60743635899941 95.1519642533178 100.282255905576
3253500 18572.6864554302 9678.05338490356 4268.60106243426 4626.03200809242 1.01943997312936 -0.0107161893982585 2816.21268394627 1206.02927036809 -358.291894877885 -1.61146827598954 95.1519642533178 99.8134129923074
3255000 18315.2952266282 9575.68704333874 4149.17280314138 4590.43538014804 1.00865719106112 -0.0067524714684182 2271.27268603938 697.548639267938 -667.06063215533 -1.54771887484002 95.1519642533178 99.5123890741003
3256500 18402.2621769798 9574.03025435403 4223.13950951594 4605.09241310986 1.0084826728134 -0.00790964892700234 2670.51570468157 931.745192488039 -921.023168537391 -1.58325290299814 95.1519642533178 98.9595827591118
3258000 18221.6533100588 9406.20731585002 4237.35612732213 4578.0898668866 0.990805005092961 0.000636974987248751 361.264006898155 110.355871493644 -686.582852682424 -1.44339847590236 95.1519642533178 98.5192336505288
3259500 18097.001562555 9386.34491099916 4057.35565280891 4653.30099874695 0.988712794122205 -0.00684596206590465 2643.70100315567 107.21232159307 -451.838663858585 -1.51086044997868 95.1519642533178 98.0388769740204
3261000 18222.4365864088 9428.69947505092 4161.12908477729 4632.60802658057 0.993174221841357 0.00393390192789328 461.152055818423 488.657417089456 -2264.48712301888 -1.38999782634829 94.8350503651004 97.8868540623802
3262500 18112.7904668453 9333.47573252028 4123.308967031 4656.00576729405 0.983143807080663 -0.0118990909325634 1392.53585583256 1756.85261316463 801.593088108722 -1.57542317648206 94.2246096841218 97.8868540623802
3264000 18194.1758261965 9323.77275130171 4187.05154064941 4683.35153424542 0.982121741328458 -0.00289153250911693 485.94503620556 1246.10536071513 -776.552100439175 -1.48223206373747 93.7723858289739 97.8868540623802
3265500 17925.9468824383 9277.74464768456 4048.54888251375 4599.65335223998 0.977273360476595 0.00557503542098602 -898.127194031146 -314.463536617788 -622.168895121076 -1.34645643362509 93.3909239151796 97.8868540623802
3267000 17968.9385435718 9312.6370371784 4122.45133214397 4533.85017424947 0.980948758327108 -0.00591598228849414 845.26937721447 674.02504447671 418.738152332753 -1.52974068997325 92.9624016992001 97.8868540623802
3268500 18251.0010690788 9538.1501256222 4092.60320790576 4620.24773555087 1.0047032312237 -0.00346730061494944 747.104736444606 1089.29844067082 -704.514610471823 -1.47633064471727 92.6371754050638 97.8868540623802
3270000 18363.8991698198 9679.48447797725 4014.79554486473 4669.61914697785 1.01959071764652 -0.00616382526134425 1884.33082095692 1463.86798181234 -1338.4867268926 -1.52544222739688 92.5244797458452 97.8868540623802
3270000 18363.8507237755 9679.48447797725 4014.74606417475 4669.62018162346 1.01959071764652 -0.00612643797090765 1876.61960618214 1461.2585346404 -1340.36771618519 -1.52495756753536 92.5239450180127 97.8868540623802
3271500 18096.152621197 9433.12435993876 4071.04194382076 4591.98631743752 0.993640318105942 -0.00533948133485028 883.591983560861 1429.43700914882 -580.030887998694 -1.51752784072129 92.5239450180127 97.4411436215299
3273000 18151.1262582696 9517.22407473732 4056.73566278589 4577.16652074641 1.00249898085399 -0.00175092331240927 50.8130905410072 48.2201997233317 466.19150666549 -1.4427532516682 92.5239450180127 96.9164368305778
3274500 18257.7964757786 9619.73389616948 4089.73124297226 4548.33133663682 1.01329687640696 0.00434330076783459 -208.931395163411 702.465194566201 -1890.06633055567 -1.39554153496474 92.5239450180127 96.5327124198884
3276000 18255.0830248275 9408.38110563835 4186.56622425678 4660.13569493242 0.991033981738911 -0.0125696449689468 476.120663841726 2527.06053520585 1021.32074308609 -1.62314767861644 92.5239450180127 96.124144476516
3277500 18058.2520225722 9510.92630957134 3973.68946312729 4573.6362498736 1.00183560431573 -0.00758226777282937 1232.28745353182 1542.51183939683 -357.456736210168 -1.52957225736538 92.5239450180127 95.7155363688829
3279000 18259.5544694888 9615.30925618049 4073.47883601676 4570.76637729152 1.01283080593885 0.00565655829709539 29.862532682712 -1061.78928975543 -769.764054854077 -1.39581742006841 92.5239450180127 95.6249792203483
3280500 18231.2088222724 9603.01333274835 4020.29906653912 4607.89642298494 1.01153561202384 -0.00874755143555921 1217.11768727679 1774.07435316636 -216.13943418245 -1.54362035434088 92.3698050131209 95.4008376483348
3282000 18142.4085799793 9565.22855722981 4047.015393617 4530.16462913252 1.007555544028 -0.00331047593751955 2278.17768840795 122.507705486782 -1353.93578458217 -1.46634059737292 92.0656626170364 95.4008376483348
3283500 18117.2980737728 9478.64491200098 4066.6535385437 4571.99962322813 0.99843523589835 -0.00147990520806798 1365.18607168703 322.024704958017 -1221.01858781592 -1.44930243703859 91.7226102141525 95.4008376483348
3285000 18162.4888094011 9433.84881247145 4135.88157080761 4592.75842612204 0.993716628479639 -0.00196193517852227 661.437810708273 143.253976576819 -187.818100225136 -1.45371234274193 91.5496951659139 95.4008376483348
3286500 18306.8941813435 9590.74300411521 4108.93066977007 4607.22050745824 1.01024311414286 -0.010151409478727 205.306781550846 3013.72132350725 -35.5505935772947 -1.57862593946695 91.3105063793382 95.4008376483348
3288000 18158.2060235947 9441.74594555263 4135.69667250296 4580.76340553914 0.99454847480409 -0.0104824375836252 998.515335602762 1146.63089939929 1131.02684234539 -1.56324857206823 91.0017749721879 95.4008376483348
3289500 18111.9267918563 9385.99732815665 4105.54809936766 4620.38136433198 0.988676181403766 0.00685347651278707 235.689219953473 991.170692135706 -3365.19104280431 -1.35749712844509 90.8467386853611 95.4008376483348
3291000 18378.3223861479 9672.91978072166 4100.35549866547 4605.04710676082 1.01889922375538 0.00568738450354788 -1056.0639585617 192.212849701897 -909.619929190205 -1.36066159930154 90.879958434934 95.3105311309371
3292500 18371.3287937495 9730.38780522751 4025.15743355265 4615.78355496934 1.02495263129799 -0.00134275173356404 495.20491967397 1824.7158966453 -1902.40115601636 -1.46587308765267 90.879958434934 95.0409105038703
3294000 17914.5095840065 9382.70291315474 3972.61794102143 4559.18872983034 0.988329163443908 4.75956696302654e-06 665.94919994293 1544.0285892813 -2211.44876856385 -1.37795544645237 90.879958434934 94.4644740995892
3295500 18246.9771543001 9548.90478832972 4116.21428247267 4581.85808349775 1.00583607608677 -0.000332502139960948 1839.14059301509 -250.175368444355 -1486.4011602849 -1.45991113930375 90.879958434934 94.2822974940282
3297000 18245.590124558 9583.02018732758 4094.37474593016 4568.19519130029 1.00942962946517 -0.00454740012511709 118.211641588551 1812.04960858426 -531.997003932788 -1.51953488371882 90.879958434934 93.9843328536269
3298500 18192.0809630008 9563.87051084063 3959.88056580969 4668.32988635047 1.0074124939001 0.00777812092894256 -372.277297646745 -910.686689432198 -1100.6036659202 -1.33864473245033 90.879958434934 93.6660425869744
3300000 18237.6178450764 9631.60864630052 4059.73828909578 4546.27090968009 1.01454770593569 0.00699732775097877 -306.43756348224 -650.907335954869 -1178.61817557413 -1.36211363838278 90.879958434934 93.3019893360886
3300000 18237.6303749828 9631.6086463005 4059.75153286681 4546.27019581545 1.01454770593569 0.00698212676724795 -305.494068946099 -647.967097737689 -1177.866290232 -1.36229815503723 90.879958434934 93.3021882877727
3301500 18197.0063669009 9562.51462593954 4085.595884413 4548.8958565484 1.00726967145305 0.00804863711795435 557.766893613423 428.27181978933 -3433.63251426874 -1.35803027929181 90.5362843588812 93.3021882877727
3303000 18318.4388050933 9464.89396757859 4205.19609967404 4648.34873784069 0.996986777013598 0.00730503972054596 -1237.79785067862 207.558214439424 -1184.09951293599 -1.35825584893379 90.2458471723012 93.3021882877727
3304500 18151.6400942234 9441.80260179058 4125.77029756885 4584.06719486399 0.99455444270191 0.00170619940898896 812.081511471962 236.16302609872 -1563.41980760302 -1.41694840038225 89.8940381174013 93.3021882877727
3306000 18304.2127682143 9517.11430132326 4161.46345960405 4625.63500728702 1.00248741784624 0.00270875160682288 361.727064640477 204.536212006868 -1380.97425813136 -1.42893827555741 89.5447354618683 93.3021882877727
3307500 18173.1081409344 9570.57550095469 4059.39085072284 4543.14178925691 1.00811876557167 -0.000647362181102676 925.997780337518 1043.21890252934 -1775.49826464799 -1.43765726855532 89.0900616401248 93.3021882877727
3309000 18172.7000755162 9494.80237166366 4074.25245040965 4603.6452534429 1.00013718561791 -0.00599701413816418 1669.75748771175 329.27335233404 -210.242449801293 -1.48508103667238 88.8033939654651 93.3021882877727
3310500 18129.1458574463 9443.44116713366 4115.81897670849 4569.88571360411 0.994727041358157 -0.00702239094832684 1948.40920515823 552.820835731945 -413.52465647357 -1.52493463737128 88.6506964996034 93.1535810253195
3312000 18160.8016828124 9449.93946813674 4092.86485647395 4617.99735820174 0.995411541384815 -0.0032404807208509 335.386737527082 263.006406580262 361.40968252203 -1.4769076111767 88.6506964996034 92.8085376694561
3313500 18186.1015758248 9456.51115992607 4073.92862096604 4655.66179493264 0.996103772046776 0.00461176954941738 -730.519307157751 34.5088191458034 -667.092693526127 -1.39981768450751 88.6506964996034 92.6139657546799
3315000 18211.5366957279 9456.87275545389 4164.29643363851 4590.36750663548 0.996141860794638 0.00612049681579605 -358.814949448126 11.3294341989067 -1461.82922005926 -1.36781320422042 88.6506964996034 92.62810750045
3316500 18353.4122364329 9589.93286160132 4148.57241767093 4614.90695716065 1.01015777759534 0.0187890999741591 -1369.79775837593 -1829.24193457618 -2349.00676737616 -1.24328959188564 88.6506964996034 92.5229474103929
3318000 18297.5379679199 9549.52614543358 4068.79841536786 4679.21340711851 1.00590152687982 -0.00181881029198735 -542.916447537844 1651.76512176736 -573.194951100947 -1.44435215448545 88.6506964996034 92.2809532326197
3319500 18253.2300440365 9557.72486635108 4083.43818978083 4612.06698790459 1.00676514102819 0.000173105396547612 -523.775841194012 1019.70801783709 -546.869712384779 -1.44237921599184 88.6506964996034 92.2024944868528
3321000 18043.3158204684 9468.48127429316 4046.7929122051 4528.0416339701 0.997364646789188 0.000246992564933093 -515.549888803151 796.36668061374 -353.470590981132 -1.40849403334349 88.6513415320431 92.1693736431791
3322500 18205.666713458 9595.88529193719 3973.9491870493 4635.83223447146 1.01078477821006 0.00429745841495909 -1393.47429646312 -430.103445660658 559.565888914712 -1.37949773555953 88.6442003726553 92.1693736431791
3324000 18421.8808645785 9647.89086251342 4146.89725469243 4627.09274737269 1.01626279691509 -0.00424328430098095 906.377124944372 934.626596876355 -594.754100561926 -1.5246998903638 88.5143678035284 92.1693736431791
3325500 17971.2314841415 9375.97675549168 4036.75287549881 4558.50185315099 0.987620662083708 -0.010414927002528 1610.88433395536 2515.40953135371 -1077.21041629736 -1.50811229409854 88.2315570163108 92.1693736431791
3327000 18002.7598700799 9418.54418279043 4003.37550978242 4580.84017750703 0.992104511801804 0.00868339925723441 -988.050784894448 11.116898762819 -1559.47674850677 -1.3306760118547 88.0320181864654 92.1693736431791
3328500 18203.6683925253 9470.70859023227 4103.56374544352 4629.39605684947 0.997599261624509 -0.00577026524347411 1211.33071850474 1181.22140635628 -710.910912431118 -1.49221564260859 87.8311215175399 92.1693736431791
3330000 18356.5458538594 9546.99682496391 4137.27832563905 4672.27070325645 1.005635100328 0.00143582137059902 165.59219964186 1015.81393973981 -1599.2212968638 -1.41095754514299 87.6989999995273 92.1693736431791
3330000 18356.5421694292 9546.9968249639 4137.27452546855 4672.27081899675 1.005635100328 0.00143992986742801 164.838924048304 1015.56516815618 -1599.41455846636 -1.41090995426986 87.6989500937315 92.1693736431791
3331500 18293.186724846 9698.49785150057 4006.35106574843 4588.33780759698 1.02159349570765 0.01402390439988 -1438.39136643883 -1690.40665442873 -939.951531586066 -1.31610308778656 87.6989500937315 91.8956852751802
3333000 18227.9924483786 9510.85403012872 4080.75202836289 4636.38638988696 1.00182799074406 -0.00627292000289212 1150.63065237161 724.877556701677 -58.5864036158369 -1.52060453926053 87.6989500937315 91.7422935001477
3334500 18122.4324832341 9456.65044513744 4099.79206892947 4565.9899691672 0.996118443686463 -0.00378017266510435 -17.2199064317663 1282.03262188321 -170.722187780851 -1.45655033539031 87.6989500937315 91.6736927641891
3336000 18086.5507886033 9405.59239297645 4067.4997950709 4613.45860055597 0.990740232051029 0.00204370828406895 -301.518268815621 1616.61459527006 -1905.92704132997 -1.37055301284809 87.6989500937315 91.5687454628232
3337500 18251.9055014292 9501.46461012057 4106.9259196703 4643.51497163836 1.00083895403387 -0.000509934924630943 208.879678736806 283.111506642717 -344.754756171084 -1.43121909719909 87.6989500937315 91.4541935201573
3339000 18296.2434166768 9625.71137565831 4084.23888788136 4586.29315313713 1.01392651557996 0.00660678502034833 -400.009471402921 412.586371030828 -1920.01976386524 -1.36579078828024 87.6989500937315 91.4459482224934
3340500 18241.2529971106 9546.38115464832 4076.91499969605 4617.95684276627 1.0055702485541 0.00779057328434539 -325.252728257995 746.295667041197 -2667.38123212226 -1.33530529942484 87.5898197115547 91.4428198695367
3342000 18089.9868167223 9550.12125505574 3952.25280361215 4587.6127580544 1.00596421288837 -0.00197791493247022 158.622372846683 222.602396238111 187.339109624416 -1.45319283210256 87.3211697825662 91.4428198695367
3343500 18167.3037302698 9549.89240410728 3980.01145862844 4637.39986753408 1.00594010682122 0.00727858285929991 302.395238507762 1094.23594403833 -3481.49573368362 -1.35708247035802 87.0119504408802 91.4428198695367
3345000 18165.3143571329 9511.91385437927 4084.36904768377 4569.03145506988 1.00193962757458 0.0027245862949375 -618.343941320935 773.429985730168 -933.942573885702 -1.41146271738376 86.8369950441042 91.4428198695367
3346500 18044.9175456692 9443.48343776367 3981.94856226589 4619.48554563965 0.994731493944665 -0.00151762789250124 777.107295540498 92.3972966084624 -437.049911187346 -1.42629177461505 86.5611846775258 91.4428198695367
3348000 18155.2736108095 9451.3537007927 4060.41126812696 4643.5086418898 0.995560509906009 -0.00691893935122442 1827.48554094945 881.295554012705 -745.148586071735 -1.5292774660641 86.2121704239121 91.4428198695367
3349500 18197.1516878619 9462.93117201164 4125.40131272531 4608.8192031249 0.996780025492351 -0.0206386229192283 982.670258380062 3427.27189354706 1440.09585715761 -1.67950037679202 86.1045022642689 91.4428198695367
3351000 17880.7448943334 9350.79852554513 3955.85671702738 4574.08965176092 0.984968507457221 -0.00544289146577449 1970.97215134514 -25.842120197246 -406.354356667368 -1.45154981894645 86.040586111157 91.2724644219653
3352500 18250.3253100009 9663.67664083854 4008.96017393185 4577.68849523055 1.01792559549571 0.00249998749480955 -1231.74218250762 -7.06352350480813 534.180807336673 -1.41820111131482 86.040586111157 90.9943209011288
3354000 18057.6254845031 9495.06897256787 3987.83860889781 4574.71790303742 1.00016526808531 -0.00332959959276592 730.723655747956 1511.05530358629 -1304.709037897 -1.47467680376757 86.040586111157 90.8602917982901
3355500 18268.9481462683 9614.83039166449 4091.14060430436 4562.97715029942 1.01278036463522 0.000447784626034351 207.111968698927 808.21657440754 -1140.82516896174 -1.45135628196204 86.040586111157 90.4809204107445
3357000 18181.0342016605 9535.17836218181 4028.8853150331 4616.97052444563 1.00439019984008 -0.0233694397213427 2324.22138479959 2644.54537522231 1562.14197096074 -1.70993838881824 86.040586111157 90.2234548753642
3358500 17879.3074165588 9335.8914968125 3961.13882113929 4582.27709860699 0.983398272166483 -4.11585773505306e-05 1140.35074912639 -381.971988288192 -746.896441589243 -1.39154449565703 86.040586111157 90.0665239450505
3360000 18228.128660962 9517.05637654803 4112.32909525016 4598.7431891638 1.00248131632675 -0.0138437310692555 2746.47489728608 977.781848378905 127.817466335666 -1.59438030851914 86.040586111157 89.8329435628909
3360000 18228.1032927481 9517.05637654805 4112.30326621928 4598.74364998076 1.00248131632675 -0.0138161213338722 2744.91313754123 972.925039673235 126.540004946375 -1.59407421899042 86.040586111157 89.8326278897468
3361500 17986.2908302042 9509.78496967794 3968.56138817835 4507.94447234792 1.00171538101627 -0.00784657074190361 763.59469418215 2224.64930796236 -811.258402547658 -1.4888432430538 85.790471874804 89.8326278897468
3363000 17921.222534535 9372.31036791099 4022.88044090705 4526.03172571698 0.987234462306946 -0.00483411236593582 496.133737336222 1906.72242671109 -1064.66551647909 -1.47003578906356 85.5982023429152 89.8326278897468
3364500 18111.8869226101 9527.97302922739 4067.17340974616 4516.74048363658 1.00363122444066 -0.0017511697596472 246.331057063377 1045.52033404978 -807.913653308907 -1.46317755049115 85.4524730393647 89.8326278897468
3366000 18010.5217611737 9349.89616986554 4072.06371775249 4588.56187355568 0.98487345761474 -0.0123774319697883 610.222858254374 2442.93396374113 365.400609036335 -1.56944838749602 85.4035113963836 89.8326278897468
3367500 18162.975275634 9556.12554055373 4031.06526611951 4575.78446896081 1.00659667567849 0.0102059359054958 92.7636544123905 -1469.60187059433 -1433.50914831875 -1.32935241575254 85.1472372660527 89.8326278897468
3369000 18026.5099948261 9638.18286596704 3856.25111949854 4532.07600936053 1.01524020287218 0.00438357864200041 -567.410366096426 582.089142612304 -1220.20642879333 -1.40346061389387 85.0377516648625 89.8326278897468
3370500 18296.0084018535 9503.99236550548 4164.62614713144 4627.38988921659 1.00110521572713 0.00281617900031528 -106.50491223287 1521.4574249275 -2186.92536436661 -1.41503152937413 84.9155816523004 89.670973019899
3372000 18164.6281605815 9558.70269456623 4001.55220891528 4604.37325710002 1.00686814078751 0.00254269200535634 213.701422025434 -640.505132609867 -268.034290591069 -1.40834240348073 84.9155816523004 89.3922595946185
3373500 17912.4341066465 9279.36254358658 4096.33773331174 4536.73382974815 0.977443781912527 0.00288665557393321 808.809746404553 -580.315809574919 -1016.06595548382 -1.37707966812482 84.9155816523004 89.2494235844904
3375000 18121.828175479 9520.39462449791 3990.81279274299 4610.6207582381 1.00283295144024 -0.000818342149954602 346.720475083985 661.61660732088 -785.416778800066 -1.4005568520756 84.9155816523004 89.1096659450606
3376500 18061.9133799015 9309.48122121167 4141.16282887354 4611.26932981628 0.980616339728411 0.000795384759475344 168.41880196795 -101.837201854762 -282.957287529669 -1.44454290593966 84.9155816523004 88.9900203242725
3378000 18071.4013670521 9544.57021036784 4012.69103091653 4514.14012576776 1.00537949232294 0.0102150979036366 -145.359459824666 -1197.03205753326 -1432.69723288526 -1.31990688707118 84.9155816523004 88.8678051192391
3379500 17961.9880118171 9410.95514899544 3985.82369095319 4565.20917186842 0.991305119186332 -0.0107836159578227 1832.7080656625 836.971520009061 251.093092420786 -1.53385282378589 84.9155816523004 88.6019856980156
3381000 18117.9368030489 9411.35544540468 4086.12231945654 4620.45903818769 0.991347284500414 0.0127695099278769 47.4873033532631 -634.672279338075 -2864.23408206825 -1.27357661066506 84.8529607953958 88.4818024770173
3382500 18199.1412483025 9699.28537313639 3906.72985132535 4593.1260238408 1.02167644947979 0.0206746629172426 -1619.58974122712 -1901.19126592902 -2061.76118323153 -1.19790541668516 84.7690106694794 88.4818024770173
3384000 18057.4016086003 9486.40691420784 3997.882495203 4573.11219918945 0.99925284818116 0.0185186209514865 -1229.14210463953 -2355.42064867111 -1403.28017445142 -1.20725774331599 84.5566297016986 88.4818024770173
3385500 17981.3699599858 9488.9040175541 4015.48572016864 4476.98022226304 0.999515881134892 0.0120092822584486 -322.252476468066 -625.356888004295 -2291.33984738932 -1.29465452564333 84.670207465067 88.4818024770173
3387000 18017.9678957332 9452.64379646886 4032.32945844289 4532.99464082141 0.995696402429964 -0.00926015870322977 1219.79767757541 1166.71329300867 108.05753376976 -1.51467174426356 84.5708202977154 88.4818024770173
3388500 18113.6937324581 9364.09530313355 4110.80675978138 4638.79166954317 0.986369126574346 -0.00364435551445153 574.447710999782 467.348698048574 -61.9394543653408 -1.49041275389587 84.4083636061317 88.4818024770173
3390000 17921.860820447 9354.27841642854 4057.10923456831 4510.47316945016 0.985335062561599 -0.0123032417136284 1622.98330158467 1861.03910415195 -188.421221558853 -1.54250224293823 84.092764898885 88.4818024770173
3390000 17921.8125984995 9354.27841642854 4057.0604687359 4510.47371333509 0.985335062561599 -0.0122569750925352 1615.30164025914 1858.36962961852 -190.483162110058 -1.54200866478225 84.0922553800757 88.4818024770173
3391500 18014.6657818544 9347.67790720311 4074.2778944328 4592.70998021852 0.984639796408397 0.00849532513395337 -122.042855226667 -17.3928906864533 -2129.71083406135 -1.30681656446077 84.0922553800757 88.2315776238661
3393000 18049.3580411176 9461.04029652717 3997.68354875103 4590.63419583939 0.996580849689489 -0.00509684675159652 -4.38573941625261 1661.96734997715 -298.826605233891 -1.46054624521282 84.0922553800757 88.0604863898372
3394500 17827.5065833324 9312.67042478424 3917.19794053797 4597.63821801019 0.980952275218228 0.00392688450627574 614.577710838696 336.558192169889 -1997.61717700332 -1.35706202198184 84.0922553800757 88.0288101359421
3396000 18159.7847951607 9468.58026410286 4105.8461035748 4585.35842748304 0.997375073903498 -0.00768441885496258 2143.16641307479 263.166252350223 -358.076407433613 -1.54549741221244 84.0922553800757 88.0470399795848
3397500 18197.2616709943 9425.73103188081 4141.85984694486 4629.67079216863 0.992861540199169 -0.0024477011443364 1079.1240494378 177.814442446859 -604.092664919684 -1.46026763121225 84.0922553800757 88.1036173936042
3399000 18035.7417217359 9451.84379393871 4032.65522582467 4551.24270197253 0.995612133979956 -0.00546696824940856 -240.441020612538 2041.91165443752 -348.243610355486 -1.46610944049465 84.0922553800757 87.8068529844946
3400500 18156.5042798673 9602.44414293234 3971.54199476945 4582.51814216553 1.01147565628402 0.0045351376779458 15.2042777976199 -1053.09924643105 -164.209764394096 -1.3804207454976 84.0577131128707 87.5934758223774
3402000 18146.5571166153 9562.27269209075 3975.5000489822 4608.78437554233 1.0072441872956 0.00137311318872648 488.493577004554 -464.076920686823 -388.574168457007 -1.3944233628646 84.1024551346946 87.5934758223774
3403500 18128.3322241665 9483.4843342089 4004.7378900041 4640.10999995355 0.998944997546627 0.00443960049232875 -383.232753358164 911.413411885671 -1704.8269703146 -1.36802165595756 84.0480779304958 87.5934758223774
3405000 18141.0340595536 9506.05991258344 4026.98063883546 4607.99350813475 1.00132300127281 0.00409552202219554 -172.16980398833 506.912131555751 -1419.89944619844 -1.4067856149976 84.0251114861503 87.5934758223774
3406500 18071.0815653308 9516.21829507907 3965.69166270163 4589.1716075501 1.00239303682299 0.0120221233859593 -1020.29885763524 289.036265726469 -2451.76948149177 -1.31394602073636 83.9625409289186 87.5934758223774
3408000 18094.2834864566 9504.55576798459 4092.90435756764 4496.82336090437 1.00116456185649 0.00651786734563948 -1263.09886794044 1148.45375315528 -1609.3601393012 -1.37645836255517 83.8800743903041 87.5934758223774
3409500 18164.3543084141 9527.35290604823 4036.42800630089 4600.57339606497 1.00356590362335 0.0106522412741608 -1270.21844168631 548.040838820663 -2090.62671544548 -1.31189024683125 83.7383240538596 87.5934758223774
3411000 18037.9913261745 9296.06615777872 4146.37093426486 4595.55423413093 0.979203260944722 0.00608631602415519 -755.163367282155 -282.956458318487 -564.122565850223 -1.39577503200013 83.648315464392 87.4206475163192
3412500 18199.8383886211 9574.99509375974 4106.18655729983 4518.65673756153 1.00858430439351 0.00327461202329017 -86.5911031768849 -22.2419678258878 -750.393962188098 -1.41909672089509 83.648315464392 87.1341462257168
3414000 18138.3618593203 9504.49681640646 4067.53108102292 4566.33396189094 1.00115835217849 -0.00720179557184244 74.9742689603175 2017.80397529942 -206.797951304611 -1.48674205039015 83.648315464392 86.9634299869066
3415500 17997.116599031 9484.29206666999 3977.7197746858 4535.10475767519 0.999030080230683 -0.00209400035416302 348.703572440876 850.661371772728 -651.465121993847 -1.46009090392103 83.648315464392 86.8889819015931
3417000 17994.4985522566 9508.55361249192 3948.93946929228 4537.00547047243 1.00158567572464 -0.0072210295415216 1550.55633963958 -904.285613009475 1246.5270294443 -1.51076267540626 83.648315464392 87.0453128479989
3418500 18349.0446844062 9661.11819406761 4082.31376720044 4605.61272313814 1.01765610091827 -0.00773329888925193 1572.83199651845 30.621069278861 421.120638918618 -1.55021317232367 83.648315464392 86.9378900622025
3420000 18205.9332042235 9735.10409376032 3885.48995775112 4585.33915271202 1.02544942263236 0.0146221126162076 -567.455430796085 -1717.23370032817 -1530.89351847487 -1.25694491799295 83.648315464392 86.6544840278895
3420000 18205.9656542565 9735.10409376032 3885.52392544051 4585.33763505568 1.02544942263236 0.0145690553200602 -564.65736235727 -1708.53480703232 -1528.57040622983 -1.2574958614352 83.648315464392 86.6550542799257
3421500 18058.3496812832 9427.63849790192 4024.50021757112 4606.21096581018 0.993062463570014 -0.00802571156054815 1289.93281334087 481.278216210563 321.408430867754 -1.49020678575624 83.5815292511487 86.6550542799257
3423000 18063.9873022313 9474.78374417909 4056.57219742009 4532.6313606321 0.998028518900205 0.000752025689771601 -584.325986477251 14.366773719075 374.098137683303 -1.4128444477013 83.4870389116719 86.6550542799257
3424500 18171.6517236481 9550.45540438634 4027.37613572356 4593.82018353823 1.00599941058475 -0.00314019151451398 337.554241312421 602.333646301379 -122.233766641093 -1.47325874834429 83.4674402325086 86.6550542799257
3426000 18024.986504818 9468.78728438508 4024.89202775268 4531.30719268028 0.997396880432409 -0.00236106607388329 -626.608242649545 901.56551696517 338.791792046293 -1.46121706992779 83.3271070395217 86.6550542799257
3427500 18060.2203660148 9469.78552986142 4019.1627377139 4571.27209843951 0.997502030848624 -0.015966722313676 1363.68086519859 1579.44706624457 1197.15367057362 -1.6000110383716 83.1223301204998 86.6550542799257
3429000 18168.1006954578 9635.36397486449 4024.73830583853 4507.99841475478 1.01494327433133 0.00826673580361076 -1046.87188876114 -281.313398229866 -811.312694091912 -1.35308913274533 82.9624221953643 86.6550542799257
3430500 18032.8471755579 9513.15815616565 3964.22417853933 4555.46484085294 1.00207069638865 0.00570659277025896 669.202244142485 -529.817214275778 -1615.20936992507 -1.3449223606743 82.9115385289924 86.6443627556696
3432000 17935.0353985288 9411.31174783898 3996.76527099609 4526.95837969375 0.991342681607309 -0.0110631805097587 2030.46659355594 1004.12402030927 -180.554799376978 -1.49475963578798 82.9115385289924 86.4294889905456
3433500 18107.5052174174 9443.00623770886 4079.18026315948 4585.31871654904 0.994681227967437 -0.00893708165787744 622.408014684051 1245.33706035159 432.35143441302 -1.52919855995633 82.9115385289924 86.2249314842639
3435000 18134.6197473826 9514.15038027556 4045.08793501427 4575.38143209277 1.00217521254285 0.00127710219510778 39.8114590211603 896.909718751018 -1265.0307432383 -1.44289219843187 82.9115385289924 86.1272161729203
3436500 18045.3646965142 9524.43567369787 3992.29750802177 4528.63151479453 1.0032586162846 -0.00651720968924585 1743.47684625123 190.521341616471 -259.523659789366 -1.4803802166622 82.9115385289924 86.0794287265284
3438000 18051.40090998 9451.9989546414 3988.94474573536 4610.45720960328 0.995628477868162 0.00131508836130403 -574.572555786615 12.867607855024 224.060446340265 -1.42846274839123 82.9115385289924 86.0175904297372
3439500 18053.8701090717 9518.05191429177 3969.66057264962 4566.15762213035 1.00258618152333 0.00649250233991026 -1839.40153113684 964.960698757666 -796.12505842363 -1.35152651369132 82.9115385289924 86.205310437688
3441000 18209.1297892842 9589.69671584555 4008.43947355258 4610.9935998861 1.01013290312799 0.0203031881375412 -1764.4385461531 -1556.45758558717 -1908.02058883692 -1.23815073897175 82.98581926762 86.2067156411577
3442500 18120.4909716192 9449.18107369112 4009.67341255041 4661.63648537763 0.995331655731935 0.0144248791209225 -582.946924353338 -1858.50891921159 -1273.92504939295 -1.28854172290834 82.9941651540935 86.2067156411577
3444000 17908.0701605004 9281.44640753573 4061.96466890898 4564.65908405569 0.977663286199581 0.00627103886784568 -861.073592042398 -341.907062362065 -409.912570622094 -1.32779059098749 82.8748060367393 86.2067156411577
3445500 18123.6022746102 9519.14613164585 3989.15888457722 4615.2972583871 1.0027014411593 -0.0116323768550443 1063.76672374825 1771.65623868398 150.491539761592 -1.53288872349993 82.7113871345456 86.2067156411577
3447000 18246.401043572 9513.82418290849 4108.85253521889 4623.72432544459 1.00214085246837 -0.00200421115222082 -19.0744772577404 825.861001986984 -294.133938229247 -1.48063211879139 82.4206581852256 86.2067156411577
3448500 18162.4669131494 9500.85574908362 3983.88711244459 4677.72405162118 1.00077481951689 0.00303668521963874 134.978097277547 -189.295259372846 -721.199927851255 -1.37643737209164 82.2901770938506 86.2067156411577
3450000 18033.6945211465 9393.4745498979 4098.35869820503 4541.86127304355 0.989463796270912 0.0050246133055379 -278.159918007438 359.352327368559 -1361.90776444688 -1.35784604928062 82.1308603631257 86.2067156411577
3450000 18033.7010013206 9393.47454989792 4098.36530721519 4541.86114420747 0.989463796270914 0.00501566354383695 -276.732408958486 359.830162327212 -1361.53331368739 -1.35793688586965 82.1309499925229 86.2067156411577
3451500 18133.435124179 9504.33219202563 4031.14909109385 4597.95384105948 1.00114101143157 0.00147315561891929 -1049.42102482176 1048.01907979267 -374.090863256682 -1.40370468507545 82.1309499925229 86.2072219129841
3453000 18098.5080605593 9495.46941324229 4014.76610293716 4588.27254437981 1.0002074485956 0.00339586099450987 436.038359350238 -287.83267693074 -1013.0628057397 -1.37300873908424 82.1309499925229 86.13608233218
3454500 18092.0106421886 9505.42627633784 3973.49308778514 4613.09127806562 1.00125625705355 -0.00646130030746615 1017.67603256275 352.658824293789 272.634668746291 -1.48684584108928 82.1309499925229 86.0003531142163
3456000 17969.4324849187 9458.40904656974 3987.60412481433 4523.41931353464 0.996303686371701 -0.000238441795046073 -660.511712802869 1337.15180870768 -616.179743334186 -1.39535357304364 82.1309499925229 85.7588494300516
3457500 17898.1928682967 9440.18378634811 3932.24645943441 4525.76262251417 0.994383924405973 0.0111360696839803 -1775.01636584658 -51.654979406025 -994.631179984416 -1.3186401876773 82.1309499925229 85.6857042782262
3459000 18097.6557335616 9536.47108793466 3974.08367641769 4587.10096920921 1.00452636940377 0.000388148794226632 -377.999463082141 386.15743814493 -106.315017392375 -1.41933084354921 82.1309499925229 85.5290947331371
3460500 18100.7691487281 9472.23934459567 4022.99961196955 4605.53019216286 0.997760503986482 -0.00611570676196796 1078.40657357702 258.003228910593 210.961315014634 -1.50852056203372 82.0944345363106 85.6114033600218
3462000 17947.2139094843 9388.04915069578 3991.82989508972 4567.33486369876 0.988892310601546 -0.0020275261884064 253.737249574902 621.406572965836 -362.702301265831 -1.42785800172533 82.0056400156096 85.6114033600218
3463500 18048.6819609452 9396.97293073547 4023.18265848613 4628.52637172357 0.989832299018852 -0.000622103706720631 166.256364129428 846.226798712831 -855.637204632182 -1.42701039226246 81.8043552050672 85.6114033600218
3465000 17952.8557759454 9239.53238433058 4096.71063391172 4616.6127577031 0.973248262951554 -0.00641279006939847 387.255213680576 629.234243689482 599.063626398952 -1.47678310367636 81.7410275259001 85.6114033600218
3466500 18135.0368798268 9553.81149413218 4007.89373279522 4573.33165289935 1.00635292506791 -0.0170692175943936 1626.56441210621 1389.78078829686 1280.90186317719 -1.59258705750869 81.6850523766765 85.6114033600218
3468000 18175.049708365 9514.17980113606 4005.03711292337 4655.83279430557 1.00217831159594 0.00464669219864028 546.609115909174 -740.752909229982 -972.310796961118 -1.402894117038 81.4497609912104 85.6114033600218
3469500 17991.3394542634 9460.11971327558 3985.27582859612 4545.94391239169 0.996483879841532 0.0156103239687011 -926.931227821447 -1194.93085581872 -1785.29730862448 -1.27674565753356 81.2110443438446 85.6114033600218
3471000 18126.6322667198 9532.21967453643 3985.79831462377 4608.61427755965 1.00407854579833 -0.0043101228265795 -144.832395734786 863.009658969518 360.125994772959 -1.45325213681964 81.1764697960896 85.6088393924317
3472500 18182.4580719672 9542.45469539674 4018.876337583 4621.12703898743 1.00515665406823 -4.96185513699591e-05 -698.283438343012 1057.61866523011 -346.954212720144 -1.44224751481168 81.1764697960896 85.3845862389511
3474000 18038.7352127706 9348.90465727664 4112.34843479215 4577.4821207018 0.984769016408768 0.00203162745188141 -278.132862564171 69.8508266484464 -298.212062360192 -1.37470042497049 81.1764697960896 85.3095508115598
3475500 18130.861311878 9513.12787025004 4042.21111458243 4575.52232704552 1.00206750621478 0.0040054576959184 -141.345745323656 381.968896437669 -1237.17463375463 -1.40414296990091 81.1764697960896 85.1363307537796
3477000 17968.6350076284 9379.82290949295 3982.91257151264 4605.89952662279 0.988025797597614 0.0110300186258257 -816.719406250207 -303.378572245827 -1624.75030857175 -1.30226983472736 81.1764697960896 85.1548597133468
3478500 18369.1315641095 9636.93629216179 4110.70241859941 4621.49285334833 1.01510889473448 0.0126716503399119 -2765.83597496257 329.886676872521 -711.261145424249 -1.3282380723367 81.1764697960896 84.9884564335696
3480000 18216.2508005023 9519.7886596868 4031.57477423097 4664.88736658453 1.00276912199787 0.00849127552311462 -2371.40288577497 1597.34028035526 -1330.74557991382 -1.36558549687245 81.1764697960896 84.8216916175763
3480000 18216.1995955882 9519.78865968681 4031.52144029322 4664.88949560812 1.00276912199787 0.00854690171353795 -2374.22234309655 1588.5543888353 -1332.91513854379 -1.36503804484924 81.1764697960896 84.8211450201524
3481500 18213.7398302103 9664.39136629246 3955.79169213135 4593.55677178648 1.01800088126534 0.0212615314629543 -1516.46203779545 -1561.73549787506 -2189.34131394557 -1.24150563402484 81.1346883525359 84.8211450201524
3483000 18078.8961255434 9578.28936438922 3901.72890074425 4598.87786040991 1.00893130714586 0.00412507962619368 -214.643052695677 303.613163427773 -1113.00736310546 -1.40319248550956 81.2974246107055 84.8211450201524
3484500 18249.2412491439 9546.25665849529 4089.77535206502 4613.20923858356 1.00555713472326 0.0036506037113801 412.902982518918 -538.308574365702 -779.038799536473 -1.40522733901805 81.1354309792882 84.8211450201524
3486000 18103.6644127142 9424.81938207325 4060.35515159514 4618.48987904582 0.992765511357587 -0.0032108499958096 653.174561603131 1238.21041252048 -1096.62509374867 -1.48249150848838 81.0605017170712 84.8211450201524
3487500 17995.4556557217 9464.97582483923 3990.67606895282 4539.80376192969 0.996995399466922 -0.000468915358433237 753.668705401935 -680.913433256553 42.8124246464592 -1.42968529415708 80.7114907871522 84.8211450201524
3489000 18286.7887330783 9716.05498046805 3973.14955484196 4597.58419776831 1.02344287991447 0.0146670086963015 -2297.33927111715 1066.29239654412 -2381.46769383328 -1.2986051797798 80.6605958958533 84.8211450201524
3490500 18467.0624226311 9634.24528965044 4153.4411656869 4679.37596729371 1.01482543736772 0.00561719346793202 -893.910265894657 -81.2509128541281 -407.562750062728 -1.40163188448799 80.7051650700521 84.7251342316692
3492000 18132.9572796111 9330.53514201331 4144.58802144836 4657.83411614939 0.982834059305136 0.00377204925244551 647.557610984037 -1145.1155357691 -429.236771080989 -1.38386550818649 80.7051650700521 84.5672783756389
3493500 18124.873430105 9392.23264531492 4070.32779086151 4662.31299392856 0.989332979966811 0.0163016085547118 -548.37889219041 -1592.4372883806 -1861.25319131947 -1.277665662865 80.7051650700521 84.4987571498293
3495000 18073.7332204889 9597.5029528772 3877.45065357239 4598.77961403934 1.01095517489621 0.0121908805524183 -758.711700195221 -1349.79009839537 -886.679034327688 -1.26925800266132 80.7051650700521 84.5637319574196
3496500 17781.0927018745 9182.31752007681 4012.74658400773 4586.02859778995 0.967221522102155 0.00104067246597635 346.632737283933 -429.481391832298 -172.81100695051 -1.3904582815538 80.7051650700521 84.5559774922187
3498000 17812.869411271 9221.13114726188 3951.79654548893 4639.94171852022 0.971309964424277 -0.00851738558214516 1366.92402492662 1215.26762232705 -499.433317368481 -1.47148308344911 80.7051650700521 84.1644599315247
3499500 18140.4267420101 9521.17079636317 3960.59513599962 4658.66080964726 1.00291470968169 0.000142397583357602 92.6716732309329 21.4995225857429 -148.946665535625 -1.40976512673253 80.7051650700521 84.0555811170843
3501000 17947.4485291694 9389.40095420357 3930.41045766738 4627.63711729848 0.9890347031341 0.000689654443820403 -276.65275985913 681.266218759143 -572.779531587845 -1.37740807221054 80.6282198509576 84.0073472264142
3502500 18183.2167997543 9483.84251414922 4039.12120355639 4660.25308204872 0.998982726512796 -0.010366140836049 308.059225653956 1616.56031404801 602.007934532649 -1.51729469220055 80.5943018882588 84.0073472264142
3504000 18171.2732026939 9492.58846470113 4004.51807279281 4674.16666519997 0.999903983220217 -0.0107562535341063 1752.68762310975 1773.74904225396 -910.213887527641 -1.53567897060517 80.4255279544855 84.0073472264142
3505500 18336.3239792266 9632.10602115082 3987.31775956113 4716.90019851464 1.01460009702963 -0.00514866141563268 665.852001207689 626.535850172366 -44.4383574128173 -1.49167815226111 80.1461942804373 84.0073472264142
3507000 18152.7086932073 9503.71596257478 3964.8287039295 4684.16402670299 1.00107610076102 -0.0123138762384511 2187.06316027431 1077.84373518297 -291.679778912956 -1.51763559533877 79.8387132843695 84.0073472264142
3508500 18179.5277587125 9526.84126770151 3993.34769090695 4659.33880010403 1.00351201008074 0.00261960577814879 -299.480132459814 1137.49955070844 -1469.58310663345 -1.3851243328187 79.7189263653799 84.0073472264142
3510000 18268.2427763909 9727.66349390706 3915.02377872568 4625.55550375819 1.02466566534019 0.00919755347308608 481.842720703985 -562.702434932487 -2137.20252595239 -1.3398147011896 79.7409922617355 84.0073472264142
3510000 18268.2290095704 9727.66349390706 3915.00984675912 4625.55566890421 1.02466566534019 0.00921447790510674 479.317756124564 -563.562987685792 -2137.89402835584 -1.33965241409675 79.7408329358288 84.0073472264142
3511500 18133.2285684784 9470.34509046409 3991.95496183997 4670.92851617434 0.997560972293053 0.00885917688494846 72.0480875670883 -675.85286984959 -1530.74032010813 -1.33128385071934 79.7408329358288 83.932216882941
3513000 18264.6670833171 9553.41159414929 4054.24707015712 4657.00841901066 1.00631080151149 -0.00644977099624708 358.170428021094 243.382799084349 947.417743950756 -1.50179401551699 79.7408329358288 83.6595868082497
3514500 18249.1132819495 9543.44950835715 4136.80658687471 4568.85718671762 1.00526144291959 0.00529529642042263 -572.401683283817 -45.4456657963306 -649.926970157111 -1.38929421246316 79.7408329358288 83.400452230918
3516000 18156.0472654566 9466.59434282394 4017.24288979266 4672.21003283996 0.997165886430078 0.0158035768117677 -565.931618106804 -884.098777680233 -2325.69409344859 -1.28993248835828 79.7408329358288 83.2265010232928
3517500 18437.2963597776 9651.85462925204 4085.25487141201 4700.18685911353 1.01668032119366 -0.0118414775437974 1425.54793656603 98.8056211413501 1297.2308036778 -1.51385623631691 79.7408329358288 83.0049276410681
3519000 18202.3879212685 9615.03188738912 3890.15513068027 4697.20090319916 1.01280158923359 0.00583440023282015 1152.62099212352 -558.5903214109 -1982.95819863352 -1.39257844072271 79.7408329358288 82.9277914041209
3520500 18103.8248154508 9560.01302905205 3914.65826317709 4629.15352322168 1.00700616517112 0.00258226955419964 -319.667298505009 1268.91779115406 -1564.87315240834 -1.37281461976781 79.7989091537992 82.9876691257132
3522000 18043.6754179731 9354.38972739107 4022.99614956594 4666.28954101612 0.985346787527368 0.00031758668313531 -516.979656376922 733.539018140945 -292.374106446104 -1.41019535701376 79.9052520403539 82.9876691257132
3523500 18421.8899665609 9717.92838775458 4099.0669233485 4604.89465545777 1.0236402157007 -0.0219798439326111 2347.35198312692 2932.25622317501 -34.5225600153881 -1.64444139018777 79.8751914704216 82.9876691257132
3525000 18170.5618128977 9534.07388726772 4009.16483382346 4627.32309180656 1.00427385972167 0.0120392209587452 -1007.94924357794 -409.124566514053 -1457.79491558916 -1.28727630670741 79.9288502208952 82.9876691257132
3526500 18128.9103118274 9490.52309640617 4001.43221017646 4636.9550052448 0.999686427177139 -0.00659516714234953 -284.318901874404 1989.51032941621 -134.022467133493 -1.48074330664099 79.7408786584059 82.9876691257132
3528000 18233.8349725749 9419.84260384173 4088.99097751826 4725.00139121494 0.992241281281059 -0.01582554352166 458.828122101277 1921.26898374633 1382.94243457626 -1.58523810607988 79.5910216813132 82.9876691257132
3529500 18403.7382234105 9687.09857427996 4021.22352755174 4695.41612157878 1.02039275022699 -0.000814774237098222 -111.412307581294 1285.74746603572 -981.044137077203 -1.45647940868334 79.4069152510709 82.9876691257132
3531000 18365.2465459126 9691.19126883053 4003.92402397339 4670.13125310866 1.02082385514621 -0.00011997472215862 1417.09628921575 -520.062797723753 -868.583906705378 -1.4248129140054 79.4312207971081 82.9263291932605
3532500 18090.5393293532 9473.5721228427 3941.07100959679 4675.89619691371 0.997900892488829 0.00710530494165078 -155.151743717663 89.8941151062089 -1614.56310586822 -1.33691962256624 79.4312207971081 82.6773366571545
3534000 18084.6553312172 9495.0650719283 3915.09700655918 4674.49325272975 1.00016485721054 0.0189987900143309 -480.371058091352 -1653.29415789241 -2344.0451136941 -1.2293370301677 79.4312207971081 82.4207029276377
3535500 18002.4401661832 9541.99627049578 3835.89828077678 4624.54561491063 1.00510836577614 0.0183292492742219 -2170.37880523179 -521.441239023634 -1627.60293433912 -1.23748249666529 79.4312207971081 82.4114050540293
3537000 18140.1658783632 9472.83054454128 4028.41721534787 4638.91811847405 0.997822778168355 0.00339868093322861 -1148.61608823399 1303.24201408304 -955.013302390948 -1.39250315430567 79.4312207971081 82.3561616181117
3538500 18149.1829831506 9580.6904494012 3923.95060308904 4644.54193066032 1.00918422598633 -0.0069726258253481 1182.84384750661 1492.93415434356 -1032.16121033281 -1.45557575127786 79.4312207971081 82.4347777122251
3540000 18289.6450428914 9560.82660366522 4005.65166879804 4723.16677042812 1.00709186323961 0.00189814695007529 528.393537396354 -297.443943829746 -677.564222070617 -1.42669452844893 79.4312207971081 82.282859201452
3540000 18289.6527265058 9560.82660366522 4005.65966414579 4723.16645869475 1.00709186323961 0.00188660859073326 528.957064325827 -295.739102923097 -677.118292729946 -1.42680255976198 79.4312207971081 82.2829632200135
3541500 18281.5916744774 9457.98078302145 4067.31548998636 4756.29540146963 0.996258575132612 -0.0176895853010244 1584.49242390081 1293.73451597785 1291.85115729058 -1.57536628669085 79.5818649918236 82.2829632200135
3543000 18194.5083411936 9541.20642903269 3967.18995335847 4686.11195880242 1.00502516764446 0.0132206519107825 -472.101895226278 -1416.39506931263 -1225.49874063289 -1.28906695212881 79.5156684812312 82.2829632200135
3544500 18407.5330355534 9664.04178042978 4085.8939859462 4657.59726917745 1.01796405755831 0.012474865689819 -1032.7133293441 -148.882496226784 -1757.45144718883 -1.32203803002124 79.5349969682997 82.2829632200135
3546000 17856.6867113768 9312.6462552349 3858.77805191517 4685.26240422673 0.980949729313203 0.00820481511151403 -291.226250229734 150.015449392313 -1792.5293375269 -1.33133909009319 79.5640513002675 82.2829632200135
3547500 18215.7211465101 9602.25757245861 3912.15705412648 4701.30651992502 1.01145600384038 -0.00254885814560064 916.852641400567 1816.72943712891 -2132.18727077045 -1.43234659576173 79.6528985369694 82.2829632200135
3549000 18169.5282395347 9443.91484485396 3998.20006169539 4727.4133329854 0.99477693630947 -0.0009317417078497 -991.872049614735 1053.20141396852 158.635166344549 -1.40957822150044 79.6974995474247 82.2829632200135
3550500 18166.4939324958 9411.62641368704 4036.55237865062 4718.31514015816 0.991375827006587 -0.00552734093770199 1744.3036886342 15.1398074425247 -454.259431179441 -1.48111098581736 79.7585455298928 82.2386140887051
3552000 18090.4594205002 9439.5278328087 3957.05531341573 4693.87627427579 0.994314829389446 -0.00762474796268753 848.693389260832 509.359873761141 437.37284793188 -1.50163301352955 79.7585455298928 82.0091513787259
3553500 18230.9451547838 9491.97892801594 4029.48325215077 4709.48297461705 0.999839777533674 0.00970223461312816 631.811386435038 -952.735779489328 -1961.51028388186 -1.31634521277592 79.7585455298928 81.9307363882276
3555000 18297.892282937 9489.44749841086 4105.14434230719 4703.30044221892 0.999573128815596 0.00827736012628729 -1922.77492544072 -447.212358203435 424.904348834436 -1.35252730550977 79.7585455298928 81.8401744743057
3556500 18247.5487708164 9526.36392737567 4020.07108033068 4701.11376311006 1.00346172932803 -0.00266235639868185 712.289042663871 164.292221556916 -250.901495865813 -1.44759442968664 79.7585455298928 81.8476460323729
3558000 18073.3910467228 9412.72991858812 4029.70913624263 4630.95199189204 0.991492064948451 -0.00524058853111313 1845.30716307966 149.102275896308 -765.750433131122 -1.46853678864891 79.7585455298928 81.652893609228
3559500 18113.5749282417 9421.0426642227 4045.13627513222 4647.39598888675 0.992367689916543 -0.00686458410089858 622.977948566376 405.125422309522 579.767754188768 -1.4714706147341 79.7585455298928 81.5750370118478
3561000 18302.863970729 9567.57687152048 4100.93280255591 4634.35429665263 1.00780290425243 -0.010320691270315 997.476475584482 1950.11311884234 -529.255132199338 -1.56766879588315 79.7870577336938 81.5779198353399
3561000 18302.8234573638 9567.57687152048 4100.89174071489 4634.35484512844 1.00780290425243 -0.0102759783815447 995.274090964644 1943.51678747058 -530.945510532754 -1.56725175824898 79.7870577336938 81.5775128299374
3562500 18123.7133878059 9463.82587114616 4118.78221576116 4541.10530089859 0.996874268830901 0.000316016951733198 564.170336175592 803.12306435632 -1441.75201780705 -1.43898865550375 80.1637677885422 81.6439419477188
3562500 18123.7662164124 9463.82587114613 4118.83588950112 4541.10445576514 0.996874268830898 0.000245502045554263 574.819878657277 806.490646736184 -1439.15514979221 -1.43964935570904 80.1643774734991 81.6439419477188
3564000 18184.6721366072 9493.24657452083 4157.19390186048 4534.2316602259 0.999973305369024 -0.0267633442419339 2464.88745608906 3055.67018849418 837.271446047169 -1.69985875723768 80.4141554503032 82.0603685322969
3564000 18184.6764610523 9493.24657452084 4157.19829159298 4534.23159493851 0.999973305369025 -0.0267675455091966 2465.0963996847 3056.30278593685 837.430938488986 -1.69989851590851 80.4141554503032 82.0604071383626
3565500 18287.9391865195 9603.15945750371 4189.67954799118 4495.10018102463 1.01155100410846 0.000193078824168199 1674.18105581154 269.298748460262 -1990.02857965737 -1.47214844006916 81.2492088169812 82.4236747806846
3565500 18288.0446033693 9603.15945750371 4189.78685795182 4495.09828791373 1.01155100410846 7.6715348731407e-05 1691.97630593014 275.161113000106 -1985.63272608498 -1.47326385600468 81.2502695679938 82.4236747806846
3567000 18446.6818119133 9699.54586371962 4219.08833682483 4528.0476113689 1.02170388831512 -0.0204742574372378 1628.35143738036 2386.44554462741 1031.13055483192 -1.68356321102491 81.8971012675479 83.5914423113836
3567000 18446.8024829046 9699.54586371961 4219.21215514555 4528.04446403944 1.02170388831512 -0.0205926613078785 1634.36522858721 2405.09504371933 1035.71744403673 -1.68472494208582 81.8971012675479 83.5925833305573
3568500 18176.7943955324 9383.04520646195 4271.35463796675 4522.3945511037 0.988365218987934 -0.0239100781841707 3301.22046781156 1981.15118165435 769.095662073733 -1.73615072461664 83.4344346140817 84.2620202263249
3568500 18176.9593905118 9383.04520646196 4271.52333329297 4522.39085075688 0.988365218987935 -0.0240554390458654 3324.80324293892 1988.73216304806 774.824918652818 -1.73761482649374 83.4358493443518 84.2620202263249
3570000 18382.1528223848 9576.8881119444 4288.32846603963 4516.9362444008 1.00878370589818 -0.00932812223780751 2064.00695008078 2476.13422982764 -2112.98296885516 -1.61397828291685 84.1998541003324 85.8400610600453
3570000 18382.3644849068 9576.88811194439 4288.54126146148 4516.93511150089 1.00878370589818 -0.00952597628505903 2074.8219586846 2509.04017552713 -2105.16367489141 -1.61602727947692 84.1998541003324 85.8421054628091
3571500 18214.568346726 9444.55091086089 4355.00036391575 4415.01707194931 0.994843936468203 -0.0362035362452196 4024.54354608936 5098.30258751378 597.669558782603 -1.90764051696634 85.9955676161485 86.7280824797032
3571500 18214.8239045115 9444.5509108609 4355.25511660353 4415.01787704707 0.994843936468205 -0.0364094779739078 4060.44119546181 5109.74618016032 605.867404629733 -1.90984496223791 85.9977183807037 86.7280824797032
3573000 18252.5868588851 9430.45872547856 4474.16579839331 4347.96233501326 0.993359532888667 -0.0369827605347042 5018.80002682122 4667.18349582558 595.967615091922 -1.92979867497649 87.0619397294824 88.7044424538
3573000 18252.8750766904 9430.45872547856 4474.45623713983 4347.96011407199 0.993359532888667 -0.0371925798307395 5031.01520568839 4704.95433521198 604.590067662209 -1.93212362937757 87.0619397294824 88.706797149874
3574500 18354.9274386359 9677.13158273562 4475.772256654 4202.02359924628 1.01934287488657 -0.0370588207740795 5597.05880205871 4688.04838725474 449.446516776331 -1.9805563518933 89.4891597471999 89.9123743273662
3574500 18355.2958580456 9677.13158273563 4476.13954857811 4202.02472673181 1.01934287488657 -0.0372938923001657 5641.31239824619 4702.44149606273 459.222622931265 -1.98327000872997 89.4919049501361 89.9123743273662
3576000 18362.1750297847 9555.29812966602 4578.25865694118 4228.61824317749 1.00650952016285 -0.0420936120069734 5752.45582559598 6133.25025439522 861.119593386092 -2.10444957626134 90.838570157013 92.6004425750366
3576000 18362.5922321871 9555.29812966602 4578.67890448335 4228.61519803779 1.00650952016285 -0.0423367803327059 5768.05714334885 6181.14068082701 871.688383496459 -2.10738375060647 90.838570157013 92.6035056604139
3577500 18463.8855690323 9492.80955152134 4795.40325812094 4175.67275939003 0.999927271451133 -0.0650303114894283 10645.9053159174 8679.30027021969 1315.94675487062 -2.43231409544605 93.6539971902304 94.1432715215018
3577500 18464.3339672296 9492.80955152133 4795.85469091536 4175.66972479294 0.999927271451133 -0.0652195894969965 10685.6113272706 8691.99189349184 1324.17524453914 -2.4347074547282 93.6564751990424 94.1432715215018
3579000 18672.5489406082 9595.71557602776 4982.12120851339 4094.71215606703 1.01076690114581 -0.0521380966480341 8132.81353660825 8852.33885877124 468.284502232493 -2.35501404727823 95.3834719288527 97.4877753604976
3579000 18673.1133990296 9595.71557602775 4982.68849324598 4094.70932975589 1.01076690114581 -0.0523872932203258 8150.81442941829 8907.0058601862 479.683053362246 -2.35833900824419 95.3834719288527 97.4913714566471
3580500 19123.3543690284 9655.25229567635 5475.57687355886 3992.52519979323 1.01703821516578 -0.0679187425649449 11253.2062715755 12229.1900431622 981.768795026287 -2.70137176570011 98.89929319043 101.168444755144
3582000 19651.1456917417 9647.56749382523 6158.69387862794 3844.88431928856 1.01622873480015 -0.0824889445638973 15153.5602394965 16097.3787381167 1394.27816459051 -3.10695975635537 103.668172572262 106.041502112278
3583500 19934.7977187898 9536.59433037649 6646.09128532502 3752.11210308827 1.00453935117464 -0.087126891714839 18930.1520780438 16863.1000171128 1660.62505288863 -3.36127950830276 108.098629244886 110.464281807084
3585000 20686.8296546733 9519.52566701374 7410.38002717507 3756.92396048452 1.00274141960433 -0.0857017876664793 19329.2200436266 18912.4733117923 1506.94290438031 -3.48569369474484 112.404093394871 114.61665349958
3586500 21232.6275064729 9578.70678393248 7968.66123843687 3685.25948410355 1.00897527612919 -0.0888013792245388 21482.3905234144 21375.2312576528 1301.59703997571 -3.70788072983259 116.498568169208 118.571027281548
3588000 22239.7330717627 9774.9657486922 8666.31778934051 3798.44953373004 1.02964825919758 -0.0921506456724144 23855.7449201584 24382.7965544313 535.441165900032 -3.96483200149738 120.331673324805 122.182042259572
3589500 22512.0982482106 9472.89410271796 9358.44320884507 3680.76093664759 0.997829473083474 -0.0973346902447952 26897.9449436655 26716.6028842775 842.901031604345 -4.21040709736338 123.797923940355 125.537587577419
3591000 23290.7249730594 9478.00679133398 10111.2105684793 3701.50761324613 0.998368019311527 -0.0989432696223503 28834.1563603422 28518.8140126102 930.960154683537 -4.3745983056142 126.999652481812 128.842024655585
3592500 24324.7638161752 9547.84658012182 11118.9889253611 3657.92831069219 1.00572460948247 -0.0974493392331135 31201.3531369662 28938.012634542 159.782553970518 -4.46672804562685 130.128753659988 132.085914823746
3594000 24997.8838487822 9617.89899391686 11730.0939138377 3649.89094102767 1.01310359655731 -0.105014901047331 34290.6251906437 32895.2966789819 725.944973971518 -4.79069813292109 133.013702674678 135.050394699664
3595500 25642.0052395736 9498.86231294709 12449.6305750664 3693.51235156014 1.00056484046422 -0.108311703736152 36773.6995778076 35406.8775936958 776.266614641508 -4.99235694006737 135.858279172151 137.721593836259
3597000 26395.9152408509 9435.65854031513 13351.1563680617 3609.10033247413 0.993907256577145 -0.111195658499016 36586.3566363897 39935.32748509 1382.60311782655 -5.21457188652298 138.631518524063 140.38123095156
3598500 27568.9678248929 9750.83004383895 14142.7112997885 3675.42648126547 1.02710591919091 -0.105808858758818 39217.8003985631 37719.1442360289 -114.243334093182 -5.20034307620874 141.24008767286 142.793048241536
3600000 28283.0365273583 9579.95754802703 15063.5151698368 3639.56380949447 1.00910702565198 -0.116995758329848 42960.7413478829 44171.6122986426 662.363887454444 -5.60209863491134 143.647769068662 145.109846553081
3601500 28957.9175714206 9578.28432028812 15725.5730032176 3654.06024791489 1.00893077582431 -0.114878042302017 43512.08114801 45309.138497121 -5.23617761717631 -5.62897040290563 145.9333234582 147.162490617632
3603000 29796.2117567361 9512.01928918616 16614.0073940572 3670.18507349278 1.00195073357415 -0.118101450773749 45905.4603711752 47447.3128486659 588.23905229733 -5.86693669208406 148.124489905736 149.166271541615
3604500 30468.2643356419 9506.43691238938 17273.0183380018 3688.80908525073 1.00136271263384 -0.120576494413998 48743.8718572029 49382.2167670215 125.81754672035 -6.00776901797361 149.953317371067 150.945354898542
3606000 31258.2260530342 9574.74887704853 17939.2440318028 3744.23314418287 1.00855836909976 -0.119522876071636 50276.5801338021 49885.9450090849 -336.993135897134 -6.05951093693446 151.884498001499 152.747688719713
3607500 32233.1047433347 9621.23348249142 18894.3249430522 3717.54631779111 1.01345483567614 -0.123452114170698 51905.2088079039 52336.0618467675 1240.39428585361 -6.32440499120554 153.706954931835 154.412489421269
3609000 32668.6795584121 9295.96944040444 19657.0666038499 3715.64351415773 0.979193073197918 -0.122520153070905 51746.2384223457 54915.2434091525 263.722076857959 -6.32138301949318 155.433200972819 155.964682242336
3610500 33538.5328595949 9464.08027777212 20292.032482134 3782.42009968875 0.996901066811199 -0.121122733212462 52728.3921594184 54077.8094609851 1077.30027381728 -6.37520326770708 157.115987245109 157.473142171187
3612000 34232.3825700553 9465.05425615769 20966.1842975596 3801.14401633801 0.997003661047842 -0.12114906149251 53617.4477880647 55706.7605837187 545.233304514186 -6.45698174710627 158.607657623989 158.829149857029
3613500 34978.3237465367 9734.32314487332 21536.1751158437 3707.82548581976 1.02536716120223 -0.124880576794305 56692.7879402938 59266.7066019287 -790.323192512702 -6.6522929289467 159.895020358045 160.215270254236
3615000 35508.3293696046 9511.9513880152 22192.1321562379 3804.24582535147 1.00194358118873 -0.126016286105838 59954.7160461238 58167.5696379138 -22.8965948646172 -6.77183392325273 161.246194884375 161.446635655833
3616500 36251.0274094857 9534.64748470147 22942.3372051272 3774.04271965709 1.00433427973892 -0.126077151348668 60638.1130602028 58843.9358477872 457.016594288083 -6.82530390055464 162.563888452496 162.554012275282
3618000 36541.788001759 9463.51904394569 23227.5819483675 3850.68700944578 0.996841949117364 -0.124176959969327 60789.7215565649 59316.5786926454 -320.570397789072 -6.78716828188567 163.699522624642 163.686983793297
3619500 37211.3336842769 9641.913073526 23798.4206426395 3770.99996811139 1.01563312514099 -0.124574278720204 62448.1825086405 59607.1520317295 -226.671795895197 -6.86463879960465 164.847490717257 164.792049237246
3621000 37839.7366750047 9528.32965453811 24486.515822246 3824.89119822057 1.00366878964956 -0.123186383924201 61260.4338280649 60721.3093341718 3.34579428196469 -6.88859193203472 165.867433140567 165.836611643144
3622500 38235.984893052 9484.57142603395 25043.6648856603 3707.74858135777 0.999059506613361 -0.122586223952561 62584.141846663 61464.0216997788 -1111.63843091869 -6.91576119483313 166.960340922442 166.84893623716
3624000 38860.7753064901 9472.07703307649 25514.0490201113 3874.6492533023 0.99774340686538 -0.125847212778321 63228.051006065 64647.8773156604 -238.149603669762 -7.08998522062893 167.982898139481 167.713516767433
3625500 39453.8309432858 9642.67397529131 25956.3366542034 3854.82031379109 1.01571327490297 -0.128425143943131 67062.5245218215 65110.263902874 -720.129499678023 -7.24559714751487 168.77668666815 168.462932508238
3627000 39921.0569027868 9652.89641618557 26419.2612627233 3848.89922387794 1.01679005805926 -0.127713959575695 66244.6516458455 66166.2271626958 -250.33477783344 -7.24021137412079 169.730636508387 169.356046701796
3628500 40018.1403545821 9307.18907425204 26850.6141386112 3860.33714171886 0.980374895902674 -0.124390470065325 64572.4364055014 65634.5889953269 -269.814398017198 -7.10744157376153 170.524513104868 170.159857348674
3630000 40511.6713550521 9444.31963673217 27224.6473484296 3842.70436989028 0.994819575154808 -0.128110191211796 67743.0537567506 67266.2498608484 0.549072327586115 -7.33560272102421 171.33759525868 170.854576390526
3631500 41056.6805641834 9522.55939723625 27663.3164021164 3870.80476483072 1.00306097827316 -0.125792133714585 67408.8908627479 67535.7505229615 -1365.755310491 -7.27565855714156 172.064451132456 171.431521449874
3633000 41223.5873996673 9466.2838419025 27895.3257980563 3861.97775970849 0.997133179744299 -0.127286290957184 67465.7364065012 68608.2442178557 104.109976736747 -7.3566963634083 172.70928421256 172.070897472291
3634500 41707.3027614705 9533.30987152744 28335.1231308106 3838.86975913246 1.00419338194843 -0.127670522209274 68832.1791193528 69965.1647472895 -1054.94293280595 -7.38318029954321 173.464026712797 172.768709587584
3636000 42015.606766506 9481.71688961407 28743.5932682824 3790.29660860946 0.998758823364836 -0.12981453406067 71492.2747140532 68752.5189339595 825.182715929965 -7.51384322708651 174.102732612323 173.381671837313
3637500 42451.8221004617 9340.78374147067 29218.4576437876 3892.58071520345 0.983913597879673 -0.128468454520402 71148.2038137731 69544.6741273373 -202.737846926622 -7.50554020346901 174.616493743299 173.964879979187
3639000 42760.1978039357 9416.52039974177 29466.4185830556 3877.25882113837 0.991891336150184 -0.131625556410702 72370.2631887085 72837.2667798718 -504.305285179892 -7.63149258478446 175.117390394434 174.383829989035
3640500 43095.3292826732 9495.88292475811 29704.595566425 3894.85079149009 1.00025100592596 -0.128071737556467 69683.035992764 71855.0612466653 19.1426636028906 -7.52935070012834 175.627882441153 174.816660079904
3642000 43371.2255871181 9583.84127922955 29919.4018816851 3867.98242620344 1.00951611936899 -0.128115001121141 71694.772393216 71151.1691619367 -458.777035332579 -7.57229395877021 176.120699213871 175.290328597866
3643500 43560.7877744907 9409.80846126966 30242.7485941637 3908.23071905744 0.991184332571723 -0.12895339822012 72710.5163279891 72505.6197341531 -1054.59499404781 -7.61174070849285 176.674854365468 175.767826409121
3645000 44138.4527793417 9700.48628143883 30516.3321475341 3921.63435036879 1.02180294743128 -0.127835725530751 73786.5209544716 70313.8262316211 -398.115801243532 -7.61818815333421 177.131164559861 176.284363751868
3646500 44100.215492792 9605.1864867489 30621.2269179969 3873.80208804622 1.01176452169894 -0.132252552728837 75029.4204404483 75672.764869763 -1405.07156851017 -7.77216820092309 177.490255657386 176.673060613585
3648000 44401.8458613755 9621.78868878118 30918.417815466 3861.63935712827 1.01351331845802 -0.127126164708145 72214.8566270927 72349.6460584241 -495.953960117167 -7.60122289119403 177.879865372408 176.972156730973
3649500 44440.6157162067 9380.51008145308 31144.175427653 3915.93020710058 0.98809818101365 -0.128217573256102 73759.505043215 73583.8523940296 -1363.72253717468 -7.64724975733408 178.324076779483 177.350425700362
3651000 44646.6002717953 9436.69486488997 31317.7176362656 3892.18777063969 0.994016418063936 -0.127951713569662 73367.0696571901 74758.8109871686 -1847.10052975319 -7.63573534594927 178.713755431084 177.694809281524
3652500 45135.3752224517 9625.21339579345 31611.9269526131 3898.23487404523 1.01387406075667 -0.130540766104327 74536.2724652433 75197.2881995891 1.48541266988022 -7.80987592347513 178.98359977126 178.017035379661
3654000 45149.0862825076 9510.78467216417 31781.0761939609 3857.22541638255 1.00182068490695 -0.130846013816402 75398.6914939762 75390.2657678953 -76.4910921731123 -7.83901683643952 179.37825805957 178.367767609517
3655500 45530.9217213949 9711.9771752888 31969.0021899352 3849.94235617084 1.0230133433706 -0.131026583013711 75187.4767952474 75905.5665405415 425.048662045514 -7.87414942653204 179.723315905069 178.730287477093
3657000 45386.2580868759 9351.85695544676 32176.4101679475 3857.99096348157 0.985079997413679 -0.131288948718316 76251.002339076 75968.2033094938 104.034351669782 -7.85233002508844 180.061510183055 178.984164597307
3658500 45570.4555472608 9496.74517682777 32193.9991256606 3879.71124477244 1.00034183144549 -0.130761135109687 75025.0769611663 75970.3779629142 1190.13876047786 -7.8520088762806 180.388885716284 179.21839524486
3660000 45555.5361454451 9283.56204469431 32413.2963128173 3858.67778793354 0.97788613732494 -0.130464111657258 77644.4737134868 75002.2056391262 -259.188891403829 -7.84385408158026 180.689273147002 179.565700463784
3661500 46154.0828986355 9590.7334815342 32630.3473944268 3933.00202267449 1.0102421110796 -0.1295300303184 75802.5980724825 76469.1170507982 -518.807149734622 -7.84085829817604 181.022419672424 179.775989736553
3663000 46237.8552168367 9425.04410969041 32886.6033304006 3926.20777674568 0.992789183092685 -0.129229837391721 75312.562961408 75932.8456557878 702.668575194607 -7.84447455468313 181.414847555876 180.035057566489
3664500 46215.812964735 9278.29969183768 32940.8690862281 3996.64418666926 0.977331826179773 -0.126850911365713 75699.744577408 75200.8448591852 -1351.46003572043 -7.73233277766548 181.607549251645 180.324152119895
3666000 46627.123060091 9619.57404932903 33049.3393407125 3958.20967004953 1.01328003890336 -0.128354597120598 75514.1925699107 76327.1578236564 34.1005364432291 -7.81121072569235 181.896257895738 180.696561013062
3667500 46747.3465352952 9437.92728151983 33401.047456548 3908.37179722742 0.994146234952318 -0.134098109155137 80255.432425148 78763.4892901214 243.840791994024 -8.09006936846899 182.273327361688 180.994745952618
3669000 46822.1076614624 9501.59536387392 33458.7653400398 3861.74695754863 1.00085272701047 -0.130119842110459 78213.835697763 77468.4074322742 -918.228262991298 -7.91554311124277 182.386873557623 181.146680656734
3670500 46937.5104336234 9355.09894014729 33665.1636267144 3917.24786676179 0.985421492615715 -0.136027633964963 79811.5581908449 81967.0205223456 407.134992804894 -8.19280036141729 182.567356152493 181.409415922763
3672000 47023.6914238119 9503.1091028722 33667.9856886777 3852.59663226202 1.00101217705506 -0.131962343271257 79939.9421196353 77928.4537264518 -149.263310727082 -8.03753979751349 182.773454641238 181.643030768568
3673500 47366.6193276781 9663.76622081055 33775.8278488645 3927.02525800304 1.01793503142261 -0.132101340479982 78262.4577398159 79987.1197963459 48.1628296456105 -8.06303188763356 183.071050581231 181.821533521345
3675000 47362.9209758819 9648.1019572812 33823.7698641119 3891.04915448881 1.01628503263087 -0.132357396123618 80136.1956533153 78583.1771046713 80.1677889359054 -8.06241705288315 183.186590617701 181.930220664416
3676500 47245.4092149577 9360.83301282947 33986.7023258226 3897.87387630559 0.986025492476902 -0.129725667828338 78186.0291538091 77627.5464219984 255.918698385027 -7.93929689128093 183.485831118716 182.132342697824
3678000 47674.2980741223 9547.76685134608 34137.0132405907 3989.51798218548 1.00571621123359 -0.130971077226551 78517.4198760983 79729.4732942322 -267.933497220361 -8.03278822132453 183.728801239512 182.366098834649
3679500 47710.9842533101 9480.3237478568 34285.3504581078 3945.31004734551 0.998612076458293 -0.131155683873457 79936.7376437633 79212.4454683182 -575.998059408226 -8.04085400729245 184.00063188127 182.524353101108
3681000 43703.7642770549 9576.07264143849 30057.3957770747 4070.29585854173 1.0086978081254 -0.118406002786387 61021.1088335759 74906.7305154047 -665.452264840954 -7.11431468268104 173.724643407968 182.658294219778
3682500 39699.3263597892 9569.37928075169 26059.7145399741 4070.23253906348 1.00799276144222 -0.114905897602718 48432.9130329764 74779.9241145716 -1149.75626327846 -6.63813410653418 161.547450831064 182.658294219778
3684000 37022.0837465509 9507.51118646825 23479.2365771299 4035.33598295284 1.00147587154034 -0.105796584442898 36420.3341165147 69853.9717920835 -380.641536702454 -6.00060955647791 152.21464233832 182.658294219778
3685500 35145.5946541401 9529.56706306279 21495.4072595862 4120.62033149119 1.00379913236033 -0.100707503851671 28759.0726387988 67998.3639876951 -1011.78573250491 -5.60834073514327 144.582365489779 182.658294219778
3687000 34047.2391369601 9613.22078656072 20324.0814709184 4109.93687948097 1.01261081651243 -0.100758900551851 26972.3091452537 66220.5198515836 -1591.70512808733 -5.46153537336181 138.253292806186 182.658294219778
3688500 32655.5853827632 9432.59639588814 19086.7566887927 4136.23229808238 0.993584704891572 -0.10244493483251 22144.0150900955 67183.6325724795 123.381923517095 -5.33743983116195 132.78620369924 182.658294219778
3690000 31859.086064468 9407.97567947472 18381.8380410952 4069.27234389816 0.990991276080973 -0.105538043836083 20472.3297624824 68545.1202745695 -65.5147484947388 -5.34876392207666 128.175335446022 182.658294219778
3690000 31858.4413531881 9407.97567947471 18381.1841528969 4069.28152081649 0.990991276080972 -0.105485124020666 20443.374296876 68532.708636836 -70.9102866498271 -5.34693189071141 128.172222038867 182.658294219778
3691500 27132.3409805429 9431.32641335016 13450.750592235 4250.26397495771 0.993450930989642 -0.0701150315377663 16900.9096958026 39299.231131065 -2269.18871890555 -3.86711834086563 128.172222038867 166.698057662122
3693000 24813.1822028913 9496.46338678132 11067.2744449334 4249.44437117652 1.00031214902631 -0.0571466281089081 15729.6611474154 27093.3351213778 -1693.64152337154 -3.37885751677148 128.172222038867 155.978547446987
3694500 23625.2416918393 9649.84520253693 9603.368561352 4372.02792795034 1.01646865776973 -0.0524004653592582 14729.4478589858 22436.6886359011 -1371.79843899956 -3.14816549997892 128.172222038867 148.04126154175
3696000 22538.5259750986 9583.0838456243 8549.03330481972 4406.40882465459 1.00943633492646 -0.0493877362166242 13654.9897866134 18773.0153337035 -113.254412449583 -2.98203601082233 128.172222038867 141.802953265447
3697500 21689.9719035067 9434.93718470576 7887.11017394661 4367.92454485428 0.993831272418577 -0.0382118636615177 13626.5477911711 12068.1218724984 -1592.57932863546 -2.63731765838176 128.172222038867 136.697343905189
3699000 21288.7572114089 9462.59406625485 7451.93921156569 4374.22393358834 0.996744516380139 -0.0419738250593477 14229.8443097986 12310.7442546227 -905.391123038756 -2.65882960248685 128.172222038867 132.361507364893
3700500 20737.0053832005 9496.25313359956 6930.91900631812 4309.83324328279 1.00029000195919 -0.0351390635453034 10823.075138618 10980.0584540146 -940.578459598612 -2.48406858344177 126.971967124112 129.887382589508
3702000 20659.532849154 9569.17230017258 6712.04715049225 4378.31339848916 1.00797095909544 -0.0324837365447518 10239.95660292 9334.0376480122 -790.768530983298 -2.39763222330866 123.661563154649 129.887382589508
3703500 20131.9847936116 9304.53006791041 6458.66124760636 4368.79347809482 0.98009480885979 -0.034857677374207 8248.53717119255 12054.6335793167 -601.105775937512 -2.41021317506364 120.877045121351 129.887382589508
3705000 20006.3550235078 9326.48848642797 6308.81348314611 4371.05305393375 0.982407803910884 -0.0342036288387449 7184.80190423412 11421.8626902015 345.880708338971 -2.36602017841582 118.502057905061 129.887382589508
3706500 20093.8816211661 9563.2709234166 6167.91433981587 4362.69635793358 1.00734933622127 -0.0345217755245089 6528.1470374502 13103.3795857665 -856.782745340043 -2.35998518700324 116.308493593383 129.887382589508
3708000 19834.2554920578 9426.47954070353 6057.92310050548 4349.85285084875 0.992940384547694 -0.0322932540770039 5984.93357100781 12010.1088990442 -721.828782425953 -2.28911029595192 114.391003576406 129.887382589508
3709500 19783.076169407 9382.40070400066 6009.35478951163 4391.32067589473 0.988297330173346 -0.0233684520964663 4801.27943152597 7930.14325002777 -431.866009539996 -2.11620992234604 112.561545071002 129.887382589508
3711000 19613.6872312128 9498.26181318579 5704.01384320852 4411.41157481846 1.00050158668413 -0.0295246322805294 5654.06388234432 10042.1589160238 -512.79395440008 -2.17528553188019 112.042167816685 127.497408477307
3712500 19444.2199209042 9402.11217307463 5518.08300966532 4524.0247381643 0.990373642289422 -0.0179172487154092 3071.75872537002 7849.3899038298 -1928.8232497063 -1.925486761746 112.042167816685 124.427589267399
3714000 19364.3504910517 9653.11919904317 5278.19449558437 4433.0367964242 1.01681352494266 -0.019275319294629 3719.96217623545 7149.12848586449 -1390.28377059507 -1.94003415577744 112.042167816685 121.918073344712
3715500 19057.8184130926 9464.60532834848 5143.73956629132 4449.47351845279 0.996956373134089 -0.0214567003146774 5925.17787476738 5570.49890352542 -1147.80562783374 -1.89754262315571 112.042167816685 119.565001337821
3717000 19105.136976836 9561.61478666263 5089.92573750369 4453.59645266968 1.00717488667642 -0.0201686252967226 4755.08361933879 5283.08320864138 -486.141301498514 -1.90475430108405 112.042167816685 117.418133657321
3718500 19004.6400810034 9568.92011933268 4951.45336403803 4484.26659763273 1.00794439556883 -0.0295233886396782 7033.71179291716 6323.8488014686 406.863820590351 -2.08351554156846 112.042167816685 115.586695508053
3720000 18801.0110147033 9490.35728812629 4813.34499807537 4497.30872850162 0.999668961723946 -0.0124573409121401 3779.01741614196 3042.68593102517 -1098.71493050408 -1.71603834620979 112.042167816685 113.897322132953
3720000 18800.9492296722 9490.35728812629 4813.28134426305 4497.31059728282 0.999668961723947 -0.0124266805965075 3775.96964177548 3033.69555397649 -1100.80015049655 -1.71547688641287 112.042167816685 113.896567777561
3721500 18938.5974014359 9480.3842421334 4868.84905272203 4589.36410658044 0.998618448636793 -0.0203407598109514 5110.1696503919 5744.71840660149 -1629.93391430131 -1.88825788577275 110.607329436518 113.896567777561
3723000 18697.4849636164 9487.34462841622 4730.62371115579 4479.51662404438 0.99935162252238 -0.0121035998827291 2824.92034900664 4324.81685104098 -1723.77892209062 -1.74073916181103 109.332367819453 113.896567777561
3724500 18796.4031340825 9591.13167290218 4624.00512798556 4581.26633319472 1.01028405465868 -0.00703000608292014 2338.98294802488 3047.7507081656 -2270.01736905277 -1.64515578597744 108.12557547678 113.896567777561
3726000 18801.3970307907 9519.15429570497 4727.87956446139 4554.3631706243 1.00270230112234 -0.0175890167258604 3219.75704121615 4647.32708984374 -146.333303461381 -1.85163022609874 107.05447770741 113.896567777561
3727500 18498.9356526388 9298.7168262385 4636.56644772069 4563.65237867957 0.97948246971491 -0.0171965630157236 3273.22177612501 5283.88374362449 -1073.88801553425 -1.79061137916312 106.12887856417 113.896567777561
3729000 18584.8591387414 9464.56960650398 4596.413633189 4523.8758990484 0.996952610365406 -0.00622145563476367 3758.70365424969 1527.26336578908 -2602.4459154202 -1.59901632451819 105.196155619382 113.896567777561
3730500 18540.4735446337 9381.11813650575 4552.55131331585 4606.80409481209 0.988162230632091 -0.0163434381392994 3040.71608668281 4530.39843172435 -603.76768127846 -1.75340136682822 104.504587388537 113.314673356567
3732000 18667.2681502267 9490.97830935666 4602.69723779779 4573.59260307228 0.99973437713769 -0.00288807359258858 1108.53169340378 1937.68057550934 -1830.43645916218 -1.55450671559033 104.504587388537 111.894151358617
3733500 18643.3261902548 9493.7316600402 4570.26324159248 4579.33128862215 1.00002440196347 -0.0053294574915115 3144.49089635116 995.807919037345 -1920.53474127664 -1.56779725234958 104.504587388537 110.70977293556
3735000 18713.248306208 9556.25726882717 4485.4437453116 4671.54729206923 1.00661055130639 -0.00175000538927936 256.882274096194 1262.88868111311 -797.078868870681 -1.49414603072462 104.504587388537 109.768077341196
3736500 18637.0989357762 9617.94748700549 4488.42411339401 4530.72733537673 1.01310870458793 -0.00674291899773474 1698.78070736854 2664.25660113108 -1608.77909601552 -1.57693457324766 104.504587388537 108.572254204168
3738000 18507.6054890646 9519.71500449572 4402.64273768543 4585.24774688349 1.00276136351143 -0.0146513104096541 3597.77272101079 2476.28040021034 -145.691596995855 -1.71532126390093 104.504587388537 107.552461598104
3739500 18575.1575243144 9643.54293260958 4382.56944885198 4549.04514285285 1.0158048067214 -0.00543026539570866 2461.85890098247 9.47624112332335 -286.950219126379 -1.55830447840318 104.504587388537 106.922784223121
3741000 18603.5456974046 9429.34483173558 4502.91628596541 4671.28457970356 0.99324220063576 -0.00647444525064836 1175.13117730501 2297.9323136365 -889.677985506209 -1.59891868513412 103.887440078865 106.689360077475
3742500 18653.5666670246 9592.68345500834 4416.80057385264 4644.08263816363 1.01044751198276 -0.00903112841063669 1453.03471704409 3622.11711858691 -1499.92525650739 -1.60681169549499 103.071344671242 106.689360077475
3744000 18501.2893477003 9607.11219846828 4351.08238764674 4543.09476158533 1.0119673669846 -0.000289000719558593 598.875394107186 607.806425425316 -1093.11811695646 -1.46766245670259 102.309746487931 106.689360077475
3745500 18507.8991371855 9587.98295115492 4297.32577087461 4622.59041515594 1.00995238333122 -0.0128947237542522 3001.61815526519 2568.85552227707 -536.092706090054 -1.6645219279641 101.650711687369 106.689360077475
3747000 18305.9263574302 9496.00901015644 4243.77431698303 4566.14303029076 1.00026428716031 -0.00534606540664022 673.950032236405 2372.5118859977 -971.835595468494 -1.53625878720768 101.037363492979 106.689360077475
3748500 18396.8816866012 9444.37549131228 4377.20357482394 4575.30262046503 0.994825458609815 -0.00691967662449762 1069.27241436759 3227.37623685303 -1628.63358948551 -1.60032731805188 100.387321527401 106.689360077475
3750000 18553.9798448798 9712.87754143446 4280.58620025729 4560.51610318802 1.02310818364507 -0.00286657199194702 -902.061921274141 2616.91258023243 -615.249995404221 -1.55620277099926 99.873099694085 106.689360077475
3750000 18553.9926381813 9712.87754143446 4280.59940095687 4560.51569578998 1.02310818364507 -0.00287911065288563 -899.040043984658 2617.94297527959 -614.489911802421 -1.55639457570074 99.8733345555243 106.689360077475
3751500 18404.2128906277 9463.20805536564 4252.19571869412 4688.80911656798 0.996809191063953 -0.00371308080740468 614.788132862638 2125.79966582346 -1330.54311517635 -1.48503330438471 99.8733345555243 105.62006332554
3753000 18475.2347840921 9529.60494976412 4328.53448998922 4617.0953443388 1.0038031231647 -0.00801362601791148 1628.70309923921 2563.65798005716 -1179.70446025294 -1.58396447400079 99.8733345555243 104.560707214162
3754500 18170.1770149562 9254.54898510843 4317.97568148634 4597.65234836143 0.974830040038808 -0.0170237587861475 3278.12953836186 3257.13334592841 -186.532254710198 -1.68852527321953 99.8733345555243 103.724032528956
3756000 18505.2785093493 9567.41212792214 4282.30051606938 4655.56586535774 1.00778555094772 -0.0010070714895483 955.465340869726 876.214256437777 -1458.93849459705 -1.47926276534677 99.8733345555243 102.942552723848
3757500 18258.5320966572 9394.32305721663 4249.00974691039 4615.19929253014 0.98955317398395 -0.00238671337930564 -245.436162267275 1958.79300717583 -834.412630459085 -1.49407706807488 99.8733345555243 102.425712354825
3759000 18268.5308958997 9522.10987346026 4160.97653601604 4585.44448642338 1.00301362758311 -0.00769071905112404 2330.03467338217 1536.0471949033 -1046.28730479865 -1.55144303458579 99.8733345555243 101.976117067923
3760500 18435.4522588523 9507.50002091079 4326.5518334955 4601.40040444603 1.00147469541379 -0.00597966383060287 2152.02795522129 1231.40513073331 -1201.77528137721 -1.54301750106879 99.618130527604 101.734668610423
3762000 18550.7058012157 9706.01861574172 4240.21217873883 4604.47500673514 1.02238569713401 -6.6776289588961e-05 -141.465850292425 686.534855736178 -520.865843917278 -1.45602092466515 98.9642504694979 101.734668610423
3763500 18338.6407581225 9494.16257393627 4183.44515867595 4661.03302551026 1.00006979237755 0.0026392320490223 1658.82244485203 -127.933068587423 -2482.78108956501 -1.41366382259988 98.4778354527342 101.734668610423
3765000 18204.5882160069 9418.43094235085 4135.42277560244 4650.73449805365 0.992092583594127 0.00140924228758247 -878.200906015563 2071.80438528268 -1699.66037451986 -1.40670220257828 98.0487823133297 101.734668610423
3766500 18365.7150831483 9529.7984680848 4233.55775018062 4602.35886488287 1.0038235074614 0.00529745384254505 -1686.39780151965 1675.66421772291 -1883.04901141324 -1.3648650726339 97.6093597253801 101.734668610423
3768000 18323.495131625 9456.16797296633 4279.40119720314 4587.92596145558 0.996067622369656 0.000751323842104578 57.168781925471 1038.68107286853 -1363.18357910306 -1.43825145630436 97.1527509504508 101.734668610423
3769500 18402.2461596359 9577.60490559506 4246.73983127401 4577.90142276682 1.00885920952178 -0.00686792406849856 1442.79989407972 1617.9433138028 -630.718967997572 -1.55871923565905 96.6081232226353 101.734668610423
3771000 18378.808059199 9597.13565243827 4107.55448320106 4674.1179235597 1.01091648522023 -0.0100716004894408 1492.17593569351 3181.67266663326 -1128.22566523967 -1.58977139934724 96.436606707807 101.402727491077
3772500 18323.5459473268 9487.2535830822 4249.62774325039 4586.66462099419 0.999342032241239 0.0036533679252728 88.2845834223952 149.666288241332 -1520.42950396507 -1.41434827012035 96.436606707807 101.114236070392
3774000 18134.5239264314 9433.25182146305 4077.32516064907 4623.94694431928 0.993653744294839 -0.00499638572099156 1094.07157155529 1562.41287424378 -912.316119953968 -1.48946128072374 96.436606707807 100.551375414597
3775500 18237.1476661222 9420.06850619317 4201.31856416258 4615.76059576641 0.992265076757062 -0.00465117109105553 1447.32666090427 983.318311709511 -810.675019771848 -1.53228134078707 96.436606707807 100.322933547194
3777000 18017.8473258749 9322.31219014239 4100.55492391461 4594.98021181789 0.981967892783736 -0.00292286830545509 2250.56290603689 -32.3573297029497 -1205.48317273507 -1.44097031790651 96.436606707807 99.8014263762122
3778500 18303.7920384761 9441.6418198129 4281.28977951079 4580.8604391524 0.994537506695413 -0.012500729293164 3155.75314455107 1565.66540683742 -406.487350565571 -1.61789265729902 96.436606707807 99.4246575218928
3780000 18337.7850470612 9605.79574344917 4092.4712064256 4639.51809718638 1.01182869789321 -0.00289260620642545 1505.51826490815 465.143324514181 -977.083371811958 -1.49717379148948 96.436606707807 98.9391845919523
3780000 18337.7755756381 9605.79574344918 4092.46138104229 4639.51845114664 1.01182869789321 -0.00288413501057195 1504.92193907306 463.30336783971 -977.558192859993 -1.49705800841352 96.436606707807 98.9390506110312
3781500 18387.7381925763 9534.56241333458 4222.59872210729 4630.57705713441 1.00432531872698 -0.00741731274076486 382.956175067276 2544.78813251211 -391.130105268534 -1.55331276455803 96.0146690774102 98.9390506110312
3783000 18287.8122517371 9384.38794867237 4295.95242505395 4607.47187801077 0.98850665704665 -0.00146526001129474 768.949126053122 759.763381991708 -1029.43527133521 -1.47557917898747 95.6658267658779 98.9390506110312
3784500 18179.1085644848 9376.43383996767 4194.97515614329 4607.69956837384 0.987668809181826 -0.0122411368241854 1508.92438967056 1991.63748946947 646.353700360491 -1.62386894924824 95.111537594099 98.9390506110312
3786000 18436.1013981885 9582.07933906377 4174.0043645586 4680.01769456618 1.0093305249975 0.000197705715515737 -41.9675162473397 1884.82632640458 -1909.5675060854 -1.47217417064448 94.7311886630252 98.9390506110312
3787500 18180.2329767071 9505.77562742936 4078.71849584425 4595.73885343354 1.0012930560309 -0.0111954833791587 1893.31029630702 2858.8757877909 -981.942085384947 -1.62588313388548 94.5488755722206 98.9390506110312
3789000 18183.7500898924 9459.32589134653 4081.245542147 4643.17865639889 0.996400262426558 -0.0220591684988017 1474.46434473595 3585.66697749971 2340.69060299621 -1.76384186904554 94.1934224688455 98.9390506110312
3790500 18468.5059557763 9465.1285083549 4263.48505759778 4739.89238982367 0.997011482420066 -0.00903743468392248 -57.956791977036 2229.48895028706 846.714366819277 -1.60312888285958 94.0069173813579 98.6841092030567
3792000 18149.1615295954 9343.21337746225 4200.02323050851 4605.92492162463 0.984169524144124 -0.012288591386882 1784.24194723477 647.278773471296 1649.41187940296 -1.63166656634934 94.0069173813579 98.1284651492044
3793500 18413.4998546492 9613.25281005043 4152.84438344082 4647.40266115798 1.01261418971406 -0.00494455846860736 680.757445258506 1849.00656513287 -896.630798573218 -1.52002979712537 94.0069173813579 97.5959467846404
3795000 18361.1835291252 9482.20864929475 4309.85604717835 4569.11883265214 0.998810622983594 -0.00966086118859262 1478.58953014401 2133.66522805358 -436.864589746603 -1.57411316847074 94.0069173813579 97.122296114697
3796500 18223.8655006495 9454.28936609005 4128.77206265105 4640.80407190842 0.995869738883452 -0.00165769837991223 932.147628116334 838.613237319063 -1228.77986390953 -1.46542263918423 94.0069173813579 96.6086998722456
3798000 18071.8850004139 9411.47622373505 3993.05257612366 4667.35620055519 0.991360006713546 0.0107981041616923 494.895833892266 -886.078136839357 -3129.26620589847 -1.28912731833187 94.0069173813579 96.3359027683145
3799500 18217.3716728089 9377.37899793152 4144.10687530381 4695.88579957354 0.987768367612737 -0.0101994449003391 1545.1261272529 1536.80626461408 236.65849569739 -1.58668451257971 94.0069173813579 96.1423797269112
3801000 18179.9653871887 9450.62419364535 4122.44342356762 4606.89776997571 0.995483667103318 -0.0088484954476752 530.376534994491 2206.3830703234 136.291478808098 -1.55659048139315 93.8232724575829 96.130419792284
3802500 18173.9041533823 9347.38292077265 4149.75347114214 4676.76776146752 0.984608723945084 -0.00692463273700431 1467.00684237845 1249.4802065438 -474.202962406675 -1.51864866627429 93.5686902869602 96.130419792284
3804000 17965.0588814793 9413.36142667527 4031.76565922793 4519.93179557615 0.991558584997659 -0.00575273379292185 2937.05290265417 152.127898834582 -1229.80895644967 -1.48492591663654 93.3960767385723 96.130419792284
3805500 18270.0546087754 9490.81000537533 4096.5157486068 4682.72885479326 0.999716648799213 -0.0121731987669712 2305.1115581422 1144.17682048748 470.163420800843 -1.55473614521546 93.0373378324578 96.130419792284
3807000 17972.5672374797 9407.38895093396 3962.2167233377 4602.96156320802 0.990929472895555 0.00596961640606011 -348.027528123653 211.96436209802 -1783.69581404713 -1.34296121464398 92.925935716053 96.130419792284
3808500 18502.2439580283 9707.85351131077 4126.98096401285 4667.40948270463 1.02257897627964 0.00432312717911669 86.6154327472642 -83.1956945551186 -1389.6599830821 -1.41880074792384 92.6567688820179 96.130419792284
3810000 18259.9258749206 9574.96396562906 4005.60696199639 4679.35494729515 1.00858102550472 0.00418890252717717 -7.44027453861297 981.009391978125 -2312.31621569799 -1.38329634363174 92.3495849995749 96.130419792284
3810000 18259.9260202997 9574.96396562906 4005.60710937833 4679.35494529231 1.00858102550472 0.00418875098950173 -7.41008259960728 981.019675023557 -2312.30829135283 -1.38329827120009 92.3495871495113 96.130419792284
3811500 18141.7292331732 9334.22931488803 4169.85983858367 4637.64007970151 0.983223185852218 0.00321248818114975 612.544132311449 -13.4579946616306 -1622.69360772936 -1.3891790797881 92.3495871495113 95.8416868885366
3813000 18415.0171619678 9635.78404583453 4257.72687887691 4521.50623725632 1.01498752260331 -0.00151355944938775 1109.18892081448 211.555184370915 -839.752374277387 -1.52561805000585 92.3495871495113 95.5874040682685
3814500 18084.6509804689 9397.55593186434 4073.15075414144 4613.94429446313 0.989893709576483 0.000225310878575209 -7.49022902959925 1066.79679044141 -1130.59916819003 -1.40610427186643 92.3495871495113 95.1754359291424
3816000 18200.0203245781 9579.31446502001 4019.22498950201 4601.48087005611 1.00903928635593 0.00137280885630569 402.312912391583 207.333633008451 -1043.6502950417 -1.46322286632106 92.3495871495113 95.0924310664101
3817500 18209.265847995 9531.31013125433 4131.7269767371 4546.22874000357 1.00398273884809 -0.0135759104025529 2234.46600389201 2395.0077372391 -353.771373710376 -1.60926019333242 92.3495871495113 94.7329462088355
3819000 18148.6170754869 9416.42779642966 4119.63095232529 4612.55832673196 0.991881581759063 -0.00803266581844202 2243.17283322525 -137.909543355345 417.259851476058 -1.52786644990994 92.3495871495113 94.4578379149764
3820500 18417.1930507226 9662.34848705525 4155.84312954758 4599.0014341198 1.01778569411231 0.00688535721468748 1401.40023282237 -2310.03467951473 -1244.45113122396 -1.37623893362577 92.1645620583472 94.2471770568181
3822000 18302.5079927339 9508.65913303925 4131.52560326808 4662.3232564266 1.0015967907557 -0.00368396123394364 -355.906429879331 1284.46933063798 219.765810649107 -1.48039644035726 91.8713970195085 94.2471770568181
3823500 18168.7259053797 9523.05802658722 4023.65904548509 4622.00883330737 1.00311350151021 -0.0113566870908402 891.92903146922 2969.71616551795 -329.329207586197 -1.5629352763658 91.6720695044166 94.2471770568181
3825000 18217.106215312 9500.1432613453 4075.90928175983 4641.05367220685 1.00069976945756 -0.00808485175044156 2003.23878286112 1411.16850525136 -907.366651409097 -1.55530923288286 91.39416326084 94.2471770568181
3826500 17945.8799322671 9288.33573007505 4083.20605671369 4574.33814547836 0.978388974569447 -0.0108585160852116 1640.09716160033 1509.03467987645 205.131040423706 -1.56427550752706 91.0449298665446 94.2471770568181
3828000 18164.7802825887 9288.63231454637 4180.69290028356 4695.45506775878 0.978420215362761 -0.00217794939316476 583.269421599945 1155.5222324467 -1067.89744349998 -1.48222324613697 90.7894548334251 94.2471770568181
3829500 18226.1393587695 9474.38828347981 4161.29707939758 4590.4539958921 0.99798686295674 -0.00652580188677539 1315.95000932703 772.044864256554 -80.8656381878484 -1.53911586000048 90.650582696681 94.2471770568181
3831000 18256.7604274879 9641.9671161659 4016.94071180628 4597.85259951576 1.01563881773486 0.005067920809045 -496.397150070166 531.728271162381 -1591.55038627461 -1.38738737333482 90.579360201725 94.1692730418398
3832500 18177.0100843684 9550.94022759102 4013.65188418044 4612.41797259692 1.00605047954822 -0.00130290723454289 -6.04926142472984 399.659345599555 5.79616094673911 -1.42889325779022 90.579360201725 94.0090374781853
3834000 18195.5182646054 9561.23917988101 4030.12375312789 4604.15533159651 1.00713532204993 -0.00845627531214137 1780.58800277704 1441.55535560956 -633.947351673221 -1.5314236625031 90.579360201725 93.861242590112
3835500 17975.3390771248 9327.02234989583 4026.19542339508 4622.12130383392 0.982464038541721 -0.00064832311239021 -387.444787843335 697.633186287237 -112.17172542884 -1.4081801906711 90.579360201725 93.6652519431696
3837000 18312.707178132 9730.46448046381 4098.79902468069 4483.44367298748 1.0249607079016 -0.00279943369503902 1341.11248194276 -577.413864691756 88.6433557971023 -1.50459196285722 90.579360201725 93.3709850064035
3838500 18027.0617504802 9514.91292418049 3940.49741056014 4571.6514157396 1.00225553527998 -0.00169047897651477 2508.59727770986 -356.692262414491 -1638.60119201277 -1.42239155487339 90.579360201725 93.1178576062426
3840000 18091.5072709637 9450.41808291643 4009.43313581312 4631.65605223411 0.995461956382412 -0.00306388598023811 621.130140785678 741.570806703846 -436.263003714241 -1.48498293382791 90.579360201725 92.7282332115356
3840000 18091.4900153612 9450.41808291643 4009.41512164969 4631.65681079508 0.995461956382412 -0.00304670738378894 620.045885240616 738.32249787099 -437.127051116045 -1.48477630980394 90.579360201725 92.7280057950519
3841500 18227.9050042423 9515.08475893688 4103.67352047461 4609.14672483077 1.00227363553346 0.00406658864219661 -367.291956576044 265.944027143111 -1124.28696628409 -1.3864883073824 90.2853848108069 92.7280057950519
3843000 18109.5064483092 9488.40962242178 4029.59267099255 4591.50415489491 0.999463803910231 0.0038703874339345 240.265437234067 76.6122454366947 -1480.25250728396 -1.40707714944443 90.0433822357019 92.7280057950519
3844500 18385.8422679052 9678.4476659487 4031.20676152971 4676.18784042674 1.01948150481368 0.00417685301671574 780.151421107836 336.008662139041 -2368.04052962943 -1.41940365310034 89.7842672465654 92.7280057950519
3846000 18198.2491769786 9557.87474360223 3957.98961328218 4682.38482009415 1.00678092838281 0.000220504021916051 448.019859024604 281.703514607453 -795.742058295805 -1.42382569910312 89.6885352416703 92.7280057950519
3847500 18143.1503421044 9532.21106107077 3972.2907850599 4638.64849597372 1.00407763849695 0.00308137695928244 900.534517033276 51.7173875112471 -1872.11146613533 -1.38976340176964 89.4258908975564 92.7280057950519
3849000 18239.9954111491 9514.81664436797 4008.39005543298 4716.78871134817 1.00224539362384 0.00738040636889413 -1102.80843775357 -385.129680888427 -709.650947447876 -1.35485333516748 89.197522112657 92.7280057950519
3850500 18118.56348972 9563.90540630991 3939.20900245378 4615.44908095627 1.00741616962236 -0.00102707485186051 765.681154484386 -625.739323023384 165.819270135664 -1.40938023665172 89.2627713956602 92.641861195766
3852000 18216.8463269112 9587.67959432861 3963.38580555016 4665.78092703243 1.00992042917034 0.00282489338987207 590.420408213186 -251.265664282903 -1178.06649507805 -1.3549637979656 89.2627713956602 92.4147617424496
3853500 18066.5010890551 9416.1360872499 4003.84397904462 4646.52102276056 0.991850854505704 0.00177028750319913 -12.3612629417832 -108.999399354241 -404.375523471561 -1.37674919003777 89.2627713956602 92.4168579730706
3855000 18168.2044944948 9586.44120231882 3931.73242747996 4650.03086469601 1.00978998286394 -0.00494771941596194 -276.98923108547 1409.16603745752 336.119152984583 -1.47491310319597 89.2627713956602 92.349739228658
3856500 18290.6952933709 9550.24386957148 4111.18273357575 4629.26869022363 1.00597712851651 -0.00819639817332998 657.747870697061 1528.53113696201 240.571462944654 -1.54500933891958 89.2627713956602 92.139765609276
3858000 18141.1980356067 9337.3636106841 4066.24599377854 4737.58843114408 0.983553337618803 0.00195423729058544 154.044426571532 272.441600139635 -1003.19419446184 -1.3997640726298 89.2627713956602 91.834515430404
3859500 18031.11075638 9479.48253002233 4008.63223897995 4542.99598737766 0.998523466584751 -0.00417232719912241 286.476372375782 1077.51901518788 -138.762812812283 -1.47902652485095 89.2627713956602 91.383399173599
3861000 18067.4064912755 9420.89728833932 4079.119431072 4567.38977186421 0.992352376714522 0.00191377383698044 905.326987110452 -596.601016877305 -869.397133000776 -1.39625582398587 89.1350321225596 91.2991386457277
3862500 18167.6716792232 9422.55153121951 4027.53470673784 4717.58544126587 0.992526626767736 -0.00456338769930011 383.976780726944 1385.07706323959 -436.303317380662 -1.48133751801004 88.8571366563829 91.2991386457277
3864000 18253.6979919624 9658.21290126808 3943.26948520699 4652.21560548732 1.01735007123485 0.00128199845161023 1063.47274077703 -159.108048675162 -1276.76959594014 -1.41544733874123 88.380958964336 91.2991386457277
3865500 18194.6472415676 9421.50177023397 4073.09554226284 4700.0499290708 0.992416049953544 -0.00483319456014771 1564.64683665405 277.862186973407 -440.802817415462 -1.47179155381644 88.2375695502465 91.2991386457277
3867000 17883.1036461559 9233.74411779334 4043.99529031041 4605.36423805216 0.972638554568214 -2.66737131799446e-05 931.801191239834 -272.231766911541 -651.841914460355 -1.40550407378664 88.1428137851967 91.2991386457277
3868500 18052.5190749189 9471.54647558701 3886.86246433556 4694.11013499636 0.997687520470534 -0.00597361040145791 621.996685670726 1237.81292204788 -131.59880393967 -1.45311513612917 88.0218800209037 91.2991386457277
3870000 18161.7449208687 9409.8229395603 4046.19819738862 4705.7237839198 0.99118585764579 0.000338057193525972 -6.44279180858215 -13.0051130530577 -78.3294534311224 -1.4285832028485 87.9992431116556 91.2991386457277
3870000 18161.7450608643 9409.8229395603 4046.19834130524 4705.72377999874 0.99118585764579 0.000337895196863266 -6.41343044779877 -12.9953685403702 -78.3217066710717 -1.42858506805021 87.999245071876 91.2991386457277
3871500 18083.9956951974 9507.65451909426 3908.73547389538 4667.60570220776 1.00149096951538 -0.00105909228959736 462.882254597843 -355.36355813172 198.631781527727 -1.41911116006962 87.999245071876 91.2472297727859
3873000 18174.8244013692 9434.63365817423 4033.02890850985 4707.16183468508 0.993799300381759 0.00655229612405865 -611.694230676518 -1257.45122466555 -24.1476741851539 -1.34122386207601 87.999245071876 91.2100922616173
3874500 18173.9954650835 9483.22914190995 4032.95732166222 4657.80900151135 0.998918116807284 0.00691661274403293 -1637.20862769886 26.9509618399982 -387.016768231044 -1.35829711712966 87.999245071876 91.1512933281131
3876000 17970.7591472231 9359.67937950145 3960.04497751002 4651.03479021168 0.985903974245689 0.000307928450596047 -183.78726681884 834.891639639629 -739.869380183337 -1.36373456788895 87.999245071876 90.9935333744302
3877500 18116.2201430116 9466.7073801493 4041.47156262567 4608.0412002366 0.997177793242671 0.00579775019249447 -84.5002480648788 1317.91278313591 -2900.79679452214 -1.36210282637123 87.999245071876 90.7809558355051
3879000 18128.6824928591 9378.37302659697 4095.60286200111 4654.70660426099 0.98787307385021 0.00742829271537154 -196.57546414943 -777.352153044111 -1161.10791904274 -1.37559838168891 87.999245071876 90.7266033161552
3880500 18120.1555102073 9358.44569828789 4098.98004038416 4662.72977153525 0.985774024152093 -0.00486024250576927 711.930735025753 690.213385097766 -8.11860142161381 -1.46962764339726 87.9048501978345 90.635314425395
3882000 18139.0953835764 9464.53707126483 4070.72841129269 4603.8299010189 0.996949183258528 0.00636281300424352 -6.91261026936947 -229.869764575748 -1588.04640082535 -1.38035473069117 87.896789864415 90.635314425395
3883500 18192.7847735841 9512.74776095224 4013.95310408027 4666.08390855158 1.00202746731471 -0.00354312498821066 1087.99809346725 1349.07727601846 -1421.77530308975 -1.46299144879738 87.8229447662315 90.635314425395
3885000 18398.3221014808 9636.07718940193 4082.00602069185 4680.23889138706 1.01501840094822 0.00174769221028224 662.706253585099 -166.709671637075 -994.813549445921 -1.41489872071054 87.4734631155866 90.635314425395
3886500 18212.4002728886 9646.90339712778 4005.87412804169 4559.6227477191 1.0161587820222 -0.00303175436168039 1023.27119978326 1268.14836741529 -1428.06204073692 -1.48604401467543 87.2763794644796 90.635314425395
3888000 18143.4437110567 9471.02779916512 4056.61487393003 4615.80103796158 0.997632885570666 0.000180107112404511 -431.779836558489 1179.44033448436 -798.804121280932 -1.42301997055427 87.0283366875456 90.635314425395
3889500 18259.2861823746 9632.76509013213 3982.89246945499 4643.62862278753 1.01466952021195 0.00118519096221058 1699.97661973871 -200.903564103096 -1835.19949270869 -1.38953411832593 86.9189346223481 90.635314425395
3891000 18145.2345253896 9538.58410143215 3951.80509713753 4654.84532681994 1.00474894416518 -0.0120047252951355 1374.85162988551 1775.76956470978 244.806418297623 -1.54158801192759 86.8563336292567 90.4561826042153
3892500 18114.2062503606 9500.40476392657 3991.90017635255 4621.90131008149 1.00072731489193 0.00253421174421454 762.644737664079 28.023470417898 -1505.99761063124 -1.39426253753236 86.8563336292567 90.2732718887049
3894000 18391.909679214 9612.91898939135 4086.53259212719 4692.45809769548 1.01257902663837 -9.51696562895793e-05 435.564261435385 139.685990509591 -548.445008297423 -1.42187100342326 86.8563336292567 90.0776950036372
3895500 18274.3090256028 9649.75956554508 4024.00863185937 4600.54082819834 1.01645963717755 0.00212392053222832 -85.5990991501189 -320.178462586041 -193.139520570666 -1.41107624839665 86.8563336292567 90.1829511550867
3897000 18260.3483386433 9606.8876065622 3961.33714817424 4692.12358390686 1.01194370954466 -0.00284294474063085 718.906986779228 1065.38608249459 -985.014194921555 -1.47019773929011 86.8563336292567 89.9137109355485
3898500 18196.1868129558 9562.09097022482 4051.48848782825 4582.60735490275 1.00722504558117 -0.0103284066408515 1292.6698749063 756.549327068642 850.523930502932 -1.52987470058927 86.8563336292567 89.7888080911985
3900000 18154.7447262267 9497.63341397155 4090.62442842313 4566.48688383206 1.00043539410876 -0.0090478290257714 2132.30612946409 509.806763508968 -108.479825366357 -1.55005561474016 86.8563336292567 89.556134421728
3900000 18154.7325572033 9497.63341397154 4090.61197964911 4566.4871635826 1.00043539410876 -0.00903420150224697 2131.52174422484 507.401637763669 -109.110989570033 -1.54990353798038 86.8563336292567 89.5559713786409
3901500 18015.425682389 9501.18578163699 3942.41412065854 4571.82578009352 1.0008095835716 0.0126953461413735 -368.698602092459 -647.06943680051 -2534.73458668179 -1.25943648637498 86.7457571373201 89.5559713786409
3903000 17914.4427256495 9352.6238122551 4006.84279771394 4554.9761156805 0.985160774451477 0.00391657616508159 -242.314340566708 29.263978695221 -880.506161405199 -1.35853869837506 86.6039317955084 89.5559713786409
3904500 18304.9760922318 9642.94801969253 4109.72236209612 4552.3057104431 1.01574214143283 -0.00895995657790064 1678.6021282108 850.931361279885 -34.1733984124292 -1.54022027104918 86.3833953831543 89.5559713786409
3906000 17916.5122510676 9302.19950744353 4019.20108734605 4595.11165627801 0.979849318738455 -0.00860818613015434 800.07419757104 1262.01089569394 325.744749325457 -1.51381233001259 86.0388658665377 89.5559713786409
3907500 18172.8203079545 9478.14045443594 4035.91251957248 4658.76733394609 0.998382098745029 0.00566207847589549 -372.733113634177 402.006264714854 -1594.12252481318 -1.38235083487527 85.7234431334592 89.5559713786409
3909000 18101.0172650412 9571.94988551913 3953.25492034326 4575.81245917878 1.00826353668501 0.00335146635154175 651.412512023663 -1216.66510417878 -360.257879523887 -1.38395109810072 85.6543500198415 89.5559713786409
3910500 17931.1958185368 9380.81448315712 3935.70513916346 4614.67619621623 0.988130245236964 0.00550409038502654 537.804769649257 -955.340679472424 -1101.2127091911 -1.36656758422868 85.5683066463763 89.5746047787664
3912000 18135.238182476 9448.12401158462 4071.76976964558 4615.34440124577 0.99522030985249 -0.00905405643998211 666.703332828846 803.424716071709 1022.87991366125 -1.53939548378668 85.5683066463763 89.3850793125794
3913500 17957.5145713471 9561.52322868063 3844.22447400464 4551.76686866185 1.00716524239539 0.00734098413427427 -376.957845923106 230.513117489104 -1869.01038785213 -1.32985417265814 85.5683066463763 89.1257930219809
3915000 18224.0289379371 9560.6859267586 4091.80805479835 4571.53495638019 1.00707704500538 -0.00349790257519661 1532.43052980918 1035.53033152639 -1607.64288857525 -1.48536815477776 85.5683066463763 89.1234334878421
3916500 18155.3811179825 9380.12357607147 4138.39169293138 4636.86584897966 0.988057468380625 0.00548269486035763 -234.609739203515 -286.554135908614 -983.146938834337 -1.3662416752614 85.5683066463763 89.0693049357705
3918000 18160.3412469385 9475.77626900308 4076.29343397604 4608.27154395936 0.998133066730192 -0.0043604883137495 1126.83226699633 1707.50802344637 -1640.28839919454 -1.47099028644719 85.5683066463763 88.8940382312081
3919500 18149.6276991166 9474.24968331388 4108.60203039797 4566.77598540476 0.997972263476472 0.00232807606371349 804.998194193655 373.875599588607 -1814.05400140879 -1.44132593678502 85.5683066463763 88.5695326166192
3921000 18298.5212682502 9626.3113573132 4040.62080491771 4631.58910601928 1.01398971478519 0.00556785725194296 -175.361821785805 152.89607295796 -1493.49689242748 -1.38189790395742 85.4555185573418 88.5029591518279
3922500 18281.4477513929 9627.40243215439 4023.84527903894 4630.20004019954 1.01410464340384 -0.00580064219785668 1171.65567278428 702.009444530956 -300.389453220364 -1.50238034485671 85.1272207469003 88.5029591518279
3924000 18243.6130972413 9588.74609723089 4062.34499179931 4592.52200821106 1.01003276949817 0.00392770501607691 -695.344907968347 412.744246054139 -781.086327254383 -1.38323137871749 84.9991712042224 88.5029591518279
3925500 18218.1438603827 9595.28315633479 3998.24774171469 4624.61296233327 1.01072135211827 0.00356703229640914 -535.874547261062 -660.498307768736 231.07229065091 -1.4122897601647 84.9366691776849 88.5029591518279
3927000 17741.0072389016 9268.09842786442 3904.99711665598 4567.91169438122 0.976257273699312 -0.0116107123306594 927.997729068932 1391.71907874671 815.261159062098 -1.528425247061 84.7452441540444 88.5029591518279
3928500 18198.730678122 9579.41322773107 3978.52582151361 4640.79162887734 1.00904968954875 0.0156591024695779 -442.140662856847 -1198.72032172779 -2569.674934835 -1.27332700459387 84.3937369690747 88.5029591518279
3930000 18047.8880197714 9446.34653772048 3982.68042990504 4618.8610521459 0.995033079235316 -0.00625252247394732 -300.100369348393 1202.02009217201 777.275249822704 -1.51516612072279 84.2918472157649 88.5029591518279
3930000 18047.894818673 9446.34653772048 3982.68731351497 4618.86096743759 0.995033079235316 -0.00626117694786398 -298.636762860726 1202.49812561081 777.65975866472 -1.51525877806596 84.2919414059721 88.5029591518279
3931500 17952.622419553 9358.03550198339 4030.07894369043 4564.5079738792 0.985730816030273 -0.000609959217606664 95.7409758301535 446.800367822863 -379.020360386617 -1.41660475688141 84.2919414059721 88.3454391473056
3933000 18339.9311768406 9644.41638535769 4086.2902089205 4609.2245825624 1.01589681206696 -0.00575243338262513 1149.38199631671 259.710079991945 130.925450982842 -1.50642579351388 84.2919414059721 88.2237489075785
3934500 18197.6869316399 9603.49619869576 4018.97729590487 4575.21343703926 1.01158647481917 -0.00199301240368242 -10.7799160125929 1143.84507389307 -601.559317679789 -1.45288450936657 84.2919414059721 87.8839325282378
3936000 18252.6280376047 9573.74834470393 4102.92994815108 4575.94974474968 1.00845297779575 -0.000741693504363339 22.7426006749785 -173.431314335911 348.275941034526 -1.43617491775122 84.2919414059721 87.7901587119643
3937500 18110.721904406 9412.30820085202 4073.57349157824 4624.8402119757 0.99144764321399 -0.000718101240063008 -485.794550443786 -533.982879080038 1211.2108197767 -1.42955264779963 84.2919414059721 87.8503420205668
3939000 18105.412559776 9491.53624360267 3945.62292384948 4668.2533923238 0.999793147269466 -0.0145812339760132 3440.35287696855 88.4672355249899 353.080332607065 -1.56847966557732 84.2919414059721 87.7327125202119
3940500 17997.4760456221 9350.68470203253 4058.87691904911 4587.91442454047 0.984956517831414 -0.000963976896531227 86.2815028443768 525.238803241606 -355.2452009256 -1.43733773901129 84.2938585232587 87.6075147189858
3942000 17955.9687837057 9405.70286181346 3959.13497213096 4591.13094976123 0.990751868311315 -0.00135648717340191 1310.62156723732 -457.702521515187 -492.256506629074 -1.45279334325121 84.3026998148084 87.6075147189858
3943500 18208.7454141835 9619.22545236556 3983.20376056342 4606.31620125453 1.01324331936225 0.00678417404474801 -1632.09147770473 237.186724272471 -408.207495111229 -1.36746042149439 84.2717323124053 87.6075147189858
3945000 18385.6655232142 9523.96145770803 4186.68043281518 4675.02363269098 1.00320866463454 0.000979356026791429 273.18964143336 1598.92368382698 -2132.34762506765 -1.43949765442865 84.2519722923732 87.6075147189858
3946500 18080.007672375 9485.88061078222 4005.14820300356 4588.97885858926 0.999197409889106 0.00666615213801838 572.443718851293 -865.096809351806 -1475.75538444343 -1.36496932742809 84.113074074126 87.6075147189858
3948000 17958.63102495 9397.60221657777 3915.81475903717 4645.21404933504 0.989898584987388 -0.00174461177834839 -794.967791599636 715.718737423931 541.817914198068 -1.39560181909029 84.0685838313921 87.6075147189858
3949500 18233.3983025443 9639.77213168281 4004.97838223902 4588.64778862251 1.01540760854088 -0.00196108677911847 -537.231436850917 1510.05107886747 -452.760062670832 -1.45907917452737 84.0838187640714 87.6075147189858
3951000 18148.1314845067 9501.76766281888 3981.20631320066 4665.1575084872 1.00087087615936 -0.00417974094104586 564.373512400203 1276.11390432255 -735.659451266917 -1.48381113498351 83.937221929158 87.475856078074
3952500 18238.2858472505 9536.30449308567 4052.01711255158 4649.96424161329 1.00450882109714 0.0108885749243543 -1245.80425321999 -1057.85334625964 -573.722203920296 -1.32185057638571 83.937221929158 87.4518608427972
3954000 18035.8814905076 9491.06045431776 3952.44304307826 4592.37799311158 0.999743029896009 0.00779305915714425 -590.346437957961 -277.239668300879 -1191.57223341008 -1.34779369174249 83.937221929158 87.4429253223198
3955500 17934.4267193682 9378.29850727631 3988.60548764535 4567.52272444652 0.987865224340476 -0.0214501523858935 3865.40548558996 1041.91175383399 749.076923471081 -1.60648918419436 83.937221929158 87.2674310537835
3957000 18380.3613786037 9705.08406619508 4088.02250428174 4587.2548081269 1.02228725614316 0.00505465512881658 1724.75813491907 -425.991738003687 -2631.14064266024 -1.36986300236462 83.937221929158 87.2323570890267
3958500 18370.2046708508 9653.24132453772 4034.4680764094 4682.49526990364 1.01682638905964 -0.00135082015190122 1393.9008734615 -139.143556601375 -899.176527583982 -1.46334057597517 83.937221929158 87.1131396848013
3960000 18024.1536161851 9443.51282786473 3978.57550139707 4602.06528692326 0.994734589757701 -0.00356291674903487 1828.18748871573 -651.145865883162 -240.133853255809 -1.42779407564107 83.937221929158 87.0230045590566
3960000 18024.1673920296 9443.51282786473 3978.58991743399 4602.06464673085 0.994734589757701 -0.00358221351207197 1829.25748358914 -647.989891589438 -239.283195847314 -1.4279963840577 83.937221929158 87.0232200455828
3961500 18278.6915123965 9528.60979441627 4065.02852818064 4685.05318979962 1.00369829824788 -0.00437076969497577 866.367975454841 609.569915810222 -329.776214415874 -1.47187599639098 83.7047898141721 87.0232200455828
3963000 18142.5197491187 9580.01537329428 3910.39806038991 4652.10631543456 1.00911311668976 0.00868537358807905 -536.47403592352 -477.237274848755 -1264.17533701808 -1.31899953097632 83.715515405217 87.0232200455828
3964500 18235.7572574327 9601.55981345268 4031.64066084225 4602.5567831378 1.01138250523544 -0.00634144085619528 1980.29436990905 -299.282351618787 -17.5940615479199 -1.49397095090903 83.7289778101294 87.0232200455828
3966000 18181.7795078411 9444.41212496487 4101.28255362326 4636.08482925297 0.994829317424013 -0.00341242550113847 -381.460197687883 1244.14896872398 29.9527960508843 -1.46858176084365 83.4980393682961 87.0232200455828
3967500 18361.5044385744 9689.15047418494 4032.62167847197 4639.73228591747 1.02060888757412 -0.00671929736732936 1018.35325058816 1363.59651964999 -629.787762554832 -1.49686029136662 83.2362963690226 87.0232200455828
3969000 18207.1336280572 9497.19991088726 4077.89313705894 4632.040580111 1.00038973096195 -0.00647093097549175 -510.219507077937 2615.98457819793 -419.756575100736 -1.51665353108661 83.1678245473751 87.0232200455828
3970500 18140.0980659491 9397.76412739909 4061.12372829855 4681.21021025145 0.989915639900889 -0.00116153990485703 785.401225299969 655.781423471635 -1139.24585875763 -1.4402185394988 83.048604775509 86.9454896334099
3972000 18197.068144138 9493.97649781554 4045.13699725791 4657.95464906457 1.00005019200669 0.0073875272846941 -284.407285514464 -284.012493946736 -1351.83480924453 -1.34106959452214 83.048604775509 86.9410482672164
3973500 18202.1918368893 9599.85804662299 3982.33203378288 4620.00175648338 1.01120324923611 0.00972077258664086 -490.684850237855 -531.953666443164 -1507.68873159589 -1.32778689881335 83.048604775509 87.0644914770877
3975000 18330.3985469319 9574.21781071587 4111.23344244599 4644.94729377005 1.0085024291058 0.0147436818482332 -916.569085874491 -1077.5508726932 -1832.46626949737 -1.27629119317952 83.048604775509 86.8101910443355
3976500 18041.0172454511 9428.83327914783 4043.81023893796 4568.37372736531 0.993188316126595 0.00666239591056126 -585.161363456006 -464.65785884325 -678.600717588549 -1.32195720346114 83.048604775509 86.7728755216005
3978000 18267.2085274484 9587.35784833529 4049.06562398916 4630.78505512395 1.00988653798233 0.00132787167226305 -368.670083580166 -141.720161792413 165.892722442612 -1.45762340161047 83.048604775509 86.7751066217562
3979500 18306.9558467842 9602.05172836373 4115.41173663405 4589.49238178643 1.01143432120543 0.00408076995635572 -332.896279348451 241.140862692743 -962.779180068586 -1.36018200899135 83.048604775509 86.4338539378376
3981000 18133.3533978568 9388.28589377941 4032.10818721999 4712.95931685736 0.988917247988562 0.0127673822684242 -1802.31609877013 865.236161319163 -2355.21842881626 -1.31260607412437 82.8561236341724 86.451038104576
3982500 18136.9698353174 9447.54661272663 3998.74407763602 4690.67914495476 0.995159489411348 0.000978208810419942 691.930178633156 -25.2141876034074 -918.375023761342 -1.42981145749573 82.6624436301305 86.451038104576
3984000 18054.6134964527 9485.70703359881 3938.6571606524 4630.24930220148 0.999179126096678 -0.00670345573805043 674.885343597606 966.522227660741 80.9369538174196 -1.46456754979371 82.5559861104175 86.451038104576
3985500 18212.6070296939 9486.3064497602 4141.87942478001 4584.42115515365 0.999242265735525 -0.00383713531876586 127.646919028739 85.2789557459635 772.510830468427 -1.4793271404223 82.5180404335755 86.451038104576
3987000 18021.5209289449 9426.75272272126 3985.71241493456 4609.05579128907 0.992969160238191 -0.0078442323953835 205.828123523472 2333.0680850776 -529.814522465365 -1.49446093396427 82.2951857285725 86.451038104576
3988500 18161.7070722646 9521.88017987876 3985.07448964629 4654.75240273952 1.00298943275702 0.00731650096621986 225.520344255519 -285.630949452735 -1811.94939313996 -1.36321125394971 82.2135905559048 86.451038104576
3990000 18234.5888282543 9586.16905733399 3928.35454287516 4720.06522804516 1.00976131640954 0.0127130156870649 -1200.83620508927 -692.152325913678 -1361.03116072259 -1.30375439952651 82.2429879988561 86.451038104576
3990000 18234.6131567504 9586.16905733401 3928.37961020176 4720.0644892146 1.00976131640954 0.0126744460268832 -1194.72783994653 -690.094914725993 -1359.33987823463 -1.30414733068023 82.2433738404318 86.451038104576
3991500 18319.2597552123 9624.8836144179 4014.52840043947 4679.84774035492 1.01383932315984 -0.00287116384637757 968.370248583404 264.599226280857 -498.246535837062 -1.48750812611959 82.2433738404318 86.4295404580392
3993000 18146.6391556939 9485.40668850248 3997.49419010735 4663.73827708403 0.999147489177066 0.00437727494731465 358.64352431903 -1111.95199077485 -363.143035268217 -1.38438230399118 82.2433738404318 86.1455041472805
3994500 18297.297452213 9626.95696936529 4035.92382860246 4634.41665424527 1.01405772047878 -0.00927587673851218 1066.84049229609 1852.21753213035 -555.556280015287 -1.52982844426968 82.2433738404318 86.0592465593735
3996000 17990.8964921665 9377.97121689106 3952.64132458121 4660.28395069419 0.987830749132676 -0.00260556200161504 1293.16812374706 767.458089352015 -1397.41358254687 -1.41275982795335 82.2433738404318 85.9702041042782
3997500 18177.9802930825 9410.8609652885 4080.70363803266 4686.41568976139 0.991295198323959 0.0137635649117092 -296.455402455466 -723.116942014519 -2491.50741290126 -1.28350880694936 82.2433738404318 86.1601290667724
3999000 18267.0801552962 9493.67536647703 4169.08980607557 4604.3149827436 1.00001847226808 -0.0119968708103339 -361.489371984514 2337.35942131988 1073.63150982665 -1.57400546956514 82.2433738404318 85.8533920894997
4000500 18175.8269350416 9491.02913589568 4052.65464247569 4632.14315667021 0.999739730962836 0.00876311133954067 -1191.09395518904 313.553186711022 -1349.39408003684 -1.36160843915701 82.2248980495017 85.8506005168224
4002000 18152.5239591878 9553.14114034879 4004.585252588 4594.79756625097 1.00628231319838 0.00229738767203857 648.357722850477 -402.616613786221 -828.926548343616 -1.40588527523221 82.1346758987696 85.8506005168224
4003500 17959.4653149056 9397.78417774361 3991.48984132938 4570.19129583265 0.989917751908528 0.00445578454484988 -476.666462435093 1108.05947898129 -1759.90115549491 -1.36034595702823 81.9473048494479 85.8506005168224
4005000 17977.9700340785 9439.83658944314 3976.84157316218 4561.29187147322 0.994347352340352 0.00275634621565343 57.623815484503 1418.41408298726 -2174.48130332866 -1.35543577454575 81.9882498154465 85.8506005168224
4006500 18101.3420973861 9579.83861901948 3944.93575471449 4576.56772365214 1.00909449823769 0.0113278179175248 -373.468094574778 -508.513012798289 -1986.20306750538 -1.31572114466314 81.9247146844277 85.8506005168224
4008000 18224.8732975746 9516.71307371657 4048.6436556564 4659.51656820165 1.00244515444426 0.00360236389785735 -137.1575368364 -1048.13190230921 273.319676165417 -1.37489704131724 81.9119037219046 85.8506005168224
4009500 18223.691482598 9575.8486256643 3986.60179636807 4661.24106056564 1.00867421137244 0.00200527309701831 288.728480090615 -1260.35613523604 463.517006488533 -1.39791420288628 81.9858552110004 85.8506005168224
4011000 17903.4326963356 9268.03719416735 3952.99801234624 4682.39748982203 0.976250823633786 -0.00195695190725651 -426.510147300429 604.277625159496 317.370008494656 -1.39853834466661 82.0081472182795 85.7010521541237
4012500 18157.2638991624 9545.39920363966 4035.22929032303 4576.63540519967 1.00546681451937 0.00621989700758848 -1320.49557898226 -557.165661123615 306.540275548952 -1.37087801169443 82.0081472182795 85.5592422027443
4014000 18172.6769685305 9558.16323066196 3998.28142498759 4616.23231288095 1.00681131623342 -0.00154345662024351 -118.192278042606 162.197529654543 345.98832107154 -1.44875716603724 82.0081472182795 85.5861559745728
4015500 18211.8801075739 9640.47020406135 4050.63446046829 4520.77544304427 1.01548114015499 0.00199859812475155 436.618087091818 -537.817185680414 -404.150269228507 -1.44613606280946 82.0081472182795 85.6459340753589
4017000 18189.1530580872 9520.18598469848 4053.96447079829 4615.00260259038 1.00281097431911 0.00331449075886748 291.720787142148 45.0610434031971 -1173.05883772974 -1.38451120456412 82.0081472182795 85.4621556331127
4018500 18188.8285514535 9462.54065244804 4129.79684682572 4596.49105217976 0.996738890024547 0.000499523060421407 -573.752230562512 1884.47795202626 -1436.57067604363 -1.44371832340415 82.0081472182795 85.3337370504898
4020000 18173.7505775713 9457.87388432104 4097.33439509899 4618.5422981513 0.996247314933486 0.00796194659538539 -138.50052030883 -301.004523457403 -1563.53142756048 -1.3605815268802 82.0081472182795 85.213832045419
4020000 18173.7577039695 9457.87388432104 4097.34172978908 4618.54208985943 0.996247314933486 0.00795202305769957 -137.986503211591 -299.436216835834 -1563.11961871768 -1.36068087369202 82.0081472182795 85.213934001469
4021500 18194.790542271 9513.313571729 4066.16072805371 4615.31624248829 1.00208706712266 0.0103945947267819 -159.934617380606 -464.110979372919 -1984.33472713076 -1.32416034095547 81.7994225540072 85.213934001469
4023000 18165.4013002367 9492.58302640887 4060.08855752921 4612.72971629866 0.999903410376455 0.0110571706200978 -360.768131937186 -167.023820873641 -2235.3772739527 -1.34599225242629 81.4611161191928 85.213934001469
4024500 18208.4284022759 9601.63593797291 4073.57452050995 4533.21794379308 1.01139052382924 -0.00178763997169703 565.601488157909 546.550114169109 -666.918268015271 -1.47594447682615 81.1884965146089 85.213934001469
4026000 18329.7211716117 9580.22366190795 4172.36134536417 4577.13616433957 1.00913505681866 -0.00625564826862688 743.987905738731 362.508973751949 448.838256363523 -1.52599090337918 81.0472987690813 85.213934001469
4027500 18118.3567947773 9470.37629351253 4003.90969142164 4644.0708098431 0.997564259073316 -0.00941674441039124 709.649409427011 838.191228547487 787.540140399454 -1.51092156214977 80.8432570369403 85.213934001469
4029000 18214.6692323133 9403.24912530171 4176.56773526349 4634.85237174811 0.990493403413042 0.00154194883994363 517.899085717206 -172.236802041875 -727.793527840882 -1.43508699246318 80.7847652848919 85.213934001469
4030500 18081.2264891398 9439.94320683318 3998.98866957118 4642.29461273549 0.994358582907587 -0.00567093775414247 1494.3555409134 173.078507561576 -264.174945024566 -1.46133581183669 80.7650664341753 85.1053638027768
4032000 18062.736075321 9401.88952242668 3981.53159926344 4679.31495363089 0.990350189332352 -0.00701118734695751 1630.05950849924 308.366689281714 -206.751152751798 -1.47062496977755 80.7650664341753 84.9471418144594
4033500 18110.9299814054 9419.76883723111 3963.60085372842 4727.56029044583 0.99223351105821 0.00698550378073202 -311.47155284197 -845.795054535323 -567.825368161691 -1.36989085600061 80.7650664341753 84.9353474180766
4035000 18264.8079267833 9513.64139198227 4039.00937361569 4712.15716118531 1.00212159814423 -0.00335878161976919 590.782254637525 559.25476879559 -319.328951429936 -1.49152175671089 80.7650664341753 85.0629827348103
4036500 18251.6410913292 9564.43486051043 4012.015626863 4675.19060395575 1.00747193980201 -0.00964049099368593 1642.81838519268 446.322059621836 294.906621017726 -1.53994858446306 80.7650664341753 85.0529960110214
4038000 18218.6103433017 9569.48813811497 4007.40068712982 4641.72151805686 1.00800422795755 0.00839702568155245 -103.374969421732 -103.385202179203 -1869.4346237238 -1.32529836596229 80.7650664341753 85.0386899584515
4039500 18239.368710475 9645.77078262659 3990.62432173441 4602.97360611399 1.01603947781393 -0.00409502683917554 1032.83528599363 761.376124865735 -783.733965484006 -1.46610626891516 80.7650664341753 84.8679704034979
4041000 18304.8081426557 9570.01230953404 4033.45299701366 4701.34283610803 1.0080594416742 0.000955024868909662 -351.129624410948 595.270329457945 -479.465945075365 -1.42992777993766 80.6845698158302 84.8322216838458
4042500 18116.1676296127 9489.36822429136 3952.38133020412 4674.41807511722 0.999564778458035 0.0120471655401457 -812.814393647955 -368.819262424856 -1789.39501369802 -1.29411534803278 80.7529920864351 84.8322216838458
4044000 18347.0720891822 9544.10510322201 4047.8280622653 4755.1389236949 1.00533050015505 -0.00478412331979277 1398.0035812511 49.7138702106372 -268.120154318521 -1.47755623499826 80.7361547302403 84.8322216838458
4045500 18291.9529854129 9538.54705252407 4095.89509095103 4657.51084193779 1.00474504160995 0.000248442003874317 135.377798652738 105.601361232588 -302.162375754804 -1.45795573163381 80.6387774902136 84.8322216838458
4047000 18243.2701012025 9616.4201543567 3867.31395577241 4759.53599107339 1.01294782265305 0.00672718333204983 408.97403564883 -1205.62561984785 -858.899725925892 -1.36408082960284 80.5834840201872 84.8322216838458
4048500 18122.2351890638 9522.09492180757 3978.73776880629 4621.40249844998 1.00301205264735 0.00270718829586539 -1156.86713656929 901.004467027476 -410.807828527414 -1.41045561016191 80.6360845203701 84.8322216838458
4050000 18126.4603645973 9495.72638266429 3962.58951702802 4668.14446490495 1.0002345165286 0.0122566500620885 -390.940108717447 -657.234496915753 -1973.92005535836 -1.28462379362599 80.737060809002 84.8322216838458
4050000 18126.4696695141 9495.72638266428 3962.59916325993 4668.14412358986 1.0002345165286 0.0122432324072496 -388.895675878839 -656.525400361555 -1973.37001011453 -1.28475534699294 80.7371888196804 84.8322216838458
4051500 18216.9562647579 9463.65856044765 4117.7321005054 4635.56560380482 0.996856645120098 -0.00299197238144082 459.41164667835 1745.78726561504 -1468.47261666591 -1.45939959329214 80.7371888196804 84.7173703062033
4053000 18246.0695502459 9588.91694705671 3993.74190740958 4663.41069577958 1.01005076600376 0.00126688107000914 625.576802268668 -988.967310679286 51.3781790409687 -1.38050307148698 80.7371888196804 84.7344050483716
4054500 17867.7906470348 9317.40767688652 3975.53723261499 4574.84573753332 0.981451274754992 -0.00192913269853943 136.351922419658 1879.6635022426 -1542.31141291091 -1.43205099110025 80.7371888196804 84.4829044202609
4056000 18309.5174296445 9619.94044939587 4013.74953444142 4675.82744580724 1.01331863373844 0.0147747640826243 -890.886310785173 -1107.93537552257 -1628.656667268 -1.28921164481865 80.7371888196804 84.4711000817076
4057500 17993.309910124 9315.00088279374 4016.30371057642 4662.00531675383 0.981197754547189 0.008904738941441 -520.520969057654 598.805216229283 -2264.72838948178 -1.34232861539056 80.7371888196804 84.4775033981759
4059000 18125.021754186 9449.20866226594 4042.87968274827 4632.93340917175 0.995334561780791 0.00553023093905702 -922.583034487834 -360.8484717439 -72.8061172908866 -1.37773720433149 80.7371888196804 84.3755071075271
4060500 18327.3044554404 9743.89128901306 3976.73478548424 4606.67838094309 1.0263750238598 -0.00121418175679365 124.25712258207 464.317277948032 -290.764576215017 -1.45413783748166 80.7492849917339 84.3750670346576
4062000 18325.3966516934 9522.58301782253 4121.45425278943 4681.35938108144 1.00306346635303 -0.00589872721975712 546.504625343594 -91.4118239895896 985.67261615032 -1.49344652107201 80.4115309727617 84.3750670346576
4063500 18035.4342601875 9487.2919603334 3989.62914345719 4558.51315639688 0.999346074717797 0.00931795945033575 -1184.45375073993 424.501067547312 -1517.4011367036 -1.32111070213189 80.4624147465699 84.3750670346576
4065000 18159.9624771833 9505.35028940344 4052.59236590543 4602.01982187442 1.00124825295238 0.0113964721190592 -151.840871434905 -396.609067027674 -2235.20652949826 -1.31258751835546 80.4134275278993 84.3750670346576
4066500 18412.7715748546 9618.15966927307 4068.55571461674 4726.05619096479 1.01313105485575 -0.00174221510239796 -613.318118877582 772.909253097783 265.12106744173 -1.45186074774263 80.2557822909585 84.3750670346576
4068000 17868.4160276055 9239.46736580234 4000.90224127608 4628.04642052713 0.973241414209969 0.0150591500494838 -411.709026146718 -1320.74793955122 -1942.46691567299 -1.27709404361974 80.3398942434004 84.3750670346576
4069500 17983.1608376082 9340.38289632274 4036.22403770361 4606.55390358189 0.983871374764074 -0.00830969385570969 268.355517885425 1404.28245873641 352.369465386203 -1.50464028685127 80.2278156847261 84.3750670346576
4071000 18006.2440108157 9352.56165516544 4060.9712804984 4592.71107515184 0.985154227120181 -0.000225932531051877 1270.65355322103 -626.185462558854 -589.533206509736 -1.44451843178323 80.1694416858293 84.2477062558308
4072500 18154.786029056 9521.09734274505 3995.5608459896 4638.12784032134 1.00290697242798 -0.00382243016590871 664.275496907167 542.548506370471 -279.342779030781 -1.47452544231144 80.1694416858293 84.07254743685
4074000 18183.3506643028 9560.23444060611 4002.80978130934 4620.30644238737 1.00702948760795 0.00838272015611216 -1493.94702778178 500.000332243437 -1036.07824721249 -1.35721067513628 80.1694416858293 83.9083239128984
4075500 17931.5203166851 9298.84545746276 4039.79439914048 4592.88046008191 0.979496019114421 -0.00458277537515213 928.073072764493 962.951982920771 -783.891355627856 -1.46642120725785 80.1694416858293 83.7066843619766
4077000 18164.9859478242 9469.68465364256 4086.01873022663 4609.282563955 0.997491405028973 -0.00292094766950423 492.219834472585 141.864356712337 69.2062060520267 -1.4751557023731 80.1694416858293 83.4256408203066
4078500 18378.7826660987 9643.64545235144 4048.12692687375 4687.01028687349 1.01581560566192 0.0105134034759598 -526.288449579594 -741.309104875279 -1263.78097253987 -1.35336959923482 80.1694416858293 83.4261880660709
4080000 18213.1897238062 9511.66310207098 4093.41359536066 4608.11302637453 1.00191321452267 -0.0157459723011843 392.33383929847 1790.33445663438 1595.95335472713 -1.5926563202416 80.1694416858293 83.1481451735667
4080000 18213.1288812824 9511.66310207098 4093.35161778671 4608.1141614247 1.00191321452267 -0.0156809869550103 389.108868457569 1780.5498420411 1593.34008179639 -1.59203509501549 80.1694416858293 83.1475248389022
4081500 18308.1307635796 9536.1837097304 4167.17615826643 4604.77089558278 1.00449609835471 -0.00805806897397042 930.63598500333 1454.2066291443 -446.769441827425 -1.52744253709844 80.3385949239685 83.159612459645
4081500 18308.1509762566 9536.18370973041 4167.1968527556 4604.77041377056 1.00449609835471 -0.00808226505712935 934.253010070581 1455.41106127564 -445.765980359492 -1.5276743968089 80.3388196539431 83.159612459645
4083000 18286.5422847297 9607.07332647602 4053.285514836 4626.18344341768 1.01196327239438 0.00960906500154673 -1001.48194085931 171.420309624504 -1496.69156193979 -1.36634351565951 80.6194197728721 83.4309172783707
4083000 18286.6038990113 9607.07332647602 4053.34833778153 4626.18223475373 1.01196327239438 0.0095293017087311 -997.468045529082 183.49951235944 -1493.4920991398 -1.36711171061261 80.6194197728721 83.4316925167138
4084500 18148.4112634955 9505.27261255358 4129.89034206219 4513.24830887969 1.00124007084359 -0.00756018200043372 1373.24405373089 371.445679766245 108.971004257312 -1.53148792990004 81.3293106017212 83.7429795516121
4084500 18148.4960080782 9505.27261255358 4129.97687007356 4513.24652545109 1.00124007084359 -0.00765532049577789 1387.83226760565 376.263640660132 112.912352139797 -1.53241629657553 81.3302105714241 83.7429795516121
4086000 18162.345878425 9574.40967277678 4140.44749804455 4447.48870760371 1.00852263893999 -0.00897795833875893 2402.644869024 689.250660030914 -852.902244389253 -1.55179507056954 81.8673655470003 84.6178310659689
4086000 18162.4669538998 9574.40967277677 4140.5723709772 4447.48491014583 1.00852263893999 -0.00912218712314078 2410.1320583244 711.943708738458 -847.074371971611 -1.55322817102545 81.8673655470003 84.6192895331822
4087500 18144.9920873485 9570.56716401793 4112.17521547842 4462.24970785211 1.00811788739853 -0.0141381235886717 3056.10399957032 759.380124077216 -212.188309850143 -1.61075659238612 83.0719306422718 85.2219247901879
4087500 18145.1306681664 9570.56716401793 4112.31663318446 4462.24687096397 1.00811788739853 -0.0142608839566169 3075.73782791782 765.889595441276 -206.991097783837 -1.61200051694385 83.0731497498328 85.2219247901879
4089000 18148.6839797345 9429.27283104159 4247.60457670252 4471.80657199035 0.993234616426143 -0.0125277353433915 1188.17673961178 2006.37811325846 86.3403940701819 -1.61472632132992 83.8237975407606 86.7860578235803
4089000 18148.8715465038 9429.27283104159 4247.79227882184 4471.80643664033 0.993234616426143 -0.0127079972284539 1198.18105616463 2035.88802512454 94.109390658164 -1.61660645545438 83.8237975407606 86.787996482499
4090500 18094.7580354101 9394.13670650959 4275.04841630837 4425.57291259218 0.989533544689482 -0.0306683853663264 4688.82578334315 3045.00139978701 545.974863792377 -1.80843755044465 85.6414219609499 87.5674436786496
4090500 18094.9709858085 9394.13670650959 4275.26425987675 4425.57001942221 0.989533544689481 -0.0308215460800598 4714.92391935199 3053.72341970636 552.665383426338 -1.81008398724862 85.6430747448451 87.5674436786496
4092000 18249.3605064813 9551.59671912524 4294.87266081777 4402.89112653825 1.00611963123455 -0.02755471276272 3109.19584088837 4247.87822329333 358.731496752808 -1.81259775690689 86.7152514909014 89.6989579763161
4092000 18249.6215548129 9551.59671912523 4295.13575168518 4402.8890840025 1.00611963123455 -0.0277446555859076 3120.4749781976 4281.97401343641 366.736808856553 -1.81471692516246 86.7152514909014 89.701185142726
4093500 18143.9267117084 9493.49878805856 4377.67007234984 4272.75785129997 0.99999987233987 -0.0327565595223427 5248.76037642173 3519.70351609963 797.259213761712 -1.93449717492173 89.1498540726425 90.9905703407437
4093500 18144.2575646397 9493.49878805856 4378.00258944834 4272.75618713282 0.99999987233987 -0.0329704543297102 5288.62004938158 3532.98040342308 806.861464933112 -1.93698503903989 89.1524119740265 90.9905703407437
4095000 18407.1166537295 9581.53048203107 4621.01120097642 4204.57497072202 1.00927271101607 -0.0345749622253964 4363.2514953881 5624.80394508975 560.610302064009 -2.00479363978639 90.4937699371126 93.6514777870501
4095000 18407.4971913776 9581.53048203107 4621.39678497212 4204.56992437438 1.00927271101607 -0.0347999484811322 4378.06681538396 5668.92016979611 570.656165795127 -2.00752863285728 90.4937699371126 93.6544336896229
4096500 18157.4076009372 9407.70426450729 4595.28971515686 4154.41362127303 0.990962686523125 -0.0400369288467865 7827.32401270215 4481.38744732475 544.098656740451 -2.10832826643668 93.6221602633421 95.2480682805515
4096500 18157.864060742 9407.70426450729 4595.74887975062 4154.41091648412 0.990962686523125 -0.0402622583503074 7874.30938589171 4496.60009135541 554.654056058616 -2.11120795619134 93.6251826910524 95.2480682805515
4098000 18287.8685373586 9402.27849567519 4874.00498129549 4011.58506038792 0.990391161918701 -0.0491567994172474 5814.52625127922 8976.54053115586 1824.60592639431 -2.25051546541776 95.3241753811483 98.498308582928
4098000 18288.3778075514 9402.27849567519 4874.51633697267 4011.58297490357 0.990391161918701 -0.0493788246163477 5830.52461638252 9025.59083354338 1835.16299625084 -2.25350498645949 95.3241753811483 98.5016025778912
4099500 18616.2431498875 9482.76877211405 5159.29522853156 3974.17914924193 0.998869623649239 -0.0433776087593384 8354.33989211822 7206.23511801936 -54.2638382669777 -2.31060115789181 98.9598649535974 100.341662616574
4099500 18616.8812617097 9482.76877211404 5159.9370285896 3974.17546100605 0.998869623649238 -0.0436516936137073 8419.12238931863 7226.71667286365 -40.8744602163285 -2.31450506822976 98.9641493442615 100.341662616574
4101000 19031.8807918615 9367.57682697416 5820.6729821394 3843.63098274796 0.986735853686645 -0.0835836941241631 15086.2577304727 15581.9266434009 1967.57151794193 -3.04096845879281 102.635211550714 105.675237325811
4102500 19779.5702797662 9599.64284879667 6342.01768991885 3837.90974105069 1.01118058132371 -0.0760717483241596 15232.1778418614 16426.8582625561 866.132490238805 -3.15900863378046 107.565566751488 110.413045285745
4104000 20502.4736039261 9566.4665129185 7174.31037549171 3761.69671551587 1.00768594437441 -0.0874712974616281 20095.1216388944 19283.7624197787 1219.15845554667 -3.51554105069356 112.218275103496 114.88767373968
4105500 21038.4763504357 9436.88724307814 7889.49692528686 3712.09218207073 0.994036682264512 -0.0863830283619283 20681.5621750127 20957.2377245003 1427.31332547881 -3.64606013518946 116.356767483841 119.018125047532
4107000 21598.6244921865 9490.16111371291 8467.45169454785 3641.01168392576 0.999648297647117 -0.0863802511577238 22837.9729329002 23013.1074081718 193.547230224189 -3.81493140633444 120.413463644419 122.966539804371
4108500 22301.4081665494 9455.78584578327 9242.257129869 3603.36519089715 0.996027370915181 -0.0882696617767706 23444.5250730549 26132.4244678742 505.315510985524 -3.99645014093975 124.310559517302 126.783278443993
4110000 23319.7389303703 9486.16468924077 10154.5398438932 3679.03439723632 0.999227333358695 -0.0953405440082788 28983.9328554893 28209.4325062725 149.34082409433 -4.34483652717851 128.001707388476 130.521571993364
4111500 24049.4773764658 9467.05535920628 10939.5316502224 3642.89036703719 0.997214447696453 -0.0992184688293558 30465.5331821808 32292.2457885186 269.10247444996 -4.55036208046845 131.588629801361 134.094953115614
4113000 25077.4775810068 9593.88299713061 11837.4219085298 3646.17267534637 1.01057386602735 -0.102611918199792 34747.2104889379 32846.6134638485 873.399097380298 -4.82195361198931 134.949413362009 137.344542086151
4114500 25912.5766593646 9374.91632521314 12878.0582479016 3659.60208624987 0.98750896141709 -0.102852242585772 36336.0715051227 34503.2959043019 975.798756158713 -4.938967130085 138.152559724486 140.391549510822
4116000 27030.2319382074 9615.63448535805 13756.8342196887 3657.76323316068 1.01286506402887 -0.107768522767515 38258.3367851349 38879.6525358074 1293.60699751647 -5.2379089690462 141.054067783214 143.321389053962
4117500 27692.5145946019 9453.14588444415 14642.1717897587 3597.19692039906 0.995749289982004 -0.11231591031554 42725.827869869 40046.1079794959 2084.62762666777 -5.47762682415075 143.886315006289 145.855284022216
4119000 28616.4296017386 9428.89981782905 15491.9014802423 3695.62830366722 0.993195324993843 -0.108918933014631 42213.6758904727 42636.4080782193 346.888051134598 -5.49847266007117 146.478106145991 148.335658720218
4120500 29811.6852090861 9591.73493368252 16487.769614485 3732.18066091861 1.01034759927135 -0.108132021974879 43757.7753840571 42914.6149051979 834.601143304164 -5.62585631827537 149.068534438714 150.799515489077
4122000 30641.3007245408 9508.77266010503 17448.9210426004 3683.6070218354 1.00160874915521 -0.114742757264986 46947.8714114581 49130.0370553844 -334.943481999542 -5.91590098627403 151.545977816436 152.944785909129
4123500 31617.3400681753 9599.04677610991 18319.4927497886 3698.80054227683 1.01111779387053 -0.118907819660249 51152.2881670875 50244.0097531167 406.849927197777 -6.16742868758756 153.674871598575 154.755264371492
4125000 32234.9325208002 9459.69872167166 19040.4738770698 3734.75992205877 0.996439534594371 -0.118932303402821 51375.2702837897 52238.1672722223 890.337277605639 -6.25808965991055 155.70085384543 156.76122660936
4126500 33124.2825510862 9341.23048187017 20001.0955426354 3781.95652658066 0.983960655382122 -0.122846896984892 54259.0234747506 54931.2229347481 1309.15925727569 -6.47030067606172 157.678765284275 158.460141656203
4128000 33938.7349601075 9439.51811527745 20795.540665547 3703.67617928304 0.994313805791063 -0.118653629814131 54948.0323671295 54425.5372386993 -276.220261303899 -6.41830241567904 159.481101728724 160.147971644039
4129500 34695.7536218907 9423.50367267295 21455.2056519 3817.04429731779 0.992626920806126 -0.118109279088128 55469.3801620957 56446.9827844264 -902.867331941939 -6.48510174822655 161.299240968952 161.866484596523
4131000 35577.5845809496 9579.35379901919 22161.6818001871 3836.54898174325 1.00904342961175 -0.120057705008629 57414.7086997504 58488.8882316986 -1004.11764201349 -6.63693814742937 162.791653922179 163.302708161385
4132500 36305.1212922098 9523.93780415369 22989.8824170271 3791.30107102892 1.00320617308197 -0.121943726830551 59616.6464525784 58846.8732547765 365.018120096902 -6.79829755461494 164.293864796531 164.754559667299
4134000 37120.3897904478 9623.23210162649 23645.3365419447 3851.82114687662 1.01366536068115 -0.120881473887863 59473.8169235391 60741.1338670056 -387.986603641812 -6.80607691352833 165.72558514581 166.150919132588
4135500 37569.290295124 9554.66319400058 24180.4332182415 3834.19388288184 1.0064426390689 -0.122594652248788 60658.3553079372 61716.3424432786 982.545591893938 -6.95399979846221 166.942480226027 167.426333794478
4137000 38262.0124923127 9569.33059195383 24843.4556272643 3849.22627309464 1.00798763279653 -0.121897417170912 62743.8706980314 62115.4532604255 -253.941243264042 -6.98360956963898 168.310939051139 168.704806458871
4138500 39125.0981188041 9692.19600529992 25582.9224599057 3849.97965359852 1.02092968929267 -0.128193046011634 65863.7151815751 65587.6687342956 1567.88944584738 -7.29184767046155 169.628622346382 169.921552902868
4140000 39754.3378358891 9446.49047801115 26367.1301092595 3940.71724861842 0.99504824121885 -0.124175540889131 65994.6637960759 65596.8463035512 -857.733840043271 -7.16220381919016 170.86294047041 171.159641731126
4141500 40250.9534424377 9544.13906414393 26842.6430679501 3864.1713103437 1.00533407743655 -0.124519028106053 66980.2893045824 65817.738555454 9.73113169643734 -7.26405723377398 172.016066840542 172.232938855234
4143000 41102.2070537218 9588.13325242477 27620.963956657 3893.10984464009 1.00996821534995 -0.127862820040627 68708.8369258018 68799.9119791723 496.587677449284 -7.42772144945038 173.107757923099 173.193891193463
4144500 41467.5199279396 9514.64226501858 28069.0621527306 3883.81551019043 1.00222702533508 -0.125580051794294 67307.2442461003 69763.5274716498 -43.8770761185361 -7.38671558876961 174.054161184272 174.139882253866
4146000 42183.0813397614 9519.5864248884 28737.0536771274 3926.44123774558 1.002747819549 -0.128434349032328 69479.6619207737 71656.038196482 500.265042682689 -7.56816982447239 175.048943659686 174.996902816548
4147500 42532.5050532919 9505.85518853366 29162.9873679313 3863.66249682691 1.00130143661807 -0.125987858648599 70513.7185623402 70601.2062991098 -742.110237694602 -7.49012324525597 175.970419202362 175.878253419616
4149000 43014.5820473769 9546.18397442177 29571.2340759822 3897.16399697295 1.00554947852971 -0.129195008001278 72742.0223370175 72861.744297405 -294.104211653893 -7.65784457435995 176.881030430083 176.63021611699
4150500 43641.5492462805 9496.61670724108 30233.2981488519 3911.6343901875 1.00032829907211 -0.125005756597687 71154.2130448678 71218.5338398363 -607.869003099515 -7.50474408659288 177.657620856279 177.317782913071
4152000 43717.1119210971 9418.06352628674 30435.0276789812 3864.02071582917 0.992053881738741 -0.127309063512581 72450.4265100031 73628.4429957252 -692.657991861289 -7.63870418660426 178.2654784171 177.948424206586
4153500 44473.1592459597 9679.81407040972 30901.8301206921 3891.51505485784 1.01962543534099 -0.130553213923386 75685.6308552338 74961.0779750882 -428.155932874132 -7.81580105767392 178.905590796071 178.652703686471
4155000 44466.6546990362 9329.01441256344 31269.6799580012 3867.9603284715 0.982673872919728 -0.128879611232047 74374.1832605366 75737.541828509 -766.728280016831 -7.78170677354262 179.46284277053 179.361578325435
4156500 45096.2631467509 9484.64467781306 31630.0610934926 3981.55737544525 0.999067222606316 -0.131341396951442 76758.6288442986 76141.0674422887 287.033205131998 -7.9221697546149 180.043085296495 179.945323981312
4158000 45416.4687030227 9492.10312538366 31995.3817915584 3928.98378608063 0.999852859891891 -0.128686352984227 75853.8221452159 75614.8309935157 -446.845252781883 -7.8228456454054 180.612408606599 180.491638232718
4159500 45679.8138076598 9349.76510877213 32395.4400283586 3934.60867052903 0.984859652264405 -0.129661468825994 76294.9455210161 76332.2903988325 579.530489260797 -7.87552158920165 181.215971134597 181.120679087108
4161000 46327.1793701173 9495.58293696585 32835.3032714308 3996.29316172062 1.00021940664306 -0.132261902108795 78627.4979679261 78916.4683871213 -235.756339542727 -8.04181339302124 181.821703788322 181.705637338194
4162500 46470.6206868099 9451.36432627212 33053.3218690447 3965.93449149306 0.995561629143321 -0.129498246756116 78175.0120134001 77148.3719949407 -538.589147377743 -7.92698564556198 182.291663477158 182.13570807724
4164000 47003.4985128186 9645.94073427531 33474.4169825135 3883.14079602973 1.01605737970983 -0.130606723419716 78384.4195814789 79065.1159834361 -653.143440438181 -7.99770738200393 182.714961607149 182.5130485787
4165500 46913.1946982857 9390.44921238058 33620.8191425594 3901.92634334575 0.989145121649611 -0.127991784821285 77613.0508096676 77400.3142769696 -772.889072267924 -7.91004179241722 183.06156691124 182.85910317919
4167000 47356.5804439759 9517.25628321139 33894.8801834391 3944.44397732534 1.00250237354099 -0.131944922021405 79744.1043570711 79938.1251459771 -47.2054075025212 -8.11581568213147 183.459241919516 183.186475097639
4168500 47606.102008294 9540.7031717833 34120.9476630359 3944.45117347477 1.00497215692667 -0.130547791806554 79226.9658583688 79329.1808314252 -7.43969007451813 -8.07328431808071 183.879598507437 183.466648210534
4170000 47638.1981066221 9538.67946240233 34148.4854289773 3951.03321524247 1.00475898903485 -0.131501611001226 80515.2314699175 80207.7049634089 -483.179108499581 -8.09957697861869 184.208056609422 183.750311378794
4171500 47852.158428274 9460.9618203137 34486.107604459 3905.08900350124 0.996572583379544 -0.135027686136326 82235.8719244176 82343.3494249183 562.186124980946 -8.31488761980503 184.579478973641 184.0548388453
4173000 47969.0213917719 9309.20669316236 34719.6965795507 3940.11811905886 0.98058742225337 -0.130624006227148 80939.070512445 80120.8290107716 -828.080224819865 -8.08941534284985 184.868768559719 184.314590317251
4174500 48296.2674529899 9413.78788192586 34963.6352902295 3918.84428083457 0.991603505759295 -0.133894176393951 82527.0008493764 81864.4987159187 276.836680781142 -8.2651722376481 185.073523515589 184.587214118546
4176000 48424.451949767 9527.39248114915 34954.5880199153 3942.4714487025 1.00357007227568 -0.133187796382825 81300.2263098024 82240.5718745613 631.707058212363 -8.23766499253983 185.22987025006 184.851282780422
4177500 48525.652913901 9472.52762606387 35133.8700435917 3919.2552442455 0.997790870181058 -0.131215397410372 80249.843473932 82810.0654163645 -831.997467530196 -8.15209003389062 185.536139586262 185.101424076019
4179000 48562.9279649528 9377.80882502332 35228.8331949226 3956.28594500694 0.98781364354804 -0.132155371150928 83323.7870450523 79570.9812072053 1002.22693450014 -8.19917846561338 185.863988036864 185.348220388962
4180500 48918.3001509696 9532.55844830392 35450.1346774289 3935.6070252368 1.00411423061083 -0.129911885162185 81229.638535753 80478.725745983 -201.149706847404 -8.13209520697242 186.194226908949 185.47028113363
4182000 49204.4947981981 9558.50215333977 35700.99637573 3944.99626912831 1.00684701673142 -0.13052496024103 82056.2336295265 81663.4586386604 -890.296203977055 -8.15606654411024 186.546277103476 185.759124466302
4183500 49138.9806143407 9413.66124798731 35826.4609682186 3898.85839813476 0.991590166744332 -0.133323368942112 82847.3654389881 82941.7208297054 998.369581577961 -8.32587423943903 186.853846896811 185.974140649618
4185000 49377.449544861 9445.70704827754 35938.4404541507 3993.30204243274 0.994965718468167 -0.131026328098849 82437.9205012485 83081.9758787561 -1114.7430489217 -8.19483351272659 187.140567746912 186.245767733294
4186500 49623.1609526666 9581.11068751751 36107.4811229262 3934.56914222282 1.0092284918647 -0.128941565396851 81508.1524098244 81506.407875207 -841.220847232374 -8.14544301288416 187.383138796791 186.44618917608
4188000 49857.3895526581 9487.02139689081 36395.770271179 3974.59788458821 0.999317574855513 -0.135500738028053 86081.0456161129 84043.858967571 774.001821660041 -8.48506211933885 187.576296702943 186.774320386164
4189500 50029.8361500715 9634.14491193306 36468.2982752511 3927.39296288739 1.01481486405783 -0.132201341803157 83848.2383536545 83701.0976783338 -410.004547256139 -8.32818969310029 187.764622603433 187.036569431503
4191000 50176.0556152681 9480.84269132559 36714.1557060238 3981.05721791875 0.998666739487606 -0.131958825210753 83437.1651678717 83128.5590259769 587.572779324777 -8.31060026759619 187.988272854652 187.173020175238
4192500 50303.0565023855 9563.97255295197 36792.6341471252 3946.44980230831 1.00742324252931 -0.132535713221225 85167.4766567278 83725.8591864567 -595.974629561443 -8.33651142782634 188.232380396523 187.390492200905
4194000 50252.407387986 9423.01944151709 36796.1866083247 4033.20133814417 0.992575914206256 -0.131641638112019 83606.9145736734 84551.7752199064 -713.227580059585 -8.30226093187472 188.366158577165 187.574899666399
4195500 50337.1885587274 9506.42369019287 36866.1332240903 3964.63164444414 1.00136131987074 -0.1287607860474 82288.7344367305 82807.4912141832 -1001.4246417228 -8.16004978384424 188.558163132525 187.74283117091
4197000 50888.3006342237 9600.56823831813 37340.8427215607 3946.88967434488 1.01127805744121 -0.131891219618169 85162.7895756914 84106.3785795775 -821.38797657853 -8.36303864973386 188.778620883136 187.929127780713
4198500 50763.6482061925 9633.99685769639 37140.4159074397 3989.23544105646 1.01479926873086 -0.130348907876261 82553.4433369751 84440.7942264824 -153.132861174752 -8.27116488225475 188.990666120991 188.127724907391
4200000 50882.1108573897 9566.15279446753 37314.8326511524 4001.12541176978 1.00765289876942 -0.131440533579078 84788.7482205973 84216.9143747064 -393.397784749032 -8.36143993779468 189.253153734161 188.2843495347
4200000 50882.2547916382 9566.15279446754 37314.9762600546 4001.12573711613 1.00765289876943 -0.131443597132128 84790.3769831308 84219.1301425788 -393.044922920807 -8.36159881503771 189.253261655177 188.284540821836
4201500 44702.2768792896 9466.71584740226 31140.2530237916 4095.30800809566 0.997178685142704 -0.115201892327121 58907.687548738 78399.5667694565 -1541.65396470386 -7.07436979591706 173.865321169611 188.284540821836
4203000 40839.5586685553 9402.93270507052 27303.7883100617 4132.837653423 0.990460073215413 -0.108765122367745 45342.7196608313 74922.0372547468 -585.84808173273 -6.4885460759185 162.334491054525 188.284540821836
4204500 38441.1518951998 9533.30767117311 24806.176599455 4101.66762457176 1.0041931501736 -0.105997490983889 38372.1969381632 74255.8116446976 -2510.16897427369 -6.13879615001371 153.265685749404 188.284540821836
4206000 36834.0778331065 9564.18616116509 23152.6282688348 4117.26340310663 1.00744574299943 -0.104332456931503 31019.8430971047 73325.4030612479 -1211.01055330099 -5.83637925357551 145.836507424 188.284540821836
4207500 35429.44301724 9523.2721718369 21812.7012726366 4093.46957276648 1.00313605854921 -0.102990411082782 27056.5368552663 71876.558932045 -1409.74184628279 -5.62707875953862 139.699442447893 188.284540821836
4209000 34243.2429374483 9421.14769361677 20707.9651613072 4114.13008252436 0.992378753211857 -0.101706519630536 23644.2135611489 69748.4604444707 -785.182397086817 -5.44430388019737 134.332211168967 188.284540821836
4210500 31274.1505445877 9431.16640808348 17727.6693386384 4115.31479786583 0.993434076798176 -0.0867753308633435 18701.3021937114 55773.0359460302 -14.1874482127348 -4.68501712599469 131.111202103658 181.79642243597
4212000 27200.7877012818 9561.96737487993 13408.5492613699 4230.27106503199 1.00721202663717 -0.0623970131566342 15265.4619525421 36436.1202436406 -2494.00530532794 -3.67438294110998 131.111202103658 167.080543191771
4213500 24894.9355140291 9441.31848243639 11150.7195042861 4302.89752730653 0.994503447878694 -0.0580989881139264 16425.1590676677 27903.9610491751 -1293.98177254385 -3.3968474732424 131.111202103658 156.932298207969
4215000 23652.9931656858 9474.34817619772 9847.90869089026 4330.73629859784 0.997982638246982 -0.050119578470896 15335.1715605996 20584.7972609513 -625.999815140191 -3.12309993735146 131.111202103658 149.19380499772
4216500 22834.6301480697 9601.66335586069 8898.04262950392 4334.92416270511 1.01139341189874 -0.0434539874306807 14732.6066861975 16439.8796938014 -1836.03824226554 -2.8739969657205 131.111202103658 143.032785613073
4218000 22241.7637972337 9631.9942246041 8276.6607981452 4333.10877448439 1.01458832091474 -0.0420025101606784 15512.896552705 14050.907589852 -2242.0176388075 -2.74940783917951 131.111202103658 137.813431872152
4219500 21654.0063675613 9510.69687019239 7710.0535952492 4433.25590211967 1.00181143626612 -0.0378522091171123 13296.4964496554 11410.7599870014 -865.722307250483 -2.62651436418809 131.111202103658 133.444496300047
4221000 21030.4098751076 9332.55056210397 7417.53213978441 4280.3271732192 0.983046354042657 -0.0365229624147641 11938.8887809694 10754.4230336911 -366.244389764499 -2.50603268214112 128.530478345207 132.116500909521
4222500 20877.4346318313 9455.917709484 7015.10390515401 4406.4130171933 0.996041260808342 -0.0360928355117133 9618.12031169127 12073.8189286941 -209.207211876168 -2.50374911650304 125.143686747474 132.116500909521
4224000 20585.7529846005 9548.61616107841 6672.21235242621 4364.9244710959 1.00580567346905 -0.0328599542704957 8076.89885201893 12423.3638637453 -1393.85816267655 -2.38029076441725 122.251008562547 132.116500909521
4225500 20433.1140075176 9493.73444362204 6547.28322099858 4392.09634289696 1.0000246951727 -0.0351953876586116 7746.48491616802 12900.3870728767 -606.357515413848 -2.41248725833978 119.719129299687 132.116500909521
4227000 20509.6644548391 9570.54984594708 6511.58074282153 4427.53386607044 1.00811606319556 -0.0315592695297172 6233.10461131808 12817.2739620016 -1410.79227006983 -2.33201000276536 117.517322865977 132.116500909521
4228500 20358.3118081523 9544.43174419763 6416.67985067704 4397.20021327761 1.00536490695714 -0.033292806089261 5975.78424711104 12897.9370479698 -590.894217676386 -2.34908429797363 115.460487448802 132.116500909521
4230000 19857.7015724129 9430.8140137831 6071.82308670662 4355.06447192315 0.993396957263717 -0.0277977481538745 4406.35673109438 12055.2832182157 -1459.86643802171 -2.19966828829544 113.468006481293 132.116500909521
4230000 19857.6139192813 9430.8140137831 6071.73405820539 4355.06584729279 0.993396957263717 -0.0277666948989131 4395.75112227399 12051.389771203 -1462.2484250827 -2.19899800454361 113.467080027772 132.116500909521
4231500 19624.9724083443 9393.4452197221 5767.41162071218 4464.11556790999 0.989460706770116 -0.0254110649343057 3999.16284107568 9144.46029675174 178.716856578258 -2.08618457738055 113.467080027772 128.346865678145
4233000 19600.7463251266 9526.4675925311 5630.69045485013 4443.58827774541 1.00347264892096 -0.0285059018581915 6449.56699231866 8403.07007597419 -243.620565448423 -2.16702182238924 113.467080027772 125.462464560802
4234500 19478.6384522805 9531.49784706615 5406.88874745605 4540.25185775832 1.00400251193618 -0.0215208670572453 5065.78777940754 7644.36953129766 -1914.78791954211 -2.0032392989565 113.467080027772 122.801978276702
4236000 19112.286830513 9570.38969336156 5191.37685050274 4350.52028664874 1.00809919348623 -0.0171919986548624 4794.49314591615 5069.88652341413 -1397.73327423702 -1.90720858747379 113.467080027772 120.562619088662
4237500 19060.4691280726 9381.62402747095 5171.53060143494 4507.31449916673 0.988215518772944 -0.0210901892360863 6957.63672562886 3917.56883105581 -661.647256951555 -1.91460387880094 113.467080027772 118.556185082523
4239000 19141.2426041589 9512.93863118632 5115.39856864132 4512.90540433127 1.0020475726746 -0.0241448343900157 6795.5830178608 4991.3842554384 -263.851616659104 -1.9910348627093 113.467080027772 116.835093480501
4240500 18720.3593723066 9281.94459780607 4954.61571780935 4483.79905669114 0.977715763185977 -0.0205823170622559 5162.98366107618 6228.19612668386 -1705.07865523104 -1.89340644045636 112.93552036019 115.750180555913
4242000 18886.097220773 9370.85307482712 5012.05542884025 4503.18871710564 0.987080958005701 -0.0170894366645623 4125.28162664062 4853.19757178224 -1048.02672771232 -1.83127663743242 111.364312887045 115.750180555913
4243500 18875.7452225997 9526.75908165849 4837.70843089855 4511.27771004261 1.00350335299505 -0.0176179395922822 3743.61200607401 5032.14106942966 -698.606808565546 -1.87733376787662 110.021776468709 115.750180555913
4245000 18820.640835149 9552.77292517043 4733.17811662715 4534.68979335146 1.00624352716811 -0.0175740588733172 3913.94107505542 6235.61579633348 -2174.12850438875 -1.83621428340661 108.907493731382 115.750180555913
4246500 18804.9956249777 9417.9819614993 4828.62229279387 4558.39137068454 0.992045290093148 -0.0191251023240861 2585.15111792147 6212.9432019963 -205.922804278544 -1.83975703957858 107.813958635104 115.750180555913
4248000 18960.4382236826 9685.48337648287 4690.14910909148 4584.80573810824 1.02022261299656 -0.0146864571331546 2493.22580403656 4798.51064820352 -760.125440803818 -1.7866115383016 106.728177298905 115.750180555913
4249500 18860.5306412977 9486.81742984822 4827.08294153181 4546.63026991763 0.999296089940298 -0.0152023777424305 3426.01392761459 4076.28469453215 -802.000187129568 -1.78948935418762 105.769012454264 115.750180555913
4251000 18689.5289225986 9540.94072455249 4675.75878138699 4472.82941665915 1.0049971796021 -0.00671321766177952 886.688968723039 3420.01173223073 -1385.98418385009 -1.59868405355032 105.381826386605 114.680731984606
4252500 18389.4794975352 9431.94044248194 4474.95491612219 4482.58413893106 0.993515609889076 -0.0234247607946436 3810.77663254731 5468.38930653002 772.888054383068 -1.86817134807456 105.381826386605 113.112714836553
4254000 18564.9027295152 9537.28581537438 4505.38959557485 4522.22731856594 1.0046121889055 -0.0135282484761638 3787.40739453167 3045.18515669635 -1092.33671619836 -1.71184424708659 105.381826386605 111.846257162701
4255500 18470.5923244488 9402.47181945771 4423.51438731156 4644.60611767956 0.990411525723675 -0.00955704654544578 2893.39032776555 3142.4615253867 -2023.13581213377 -1.65599790563625 105.381826386605 110.67422895854
4257000 18531.5619210958 9438.23445409281 4529.61239364252 4563.71507336046 0.994178591045748 -0.0144665027788285 3890.8683239189 2768.7087467726 -633.997038476313 -1.72450731739987 105.381826386605 109.791086391051
4258500 18336.3316709878 9405.92342275642 4389.30912258475 4541.09912564667 0.99077510114883 0.00149227938223812 -875.108272416932 1028.93411406806 -769.46916882585 -1.44893023542178 105.381826386605 108.74538020694
4260000 18411.4918824234 9470.00679365664 4401.29844413391 4540.18664463285 0.997525337721245 -0.00923667675017974 1519.63441650398 2703.83531520457 -440.930148219121 -1.6122017089658 105.381826386605 107.944250317198
4260000 18411.4324325477 9470.00679365664 4401.23748673284 4540.18815215819 0.997525337721245 -0.00920268583133308 1516.60643342638 2695.0485494081 -443.060006595024 -1.61164743768734 105.381826386605 107.943537603868
4261500 18491.6979286 9419.89533736824 4447.61824348162 4624.18434775013 0.992246835979169 -0.0104033556034288 2981.81013062393 2008.79667894018 -766.520410585655 -1.65782952183615 104.486504682654 107.943537603868
4263000 18368.6955187166 9462.88080427217 4360.4812297468 4545.33348469763 0.996774719994961 -0.00458541096671869 2350.1877006811 984.86952835786 -1487.70040402957 -1.53809323648532 103.674840608586 107.943537603868
4264500 18556.1372657972 9543.72465631896 4444.158106538 4568.25450294022 1.00529042569326 -0.0166227542657679 3076.70674991862 3660.62965144533 -89.162491078872 -1.74321810164565 102.920109402377 107.943537603868
4266000 18348.7530400087 9411.71498680471 4356.29578273471 4580.74227046928 0.991385156876254 -0.00705020990409535 2013.21320796352 1561.76328561068 -775.331829354576 -1.5858157084311 102.188428014345 107.943537603868
4267500 18284.7203879146 9373.062974685 4308.50552324734 4603.15188998227 0.98731373831411 -0.0219781879400183 2288.43322859472 4970.51467323074 1399.15403846939 -1.80000794788568 101.375186065758 107.943537603868
4269000 18504.2160921197 9457.68952190665 4484.8118321551 4561.71473805792 0.996227895076278 -0.0114127929840816 1924.88103414764 4155.78446767382 -1602.80537592579 -1.667969095507 100.966996195772 107.943537603868
4270500 18460.5239497302 9496.22492992412 4315.34309261901 4648.95592718707 1.00028703111857 -0.0201398331371076 4481.9297393454 2791.66055883041 560.017291989607 -1.78346974171699 100.506826995398 107.49985570479
4272000 18329.6841780041 9428.90000509017 4297.67705722046 4603.10711569349 0.993195344719036 -0.0124130179159721 2101.12516093879 3531.459304685 -846.16783226391 -1.64662681177163 100.506826995398 106.570021542271
4273500 18285.5143571646 9372.03159739293 4330.87693152766 4582.60582824403 0.987205097950485 -0.0161129070398416 3147.86449081012 2615.41207091656 413.332834094782 -1.69349329608219 100.506826995398 105.944440784816
4275000 18377.0521550765 9453.81030967816 4301.39943200756 4621.84241339081 0.995819277366425 -0.00274006679708758 568.84606873109 1390.67808119583 -915.956757902778 -1.52013492571179 100.506826995398 105.259496186173
4276500 18393.3723618192 9528.55043191861 4276.96742855165 4587.85450134895 1.00369204528558 -0.00443636606727894 1473.67521190581 1403.17177091831 -1198.14212070569 -1.54993107298085 100.506826995398 104.580065670227
4278000 18309.1043071569 9438.77230694855 4325.73623405882 4544.59576614957 0.994235245899673 -0.000554796641478366 1104.09833003335 735.907774001183 -1631.9311192696 -1.50182365950776 100.506826995398 103.654457947043
4279500 18233.6804594466 9362.16386496681 4304.64351405949 4566.87308042033 0.986165678092042 0.00742365187431298 58.9235060273219 -86.0673311154061 -2740.50538523046 -1.33416873007632 100.506826995398 103.03751661665
4281000 18289.5093271993 9450.54373599809 4209.81478415789 4629.15080704332 0.99547519207859 -0.00233154567645092 782.387401076507 1565.11570653204 -1482.6426009899 -1.48838368008506 100.148653334233 102.885583070181
4282500 18206.0463738529 9349.9114434664 4223.39348682716 4632.74144355937 0.98487506646299 -0.00728312789746198 1858.42036359219 800.669073999472 29.6475260937049 -1.54302480855736 99.6720423256329 102.885583070181
4284000 18311.6418999577 9551.27657428938 4193.35100624614 4567.01431942215 1.00608590870484 -0.0111764882716773 2067.31280655486 2942.11811370602 -900.918778741221 -1.6121696219326 99.248096049252 102.885583070181
4285500 18287.2748598176 9526.71685959307 4144.76797295841 4615.79002726608 1.0034989055241 0.00149093754565379 -367.038883016229 1350.10303590086 -1528.1322940136 -1.45205446153132 98.7039023171686 102.885583070181
4287000 18188.736004426 9445.66122101065 4187.56528248626 4555.50950092913 0.994960891242498 -0.00571007997714789 1505.2721201388 1779.89732155599 -1205.86641113152 -1.5054300192358 98.3147256145825 102.885583070181
4288500 18165.7277002975 9289.03611055764 4276.89860796235 4599.79298177754 0.978462749308226 -0.0104236007199195 1048.4416607614 2570.36908722374 162.985513673428 -1.58677475879928 97.9542620343646 102.885583070181
4290000 18264.7252879455 9475.92518044614 4125.24524218537 4663.55486531401 0.998148752351202 -0.0129577562258181 1382.82965200519 2200.45808957957 1106.36115955188 -1.58711045745727 97.7132594670132 102.885583070181
4290000 18264.6956993826 9475.92518044613 4125.21485077601 4663.55566816045 0.998148752351201 -0.0129355431293235 1377.73589901123 2198.75473579465 1105.10105283838 -1.58679021323422 97.7128861194518 102.885583070181
4291500 18286.0864547399 9574.13328566336 4117.87158411063 4594.0815849659 1.00849352564 0.00271169486472771 -1470.56357628028 1937.3545446454 -1444.39817044412 -1.39264793068156 97.7128861194518 102.487106472157
4293000 18494.478009799 9625.98445288982 4225.34421077541 4643.14934613372 1.01395528023277 -0.0124610218781484 1759.44064127627 3015.41298055642 -295.216232974516 -1.63847478798909 97.7128861194518 102.196226548057
4294500 18500.4006308071 9513.04176782801 4294.61535732522 4692.74350565386 1.00205843659641 0.0014838896471974 531.541913987688 -779.139432090922 -284.069343398237 -1.44854498044425 97.7128861194518 101.855303007743
4296000 18177.6589911457 9587.96574304236 4049.51082523125 4540.18242287206 1.00995057071074 -0.0107523539862629 974.27763642732 2366.48857914163 496.108866664117 -1.56505109657436 97.7128861194518 101.442458149945
4297500 18256.6007509159 9476.32846245686 4171.74758648339 4608.52470197564 0.998191232154302 -0.00120546044597977 -2114.30119680383 1950.54699103897 591.760323357434 -1.47853368962615 97.7128861194518 100.935205121311
4299000 18465.0729691654 9591.51652657272 4191.31020552088 4682.24623707177 1.01032459330834 -0.0139087064643739 4403.18225374209 1392.26251278828 -881.848539872401 -1.63042051214306 97.7128861194518 100.428825111164
4300500 18373.2558837503 9432.13704869151 4236.3930477382 4704.72578732059 0.993536319449256 -0.000614299730596084 549.073337546891 672.537587100481 -1005.25852454112 -1.46103143716264 97.5835948719946 100.254085268661
4302000 18434.660069645 9601.27118964338 4179.82736099033 4653.56151901125 1.01135210298029 -0.00374923244036996 141.240940552563 1635.61300218519 -462.210902865215 -1.54287878163378 97.1540480592485 100.254085268661
4303500 18336.2791236723 9567.02722478484 4091.02403562751 4678.22786325993 1.00774500708746 -0.0049948444792029 1266.97115271616 668.24140653465 -189.89046319351 -1.54292487563015 96.8164238642891 100.254085268661
4305000 18223.0276712954 9395.86197301163 4136.53967727688 4690.62602100689 0.989715276032193 -0.00566530081709146 1641.20924679191 1395.92285467521 -1067.33185872337 -1.51828322930257 96.3373358571319 100.254085268661
4306500 18243.2436813387 9378.22848389357 4211.56238315284 4653.45281429228 0.987857848411394 -0.00186587078033612 52.1699258062171 1064.00487417216 -471.004896302543 -1.46986660526989 95.8049517969106 100.254085268661
4308000 18268.376458711 9469.54514077361 4177.37974686875 4621.45157106865 0.997476709408922 -0.0120301105732349 1001.56877724228 1572.38057723117 1573.17817140225 -1.57774607360427 95.515354444659 100.254085268661
4309500 18354.5591905674 9523.64722387767 4151.37174663934 4679.5402200504 1.00317556474195 -0.000859601635107338 1056.25408392378 -733.846063672978 -27.1221806654999 -1.46699245018761 95.1789278671339 100.254085268661
4311000 18425.51907033 9504.81581914079 4267.99901710189 4652.70423408735 1.00119195440468 -0.00787982108831401 115.119250713355 2294.20712893249 285.951732505432 -1.57207449188822 95.116165735749 99.8919271673427
4312500 18284.2174184526 9476.32373682428 4117.42639001101 4690.46729161735 0.998190734378709 -0.00398413505898671 730.409801821498 1066.03275829563 -441.03120826787 -1.52569542369321 95.116165735749 99.3528273588322
4314000 18063.9604084418 9333.2268732263 4105.38041281377 4625.3531224017 0.983117593429852 -0.0120894196621843 2004.68360813755 1694.60457023105 388.626127640813 -1.61743068665732 95.116165735749 98.7505433506403
4315500 18182.4758332251 9387.28832036085 4137.78435831746 4657.40315454675 0.988812168363706 -0.00547862225807315 728.525351509373 1004.14018484365 115.246955951271 -1.53964332938606 95.116165735749 98.503850674486
4317000 18279.6471802787 9547.68185802912 4084.00436917788 4647.96095307172 1.00570725844305 -0.000301179715688937 -19.1491541819759 1191.70607712662 -1071.25393318765 -1.43350431280605 95.116165735749 98.2289966888409
4318500 18215.6506898752 9459.31061100418 4075.44075965613 4680.89931921494 0.996398652868192 0.00176252453820485 -33.7223371011153 161.405926213508 -718.421197248568 -1.42070586917086 95.116165735749 97.8819499358605
4320000 18296.3189707709 9480.96426407142 4177.77691058712 4637.57779611236 0.998679545380674 -0.00357138407161906 1487.54439420364 557.615407827954 -852.41807960695 -1.49117750931092 95.116165735749 97.5333223581264
4320000 18296.3075231956 9480.96426407143 4177.76518800442 4637.57807111975 0.998679545380674 -0.00356086794037834 1486.80964840838 555.398229940444 -852.980233259832 -1.49103765763092 95.116165735749 97.5331595115417
4321500 18038.9771531919 9409.39782229286 4056.3218604689 4573.25747043009 0.991141077820915 0.0089410536930878 -580.547370467252 -517.023590918783 -1877.90533222848 -1.29058301145513 94.7791910662158 97.5331595115417
4323000 18233.7954589797 9479.63283557925 4155.46033602008 4598.70228738036 0.998539299055064 -0.00194146959581325 829.136202541602 -436.370396242875 249.559399272243 -1.44596001301528 94.2257443701621 97.5331595115417
4324500 18274.4868513405 9565.73402366105 4037.70008059808 4671.05274708141 1.00760878745047 -0.00208136356344293 1207.23037246063 429.678042161066 -951.724650469661 -1.46604274777854 93.7571337821722 97.5331595115417
4326000 18411.4215957698 9606.46454807978 4186.93863426521 4618.01841342484 1.01189914658238 0.00243488389279761 -611.178596695806 350.67318738353 -537.43895119116 -1.42467140339194 93.3339313086282 97.5331595115417
4327500 18263.1224556166 9476.18416364601 4156.50431684383 4630.43397512679 0.998176032405963 -0.00979410550406373 610.645170088391 2468.37935751553 120.823341975865 -1.57156543440387 93.0485820277126 97.5331595115417
4329000 18352.1122582147 9507.86013875333 4134.53400184359 4709.7181176178 1.00151262850933 0.000651411940656995 -181.574318083558 -444.391931356827 413.815921565159 -1.43749270511374 92.7541176333432 97.5331595115417
4330500 18271.9039061252 9453.37526366568 4133.7261076536 4684.80253480593 0.995773451694916 -0.00661761806347303 1364.47915885063 1168.51489795739 -386.226579978841 -1.52477622307689 92.5535598845932 97.3615951246664
4332000 18130.7104992 9445.74831446802 4046.19409245888 4638.76809227309 0.994970065251806 0.000345223889989052 78.8381304143801 108.892713961495 -299.566982392628 -1.41687747709587 92.5535598845932 97.2267325906351
4333500 18445.0782920636 9570.42669429555 4167.38525372091 4707.26634404718 1.0081030909881 -0.00879256896719465 1523.75221888863 1535.98067990696 -221.533289077782 -1.57228955779388 92.5535598845932 96.8794186483642
4335000 18324.9056029801 9566.95651697787 4078.92838396215 4679.02070204013 1.0077375590644 -8.34739525114073e-05 106.688256711198 -124.699258034601 44.8917772885937 -1.43681720164574 92.5535598845932 96.6485171008058
4336500 18339.3247715031 9640.54255205126 4028.902282445 4669.87993700686 1.0154887609471 -0.00728837423471886 1694.51993102886 1462.50826651207 -815.91190938631 -1.52437214561407 92.5535598845932 96.4043640230909
4338000 18175.2061633571 9501.82084477038 4040.06907899138 4633.31623959532 1.00087647809242 -0.0122564353018934 2379.9231500502 904.550627793806 638.162622067281 -1.58201042802091 92.5535598845932 96.0546178574857
4339500 18171.8138628316 9533.85620838988 4076.69495699655 4561.26269744518 1.00425093046715 -0.00672050373420556 1336.89450196255 619.253928166357 191.096349295561 -1.55458353641 92.5535598845932 95.8923805773742
4341000 18221.7791830003 9518.66116685784 4055.82488291955 4647.29313322295 1.00265035728212 -0.00971362854003365 1329.71833904839 1668.3087870472 99.2097307372232 -1.54917007963719 92.4105571626878 95.8448622762751
4342500 18029.8480493205 9518.77195396226 3947.21419167809 4563.86190368012 1.00266202706718 -0.00299918945384504 -129.103119850209 1132.97024402198 -48.4773396984392 -1.43869863432051 92.3220319670281 95.8448622762751
4344000 18054.0343587758 9392.28218404877 4083.72057909539 4578.03159563163 0.989338198140704 -0.00579079859842985 1049.63531856179 2106.33481537569 -1312.98618246837 -1.50645935391476 92.238398612788 95.8448622762751
4345500 18109.5596818724 9453.8092025737 4059.19954691994 4596.5509323788 0.995819160749323 -0.00878193841659632 1412.97887214793 923.810038243437 453.484843150231 -1.52907364772417 92.0841933873096 95.8448622762751
4347000 18279.3119711681 9650.97095411359 4072.00796194718 4556.33305510735 1.01658723907027 0.00440654782677996 -38.1029995532261 168.933125297754 -1523.53323157873 -1.38192302266382 91.5985750310493 95.8448622762751
4348500 18206.5041970801 9517.83561889744 4032.87684449385 4655.79173368876 1.00256339799836 -0.00421962369686206 169.874569144183 271.031386223928 888.202297417512 -1.4814113453403 91.2883365837102 95.8448622762751
4350000 18120.7223216328 9538.24169130473 3957.76344831683 4624.71718201124 1.00471287631587 -0.00633717407215748 -566.339806615101 2445.20342970295 111.301286658819 -1.49097444246277 91.0169104656168 95.8448622762751
4350000 18120.7329107016 9538.24169130471 3957.77450653993 4624.71671285699 1.00471287631587 -0.00634907735623444 -564.010742918359 2445.99066419712 111.926764339836 -1.49112344924916 91.0170746020405 95.8448622762751
4351500 18156.7014938141 9385.35403372092 4089.77546985773 4681.57199023549 0.988608419836828 -0.00132896800674654 256.618268471788 559.781717187719 -400.282838584304 -1.44752263745098 91.0170746020405 95.5599057840327
4353000 18187.3838890207 9503.5817041033 4001.40731174175 4682.39487317561 1.00106195861414 0.00387291958837542 -684.585866191978 -335.640082137902 -189.236872262031 -1.37484080591665 91.0170746020405 95.307849215793
4354500 18188.2618601579 9490.56251305217 4057.74364989374 4639.95569721195 0.999690579138586 -0.012117587635666 843.782148233183 2388.22045620301 540.914764428352 -1.59215020432397 91.0170746020405 95.0245345644842
4356000 18048.792977114 9477.98834991669 3988.47145682249 4582.33317037483 0.998366076780607 0.0117927192126141 -1134.61645319422 -626.410463501779 -1898.64147480573 -1.27668880064295 91.0170746020405 94.7114321301711
4357500 18050.0991916537 9385.19921778805 4035.2974991495 4629.60247471617 0.988592112265029 -0.0109605359988076 217.675199591823 2302.26138423637 872.382198746627 -1.54312487280192 91.0170746020405 94.4581620185699
4359000 18134.9709636664 9310.28446582442 4198.57680971006 4626.10968813188 0.980700949683934 -0.00142064703712673 -454.74032970006 263.453354956423 628.857781174415 -1.44016809222615 91.0170746020405 94.0019312068977
4360500 18443.2863540985 9520.64551818137 4160.18739992136 4762.45343599576 1.00285937938393 -0.00739967967547569 1770.29560747856 1179.98820064955 -678.686701310489 -1.55263812162206 90.8727653217555 93.8387344360145
4362000 18127.6072265947 9414.46791092759 4050.10264388614 4663.03667178101 0.991675136770168 -0.00543001716996665 174.076612936457 3074.37184280211 -1587.67935699075 -1.50045087799772 90.5364392424629 93.8387344360145
4363500 18197.7222322949 9550.00022255458 4043.75785708463 4603.96415265574 1.0059514639021 -0.0114763648409913 1755.76669770681 731.890324667747 1016.09052600748 -1.58870860805469 90.3740651383652 93.8387344360145
4365000 18152.7574583936 9525.62344638454 4013.88801321425 4613.24599879481 1.00338373059299 -0.00208443470257609 720.589484121964 4.52365005790832 -90.3623258005999 -1.44874904011165 90.1426507777002 93.8387344360145
4366500 18208.6495532266 9533.44190464921 4046.2457840812 4628.96186449616 1.0042072896876 0.00940084031069799 -1085.70504228716 -214.280255540861 -1560.60408545135 -1.3413299162159 90.0749861876025 93.8387344360145
4368000 18041.3827541119 9369.43456854419 4057.57736219888 4614.37082336887 0.986931539321029 -0.00812628204013454 1892.34757508642 568.896924070974 7.02106346741951 -1.50046331540561 89.9115220948372 93.8387344360145
4369500 17911.5311014893 9325.13768545295 3970.10123874197 4616.29217729442 0.98226551698035 -0.00113912831316887 62.3155267348139 197.980418294944 85.1347520187866 -1.40797783884762 89.7642981907169 93.8387344360145
4371000 18136.8296397841 9462.64633098564 4072.45264365179 4601.73066514672 0.996750021697544 0.00765838549926798 -1874.13643489194 231.006354413408 -671.158709778399 -1.33806292147101 89.6998074118842 93.5807058888722
4372500 17913.9066422158 9297.50470446676 4032.48378309306 4583.918154656 0.979354790590063 0.0118983638303641 -886.41530137809 -1162.52291245371 -1535.41996584569 -1.27839355774927 89.6998074118842 93.2889372207257
4374000 17949.084191178 9328.26735963749 4036.10319514943 4584.71363639105 0.982595181928424 -0.00100471059621338 851.89968016323 -65.5037475466782 -484.274032518675 -1.42379493267273 89.6998074118842 93.1209104454017
4375500 18072.7200089981 9349.29333313823 4075.54884902257 4647.87782683736 0.984809957669798 0.00457063782469811 -4.08395504884457 -496.292072288773 -870.865128738324 -1.34821731041934 89.6998074118842 92.9058409708288
4377000 18101.3226835333 9505.02282167085 3917.78495682583 4678.51490503658 1.00121375906366 0.00892809703402108 -26.7943159623646 -675.454267051873 -1972.28406655291 -1.3066864468842 89.6998074118842 92.7673158651941
4378500 18203.4755155542 9446.42906694013 4088.23666299788 4668.80978561621 0.995041772469598 -0.00115744023290491 1415.61899439229 408.292155869918 -1477.73323509765 -1.43909930574559 89.6998074118842 92.6204255905438
4380000 18153.9644080523 9550.66773220963 4001.60579589176 4601.69087995096 1.00602177618472 0.0011323702135916 1095.54556373326 -70.5127945117665 -1362.61363061394 -1.43239454800653 89.6998074118842 92.3199092063055
4380000 18153.9659385234 9550.66773220963 4001.60739082982 4601.69081548395 1.00602177618472 0.00113072661737195 1095.6467794879 -70.2063387718563 -1362.53139488876 -1.43241405343934 89.6998074118842 92.3199310423421
4381500 18227.2111881842 9522.59986184307 4032.84187404371 4671.76945229742 1.0030652406218 0.00414312040415952 1177.76994763564 -316.623881150043 -2094.79116373261 -1.39919150571223 89.591067285476 92.3199310423421
4383000 18392.0143032556 9682.3503384219 4045.40790766488 4664.25605716878 1.01989259371379 -0.00898938108452932 770.812949951152 1915.96226333881 -16.1488032956642 -1.55528501404461 89.3892668921138 92.3199310423421
4384500 18222.9345498457 9516.57385757557 4033.73032593518 4672.630366335 1.00243049008011 -0.00146549063108181 333.843172823843 323.47570665393 -223.020906687373 -1.45730366061478 89.1675396698898 92.3199310423421
4386000 18162.678783725 9374.07026405121 4144.61039826102 4643.99812141279 0.987419841370539 -0.00257099981652101 296.742976328911 1365.64534472403 -902.616078068496 -1.46371920610901 88.9167141801064 92.3199310423421
4387500 17898.1673443834 9296.83003950808 3909.07481805545 4692.26248681985 0.979283724601894 -0.0119307620399415 1092.39713103198 2522.96028715723 -90.2865497729982 -1.52722485823161 88.8999868196807 92.3199310423421
4389000 18372.7010469118 9620.70102976495 4091.00811751876 4660.99189962805 1.01339874964607 0.00269409883144484 -1389.73124511043 1232.22188033037 -637.855613015129 -1.41148857451304 88.829039905581 92.3199310423421
4390500 18187.552783256 9566.55432288075 4051.93379087074 4569.06466950454 1.00769519385693 0.00247201081175222 250.306553003894 -300.666986317819 -679.550593790553 -1.38226150076775 88.8375261900779 92.325273244478
4392000 18126.087294905 9321.53609834164 4143.66086054936 4660.89033601396 0.981886142975893 -0.00221490562671903 817.670305706476 21.5379207888295 -185.190098117812 -1.42900367251155 88.8375261900779 92.3284623436659
4393500 18245.9860814182 9642.92842270537 4028.029065654 4575.02859305884 1.01574007717969 -0.0209502107121063 1608.3770463485 3071.48925393507 1492.3694722384 -1.68576212470018 88.8375261900779 92.1202599201103
4395000 18285.5374918218 9431.67516785153 4189.15066849963 4664.71165547065 0.993487667125036 0.00422815481310495 1.83820091117464 543.027431885817 -1786.73395863243 -1.37707251647393 88.8375261900779 91.838696848072
4396500 18086.2506353541 9467.817648164 4040.35373368017 4578.07925350994 0.997294743578659 0.000270701569405798 -251.846410159021 1183.54289761267 -1011.0352460279 -1.39791900656335 88.8375261900779 91.6422344696732
4398000 18144.3467036205 9525.59271996188 4010.10341173733 4608.6505719213 1.00338049401821 0.00703389181084924 -139.284020611472 -666.430475841477 -1252.03147151258 -1.32981726428392 88.8375261900779 91.4738836480765
4399500 18351.4785728386 9552.72428303069 4105.80878416949 4692.94550563844 1.00623840343716 0.00329319308667906 818.699329799623 -664.765452027902 -1116.85413405817 -1.37192433253363 88.8375261900779 91.4269370543471
4401000 18305.5008291754 9512.04242145196 4129.11862351454 4664.33978420893 1.00195317021667 -0.00535519981021556 468.260870069029 34.6910445769328 1057.22453268437 -1.49765423253951 88.5653419472614 91.3759138330257
4402500 18034.7818187936 9401.47533205178 3973.45190257875 4659.85458416309 0.990306560494209 0.00342356434141178 -502.988335282477 230.896159306374 -721.136862764159 -1.41659444913799 88.1935207043764 91.3759138330257
4404000 18150.2450146825 9456.22591217868 4107.54368213562 4586.4754203682 0.996073725409878 -0.00336735623549845 454.010170669871 871.419642554956 -350.190531053401 -1.48074789400374 88.0415923769491 91.3759138330257
4405500 17984.6237459437 9501.07270382469 3910.68051942923 4572.87052268977 1.00079767249431 -0.011694534817451 1420.65155340335 2526.41505392945 -566.354818271107 -1.5403868847189 87.8801850590237 91.3759138330257
4407000 18255.0367453565 9615.56065220182 4093.81369037296 4545.66240278172 1.01285728679642 0.000768826373214743 41.5012995126192 448.403649482898 -711.68112608962 -1.4342871530966 87.6904676808238 91.3759138330257
4408500 18156.3254835823 9510.99425588468 4047.92242017413 4597.40880752345 1.00184276145623 -0.00819961276488899 682.199464593843 2555.62062106516 -879.55655060998 -1.52608211355612 87.4308617146139 91.3759138330257
4410000 18217.0187730168 9488.3771578651 4105.63455317352 4623.00706197816 0.999460384248707 0.00508549831285257 502.569120970415 -106.997362762196 -1853.24565260242 -1.37156340455996 87.1349983717139 91.3759138330257
4410000 18217.006688665 9488.3771578651 4105.62227529131 4623.00725550857 0.999460384248707 0.00509834637917375 500.286375763387 -107.782210585781 -1853.85818279048 -1.37141692709207 87.1348455931834 91.3759138330257
4411500 17977.6024820549 9333.38056259657 4015.81984338946 4628.40207606883 0.983133782334921 -0.00221856536921797 1230.54205542432 -108.060960282955 -488.183891323267 -1.43333257883567 87.1348455931834 91.1436046627903
4413000 18093.4608197253 9443.37369448416 4085.13251794559 4564.95460729551 0.994719934111145 -0.00808201537324878 2706.32153810414 1620.71956963594 -2019.95644365322 -1.52971882651387 87.1348455931834 91.0016974758636
4414500 18095.4063864526 9448.16918765492 4027.69476600149 4619.54243279618 0.995225068484217 0.00402671860323151 -964.889885171646 742.880294342338 -923.887642364545 -1.40876368615068 87.1348455931834 90.7193694501673
4416000 18020.378840332 9480.39043852357 4005.26913732198 4534.71926448641 0.998619101334973 0.00556940407749502 563.591629389733 -246.893056801984 -1898.71127386291 -1.37873327503084 87.1348455931834 90.5538398277211
4417500 18197.439131342 9561.50908212757 3971.31531673837 4664.6147324761 1.00716375226498 0.00271131702205277 -158.869563082391 600.555324607701 -1209.835051491 -1.40440768240079 87.1348455931834 90.3173041699407
4419000 18190.983472267 9425.89708546706 4103.85157324388 4661.23481355601 0.992879031491764 -0.00471538001222996 -41.2113024015034 2452.31749993845 -1080.75271351891 -1.49767287360668 87.1348455931834 89.9406426409728
4420500 18066.6391367984 9451.09682813727 4020.97796459089 4594.56434407022 0.995533452165931 0.00202955761291215 968.730839175482 -224.507338355679 -1316.57189437271 -1.37615279650222 87.2219896778373 89.8112195820677
4422000 18314.6206744341 9496.92373525457 4168.57499879603 4649.1219403835 1.00036063993833 -0.0039572044020799 1180.86998525662 1820.08648413741 -1888.67643583156 -1.48571030995267 86.9345805689094 89.8112195820677
4423500 18250.6126831695 9574.03146884578 4062.04010081792 4614.54111350577 1.00848280074217 -0.00347357391720037 649.5094146755 1356.02932419175 -1032.01137914115 -1.5109572181668 86.6839158013656 89.8112195820677
4425000 18330.6780146753 9606.02747062142 4089.68867722762 4634.96186682628 1.01185310692805 -0.000238366640781232 1861.21198276197 164.336071468336 -1959.07160431394 -1.44720997431643 86.255986732245 89.8112195820677
4426500 17967.5170118709 9387.91092604879 4041.8422929297 4537.76379289245 0.988877750676652 -0.00551251632955673 1256.3883069574 455.593408119928 -179.120859363262 -1.50285933695871 86.0042177844598 89.8112195820677
4428000 17954.2698184235 9341.05739831616 4033.96799188601 4579.24442822138 0.98394242358626 -0.000272436163444936 159.335108742402 1086.74593622549 -1170.67618209636 -1.41510163023883 85.6054676494857 89.8112195820677
4429500 18274.9384922879 9656.49548061022 4066.59162012156 4551.85139155612 1.01716916633594 0.00267662591926796 -595.372407792264 -290.952606821538 146.184177224691 -1.421282786615 85.5251005253177 89.8112195820677
4431000 18005.813611495 9404.63062558369 4007.51949039659 4593.66349551472 0.990638924062116 0.00307447766520582 -788.197227094364 1050.31920712027 -1110.33494507096 -1.40065557969695 85.4550514381351 89.6795299578815
4432500 18003.9446507344 9381.80024613195 3988.83268431517 4633.31172028726 0.98823408080602 0.00360769774903549 -399.972160544445 240.24487845466 -833.810234042989 -1.3718078422927 85.4550514381351 89.5187243133411
4434000 18141.9827238175 9515.9775265921 4017.23220249403 4608.77299473133 1.00236767541919 -0.00224408308898006 1125.96487988003 343.943417135074 -852.851067035077 -1.47143879812044 85.4550514381351 89.3812186310773
4435500 18073.6100575304 9509.33680478868 3976.33825990978 4587.93499283191 1.00166817346486 -5.6907415589534e-05 926.761942448259 712.732985058913 -1623.88667283182 -1.42553590700222 85.4550514381351 89.1549044978449
4437000 18119.2842628222 9485.22321934072 4036.32348687232 4597.73755660919 0.999128163410831 0.0032016494122544 84.0284169961883 -1182.39353148684 222.261889377544 -1.37069313978936 85.4550514381351 88.9490398274567
4438500 17926.5775309633 9444.03945702767 3957.55608842014 4524.98198551545 0.99479006236137 0.00263697761901903 -413.72966996977 928.290153372999 -1233.86699353423 -1.39804894539831 85.4550514381351 88.6680804070892
4440000 17946.9105695789 9388.48887668833 3982.58366903695 4575.83802385363 0.988938629239831 0.00186850540081731 1142.90852888051 427.037719991366 -2078.20770733204 -1.38870234429749 85.4550514381351 88.420421356187
4440000 17946.9002040771 9388.48887668833 3982.57307914963 4575.83824823914 0.988938629239831 0.00188065771805885 1142.21707085579 424.962258575511 -2078.74559710482 -1.38857083492851 85.4550514381351 88.4202825442934
4441500 18045.7594179405 9425.27768122976 4001.95728161729 4618.52445509345 0.992813786404357 -0.0115667582340866 1437.15605646601 394.67908548719 1312.8995995173 -1.55611474113769 85.4118170823462 88.4202825442934
4443000 18047.4159272592 9426.45901229337 3992.18849052896 4628.76842443684 0.992938222182901 0.00787734396883577 -381.467812305066 -244.340179192788 -1511.24718075048 -1.3355909787588 85.2278486056966 88.4202825442934
4444500 18117.5484901687 9565.56261217114 3965.63990601378 4586.34597198378 1.00759073178187 -0.0040342372308636 1545.63779673287 70.8520610099606 -522.423238487161 -1.44528915225226 85.1977127011464 88.4202825442934
4446000 18011.5761370843 9471.46996984886 3912.09814653605 4628.00802069942 0.997679461721057 -0.00550839258697667 835.544419618724 186.733880211899 471.273057738861 -1.48248294621221 85.1806356591663 88.4202825442934
4447500 18213.1091689538 9675.60624216444 3980.70003142103 4556.80289536833 1.01918220278764 -0.00544402894828175 -67.7121477973847 684.229865174367 858.15390296485 -1.51124000290903 85.0982241981203 88.4202825442934
4449000 17892.7169847082 9403.67920424033 3934.43496359662 4554.60281687128 0.990538705876688 -0.000954114448823636 42.5256984674541 849.672437290928 -634.636843757254 -1.42501924853519 84.8058327643807 88.4202825442934
4450500 18202.768497294 9534.26481896487 4015.52239210687 4652.9812862223 1.00429397155579 0.000613896962150677 869.903841213472 313.433346892651 -1348.93240977287 -1.42486980612832 84.7212770003468 88.4417490102927
4452000 18184.2475857573 9515.06253637991 4011.49564468086 4657.68940469655 1.00227129471532 0.0101771407308051 299.643386027043 -1058.80905693239 -1986.86148725043 -1.30191510276369 84.7212770003468 88.4675609678298
4453500 18251.0502398808 9691.1905465163 3925.81805080343 4634.0416425611 1.02082377906107 -0.000886556581081933 -648.794692401473 1061.58603969149 -173.873354706867 -1.41810679391103 84.7212770003468 88.3583108952396
4455000 18197.0193470943 9436.27099898466 4145.92805465843 4614.82029345119 0.993971770051578 0.0113318873448553 -1116.20527669912 -254.830764918671 -1684.76336116523 -1.29974963520028 84.7212770003468 88.4153355130287
4456500 18010.8892805582 9460.16658840109 3921.30321781922 4629.41947433786 0.996488817443628 0.00574180128056425 -415.622961373747 -744.024583612534 -389.17715111105 -1.32238995542922 84.7212770003468 88.4421136377009
4458000 18192.1192871314 9593.06015932482 3987.52182612448 4611.53730168205 1.01048719221834 -0.00214922879489723 1803.89174425834 697.406343696343 -1922.08326101256 -1.43840977780642 84.7212770003468 88.361285612964
4459500 18194.1407291907 9490.65947103228 4104.66216658967 4598.81909156873 0.99970079222966 -0.00759181701792467 1350.37904465688 1048.29710792735 -357.098270996733 -1.50012812104535 84.7212770003468 88.1708902775503
4461000 18189.0413051587 9492.22169161616 4046.04721005545 4650.77240348704 0.999865349093186 0.0150670142811771 -821.392344372452 -1406.67228907402 -1822.34822889954 -1.26319593571975 84.6772406500316 88.1866602257217
4462500 18261.9082292293 9536.46633477891 4088.96282431534 4636.47907013502 1.00452586872902 0.00180989297535081 -168.550212128275 -452.822982968164 135.252100817083 -1.42461309602474 84.6030804355575 88.1866602257217
4464000 18213.4940354728 9343.61446276637 4274.77441743427 4595.10515527219 0.98421177255663 -0.00732232081970502 177.9689973446 2181.90926755844 -396.448899213886 -1.51445455204722 84.4619556224267 88.1866602257217
4465500 18187.3771198163 9485.4791768015 4073.57199928088 4628.32594373394 0.99915512474867 0.0026578610668013 -138.994480030109 292.57407596335 -864.353529149817 -1.40561655750574 84.2352405562363 88.1866602257217
4467000 17904.4784395537 9344.61834692126 3989.83845744195 4570.0216351905 0.984317516924344 -0.00309356716908121 1321.70548947493 253.41866155788 -749.076741336503 -1.44026371751185 84.1085270330348 88.1866602257217
4468500 18060.1760952794 9379.0267608628 4003.08452957436 4678.06480484221 0.987941935099046 0.00577764903789173 1049.21983732173 -1403.89906428735 -1185.98977632097 -1.32264395054379 83.9948756872085 88.1866602257217
4470000 18312.6857918674 9702.86630383827 4033.62371684358 4576.19577118558 1.02205364763662 -0.0133111735538873 288.192370364977 1547.50199107555 1718.73845804043 -1.61185619317632 84.1101811127558 88.1866602257217
4470000 18312.678500408 9702.86630383826 4033.61623564761 4576.19596092211 1.02205364763662 -0.0133028584046534 286.818045652325 1547.02594287582 1718.3646340094 -1.61176764465875 84.1100903353951 88.1866602257217
4471500 18179.6639389092 9553.04137857289 4012.7248659131 4613.89769442321 1.00627180476883 -0.00797838645160534 1376.72830092599 1249.66645381191 -502.784044418131 -1.5182873152192 84.1100903353951 87.9041215559118
4473000 18226.438868445 9462.81977535506 4018.89104787955 4744.72804521035 0.99676829149998 -0.0025031333740844 1171.6672952585 957.581262698505 -1464.54300387119 -1.44077728334612 84.1100903353951 87.6990152423235
4474500 18339.7441426459 9576.27723763824 4118.33805616777 4645.12884883984 1.00871935931303 0.00740226610065572 538.381066223253 -1321.21936895428 -1180.6369792842 -1.37630397030154 84.1100903353951 87.6012180555732
4476000 18149.3689424108 9539.3107372876 4020.90555819542 4589.15264692778 1.00482548451968 0.00838922946605933 -115.68639997412 -550.611348215265 -1556.70861968044 -1.34637170513587 84.1100903353951 87.5120853698404
4477500 18189.5272008504 9459.18617416791 4044.57094166206 4685.7700850204 0.996385545285502 0.00844424522075903 -267.696314174301 75.6924358191484 -2044.60584768165 -1.3361842860746 84.1100903353951 87.4739568717618
4479000 17955.7295732997 9498.06195542027 3945.78922695667 4511.87839092278 1.00048053462056 -0.00320660777883946 1387.41173628329 371.803586694101 -911.508384613039 -1.43818233312993 84.1100903353951 87.3070463151949
4480500 18315.8851902637 9630.75467643619 4009.95708181913 4675.17343200841 1.01445775282416 0.012625504555788 -2062.89581303655 126.708622465517 -1400.59478850472 -1.29062266122724 84.1107280089076 87.2821017849545
4482000 18456.6325279989 9583.07361012622 4182.01696724297 4691.54195062972 1.00943525676792 0.00890165189242982 -306.89268178306 -900.12469420823 -1146.78555426822 -1.38502209023487 84.1534249453036 87.2821017849545
4483500 18154.2909241 9436.44498288785 4096.25376438457 4621.59217682757 0.993990096685927 -0.00244750619520589 411.8030819236 846.994375540429 -612.37255220539 -1.49552134533558 84.0555867767293 87.2821017849545
4485000 18121.3564410821 9541.02552494003 3946.40762829222 4633.92328784981 1.00500611207037 -0.00508161395912586 275.506590882523 1161.9403141209 -95.6612942679505 -1.47986857871785 84.0337538722954 87.2821017849545
4486500 18265.9200827665 9559.3748869791 4032.02207072272 4674.52312506473 1.0069389463295 0.00217286538010909 278.710613902661 433.604262855256 -1285.89628248279 -1.41275995669411 84.010689115439 87.2821017849545
4488000 18153.5039974506 9587.68103862922 3986.24061927889 4579.58233954253 1.00992058130607 0.00536951027771924 -705.971171598057 43.5152344908874 -751.313706619963 -1.38365309267511 83.7946474083715 87.2821017849545
4489500 18232.6269438952 9420.17150452962 4128.34012948165 4684.11530988392 0.992275926110457 0.0186716533615336 -1074.94559400817 -2998.03595002851 -840.574634426727 -1.23606342589982 83.7501229543969 87.2821017849545
4491000 18132.3057664779 9575.96996373198 3955.66032737269 4600.67547537326 1.00868699254563 0.0200253571222857 -2061.01058278405 -1175.97492987871 -2026.99933908945 -1.2252906472261 83.6946436993389 87.2437240459063
4492500 18175.4883250031 9474.78361455709 4024.16446724006 4676.540243206 0.998028505246441 -0.00539564550871048 960.797896668765 1465.95028673345 -1011.80817441994 -1.48434841631232 83.6946436993389 87.0351039388408
4494000 18117.0736923513 9531.21533950026 4011.61950704409 4574.23884580699 1.00397275393693 0.00518292693405089 -667.170526485093 309.670379978684 -999.71959191331 -1.39069777106953 83.6946436993389 86.9110336334497
4495500 18021.7122016735 9437.56586607816 3979.72250934291 4604.42382625244 0.994108165173872 -0.0100994694160777 1494.87237579915 1416.21367317125 -265.020999028943 -1.51970098564737 83.6946436993389 86.956448236779
4497000 18122.3804075655 9511.12517925867 3976.11290072281 4635.14232758399 1.00185655229985 -0.000943958028424125 601.528705768642 503.874655171545 -858.696441660853 -1.41982527125563 83.6946436993389 86.7418099729935
4498500 17938.6204159586 9343.39780715133 3990.56010014825 4604.66250865904 0.984188951087726 -0.0013094823780765 908.354891140449 589.294364450127 -1156.27010014147 -1.44562545208494 83.6946436993389 86.5241169392981
4500000 18269.4342469399 9536.9693369374 4088.49489779814 4643.97001220437 1.00457885257675 0.0106013347444169 -541.168036790651 -270.74788129266 -1948.68650415398 -1.30278215773137 83.6946436993389 86.4257488456094
4500000 18269.4408083535 9536.96933693741 4088.5017017637 4643.96976965236 1.00457885257675 0.0105927801482732 -540.717113250749 -269.348836273913 -1948.31171185976 -1.30287069555741 83.6946436993389 86.4258387052029
4501500 18181.9300678535 9537.55019860388 4009.07102964416 4635.30883960549 1.00464003777362 0.00478646740401964 547.825999372163 328.083587226655 -2120.37465212617 -1.39943610749371 83.5644387058297 86.4258387052029
4503000 18280.7915363808 9632.00631870368 3991.21909428441 4657.56612339269 1.0145895948495 0.0175511066101491 -314.377618373003 -1515.62116027598 -2725.95509185775 -1.23549393339818 83.4312423075818 86.4258387052029
4504500 18293.5199962005 9579.62133207612 4005.65366987616 4708.24499424826 1.00907161026767 -4.08118928818679e-05 1349.5784977889 -167.823589936582 -1171.12408757267 -1.41852172039801 83.7209089078041 86.4258387052029
4506000 17963.5103393525 9432.55348501989 3962.50375983399 4568.45309449865 0.993580184865422 -0.00556008752889966 1645.62734528538 519.411168181481 -718.633077650037 -1.48865631758671 83.6107873782699 86.4258387052029
4507500 18091.8420506745 9466.01622101476 4027.95074016615 4597.87508949363 0.997104989836705 0.00713486406882431 161.193390022723 -412.83655021811 -1598.58546178524 -1.35483115916787 83.347693870787 86.4258387052029
4509000 18351.8902413156 9588.79640104608 4003.4709313089 4759.62290896065 1.01003806826208 0.00742670760342904 -1341.54508966453 1160.99140386163 -1746.47245884915 -1.34752850710728 83.3959917529654 86.4258387052029
4510500 18221.7914781809 9493.51200355876 4087.29365970598 4640.98581491621 1.00000126439761 0.0125118388115742 -1450.11029258497 -380.809272290253 -1414.08256044013 -1.2899169818966 83.4599121790683 86.3203953241077
4512000 18241.3559571637 9518.51303666648 3973.86288426086 4748.9800362364 1.00263475395444 0.00603583132501453 1328.85070328477 -355.219398653436 -2534.52438289883 -1.36565745766386 83.4599121790683 86.070759637539
4513500 18253.1278529005 9480.03265675515 4077.17371455245 4695.92148159291 0.998581414310334 -0.0145112202117908 1362.15514461193 1598.09871491378 789.474129841004 -1.58862706443249 83.4599121790683 86.0033578172754
4515000 18074.3270708028 9425.42026898418 4048.44922582314 4600.4575759955 0.992828805918174 -0.00917526900417182 1030.3153696749 1375.42227895448 -39.4750093325083 -1.49681200004295 83.4599121790683 85.8348626746742
4516500 18057.4321741164 9414.85464163833 4036.60249592084 4605.97503655724 0.991715873138287 0.0087793605086526 -483.258988516536 35.8454373493624 -1807.34756143193 -1.33050764177954 83.4599121790683 85.4785662334934
4518000 18381.7561163464 9576.96694352383 4094.33610703139 4710.45306579115 1.00879200964068 -0.00195377813836019 -79.7464200044665 222.364892236016 359.29033397371 -1.4915137946937 83.4599121790683 85.5005967095171
4519500 18320.976220352 9579.40879565565 4027.71935082788 4713.84807386842 1.00904922269507 -0.00416297507497795 2381.37564986027 953.33617811081 -2270.24214735311 -1.48409004136215 83.4599121790683 85.1038213113046
4521000 18191.4208389294 9494.82017488387 4012.12692024941 4684.47374379608 1.0001390609242 0.0084314804436953 -947.955268532575 -167.412927619074 -1039.32790920131 -1.33860070648144 83.4483342434687 85.0671762559818
4522500 18035.6423719023 9426.57740697077 4011.44012495866 4597.6248399729 0.992950693313401 -0.00291583425527493 963.470925634999 125.880095702514 -345.97189359807 -1.42119518386152 83.2497640987741 85.0671762559818
4524000 18073.3533414183 9382.62289120086 4031.94227357956 4658.78817663784 0.988320734313041 -0.0110865400814289 -104.996392099094 2287.16529754686 638.112882002291 -1.54324478896901 83.0676556105455 85.0671762559818
4525500 18270.2861229983 9627.26192508284 3988.50912199442 4654.51507592102 1.01408984305923 -0.0060981478103735 1816.8129039149 290.307300201191 -558.8943598353 -1.51461223594274 82.9033057405677 85.0671762559818
4527000 18202.9991784372 9622.77488800449 3934.15304679677 4646.07124363596 1.01361719997941 0.0047255676100339 567.364218317885 -17.4352621422981 -1750.32226148731 -1.37798277469361 82.9478370488295 85.0671762559818
4528500 18297.4837583361 9552.5547467522 4020.1767071585 4724.75230442543 1.00622054529438 -0.00274321831447659 -120.625699527597 1723.14669500855 -906.587344281223 -1.44840334744333 82.8405450339614 85.0671762559818
4530000 18046.6323090381 9514.17002440895 3886.66151592475 4645.80076870444 1.00217728176215 0.00598965191661304 -187.588101246951 885.465084753941 -2214.71319681663 -1.38277319628535 82.6937308809883 85.0671762559818
4530000 18046.6368258584 9514.17002440896 3886.66614329353 4645.80065815594 1.00217728176215 0.00598359165508908 -186.632000882751 885.790085214693 -2214.46070250343 -1.38283426690114 82.6937921358337 85.0671762559818
4531500 18063.5754290429 9558.46316983305 3844.87522015439 4660.23703905543 1.0068429103948 0.00510470877004208 580.602177548924 -615.073431878329 -1253.20766081466 -1.33367771533033 82.6937921358337 84.7346823145265
4533000 18098.5028417057 9512.68985867418 3976.93148417821 4608.88149885331 1.00202136816497 0.000463034956266952 84.9741650115621 573.908088802886 -775.779350448629 -1.40780786981196 82.6937921358337 84.8036484694081
4534500 18062.0862843013 9566.00374767067 3941.15874095752 4554.92379567314 1.00763719889089 0.00172527033073094 955.883295455463 905.23660905716 -2295.95561050989 -1.38982030701705 82.6937921358337 84.6628015978174
4536000 17970.9883198652 9346.2581715644 3934.72477867747 4690.00536962333 0.984490248229252 -0.00983414442958807 630.870586828028 1666.03880469892 180.165694170711 -1.49927684300681 82.6937921358337 84.6110686132444
4537500 18063.4525288689 9415.11765884409 3986.20649425438 4662.12837577043 0.991743578115983 0.000158156178865933 843.566783563356 492.184181993019 -1375.53291923048 -1.44621884552078 82.6937921358337 84.4937401628277
4539000 18072.151870518 9478.38854912243 3934.23290134079 4659.53042005483 0.998408231855736 0.00984409040706728 325.652319482049 -537.654428841528 -2264.12967897805 -1.33332422662333 82.6937921358337 84.4933935451476
4540500 17961.5291596295 9376.212478031 3967.54217167461 4617.77450992392 0.987645491971454 0.0039042919320839 -745.367495480203 454.643101233951 -691.671748936574 -1.35795356855389 82.695529375887 84.5200670728786
4542000 18012.8002094365 9400.79995884557 3980.05282128311 4631.94742930779 0.990235419902625 -0.0158914268451837 1575.21408094575 2227.40854350709 191.37007516888 -1.57251415689733 82.6003789805914 84.5200670728786
4543500 18209.5704684162 9523.76083622771 4048.31343292953 4637.49619925898 1.0031875321249 -0.0106234606652553 1574.03728740235 696.136945754452 396.893022310302 -1.53089269195127 82.5098161555333 84.5200670728786
4545000 18265.2748047215 9596.49446340887 3986.52212517891 4682.25821613372 1.01084894542675 0.00584735064764574 69.7722256897558 -532.049969539498 -998.228853404173 -1.37209652165545 82.0884492412932 84.5200670728786
4546500 17961.6590791499 9377.83432977845 3943.28118673987 4640.54356263162 0.987816330097272 -0.00536093828751533 1098.23060527762 1257.07894701223 -1021.11524512867 -1.45080677469116 81.7929630980061 84.5200670728786
4548000 18373.236950516 9731.50709107917 4012.77720371632 4628.95265572051 1.02507053152991 0.0109448198757192 -650.604287551642 -195.243807153731 -1877.55588315707 -1.34242453508691 81.7788718495998 84.5200670728786
4549500 18138.6100893196 9561.71953490476 3946.84735914619 4630.04319526867 1.00718592035653 0.0109415977208063 -1097.46409865037 -754.269124916414 -868.101850067444 -1.28062610770531 81.695755371815 84.5200670728786
4551000 18226.6290371998 9600.04734639745 4049.10571737276 4577.47597342956 1.01122318917127 -0.00268990945697608 1592.79678635262 -107.743462101101 -817.922753443086 -1.43905417106063 81.7181060132119 84.3048164947545
4552500 18248.6802307572 9428.76890694376 4086.18916551427 4733.72215829921 0.993181535465714 0.00209846051960765 -86.4589507986382 698.981059334394 -1132.46598890867 -1.40630047870221 81.7181060132119 84.2238083505182
4554000 18234.3192731694 9476.11348353015 4105.58461868976 4652.62117094949 0.998168587299747 0.00122329085275848 1646.70238391789 -217.659667057608 -1731.62600876925 -1.42243600854638 81.7181060132119 84.0803327901297
4555500 18159.8497970069 9658.52517631977 3934.6326618311 4566.69195885602 1.01738296479905 0.0192597725674597 -445.816737150522 -760.762385892361 -3554.3463255865 -1.26223139446524 81.7181060132119 84.0271112659863
4557000 18136.8224762478 9618.02145053194 3982.10652919932 4536.69449651658 1.01311649555295 0.0155223721462908 -1204.1026718932 -1395.60707028134 -1233.82306479154 -1.26227931126557 81.7181060132119 83.949922534087
4558500 18488.1415932674 9685.29246211004 4143.48907130281 4659.36005985457 1.02020250298731 0.0101241396403985 604.838603937935 -1372.69777060932 -1731.11548827242 -1.37325718241564 81.7181060132119 83.9040513788894
4560000 18192.5457201126 9616.00368322134 3966.33141561357 4610.21062127769 1.01290395357048 -0.00658375319892567 1777.23979345599 465.857578619319 -620.310918041265 -1.49278836748245 81.7181060132119 83.785147449321
4560000 18192.5329342879 9616.00368322134 3966.31829430718 4610.21095675942 1.01290395357048 -0.00656760356045839 1776.43800001606 463.360429160282 -620.995653938824 -1.49262980449781 81.7181060132119 83.7849890938061
4561500 18182.1061250338 9529.45973655176 4050.01198739378 4602.63440108827 1.00378782709767 0.0098889203313851 74.109424494023 -1587.23161453279 -922.807192741158 -1.31022363170939 81.6670931637314 83.7849890938061
4563000 18085.7089782094 9397.16375124481 4000.76062851432 4687.78459845025 0.989852399140971 9.17781948931039e-05 572.730778664327 532.785964169583 -1128.02802903619 -1.41366223851605 81.3190094053323 83.7849890938061
4564500 18070.9880981316 9495.6309836181 3951.92614995956 4623.43096455395 1.00022446764819 0.0161671618499643 -939.87812003333 -696.781869865229 -2325.82046940979 -1.26584655197977 81.2577194172992 83.7849890938061
4566000 18103.7872262774 9502.89006995211 3956.07111326896 4644.82604305637 1.00098910517218 0.0125393995693629 -694.569334365355 -1065.58985271564 -1313.97560796246 -1.28635516230426 81.2788306629957 83.7849890938061
4567500 17984.0063621573 9444.61124347368 3929.50617490649 4609.88894377709 0.99485029161781 0.00375944833013087 189.83214286508 -604.135217449999 -507.625244065461 -1.3884641254899 81.3025780148315 83.7849890938061
4569000 18185.3574727966 9471.08739571152 4072.28779994858 4641.98227713648 0.997639163186551 0.0101292179245934 -422.539290588076 -1004.77179233814 -1053.74810043021 -1.32065559509947 81.2068175401382 83.7849890938061
4570500 18017.9636937656 9509.15511758837 3935.31277109055 4573.49580508672 1.00164903540194 0.00024769156595969 -0.151136253314978 125.043319629225 -185.60114684122 -1.41599237389061 81.2236054846874 83.8217713957517
4572000 18276.7787179003 9453.37045748636 4081.61692152199 4741.7913388919 0.995772945434915 0.00247280589066544 652.833662702127 208.676867906887 -1466.83448202504 -1.42890171930744 81.2236054846874 83.7168863170662
4573500 18178.5849509725 9406.67476985983 4117.47476427271 4654.43541683991 0.990854244468303 0.0114409257437785 -1475.68926536031 370.741184455758 -1688.58960511391 -1.30907274435924 81.2236054846874 83.5042545077664
4575000 18237.935346306 9482.19431736099 4124.33025313364 4631.41077581136 0.998809113326064 0.00531827781769951 271.737200002172 488.26751551485 -2059.29811747143 -1.38586898771444 81.2236054846874 83.5509607368379
4576500 18105.0805796364 9531.1566759678 3975.81690486361 4598.10699880497 1.00396657460028 0.0188965334065349 -844.040372445469 -1850.76640266868 -1913.3174439558 -1.21368392714868 81.2236054846874 83.3983145012403
4578000 17842.8772725872 9341.23482201469 3862.71085961339 4638.93159095916 0.98396111255224 0.00284969376150646 887.522683534905 498.448718057273 -2083.08960706622 -1.34444191655162 81.2236054846874 83.6610803432308
4579500 18147.2803050787 9568.64105503019 4041.12780265146 4537.51144739708 1.00791500026652 0.0122645039984925 -409.632930736618 -780.352478061573 -1812.40725416649 -1.31578047608146 81.2236054846874 83.7206779413701
4581000 18117.7933747842 9475.81182679772 3956.08511376428 4685.89643422216 0.998136812218647 0.00673361564860733 -370.354761153163 -95.5507592126344 -1181.25980393071 -1.33887701701274 81.1904000487916 83.6915643165129
4582500 18446.854695468 9617.99765783162 4137.90541652044 4690.95162111597 1.01311398934341 0.00168564000139637 318.521765447105 508.492675549359 -1239.07923342787 -1.43345467685519 81.1365419494727 83.6915643165129
4584000 18093.1622080311 9577.10227323929 3892.71791294819 4623.34202184358 1.0088062646273 0.000313384970795054 -39.4690400850266 1077.8238416869 -1114.98394284219 -1.41012733514864 81.1580507064836 83.6915643165129
4585500 18362.9513858723 9577.70407082238 4082.51567983713 4702.73163521278 1.00886965511375 0.00171917944494491 -171.582674799511 902.423259530376 -1150.47128957666 -1.41656617472663 81.0143332782771 83.6915643165129
4587000 18065.5103715331 9524.85919934493 3952.62943908461 4588.02173310356 1.00330322845578 0.00590834508133713 42.0532189698993 -410.318242727147 -1073.96491994254 -1.3667096085896 81.0185505440977 83.6915643165129
4588500 18205.0127204776 9606.13059771394 3976.27384155677 4622.60828120694 1.01186396984399 0.000417184037554488 -15.5957191184177 1723.96188927285 -1810.2138403321 -1.41111104875199 81.028766833643 83.6915643165129
4590000 17831.1205280763 9386.57258545657 3852.38138539676 4592.16655722295 0.988736776263398 0.00971876872994138 67.3529430763887 -851.928954983735 -1584.76784851906 -1.30950253881153 80.9156747508492 83.6915643165129
4590000 17831.1187706002 9386.57258545658 3852.37961572452 4592.16656941908 0.988736776263399 0.00972116235639381 66.9901614791581 -852.05279012251 -1584.86412051535 -1.30947933176052 80.9156523959605 83.6915643165129
4591500 18293.9934743676 9695.67904803605 3961.64511310107 4636.6693132305 1.02129657639817 0.0188239749572843 -1313.94428868252 -1523.72749845363 -1735.77644624867 -1.27211617480939 80.9156523959605 83.4060185816585
4593000 18046.802977198 9315.35483860153 4086.88599767217 4644.56214092435 0.981235038563389 0.00839678865254832 -757.59729567166 336.536144613101 -1618.52449641356 -1.34388153214444 80.9156523959605 83.3861042350921
4594500 18117.2531529989 9515.04704481379 3967.55479615304 4634.65131203203 1.00226966290765 0.00821679749911019 516.574358593566 -840.751385928524 -1674.56038313189 -1.32991187521754 80.9156523959605 83.5060836908915
4596000 18152.4311990408 9518.97798027362 3950.81333600529 4682.63988276191 1.00268372889594 0.00275191271897558 919.324649950327 -1192.28837810596 -397.16946241766 -1.37491419333887 80.9156523959605 83.5971423681268
4597500 18248.6764619377 9459.36498375741 4062.44060311282 4726.87087506752 0.996404380234625 0.00817545226347889 -450.139902252677 -737.119173059589 -804.228770828121 -1.37910262287224 80.9156523959605 83.6239797931471
4599000 18062.1277928649 9424.20628436955 4010.79028715842 4627.13122133693 0.992700930570343 -2.71801995209453e-05 -928.998726686141 1251.2741028758 -315.662264209311 -1.38260211496527 80.9156523959605 83.5253290952573
4600500 18046.9791939618 9373.40697551312 4019.74115261509 4653.83106583361 0.987349973720242 0.00273048011503321 213.826853510519 -478.84598432895 -399.564877579012 -1.37263940473336 80.9156523959605 83.5556511291608
4602000 18349.3455806373 9734.77927145611 3984.89825932776 4629.66804985339 1.02541520740044 0.00460224259918102 1088.91778059755 357.525511659606 -2566.60410842338 -1.38337606830129 80.9156523959605 83.5556511291608
4603500 18173.7040545919 9525.35085546919 4034.3480040493 4614.00519507342 1.0033550171664 0.0189105450649563 -1881.46103173973 -1261.16563034862 -1460.09714866435 -1.26261459722138 80.9156523959605 83.5556511291608
4605000 17959.4460339353 9491.56117653662 3886.1085098991 4581.77634749957 0.999795773585782 0.00754322677990108 1396.11232678399 -2009.03023072675 -1223.06246523759 -1.33295600064891 80.9156523959605 83.5556511291608
4606500 18008.1377766191 9443.50557799785 3940.47936548526 4624.15283313598 0.994733826091309 -0.00179323482757525 -982.319426705538 1641.3265722714 -222.543542279976 -1.40458589878706 80.9156523959605 83.5556511291608
4608000 18011.6922391434 9407.05717739583 4056.24245893426 4548.39260281327 0.990894525453819 0.000827357472337253 1473.26222348724 -339.002322966472 -1335.63420913271 -1.42029906172647 80.9156523959605 83.5556511291608
4609500 18122.5539514985 9450.72287263838 4020.02278188195 4651.80829697822 0.995494061477683 -0.0131114233584237 1204.21467330173 1950.89865588666 36.1358007222056 -1.49880639554937 80.9156523959605 83.5556511291608
4611000 18382.265210989 9612.15382462849 4151.73896384375 4618.37242251674 1.01249842783257 0.00188152285742378 379.975146791994 573.708933986669 -1411.63651031434 -1.43823741968067 80.9156523959605 83.5556511291608
4612500 18180.3081059496 9551.2216385568 4031.12448423682 4597.96198315599 1.00608012203685 0.0145781632266913 -1385.03668902276 -1397.42827522089 -765.780671725677 -1.30240317497533 80.9156523959605 83.5556511291608
4614000 17937.2998989833 9341.12923204803 3948.49840066376 4647.67226627148 0.983949990208883 -0.0123871099375216 306.474705749803 2385.40654079976 323.073936392234 -1.54009759314829 80.9156523959605 83.5556511291608
4615500 17881.4933278778 9320.53395772229 3943.16564803165 4617.79372212385 0.981780582263896 -0.00582978023772163 913.718996566265 587.424237501817 -82.2064334921371 -1.45957203315964 80.9156523959605 83.5556511291608
4617000 17921.7674036687 9298.5170723711 4068.12324668419 4555.12708461344 0.979461428595471 -0.00360537626592558 663.717981459179 1264.82929910717 -1051.0183077685 -1.43808635325203 80.9156523959605 83.5556511291608
4618500 18129.4351942435 9512.42502816687 3992.55900760938 4624.4511584673 1.00199347218274 0.00538769993336471 1475.35898804039 750.70775052111 -3537.40359761603 -1.35775609584167 80.9156523959605 83.5556511291608
4620000 18193.5666839375 9450.51911631616 4099.68056708054 4643.36700054079 0.995472598758747 -0.0161352043174211 2793.93218168982 2002.9595077011 -869.670720981113 -1.5593293699745 80.9156523959605 83.5556511291608
4621500 17942.8162709945 9307.62527834461 4023.67416303736 4611.51682961251 0.980420843560817 -0.000509856135204348 734.302855131153 -214.211412605899 -395.995232421259 -1.45168929904866 80.9156523959605 83.5556511291608
4623000 17988.1507432211 9371.16962444728 3993.46105708801 4623.52006168581 0.987114301832546 -0.0106534891798974 969.3864069151 364.48011131867 1259.13480179577 -1.52046511661491 80.9156523959605 83.5556511291608
4624500 18051.1194446645 9400.96754370659 4013.31607392642 4636.83582703144 0.990253072492399 -0.000558542847854353 780.121745055716 1475.68487038384 -2119.86032429275 -1.40774641619364 80.9156523959605 83.5556511291608
4626000 18197.4830755772 9465.6535168949 4144.55945922082 4587.27009946152 0.997066784315047 -0.00811281368649548 1530.42975249753 1248.65588440197 -804.470912745806 -1.5127422855297 80.9156523959605 83.5556511291608
4627500 18087.476394402 9428.96694154446 4093.31714777859 4565.19230507891 0.993202395485802 0.00469872033979027 46.8542412950417 -160.444561415273 -1030.05265334952 -1.37023243832657 80.9156523959605 83.5556511291608
4629000 18115.3006330273 9538.09390776389 4024.05203541305 4553.15468985032 1.0046973095027 0.0129754559087947 -1360.62917616289 -1420.06418198315 -377.462034077772 -1.30335678332698 80.9156523959605 83.5556511291608
4630500 18365.8287058416 9597.52273885955 4065.76272285376 4702.54324412832 1.0109572590572 -0.0112198004954951 1229.06619252042 1071.44539020778 430.326831242842 -1.5345468667277 80.9156523959605 83.5556511291608
4632000 18033.5387628397 9451.31706898084 4013.82910106476 4568.3925927941 0.995556651285705 0.00860855210685724 -931.635056421398 1241.74160536676 -2405.38130819931 -1.34048138796623 80.9156523959605 83.5556511291608
4633500 17997.1816234269 9433.0343592856 3988.84472336016 4575.30254078118 0.993630837866498 0.012298608513165 -238.664157800944 -278.287020909625 -2476.46323891881 -1.3385856194307 80.9156523959605 83.5556511291608
4635000 17939.1073461999 9443.99868080475 3941.09229465459 4554.01637074051 0.994785767188577 0.00506040129389491 -302.058378294657 -708.43961295699 -221.176159195581 -1.34995196959116 80.9156523959605 83.5556511291608
4636500 18200.7213706773 9503.76227180126 4048.1278231031 4648.83127577293 1.00108097875402 0.0112358477863561 -859.612220685219 -397.022223034313 -1478.10979356267 -1.33260835595514 80.9156523959605 83.5556511291608
4638000 17961.4317001667 9403.42160338766 4013.13075018915 4544.87934658991 0.990511571431786 -0.000811739084551825 273.319328131435 822.409686744843 -898.156136899922 -1.457892608247 80.9156523959605 83.5556511291608
4639500 18105.1983695916 9600.63166746954 3988.04001245121 4516.52668967089 1.01128473876542 -0.00877362569637331 675.935656857879 2936.27819391515 -1476.76107769769 -1.52245116373513 80.9156523959605 83.5556511291608
4641000 18285.2448654001 9530.98898545925 4074.53958274832 4679.71629719256 1.0039489108821 0.00420897683044626 -781.357329149218 123.013693174497 -366.098431128966 -1.38247810734733 80.9156523959605 83.5556511291608
4642500 17984.8496825572 9399.44392328485 4042.26819516728 4543.13756410509 0.990092581585806 -0.00294365731588981 710.179993608784 1561.4218351818 -1555.13164921608 -1.43224927500926 80.9156523959605 83.5556511291608
4644000 18046.3148293911 9534.46470500475 3957.1850560137 4554.66506837267 1.00431502659765 0.0129798927753646 -1860.58587445139 -698.592476634706 -600.056950327841 -1.28803096279426 80.9156523959605 83.5556511291608
4645500 18049.3006211808 9400.47038831862 3976.43813038264 4672.39210247959 0.990200704515576 -0.0215482444386516 1689.35455249037 1910.3467218144 1645.02421705612 -1.62949222992929 80.9156523959605 83.5556511291608
4647000 18091.8762540083 9509.73941074135 3956.0117320634 4626.12511120354 1.00171058205523 -0.0105383449913859 876.398073399356 1635.22516437371 53.3526130638988 -1.49295568939748 80.9156523959605 83.5556511291608
4648500 17997.3818023301 9459.7227872799 3978.71929248064 4558.93972256961 0.996442069550734 -0.0160544328219987 2141.75916679624 1873.39834807636 -107.595889117075 -1.55948427306716 80.9156523959605 83.5556511291608
4650000 18012.3548249771 9406.25948306985 4011.14612818617 4594.94921372113 0.990810500139026 0.00744207970916203 256.474673467098 -843.336888329752 -1224.49950745793 -1.36632895975638 80.9156523959605 83.5556511291608
4651500 17888.6970568408 9409.04282272376 3927.44450196731 4552.20973214975 0.991103683859879 -0.0135073243482618 814.968261096483 2184.34745896546 288.29355739425 -1.54316583299084 80.9156523959605 83.5556511291608
4653000 18050.0238019409 9546.52270235549 3851.44814827374 4652.05295131163 1.0055851585143 0.00194585526325297 -172.043419514732 -531.124602689735 229.557435006198 -1.3837907108159 80.9156523959605 83.5556511291608
4654500 17976.4838070931 9513.64103710696 3933.83159488173 4529.01117510444 1.00212156076336 0.0155666703183759 -76.3793586631186 -1109.74811214844 -2602.71541459542 -1.27213842810382 80.9156523959605 83.5556511291608
4656000 18177.9517254933 9552.97742330023 4043.08460173121 4581.88970046188 1.00626506802552 0.00271139611065832 738.202337103326 -497.44956922943 -900.69183340809 -1.40526442923989 80.9156523959605 83.5556511291608
4657500 18167.3911032551 9617.87431688608 4009.27533342753 4540.24145294144 1.01310099719662 0.000749997293209118 643.938085888581 -531.504806399857 -294.978541277675 -1.4478161540393 80.9156523959605 83.5556511291608
4659000 17859.2493220952 9334.07476620635 4001.81769657593 4523.35685931287 0.983206906431384 0.00280820721732705 617.777083926759 -243.289352298735 -1057.99009395132 -1.40739119441581 80.9156523959605 83.5556511291608
4660500 18028.6543940277 9419.51958319456 3992.52595495943 4616.60885587368 0.992207255827099 -0.00811412150265983 1347.50777324187 1440.80965975367 -813.384393500967 -1.50761949090277 80.9156523959605 83.5556511291608
4662000 17936.3198734599 9391.06128646186 3957.97794131126 4587.28064568676 0.989209594613352 0.00246405160378137 12.4855610093996 343.32259184312 -955.544910766739 -1.37542694835342 80.9156523959605 83.5556511291608
4663500 18092.0604456262 9364.80334173187 4101.15529856387 4626.10180533043 0.9864437079825 -0.00192869376740377 1796.92608558132 -403.252274318083 -924.240238810069 -1.4589317354268 80.9156523959605 83.5556511291608
4665000 18235.9931788158 9586.25971736808 4087.46082865854 4562.2726327892 1.00977086610503 -0.00913051404954844 2066.48100034118 158.428102376853 -2.59164566347667 -1.54773105415216 80.9156523959605 83.5556511291608
4666500 18359.3913020739 9679.2319474338 4164.61497652117 4515.54437811897 1.0195641172838 0.00892570479342481 -1313.24238321769 151.55335304269 -1010.77896793557 -1.37238347333134 80.9156523959605 83.5556511291608
4668000 18057.0079822976 9475.58930967472 3977.74024882934 4603.67842379351 0.998113373326457 0.00656129579164503 -182.454041618018 -204.9029263413 -1209.62673958922 -1.35970735493904 80.9156523959605 83.5556511291608
4669500 18095.436998414 9472.41121690942 4052.93088942531 4570.09489207923 0.997778608196073 -0.00149380780935138 416.155598307472 951.738059688513 -1004.30896230517 -1.43836387074735 80.9156523959605 83.5556511291608
4671000 18267.7761537364 9628.05305469776 4034.69291541871 4605.03018361993 1.01417317687868 0.00500881154842581 -797.660610068227 1809.13727680972 -2230.59415374793 -1.38379034662716 80.9156523959605 83.5556511291608
4672500 18080.6148851284 9487.16065188814 4034.9785864862 4558.47564675409 0.999332243312597 -0.0046162989211605 -736.607280301974 1659.29186665967 200.897462123421 -1.48588567453689 80.9156523959605 83.5556511291608
4674000 18213.2807568748 9438.81937861185 4164.74434636588 4609.71703189706 0.994240204204124 0.000207558228470105 754.357767777502 446.939738549087 -1251.81605018748 -1.42628342932568 80.9156523959605 83.5556511291608
4675500 18159.9011681223 9476.33210284333 4007.23560550116 4676.33345977784 0.998191615615245 0.00595174872487561 -551.110449489206 149.818509462883 -1047.33132691307 -1.41334081248702 80.9156523959605 83.5556511291608
4677000 18028.9590010001 9601.1705641018 3921.00357644482 4506.78486045351 1.01134150356579 0.00556041119644655 -47.1854465515694 -559.315042428601 -746.873352098948 -1.40158895266495 80.9156523959605 83.5556511291608
4678500 17925.7815397687 9407.72739254418 3967.50091218115 4550.55323504334 0.990965122720196 0.00193080128715111 36.7685062970039 -54.3883992581569 -452.32663833536 -1.3851957520066 80.9156523959605 83.5556511291608
4680000 18053.2591003325 9478.71492393577 4073.92242320201 4500.6217531947 0.998442610621559 -0.000417305433008792 24.823534703555 1000.82217706564 -924.075839178596 -1.42735753293708 80.9156523959605 83.5556511291608
4681500 18075.1819599103 9495.7277776775 4002.3930137665 4577.06116846635 1.00023466347264 -0.00204992694820862 591.010683894966 -373.278501490917 281.208886846701 -1.45131642740314 80.9156523959605 83.5556511291608
4683000 17871.0429353863 9384.34204202674 3930.17135418137 4556.52953917817 0.988501821459602 0.00202564056574773 921.417281632475 157.362447387297 -1571.80962487777 -1.36199535423255 80.9156523959605 83.5556511291608
4684500 18280.0899642628 9721.47131280936 4031.66799292279 4526.95065853064 1.02401341052398 0.000864702023639653 448.916979586991 -847.204551625084 187.823802763248 -1.43286092927393 80.9156523959605 83.5556511291608
4686000 17858.0610794091 9303.6186648748 3992.43227927925 4562.01013525507 0.979998806011988 0.000545281854369862 110.034895295241 377.2074900401 -619.961022797138 -1.42395432492094 80.9156523959605 83.5556511291608
4687500 17919.7976244595 9297.35843589571 4049.07026589522 4573.36892266861 0.979339383356582 -0.0107674534693882 1074.47422626551 1769.43815660018 -223.17277464757 -1.48877678921284 80.9156523959605 83.5556511291608
4689000 18064.9005180816 9435.08127997717 4058.37234572128 4571.44689238317 0.993846450727042 0.000577183690939144 629.955666452781 -16.3877652983633 -754.051272116901 -1.45352810124617 80.9156523959605 83.5556511291608
4690500 18101.1660712666 9397.47451150029 4126.37776388715 4577.31379587916 0.98988513314376 -0.0102588384239904 862.658846736966 1215.08751081921 419.199115066259 -1.5761751360875 80.9156523959605 83.5556511291608
4692000 18361.106300872 9701.20047102642 4154.62252491169 4505.28330493385 1.0218781767553 -0.00122080353368555 459.358419116805 -252.9644845013 90.743005300584 -1.49995556306605 80.9156523959605 83.5556511291608
4693500 18123.7884631399 9502.17371155478 4065.99043517944 4555.62431640568 1.00091364739609 -0.0188120106516695 1746.48466638212 2068.05310741386 764.203296710146 -1.59692344824871 80.9156523959605 83.5556511291608
4695000 18083.77460187 9505.71637493905 4002.21663956161 4575.84158736934 1.00128681465624 0.00163024555144821 -173.701728468187 652.016997396672 -875.108168934847 -1.42428591633898 80.9156523959605 83.5556511291608
4696500 18188.2098993372 9616.74326094088 4003.36768241057 4568.09895598571 1.0129818571592 0.000669443995018937 -517.975933450763 580.77965430314 -225.742748006596 -1.4361941595628 80.9156523959605 83.5556511291608
4698000 18158.2486887266 9618.40186912925 4009.00041679501 4530.84640280237 1.01315656703315 -0.000908399462878795 716.814684616062 1148.83001263525 -1644.54520894433 -1.46625549460076 80.9156523959605 83.5556511291608
4699500 18096.9530043772 9395.44041929978 4014.01398068341 4687.49860439406 0.989670871575265 -0.0259345619282937 3337.92443375685 940.394056817326 2034.01281974891 -1.66617754911867 80.9156523959605 83.5556511291608
