step etot ke peBond peAngle temp press stressX stressY stressZ AvBondForce boxX boxY
1510000 18446.6119079891 9466.06008210067 4134.46125446556 4846.09057142285 0.99710960995425 0.0191502595639103 -1157.96491286222 -263.061409444954 -523.921891176079 -1.39725023526306 51.031036 51.031036
1511000 18458.6768613392 9552.60464291923 4112.2321279076 4793.84009051236 1.00622580111858 0.0146280877364668 -423.48631585141 -497.71651993185 -564.462307019091 -1.42897607655574 51.031036 51.031036
1512000 18404.5689036447 9444.1918986707 4071.66425387386 4888.71275110017 0.994806119836805 -0.0311720178155468 812.477604447799 1725.64320584278 627.787210887048 -1.58437020575506 51.031036 51.031036
1513000 18207.3388819294 9391.41697725831 4011.60607488187 4804.31582978918 0.989247061384981 0.00580664863432089 1150.94919844515 -1210.18544371331 -530.501499536712 -1.41373668821074 51.031036 51.031036
1514000 18457.5973331134 9455.80187386967 4222.71296301032 4779.08249623335 0.996029059237339 0.0126119689146834 1671.09259916172 -1567.77912357701 -1384.21655302123 -1.40877658639023 51.031036 51.031036
1515000 18101.3160126039 9266.86875566286 4032.39299939541 4802.05425754565 0.976127745895914 0.00304401718185228 293.4923170898 1334.73136187683 -1937.38167026682 -1.41861795356034 51.031036 51.031036
1516000 18265.0139673292 9392.57390190584 4048.05731207706 4824.38275334632 0.989368926308089 0.00342247343888382 -216.18681230023 169.246236542541 -300.654378683284 -1.42499165002462 51.031036 51.031036
1517000 18613.8641595754 9636.08899075268 4058.74253617274 4919.03263264997 1.01501964404621 -0.014713267851476 1582.59162117707 1194.35496812768 -1282.63034117623 -1.51443428176967 51.031036 51.031036
1518000 18483.3927539326 9488.76303218047 4054.13305573445 4940.4966660177 0.999501030408223 0.0196703063034124 -912.978568415598 -154.187588224111 -930.599303186745 -1.37154476067612 51.031036 51.031036
1519000 18386.9472936659 9464.52150046952 4063.17378668903 4859.25200650739 0.996947543105232 0.00968742617145683 -439.767274193423 530.800845333416 -1074.9127798027 -1.3990945940245 51.031036 51.031036
1520000 18454.0600858052 9487.36998949142 4059.129815305 4907.56028100877 0.999354293937054 -0.00782765460550235 816.781151598518 823.046000388344 -844.830990711485 -1.47409440093674 51.031036 51.031036
1521000 18298.4777801492 9460.0708089875 4060.37218510266 4778.03478605908 0.99647872849713 0.0291971456097928 -2075.84421323853 -165.513410163252 -723.977441800006 -1.29795502292118 51.031036 51.031036
1522000 18429.8908036842 9492.84057789556 4143.24996450923 4793.80026127942 0.999930539621379 0.00794150564046681 -207.431201075695 -284.820413871405 -314.307541927308 -1.41866212526635 51.031036 51.031036
1523000 18474.4114654806 9494.95393041937 4195.18648879244 4784.27104626877 1.00015315009421 0.0117912286689952 -391.826530641914 -628.420726849308 -177.299389748674 -1.44059717338173 51.031036 51.031036
1524000 18420.1316746053 9521.75554728809 4085.97164545129 4812.40448186593 1.00297630455449 -0.0374195843699854 1353.64910549617 2024.12756885993 422.649817347773 -1.60679337779306 51.031036 51.031036
1525000 18645.6248261201 9618.05567477167 4148.44682581987 4879.12232552854 1.01312010057109 0.000129570040932037 185.934200536341 572.677719374583 -771.771377034215 -1.47512282329574 51.031036 51.031036
1526000 18502.8949413438 9559.74794707909 4103.67682311894 4839.47017114582 1.0069782427007 0.00543719581151281 -32.6502888701279 678.600668169549 -1198.16557224073 -1.44431928165449 51.031036 51.031036
1527000 18439.3353521627 9328.63189954246 4205.09027171005 4905.61318091024 0.982633580822927 -0.00944560788183309 135.965513466362 1037.991527405 -214.637501952041 -1.46610187825022 51.031036 51.031036
1528000 18681.9666256678 9621.54827360091 4001.59943280269 5058.8189192642 1.01348799426986 -0.0109333316023228 1546.3620742277 481.648787974684 -917.594384744669 -1.4881196304086 51.031036 51.031036
1529000 18551.9704597896 9473.02011920119 4169.37892264867 4909.57141793974 0.997842747058639 -0.0119465447133912 -441.169919232724 1632.66216214771 21.8286898935605 -1.51966354758472 51.031036 51.031036
1530000 18455.0463877936 9589.0479275686 4089.18556642918 4776.81289379582 1.01006456286602 -0.00898579979749619 1634.62544555154 289.23607372605 -1011.24123836007 -1.49173081084196 51.031036 51.031036
1531000 18311.3391691761 9336.11501289103 4091.37210188967 4883.85205439545 0.983421816283882 -0.023312185547757 1843.98635294636 31.1156407936515 492.541822375649 -1.55929724755881 51.031036 51.031036
1532000 18358.3139374631 9449.73635609843 4023.67546342024 4884.9021179444 0.995390146531672 -0.0112357016195655 1424.60139064517 1090.53001677216 -1374.00547545412 -1.45931016926018 51.031036 51.031036
1533000 18499.4471150003 9453.8963942897 4123.73023969321 4921.82048101744 0.995828345108727 -0.0449086969969138 2476.61063231419 1567.45490606064 516.973945320495 -1.65103685961973 51.031036 51.031036
1534000 18318.8562288011 9399.49191635832 4075.35792656485 4844.00638587794 0.990097636947208 0.0150000174550952 -1245.14009454635 469.632549648219 -747.931709496492 -1.36181471815758 51.031036 51.031036
1535000 18519.6270255214 9475.52283814639 4106.01973626703 4938.084451108 0.998106371532774 -0.0191154333221425 795.741866573456 1373.76800416453 -228.098697391539 -1.53649403211595 51.031036 51.031036
1536000 18600.6780376983 9482.66310132227 4135.32371786221 4982.69121851381 0.998858492792149 -0.00638370080873342 504.706745476919 -649.658290000798 793.296150085082 -1.45845759046184 51.031036 51.031036
1537000 18583.6524740582 9604.65797269378 4040.57018293284 4938.42431843154 1.01170885054972 0.0549494002983588 -82.9753803878203 -2945.42505059009 -2552.39796946163 -1.24122828776046 51.031036 51.031036
1538000 18667.7754509944 9712.62393418339 4049.48118449373 4905.67033231727 1.02308146986711 0.0354811882232423 -230.608399013106 -1116.91573634284 -2256.03400007064 -1.29958616927147 51.031036 51.031036
1539000 18400.5677423707 9459.11661103418 4095.99136387108 4845.45976746549 0.996378217836855 -0.0639940331456403 1848.33365150886 2834.53235269303 1816.52790870185 -1.70772963601915 51.031036 51.031036
1540000 18388.618538767 9435.73959009894 4072.32175516532 4880.5571935027 0.993915793974714 -0.0135866136813901 421.078654716956 44.7467285298062 914.065052113538 -1.50107351913299 51.031036 51.031036
1541000 18563.0598244146 9430.3892520577 4161.9796990274 4970.69087332952 0.993352214889946 -0.0199431629108462 362.068612487972 1137.83277176236 525.576074434156 -1.53261862082025 51.031036 51.031036
1542000 18487.5293961001 9509.77038832428 4136.6372695275 4841.12173824829 1.00171384508604 -0.00263930354800097 -359.979339580416 -23.788546691207 651.822149629923 -1.4684860574746 51.031036 51.031036
1543000 18466.3670309175 9540.49741356531 4101.58019313475 4824.28942421747 1.00495048333758 0.0461872592277992 -1868.00942037204 -1855.16519282369 -967.718845506606 -1.28082565978965 51.031036 51.031036
1544000 18433.191305088 9405.59122581824 4214.07890685935 4813.5211724104 0.990740109108152 0.00384007728740029 -254.831578053027 529.999458784705 -665.175725525724 -1.45160170665307 51.031036 51.031036
1545000 18217.1929865335 9313.10047036431 4042.36851896819 4861.72399720095 0.980997574168043 -0.0231615091304757 1379.04809448879 909.745324959512 63.5473232219434 -1.50847859194427 51.031036 51.031036
1546000 18426.9884899756 9513.65181403111 4102.38940942804 4810.94726651647 1.00212269595314 0.0171529036676505 273.987241281542 -452.429918401189 -1563.64908059835 -1.36878312408393 51.031036 51.031036
1547000 18235.4774292493 9401.6101252764 4086.18360516284 4747.6836988101 0.990320758969442 0.00741528516551812 781.495913755248 -284.896071657025 -1249.71473263066 -1.43451752636906 51.031036 51.031036
1548000 18407.2699693542 9467.85827563298 4108.28895975375 4831.12273396748 0.997299023082423 0.00972395799501342 1471.2418439926 -908.88490066397 -1549.94641527661 -1.41012979880726 51.031036 51.031036
1549000 18564.9940527462 9498.04947842382 4142.70296168734 4924.24161263499 1.00047922035328 0.007215590214219 -435.201087463336 -131.164807466182 -166.467477356542 -1.45152319482344 51.031036 51.031036
1550000 18452.6266147989 9421.97899991428 4095.70523876654 4934.94237611804 0.992466319051381 0.000201938892002683 1000.67889494906 -267.852406509979 -753.335906910522 -1.43659448710073 51.031036 51.031036
1551000 18336.3870044863 9501.33533607425 4028.01406181261 4807.03760659941 1.00082533692255 0.00249452971649225 -172.230104675247 105.772072781346 -186.892639379211 -1.47247516931725 51.031036 51.031036
1552000 18530.5095680852 9572.17049136283 4083.34669948059 4874.99237724178 1.00828677425215 -0.0267468214867749 1576.65931654872 1553.16817627896 -413.353468366074 -1.54843272553079 51.031036 51.031036
1553000 18404.8751534891 9436.3751404572 4088.55424698454 4879.94576604737 0.993982739817475 -0.025968469577998 2070.73233629761 1902.70712276952 -1336.01679938662 -1.52754080537504 51.031036 51.031036
1554000 18493.7979640293 9496.07368233284 4140.22009942423 4857.50418227224 1.00027109941885 0.00735547664572832 212.408829498904 1872.21951652547 -2831.66893383912 -1.41840488186443 51.031036 51.031036
1555000 18489.908517904 9544.14993958936 4101.42530986006 4844.33326845459 1.00533522300409 -0.0117196134763496 362.348375372626 78.2077406735498 749.717113278594 -1.51377759660165 51.031036 51.031036
1556000 18363.4306891972 9396.52924794051 4088.65988400276 4878.24155725389 0.989785563589879 -0.0332525773948484 1624.80136371929 978.625432878847 773.788054301792 -1.52399642958939 51.031036 51.031036
1557000 18537.1979414955 9645.37145974206 4058.55163294057 4833.27484881292 1.0159974150463 0.0335687843309677 -651.387221017057 -1558.40161895694 -1199.54077748778 -1.30927569455021 51.031036 51.031036
1558000 18718.3799575911 9664.67766452884 4103.23706150381 4950.46523155843 1.01803103855573 0.0170155638987621 168.642450370253 -1039.52722981153 -857.258408167374 -1.40513592751088 51.031036 51.031036
1559000 18514.2938592117 9490.71404766941 4101.49501549007 4922.08479605218 0.999706541072251 0.00134262845863365 -67.8882131078697 1000.84091646013 -1069.31340453627 -1.41455693374892 51.031036 51.031036
1560000 18509.9930059099 9363.42527329437 4173.38613819159 4973.18159442399 0.986298548827552 0.00208509310320783 990.138211372103 -307.016152526803 -894.8893245837 -1.44692288991454 51.031036 51.031036
1561000 18347.4268518127 9323.01593666381 4134.04569696451 4890.3652181844 0.982042022084985 -0.042773128950634 1146.31932852635 2177.61197830804 1020.2145497788 -1.62949226480416 51.031036 51.031036
1562000 18541.7337709132 9456.0618243231 4121.62258463632 4964.04936195376 0.996056441177974 -0.0118222377503696 994.083936046543 123.713157908032 82.898913074499 -1.46913497396828 51.031036 51.031036
1563000 18539.2963496336 9556.09931109417 4149.90294583476 4833.29409270464 1.00659391279235 -0.00839525087007932 1592.45810410527 -156.733272004286 -583.082175900251 -1.47989063571753 51.031036 51.031036
1564000 18688.4646441261 9545.11568367813 4193.62189286691 4949.72706758108 1.00543694987919 0.031959778998799 -449.547693040466 -1023.02179385596 -1773.34552848971 -1.34604043110388 51.031036 51.031036
1565000 18449.0638491334 9386.12081336027 4102.33877616015 4960.60425961302 0.988689188746013 -0.0165444043017101 390.832963846221 1285.36633458687 4.09174317752686 -1.49132569292118 51.031036 51.031036
1566000 18519.7491513361 9489.31483290419 4222.23997602123 4808.19434241066 0.999559154464022 -0.000714983770425239 -221.415861669139 1444.97085321124 -1150.93945323479 -1.45851066878837 51.031036 51.031036
1567000 18563.2608497477 9617.44182794643 4052.98423748675 4892.83478431453 1.01305544087496 -0.00049276577469424 -35.4054950951551 884.848045657294 -799.396027173789 -1.45432472103982 51.031036 51.031036
1568000 18476.0700312424 9434.23481068635 4173.93846982885 4867.89675072715 0.993757287690141 0.0145295534528263 -363.034359034112 -100.905734753378 -1011.71766095343 -1.39770156946755 51.031036 51.031036
1569000 18485.3475828015 9545.55302464563 4033.25664107613 4906.53791707978 1.00548301729032 0.0383575804606296 -743.566006602326 -1171.2030203753 -1980.92269153245 -1.32639555236305 51.031036 51.031036
1570000 18560.1181579729 9579.83799865853 4094.71271992114 4885.56743939324 1.00909443289182 -0.0403305905381256 1806.79292057751 1714.34522235929 574.937409150231 -1.58754868910548 51.031036 51.031036
1571000 18649.9704322001 9687.04340522017 4061.7811723916 4901.14585458832 1.02038693898143 -0.0160847311495228 975.143219984783 434.989824738593 223.472442931713 -1.5499518786202 51.031036 51.031036
1572000 18569.7702431653 9581.12990233937 4094.45729587013 4894.18304495576 1.00923051586237 -0.0103264038018894 760.554884439644 663.754038323896 -375.533549293312 -1.48940229094469 51.031036 51.031036
1573000 18479.5795101684 9606.84728657477 3988.60323953482 4884.12898405878 1.01193946242953 0.00709227271739198 677.629005152255 -291.340532231588 -1106.59741208632 -1.40747431848964 51.031036 51.031036
1574000 18569.7043855673 9558.78555896642 4144.00480766724 4866.91401893368 1.00687686932811 -0.00100481710681827 54.148672101706 1026.84716433979 -978.944100262038 -1.4826689996636 51.031036 51.031036
1575000 18492.9903653606 9504.97701120723 4129.1351962237 4858.87815792971 1.00120893360797 0.0348305214006036 -711.962246785324 -721.501449216122 -2104.01109104855 -1.3060212269398 51.031036 51.031036
1576000 18621.9528335086 9524.35813963202 4236.83276671165 4860.76192716489 1.00325044921599 0.0116994019173533 -1529.17357658504 60.567793088418 280.38529060778 -1.40724783592801 51.031036 51.031036
1577000 18626.7154352331 9622.700991202 4063.7955850372 4940.21885899394 1.01360941604277 -0.0385799002497537 1039.18071371207 729.143824344063 2149.94653376437 -1.62383900300125 51.031036 51.031036
1578000 18341.225090573 9367.05449033393 4089.2034008226 4884.9671994165 0.986680833236839 -0.0173776225762772 1295.98778090853 997.70085619871 -528.773865507397 -1.51241699440865 51.031036 51.031036
1579000 18496.9304703388 9527.82665240879 4064.96383481372 4904.13998311626 1.0036158058049 0.00482184527974157 33.4826611717089 179.873132067978 -703.074448552328 -1.44124259405281 51.031036 51.031036
1580000 18582.4919885845 9423.72969879319 4297.20957980921 4861.5527099821 0.992650729319344 0.00776578989872728 -323.067609744767 -596.755487628349 131.110070303701 -1.43278170721333 51.031036 51.031036
1581000 18442.3821588133 9476.47742834545 4053.69523102067 4912.20949944721 0.998206923510344 -0.000984693771427952 -1457.99519010231 811.766992370978 746.236157684875 -1.4442949452029 51.031036 51.031036
1582000 18446.1960153005 9423.17308242454 4129.27502668959 4893.74790618641 0.992592098006482 0.0299167634916471 -685.87129129715 -341.368763195925 -2011.18120095232 -1.30625066098237 51.031036 51.031036
1583000 18726.3625636166 9597.06605515905 4194.78080410196 4934.51570435562 1.01090915417486 0.0476956840567133 -1072.14704902975 -1161.63092481291 -2610.3148796971 -1.2928464078468 51.031036 51.031036
1584000 18505.9434559795 9590.0018700492 4046.44186319036 4869.49972273989 1.01016504661602 -0.0114761773259471 460.627554957154 465.277835043961 239.643855596804 -1.48389024173921 51.031036 51.031036
1585000 18671.6517773342 9515.55427148871 4181.25990917863 4974.83759666685 1.0023230917458 0.00070361178102727 1164.46700334953 -1002.72138302829 -233.2061909693 -1.44308267023647 51.031036 51.031036
1586000 18398.445488354 9354.89249142411 4051.92622780793 4991.62676912195 0.985399746292106 0.0649658067637715 -2633.40899194486 -2525.1682851515 -1439.51239270745 -1.14415035458103 51.031036 51.031036
1587000 18598.3303311525 9592.6331360996 4062.19183198389 4943.50536306905 1.01044221162897 0.0160891678756623 -1077.20197976325 -638.81138360128 81.9572707162548 -1.39408525332286 51.031036 51.031036
1588000 18655.6746683391 9530.97184211155 4148.64674426151 4976.05608196608 1.00394710508364 0.0250171943899134 -509.25087674134 -1543.02625364736 -488.531644168241 -1.35626691034907 51.031036 51.031036
1589000 18463.9455114007 9501.69606445008 4081.8342574783 4880.41518947236 1.00086333432876 -0.0267825468095404 2527.24469824182 -798.058086463852 990.915765733228 -1.53397126668724 51.031036 51.031036
1590000 18466.6706662585 9474.73706155768 4126.90224365114 4865.03136104965 0.998023601575571 0.0234198460033172 -814.594685814208 88.67737972174 -1652.66077490901 -1.36254001718824 51.031036 51.031036
1591000 18356.3607914064 9266.95403172678 4081.35595017421 5008.05080950538 0.976136728469666 -0.0233231385603667 895.096937775711 1126.86935473177 346.78993893789 -1.50040790160407 51.031036 51.031036
1592000 18521.687468137 9426.90680432608 4177.2894697494 4917.49119406152 0.992985390459375 -0.0321903424977173 2405.59689004492 575.213714438797 288.521015978551 -1.58017128911733 51.031036 51.031036
1593000 18497.3595138483 9401.72855273295 4213.92522904342 4881.70573207194 0.990333233552741 0.0124846301521939 -321.199570268031 -351.481470390385 -595.289193868851 -1.39491026676563 51.031036 51.031036
1594000 18509.0057180324 9492.28045372043 4011.26598269161 5005.45928162038 0.999871538812917 -0.00356686478802473 132.536854276033 293.379346933935 -63.656500548829 -1.4496825076416 51.031036 51.031036
1595000 18448.2460518273 9526.33616461365 4037.54869973046 4884.36118748316 1.00345880493113 0.00265534311823368 886.152471680055 668.015749520463 -1823.85150339094 -1.41602980192303 51.031036 51.031036
1596000 18442.9096396268 9512.21235707517 4126.30007981267 4804.39720273895 1.00197107042452 -0.00395436301273368 781.168629590909 380.943728481463 -760.497369439284 -1.45091519433487 51.031036 51.031036
1597000 18590.7656446282 9504.01211628628 4204.23809438378 4882.51543395819 1.00110729618015 0.019685405180228 -144.225119178336 -592.873983080133 -1262.19983722603 -1.39529279782651 51.031036 51.031036
1598000 18506.1256488881 9584.64545955998 4086.69555529309 4834.78463403502 1.00960082788855 0.0167357588120951 199.134774699333 -272.286319460899 -1626.57393907543 -1.38470623049307 51.031036 51.031036
1599000 18901.3401235617 9755.51140239954 4278.70813926014 4867.12058190199 1.02759903116865 -0.00746913910666946 2191.6394270125 -1101.85900092528 -331.195994722677 -1.5350204964608 51.031036 51.031036
1600000 18446.5210327909 9528.71670957498 4025.82471892004 4891.97960429583 1.00370956018065 -0.00175747579747266 1780.64563157354 -696.674078055484 -905.477919991647 -1.44837103358751 51.031036 51.031036
1601000 18400.3005380095 9293.58586732131 4174.58973510494 4932.12493558325 0.978941998980493 -0.00233446598674717 2938.23980742559 -524.282395768651 -2176.86321273975 -1.44878467028121 51.031036 51.031036
1602000 18378.7283395778 9461.95888383955 4104.68267637836 4812.0867793599 0.996677609294734 0.00288196553765442 2.85028294745539 458.207663963572 -753.757568296015 -1.43673144083764 51.031036 51.031036
1603000 18608.786753339 9637.44979533784 4086.61036062972 4884.72659737141 1.01516298470931 -0.0253995096490933 918.474556389246 1525.37658779352 135.786523416062 -1.54884502550257 51.031036 51.031036
1604000 18589.2584549193 9512.85678805481 4122.17020265088 4954.23146421361 1.00203895170957 0.00336993236270448 1189.97491123409 74.8965391794452 -1607.13020186957 -1.45239141234751 51.031036 51.031036
1605000 18444.5390909288 9449.03747939388 4116.79764705008 4878.70396448488 0.995316530193699 0.000934815075310069 -578.944329940504 -286.959365127689 770.961540128076 -1.44444957703244 51.031036 51.031036
1606000 18525.8626396573 9592.97079369165 4070.3236479528 4862.5681980129 1.01047777886887 -0.00113201167746824 1059.73130943978 -198.587106265245 -746.174268569349 -1.44714801577755 51.031036 51.031036
1607000 18388.8519050392 9382.02866011863 4098.6473707714 4908.17587414914 0.988258140845698 -0.0278705197086068 1743.90777605741 721.278651613683 365.413196067778 -1.55702791102089 51.031036 51.031036
1608000 18346.656078648 9363.56645605048 4022.1501277567 4960.93949484082 0.986313420345551 -0.0164912725846284 376.341107802405 888.708378273196 409.845365584032 -1.46827372868769 51.031036 51.031036
1609000 18614.9072059037 9521.74258643118 4162.86912217724 4930.29549729524 1.00297493931966 -0.0216568517829758 1976.37141172907 145.923498406149 77.2290725241207 -1.54306908203402 51.031036 51.031036
1610000 17783.7099181995 9042.27382872997 3942.45113266343 4798.9849568061 0.952469987752669 0.0327556209936765 -625.086025839976 -951.561196611897 -1756.85895564546 -1.24962239087008 50.9825539569533 51.1834118666239
1611000 17970.7505250129 9299.62481028174 3933.5273366834 4737.59837804772 0.979578112422367 -0.00110411060753785 1482.41077207189 -215.987207136111 -1153.35409280049 -1.40912829538313 51.2666633919544 51.2192390910131
1612000 18088.6597577672 9322.22122221539 3984.70786468853 4781.7306708633 0.98195831065628 -0.0122901056017098 1898.04538097784 -264.290400895319 -382.877821020053 -1.47870992257679 50.9921091464661 51.1789610260868
1612000 18088.8638795286 9322.22122221539 3984.91561559442 4781.72704171881 0.98195831065628 -0.0129853239668237 1912.29405705421 -219.908171514509 -370.704623975287 -1.48152295762053 50.9921091464661 51.1807164230258
1613000 17647.1337879631 8982.96515885381 3898.0887122895 4766.07991681976 0.946222695407786 0.0102711974933106 -418.022588503335 -999.953976950186 370.583598522202 -1.35446929493731 51.2599544572536 51.0088756111273
1614000 18141.5832734871 9416.11503799792 3943.48594342532 4781.98229206389 0.991848637277919 -0.0122294651579284 2429.30908342638 -281.786355548061 -900.095130935343 -1.47847872507312 51.054569692222 51.22814811507
1615000 18232.264968559 9502.25136149871 3948.0409240655 4781.97268299476 1.00092182667074 0.0112904108195568 912.615887627106 567.876173344239 -2618.83283241662 -1.37044103901713 50.607909959735 51.0833696754047
1615000 18231.7517271875 9502.25136149871 3947.51737533882 4781.98299034998 1.00092182667074 0.0127229399351577 822.571813450973 538.606132451746 -2643.86111250754 -1.36471539735189 50.6043410393602 51.0833696754047
1616000 17726.8524882014 9036.70187181714 3860.78644444446 4829.3641719398 0.951883064393231 -0.0180679333949934 1027.31866993952 1154.77946201093 -367.518979572465 -1.44782838644624 50.4044330791393 51.0897873021406
1617000 17973.8576575506 9304.59815823676 3943.98985915058 4725.26964016323 0.980101981169933 -0.028741656122132 440.708818891251 1350.60815528835 1101.48413480412 -1.51965969840692 50.3035582642808 51.3030840182226
1618000 17903.4670591302 9360.89971366359 3879.93299010018 4662.63435536642 0.986032518424563 -0.0223134805675277 390.158373043262 1655.4303324009 226.413748341337 -1.51269564741941 50.864168024976 51.3292507401368
1618000 17903.4117869893 9360.89971366359 3879.87607840902 4662.63599491669 0.986032518424563 -0.0221454691856086 379.433301693981 1652.02553048879 223.41761672769 -1.51201600152723 50.8637449484697 51.3292507401368
1619000 17690.7752609922 9008.54969889162 3926.6345548573 4755.59100724329 0.948917648800929 -0.0101436698550126 -138.520691011857 175.681689262445 995.674577013953 -1.42897610345614 50.6376519505421 51.5582201059059
1620000 18240.922985861 9457.73581409619 3978.07272082384 4805.11445094096 0.996232771274682 -0.00788363952425633 419.671336363724 1139.64356870031 -751.722199240444 -1.45687897790514 50.8961805444441 51.6078575610805
1621000 18270.2472431251 9389.04414192111 4059.97194094952 4821.23116025446 0.988997118230486 0.00524159728875719 -35.0262792694241 -130.969711370177 -380.016517427833 -1.42473359034514 51.3620930111479 52.0033858299268
1622000 18568.2589799693 9508.27904909331 4192.13024684575 4867.84968403027 1.00155675452608 0.0296761334911101 -48.6968066737006 -975.681110793184 -2048.19107338772 -1.30336001641696 51.461057501803 51.5882758842169
1623000 18525.5419505131 9436.4297995789 4111.75467720915 4977.35747372506 0.993988497348596 -0.00729385072040941 1521.97732387224 865.368989518513 -1632.72836126426 -1.48200229794199 51.7314877861924 51.280315241543
1624000 18432.0725846644 9550.39594489757 4094.3833094334 4787.29333033346 1.00599314740586 0.0221425238814378 -1245.04299740582 124.036281032507 -1172.2949798423 -1.37100361743835 51.771814758389 51.2951229255502
1625000 18491.3830623543 9480.27198187367 4111.83570234387 4899.27537813674 0.998606623676586 0.0150325854476841 263.552929499443 64.0437368306989 -1906.12501575046 -1.39115025844756 51.9618443421054 51.8166748468675
1626000 18261.6395391262 9266.09085302678 4096.24279540875 4899.30589069063 0.976045805343317 0.00628428011035149 -112.267555786827 626.335574599191 -1180.09918427188 -1.39426093011466 52.1461946046966 52.1136856203722
1627000 18513.6913017599 9573.53319010665 4091.5465442847 4848.61156736856 1.00843031443689 -0.0235487299706404 1428.59683991031 914.025696154565 178.02630469057 -1.54237089603585 52.1918246730578 52.5869242056491
1628000 18254.1095920209 9353.00642096721 4038.11194160319 4862.99122945047 0.985201076627925 -0.0127487356583391 -419.637476137847 1152.71993922627 641.913789473164 -1.48399587718702 52.3522600872722 52.8243736252393
1629000 18364.1367767736 9351.5006231808 4202.43569400894 4810.20045958386 0.985042463072713 -0.010289664481714 1031.89017555979 632.224578061878 -550.617028860768 -1.50166323915752 52.530245605349 52.8219076715041
1630000 18486.121308613 9529.98547315088 4169.57597184958 4786.55986361252 1.00384320568293 -0.00515869336854024 -459.80353640459 1072.696634784 -53.8956124087192 -1.4602642038681 52.7695351648127 52.6528962032274
1631000 18663.9838333294 9552.9319592103 4210.81581030372 4900.23606381539 1.00626027905517 -0.021914579698099 -22.3934202314941 1371.73244607126 1029.26879924952 -1.55095301248834 52.665830193298 52.8440574483071
1632000 18407.1516583718 9486.27070228066 4068.86373765959 4852.01721843154 0.999238500266568 -0.0139885065213399 679.421388852759 1154.27022043093 -298.446847024709 -1.51479072114263 53.1140342513686 52.9824916567594
1633000 18531.1404332284 9544.61335240075 4102.62649772278 4883.90058310486 1.00538403669887 -0.0154216438702162 980.632806129798 705.814476730014 2.77356741890084 -1.51865939993048 53.3915946025601 52.6039389104615
1634000 18288.2887620781 9432.17933636093 4018.09117646471 4838.01824925243 0.993540773830613 -0.00626362358804376 871.565007242478 102.240604051912 -276.663138131136 -1.4743029693214 53.657045830826 53.186881429426
1635000 18599.6370185576 9687.22516243614 4063.47539078462 4848.93646533682 1.02040608441946 0.0181333997606451 -735.357011663856 -725.226517025503 -556.605808310251 -1.37868356644223 53.7862659924383 53.0311964639638
1636000 18545.9538033348 9546.45025102561 4182.98693729459 4816.51661501457 1.00557752683685 0.0240837041260671 -215.186378063896 61.6550559169473 -2516.7478274016 -1.36436042524749 53.4789021478911 53.1601614544324
1637000 18552.1119844652 9405.28334366904 4217.74875693359 4929.07988386261 0.990707678271348 -0.0211424446790747 772.802817960919 995.281820442614 579.834250964463 -1.53822366699404 53.6179250232051 53.1071843877642
1638000 18457.9726896458 9540.49921597219 4107.72017931948 4809.75329435415 1.00495067319452 0.0167677213538792 268.527529550122 -201.02014317222 -1953.73241500097 -1.34577911807236 53.7241109232644 53.6890365832231
1639000 18458.7773919088 9422.43398787253 4166.34502008989 4869.99838394634 0.992514245312322 -0.00579062317642184 151.368327347796 1487.92347921682 -976.897788812387 -1.47499917068424 54.2334279528248 54.0828331726326
1640000 18445.4254573605 9524.28816402252 4100.69869451635 4820.43859882167 1.00324307831912 4.49960197937795e-05 -119.350962781216 408.74246237768 -294.546340495684 -1.4577725216427 54.5673651905875 53.8323792904532
1641000 18362.126249314 9415.76062221795 4102.95557663798 4843.41005045805 0.991811304810444 -0.00962762208247808 726.305631880739 104.115663921693 286.408826172168 -1.47775585659659 55.0310389744226 54.0500083143956
1642000 18651.4771141861 9630.36315383402 4200.48105019179 4820.63291016032 1.01441651170106 -0.0254227753073698 902.328796695214 1214.67740931809 871.367787962667 -1.59333062058255 55.2910842495368 54.5120200268082
1643000 18621.1642529787 9558.22443895679 4188.77332685982 4874.16648716211 1.00681776362319 0.0125175125460367 142.493412458229 -196.637230249488 -1418.79413183518 -1.39804482505973 55.5629479365512 54.3020880774752
1644000 18497.7071233956 9555.85364739795 4089.06240893032 4852.79106706736 1.00656803575056 0.00385110323896265 -20.8960707439604 365.353078413404 -800.003896206418 -1.42345956856854 55.2142222962317 54.9328785334406
1645000 18341.6710694701 9345.26419888512 4184.96743037661 4811.43944020833 0.984385547889095 -0.0215775318461673 647.982593091125 2096.99091042396 -172.300598948737 -1.53545036424539 55.284610571333 55.2985755719897
1646000 18563.5134955903 9555.13268506499 4109.84620307047 4898.5346074548 1.00649209301785 0.0151490603660613 -1144.48632304611 420.311440677091 -1079.10367388712 -1.37877231115458 55.1059471820017 55.3877908359566
1647000 18475.1410918459 9537.46091109517 4148.67586767922 4789.00431307152 1.00463063265341 0.0180609939189882 233.050194457972 -1526.81058743292 -887.59399085867 -1.40595157321918 55.8326296758721 55.4666440665553
1648000 18277.5169414819 9309.62123024919 4102.41126747792 4865.48444375483 0.980631087612491 -0.0146669203299138 1028.95729880661 -59.940963177181 793.080006483213 -1.49213990967411 55.0299151988393 55.9792745641214
1649000 18426.9624856987 9507.22854640516 4129.21106618783 4790.52287310567 1.00144609958447 0.00188813242651239 -85.0372816246505 222.667597528776 -363.115313678893 -1.45928537245319 54.8176536896963 55.85989968823
1650000 18546.5108975715 9543.37945749186 4166.73365246395 4836.39778761567 1.00525406409563 0.0077178639550009 912.051871993773 160.640284269724 -1996.28648214556 -1.41972515774497 54.9691706262637 55.8213513479526
1651000 18596.9408541378 9635.4303922803 4076.47371792488 4885.03674393263 1.01495027042506 0.0048438227915955 -351.407951053047 120.752291078193 -346.254972487917 -1.43459321965649 54.6891578711214 55.8411628726189
1652000 18422.2087318704 9369.23074694309 4186.20049619626 4866.77748873104 0.986910069725927 -0.0159244273956825 1212.76385925822 870.627809028508 -170.012062813206 -1.52604616735226 55.1546269820749 55.8586913229628
1653000 18531.8332812238 9556.28964234598 4055.52866858276 4920.01497029508 1.00661396137841 -0.000609342540172984 -214.015537012615 1305.38696457047 -1018.14557788469 -1.44840234324867 55.125368706092 55.8967820805087
1654000 18363.1540857226 9320.75925306775 4097.53763508613 4944.85719756867 0.981804313800785 0.00782080695269793 -72.3296679702378 643.284773731276 -1510.97776481347 -1.40858065566994 55.3420640289683 55.6886637114228
1655000 18480.5763110181 9496.87589184346 4101.88696878897 4881.81345038569 1.00035560034165 -0.00027184021598648 1077.63656326818 -458.368977896038 -586.681083428975 -1.47510823053899 55.1165735989043 55.7669917681947
1656000 18567.1954599296 9552.79167682374 4176.86050418779 4837.54327891805 1.00624550237781 0.017804025841098 -291.374471673523 285.116729476525 -2145.94609337683 -1.38035241050907 55.5547862235213 55.792920757546
1657000 18202.325108284 9400.47534877589 4021.25507149281 4780.5946880153 0.990201227026481 0.0154179718932394 -169.815717244208 -514.809839079912 -1191.79707816116 -1.33088113374875 55.5269966116478 56.1997809373359
1658000 18503.254125223 9521.00086293882 4172.14304043367 4810.11022185049 1.00289680970546 0.0135976009458281 -1318.63810721408 739.843641773255 -1086.03939230007 -1.39838310618477 55.6871791463112 56.3752890721911
1659000 18295.7071121118 9494.59305015358 4105.08037556341 4696.03368639486 1.00011513668864 -0.00353320219078062 309.025334007516 849.98652335622 -725.795751569588 -1.46655592837411 55.6070032834354 56.5382035308699
1660000 18473.7627704686 9571.93655103524 4137.3319822165 4764.49423721687 1.00826213209409 0.00257438712543985 767.963263758638 157.394952441927 -1241.44384075727 -1.42645844019418 55.8475364294004 56.371846774734
1661000 18454.5053728149 9466.27883433273 4209.80923417884 4778.41730430328 0.997132652270788 -1.43526695601366e-05 878.221001601716 -105.984498301238 -770.454204974568 -1.42568220650023 56.4064652976425 56.4487358246505
1662000 18764.8654654579 9769.69520605345 4168.46445641663 4826.70580298778 1.02909308537983 -0.00642116458453321 1282.22199931295 844.40503790668 -1328.12049677387 -1.49071666146653 56.4904176945177 56.4449747421621
1663000 18554.771292565 9548.56858857323 4202.2294074977 4803.97329649408 1.0058006624083 -0.00549326678871451 1185.47924999296 17.803421324675 -522.176199333449 -1.49472196149888 56.6163959778468 56.1535850247179
1664000 18529.4505336964 9463.95965123092 4227.61434045066 4837.87654201483 0.996888360586815 -0.00720991196640192 520.852898350919 227.259060954403 145.814772200669 -1.4859589548772 56.5546596609088 56.2132845828036
1665000 18478.4614366957 9509.18077764534 4047.17642003986 4922.10423901047 1.00165173830993 -0.00589778070178997 431.842160518658 1437.30243584122 -1147.64916639222 -1.49334700525524 56.1432243071189 55.8705577518937
1666000 18499.9289218323 9651.73197822465 4091.61662888413 4756.58031472354 1.01666740171956 0.00439414649176543 -0.360873813863281 116.721844526673 -670.024358252012 -1.44218054054839 56.4662038498465 57.2160767826893
1667000 18490.4527735052 9537.19841242303 4090.06399446811 4863.19036661408 1.00460298229557 0.0101699224471045 -198.777469192235 242.806333382527 -1325.1968954296 -1.40960314939755 56.9136172410698 56.7554610888847
1668000 18562.5795679734 9619.73340373906 4204.11627219347 4738.7298920409 1.01329682453669 -0.00520206749211164 599.297670071762 922.314315813024 -859.211915737751 -1.49674556870975 57.2273312436161 57.0527111430769
1669000 18429.5819586601 9351.23617137981 4258.00435898377 4820.34142829656 0.985014606981598 -0.00554584866897679 259.009116265846 1370.13442954939 -917.719853472957 -1.48083154857363 57.5525464464177 57.151963899551
1670000 18416.9248161507 9430.8491739334 4180.26918879101 4805.80645342626 0.993400660866214 0.00870965166113494 -156.882439320207 -578.554786765022 -392.137902754717 -1.43245273399012 58.0484636808265 57.1859532511865
1671000 18844.2782933722 9707.21234710429 4237.95334793685 4899.11259833108 1.02251143910089 0.00682064834970483 383.591124213116 438.172451006604 -1697.8238120484 -1.4603144200747 57.8215286879652 56.9579215429781
1672000 18121.5389600321 9239.95351658031 4080.42867786096 4801.1567655908 0.973292623013674 -0.014952378945329 710.64382026654 1288.33579828512 -92.0887366342383 -1.49637904921365 57.771684005544 56.6025390395058
1673000 18345.2590908157 9577.94442393295 3971.32845555081 4795.98621133197 1.00889497276378 0.00929477511083154 660.498278556169 -950.240581331983 -897.022788190561 -1.38666626007379 57.7567921686913 56.6837018664896
1674000 18488.3399871701 9490.56935611606 4153.87808461951 4843.89254643451 0.999691299954291 0.0133772430639276 -974.47365372997 104.959639427425 -843.488687342452 -1.38893894140105 57.5128412560506 57.090257182148
1675000 18599.478118617 9623.9625743433 4136.01341644201 4839.50212783173 1.01374230519232 0.0270660777405039 -477.811174792862 -965.962789744824 -2072.87391960563 -1.2963339361457 58.1845135230371 57.2573897957368
1676000 18543.1570472508 9591.61848619758 4122.48154127998 4829.05701977318 1.01033533324881 0.0186785738974222 -297.413813815745 -188.006786863685 -1934.79130219358 -1.39737894868256 58.1947562586493 57.0901543298589
1677000 18437.6429130813 9475.49372082576 4135.68957388578 4826.45961836979 0.998103304453127 0.00671350746538223 -21.2901171612941 483.835284920902 -1331.23733077696 -1.4342799522001 57.8783590374187 57.3238842975979
1678000 18306.2304136255 9489.43310761925 4050.31929818311 4766.47800782316 0.999571612958261 0.00697197231786342 130.703739202585 -214.419364707543 -831.059405229342 -1.42478922438689 58.3834877617988 57.6240800417286
1679000 18540.6297043541 9533.72029518159 4201.7126978849 4805.19671128763 1.00423661401818 0.0244371018600165 -424.305731034681 -853.006799607809 -1978.58737042799 -1.32742157846413 58.8652841390217 58.0360029027254
1680000 18300.2867815827 9476.4217809342 4010.48214547462 4813.3828551739 0.998201061877516 0.00829849478356307 -127.120655634688 70.0216558064361 -1036.04404439011 -1.37946661604627 58.7077245120966 57.5331053467706
1681000 18477.796128415 9550.7169348776 4127.17296500165 4799.90622853577 1.00602695895903 0.00207925351985639 101.121966791036 162.730018707166 -540.383541622731 -1.47164129212331 59.366383377376 57.4423306880842
1682000 18483.6829246807 9459.87350582621 4183.0402029673 4840.76921588718 0.996457945523381 -0.014588324339112 413.931740382403 809.756688451443 721.964695146481 -1.55081377413995 59.1921774389827 57.7738197545262
1683000 18400.1900148099 9465.7004689459 4141.08080492289 4793.40874094113 0.997071730020108 0.00634956211698178 -504.30651411649 -1115.95756818465 779.557940651184 -1.43658901651668 59.0381180896537 57.5046985965248
1684000 18359.7411185045 9264.75960530568 4200.75155120973 4894.2299619891 0.97590557805927 0.00127245172271488 383.532492158228 285.959687088883 -837.977810846686 -1.46319622709579 58.9407569429072 57.6024877561259
1685000 18407.6162037233 9377.7251364648 4152.50912437014 4877.38194288834 0.987804828194534 -0.0129858945084522 1308.1912271002 1335.78842442776 -926.054014238821 -1.50024935734701 58.7100110080552 57.7770975992625
1686000 18331.2810346349 9442.27843709405 4105.03352689362 4783.96907064726 0.994604564922742 0.00298996674334098 -214.487277124233 720.156709418259 -900.67740870967 -1.43814260148993 58.8298784341598 57.5807012496845
1687000 18542.892274472 9517.50590545184 4181.80379538022 4843.58257363998 1.00252866755694 -0.0175169000557222 893.66928489393 930.379026953874 478.626753996923 -1.56067149256657 58.7974305800418 57.3261071606405
1688000 18647.1192847869 9543.7466139534 4184.4804001478 4918.89227068571 1.00529273860572 0.00492618231494984 290.375244029634 35.4326660443472 -973.556257897276 -1.4523577090822 59.1094826516586 57.0392843397766
1689000 18497.5438137255 9475.71363312714 4197.81882718489 4824.01135341348 0.998126468965833 -0.013613871440015 1240.18935229168 -254.722873852565 801.674847547791 -1.53793469243873 59.0442997926613 57.0078508537831
1690000 18302.6988892777 9378.79569440998 4096.08259731243 4827.8205975553 0.98791759566124 0.0080127126798369 676.783414470731 -569.576662758932 -1156.69376798163 -1.40238266814681 58.8832407545589 57.034966230351
1691000 18423.5617717238 9387.02051629592 4186.87227099199 4849.66898443586 0.988783959161101 -0.00112664973960909 285.273095750522 942.49678455939 -1081.51657902324 -1.46002746834916 58.5796316740371 56.8205605137556
1692000 18359.2278582919 9322.84538955415 4241.17959445176 4795.20287428603 0.982024057466071 -0.0155302435214889 986.389545895432 620.733700438112 408.95137753578 -1.55085124421866 58.2893435370603 57.1050565873742
1693000 18475.3264555652 9393.71996008218 4250.47336718046 4831.13312830258 0.989489646608962 -0.0243490753224478 167.435281977853 2224.18553164532 796.31301979015 -1.58274166536027 58.448052811075 57.4370559847376
1694000 18478.6301129212 9507.40390110129 4112.75866578246 4858.46754603746 1.00146457061161 0.0259439158845288 -1925.79626666108 -598.474641897959 -906.246654048122 -1.32092398732804 58.5707741962971 57.886667443786
1695000 18385.9398572068 9474.53126382774 4075.67531562535 4835.73327775373 0.998001923824484 0.00987470408140844 -542.695994573405 476.711408586926 -1257.60114889409 -1.38360062960258 59.017306967774 58.234988326565
1696000 18600.1518621755 9535.25621369477 4241.24148326473 4823.65416521601 1.00439840034706 -0.00893036930785699 690.72630366184 -451.025147565049 966.307130590936 -1.51039138342689 59.2123560341824 58.4795367870133
1697000 18382.3075678485 9469.64416622392 4088.16422279238 4824.49917883222 0.997487140277444 -0.0157576935247029 -230.220970705201 1129.10389917655 1208.096171795 -1.52967272676315 59.1155462207462 57.9964304340609
1698000 18637.623533388 9664.20500755135 4099.67398243073 4873.74454340597 1.0179812511246 0.0137318741448498 -403.715891821764 -73.2626423015086 -1360.43577977185 -1.40614385040744 59.1725777105432 57.9818656401278
1699000 18626.2875538203 9603.30948292091 4214.13995318054 4808.83811771882 1.0115668070702 0.0101531107138374 -190.36779627865 194.629992781459 -1387.93876592905 -1.43175362200732 59.6742358435068 58.5576974550861
1700000 18549.0581672459 9625.27933164393 4034.92382739767 4888.8550082043 1.0138810061246 -0.00930390933720888 3.90542936703667 518.885416238918 743.489631797953 -1.47344267035646 60.0751425859009 58.090487922596
1701000 18478.3185645066 9408.98795240394 4152.20163977454 4917.12897232813 0.991097904082155 0.0168504990996918 -357.02340290659 -725.027768161487 -1248.61403536452 -1.3545771384953 60.2380657987871 58.8750783868498
1702000 18187.1813498958 9368.57128513646 3957.05829438271 4861.55177037665 0.986840605165267 0.0277496940031669 -596.64097581941 -1394.53287730336 -1893.56306636432 -1.26108622696314 60.6943688319745 59.1412375436298
1703000 18390.659172757 9367.43227329379 4148.42493751331 4874.80196194989 0.986720627091567 -0.0261048823447538 1233.51135784657 472.401566385723 1983.11855497407 -1.57908713722814 61.3819463818686 59.0317092692453
1704000 18373.2100480939 9406.80559902736 4178.37599106917 4788.0284579974 0.990868025388672 0.00111188108758474 836.683968982154 1005.27270713124 -2000.20494414974 -1.43232409655561 61.5331945487817 59.307081488486
1705000 18354.7906852406 9503.9710707442 4074.48427803644 4776.33533646 1.00110297263856 0.00180974875621663 469.69498431722 159.62606077338 -885.273091073727 -1.42607366209647 61.2084234665927 59.2467480984102
1706000 18351.7937192075 9436.18806258605 4109.04319993425 4806.56245668718 0.993963033927008 -0.00615320419444381 976.141103045647 390.59181815952 -494.398897853869 -1.48859524378192 61.1379690013544 59.457393906757
1707000 18379.0622788782 9435.61691155343 4091.25576660379 4852.18960072099 0.993902871601984 -0.00743181954933399 963.540163946425 745.438270363335 -669.776155267446 -1.50199680900405 60.8893273585973 58.8842504145494
1708000 18541.4689209048 9437.16368916728 4219.14267172964 4885.16256000785 0.994065801776719 0.016876270027519 -687.581221883477 105.170768173479 -1781.830763448 -1.36770159054239 61.1160799515947 58.7753496394859
1709000 18423.5209311233 9502.21430908383 4049.27617630339 4872.03044573604 1.00091792374612 0.00259228167613681 253.742291872648 97.0847603290744 -716.725888880804 -1.44349570855772 61.5093349283158 58.8400726743379
1710000 18544.0871995664 9548.41670726619 4114.98066883815 4880.68982346206 1.00578466395599 -0.00158243039224121 1082.74465877926 188.214780023773 -1048.05917555798 -1.47094219348894 61.2939148041086 58.9255979966359
1711000 18522.399489117 9585.97548809821 4110.0168437475 4826.40715727132 1.00974092674969 -0.000472880009936808 121.380791898044 1216.67309169893 -1270.33579494462 -1.45691274622669 62.0439179212855 59.1820377254999
1712000 18333.7741952234 9373.1222549994 4141.40928441507 4819.24265580889 0.987319982619624 -0.00565877969941393 2145.5972069094 -441.980260790006 -902.576134340199 -1.45443789722931 62.0370730948078 58.5080939047888
1713000 18395.0678502757 9309.83315908944 4122.60474096814 4962.62995021814 0.980653411185489 -0.0052962496536217 75.5256112369104 334.349764904001 338.943608976383 -1.45727740666695 62.1281081716519 58.3519886814076
1714000 18884.6231691192 9566.64355743543 4353.19116952848 4964.7884421553 1.00770459339921 -0.00372807913358074 638.525385070899 -191.4183684682 76.4130245142032 -1.49507200611541 61.6515288992518 58.4036152557905
1715000 18393.63169498 9449.35294151628 4128.40291133734 4815.87584212635 0.995349759468719 -0.0112842538836318 1099.67030333461 413.566096964584 78.8688951261872 -1.51166068321335 61.4709414157875 58.852439120425
1716000 18443.9341872339 9371.58826191986 4235.26919038511 4837.0767349289 0.987158399106743 -0.00736131300481357 472.350554003114 375.207909984452 205.091310108351 -1.50649975499187 61.7574199150063 59.3710686756762
1717000 18669.983218877 9527.4603534503 4171.55078545523 4970.97207997145 1.00357722162009 -0.0126905793261547 156.229334698726 1552.27095309839 104.609698648633 -1.54050722241526 61.5658566426844 59.5029048729741
1718000 18516.7182314527 9519.88412987499 4192.42226164215 4804.41183993553 1.00277917837204 -0.000783058941792943 387.036751024208 -349.987305366448 75.1503282609563 -1.45083830551357 61.6685353384184 59.5757183705882
1719000 18398.4874013831 9382.22609938011 4129.07100267393 4887.19029932905 0.988278938155592 0.00310572310578581 292.221309386085 90.0075913066603 -826.775655596808 -1.41803373689475 61.9606972831092 59.2343746252411
1720000 18378.3096147515 9386.4041207817 4071.31743876488 4920.58805520491 0.98871903099823 -0.00102142209168376 -16.6476606278665 425.966160958357 -265.416740102628 -1.436057170537 60.8740118672246 59.342293604934
1721000 18579.112873711 9586.9009135677 4094.6834880572 4897.52847208613 1.00983840665378 0.0193819495291989 -1105.41017082337 337.17179981956 -1939.62052033899 -1.33169680649621 60.3670058614887 59.342293604934
1722000 18425.8365791363 9476.90733242858 4072.35734239334 4876.57190431442 0.998252207555546 0.0123975300219937 -15.7732869674381 -456.457038646172 -1245.26813453946 -1.35688255934126 59.8593852966469 59.342293604934
1723000 18597.4820864922 9546.99493433262 4184.02760161636 4866.4595505432 1.00563490117792 -0.000231164092397645 -299.276450062092 1572.64269275131 -1241.36396155936 -1.48005359636129 59.8179639489587 59.342293604934
1724000 18399.8495816223 9446.85778865384 4133.62491199341 4819.36688097503 0.995086931969646 -0.0241602560046175 2128.17930808692 1597.97862958301 -362.147483776294 -1.5930810953844 60.1626378700967 59.342293604934
1725000 18250.9710845397 9374.64300119579 4095.37820983774 4780.94987350616 0.987480170769031 0.0129641705046225 -335.288860612617 -384.876058164157 -1080.3012569921 -1.35991057019174 60.0773133871376 59.2741210317676
1726000 18538.6748762608 9616.5614022252 4015.25189616772 4906.86157786786 1.01296270102967 -0.00701749143316382 1857.22476249214 101.27569230685 -997.439655532526 -1.48008113550635 60.0773133871376 58.4512579101697
1727000 18366.4413638285 9485.33022051593 4069.26538053578 4811.84576277682 0.999139434404164 -0.0150831264970998 555.533733791566 59.8523255699958 1449.06133885955 -1.51185119299855 60.0773133871376 58.416742826826
1728000 18312.8997585795 9284.26454194213 4079.13624678004 4949.49896985735 0.977960135033668 0.028788122737099 -275.441352018109 -149.312392340099 -3476.22701280452 -1.27650280534368 60.0773133871376 57.8342825316558
1729000 18594.157225707 9637.06049798413 4086.39663783166 4870.70008989125 1.01512197798326 0.0314570688429677 -1248.11209700455 -1160.67647676018 -1794.98763683814 -1.28887804175976 60.0773133871376 57.0356276673207
1730000 18370.1802528132 9559.13561475164 3954.93597252785 4856.10866553376 1.00691374253454 -0.00421601116559153 696.441350864475 314.828778804586 -449.546263816144 -1.46335687985563 59.7805230926763 57.1474433447704
1731000 18435.2159149297 9511.95946486466 4099.4914739699 4823.76497609513 1.00194443196552 -0.00525907336992694 664.514750667162 -180.411973555058 209.972682739041 -1.50799193068606 59.2155881183578 57.1474433447704
1732000 18704.2547017379 9642.21100424578 4137.50358601266 4924.54011147942 1.0156645077417 -0.0169390502928079 -486.023617374379 2334.84047902819 401.158292389608 -1.57116430017747 59.5973915588842 57.1474433447704
1733000 18371.6166444252 9486.45528465965 4051.12060548147 4834.04075428405 0.999257943293795 0.0111149443446446 905.700204616503 -813.570868300804 -1562.20051378673 -1.37745463784018 59.3430218536317 57.1474433447704
1734000 18497.9349663434 9589.18384831604 4094.94378701651 4813.80733101083 1.01007888010913 0.0166064125400906 -415.159622361339 -1191.7100766325 -585.750951085468 -1.35379357022395 59.2415297741228 57.1474433447704
1735000 18391.2262146694 9467.5569895767 4083.43162155569 4840.23760353706 0.997267287046579 0.0379016933115718 -1451.77752198065 -321.25820829745 -3183.42442935978 -1.24534799143323 59.0542766434299 56.7802166514859
1736000 18444.5520447857 9448.66881740014 4135.98420886956 4859.89901851597 0.99527769709803 -0.0105218578292685 957.505615043466 37.739565561177 374.528323104292 -1.50260400598593 59.0542766434299 56.5249739136389
1737000 18255.7120593842 9475.00699345309 4000.03624240099 4780.66882353009 0.998052034913688 0.000892513295786403 179.606616072101 1212.2344911545 -1508.02554289299 -1.42233737288511 59.0542766434299 56.5219708983275
1738000 18324.6068527132 9467.74328064603 4020.24788959341 4836.61568247377 0.997286910059096 0.0298673274766837 -2075.55142331341 -356.640860883895 -1445.14508465764 -1.29375929172649 59.0542766434299 56.3665255804641
1739000 18291.2383783346 9404.7469255258 4051.63138697816 4834.86006583059 0.990651174543193 0.0234980602589966 -1374.03140882108 -1664.39770383084 -25.8890964934902 -1.29091440743608 59.0542766434299 56.6220889256903
1740000 18444.4271768041 9436.11604478585 4105.14607544162 4903.16505657668 0.993955447915505 0.0206922997313701 -604.626309631287 -915.496043023915 -1182.99662480533 -1.35422993764282 58.8412692530949 56.9258811406305
1741000 18374.0462131575 9413.46877890132 4064.3974163185 4896.1800179377 0.991569892969013 5.88182408711757e-05 -409.569359041354 100.978370942433 300.897874787308 -1.44971203849755 58.9136226843477 56.9258811406305
1742000 18313.3054840865 9465.4431745789 4028.25325409348 4819.60905541412 0.997044627858945 0.00885713034333945 -776.879210071169 -556.530539246364 189.282671535293 -1.39001907623066 58.1844400940191 56.9258811406305
1743000 18408.1407064284 9638.44474223646 3936.3960761935 4833.2998879984 1.01526778766909 0.00617137577181788 405.748964818317 27.8420591005735 -1228.9460218902 -1.4167563939415 58.0503248807993 56.9258811406305
1744000 18587.9060445077 9597.62119649787 4190.42415621868 4799.86069179111 1.01096763011512 0.0123943094679495 497.745194578229 -199.778202418914 -1901.82235686134 -1.3967002593845 58.2865696945852 56.9258811406305
1745000 18361.4155204674 9559.91185940279 3975.30561701152 4826.19804405311 1.00699550844291 0.0193099384964108 393.028420929033 -1715.24078614489 -1167.67302971083 -1.32776414028346 58.2252242868843 56.7835695793637
1746000 18381.767253948 9392.24735080144 4159.11519194414 4830.40471120242 0.989334528972606 0.00900650951956193 -791.036657839861 65.2354636845861 -434.072312492051 -1.38447911792655 58.2252242868843 56.7124408115551
1747000 18381.4726902844 9487.07705702766 4115.94041152714 4778.45522172956 0.999323437828794 0.0299263876298482 -1581.22832149899 -893.406879957151 -1373.55029113719 -1.28650778476789 58.2252242868843 56.6273089966398
1748000 18363.7707529888 9633.51702694866 3935.62635122193 4794.62737481818 1.01474872564899 -0.00235172603903448 1155.71362730461 -318.282476112147 -537.186528868538 -1.46394414803973 58.2252242868843 56.2228339207951
1749000 18470.1927709024 9509.72909423813 4071.90438351458 4888.55929314966 1.001709495364 -0.00575614031398071 1495.10198320205 18.2710746330607 -777.539249771619 -1.46041815272165 58.2252242868843 56.2953584319506
1750000 18378.2682143476 9560.83166096394 4068.49848483846 4748.93806854516 1.00709239595133 -0.0282738397194609 1007.4850288007 1586.77464197019 972.454582394042 -1.59251240061981 57.5641186555876 56.1910385269893
1751000 18375.0506978431 9438.70942925294 4070.25529266715 4866.08597592305 0.994228622663184 0.0276313441364793 -1949.07149616365 -963.28531843613 -534.450718573655 -1.31729047246775 56.9224200455804 56.1910385269893
1752000 18752.2342301196 9629.16274188323 4205.14754619779 4917.92394203862 1.01429006603289 0.00386539647099889 71.8906826551152 243.964606888868 -795.747033515662 -1.48064224255007 56.6523026701496 56.1910385269893
1753000 18297.9764350502 9421.09563359885 3951.63296137703 4925.24784007433 0.992373269457929 0.00567443299342747 134.864309445533 172.946330689483 -1006.91451379288 -1.37754453462672 56.219576614634 56.1910385269893
1754000 18524.6316645634 9481.8925896922 4145.90964400485 4896.82943086635 0.998777330772866 0.0189136345966463 -259.521023829589 -979.602240180665 -1071.95507974497 -1.339727257714 55.7581053014647 56.1910385269893
1755000 18222.1051293847 9410.39787632342 4012.48128747418 4799.2259655871 0.991246418741605 -0.00185345523843871 141.746384578535 1053.40892924211 -967.429854116281 -1.43019739830852 55.8631810888129 56.3948201048769
1756000 18331.3139738377 9405.01408108183 4022.9593500569 4903.34054269895 0.990679315434964 0.0172063587677195 -57.7772934708498 164.115619952454 -2218.79826575195 -1.33284480194347 55.8631810888129 56.3519875018614
1757000 18500.8018003466 9476.22337946766 4186.69187308443 4837.88654779451 0.998180163213532 -0.022116314428253 2178.52128766864 57.8961350886889 445.97126160344 -1.57877255380454 55.8631810888129 55.6696746264091
1758000 18516.373871028 9572.69782586399 4045.12267155488 4898.55337360909 1.00834232115279 0.0103897191632448 -1228.51322802458 -632.671633710149 592.213395907441 -1.38010964892831 55.8631810888129 56.0606047435735
1759000 18162.3789461207 9353.330922513 3978.96728469052 4830.08073891717 0.985235258072682 -0.0131043290956329 471.192232080675 221.455569697608 899.999140042791 -1.48463729784116 55.8631810888129 55.7846164126922
1760000 18384.8087821769 9477.63212865647 4050.15648849365 4857.0201650268 0.998328554132456 8.82805548996585e-05 250.09618969963 -160.383757811464 -100.372843792994 -1.43550807763424 55.7604332241307 55.5287867877213
1761000 18442.6034056988 9549.77324281906 4050.2414797006 4842.58868317917 1.0059275549396 0.0164946494854185 -165.965299033114 -50.6786499782099 -1767.86576373391 -1.362022374968 55.5555364683276 55.5287867877213
1762000 18188.4925546202 9394.97632031872 3956.88733346875 4836.62890083273 0.989621985602647 0.00927370818753921 38.0329936031582 -1088.86031474862 -53.3960937348281 -1.39479695705116 54.9820253940701 55.5287867877213
1763000 18306.4611236604 9490.12454869093 4005.66029970136 4810.67627526808 0.99964444606214 0.00144028853602565 693.496750421276 -168.672487681383 -695.521294740688 -1.44006209162004 54.725995947629 55.5287867877213
1764000 18462.3846180083 9510.12754349926 4199.33458709908 4752.92248740992 1.00175146610831 -0.0254528730148962 450.151704493883 2098.60056097603 457.303047694455 -1.57755066266348 54.5352570875994 55.5287867877213
1765000 18596.8595201199 9624.2802969393 4120.94621140141 4851.63301177922 1.01377577257485 -0.0171098380965765 1520.46220339081 1210.41774001389 -722.206179276629 -1.5393895855975 54.3342220363956 55.4020005121094
1766000 18290.9274322315 9455.72918296626 3948.7715164445 4886.42673282072 0.996021402324355 0.01752699539346 -1071.14707962954 -461.664227487163 -504.58322941415 -1.36697421314971 54.3342220363956 54.8566906778863
1767000 18478.4621962014 9490.35658664095 4089.45258540085 4898.65302415955 0.999668887832828 -0.0191101804407287 2459.19870769993 1031.65920230154 -1278.56831428069 -1.53211666491293 54.3342220363956 54.6309973289184
1768000 18372.9455013139 9592.1587894422 4082.13218770463 4698.65452416703 1.01039224621501 0.0152893059729817 -92.6131298276788 -1199.98921853994 -464.122776666919 -1.38994485823033 54.3342220363956 54.2223056244126
1769000 18339.3717429629 9554.2071740275 4000.5223530237 4784.64221591172 1.00639460410044 -0.00382168171424126 725.132695414093 335.998402466715 -623.489824223987 -1.46323012902713 54.3342220363956 54.0412889274216
1770000 18203.057650511 9471.67209523756 3968.52054945734 4762.8650058161 0.997700752645237 -0.0194059886493775 -41.49278476817 2410.61567142529 -148.609028643556 -1.5145026063897 54.1589406505719 54.173007512656
1771000 18485.7455279611 9703.45710379147 3996.24662632561 4786.04179784402 1.0221158796852 0.0256159040714813 -40.8700826093932 -856.351384289487 -2035.15744550488 -1.3223006376778 54.182974827794 54.173007512656
1772000 18525.4370672495 9566.59463081995 4118.71183177692 4840.13060465269 1.00769943970295 -0.0463110681261009 1338.05773287791 2872.39929119465 1118.01012762312 -1.65286411644431 54.4590349587919 54.173007512656
1773000 18467.64144505 9572.85387378267 4032.22373750288 4862.56383376444 1.00835875849609 -0.00476083217997196 157.301799205899 685.187731750938 -297.40242789515 -1.44871377246804 54.1920375058299 54.173007512656
1774000 18407.7450291173 9552.46441129858 4048.61893062611 4806.66168719259 1.00621102978865 0.0426271949128267 -1042.24627946345 -2634.09661752484 -1239.98981750216 -1.24324597033066 54.5892286224788 54.173007512656
1775000 18223.2491680844 9419.31044685205 4024.71944602822 4779.21927520414 0.992185226402491 0.0276849097121208 -932.691210620254 -975.950983667887 -1282.83052836804 -1.29492448850404 54.6996259544618 54.037974470498
1776000 18419.7235783501 9482.01897421189 4113.54868261194 4824.15592152631 0.998790643515236 -0.0266938170113099 667.79355459989 1804.29651049024 625.435203933366 -1.5670762770377 54.6996259544618 54.3945283467842
1777000 18135.0160404772 9357.83369671271 4059.53251474397 4717.64982902055 0.985709558825798 -0.00104637315113211 560.186106272471 586.066007628395 -1026.16659778076 -1.45282437504436 54.6996259544618 53.7966308616795
1778000 18330.9843065356 9539.76185484659 4001.78120655371 4789.44124513531 1.00487300309123 0.0215502137991468 -330.483431870888 -808.985993675022 -1320.12334473599 -1.32796967652926 54.6996259544618 53.5010938072012
1779000 18075.4519778178 9341.76717999794 4031.57175778412 4702.11304003577 0.984017188602511 -0.0127771728246765 630.86837132561 381.209660652152 455.947349993669 -1.49673637523865 54.6996259544618 53.8579516158834
1780000 18320.1170830877 9451.6230086494 3998.13892271832 4870.35515172003 0.995588877510865 0.000962056699411007 513.118877058074 -294.845408103756 -327.804460937797 -1.42007367309614 54.255278153696 53.8058815664084
1781000 18267.8053315009 9454.47136865797 4054.89688094504 4758.43708189788 0.995888910165689 -0.0318133380803035 2005.41612677259 1323.35309347421 280.478674116606 -1.58684181045825 54.0646147472559 53.8058815664084
1782000 18815.3211002539 9803.86109383512 4209.60161837763 4801.85838804112 1.03269195700586 -0.012334954453974 -59.4589256695747 2011.30499073179 -556.8006944288 -1.53298336464445 53.8959862636216 53.8058815664084
1783000 18370.83607604 9553.65138242059 4018.35826063205 4798.8264329874 1.00633605966404 -0.00993679552964978 256.694025427332 1023.06341031454 -157.409598034217 -1.49749937625865 53.8253375949225 53.8058815664084
1784000 18289.1812527969 9475.99008794987 4048.07498134053 4765.1161835065 0.998155589397995 -0.00215104145126251 389.254865660291 583.398553375514 -730.936911394669 -1.44894803279858 53.5504559595346 53.8058815664084
1785000 18272.6482326128 9516.79511674824 3976.39475726034 4779.45835860419 1.00245379646582 -0.00678898975876435 1506.49828173286 305.834021946891 -1056.31801176516 -1.45111958120641 53.3575704327006 53.5136037745174
1786000 18343.8593600953 9426.98041946298 4041.15882678105 4875.72011385127 0.992993144726706 -0.0216905019109909 1598.33039175823 904.172246685929 -87.0989963130229 -1.50960508342699 53.3575704327006 53.5130201107134
1787000 18181.3054976285 9436.29386736857 3978.84867326147 4766.16295699851 0.993974178898042 -0.000542703297866742 709.381908797653 -747.73459039892 98.5040204751154 -1.44246968073763 53.3575704327006 53.2625781532502
1788000 18608.2868625153 9646.09207096457 4167.81308859413 4794.38170295659 1.01607332079471 0.0166201249191183 -1353.33797608289 326.105159581166 -833.422547563768 -1.38339143554691 53.3575704327006 53.7986034811252
1789000 18153.4748973888 9313.00201864767 4073.23155183592 4767.24132690524 0.980987203733889 0.0215851026603434 316.946848157576 391.706107843412 -3120.17913974885 -1.32465158859799 53.3575704327006 53.6879980281433
1790000 18226.0832180099 9492.75861189399 3978.59168073057 4754.73292538529 0.999921905713803 0.0168170284119771 -921.735191400987 -44.0275850988826 -916.003728870403 -1.34473855443847 53.5919958750684 53.5367419046887
1791000 18194.7770140791 9444.44674181237 3956.36615179504 4793.96412047169 0.994832963797585 0.0248816423538185 39.3271894282036 -1390.49749152731 -1427.90225059331 -1.30868978527246 53.4939043633802 53.5367419046887
1792000 18373.6861261737 9593.77462406441 4086.14830160946 4693.76320049981 1.01056245052556 -0.00146928312891267 -124.099825266405 1483.73061576247 -1193.92153451613 -1.47279511909347 54.016287334655 53.5367419046887
1793000 18227.2962704187 9497.78586095059 4027.97703097931 4701.53337848883 1.00045145214627 0.00589247860603506 1001.69090462308 -1355.9430635646 -305.757662226002 -1.40501826174654 53.645813927382 53.5367419046887
1794000 18338.5830699408 9554.92680963091 4065.79839561076 4717.85786469911 1.00647040708178 0.0141698382735055 -166.630019852463 -522.145451030395 -884.381848291922 -1.36678009006907 53.1729453001481 53.5367419046887
1795000 18348.9716940795 9514.58397730739 4036.17893648988 4798.20878028219 1.00222088558565 -0.000330249862787726 1299.94387031804 -348.658953007903 -914.940869832715 -1.44053185054858 52.9871848455996 53.2543626937108
1796000 18269.654533976 9521.83964975026 4008.81125493716 4739.00362928859 1.00298516350664 0.0389832333056003 -854.560943124698 -1074.96596882925 -2306.63321397688 -1.28526490762443 52.9871848455996 52.5846584458184
1797000 18425.5794870325 9539.6035606837 4094.69324477511 4791.28268157368 1.00485632913927 -0.011894427513093 1242.45256732216 948.315255463359 -880.63529807429 -1.52168961729481 52.9871848455996 53.3011072380224
1798000 18267.0723509438 9511.98651711651 4002.158496687 4752.92733714028 1.00194728152067 -0.00777851959404856 680.951329756925 478.258448526435 -303.384441372504 -1.45811905355115 52.9871848455996 53.2418007930952
1799000 18283.7320133401 9504.16107473889 4031.57769555091 4747.9932430503 1.00112298675292 0.0098193500273659 1134.60560520554 311.097553838719 -2536.26418437744 -1.37152395913063 52.9871848455996 53.7442216658174
1800000 17964.8799151963 9357.60399450353 3934.24869311421 4673.02722757861 0.985685363090907 -0.0073296890481444 1217.94097763466 19.8972146484298 -427.036634398495 -1.45429440918425 52.7755933250639 53.7441615855171
1801000 18114.5992923593 9343.76299540544 4077.72153653972 4693.11476041412 0.984227418276236 -0.0118310750305982 678.859146643323 1465.08240384908 -840.632911060494 -1.49207738708164 52.5565884159745 53.7441615855171
1802000 18334.1129738444 9502.80563369679 4065.89476177919 4765.41257836838 1.00098021105986 -0.0348266235540206 1461.53895245331 1990.76533092112 383.165883676497 -1.61494739169568 52.5425732342136 53.7441615855171
1803000 18051.5375005693 9349.55646438186 3991.46130370489 4710.51973248256 0.9848376746597 0.0292042452025317 -770.279452042517 -771.775654099971 -1652.59766835006 -1.27490172267262 52.1893365922955 53.7441615855171
1804000 18447.7610111208 9694.20472464362 4053.09439064894 4700.46189582821 1.02114127820547 0.0128496889735129 148.275170670041 -355.54888930585 -1194.4044558658 -1.41338475253918 52.0426971431182 53.7441615855171
1805000 18249.9134362926 9538.50899641658 3961.89371687819 4749.51072299778 1.00474103296114 -0.0259423206353619 459.429428229038 1471.92995516074 903.673317209097 -1.57046633479929 52.293175186351 53.5845552386061
1806000 18216.8559504169 9510.27623482173 4023.99486729905 4682.58484829607 1.00176712854287 0.0248860204839875 -1493.45839228 0.331221914480488 -1220.27304450655 -1.35879798929123 52.293175186351 53.4624406613024
1807000 18166.9622315959 9355.39254436732 4037.94008179568 4773.62960543287 0.985452419483575 -0.0257370697936014 2047.57240452335 1021.94245769626 -280.258668845912 -1.54053030721638 52.293175186351 53.1397719445054
1808000 18064.4497655595 9418.32054173353 3946.42822031434 4699.70100351166 0.99208095451978 0.0189112641090427 -240.309957142606 1.66847334022372 -1799.41961121873 -1.37033618020332 52.293175186351 52.8429457182791
1809000 18028.3383810183 9353.41115059872 4062.38185844909 4612.54537197052 0.985243708916493 0.00453821612528335 98.1881566780342 -686.6716914921 98.571275540327 -1.39675512799822 52.293175186351 52.9326348928165
1810000 18176.4283283301 9495.13700899507 4025.79491212052 4655.49640721456 1.00017243471797 -0.00696683582286779 425.284889520222 -214.414355068719 537.758479634641 -1.46417559350096 52.2149983687332 52.7680690996459
1811000 18374.7212396264 9630.04383844856 4057.66546651224 4687.01193466563 1.01438287654169 0.0288892186617233 -844.809474417933 -453.055481006 -1795.23532086269 -1.34827215011882 52.0262344860022 52.7680690996459
1812000 18039.3274065982 9534.29764799066 3935.61948522609 4569.41027338149 1.00429742960875 -0.00833597928797187 -322.891689898377 1378.32975845249 -162.75797015166 -1.48031314882956 52.0359414128049 52.7680690996459
1813000 18069.5476851811 9430.80327043496 3961.46230857231 4677.28210617381 0.993395825610677 -0.0058692171647027 90.9088812101294 1562.14457254336 -1028.48313021594 -1.47962987130263 51.7089067926311 52.7680690996459
1814000 18138.4703806384 9437.82800328164 4022.71475375128 4677.92762360545 0.994135777456327 0.00130961795012405 -59.7607995217519 -309.327246552474 229.526989352645 -1.42145247602362 51.7825961693569 52.7680690996459
1815000 18212.5238879161 9433.16612511188 3968.31644972125 4811.04131308293 0.993644717450032 -0.00244687869643782 -194.764748641486 492.712704252051 -35.8035139993574 -1.4899591459019 51.718538117202 53.1150220576457
1816000 18213.5960518982 9413.09402632982 4083.49618062994 4717.00584493849 0.991530418320938 0.0075837585554907 34.9349634502874 79.9673852295595 -922.785197317277 -1.41921323743954 51.718538117202 52.8144841949949
1817000 18161.3543528196 9421.84725866287 4026.79451550337 4712.71257865336 0.992452442056446 -0.00737311841894709 768.025685117333 -39.5400223038538 62.1579553574735 -1.49655150927607 51.718538117202 53.16413021957
1818000 18136.0431441665 9477.04053458338 4030.56224731743 4628.44036226565 0.998266238435075 -0.0145374357476656 2331.87095359225 78.9545146623506 -844.029042986311 -1.49191491519481 51.718538117202 53.4335361612642
1819000 18244.9341158093 9447.35947779132 4038.81942722409 4758.75521079385 0.995139777510015 0.0176692064504811 -256.286690725412 87.4089887347568 -1720.23466374314 -1.37263590263848 51.718538117202 53.0065938857623
1820000 18160.2247596703 9545.52182860922 3963.50255158966 4651.20037947139 1.00547973124867 0.0277507565907251 -1048.16420621424 -184.30560650665 -1731.7178642974 -1.31800333234292 51.7314685934781 52.9433544769686
1821000 18205.0262379924 9510.93359377827 3975.61348299788 4718.47916121624 1.00183637159933 0.00417689902298838 -610.234138298417 630.548432172457 -468.978667088667 -1.43706628030941 52.0225393357985 52.9433544769686
1822000 18068.2561087289 9468.6165582114 3889.07106068115 4710.5684898364 0.997378896951746 -0.000582079253665945 841.702947980756 705.531906802429 -1485.40414792346 -1.42136591279348 51.4453385161828 52.9433544769686
1823000 18224.3475181748 9472.44461187536 4039.73413656088 4712.16876973855 0.997782125862471 -0.00760738396309931 -828.212978308923 1554.23398192146 74.6272151838573 -1.44925490318718 50.9718437872356 52.9433544769686
1824000 18088.7198739503 9524.31322145659 3945.15990676699 4619.24674572677 1.00324571774968 0.0334098816998418 540.911098281071 -1430.70815142567 -2597.06555429505 -1.30535092298233 50.5456558123187 52.9433544769686
1825000 18142.7232167958 9464.13995013135 4009.60935227343 4668.97391439105 0.996907352412845 -0.0128570387775034 578.201108179742 728.819568151197 38.3038783787448 -1.50894514183344 50.6756486834073 52.9446633895618
1826000 18344.6513476689 9633.64591508135 3967.652402333 4743.35303025454 1.01476230211001 -0.011199619552215 -287.694108342352 1301.86617494741 149.90586139298 -1.5159358394147 50.6756486834073 52.5914156087464
1827000 18304.2336305705 9582.82651621306 4003.74280532828 4717.66430902915 1.0094092290739 0.00463761389587778 791.26155737981 -271.047011749045 -993.56645846912 -1.42525228945779 50.6756486834073 51.6446839606015
1828000 18229.3789122089 9471.34084104356 4106.84821413544 4651.18985702991 0.997665859908733 0.00630244243804954 -339.531487085768 573.37807595845 -876.995045001112 -1.45822571081591 50.6756486834073 51.6343150047708
1829000 18109.1637717169 9448.25267815756 3895.90226628299 4765.00882727634 0.995233862975463 0.0364472789273214 -20.3457830395368 -1159.28584288883 -2553.61752456774 -1.29036196139619 50.6756486834073 51.8272232021302
1830000 18193.3181523371 9408.27947655956 4012.7347526031 4772.30392317445 0.991023276616586 0.0184916127054848 -778.847922349803 299.215500485809 -1411.35759673608 -1.35724859663228 50.4418405848533 51.9827098343129
1831000 18163.7879902198 9475.68537788191 4028.00404365606 4660.09856868185 0.998123492693097 0.0145757288610955 -1124.56217142789 204.160971692801 -569.8179997946 -1.38640700458122 50.4308573147283 51.9827098343129
1832000 18255.3569083839 9489.67526254032 3989.05226449536 4776.6293813482 0.999597120402414 -0.0252328015964715 -174.332890668766 1935.84805674489 834.647452907156 -1.54837943446401 50.7508005401672 51.9827098343129
1833000 18008.5234530633 9368.73393707285 3932.20246603427 4707.58704995616 0.986857738144293 0.0265524215722073 -138.412713041793 -982.339582051335 -1622.63650089378 -1.33311276332827 50.9635536671919 51.9827098343129
1834000 18097.3954267474 9562.20424764877 3960.86522289349 4574.32595620509 1.0072369776846 0.0118907879591047 -685.933724628389 295.009052724357 -851.72056550074 -1.36859191177505 51.5481403904585 51.9827098343129
1835000 18111.644886301 9418.2479080086 3993.27222085361 4700.1247574388 0.992073303629705 0.0104587380086884 1052.93925946238 -392.023039746035 -1762.99715372467 -1.38718942724982 51.7321297651419 52.2287028425154
1836000 18407.5943132091 9639.96394726642 4132.72903096584 4634.90133497687 1.01542781347937 0.0101373967528309 471.367527875655 -698.749025400648 -844.311103876778 -1.43252899993435 51.7321297651419 52.398496190719
1837000 18363.6548457016 9698.09176251371 4017.18165860053 4648.3814245874 1.02155072023108 0.0119249746715287 40.5988271337117 177.705277262759 -1492.85016119762 -1.38167131256155 51.7321297651419 52.9752607574432
1838000 18036.296854201 9496.85517955315 3949.57638092208 4589.86529372572 1.0003534186078 0.00553394578146534 347.398752055362 -87.596696413589 -849.769006214307 -1.40491747870906 51.7321297651419 52.8406094929587
1839000 17966.9378376424 9426.76434655948 3933.90868813108 4606.26480295186 0.992970384637855 0.00554502296799196 -241.250952082803 -78.0737883594564 -271.250074665435 -1.41008483768144 51.7321297651419 52.7893856684655
1840000 18011.6237848202 9458.09515225721 3956.51684267537 4597.0117898876 0.996270622242293 -0.0218787277072841 464.71208536198 413.200239483796 1481.47503503191 -1.53662197063142 52.4247758286472 52.7443562419656
1841000 18191.5626612295 9434.30734653034 4129.4071609921 4627.84815370709 0.993764928269905 -0.00307392572989901 917.305934623949 -342.413110003465 -245.659553283202 -1.46946079585609 52.06786187118 52.7443562419656
1842000 18377.0935624878 9567.55745741144 4126.92767107452 4682.60843400188 1.0078008592628 0.0105096675327073 -443.437317783918 -580.243747317049 -99.6899102444722 -1.44065933134744 51.962928415831 52.7443562419656
1843000 18217.3563179846 9562.40714598497 4015.48019041222 4639.46898158744 1.00725835002738 -0.0129717133669887 582.139219188885 -107.534851579474 905.888546986741 -1.52647194748125 51.7364035268413 52.7443562419656
1844000 18178.0324654588 9568.69902927929 4005.07519627629 4604.25823990317 1.00792110699735 0.0166556116577019 -120.511039536211 -1861.28656365233 220.583446626555 -1.37924846897118 51.4056646004237 52.7443562419656
1845000 17922.2845815362 9453.50199846969 3853.75365759999 4615.02892546654 0.995786801334565 0.00104851118669182 64.8159731710177 328.759384575244 -504.462596476864 -1.40197282107507 51.6008637769574 52.5517184372414
1846000 17965.6320049065 9489.59582543962 3875.27654268237 4600.75963678455 0.999588752877192 0.00194719431032065 85.519419222471 886.438811943019 -1177.44602865094 -1.41096525111446 51.6008637769574 52.4390924298048
1847000 18070.1229150751 9529.8119551803 3935.36187139927 4604.94908849549 1.0038249281277 0.0123275246666061 -596.2817122131 -120.708114950686 -582.508793492977 -1.3660248554654 51.6008637769574 52.3815522595576
1848000 18181.24523027 9461.93153120873 4048.55752783336 4670.75617122787 0.996674728099092 0.0268080040903886 -727.577545463651 -364.904361285882 -1754.05183898049 -1.32702130021443 51.6008637769574 52.763096747457
1849000 18124.2267711914 9464.65574897642 3980.01058541963 4679.56043679536 0.996961684202499 -0.00502799734342079 932.555643352749 -304.095041954469 -91.0713286444781 -1.45277284042932 51.6008637769574 53.1095198047797
1850000 18164.8066633747 9676.42147378781 3969.30096808213 4519.0842215048 1.01926807539767 0.00261530345243808 296.421217567462 -72.6209117092395 -501.500207973403 -1.44100652956417 51.3213161919159 53.0507156311265
1851000 18058.7797715748 9473.26511143839 4066.56487606573 4518.94978407067 0.997868553372138 -0.0177860728771898 1030.54855241595 590.100666091272 259.286522576179 -1.53892900976418 51.0866098486471 53.0507156311265
1852000 18156.6939458665 9442.27465029563 4117.11960959779 4597.29968597309 0.994604166039462 0.0417525468996179 -139.114554155241 -2309.24739287081 -1906.67722243557 -1.2944386545677 50.4142416961707 53.0507156311265
1853000 18223.3058965924 9661.34828843645 3962.33013698589 4599.62747117005 1.01768033796139 0.0109865853147182 -46.7582980725817 -632.889700409254 -471.305829628225 -1.42827014969369 50.6336593519451 53.0507156311265
1854000 18282.5269832502 9689.98032566551 3990.64532480679 4601.90133277791 1.02069630017017 -0.00518744346849328 709.043875732315 312.656081206424 -475.61093060163 -1.50653014116121 50.8808337060972 53.0507156311265
1855000 18298.9029094643 9614.32383058623 4053.51161530987 4631.06746356824 1.01272700590786 0.000825411745075022 1604.78391049829 -361.203951717948 -1330.47845560044 -1.46743085926145 50.868130007652 53.0678191114969
1856000 18169.8351201425 9583.8349479086 3967.69865669552 4618.30151553841 1.00951545245785 -0.0110600351314373 611.171224240002 631.283807559829 -62.1999606744097 -1.48248928036007 50.868130007652 53.7909220851266
1857000 17616.4455113457 9244.90679511804 3800.71117884821 4570.82753737945 0.973814377744566 0.0267322851123001 -1136.66321005029 706.918289729991 -2388.53076693691 -1.29944565184214 50.868130007652 53.1418917063007
1858000 17944.8421010359 9336.15722603779 3941.08728590513 4667.59758909299 0.983426262815378 0.0350170209395276 -1399.45714043566 -97.5729071576469 -2157.30742552088 -1.26338552880071 50.868130007652 52.6040371618252
1859000 18137.0314683341 9507.61342416092 3994.99197646375 4634.42606770942 1.00148664077115 -0.0135526073770628 84.4788452999856 622.709829885789 705.651974150487 -1.50486231355171 50.868130007652 52.548454214045
1860000 17966.3011670324 9456.11602060305 4014.35342490264 4495.83172152667 0.996062149955554 -0.0122100979548066 453.112726368378 -190.378107159969 1017.01850615276 -1.5058411878411 51.3297025425199 52.3568724819514
1861000 18074.6328778447 9561.03187676178 3878.68579547712 4634.91520560581 1.00711348572832 0.00659481010114029 -115.29787984696 -1191.5218995998 620.127330010817 -1.40832872007389 50.9943046723131 52.3568724819514
1862000 18110.3564516429 9520.91878508171 3991.93426900324 4597.50339755796 1.00288816401556 0.0104355578074068 1240.67227634616 -401.032033886923 -1920.19550585424 -1.40238747439274 50.7099300751902 52.3568724819514
1863000 18135.9913948261 9399.13385529425 4063.26017405267 4673.5973654792 0.990059920502897 0.0134323400362304 -188.392968278378 -223.923114423596 -984.031504640754 -1.39292242698553 50.910054081479 52.3568724819514
1864000 17936.4519040199 9435.21411406242 3910.3605308036 4590.87725915386 0.99386044283588 0.0168492560983415 211.259120702195 -871.09899394923 -1099.50595515675 -1.34687166745877 51.1366390853927 52.3568724819514
1865000 18118.0153365869 9647.92693416563 4021.09684861774 4448.99155380349 1.01626659653085 -0.00473304127504167 921.373564225903 34.3666128362124 -460.80759532506 -1.4777059362206 51.3532746473591 52.2123214734235
1866000 18068.8139300982 9551.10666763641 3951.53200086488 4566.17526159689 1.00606801154858 -0.00179596039303836 534.634378109326 238.207374195994 -583.444891463465 -1.46102752790781 51.3532746473591 52.6554431557902
1867000 17993.8512020483 9453.0984998911 3966.96251937262 4573.79018278454 0.995744298719239 0.0226895738149719 -561.557303733458 51.6539337857398 -1895.6295018894 -1.34245133853502 51.3532746473591 52.9361324107437
1868000 18081.1181680135 9686.66760869277 3943.76095609092 4450.68960322983 1.02034735436802 -0.00987902635776575 -528.472004762736 -49.1941777068715 1630.3977230057 -1.51019580102901 51.3532746473591 53.2072411877003
1869000 17922.6768598046 9482.62910093329 3874.54403531926 4565.50372355207 0.998854911353378 -0.000483596473718786 696.925111354726 -519.800083078526 -125.63647686855 -1.4264562880753 51.3532746473591 53.1612027974745
1870000 18030.0193888094 9574.89769435164 3990.43222056882 4464.68947388893 1.00857404480451 -0.0140098883543018 298.722345775032 1310.24075031829 -116.553867894385 -1.50932841518533 51.2877954367149 53.2567441977261
1871000 18111.1433335742 9538.85928988773 4057.75226500911 4514.53177867734 1.00477793120427 -0.00186202310030736 179.560333625567 -537.650006883776 556.645537006306 -1.47355867218421 51.3403036398074 53.2567441977261
1872000 17899.8679561216 9382.39375902741 3973.54515557332 4543.92904152088 0.988296598622996 -0.000178917331285047 27.8444141607016 55.9179841871736 -64.5083071469008 -1.41282905234134 51.8121236392115 53.2567441977261
1873000 18086.2036447228 9497.8519251359 4039.47632451304 4548.87539507387 1.00045841103238 -0.00693762223772759 321.890430092038 -156.744245547516 580.936929489517 -1.48858296089887 51.7770547597388 53.2567441977261
1874000 17955.3159296161 9484.8794549108 3960.42413558736 4510.01233911798 0.999091952905756 -0.00609588476450697 1595.83477726032 -770.421393689506 -169.959470526632 -1.47159887598587 51.7685728067364 53.2567441977261
1875000 18086.3949914805 9657.79898907623 3931.48498660953 4497.11101579471 1.01730647169919 0.018378641803596 281.133116558139 -337.040462186175 -1901.61513667765 -1.38519132947945 51.4009460167816 53.1321788666929
1876000 17978.6687574021 9417.20258467033 4078.60282367013 4482.86334906167 0.991963194256105 0.0123377705414991 -1024.38522335713 194.814922712632 -471.007280489138 -1.41320114170988 51.4009460167816 52.5852394013921
1877000 17821.489352975 9370.60749533319 3921.62431376143 4529.2575438804 0.98705508983338 0.031121843721448 -1756.36439151833 -630.081841485717 -869.014952900859 -1.2866257693685 51.4009460167816 52.1808903412358
1878000 18223.1470334301 9580.08178131347 4034.47018066114 4608.59507145545 1.0091201117937 -0.00751984279324512 422.753352875371 -207.527808187834 572.945470736975 -1.50740536147514 51.4009460167816 52.2848635826842
1879000 18119.8175865036 9497.33233086746 4020.02572710754 4602.45952852864 1.00040367945094 0.0285854999229562 -1804.67465708527 8.62403524052509 -1244.59345889878 -1.3103069308739 51.4009460167816 53.062056322899
1880000 18070.0714467149 9579.85255985779 3948.44197192703 4541.77691493012 1.00909596669909 0.0175818682058232 170.485228470224 -488.643245190803 -1553.60871626109 -1.35411731532715 51.3603121519133 53.1489198101129
1881000 17792.7637461011 9378.02546767989 3971.41816733219 4443.32011108899 0.98783646365196 0.0035932062790385 12.6278294387878 274.407016047354 -669.499268931067 -1.4021242667668 51.3511110107802 53.1489198101129
1882000 17865.720450492 9485.89962222724 3955.02062169665 4424.80020656808 0.999199412464027 -0.0198111678627836 1055.48937175301 2702.08690063976 -1647.81565528844 -1.5165133060383 51.3764454628518 53.1489198101129
1883000 17956.6067869616 9418.88239237576 3945.62794468199 4592.09644990382 0.992140137186049 -0.0228236411135717 727.858458438289 1774.67381581922 -84.3533079399288 -1.53123092806305 51.1145403967489 53.1489198101129
1884000 18024.9880511931 9429.54781237919 4019.14650519368 4576.29373362023 0.993263581648411 0.000901187820299908 -815.759304786552 660.003378542091 60.6209812303239 -1.45430592827181 50.9290656369502 53.1489198101129
1885000 18058.4382780397 9565.15997033069 4040.63337632971 4452.6449313793 1.00754831941125 0.00149751412142691 -112.152782857286 -260.884812770286 214.94583642169 -1.43817443574356 51.0636651302417 53.0104773954828
1886000 17854.4324770452 9540.0084513163 3790.64967450381 4523.77435122507 1.00489897838693 0.0161761529463381 199.869895218815 -462.601116291885 -1444.06736687046 -1.35821187722797 51.0636651302417 52.9822551707738
1887000 18018.9950390538 9498.96201889697 4005.57090670887 4514.46211344793 1.00057534301332 0.00189106597663007 161.974011569659 203.873434165389 -564.248155526273 -1.43413644053094 51.0636651302417 52.6817205270337
1888000 18078.9932710482 9479.72854832982 4045.22111859592 4554.0436041225 0.998549380979598 -0.00771254897542436 1326.36407673175 -145.034830904992 -370.250499227832 -1.46274457635274 51.0636651302417 52.8066352783847
1889000 17922.9885930701 9397.8362891598 3963.45318915996 4561.6991147503 0.989923241076505 0.0146186495173505 -1119.93054310334 589.507280674535 -1013.31470805417 -1.39434007523201 51.0636651302417 53.0261067747628
1890000 18168.3104382961 9553.84482955541 4019.90670006055 4594.55890868011 1.00635643646236 0.00398795667434699 643.775857331576 -151.371350698976 -910.398925646662 -1.46413013956184 50.7971118760562 52.9074005194369
1891000 17956.2476799134 9493.02502804076 3960.86555130711 4502.35710056554 0.999949968719731 0.016236862743648 -180.531942232219 560.300480406218 -2073.27193400287 -1.3953210145847 50.5478771526394 52.9074005194369
1892000 17881.2786632697 9447.6045515771 3976.49467017463 4457.17944151799 0.995165592413451 0.0217516213420246 -913.097363102572 -967.706779372814 -386.858679526801 -1.36826656050106 50.52494094218 52.9074005194369
1893000 17900.0304941814 9474.5070258975 3898.62228982191 4526.901178462 0.997999370716543 0.034034114729159 -486.555824366375 -2101.6735565081 -945.548442752555 -1.30733795106297 50.3203613835926 52.9074005194369
1894000 17790.667606365 9334.75078638195 3907.72568252889 4548.19113745415 0.983278115171639 0.0267684247165844 -1283.43913745503 588.76489035563 -2089.91862090169 -1.30805322687428 50.4147782286909 52.9074005194369
1895000 18049.7525169241 9494.44214155826 4034.65816927872 4520.65220608712 1.00009924069714 0.0192935721081027 -1201.20812344863 -651.425893907584 -157.477890346125 -1.35471409385419 50.508908464701 52.8901749468202
1896000 17829.3694972448 9488.59693374214 3898.56213555657 4442.21042794611 0.999483534391125 -0.0208883625971977 2046.85906460323 818.694144606936 -683.465516691727 -1.52292446559673 50.508908464701 53.0316588052669
1897000 17685.6718573494 9381.42377993494 3848.60762176096 4455.64045565351 0.988194425652809 0.0230220449112101 43.0793316016191 -72.193669969811 -2382.1548424497 -1.30206966421582 50.508908464701 53.1703119489109
1898000 18094.9469478269 9533.76752115524 4005.82382879125 4555.35559788046 1.00424158857695 -0.0319328637365549 1843.07600210484 861.236285420425 644.893586701592 -1.58098654477005 50.508908464701 53.2440872289593
1899000 17565.0916278122 9203.1758686861 3906.46722729974 4455.44853182631 0.969418641037141 -0.0116592941211458 1441.32821640915 -256.986381544094 53.3472429331183 -1.47488306749327 50.508908464701 53.8898171654809
1900000 18027.5420051115 9640.57108013331 3915.18360108566 4471.78732389249 1.01549176595916 0.0330409671324593 -111.280638099188 -1496.77526467395 -1880.52634052265 -1.30208218012121 50.2417716273193 53.8848480899582
1901000 17811.6126322413 9425.9602062852 3884.29827986805 4501.354146088 0.992885680337621 -0.0219205593271341 881.983399747488 2100.53778884598 -661.583592667848 -1.52857210371113 50.3825984521318 53.8848480899582
1902000 18001.9010485168 9665.816323181 3925.42538449044 4410.65934084534 1.01815097942603 0.0165193611239926 96.7720428632359 -262.34607270258 -1584.03277043019 -1.37578994777362 50.3983062120501 53.8848480899582
1903000 17886.6076010947 9646.34386645718 3844.5423894707 4395.72134516678 1.01609984373068 0.0140528129514503 -94.1580254972936 -1187.53595709943 -218.670364055215 -1.39283416493249 50.8045021427972 53.8848480899582
1904000 17802.1329968948 9489.21852517343 3934.19900723974 4378.71546448161 0.999549009867112 0.0228242330732381 361.289817150195 -885.814405772226 -1938.83596511932 -1.36554140993476 51.3571031930436 53.8848480899582
1905000 17914.8229778865 9441.38647148356 4034.549617452 4438.88688895099 0.994510609520573 0.015541373187122 -1275.51771022143 669.633458412148 -1067.3219449572 -1.39516820015779 51.3025157726788 53.8092335014756
1906000 18016.2430972795 9548.27483951862 3997.62727126539 4470.34098649546 1.00576972028426 0.00087281929594796 -212.739191478727 -575.329803900089 694.769113671805 -1.48154717394919 51.3025157726788 53.4261014667895
1907000 17973.7422523866 9481.40877485291 3991.41485656964 4500.91862096409 0.998726368025798 0.0379980192174912 214.459899890487 -1684.38264150376 -2607.60210825175 -1.29132949824085 51.3025157726788 53.6330368757242
1908000 17593.1473795894 9355.13590394042 3865.87659505021 4372.13488059877 0.985425386205343 0.0188817902107099 -569.982958405979 -872.218560633306 -592.272457880348 -1.35829413988375 51.3025157726788 53.8524791834816
1909000 17967.5324092842 9509.01560153184 3952.47007777398 4506.04672997834 1.00163433944613 0.0335064591185081 -2045.22266884524 -944.052451826923 -627.805707798826 -1.30390092729828 51.3025157726788 53.9543430713819
1910000 17856.2098081524 9442.42699869923 3955.13230098146 4458.65050847168 0.994620213693499 0.01141266021731 -530.015243046549 -1032.25427569322 329.261504828244 -1.40085438410935 51.6504532039243 53.6340099522746
1911000 17899.6992350743 9493.94503270613 3959.92551078137 4445.82869158685 1.00004687762218 0.00649812338006219 -317.762902288156 497.561436501104 -882.327436409301 -1.42532550379231 51.6858148597564 53.6340099522746
1912000 17988.7496116984 9538.06807270865 4046.38020321795 4404.30133577184 1.00469458816123 -0.00385560947086585 687.50747896874 336.252384398687 -607.945387170643 -1.46440303099813 51.5586682573372 53.6340099522746
1913000 17823.9472946834 9463.39801444779 3976.06155382848 4384.48772640713 0.996829200447442 0.00245377063902646 -564.226990114973 1260.91634526667 -961.018328595939 -1.42281826424079 51.4998457795462 53.6340099522746
1914000 17665.5255572787 9370.90881479486 3858.88686902008 4435.72987346375 0.987086829387988 -0.0107640039553687 270.915916084254 2422.20485216822 -1540.88087074246 -1.49162808746574 51.1757463430406 53.6340099522746
1915000 18057.9523448418 9572.57803643868 4043.62067415712 4441.75363424602 1.0083297031062 0.0315797203726402 -565.69764291834 -388.297586062902 -2430.94834115468 -1.30934497792412 51.1419035134298 53.7404943728682
1916000 17639.9972154844 9434.15085027637 3799.51757900098 4406.32878620706 0.993748443701098 -0.00011203602374057 -144.384104397501 876.247019268918 -719.868712803934 -1.44864151271964 51.1419035134298 53.675015519976
1917000 17921.9304552595 9467.14780549697 3936.25178702459 4518.53086273791 0.997224185547688 0.0107517829168491 -414.779551024686 -431.430567350459 -293.589071487455 -1.3942298105512 51.1419035134298 53.1503784482583
1918000 17824.4991207499 9472.10609516269 3985.21313520452 4367.17989038271 0.997746468126896 0.00612329353239679 1103.5139431081 -361.023293169259 -1391.1080745092 -1.45783020638189 51.1419035134298 53.1082556509609
1919000 18057.4206864334 9663.23237925885 3970.88933134471 4423.29897582987 1.01787879910032 -0.0279598335384813 2196.56944830225 1026.59446187269 -262.420648929471 -1.59885738347724 51.1419035134298 53.0914604862607
1920000 17449.4725384753 9355.24906807473 3753.81990464512 4340.4035657555 0.985437306375386 -0.0161290660999489 343.041293476044 1381.12349325112 -16.6400103176803 -1.52192336536767 51.2772299967409 52.9381339865451
1921000 17565.8389517103 9473.00576180852 3869.91854053553 4222.91464936629 0.997841234719389 0.0248107104972857 -745.818437624868 553.573292947052 -2471.09373091564 -1.30523261688341 51.7078145921007 53.2312221286472
1921000 17565.533658656 9473.00576180852 3869.6034308426 4222.9244660049 0.997841234719389 0.025655577560892 -764.544248574745 497.552170860061 -2486.91651414611 -1.30150341459721 51.7078145921007 53.228831820338
1922000 17011.0039040459 8981.26877156159 3810.17490633465 4219.56022614967 0.946044006063263 0.0153032022698996 109.210578173679 -751.657954344176 -985.25082310691 -1.29052736611124 51.3681988180206 53.0924320141782
1923000 17530.1067808198 9422.38072345076 3804.43162932603 4303.29442804297 0.992508634692238 0.0144030104722452 514.452837250581 -546.757923519742 -1511.43241219277 -1.3838165237742 51.7646424457153 53.0911767634504
1924000 17319.8191349861 9302.03704283746 3722.86093645323 4294.9211556954 0.979832205491912 -0.0164224856780261 1093.34496046169 1119.25869808921 -434.765440551346 -1.48481827761879 51.8253296158441 53.560752030543
1924000 17319.2038867895 9302.03704283746 3722.24250867037 4294.92433528164 0.979832205491912 -0.0147837480873303 1057.19133047776 1008.35875839683 -465.254413654977 -1.47750718861561 51.8253296158441 53.5561066786032
1925000 17367.3432791235 9143.33504825374 3878.53938780249 4345.46884306728 0.963115294491361 -0.00655582279604597 -371.638855459176 1613.50188661251 -522.758790402599 -1.41286174612295 52.1814870613178 53.8993571443752
1926000 17424.6585143615 9355.1998682562 3776.03044086387 4293.42820524144 0.985432123901217 0.0216364770098324 -89.5927731698247 -363.860569210133 -1934.95282656018 -1.30494243919816 52.4450879571463 53.9699743326343
1927000 17343.8993961445 9222.41208180924 3765.28716820242 4356.20014613282 0.971444891958629 0.00348966449100362 -200.110564919627 -452.84777865682 262.853798350079 -1.40236171526863 52.7535525244466 54.3351684652633
1927000 17344.1744166568 9222.41208180924 3765.56717763008 4356.19515721743 0.971444891958629 0.00261509171449047 -139.08558612143 -433.045817326289 279.780568391502 -1.40639075956941 52.7559914269959 54.3351684652633
1928000 17291.9650729084 9109.80976300748 3842.13546404286 4340.01984585805 0.959583900880337 0.0147007734318964 649.023860647347 -868.307095989388 -1429.29512016377 -1.3668255119262 52.5247638054532 54.744525284686
1929000 18041.767838184 9583.7900874008 4010.90771307084 4447.07003771239 1.00951072706597 0.00460934823975697 125.516101585345 767.773405368611 -1414.96324418502 -1.44527129186334 52.5968653635391 55.1740651917722
1930000 17923.5512101048 9466.87848123788 3957.17013216441 4499.50259670249 0.997195816215081 -0.00481456922628025 1263.08504737531 941.713127894629 -1648.11767423894 -1.47746948015256 53.364948582786 55.5556037325931
1931000 18193.2480488073 9747.4275148854 4054.93082319903 4390.88971072292 1.02674751302316 0.0350465749836817 -789.721760788181 -371.159816920406 -2857.90363419223 -1.33499677420684 53.1780711992861 55.2906920023865
1932000 17640.1771943784 9325.39288008749 3905.99367783244 4408.79063645851 0.982292397965713 0.0170585919099728 -1191.87047923969 -500.212525678743 -313.395840275478 -1.3551556504655 53.690912530441 56.1447966360739
1933000 17935.4632593192 9464.70102068949 4077.33106874321 4393.43116988652 0.996966452908779 -0.0136502328968561 1106.18426907223 892.754353755017 -355.15326255492 -1.54717323646035 54.0144692265377 57.1650157013899
1934000 17931.1401757667 9551.12905029632 3999.75844871134 4380.25267675901 1.00607036923119 -0.0157859895168366 296.18554396254 603.993096784918 1032.12052572339 -1.52334607397194 54.7367823522573 57.3401315793184
1935000 17927.965787325 9484.57803309113 4002.93345382464 4440.45430040927 0.999060202569246 -0.0067643267506076 1660.35863654412 -56.7543910612325 -753.080149886937 -1.52589529016174 55.3140188872295 58.2857277123814
1936000 17923.4736171539 9499.18592252756 3970.01742328059 4454.27027134577 1.00059892795361 -0.003512717600091 1018.57183216089 757.447001884784 -1326.01035488749 -1.48764551697832 55.612294134879 59.066609443977
1937000 17766.3706045969 9426.0664254872 3921.99946773176 4418.30471137794 0.992896868961627 -0.00127642730793142 -595.035552909701 812.839259863472 -53.2101390285451 -1.46804416440265 56.007866744953 59.0341255106786
1938000 17599.2609014457 9336.69962599935 3854.71072348415 4407.85055196218 0.983483396639737 0.0168278013475853 4.4299824934225 -1094.6889739967 -1116.68939113088 -1.34009971128362 56.0731990027154 59.9714927083645
1939000 17932.4448870156 9513.46833946037 3969.38912591357 4449.58742164161 1.00210336961715 -0.00126365634032762 859.334467199442 243.650998341546 -936.739806325998 -1.44687269650806 56.3522582863799 59.8611976778438
1940000 17859.7955250632 9427.95597908428 4017.2059182892 4414.63362768968 0.993095905523177 0.00405577041338028 -436.098141118613 -112.121804239976 1.43527339863828 -1.4428627970931 57.0806872429692 60.5604604331839
1941000 17999.9150983477 9573.81879204406 3969.30905578125 4456.7872505224 1.00846039838248 -0.0135996986274051 1370.93792178027 602.030915087052 -135.616478251271 -1.53999185682432 57.1795386970459 60.5839956256306
1942000 17785.6842888904 9424.19484795296 3922.36805005462 4439.12139088282 0.992699725912778 -0.0172052488463306 1152.87012437487 377.244776117471 822.869848385876 -1.53752067323593 57.5784828041192 60.9022488986575
1943000 17855.8700586901 9478.01412843929 3972.83322981159 4405.02270043926 0.998368792167198 0.00560258008388149 974.817400094568 -165.000245506768 -1586.48569668709 -1.42374039628747 58.1733230975405 61.1025256052598
1944000 18020.3539462892 9589.75570480772 4002.56690974732 4428.03133173418 1.01013911674385 -0.013961999306129 1073.34930179152 1633.00353822075 -752.985877272491 -1.53898856094195 58.4580845301085 61.3658901339378
1945000 18015.8571326883 9590.60552441354 4031.38674641634 4393.86486185839 1.01022863268695 -0.00637317299117961 1671.07576674481 -702.77751016297 -67.5772838533395 -1.50582721760062 58.8248801556265 61.6039997004342
1946000 17787.749420624 9404.47760603723 3977.41221508242 4405.85959950432 0.990622805713091 0.0342459718388756 -842.694946989297 -1675.60657888783 -2367.12429435629 -1.2404256851283 58.428358957234 62.6043675387916
1947000 17796.9419106656 9395.81362016037 3965.58652196259 4435.54176854264 0.989710182773516 0.009826044047534 -58.7620314812146 -552.852574211559 -800.128124373795 -1.38332905683402 58.3816945001642 63.1008995225741
1948000 17714.5601192255 9431.90519194975 3924.49197798445 4358.16294929131 0.993511896766182 -0.015623383430254 1057.4837106812 1554.16341906429 -350.184731937343 -1.54058556749368 58.6958332762058 63.2327980974071
1949000 17839.7240177894 9500.64157491626 3945.77259834986 4393.30984452333 1.00075225943185 -0.0180738632643245 728.263867445906 885.22054306063 1044.98666788744 -1.55473269124371 59.2172653892073 63.6895224446893
1950000 17809.1708938364 9531.72884075358 3916.57104093439 4360.87101214841 1.00402684370923 -0.00901708943364204 1010.18741878825 256.752917752712 74.0557578379814 -1.48708033887563 59.3201153229841 64.2827640117314
1951000 17811.9356947631 9485.55557807409 3942.40945114712 4383.9706655419 0.999163172494242 0.0012431320151083 827.547532677924 93.9762976158192 -1109.98008354758 -1.42473337628567 60.1072240738121 64.6698751981399
1952000 17734.7187071039 9447.72772044062 3910.31719561152 4376.6737910518 0.995178566433941 0.0103073176424736 -192.292398498315 -267.711479164665 -1115.23799180396 -1.38610304462694 60.2746486605584 65.013312161952
1953000 17828.120806765 9448.19791387724 3959.76477366219 4420.15811922554 0.995228094367435 0.000364799439310427 636.636991057416 -11.2446641947091 -681.283858497779 -1.42905291421389 60.5288594050773 64.9029970216957
1954000 17775.7986748558 9489.2422091495 3988.8704097332 4297.68605597306 0.999551504624164 0.00327243925777419 46.7517240800227 1364.89735755114 -1917.94547370493 -1.43042257045146 60.8604856860079 65.1828308480962
1955000 17932.6897129541 9465.38283553618 4070.03477800248 4397.27209941549 0.997038272032041 -0.0269864730103755 882.755843309728 1736.08656045129 1559.54602441048 -1.64409075926262 60.5166309989581 65.6029444518034
1956000 18073.5053417365 9601.04758110032 4030.72338677192 4441.7343738643 1.01132854912312 0.00917558880287534 515.193752451257 577.462253678282 -2513.11399595156 -1.4244164125466 60.4460452459039 65.6692342718458
1957000 17988.4657052762 9536.35566132156 3992.84009583179 4459.26994812289 1.004514210915 -0.00230378030294499 1222.09530885975 672.328316798128 -1537.6488132925 -1.46455663014062 60.7857397910668 65.3261121217413
1958000 18118.6034873131 9615.55971160948 4122.44037599068 4380.60339971293 1.01285718771891 0.0145119508774398 -864.836340547396 9.4758996169979 -1423.94982611352 -1.41542189846643 61.1606802377482 65.8477186478673
1959000 17920.1672856158 9578.76584627069 3924.29852329833 4417.10291604675 1.00898149747413 -0.0122973521890353 -245.864624853059 1455.79598378203 719.846547270472 -1.53715570663956 60.9101959843178 66.0603871913768
1960000 17772.0132912808 9441.09325075124 3986.41482137363 4344.50521915588 0.994479723047479 0.00678015082795609 -665.38574610835 494.056110188776 -893.287776975779 -1.44090149594299 61.0118328271712 65.9896054133729
1961000 17814.4620960816 9401.57223338175 4024.73378243622 4388.1560802636 0.990316767618029 0.00422715792906938 -172.40844372096 628.798245947802 -1113.12876569137 -1.41863342736089 60.8166090803212 65.5024434359528
1962000 18023.1882038202 9577.66275761869 4119.68395586653 4325.841490335 1.00886530337796 0.0124160723111802 -1062.12876648127 -251.865953384073 -637.528151981876 -1.40628886517656 60.7707521056408 66.3178127310171
1963000 17800.0045013765 9391.9648755919 4012.59689198115 4395.44273380348 0.989304774381619 0.00842424709519563 -583.807668021376 404.837838893774 -1156.77526854955 -1.39915697087449 60.7830944666933 66.8875176912427
1964000 17707.1379424722 9442.74831712508 3902.11424802113 4362.27537732602 0.994654059843585 0.00200313670151417 443.874994703381 32.6257305408126 -797.177655830342 -1.42997298981763 61.1715977244195 67.1031177639284
1965000 17847.793332981 9438.54159240401 4001.7017722124 4407.54996836463 0.994210943530206 -0.0267883366338391 1868.93680651987 1747.11378489227 666.930156556137 -1.61824576148395 61.1308342448442 67.0618368564747
1966000 17987.5412327163 9602.32095936381 4046.68382626012 4338.53644709235 1.01146268071457 -0.00578195827326108 268.20221567662 269.704486010201 405.34440111458 -1.49298588709004 61.9945129556674 67.4736973822649
1967000 17771.2248748491 9438.64629714096 4003.98414024429 4328.59443746388 0.994221972627688 0.00967763205190394 -1365.57676993662 190.088722729071 -411.869375535259 -1.41485883483392 61.9389697400847 67.9011354831902
1968000 17612.3136962044 9332.97468392395 3941.175234221 4338.16377805951 0.983091029011844 -0.0191402205016512 1840.77189728506 693.117545542533 601.001896293639 -1.56194094646051 62.056229031424 67.6745796669225
1969000 17967.5062258659 9506.33020391982 4039.83176269856 4421.3442592475 1.00135147247273 -0.00415121383905696 1553.29865254473 218.415180583252 -1080.06950918795 -1.49340312934799 62.5829141592942 68.2633068127772
1970000 17785.4643329525 9399.13729656176 3964.56346396832 4421.76357242247 0.990060282989599 0.0123199407836406 -1059.82776019902 611.223230082602 -1602.89402988615 -1.33803819426836 62.4662235699245 68.3522378353973
1971000 17738.9926473233 9470.44042318242 3872.91021226738 4395.64201187352 0.997571014186804 -0.00648878042702358 1137.16261886619 220.416147152861 -258.422046123109 -1.44683328304286 63.3273507717111 68.5868115289458
1972000 17943.7967760434 9568.72052179976 4052.60058557075 4322.47566867285 1.00792337091692 -0.00696097737541058 1757.27578537754 1290.58782433923 -1847.74215152665 -1.51557471117942 63.762721659427 69.3303712042069
1973000 17853.8626247563 9444.01429928448 4056.36128015083 4353.48704532102 0.994787412364721 0.00596786998671781 -1338.47675384316 798.444611508965 -499.171376367423 -1.41289687927084 63.8576908646101 69.9203249844957
1974000 17730.5171605925 9378.14730963589 3977.04605105368 4375.32379990294 0.987849297902343 -0.0192176922920433 1271.40090609495 1438.63473797793 662.370256024092 -1.59199086803163 64.4756134386308 69.7876405116758
1975000 17780.2406573932 9382.64784776044 4044.84601056943 4352.74679906328 0.988323363117969 -0.002090006163292 797.732666225864 732.999167213544 -1158.31347691307 -1.4748830697369 64.9264859688501 70.3715322453069
1976000 17886.4978784127 9494.46073606648 4026.26795437267 4365.76918797354 1.00010119935392 -0.007492065862155 52.3764758099192 1462.92447348075 -179.295030966158 -1.54773903312757 64.8003881484878 70.5609762958998
1977000 18015.6273615604 9513.12733465664 4056.51852868293 4445.98149822083 1.00206744979793 -0.00654448551989939 824.611171096789 528.555791391784 -179.401712292414 -1.51203331118114 65.0147035963873 70.7342157594348
1978000 17584.1456825021 9397.13298020357 3947.24649038668 4239.76621191184 0.989849157866285 -0.00200057954391991 778.428754981122 411.561537012274 -825.904460291892 -1.46553175239787 65.7416944457624 70.9810557250071
1979000 17982.9420831812 9588.23402691756 4074.42842581224 4320.27963045136 1.00997883045426 -0.00542980617136852 1365.31340783253 540.756817572693 -918.802892711193 -1.51532638948232 65.9139144804972 70.7308258715982
1980000 17885.9170030676 9549.09556911637 3959.51016054339 4377.31127340784 1.00585617202469 0.00340442566194938 247.581134466648 180.407167730368 -1051.18891373439 -1.44612842210848 66.3311259185435 70.7623160863361
1981000 17850.1977481569 9400.36246607253 4094.91641352608 4354.91886855832 0.99018933650103 -0.00174866527358097 546.395869391308 368.300911814145 -595.572686879314 -1.46763335677897 66.2654362828753 70.615695529807
1982000 17777.9934746679 9490.38485357393 3923.02794081864 4364.58068027529 0.999671865336697 -0.00247545228842999 408.913293867145 791.738457968711 -750.259705672031 -1.47876715442588 66.2378445754556 70.4312430455075
1983000 17713.4254446433 9372.06860844477 3992.78939961153 4348.56743658697 0.98720899651812 -0.00935216554804683 248.965165987187 1250.83878282474 227.836136942801 -1.53377517069753 66.6956708215959 71.0197001406269
1984000 17990.6299332349 9551.60558578203 4053.64768189584 4385.376665557 1.00612056520588 -0.00797279610344199 2293.78219043027 567.401040790154 -1370.91656815407 -1.51117603270438 66.9478942916841 71.5899073174832
1985000 17713.7575154693 9414.61447817768 3940.44174475443 4358.70129253717 0.991690575465074 0.0114466877594004 -1012.81967234298 -341.571506883731 -799.780013656152 -1.37172357300926 67.1591480246561 71.8506319773615
1986000 17983.826494935 9619.17195562509 4020.26668673564 4344.38785257422 1.01323768427083 -0.00353296753198972 794.628240147321 1575.96564764361 -1702.74216138918 -1.52837816836496 67.4439392661265 71.8675551672626
1987000 17912.6250973518 9528.84732522398 4018.3501501285 4365.42762199937 1.00372331860999 -0.0016817326001408 1188.10630848558 -647.291871552364 -225.59057320069 -1.50463453411418 66.9979397472564 71.7358237926495
1988000 17625.272002623 9308.51610697181 4024.59742156532 4292.15847408582 0.980514679198589 -0.0141407881883 1040.3665168166 2012.73542252355 -398.784165071302 -1.55339919290897 66.9535051349866 71.8855124587577
1989000 17815.7781910671 9464.9203017215 3934.28186565779 4416.57602368783 0.996989550926581 -0.00232929270524177 993.548822358181 913.977579501043 -1466.09583028858 -1.49474319905839 67.3862092729698 72.1111974336339
1990000 17828.5909935302 9485.81164478699 3978.09475710445 4364.68459163872 0.999190145340179 -0.00565452381742623 213.890746092858 1471.47094712839 -610.085315649819 -1.50287353077758 67.6161342550263 72.1122626623633
1991000 17933.8412892372 9522.07534446191 4026.80060193012 4384.96534284517 1.00300999046315 -0.00764554319700726 -35.4534858528841 1750.97546515366 -253.429879279249 -1.53843037547954 67.9925324246457 72.1174828721169
1992000 17938.5727676571 9499.48521355801 4047.43123615567 4391.65631794345 1.00063045384295 -0.00253844284548529 -229.631129006274 324.441390624513 395.278530353625 -1.49463470063927 68.3834949711602 72.3921509809514
1993000 17983.7934380134 9502.30214996852 4064.94410097539 4416.54718706951 1.00092717648586 -0.014150568763578 1145.20140128308 666.878723449593 938.204765633279 -1.57283770368421 68.5279653362616 72.7229256679229
1994000 17933.3622792493 9462.63265171811 4104.52106494358 4366.20856258762 0.996748580788762 -0.00327720769494666 1048.09680602204 941.159463310977 -1349.15600596442 -1.48781724648209 69.0761170188023 72.5022553289442
1995000 17889.3481487436 9442.3216512773 4012.32883546641 4434.69766199987 0.994609116898647 -0.00279584151117189 968.616315271001 596.411702413097 -1014.7159008553 -1.46112213484194 69.2721188311475 72.8573629147017
1996000 17789.2317885529 9398.46478686425 4062.08375278494 4328.68324890367 0.98998944402636 -0.0113559101436584 1545.57001168378 930.510575944423 -225.133146607603 -1.58482850448622 69.4919210749268 73.1382361334872
1997000 17810.2836343208 9431.2682504302 3965.23535501983 4413.78002887072 0.993444804385127 0.00549705642387928 -957.08227638311 670.568273797087 -803.149943031636 -1.43772574767338 69.6472449859376 72.9783160148585
1998000 18075.0965506179 9606.77554831216 4073.96204900435 4394.35895330137 1.01193190586319 -0.00134018294286221 259.27831139126 628.347233333549 -619.059182095536 -1.49229313655289 70.4181511016554 72.9689851305583
1999000 17923.7463837678 9501.87798530838 4068.36501321785 4353.50338524162 1.0008824970041 -0.00699321251125638 136.045686404435 800.290748563542 480.533209745872 -1.5250502026407 70.8505549956386 73.3238578035247
2000000 18039.2951824535 9519.97433411478 4053.7121639702 4465.60868436848 1.00278868005633 -0.00135999419314123 1603.50754373084 410.110435382815 -1738.32005742872 -1.48036639963731 70.9458321952545 73.1601158232863
2001000 17874.5569291679 9445.14557685951 3977.06039842658 4452.35095388181 0.994906575747565 -0.00361754023976313 397.602890359569 1067.55552243255 -736.020510587115 -1.45976623143292 70.7314893094842 73.0665991997194
2002000 17788.1562785965 9263.58665146029 4052.72561809571 4471.8440090405 0.975782024696929 -0.0160820858545881 1464.1234263266 1970.70889195743 -183.763312432454 -1.61372268987375 70.7810774072935 73.2321922837934
2003000 17976.3559007673 9361.08833120907 4086.84699504537 4528.42057451289 0.986052386496979 -0.0119471607668199 1573.22084615659 989.020121555528 -144.508478869143 -1.59568909327949 70.8991043021662 73.1877141250134
2004000 17905.8576386933 9438.72589431919 3988.82646620794 4478.3052781662 0.994230357014715 0.00581248713781329 604.194895144827 799.401221343741 -2582.32481939655 -1.40819040450137 71.0311082623909 73.2046479420898
2005000 17826.9590483699 9428.16058722279 3937.14877354175 4461.64968760533 0.993117457968377 0.00505569764442312 1155.4151446039 -146.49348063388 -2047.88411287279 -1.40199532979584 71.3937888236329 73.806348704369
2006000 18018.7878054504 9622.44292882959 3974.2775422188 4422.06733440202 1.01358223298358 0.00487581359644373 -331.442679509381 906.418495740045 -1580.4510602218 -1.44173525611515 71.33171539669 74.1271005101632
2007000 17817.9554510985 9398.65028789736 3952.18234250967 4467.12282069144 0.99000898382023 0.0127558781196612 -919.049825282801 205.394710393526 -1910.12990297489 -1.36158522343865 71.3722256824457 73.8965290324562
2008000 17821.1073161623 9361.61471691025 4030.27799416104 4429.21460509102 0.986107833455548 -0.00728023910412537 1885.5510766777 875.800641253173 -1252.52983821477 -1.52855230854018 71.5589105443366 74.2615488925758
2009000 17807.6963969172 9358.56838280108 4015.56434080487 4433.56367331127 0.985786947153429 -0.0121742791726796 1854.12365097692 1819.02331276447 -1157.37702895181 -1.53016748715699 71.4138201973295 74.1960514012518
2010000 17957.6575711137 9543.29565140043 4016.75068153024 4397.61123818307 1.00524523636177 -0.0268833165909359 1284.20049362464 2186.60841515619 2201.67873102741 -1.71061498767671 71.9106842898803 75.2372101518303
2011000 17933.6845970536 9465.64669246396 4056.3524154181 4411.68548917155 0.997066065462048 0.00432986534502676 -30.1734357158497 -341.052355512916 -553.164921705479 -1.43797552251693 72.3009591271785 75.7133596377915
2012000 17857.4437454195 9464.20099097921 4049.38914585493 4343.85360858539 0.996913782164555 0.00409760329977031 -569.171979703304 -189.292969014883 -117.087123734602 -1.43488569280627 72.2860623187193 75.7936626941157
2013000 17798.6164585746 9390.59660092959 4041.28327953173 4366.73657811328 0.989160646856227 -0.0164380405433251 2999.10678172274 780.579451514284 -263.453756558162 -1.62149504402502 72.2109649950158 75.9555963396291
2014000 17903.1296871162 9568.90953942869 4043.3367430754 4290.88340461216 1.00794328113222 0.00313166917304956 870.013529276655 804.627688487351 -2342.67796636611 -1.43842377201244 72.0797479376389 75.8833700453353
2015000 17874.4840072116 9499.31748524409 3993.12573107622 4382.0407908913 1.00061278614253 -0.0127792319406488 130.227623567877 2712.05489791862 -102.457379398364 -1.54530917201416 72.4715774694912 75.8552724373723
2016000 17909.6760150854 9564.5568089003 3961.16397508593 4383.95523109913 1.00748478526363 -0.00830988241884197 168.864969991585 1091.2466501391 537.419483753667 -1.50770987534664 72.6706610245556 76.3234191270166
2017000 17836.5551635927 9473.41285035288 3977.99415262501 4385.14816061483 0.997884115484582 -0.00286402829667412 840.267263775732 1358.97351278791 -1572.21322150661 -1.48560414385234 72.9216328448597 76.981847627874
2018000 17932.7472276657 9478.07259014723 4114.47210486772 4340.20253265071 0.998374950244613 -0.0052877152129757 846.553401463453 818.155903045124 -498.178844586679 -1.51007994030173 73.0238040440045 77.4638301485368
2019000 17884.6019119455 9470.90502839855 4027.68027661027 4386.01660693666 0.997619953483809 -0.00217573583454429 883.642748822418 32.3993337131615 -433.472739423667 -1.46795880220045 73.0816346071409 77.8181145499877
2020000 18018.4469957333 9674.07829016252 4030.84858127088 4313.52012429986 1.01902125561305 0.0127800531774005 20.4632841596938 -1776.77068254151 -1088.4229782291 -1.36186715041515 72.8677412589143 78.3264664810293
2021000 18040.1370173553 9508.17828247859 4150.33015821277 4381.62857666391 1.0015461402516 -0.00398010893887307 438.993459855473 665.785284511082 -211.751536827644 -1.49446045541943 73.5012874446556 78.2726753299637
2022000 17865.5358959993 9539.90199916882 3947.03391059408 4378.59998623641 1.00488776522556 -0.0116095929834404 1065.11768164556 1197.25827493727 370.883951208995 -1.56587108841096 74.0659560861215 78.5223868360458
2023000 17721.9163908874 9430.59807615668 3932.9432654845 4358.37504924625 0.993374211424309 0.00330719077895835 -560.425496670137 802.835952342431 -994.241851010388 -1.40598516855662 74.259480324411 78.495488429259
2024000 17924.4733075244 9548.18400667857 4017.13114129193 4359.15815955392 1.00576015238622 -0.00286168496514922 -271.176808402729 633.115583349495 297.838177967256 -1.50691015980374 74.5504580433489 79.2976643859095
2025000 18052.3597976093 9670.69847142492 3964.02901209902 4417.63231408536 1.01866524163111 -0.00218567564982923 1149.89041666825 -349.249370847478 -290.827829068272 -1.497754484414 74.77226357969 79.9871533562238
2026000 17962.8122545975 9517.01950484244 4035.21067420029 4410.5820755548 1.00247743243719 -0.00785617648445732 1883.16172342495 906.610341526148 -964.927202312146 -1.52419618669101 74.6116209424082 79.8258654969128
2027000 18064.337251175 9561.14839306786 4160.95880401725 4342.23005408994 1.00712575900014 -0.0120366238319189 2101.72223291992 1287.60431143784 -588.085345100191 -1.61037497123924 75.0532267952645 79.5081852824541
2028000 17909.9107662716 9487.7678200455 4009.58122899434 4412.56171723175 0.999396199509717 0.00467931599277093 1408.9054115951 -392.416851681936 -2114.57135993911 -1.42203234663261 75.196352087802 80.018671226444
2029000 18147.9251523473 9671.05361010129 4033.11800759017 4443.75353465583 1.01870265024504 0.00549925218702801 -1103.58510327704 445.092544766398 -633.56521828699 -1.42628963174495 74.6816621955448 80.6677076438199
2030000 18015.9168753322 9602.87796591672 3988.64567742055 4424.39323199494 1.01152135312758 0.00896618738154012 380.482207241013 -639.354264287908 -1820.73567556326 -1.36922856627709 73.7240678454918 80.6677076438199
2031000 17970.5757648532 9456.37195824979 4060.25870310748 4453.94510349592 0.996089109206277 -0.0151398889814509 925.431669612514 2021.99014471163 510.535893012488 -1.6266834463536 72.5993385837236 80.6677076438199
2032000 17985.7689828903 9561.75611616152 4023.07615063393 4400.93671609484 1.00718977365161 0.00319954503120845 -66.8606809667895 -129.983730512811 -529.990085102518 -1.44663875240414 72.2076118674719 80.6677076438199
2033000 17932.0149081455 9434.13314601438 3916.82927913149 4581.0524829996 0.993746578818601 0.00548798831777261 808.81652565864 -1472.1346815812 -572.044155803864 -1.39233580048706 71.5511876604535 80.6677076438199
2034000 17923.5534531314 9426.2813036016 3989.66961154226 4507.60253798755 0.992919503197092 -0.0205759531511048 1847.2105594577 1675.31103647782 1085.28603449693 -1.61947576437345 71.2237169282432 80.6204347640193
2035000 18126.639894091 9484.15155383286 4070.5677509421 4571.920589316 0.999015279278755 -0.00641282332347541 2917.6151852291 -612.005236415824 -881.18755251893 -1.51268805447235 71.2237169282432 79.9650617802539
2036000 18179.3171018919 9635.30673931657 4030.78971801373 4513.22064456155 1.01493724541176 -0.0017653169296838 780.831103294197 -181.673710093498 -207.830998611224 -1.50090280701964 71.2237169282432 79.8044693421211
2037000 18033.2222542761 9526.72177900398 3921.97239546506 4584.52807980711 1.00349942371138 -0.00180628753023508 -267.901544031723 439.6929704804 224.162428809346 -1.4838274033542 71.2237169282432 78.916615392076
2038000 18039.0196416217 9497.9830078627 3961.3837993547 4579.65283440427 1.00047221866147 0.00672205355158289 70.6259871558227 -581.163008754995 -947.628302413418 -1.41285748929648 71.2237169282432 78.0936203762615
2039000 18155.3682872309 9454.3730957888 4100.04809152387 4600.94709991822 0.995878558570475 0.00756841235219166 1196.00244823525 -2584.13486480239 -239.863263232968 -1.3888963011651 70.9273366425169 77.7624979723308
2040000 17995.3607171481 9525.38452520527 3984.8077553914 4485.16843655138 1.00335856377577 0.00407233073250222 -386.375246015154 1106.18602830966 -1589.36594417885 -1.43572928975257 70.4075586577911 77.7624979723308
2041000 18153.0523091691 9573.02600023081 3974.77739914737 4605.24890979088 1.00837688947499 0.000106170380522794 688.039257602044 -609.877635726477 -100.649518981633 -1.48876376339212 69.8410341646452 77.7624979723308
2042000 18001.3077778772 9486.66636134479 3899.94887943859 4614.69253709381 0.999280177104839 0.00235592637084174 358.007847823339 -192.435404156508 -656.435451016607 -1.41743558832485 68.7011141686319 77.7624979723308
2043000 18260.3908316736 9657.92314112234 3983.46238037919 4619.00531017209 1.01731954928344 0.0015500631428917 773.711703582857 62.663570696493 -1158.08676439056 -1.45825040949136 68.4356461958376 77.7624979723308
2044000 18102.0250891251 9477.7869289302 4026.34519504011 4597.8929651548 0.998344860054795 -0.016581379000686 1764.10662044502 1847.20697290918 -185.475646737131 -1.57142894402143 68.2990266502863 77.5652234563679
2045000 18142.4929161974 9468.30160762745 4151.17793376177 4523.0133748082 0.997345721559747 -0.00995235967092433 71.8252544292109 1178.84522544891 778.673084869157 -1.55421520853015 68.2990266502863 76.5509164680909
2046000 18263.9934182892 9591.61990693205 4045.56179256345 4626.81171879373 1.0103354829022 -0.00295149611932171 539.701412213639 81.285524596614 -23.7913803767956 -1.49178585477869 68.2990266502863 75.9617969017727
2047000 17893.4675231611 9366.46021918582 3965.93007952286 4561.07722445241 0.986618235549146 -0.000970375897050686 -56.3094748853416 2101.83009326734 -1849.10353926417 -1.4522162147356 68.2990266502863 75.9906442181093
2048000 17957.4833043213 9311.66113610704 4132.03344497156 4513.78872324268 0.980845961563916 -0.00302079225131951 1677.03136579341 -437.066984580322 -629.995487790663 -1.46782032625079 68.2990266502863 75.8067203047087
2049000 18214.8688298925 9625.96037980216 3959.03662150043 4629.87182858994 1.01395274448856 0.00685356659900572 -63.5687920370885 319.105140691795 -1622.53526170776 -1.39544662075132 67.995287126677 75.2156326601014
2050000 18099.0516496226 9581.6468541891 4026.391870357 4491.0129250765 1.00928496910403 -0.000204876387890262 735.108755482152 -670.240396043381 -24.4119635525333 -1.45361815717175 67.3166603378978 75.2156326601014
2051000 17983.4231236068 9458.82194523431 3997.10972372141 4527.49145465105 0.996347179147239 0.026163102685743 -2294.48916857287 -874.388405243118 -1981.77578701928 -1.23561562396742 67.1120271723138 75.2156326601014
2052000 18245.0975936248 9555.5094405697 4047.92838342291 4641.65976963219 1.00653177864536 0.0133287306717173 850.061321378497 -1563.32729473246 -1906.58882525416 -1.34174846412238 67.0063111346203 75.2156326601014
2053000 18111.9040044687 9460.88310573384 4093.2892193285 4557.73167940637 0.99656429196122 0.0063442750486792 -2103.80329045074 309.1722430145 546.598570620565 -1.39551856893351 67.061175834543 75.2156326601014
2054000 18105.1832126291 9522.96210345294 3952.81266491376 4629.40844426238 1.00310339742486 0.010042166591954 -2034.07350640322 862.602242007272 -780.012278501757 -1.36938677558227 66.6380669284983 74.7739759717893
2055000 18042.2889092339 9400.04686420799 3992.20273102961 4650.03931399626 0.99015609250624 -0.00898408544176043 1785.24037993231 166.998300971659 -213.701882302012 -1.51335646651477 66.6380669284983 74.4599973873045
2056000 18136.9472600812 9444.79153597418 3960.52605652762 4731.6296675794 0.994869282769704 0.0106267329850437 -1195.52336915623 1132.8184800308 -1980.92640439974 -1.35825273050279 66.6380669284983 73.9972838192317
2057000 18328.0931303723 9665.06378071574 4009.42222510462 4653.60712455197 1.01807171019284 0.0310604147847587 -1822.61287381328 -841.982563949286 -3328.76735019019 -1.21977721272425 66.6380669284983 74.2465569127149
2058000 18078.382286188 9509.13868162874 3919.73650715986 4649.50709739943 1.00164730411637 0.00230857691898681 1196.19673942717 -656.921341070101 -981.789346085876 -1.43839220282683 66.6380669284983 73.7557047686622
2059000 18145.5931470245 9507.2234717907 3977.14425753922 4661.22541769463 1.00144556504879 0.00932234756111457 59.572033043969 -399.825918033363 -1433.42839652643 -1.37359417947846 66.6665680169851 73.1775443771775
2060000 18034.202678583 9377.64867184602 3939.67642481765 4716.87758191932 0.987796773776375 -0.01112989173057 78.4458527154217 2201.21826708659 -185.118349269208 -1.51982213996268 65.9411439010312 73.1775443771775
2061000 18032.7557159256 9462.09227463205 3908.19461701855 4662.46882427499 0.996691660044456 -0.0122384571396094 329.57882787335 2316.79544997916 -342.757408772098 -1.52090632776165 65.9540000324744 73.1775443771775
2062000 18230.7392301788 9514.34988982994 4050.86788959041 4665.52145075841 1.00219622792752 -0.0110176161442832 886.339715472748 1330.41876665939 -143.260139895496 -1.5266279842553 65.9437463435389 73.1775443771775
2063000 18233.8568764571 9503.75224475801 4086.1435980292 4643.9610336699 1.00107992255312 0.00670010050443266 86.2002941207685 -427.913766028398 -917.166050714884 -1.40755491602317 65.835541663037 73.1775443771775
2064000 18111.1360771918 9445.7078615308 4025.04497983303 4640.38323582795 0.994965804132386 -0.00195558381638571 -42.2647647759436 438.03845994797 -30.3658376453214 -1.46816586332385 65.4465980821572 73.206520191497
2065000 18118.4638693762 9359.00911000081 3994.69546871773 4764.75929065764 0.985833371254101 0.00288300153473202 593.519195549038 -1429.72471540529 301.24094083988 -1.39840894877816 65.4465980821572 72.6990055381103
2066000 18228.9216111166 9458.45569535143 4038.32994283434 4732.13597293085 0.996308600131819 0.00525739378259496 -755.192713323451 1108.94654895463 -1323.0850640884 -1.39159393078173 65.4465980821572 72.2353885798451
2067000 18309.7306346518 9464.57018155957 4062.61464165966 4782.54581143255 0.996952670939018 0.00619706796256493 -575.837238327924 691.75776576059 -1257.48800888218 -1.39442390191508 65.4465980821572 72.171153421415
2068000 17957.7926997062 9333.83730744231 3989.16406212853 4634.79133013531 0.98318189365801 -0.00403901886250896 715.627584727422 887.493195268238 -860.743540810366 -1.45644174536084 65.4465980821572 72.0107083553251
2069000 18273.7507501331 9472.1775361136 4031.5894209756 4769.98379304385 0.997753993375847 -0.0076870806960794 1501.99780189345 -505.04230774277 407.977449263271 -1.52138387800521 65.0005382567546 72.0962367163461
2070000 18283.3765192033 9493.52540376465 4010.55060559228 4779.30050984637 1.00000267591138 0.0128630306719607 -702.893566124964 -1263.81270277287 -363.427491148046 -1.33674286319765 64.4258777175527 72.0962367163461
2071000 18201.4993957934 9410.94733265926 4045.34477091217 4745.20729222201 0.991304295850768 0.00921658034692303 -552.009917559133 -591.428938574666 -527.591187955686 -1.37875430162975 64.4818133035836 72.0962367163461
2072000 18266.6504774654 9501.19993932149 3979.28796079628 4786.16257734764 1.00081107487454 0.000600202495201798 -38.1606119232112 1113.84532771409 -1184.77385401991 -1.44139296683404 64.6407685542925 72.0962367163461
2073000 18286.948766013 9517.26500148919 4055.41380967318 4714.26995485063 1.00250329188278 0.0036141380816102 -378.746807796653 325.872834931782 -604.991852053393 -1.43428076310375 64.7374191872082 72.0962367163461
2074000 18149.9331418696 9435.76932657701 4021.70864634011 4692.45516895242 0.993918926273452 0.0191542769459801 -1244.02425812276 -628.313387099492 -1578.44159411618 -1.2875771387702 64.1218747135575 72.0411431932729
2075000 18136.976510719 9541.9930625021 4002.7820723839 4592.20137583298 1.00510802786139 -0.00362982614943167 -335.274807783374 655.061273244506 333.920685045661 -1.50498836294962 64.1218747135575 72.0156014696637
2076000 18299.9920975622 9646.76582031642 3963.1163602585 4690.10991698731 1.01614429033722 0.0171950767900699 -3229.41595170865 -490.298851562368 644.78514643158 -1.33239672330136 64.1218747135575 71.5089246651853
2077000 18087.7792511056 9388.72179723174 4051.02190017741 4648.03555369643 0.988963163978695 -0.00219612337175749 899.92678162379 500.723136959274 -1011.11526254122 -1.44797015911546 64.1218747135575 70.9281365181063
2078000 18136.2551088981 9448.12350736799 3965.89835708361 4722.23324444654 0.995220256740716 0.000887335382425664 -37.8861437972438 508.107962224559 -626.131234897856 -1.44082590259222 64.1218747135575 70.2609032331334
2079000 18309.7653100902 9408.15494713986 4125.68366953471 4775.92669341562 0.991010159281599 0.0091768520606848 -27.9217494343232 -1083.48162966333 -503.959395074516 -1.4001105387116 64.0531038646581 70.4646912492354
2080000 18388.4651693808 9581.45905065845 4057.73321064612 4749.27290807627 1.00926518677605 0.00482763884868191 -181.123658201784 235.441521240416 -909.615674265741 -1.45500388772698 64.4683309638796 70.4646912492354
2081000 18247.8321773332 9484.4158662319 4053.10665749951 4710.30965360181 0.999043120685932 0.00407781577949539 -101.695923590492 -228.302160582512 -396.09278938829 -1.41663349928653 64.7928697201116 70.4646912492354
2082000 18234.7570655828 9438.81371820784 4065.88885028085 4730.05449709409 0.994239607964169 -0.0146692602328627 237.781580044299 1980.47726656629 395.496369424044 -1.55358895146472 64.8366457610924 70.4646912492354
2083000 18451.1481785282 9639.02649628899 4068.51828672049 4743.60339551869 1.01532906686564 0.00317304315825085 276.694529394633 -514.707796062805 -323.97520978969 -1.46106165876251 64.4488646192247 70.4646912492354
2084000 18213.6957647689 9465.06265128488 3940.12505744701 4808.508056037 0.99700454535049 0.0100179860761335 359.894204263546 -493.324566519749 -1636.32239532448 -1.34739177511199 64.3578962288845 70.3826683466952
2085000 18159.5283767827 9419.90732299865 4043.24024479453 4696.38080898951 0.992248098488298 0.000188357976985856 -155.372682627823 367.11253407624 -244.893988808299 -1.44340634572495 64.3578962288845 70.1273243224003
2086000 18152.391939802 9538.73968762913 3904.40673215829 4709.24552001456 1.00476533287293 -0.00850542631802018 1105.06131379323 534.571736012317 -151.905248184931 -1.47785206382647 64.3578962288845 69.688472610012
2087000 18188.3379636679 9491.70062495619 3947.49750763256 4749.13983107919 0.999810462417042 -0.00435177701996312 2679.08166921038 -319.794229198751 -1594.90346289703 -1.49071273238723 64.3578962288845 69.9807341372841
2088000 18300.1050581904 9495.57473761134 4094.05067082848 4710.47964975053 1.00021854296217 0.0143562339841962 -651.660114146634 -946.361091641647 -910.485243215107 -1.36646129301478 64.3578962288845 69.6158688272322
2089000 18465.9869387242 9699.08965196157 4109.50824185708 4657.38904490558 1.02165583314495 0.026296698665792 -499.159183648621 -1966.58550697468 -2177.30204177519 -1.28893103160598 64.2966432288507 70.4123627943299
2090000 18243.6285152905 9351.59845966494 4134.41228885036 4757.61776677517 0.985052768701211 0.00467454191420884 -602.902123720092 -408.524963731621 187.768303139121 -1.39986659975141 64.1644906795534 70.4123627943299
2091000 18398.3362975353 9621.20981408284 4031.00072546563 4746.12575798685 1.01345234255889 0.00857568267779746 -415.219686286449 261.119795004283 -1355.64664974722 -1.41489364084974 64.1094152473673 70.4123627943299
2092000 18193.7929837954 9405.2082555068 4039.00002155627 4749.58470673231 0.990699768842555 0.0110762081622679 -854.804250001928 -381.583678039138 -726.480375362004 -1.34615000158232 64.5336943663762 70.4123627943299
2093000 18222.1901985215 9459.23892521373 4068.39839619976 4694.55287710801 0.996391101829013 0.00789305388859567 637.525784623764 109.22608169079 -2152.80662511295 -1.40114122154423 64.8699617292443 70.4123627943299
2094000 18166.5907124875 9436.6289974196 3976.8113933417 4753.15032172619 0.994009479898836 -0.00971727056742729 205.930800851708 1671.56493942005 -158.487340678862 -1.50588247479145 64.5553400062691 70.2646558597635
2095000 18192.9201459895 9383.29895667492 4003.07532074838 4806.54586856624 0.988391947824819 -0.00157368547931185 1711.77597999246 -549.846610183607 -883.995236076325 -1.47103805153394 64.5553400062691 70.14991826721
2096000 18412.7788939425 9538.63759213265 4049.5804276162 4824.56087419367 1.00475457862039 -0.0274787503417069 3337.97998781197 1397.86112719821 115.566956524958 -1.65812078413944 64.5553400062691 70.125189559983
2097000 18056.8287061049 9415.7956875209 4006.06245777485 4634.97056080916 0.991814998422173 0.0142764741717144 -150.539702829318 -239.359742432135 -2111.8785577852 -1.35626063519493 64.5553400062691 69.6034915426476
2098000 18050.0440658318 9388.14666031382 3978.31867699912 4683.5787285189 0.988902581799528 -0.0115608285582859 1646.8504538 1189.28604875549 -816.734001278558 -1.50634341467921 64.5553400062691 69.380455876634
2099000 18231.5674294075 9473.16551931502 4078.86285792622 4679.53905216626 0.997858062812979 0.00280182131429011 166.595325190573 120.665297251464 -772.817612801935 -1.45386206973907 64.3000685103204 69.1072694241056
2100000 18204.7181935579 9512.73611374602 3944.89193190687 4747.09014790496 1.00202624045358 0.00401330932196513 -276.167324068918 -106.462018287538 -310.677600935348 -1.41588372589422 64.0965383490167 69.1072694241056
2101000 17932.2422142381 9327.15250392683 3907.87357755595 4697.21613275531 0.98247774834643 0.00982869334704711 53.1608325598291 -866.130035845459 -891.500213135537 -1.34623262037614 64.3435601956489 69.1072694241056
2102000 18125.3008664865 9411.43150385186 4010.21541913807 4703.65394349653 0.991355296134393 -0.0146711741534886 1601.19444432865 1987.55648248575 -1042.47073668707 -1.52951531077 64.3951232039973 69.1072694241056
2103000 18351.865800535 9506.90124327111 4050.11882968063 4794.84572758326 1.00141162303377 0.00808903879312401 29.5320491363815 399.089760783814 -1823.22159753338 -1.38369509244659 63.9682303153085 69.1072694241056
2104000 18259.0230674152 9465.47554692648 4052.27051916536 4741.27700132332 0.997048037807603 -0.00151076201028514 -535.380486280872 617.613139978165 177.186367939905 -1.45171622128057 63.652753030948 69.1709854010222
2105000 18409.273078524 9558.63414369769 4011.90399099653 4838.73494382981 1.00686091996605 -0.0116535933958605 893.803032732942 1610.34656972551 -521.924399652909 -1.53696942878974 63.652753030948 68.5190500924212
2106000 18269.9878002432 9456.58795040752 4056.03094039752 4757.36890943814 0.996111860789753 0.0122702718677009 -554.817283772077 -1076.11882284091 -451.403206286525 -1.35823222821723 63.652753030948 68.3621186936561
2107000 18376.9566077227 9627.27676705065 4000.66640688372 4749.01343378834 1.01409140644132 0.00796138245393315 -770.400700392926 -952.220881624318 387.421182314917 -1.40933726299094 63.652753030948 67.557904051734
2108000 18262.7425771761 9426.63681145207 4080.27830084455 4755.82746487951 0.992956950698064 0.00528071569277991 -488.718293941694 37.842104890814 -431.947720831842 -1.39800412869491 63.652753030948 67.3440919827168
2109000 18277.2217095482 9425.59066258306 4078.92649498212 4772.704551983 0.992846754366995 -0.00578020060293365 826.937843944733 916.855852681472 -779.692954539158 -1.4824057574902 63.6742458319354 67.1662481039788
2110000 18535.8087758547 9730.07787433169 3966.44013548761 4839.2907660354 1.024919984656 0.0139878420964917 -1069.12570989983 -515.579139071049 -728.72409191754 -1.3640795932821 63.1378438676591 67.1662481039788
2111000 18205.0279182518 9306.77296115789 4027.4934972939 4870.76145979998 0.980331064534459 -0.030528249223023 2108.38392503686 1479.79270168266 1458.38228486999 -1.60226811127176 63.107031604996 67.1662481039788
2112000 18339.293054327 9498.70437698514 4037.29059000161 4803.29808734028 1.00054820424344 0.0262780846027622 -67.796025308367 -2176.42618833165 -2091.07557223606 -1.28411029979218 62.9809969619345 67.1662481039788
2113000 18388.9151343863 9416.48729987396 4089.63529087395 4882.79254363839 0.991887849568016 0.0016822341049633 521.006695122438 453.99511533171 -1251.59619408296 -1.44792900336683 62.7684244398024 67.1662481039788
2114000 18258.2634945019 9314.04574220048 4061.26945624961 4882.94829605181 0.98109714459372 -0.00963466969933236 348.12636438676 805.736449858591 424.776729791201 -1.49907046378822 62.6022819933268 67.1106392095547
2115000 18087.1208985148 9345.41776488227 3911.86330218628 4829.83983144626 0.984401723798627 0.0156732929217892 -300.70374970166 -1915.62594372888 -367.341751750168 -1.30587557472168 62.6022819933268 67.5184188755755
2116000 18392.8714547938 9538.34078651295 4050.80143384102 4803.72923443987 1.00472331453236 -0.0111936461136477 1406.72802076029 1379.57094115592 -928.644319378921 -1.53251002711332 62.6022819933268 67.9733435688159
2117000 18502.0944152202 9587.26676951707 4049.50482690329 4865.32281879987 1.00987694417413 -0.00905147894199906 1732.06329333495 76.7183093157374 -309.032960899074 -1.52860863808036 62.6022819933268 67.8647354363106
2118000 18396.5802412952 9431.81526593376 4061.96914846678 4902.7958268947 0.993502424388661 -0.00259330056252293 1086.4351287748 800.064920565817 -1460.01365783163 -1.46170288590213 62.6022819933268 67.3592979834096
2119000 18515.3200373295 9564.68579825232 4043.74849887296 4906.88574020424 1.00749837238661 0.00918762190667253 464.807883561158 -1327.13461492992 -650.225181501683 -1.3787867418579 62.6551679069442 67.37296637124
2120000 18469.9794572842 9487.85779827772 4121.99481879764 4860.12684020881 0.999405677387447 0.0239973436592885 -1807.05727368271 -295.687515309703 -1842.83316183676 -1.27238445172977 62.5744701041182 67.37296637124
2121000 18207.6725450882 9343.51111083946 3997.24211929283 4866.91931495596 0.984200885957703 0.017891056520199 481.452116898429 -1665.45980644254 -1744.59323658135 -1.30965775612441 62.2979751661905 67.37296637124
2122000 18109.3733842539 9313.58626808266 3957.36254258553 4838.42457358576 0.981048745782131 -0.0109427036391631 481.75022717044 832.010400818323 462.246747108846 -1.44593168215944 61.768897690137 67.37296637124
2123000 18362.1244148806 9478.84037117742 3972.56697180276 4910.71707190039 0.998455824635531 0.0130461618681468 233.523405820767 -1202.13221545725 -1136.8675844787 -1.32792138546772 61.42106429567 67.37296637124
2124000 18382.0406721938 9481.16617048951 4067.30882111128 4833.565680593 0.998700813239534 0.0194852402395772 -1402.68782332321 471.14948648567 -2244.2905311032 -1.31276550849155 61.9041985934225 67.5097678744543
2125000 18436.2810587866 9574.22159458561 4097.42535841787 4764.63410578315 1.00850282768058 0.0111890677748339 231.932165205867 43.6190341923929 -2090.9795991605 -1.35773053296372 61.9041985934225 67.204833263455
2126000 18580.1328831482 9723.15131407251 3968.17111580511 4888.81045327062 1.02419037384237 0.00300760526154839 1315.02405262281 -1103.69045105204 -700.886759061833 -1.43720773137259 61.9041985934225 67.4208630240375
2127000 18311.8783384195 9391.75623609445 4035.97015758992 4884.15194473514 0.9892827972923 -0.00399158681428737 246.056946780902 965.342156263612 -563.733146819424 -1.45206490088866 61.9041985934225 67.2079699497275
2128000 18432.6171000987 9615.95277003933 3943.43831071829 4873.22601934104 1.01289859061877 0.0101626463916245 457.871078686436 -225.701459835037 -1871.22792877457 -1.36640683630418 61.9041985934225 66.8040629700259
2129000 18255.5722271201 9438.62586177506 3992.55041998359 4824.39594536149 0.994219820063734 0.0197350250999652 -116.894514804445 -517.841737504895 -2538.02254817082 -1.3127835331862 61.9901959707608 66.4984860546792
2130000 18393.8526192917 9425.71784128587 4069.02848420809 4899.10629379771 0.992860150764826 0.0185983160915773 -1107.45965252135 -751.713704445103 -1126.20867575019 -1.3438197073325 61.8941958931302 66.4984860546792
2131000 18244.2870065557 9330.63069716479 4000.34177046773 4913.31453892315 0.982844124628934 0.00960737580016566 -27.7313825577153 -575.082816865899 -911.85772791151 -1.39055490821538 60.7907403460756 66.4984860546792
2132000 18268.6128548041 9426.92484029587 3936.12409986317 4905.56391464505 0.99298729028239 0.00504118220030478 962.68848975506 -518.833724651146 -1242.69071975572 -1.39593310506469 61.1010740617127 66.4984860546792
2133000 18190.6379552024 9200.82070890169 3983.51560639395 5006.30163990679 0.969170559741053 0.0155514559224986 -293.649958670778 -481.766597771368 -1683.10305100236 -1.32736209146758 60.9573750979885 66.4984860546792
2134000 18299.2641301518 9487.65699657284 4023.35759209188 4788.24954148709 0.999384525893805 -0.0010418074016475 572.023608234491 -774.492176264702 367.383779794496 -1.44984311871942 60.9139760860817 66.6333614525865
2135000 18367.3155725791 9526.05693605743 4085.55088458121 4755.7077519405 1.00342939232711 -0.0189904211372303 951.008369985291 1782.70339304918 249.433543876963 -1.56549048339107 60.9139760860817 66.1238689769831
2136000 18394.122170313 9560.49091330055 3966.21540902081 4867.41584799166 1.00705650321805 0.0295744100305964 -4.27053212981624 -1654.15442699571 -3005.486331224 -1.27414197626023 60.9139760860817 66.3823520273443
2137000 18402.5943508799 9442.2526058334 4086.47041743803 4873.87132760842 0.994601843980977 0.0180241601727971 -268.110671078973 -525.933641474196 -2044.33986770999 -1.32045785003483 60.9139760860817 66.2879493326678
2138000 18195.1522451958 9304.56061664227 4021.98892573318 4868.60270282038 0.980098026717467 0.00968910131991124 -1409.36515188503 -17.8854224217146 -93.9492764040825 -1.35796384178077 60.9139760860817 66.0877887949797
2139000 18322.3861363411 9402.13256582254 3986.85781984065 4933.39575067795 0.990375790364201 0.0233905224567234 -635.223817098983 -1178.16510437233 -1856.73503379313 -1.27321012713055 60.9360845356833 66.0239735150181
2140000 18579.0148551836 9663.76829534335 4022.80738685101 4892.43917298928 1.017935249944 0.0200081479430854 248.878089626683 -326.990121906276 -3058.45092005545 -1.33078736586922 60.880870506675 66.0239735150181
2141000 18594.2451224568 9697.77840172503 4050.39946333407 4846.06725739772 1.02151771230052 0.00255709763549963 49.9193507842934 -121.844302313094 -325.998158158038 -1.4557524241809 60.4345908611251 66.0239735150181
2142000 18293.0264535949 9431.52263840236 3943.22484683721 4918.27896835535 0.993471600400522 0.0030634830624789 559.405525423846 121.509511614042 -1158.8352506888 -1.3997829807148 60.5861911841192 66.0239735150181
2143000 18521.2062260657 9425.47832124672 4184.35262736478 4911.3752774542 0.992834920866564 0.00258155267315112 841.49355384222 26.8782569440537 -1270.88152438171 -1.43300760305829 60.5520861173545 66.0239735150181
2144000 18170.9896464235 9326.11908498311 3880.20625845729 4964.66430298307 0.98236889292496 0.0111766578620102 -1089.38427550928 -99.2401590395884 -547.333682028429 -1.33546184009418 60.5321310335369 65.7925494598392
2145000 18489.5824730428 9467.07846187025 4065.63505228881 4956.8689588837 0.997216881220861 0.0106513301389445 -1140.60328261634 555.028803466309 -1069.56232467909 -1.38394231561281 60.5321310335369 65.823273909176
2146000 18426.9000367248 9491.82906866913 4054.39004712196 4880.68092093375 0.999823992065005 0.0128177066020945 -263.306092011087 77.0685963564316 -1811.1062174637 -1.36797328159864 60.5321310335369 66.0072911154674
2147000 18499.1509156006 9560.73172554664 4024.15195399363 4914.26723606032 1.00708186923123 -0.0138880419341471 1278.20186688952 793.663808826476 108.17585656263 -1.53296251026255 60.5321310335369 66.4925789748675
2148000 18223.7671758219 9480.94905847442 3947.11224707221 4795.70587027525 0.998677943695625 0.0158825118181436 -1737.26141035137 89.3945426172566 -850.214688939682 -1.32600827088235 60.5321310335369 66.6249437371964
2149000 18309.0847037395 9380.1143889186 3985.53547344027 4943.43484138066 0.988056500649771 0.00357677037405186 -1310.66544151128 375.464943539178 366.561549411426 -1.41367628357738 60.9334114415426 66.8998960596262
2150000 18288.9560321539 9386.30305138608 4058.25901505123 4844.39396571664 0.98870838483026 0.00567639732242995 417.483275368138 -457.82602315299 -860.317268262892 -1.42084507010753 60.8132265849707 66.8998960596262
2151000 18275.4816494996 9385.29493322895 3978.45899944205 4911.72771682858 0.98860219447295 0.00690228146007999 512.664274023669 -854.874564264873 -750.89920329969 -1.37429909151572 60.6989182272263 66.8998960596262
2152000 18271.4458746753 9355.74109915176 3989.21336450734 4926.49141101618 0.985489134581742 0.0218978914916714 -1611.04082425446 183.678011057019 -2056.10388312668 -1.2790059359264 60.9704377794237 66.8998960596262
2153000 18474.5533817597 9545.91380364503 4088.68412316543 4839.95545494918 1.00552102002897 0.0150159901678232 -1010.15150609268 249.267685688947 -1629.19141258958 -1.37497867517223 61.0052970661579 66.8998960596262
2154000 18677.5066168744 9588.78554315632 4138.2652334352 4950.45584028284 1.01003692454377 0.0185424215387902 -364.224655378908 -236.435716417304 -2357.60121054705 -1.33579494282141 60.9094538619884 67.1615655499241
2155000 18483.2010394533 9524.89543592678 4002.23824192157 4956.06736160499 1.00330704544444 0.0304047051627918 -960.860366431709 -1582.38491418454 -2312.92368777427 -1.25770693958933 60.9094538619884 67.2362805352469
2156000 18264.1991986997 9390.18195261785 3950.34969670107 4923.66754938081 0.989116969781203 0.0230153700392579 -417.345412182587 -1089.8988645535 -2155.88797567657 -1.26097693713996 60.9094538619884 67.0016232098166
2157000 18322.5326187454 9437.91909213438 3969.92560400574 4914.68792260532 0.994145372321523 0.0280058995911213 -2019.00762297552 247.090086922271 -2712.95859819691 -1.25471570518948 60.9094538619884 67.4142353790527
2158000 18315.5327088624 9327.84008987957 4015.59716891607 4972.09545006676 0.982550175370471 0.026313393781997 -1890.49443053415 -166.482750167763 -2193.06959943738 -1.25241577617104 60.9094538619884 67.9935212211386
2159000 18646.1820619812 9617.39319164356 4082.13264043992 4946.65622989774 1.01305031775884 0.0242797201624682 -1456.13488991269 -1651.15616255342 -800.682067423918 -1.29654445160031 60.792073511228 67.8885178531049
2160000 18488.8782765705 9481.99190517931 4034.2021072857 4972.68426410543 0.998787792192481 -0.000896299111816372 570.503424117602 96.1892633089094 -523.074090318098 -1.45262020715104 60.5197018531345 67.8885178531049
2161000 18549.5431094688 9580.69622303974 4110.06816403643 4858.77872239264 1.00918483415387 0.00368810661134876 1926.01778086429 -1130.27079888245 -1382.59263930852 -1.44051664837619 60.0979273350524 67.8885178531049
2162000 18371.6892336789 9466.30213792224 4030.70846254772 4874.67863320898 0.997135106959734 -0.0267621472460312 1548.19635755327 1306.44573784499 1378.73342215863 -1.62117543540018 59.7454592407523 67.8885178531049
2163000 18404.5180668418 9401.55341109427 4050.99649332166 4951.96816242582 0.990314784968059 -0.00200721508390225 -272.945824567848 1713.99875332436 -1123.77337048987 -1.46657847177327 59.7017753582897 67.8885178531049
2164000 18674.8800295933 9505.6623530754 4152.17803725342 5017.03963926446 1.00128112425085 0.00790365932757687 -340.663072774037 549.741995941404 -1456.31837476197 -1.40560695776892 59.4942700586328 68.011425804646
2165000 18535.5338018513 9545.65814263858 4030.76367373902 4959.11198547366 1.00549408991822 0.00879881911913115 -22.6490111882663 628.209500315866 -1978.92303855384 -1.38586158424591 59.4942700586328 67.2699435112243
2166000 18469.9829643804 9447.07178557301 4019.31446431597 5003.59671449144 0.995109473384211 -0.002291601597601 769.101731091396 299.803342502945 -715.343928900471 -1.48348433764485 59.4942700586328 66.4944912295083
2167000 18656.1885189503 9601.80314177556 4074.94817105835 4979.43720611636 1.01140813628015 0.00958264651351005 347.853662336701 -394.133589779953 -1421.99756709874 -1.41182792639338 59.4942700586328 66.0363295895976
2168000 18569.7675431407 9512.44774025108 4095.16599070071 4962.15381218889 1.00199586456534 -0.00142286512074938 -281.04538103252 2.55414748949324 496.52200398201 -1.43409054582738 59.4942700586328 66.0411015283256
2169000 18420.0144315582 9514.42069947677 3997.20494891966 4908.3887831618 1.00220368667791 0.00463886440707929 237.985330512394 182.112374267242 -1127.96394656286 -1.43014857098949 59.2529633591017 66.033579633596
2170000 18520.279805988 9438.43831109119 4125.46855526976 4956.37293962709 0.994200064369431 -0.00496532402167872 303.54876608582 692.877275593905 -249.116290106926 -1.48539601100843 58.4418031586841 66.033579633596
2171000 18627.6964030773 9655.85218903684 4043.43645751845 4928.40775652202 1.01710140507051 -0.00536466937351985 967.358497557965 -854.151852527748 689.116065016307 -1.4867693348242 58.0733228262793 66.033579633596
2172000 18529.4238046316 9541.27695020522 3986.27413256702 5001.87272185936 1.00503259600834 0.0222253166911205 -1.98922504043512 -1103.44653896851 -2225.85615523737 -1.32232763859413 58.2016484803348 66.033579633596
2173000 18347.1519684631 9449.6171620583 4000.78419886716 4896.75060753766 0.995377591200116 -0.0152973034525181 2159.09768609745 -40.5454056564464 170.257454147188 -1.52841210453534 58.098559193775 66.033579633596
2174000 18545.0369686421 9477.23753070088 4101.29056105458 4966.50887688661 0.998286989066296 -0.00800069852001796 1297.36170707074 -836.182645404354 734.537805499075 -1.49781810914984 58.0555002944488 66.0073763520625
2175000 18620.7713078145 9513.68645086568 4115.72251864196 4991.3623383069 1.00212634443205 0.00676106563325712 207.832619023286 -461.027044497543 -766.061245090352 -1.42786867703049 58.0555002944488 66.5824858462431
2176000 18669.7291223306 9598.62483190928 4010.51778846558 5060.58650195573 1.01107334828138 0.0124762829788715 -553.913100609488 -117.716917757319 -1198.29446071213 -1.36491049965179 58.0555002944488 66.1958664977671
2177000 18566.4206564244 9397.13228821555 4139.38155246078 5029.90681574807 0.989849084975568 -0.00854606857960794 1207.17728756012 487.571115302252 -410.780311973682 -1.50633757035135 58.0555002944488 66.3559510720052
2178000 18391.5170435212 9394.0417143267 4001.99506419471 4995.48026499984 0.989523538666109 0.00576269516509823 559.228506033131 -435.425376546824 -995.63290549555 -1.40913027255249 58.0555002944488 66.8187076644302
2179000 18633.5155259754 9503.5384515125 4044.65853257087 5085.31854189199 1.00105740259256 0.0172835314404054 -942.534428658403 -745.47634369736 -911.908191769791 -1.34999513448684 58.1724166029448 66.3048985853249
2180000 18662.0564784565 9596.10403297522 3954.93495507546 5111.01749040583 1.01080781934747 0.00659279580846506 338.410652825369 652.917110213318 -1980.59493029187 -1.40094283479266 58.0274850498921 66.3048985853249
2181000 18464.8593116044 9407.68054229461 4079.14997744613 4978.02879186362 0.990960187738412 -0.0137357905996749 -600.481971352613 1871.45385352697 797.004010872905 -1.52931872620028 58.221258410272 66.3048985853249
2182000 18491.5829759944 9474.65915058955 4009.8208533742 5007.10297203069 0.998015394805873 -0.00339976398290985 312.454091104984 727.48071815765 -527.463041464798 -1.47269874607309 58.2922681683193 66.3048985853249
2183000 18440.2765121015 9422.82838094827 4021.69725024665 4995.75088090658 0.992555788797416 0.00309406497852129 30.9733900657426 -490.404969466012 -1.70584672154823 -1.38158035239675 57.6355867708188 66.3048985853249
2184000 18383.633499482 9459.04780912722 3942.87240047911 4981.71328987571 0.996370970572204 0.00518091053938423 936.637047882309 -451.450588683167 -1260.31210584891 -1.38853438763443 58.0913236867369 66.0374255153557
2185000 18591.8496491112 9493.64225237863 4056.22330076677 5041.98409596581 1.00001498418693 0.0270670392024182 -1267.92805068837 -1260.35278821065 -1500.65515157565 -1.27208024844764 58.0913236867369 65.701265697456
2186000 18586.3770132281 9467.04665443641 4144.12319369063 4975.20716510111 0.997213530777522 0.0144273446835939 -1562.14062314606 59.713958006367 -660.966614728805 -1.37500335417755 58.0913236867369 66.1870750502412
2187000 18608.139824637 9500.42472431404 4090.44751909647 5017.26758122649 1.00072941742393 0.0186069065405954 -1598.79142944559 34.0387043693912 -1215.45143348892 -1.34067029047486 58.0913236867369 65.9517969150001
2188000 18427.7110230603 9484.67051441264 4002.68697540063 4940.35353324707 0.999069944110458 -0.00868926688803342 -274.585933830404 662.882647850783 914.096146836544 -1.48591442066428 58.0913236867369 66.1580949015231
2189000 18729.004970237 9575.30928267225 4122.51808920683 5031.17759835797 1.00861739955467 0.00038620221076441 216.400311829748 913.737755485052 -1187.6944250099 -1.43172353910265 58.1149079777751 65.754637206256
2190000 18637.7478461829 9536.45693534785 4048.45477216393 5052.83613867112 1.00452487863779 -0.000170899959705667 -91.7008852566709 368.842762829806 -251.69461826548 -1.44534026205118 58.0641485575135 65.754637206256
2191000 18522.1551109193 9326.87002951866 4201.22303274062 4994.06204866003 0.982447993839855 0.00348777583571142 68.7172114664507 -64.6515655470291 -524.09597912746 -1.42022096458309 58.1418865322532 65.754637206256
2192000 18496.5155674513 9457.87984102868 4027.68084547056 5010.9548809521 0.996247942384651 0.0119337538160958 1116.54445323935 -1064.14579957942 -1815.78941793958 -1.37788892301818 57.6209606405008 65.754637206256
2193000 18802.9792749835 9613.35377032672 4129.55820992334 5060.06729473339 1.01262482438792 -0.0026608895495182 1083.38732267164 -164.501074027262 -528.830196505511 -1.499972653358 57.1622322328736 65.754637206256
2194000 18677.1855518029 9661.369000864 4055.82022565136 4959.99632528757 1.0176825197097 0.0213995342514642 -1562.39201022462 -710.590970933651 -846.156991801106 -1.30342552714862 56.9997082484654 65.568206322788
2195000 18624.4298880334 9428.97736498735 4200.72999678498 4994.7225262611 0.993203493441549 0.00534375876895785 594.330964682413 718.021215348424 -2089.2360576821 -1.42001876020811 56.9997082484654 65.3991380288628
2196000 18646.8993199988 9451.5334033457 4113.57027632335 5081.79564032973 0.995579438915647 -0.0131865219555908 2151.27582120556 339.642015826161 -587.450896640041 -1.4878492368451 56.9997082484654 64.9348492085813
2197000 18604.9786532002 9536.06424445131 4079.73872670903 4989.17568203985 1.00448351445213 -0.0085402010955717 669.648308350791 523.758779375361 39.4137864888475 -1.47260406016033 56.9997082484654 64.9373620618153
2198000 18902.4999173784 9689.69409527044 4155.00665010861 5057.79917199937 1.02066615002585 0.00227507471576396 -287.423920041442 -237.93393507431 194.672771068015 -1.46759394164291 56.9997082484654 65.3855381177221
2199000 18408.3118308109 9358.34859670736 4049.78055003042 5000.18268407315 0.985763795934836 0.00582691919297521 82.2440371297324 -495.119883818585 -420.992833320452 -1.38267310219151 56.670300727093 64.7498165655615
2200000 18710.2311307492 9576.28181298216 4087.24068716831 5046.70863059875 1.00871984125793 0.0139986262017984 1001.2287381109 -1772.01807667291 -1220.12912281409 -1.35297784282417 56.3202932396542 64.7498165655615
2201000 18554.2353403171 9544.88207220297 3899.68085121765 5109.67241689652 1.00541234236088 -0.000705547527772138 1698.25504617573 -325.338330255239 -1272.73378808236 -1.43038782316674 56.229509601834 64.7498165655615
2202000 18619.056085129 9508.78021760266 4108.27488572368 5002.00098180269 1.00160954522596 -0.0136130696075281 -351.844840113294 1038.26746221188 1237.27452176428 -1.51017304939352 55.9599716179086 64.7498165655615
2203000 18566.236262249 9474.22720683735 4072.78426981892 5019.2247855927 0.997969895911661 0.00193742272495293 -594.848843875866 -724.665096207819 1046.50287431964 -1.44024709252876 55.8023786148088 64.7498165655615
2204000 18463.6578722588 9355.9173103075 4078.85767465213 5028.8828872992 0.985507695824248 -0.0146128663519353 1061.56955354245 402.418090829556 561.879469232796 -1.51489250800832 55.1963356902825 64.4021977264217
2205000 18609.2774828936 9390.06459917796 4100.46547115135 5118.74741256429 0.989104608329695 0.0102875047457679 -815.37027269357 282.317969624388 -891.252802461092 -1.36060472253693 55.1963356902825 64.3158669637261
2206000 18722.537328454 9480.99119464479 4051.63784908888 5189.90828472028 0.998682382118796 0.0310120744283617 -1412.65000019322 -143.285869676874 -2721.92054553881 -1.27257255133876 55.1963356902825 64.079709121612
2207000 18664.4834739164 9537.85969597148 4053.0301900581 5073.59358788683 1.00467263874983 0.0196777588081283 -477.176980983468 -1719.61104779964 -530.659810954896 -1.30092750784297 55.1963356902825 64.3881528638354
2208000 18647.888819889 9478.10372884679 4139.14947507117 5030.63561597101 0.998378230246673 -0.00303839412183491 1333.46470961384 -428.973038391724 -484.773674151019 -1.49822223227689 55.1963356902825 64.1709738643129
2209000 18391.7116272685 9253.54166856004 4125.23342022284 5012.93653848559 0.974723934119139 -0.0139682251873881 453.445056764872 824.150052294658 663.070659571306 -1.51776739747542 54.8674780703017 64.9276840195687
2210000 18801.1048843841 9499.63720865768 4242.4050593037 5059.06261642268 1.00064646428163 -0.0137379014223729 266.957471420849 2118.68099954833 -470.696217231157 -1.53492457059428 55.047901474149 64.9276840195687
2211000 18468.9176637194 9340.66674870877 4146.37559210049 4981.87532291017 0.983901274420263 -0.00119295778010676 1379.54649428631 -274.836591109383 -936.504824424701 -1.44384958098042 55.6826008079682 64.9276840195687
2212000 18699.5037142848 9526.37232873752 4157.21099291748 5015.92039262975 1.00346261428741 0.0116597854560174 -662.655274413491 -874.779038172613 -112.660635554174 -1.39844532979289 55.8886805297655 64.9276840195687
2213000 18495.8769884673 9462.84243823246 4090.6074179203 4942.42713231449 0.99677067869937 0.0187374738724326 -540.749805865188 -589.725732966777 -1530.22392726646 -1.34419650270574 56.0777090937359 64.9276840195687
2214000 18610.4504579703 9504.97092837841 4134.44391112061 4971.03561847126 1.0012082928718 -0.0124236489391473 1664.81018488394 -893.938532543073 1000.867055747 -1.536875074002 56.320641839731 64.9259480936077
2215000 18775.5892734845 9653.23077285285 4148.00776122931 4974.35073940234 1.0168252775955 0.00820595248677626 310.187212218696 -1331.99513913463 -135.801071100306 -1.43332043948008 56.320641839731 64.2244943010863
2216000 18416.3837392377 9416.9120190112 4001.67884379867 4997.7928764278 0.991932587455754 0.0174970078690081 -588.266788839692 -1019.33293971259 -869.781923448366 -1.32218547989419 56.320641839731 64.4609834687311
2217000 18814.5336380753 9629.62295023398 4137.61948024093 5047.29120760038 1.01433854218507 -0.016948458908963 1605.59665512737 165.952800798968 626.256003264728 -1.54417751173699 56.320641839731 64.4097372309172
2218000 18564.3027122107 9391.55966140798 4054.44528251595 5118.29776828677 0.989262091052613 -0.0022882872429549 864.180624850394 364.71518122705 -907.432599282706 -1.42715830198698 56.320641839731 63.9570657566999
2219000 18839.2605602128 9630.04703159118 4188.59383151575 5020.61969710588 1.0143832128921 -0.0147893411840489 485.38882458197 1601.09999262514 1.47818225476622 -1.55210510813366 56.3935219676403 64.1920102910241
2220000 18627.6745491407 9450.65007382183 4108.58527697934 5068.43919833955 0.995486393197644 0.00981140646127948 -706.906974027244 -979.825785137349 305.039625899398 -1.36418222749809 56.2515828932277 64.1920102910241
2221000 18610.5881652232 9476.05208087559 4084.32358643124 5050.21249791636 0.998162119437045 -0.0130304914406446 -178.738573150135 2167.04031858984 -161.062833839837 -1.52295404032615 56.0130157967006 64.1920102910241
2222000 18647.9982667107 9463.78438501815 4158.02264675347 5026.19123493909 0.996869898880092 0.030147964987205 -2153.21102008067 -643.428034038398 -1408.42787254265 -1.27773543973155 55.7146397108251 64.1920102910241
2223000 18817.9028274325 9597.45390599245 4172.36468281267 5048.08423862737 1.01095000853136 0.029593946605616 -5.16470322662334 -2914.92733196789 -1218.88369700591 -1.30313041787399 55.8655926680424 64.1920102910241
2224000 18627.8446437754 9339.38927549196 4175.89905669071 5112.55631159273 0.98376671148596 -0.00902250753130561 504.47252863958 435.527398048686 312.30285704047 -1.48949257987995 55.6450295328562 63.9574453559391
2225000 18610.8517160769 9385.96637001398 4111.34793734276 5113.53740872019 0.988672920420707 -0.0255261367698539 1538.38353363875 1190.60158154457 805.958683938479 -1.58044691114219 55.6450295328562 63.8125996084124
2226000 18586.8752375707 9403.63424843105 4078.66373237402 5104.57725676565 0.990533970446206 0.0228297707019892 -1961.393112441 308.660273128556 -1490.17234050192 -1.33224546933408 55.6450295328562 63.4364315522801
2227000 18614.7601391986 9534.4381293229 4006.02107567645 5074.30093419927 1.0043122272421 0.0026107748986976 372.879259657254 -98.8116832608218 -633.019310079506 -1.40101461329772 55.6450295328562 63.3542337259867
2228000 18678.9695599161 9496.72016954414 4096.94441360309 5085.30497676888 1.00033919729753 -0.0108600373346388 1852.87641594354 475.667133301259 -844.484893612269 -1.47599172442713 55.6450295328562 62.9692852430986
2229000 18099.0470384472 9284.3601348312 3795.66814882553 5019.01875479048 0.977970204332565 0.00511811934093993 -283.185554119587 1000.10722055171 -1418.89083360973 -1.37128800592164 55.6488620479261 63.1955842990102
2230000 18232.04188901 9204.42950001334 4034.65920531584 4992.95318368087 0.969550692580538 0.0101520341711451 -1376.70990264529 483.696632163707 -502.980950551109 -1.35493914978529 55.8944021981157 63.0808630963282
2230000 18232.5589340809 9204.42950001334 4035.19548644857 4992.93394761903 0.969550692580538 0.00858284710350008 -1242.41200121504 527.325506685534 -465.254716275451 -1.36352392330494 55.9002770847831 63.0808630963282
2231000 17943.9223135387 9075.18895360212 3886.97267332658 4981.76068661 0.955937109980736 0.00800582632590143 -706.560127180295 481.161635341158 -875.594858851196 -1.32445737253027 55.7109981577172 63.2955218622857
2232000 18059.7906277839 9258.0951476949 3764.24208110406 5037.45339898498 0.975203575888228 0.003333742696786 -707.140261698492 674.903676622541 -425.754512010163 -1.36910158116939 55.3890304233219 63.5969939906804
2233000 18150.7375490561 9420.46705014762 3783.8565435465 4946.41395536198 0.992307057475917 0.0125239063659319 -1166.54388703962 -444.651569424526 -109.53993531371 -1.29951567148324 55.4277379096654 63.5597993520583
2233000 18151.0170431049 9420.46705014762 3784.14180400242 4946.40818895491 0.992307057475917 0.011809948481003 -1146.8348831621 -383.342469980653 -92.5398872538604 -1.30341146315035 55.4277379096654 63.5628095770016
2234000 17849.1833408018 8981.88940036167 3946.21940414338 4921.07453629671 0.946109380140272 0.0185358271916833 -1487.09524268661 -322.711556168748 -729.82262082022 -1.25715115291216 55.0749658264915 63.7880805728196
2235000 18044.0934304204 9270.62290508875 3831.38145709809 4942.08906823355 0.97652319008677 0.0143310327363807 -56.8999309382267 -57.5143499170827 -1868.55127137109 -1.31741685765315 55.597110377779 63.8147180391367
2236000 18282.8995340314 9472.30551820223 3912.62452153449 4897.96949429469 0.997767474398507 0.00555549965952734 -519.923732358111 206.462744432807 -466.394014487569 -1.38762433284915 56.1074662528415 64.151301689582
2236000 18282.9670684779 9472.30551820223 3912.69347861106 4897.9680716646 0.997767474398507 0.0054039712096508 -515.492163339061 219.68467701931 -462.784469881166 -1.38846907572019 56.1074662528415 64.1519619337676
2237000 17767.0516831719 8871.26037860248 3962.07842673996 4933.71287782944 0.934456246758569 -0.0270520453792686 1726.28822452644 2266.1997710198 -139.191917030003 -1.5406635550865 56.2968086426174 64.8759738326623
2238000 18094.0805862828 9410.77486861192 3830.44529226736 4852.86042540356 0.991286129310783 -0.00633664264444862 331.89368641297 940.945812908698 -359.381855661972 -1.43055983209371 56.7104338926444 65.1780887665431
2239000 18811.0024250078 9687.3896407185 4129.94571762083 4993.66706666852 1.02042340977706 -0.00705359411504127 -592.832869408432 1376.30005955361 251.018702901496 -1.52193491230253 57.308522858796 65.619102442418
2240000 18448.7660817731 9366.48254743053 4012.0825633752 5070.20097096738 0.986620587499924 -0.00250039372640362 1548.80502489836 -164.859351125013 -1010.40225018633 -1.45563083223742 57.7835438727355 66.2924261655091
2241000 18612.1385290135 9515.96415993327 4122.62576252053 4973.54860655971 1.00236626743912 -0.00020282797149876 871.762483124562 126.677890960106 -967.525310820701 -1.43862120904311 58.3346468715562 66.9963452704249
2242000 18623.2979003773 9485.65547174498 4166.60013782541 4971.04229080687 0.999173694816978 -0.00947040526406905 -49.6581971019525 1891.78594811937 -378.796872012981 -1.52805832544317 58.7649900284686 67.4203028870404
2243000 18524.3672644928 9545.57799813117 4007.21332832819 4971.57593803344 1.00548564787815 -0.0122574380585045 1462.27327726915 -34.0299988236042 486.988907331167 -1.52331676107186 59.079708929852 67.8139076057561
2244000 18475.6527989549 9483.22913859638 4115.01818205026 4877.40547830827 0.998918116458248 -0.00125912667641652 211.756748632848 431.67021297564 -444.299250588148 -1.43278788990367 59.0844697482832 68.631632135439
2245000 18508.9233986415 9506.30052383008 4069.14491767564 4933.47795713577 1.00134834611367 -0.0028825632831298 407.006352501944 551.609793463763 -505.965512707259 -1.49468516100448 58.5729865956834 68.7420225309408
2246000 18623.4781175722 9577.57005282826 4066.22738963996 4979.68067510399 1.0088555382976 -0.0153755415159693 1049.56640039454 1699.2978561754 -321.225346913209 -1.56625616004528 58.9415064901217 68.6859375300806
2247000 18579.6144948419 9631.25425572328 4017.04137759458 4931.31886152406 1.01451037612296 0.011121469798172 31.7390096259047 -134.725086263245 -1645.79236054169 -1.39928585090788 59.1402049806606 68.1750037343071
2248000 18504.0319050922 9547.61108006193 4059.15465614879 4897.26616888148 1.00569980302964 -0.00745008736156662 833.099818271297 728.514941798518 -396.300528006418 -1.50140514984656 58.9193612033866 68.0705169006554
2249000 18472.1062420398 9395.49789083782 4141.14308975809 4935.46526144391 0.989676925352906 0.00579190557077383 10.9643816370679 -875.475578431768 -49.6266950452201 -1.42087809783056 59.1836886541286 68.3791349346269
2250000 18814.8842757845 9624.93695616649 4169.68058106979 5020.26673854821 1.01384494192516 -0.0171702808234217 827.904327215743 2969.74428368772 -1084.99726116752 -1.58413779303443 59.2513292093917 68.3681574829615
2251000 18529.3731613246 9469.91229548056 4176.0870871172 4883.37377872685 0.997515383734193 -0.00168456465240645 1676.10615750085 -751.374340847608 -655.375034278339 -1.4708987631252 59.3841725704451 69.0406569667802
2252000 18501.3631078493 9537.78581133512 4085.90787076359 4877.66942575057 1.00466485609471 0.00539640627670369 242.405622119951 -547.637551577814 -560.671595677598 -1.40797192332505 59.7948519646883 68.8076090134406
2253000 18634.5248712789 9594.87338182103 4112.68593338377 4926.96555607415 1.01067818842587 0.0199377401307984 -1394.21177800608 -154.962479339286 -1718.91835050007 -1.31710043918537 60.548353329414 69.414704616101
2254000 18531.7829367023 9525.89972622069 4050.07849076207 4955.80471971952 1.0034128325929 -0.00193846810670503 313.825038573439 1041.03592145352 -1035.46338285019 -1.45366921479307 60.6406230202562 69.6698211730584
2255000 18659.79369148 9569.55721346203 4160.50470190138 4929.73177611657 1.00801150402507 0.00654490222712942 765.706857354886 255.389295945765 -2105.63189701576 -1.40212614564683 60.877234852463 69.7944970409498
2256000 18733.1284811216 9617.99956091706 4124.17486316578 4990.95405703874 1.01311418980535 -0.00333651022067326 181.109555192092 1159.5393229886 -778.984436770572 -1.50156945290861 61.2659146370191 70.4532353922853
2257000 18461.9745026721 9462.53774079126 4134.06646724873 4865.37029463211 0.996738583324512 -0.00437330491970009 164.009707882868 527.103420241901 49.7091792219264 -1.48150600799826 61.9334417825596 70.1317167410201
2258000 18687.6312723884 9645.76594683659 4078.6554693243 4963.20985622749 1.01603896843489 0.00494163027171428 -312.772998948263 567.110029451134 -1098.05121008617 -1.43375560572176 62.1284789134077 70.4644021026538
2259000 18595.6816274895 9464.15960173927 4159.30657508247 4972.21545066778 0.996909422419474 -0.0133044420316098 436.933673931398 1169.16514461045 682.167916847962 -1.53243096868313 61.9146412787907 71.228207237054
2260000 18478.1206704867 9437.7052821732 4177.2861735649 4863.12921474858 0.994122850600221 0.000816993341918837 1295.40374007825 -96.3793629175058 -1340.40283210204 -1.45402640452676 62.1108001460258 71.4386078569563
2261000 18439.9769101373 9393.94155372197 4135.31220342152 4910.72315299378 0.989512988225835 0.00149041939236237 535.662204179338 -538.917655723734 -257.480928865201 -1.41385113072296 62.1612129946655 72.1620815263135
2262000 18673.3907721518 9654.93642987804 4055.59202066542 4962.86232160837 1.01700494336947 0.000714067796566202 36.2426885879906 422.057567072648 -583.554922927447 -1.44100154729114 62.4854377441298 71.9798681007314
2263000 18425.753119632 9403.64641918167 4129.17058658882 4892.93611386152 0.990535252455013 -0.00424273780160306 419.559377702403 60.6651325806145 265.816944970462 -1.47933740511762 62.7673819490361 71.8320309397491
2264000 18489.4996200769 9432.19019898948 4132.83726368155 4924.47215740585 0.993541918048084 -0.00741429556669347 -541.72813609052 1522.3805649291 325.403717866394 -1.5141739851693 62.9302806252166 71.7740870493411
2265000 18691.1400889885 9541.35360259322 4151.94460623559 4997.84188015974 1.00504067020522 -0.000497401058433229 489.189884018656 513.047461930518 -914.532554280102 -1.47965595537538 62.9023458952172 71.8762096455243
2266000 18492.0576929337 9399.0296995581 4188.68268717541 4904.34530620016 0.990048949234539 -0.000986736685943349 -1044.95744809687 485.070368264008 736.204165321469 -1.45128521931248 63.515493524938 72.1354655841599
2267000 18705.1503728004 9555.91976357244 4211.91353289756 4937.31707633037 1.00657500011297 -0.0137051557361003 1212.28199224264 682.744483223421 554.624542658865 -1.55814383562507 63.3395640681501 72.357002355055
2268000 18444.9619375428 9434.60956718156 4120.74208278752 4889.6102875737 0.993796762751521 -0.0106317289848907 1609.331489158 1280.84236970189 -984.422046711401 -1.51007411942188 63.5158259275257 72.3628873265832
2269000 18637.2109690463 9500.79318430992 4094.44543876833 5041.972345968 1.0007682292421 -0.000813151502147075 -1084.66783625803 867.284875229805 365.107380293233 -1.47769595292138 63.9669243907049 72.8216887194575
2270000 18594.0452843616 9546.11197792093 4175.9664096764 4871.96689676426 1.00554189476178 -0.00416081722126858 -546.717958435825 1280.8172829072 38.7005561014028 -1.46710426601677 64.8367022450123 73.4518745049325
2271000 18411.5683225403 9393.02666127298 4056.96449880361 4961.57716246376 0.989416617819874 0.00998933978054522 -485.18785962685 -593.359538949022 -772.233135049165 -1.37124309820634 64.6983358086525 73.4277838125025
2272000 18386.0435426388 9356.09363357194 4079.11163178505 4950.83827728176 0.985526268875751 -0.0110918936524566 946.082594246714 2002.97391619917 -876.829454762317 -1.52314411280222 64.8444585870078 73.874434120463
2273000 18588.466696362 9488.30394578645 4124.44507967628 4975.71767089925 0.99945267243761 0.000107853008641132 -301.943059133649 794.974996845587 -513.249659728201 -1.46970409768049 65.169257987579 73.7551877922524
2274000 18475.3276694917 9437.06039350047 4073.44596149526 4964.82131449598 0.994054921103963 0.000738396314330628 -139.030526278018 8.48402978302141 -9.2696496390546 -1.42974411681303 65.7348615832317 73.8596843115438
2275000 18385.2772093322 9477.68009727057 4020.9059468227 4886.69116523893 0.998333606917425 -0.00478821007369372 -527.922840867414 1936.56577021839 -490.231137452579 -1.4529291104237 66.250209851023 74.2356285263766
2276000 18598.3323482902 9535.34606327461 4185.29813540265 4877.6881496129 1.00440786467316 -0.014546007858779 1704.89271741091 1163.62066817813 -40.8096862082337 -1.57153810643231 66.7844862006101 74.6362629331575
2277000 18526.6599029965 9433.49132453739 4116.54955614648 4976.61902231264 0.993678972406109 8.05817146170825e-05 -18.6718889280958 70.4428274603595 -67.452274429681 -1.50058188617902 66.5792440940346 74.9450729042341
2278000 18672.1739261274 9547.58240188035 4149.89623817234 4974.6952860747 1.00569678220681 0.0018838994887426 1193.78655601144 -56.1675201710296 -1504.08544878892 -1.46403200204367 66.4858357484258 75.0209759492748
2279000 18313.5844662834 9422.04667141116 4040.10208204627 4851.43571282599 0.992473447244025 -0.0187449882859594 944.954521167484 1696.2267199593 1041.27836789365 -1.62054316939172 66.6174331733417 75.6136698412438
2280000 18476.0993949631 9421.27781814261 4073.6069097528 4981.21466706768 0.992392459908633 0.000899648105284241 492.452061888322 72.1821785674593 -742.220845804369 -1.42981498462177 66.4238262781137 76.1989592808933
2281000 18584.5715836891 9502.90792935795 4171.72427097562 4909.93938335549 1.00099098639679 0.00974946503164487 -315.729099185549 383.448120214916 -2018.73994351726 -1.36947638111233 66.8743877996339 76.7285011308123
2282000 18484.2739153366 9489.36213241051 4055.36779972757 4939.54398319856 0.999564136768369 0.000241303181779063 1161.10606815869 234.51419582298 -1444.41085477374 -1.44775579677699 67.1864528339388 77.1661279373317
2283000 18528.978997072 9479.91742887491 4116.69410365914 4932.36746453797 0.998569276755139 0.00886095941464032 -13.663965886842 -567.044494547916 -1230.32089425838 -1.37834942067253 67.8754421077656 77.2089175827372
2284000 18541.2222209491 9478.12668474626 4196.32747310627 4866.76806309654 0.998380648311609 -0.00693231849932203 756.556874001532 848.565329584267 -171.776773994019 -1.52102996897911 68.4260177772019 77.4794421725512
2285000 18354.3596425077 9510.54062542084 4016.11887429593 4827.70014279098 1.00179497818727 -0.00727249305183369 1344.10059382297 514.920827765896 -335.77226881313 -1.51292821727653 68.8291698945191 78.0280028916654
2286000 18466.4396149218 9509.69784614657 4091.3771028401 4865.36466593513 1.00170620383911 -0.00629216451714481 435.84280663298 -205.908378583951 1104.05249011388 -1.51737288838637 69.2905356816262 78.4536178144604
2287000 18766.8935770434 9680.82025307787 4199.01853758179 4887.05478638371 1.01973142182313 -0.00186582749527777 -454.396128812669 107.730631736605 744.419357297078 -1.4740059419575 69.4760763172284 78.6761362849051
2288000 18403.8411848231 9571.81450116581 4004.53097939339 4827.49570426393 1.0082492759431 -0.00464946044407774 -322.629738311866 2044.41607921762 -735.930939591771 -1.49059272252028 69.8676198479004 77.8162158183221
2289000 18535.4785812316 9572.71017601885 4076.9320887636 4885.83631644911 1.00834362205918 0.000409930647938761 617.768110375162 -434.986809975953 -269.49493922694 -1.44777422417017 69.8020028430349 77.7042067185141
2290000 18560.8513033003 9547.64946613023 4191.79945625299 4821.40238091707 1.00570384643495 -0.00100739506362191 1116.99116878066 823.259324007565 -1727.58415831945 -1.48792110659569 69.6052189318241 77.7664933815827
2291000 18641.771428504 9536.13141619476 4176.19553006687 4929.44448224233 1.00449059000313 -0.00298750208559157 702.955063124473 2205.43485740163 -2273.35153660702 -1.47057549650884 69.7103521294966 78.1861585181327
2292000 18548.4300502325 9499.52076863694 4130.18886319579 4918.7204183998 1.00063419904534 -0.0128067357796103 205.288287702042 2003.94662148481 557.733064747092 -1.55369695359483 70.180182659362 78.9380841393106
2293000 18558.8041656444 9455.5194738718 4200.21516256015 4903.06952921246 0.995999312568789 -0.0145092072276164 1475.4048978917 1834.10787081284 -111.869303769808 -1.58713414319904 70.6405427722581 79.9958984602511
2294000 18488.5848603455 9434.9919069191 4177.34011447426 4876.25283895217 0.993837036595471 -0.0173937770383775 1991.93850704884 2052.01933254617 -189.311022704016 -1.6369910619176 71.1482091460601 79.8660329519965
2295000 18446.8394399748 9603.28266074534 4035.08677799654 4808.47000123288 1.01156398175018 -0.0105240843914332 2092.97631827186 136.288205050476 91.9344169005659 -1.5702070735089 70.8638799276769 79.8065446087595
2296000 18576.0212979406 9446.63361325358 4291.55298029554 4837.83470439153 0.995063318402442 -0.00708919906102302 -248.388271088075 1480.79560419927 335.897440779637 -1.51852447963598 70.768930116635 80.1541579657066
2297000 18472.3524147382 9459.09975495668 4120.1290558209 4893.12360396058 0.996376442298065 -0.0202628412761065 1664.76915955808 2013.8640256655 796.400417611755 -1.61443054744815 71.1408404474301 79.5998702193946
2298000 18472.658995564 9527.31942104248 4079.24113732363 4866.09843719784 1.00356237647258 0.0015839177696639 1308.79289707765 -357.45354294939 -1301.36236506082 -1.44356029766126 71.3493206791725 79.4162755376773
2299000 18461.0499871973 9378.22541963676 4218.49235407363 4864.33221348686 0.987857525637201 -0.0164952925793864 1344.14433224082 2517.10483686141 -193.426713000905 -1.61764726838354 71.228307926498 80.044417309986
2300000 18386.778203183 9480.16500821832 4082.84906710653 4823.7641278581 0.998595355582063 0.00399648191490883 -363.750117896369 860.749042043585 -1380.37726779395 -1.40231089768048 71.0518459730765 79.7680404456405
2301000 18323.3648094758 9450.51948579334 4066.37208580797 4806.47323787451 0.99547263767771 -0.00448681061613994 693.189369659778 1218.27992508516 -912.811576000183 -1.48406342730132 71.2614023709339 80.0866177175472
2302000 18495.208163163 9406.86618797575 4241.02705789568 4847.3149172916 0.990874407539448 -0.00403062574696547 -782.13305273999 315.119091498971 1361.70890902585 -1.49587698919068 71.3942242933845 79.7213829379942
2303000 18619.2264023566 9479.1283714804 4183.0057922666 4957.09223860958 0.998486161213504 0.00279670716297382 -373.479964650285 701.762813461985 -952.600571188677 -1.45637156107222 71.5887682315823 79.9556524677669
2304000 18541.061320456 9545.80451440703 4173.13023862174 4822.12656742722 1.00550950802202 -0.0145796220991748 955.285018994533 606.69265845075 1740.36359577602 -1.5771009724658 72.3118741565499 80.3158870953602
2305000 18329.2820120301 9331.29020518873 4138.64199029296 4859.34981654843 0.982913594057906 -0.00169120324805774 1020.38646848272 -222.547518030956 -415.247015969484 -1.48193488908465 72.2827910401791 80.24915825109
2306000 18441.225011942 9484.56540036916 4157.38028824316 4799.27932332972 0.999058871898579 0.00144826507602185 -180.656810616853 710.092826875638 -857.301904926651 -1.44157660411738 72.0692935643827 80.5440205456542
2307000 18502.0253351911 9609.72151008356 4039.73882157859 4852.56500352893 1.01224221942209 -0.00245587980368256 474.798620280165 123.984997892858 -37.9010084634033 -1.48290860738056 72.2759446274494 81.0226574921498
2308000 18464.4057603005 9569.62763494606 4139.61435363565 4755.16377171876 1.00801892188825 -0.011050895202409 1220.73336019816 1381.30146953256 -39.438611916658 -1.56537611385319 72.6891221118168 81.7991309331335
2309000 18339.9283230977 9455.34406720951 4128.74062471305 4755.8436311751 0.995980836067784 0.00255213208213104 193.874394304855 453.404574279093 -1239.83583471399 -1.43819411702904 72.8946564011962 81.6707582343315
2310000 18543.5929087534 9563.76977505181 4138.46950760389 4841.35362609766 1.00740188287268 -0.00465864866266886 803.015707987279 1480.72487327096 -1203.46228991849 -1.49964576782886 72.6149088031279 81.8814051102081
2311000 18478.2596764052 9561.82950523522 4144.26025642764 4772.16991474237 1.00719750410652 -0.0126281032307058 2177.98130761094 1482.42723660843 -722.58964976974 -1.60504076259726 72.4627403288372 82.320412015417
2312000 18591.1335021319 9506.63713544463 4264.36388753055 4820.13247915672 1.00138380317529 -0.00625126169086404 1264.66318811085 -942.8054443937 1118.49782503913 -1.5553323228432 72.3398791668958 81.6694536485714
2313000 18398.5471845916 9449.07370037886 4102.57319423111 4846.90028998162 0.995320345539459 -0.00603313983528936 1252.96620524094 514.63256724556 -362.393301165433 -1.48770806806431 73.0092526203699 81.8001181455602
2314000 18423.7254314819 9459.6633516476 4102.72327472059 4861.33880511372 0.996435808884774 -0.00570958253616631 995.542380581619 1318.46851891016 -981.153204691556 -1.5136752609129 72.884480042357 82.1258280207162
2315000 18410.9996473859 9369.78217194255 4220.27810117883 4820.93937426453 0.986968154204725 -0.00646123178862241 1059.58636127515 937.056896903508 -477.459543153883 -1.47693097804059 73.2841702853509 82.2659643472346
2316000 18453.0077452481 9449.92069818246 4159.11571366414 4843.97133340152 0.995409564247375 0.000346335717270222 -251.175158593585 779.277502270797 -609.63020526932 -1.43368660416782 73.2570699556968 82.3938160788737
2317000 18516.241312681 9509.69110235127 4257.97693506946 4748.57327526033 1.00170549347988 -0.00979899811289337 474.853004777451 2145.41496220363 -325.757499313744 -1.55122038991263 73.0640876434706 82.1750158754803
2318000 18481.8385362654 9606.82456202153 4076.46665150541 4798.54732273844 1.0119370687335 -0.00707668989765745 2211.70176027258 772.089773257288 -1319.99262413757 -1.54948829971722 73.0865895363809 82.4837441366784
2319000 18432.4493627662 9530.48470938586 4111.9454214309 4790.01923194945 1.00389579284625 -0.00200656651945793 179.787890822249 1127.59046949387 -836.682587445615 -1.45868144316459 72.9875918897726 82.4087059405839
2320000 18466.7842554241 9527.45910439512 4103.52356830298 4835.80158272602 1.00357709005057 -0.0114935575893086 -483.04347838119 2671.28171642225 512.949762876632 -1.56400043150386 73.1496036340097 82.3803725003784
2321000 18496.8988965818 9487.20720933083 4144.60789330442 4865.08379394651 0.999337147451502 -0.0118844364676561 1030.67489170326 2064.34663235228 -287.7043835132 -1.58193054622533 73.6395545999914 82.2502305426793
2322000 18608.5747312356 9619.99737948677 4230.89061654808 4757.68673520072 1.01332463048262 -0.0219984614797383 1094.61878506583 2649.51379881839 1474.75832930255 -1.68841760432476 73.7423659118653 82.4905571036487
2323000 18347.925152798 9487.06572896032 4081.00600361808 4779.85342021963 0.999322244584223 0.00101225132494106 -406.740380275335 122.957680538515 44.1179870171753 -1.44352248541736 73.5882295493917 82.4978783402331
2324000 18564.4707408649 9609.77760128451 4168.28485264121 4786.40828693923 1.0122481278016 -0.0039608127668844 1315.74064157988 -65.5912182400935 -307.478604286068 -1.511305297515 73.6092498770095 82.9046234704123
2325000 18612.7701865757 9680.25364182038 4161.66508324226 4770.85146151308 1.01967173769636 -0.00398256448628466 1547.71715412549 752.765468814625 -1348.91785166947 -1.49701061107307 73.8954556542666 82.9073817414067
2326000 18480.2630307598 9534.20273287032 4175.6494344612 4770.4108634283 1.00428743170278 -0.0067752959505761 1959.77773800092 -69.1305132584931 -258.212102867087 -1.52677791557087 73.9497381040092 83.5422970800898
2327000 18468.6472265736 9553.42261340411 4093.04657948078 4822.17803368866 1.00631196222722 0.00074861926627105 -7.13785189911413 1003.81086839551 -1175.95164215474 -1.45681537169218 73.6337087914919 83.392353715386
2328000 18548.2161621424 9614.06605542807 4168.77785178508 4765.37225492928 1.01269985310245 0.00174372838662198 785.960352817478 40.4430913349052 -1248.99139024323 -1.43522093892054 74.3031182747406 83.630871072325
2329000 18495.0665910552 9485.10833761337 4175.60409641928 4834.35415702257 0.99911606231773 -0.00603166011069008 862.238306586988 1206.91156715744 -598.157318216997 -1.54509622321724 74.4194442656481 84.0277209613166
2330000 18497.2819840532 9463.44984374301 4214.10544325744 4819.72669705274 0.996834659898142 0.000301561355802093 -496.666829885708 1341.57844711745 -918.895244603435 -1.44399889703983 74.5850028749856 84.3419845485155
2331000 18337.3397803369 9308.70029457873 4078.19596487977 4950.4435208784 0.980534080642411 -0.0176228702834754 2105.8414839735 2761.64036517119 -552.503581343097 -1.62148643091245 74.6165821935906 84.1399033587797
2332000 18491.5891806019 9548.92700352298 4175.71575971157 4766.94641736738 1.00583841612924 -0.0231476912601441 2485.42960380866 2657.65197369898 561.032334664 -1.68140271568578 74.6328370679084 84.6614983870581
2333000 18589.9187316489 9655.08451922235 4133.77393259827 4801.06027982823 1.01702054239452 0.00623028942370595 17.185845569924 250.127710776724 -1800.50074423954 -1.39127577157386 74.1218385914895 85.1287328570691
2334000 18376.0539652224 9421.36230666533 4134.35342008789 4820.33823846919 0.992401359526553 0.00740782494543 101.33103406265 163.858336538522 -2088.81989133711 -1.34846419494271 74.0973312691356 85.1881069754157
2335000 18342.5182447128 9410.04359721933 4130.90367781295 4801.57096968057 0.991209100670915 -0.0065224187898479 749.161034372065 900.865620565557 -38.6522837735439 -1.50956502914202 74.1112356004432 85.4750001981053
2336000 18332.2744110149 9430.92118596599 4071.0242028439 4830.32902220499 0.993408246270184 -0.0126708966690506 1049.47107481665 1984.23661629618 104.272581515686 -1.57131248671842 74.2316035592207 85.5439717470229
2337000 18333.6559453819 9465.34746966551 4131.62563406362 4736.68284165279 0.997034546759942 0.00384160080883166 -485.105763857801 -61.5395496175971 -413.924501742496 -1.42528271181506 74.6583299208419 85.876398663278
2338000 18574.9097618891 9604.28676781155 4147.65177207404 4822.9712220035 1.01166974959831 -0.00368127246876304 570.531559554105 1107.30474861931 -762.512056319339 -1.51842486676335 74.5843877079572 85.479991562368
2339000 18408.2249060507 9415.99939220453 4104.67989542485 4887.54561842135 0.991836455701746 0.00117829331301237 -443.427457923328 868.408608395658 -716.189863363207 -1.44428704236828 74.3102581365932 85.2781116148201
2340000 18655.4080561117 9547.30404672785 4264.52733848858 4843.57667089529 1.00566746160298 0.0132000577586998 -799.114584701853 -721.302351925404 -1710.49940899496 -1.33466305944466 73.5948967068533 85.2781116148201
2341000 18478.9920794325 9510.52882390162 4125.23891995418 4843.22433557673 1.00179373507153 0.00489257439386869 -603.706191960185 32.5251511537396 -613.466185366033 -1.42152488094231 72.8030245226396 85.2781116148201
2342000 18670.7503873464 9556.06759679513 4098.27427738112 5016.40851317017 1.00659057215939 -0.00459809979745584 1351.62967192243 1226.65188553913 -1480.54412899666 -1.51230381692275 71.7823872239963 85.2781116148201
2343000 18561.5936926768 9486.01817611272 4167.23916289095 4908.33635367316 0.999211900364746 -0.00104636199889677 -389.522344623384 857.938683087427 -218.605010041859 -1.47470236584127 71.7840551048132 85.2781116148201
2344000 18327.1195818601 9354.25526287322 4082.4967471933 4890.36757179359 0.985332623676539 0.0010678738507457 185.631750198278 299.942155166971 -736.727386919487 -1.45166489736989 71.2997867806146 84.5797530364081
2345000 18404.6665471598 9408.0768705256 4073.90177722392 4922.68789941026 0.991001935063527 -0.00288663119557709 1262.73111491441 70.7849326536048 -663.133885187997 -1.47797866495527 71.2997867806146 83.5176587348272
2346000 18556.5813125693 9477.36650290398 4091.26208809393 4987.95272157139 0.998300574382892 -0.0109723121790279 2122.17694836457 542.81001224863 -156.596376309575 -1.54555628075498 71.2997867806146 82.2136951525761
2347000 18621.9474528755 9449.90814203093 4170.83143151255 5001.20787933207 0.995408241642274 0.0064968440565205 -720.836288814593 206.718364572728 -966.804947134901 -1.38599601748347 71.2997867806146 81.9741948535211
2348000 18566.7627585748 9459.36410585243 4127.24368989013 4980.15496283224 0.996404287760303 0.00607168895063788 450.081719286908 -663.75860132437 -1162.80698213005 -1.38848417246863 71.2997867806146 81.52837230439
2349000 18613.7931852978 9560.67275256081 4034.64893253574 5018.47150020121 1.00707565729824 -0.00106726111384282 -354.195350967523 645.563968873171 -51.4773523411402 -1.45472532198104 70.7793846453775 81.4277360166128
2350000 18399.3017971109 9429.88577054874 4012.75229472359 4956.66373183856 0.993299180549718 0.00184425466852792 37.0429941352116 -61.8315906344115 -389.212867848828 -1.39968248070947 70.6877272901203 81.4277360166128
2351000 18653.7462080998 9410.23587324896 4139.15592659578 5104.354408255 0.991229354110598 -0.00194128293498976 1058.94386939354 927.414390538888 -1553.06577688141 -1.42894858395559 70.283818873639 81.4277360166128
2352000 18712.8589963118 9645.64363558091 4047.40023066294 5019.81513006795 1.01602608475071 0.000454084766666895 -712.763559267113 1368.43868530138 -755.917005177053 -1.41989579941449 69.5144833980008 81.4277360166128
2353000 18672.8782789522 9586.53424001282 4048.8933461735 5037.45069276585 1.00979978301078 -0.00585466893470809 606.421327105203 949.076536016275 -266.129256729097 -1.52666436096782 69.3486135353882 81.4277360166128
2354000 18518.0867424708 9520.63684409237 4080.23581268163 4917.21408569675 1.00285846569678 -0.00119574095017777 217.867039876341 -259.238911776976 303.587383055023 -1.46391820202441 69.128377400715 81.3392766039206
2355000 18506.4442587301 9485.31986574589 4041.33389926056 4979.79049372365 0.999138343682086 0.00342999198016234 -541.317177158105 -810.016556245885 600.218046009476 -1.41346685775406 69.128377400715 81.2255681434411
2356000 18388.8476578165 9360.68498584895 4082.65173901716 4945.5109329504 0.986009900020956 0.00280279567589106 913.897576222669 -446.332326345519 -1076.55283071319 -1.40965609311651 69.128377400715 80.5927596582905
2357000 18599.6674580396 9534.20566961237 4126.70364022503 4938.75814820217 1.00428774104518 0.000900097199093572 -277.03576359591 265.20839220916 -181.385349016998 -1.41460480142347 69.128377400715 79.620579636904
2358000 18761.6701808432 9592.22194697038 4151.33145658663 5018.11677728623 1.01039889892773 -0.00288754580491889 1752.24780698213 377.228628063754 -1512.00584699956 -1.51182106776216 69.128377400715 79.3170262700185
2359000 18558.8325380655 9436.64845926989 4101.28377839131 5020.90030040432 0.9940115299173 -0.0081184457326537 -112.303990496059 1924.09291237998 -98.2230752893683 -1.45336853142332 68.6368995632845 78.8507159535217
2360000 18533.6631517975 9467.52381195876 4084.09261333021 4982.04672650857 0.997263792274584 -0.00243921093651121 448.330646490975 553.555957819827 -486.782063949167 -1.48320134530494 68.6713794319316 78.8507159535217
2361000 18515.5789928029 9460.84954316429 4061.35835652986 4993.3710931088 0.996560756640258 0.0129086554403929 -246.403553071535 -26.5525047425109 -2443.54817360334 -1.29517889864998 68.4319836431507 78.8507159535217
2362000 18871.1567706023 9600.1869902114 4289.6467264205 4981.32305397035 1.01123789858444 -0.00868002274580081 475.826717511299 180.648730363217 1159.97329751244 -1.56211745656176 68.0506122089489 78.8507159535217
2363000 18659.183651974 9660.35836852754 4037.55308478452 4961.27219866197 1.01757606452073 0.0156214198296405 -523.765313311728 -315.352194952561 -2406.72673831895 -1.32875053876197 67.5673558519032 78.8507159535217
2364000 18441.9308640928 9402.20153297699 4025.87406104617 5013.85527006961 0.990383055035234 0.0060085029524219 444.844211103595 -516.101685425295 -1170.30581988525 -1.38841600510321 67.4215405866648 78.5849365143347
2365000 18537.2597718678 9407.86057489609 4198.3178621941 4931.0813347776 0.990979151513782 -0.0054765099620021 1098.06258504073 1543.40034425048 -1522.78012685633 -1.47607647414596 67.4215405866648 77.685470560635
2366000 18408.7488376998 9390.16215082281 4030.38796857141 4988.19871830563 0.98911488395458 0.0146015110986627 106.421436092456 -495.588247359799 -2579.59255203481 -1.29700000179011 67.4215405866648 77.3239292582604
2367000 18604.3831894801 9612.55474558193 3954.92749736529 5036.90094653284 1.01254065893316 -0.0119716471472325 1171.68128664182 2408.07958548116 -1156.20983011901 -1.53173937467678 67.4215405866648 76.9901177471766
2368000 18525.8288218291 9430.53330040309 4072.18253203728 5023.11298938869 0.993367388255447 -0.000238951420036061 -215.91404366756 355.541567440095 -91.3812598405947 -1.40231465905813 67.4215405866648 76.7875468950716
2369000 18567.581856305 9489.46490796904 4068.84981527086 5009.26713306505 0.9995749626554 0.0200075295348601 -421.08723090871 -1890.22305380304 -1724.30169821056 -1.31600706653483 67.4890895251492 76.6333409957664
2370000 18549.0334328374 9548.96401234477 4038.9473772271 4961.12204326557 1.00584231446198 0.00758700200058082 155.080448894394 -580.331436200507 -1097.45733417447 -1.38523786375563 67.1528046142623 76.6333409957664
2371000 18287.0512650343 9294.47504780812 4052.3511385548 4940.2250786714 0.97903566101102 -0.0198777916164619 917.696106312778 1479.91119211701 1572.10667862312 -1.58195194719932 66.82034535813 76.6333409957664
2372000 18694.5846513784 9579.52569822316 4043.12230721156 5071.93664594364 1.00906153665383 0.00715217900988636 500.684050209909 -906.702198199764 -1024.86406187268 -1.38006933668751 66.9396043911404 76.6333409957664
2373000 18676.2428358632 9586.4653415666 4098.36002426748 4991.41747002908 1.00979252557714 -0.00556227362512643 878.186829379851 1660.84020283676 -1430.88381390754 -1.4593677105649 66.6593656785705 76.6333409957664
2374000 18611.2748741508 9447.14255262391 4145.53852782537 5018.59379370147 0.99511692764775 0.00605815626050585 -686.510750139419 -83.8306611277332 -429.408636354532 -1.38689976129267 66.9041486229552 75.8984049799508
2375000 18492.612692471 9440.1019347522 4068.41051204428 4984.10024567457 0.994375302549344 -0.00689711183869609 -1537.27134994912 2584.19374974929 328.013036038717 -1.48116479731072 66.9041486229552 76.4007076611291
2376000 18485.4886433223 9412.42779299285 4108.7920033331 4964.26884699634 0.991460240479575 -0.00970268075200916 918.454000157925 -104.367660572524 1115.02718990363 -1.53253302706136 66.9041486229552 76.1988451498235
2377000 18548.4560450855 9545.18533154092 4080.26869228837 4923.00202125623 1.0054442862528 0.019837124668763 -936.011071689441 -857.439725269489 -2113.79596310215 -1.2828056492648 66.9041486229552 75.4873989850519
2378000 18556.2652174264 9463.0208020604 4098.49949762029 4994.74491774566 0.996789466694096 0.00260197705759418 357.474487616181 188.351228307411 -1054.79454371021 -1.41476766914535 66.9041486229552 74.9669886354423
2379000 18836.3350159795 9510.50855947819 4235.29012990337 5090.53632659795 1.00179160051385 0.00574260238656963 668.594925440809 -391.443065313172 -1397.16923833509 -1.42268774013006 66.4782924232452 75.226620444995
2380000 18667.9894368911 9486.73474764943 4151.30444631508 5029.95024292663 0.999287380591924 0.0135082046305916 347.461839351274 -2311.5312437356 -650.521781278169 -1.35155206818876 65.9735726819037 75.226620444995
2381000 18548.7787730638 9437.33711820168 4150.67719723082 4960.76445763129 0.994084069963837 -0.0112619883014079 347.699595022975 2051.31260543499 -234.392387720915 -1.54197362775868 65.5134391910269 75.226620444995
2382000 18552.0051792986 9469.32282997134 4054.88065313068 5027.80169619655 0.997453292249575 0.0171987563086736 -787.934241076516 -986.952902731353 -1534.22540074608 -1.30053135542166 65.5810455677976 75.226620444995
2383000 18738.593541241 9525.28338183254 4178.67527353936 5034.63488586912 1.0033479098154 0.0218430660565857 -107.625518203905 -1210.45563418472 -2850.10384645295 -1.3115368291239 65.0425004299943 75.226620444995
2384000 18552.2133398337 9420.80544900919 4123.28117747486 5008.12671334967 0.992342702797618 0.000786292316607793 627.856387618679 -1171.90913355277 395.367595693884 -1.43931501908022 65.0175196693647 74.5741924841724
2385000 18439.7804797809 9382.10578597763 4065.56488758469 4992.1098062186 0.988266264915746 0.0234279367327089 -1447.28156623951 -688.168930768446 -2304.15367924351 -1.25373048997883 65.0175196693647 74.7334796736063
2386000 18598.1768258902 9487.64754316275 4089.03144671319 5021.49783601423 0.999383530116685 -0.000190670052831193 387.079164612341 -879.474144583772 528.494456207116 -1.46489342903104 65.0175196693647 74.6660899481935
2387000 18545.8053173423 9485.83016335694 4059.15364949915 5000.82150448625 0.999192095997992 0.0198939300793034 -1045.42801371802 -1207.75387331559 -1486.8077988007 -1.27878059741629 65.0175196693647 74.1403808375452
2388000 18637.6012595909 9483.44427462409 4112.43389430928 5041.72309065755 0.998940777861072 -0.00564354596661015 911.937953140308 -239.014357261271 385.545509545936 -1.4849557069798 65.0175196693647 73.9658265740174
2389000 18788.564250973 9675.92924829667 4107.32236757155 5005.31263510482 1.01921622671266 -0.00937721672637576 1651.05864829021 579.124313129141 -484.048977612965 -1.52821510345244 64.8308372267144 73.6473923180071
2390000 18782.4232982636 9502.8190151466 4218.64005764621 5060.96422547081 1.00098162059795 -0.00695743456655578 258.271503369516 428.809438117164 609.287653630141 -1.50794303003874 64.8720153088965 73.6473923180071
2391000 18827.949199926 9507.59455431446 4240.72986442498 5079.62478118657 1.00148465311155 -0.00163287848916455 176.91022773434 52.2876305411526 73.6629268471744 -1.4757521296631 64.5754133613395 73.6473923180071
2392000 18588.7507688312 9548.01428291249 4020.82330658082 5019.91317933793 1.00574227449439 0.0159716415912909 -2315.83816047557 743.556952093148 -1390.398893833 -1.33600665475094 64.582257763125 73.6473923180071
2393000 18429.1381704851 9413.33170123565 4044.81426015105 4970.99220909843 0.991555453861658 0.0266317445770534 -2169.76408462945 -1034.90274351808 -1763.93098685213 -1.20966216074241 64.9549489869115 73.6473923180071
2394000 18473.760346447 9326.7971069172 4088.73629009653 5058.2269494333 0.982440312520904 -0.00863790318690516 1261.18079781085 19.6218860539081 316.946012445289 -1.48746905115613 64.7332373325912 73.2669656902416
2395000 18562.1144438271 9431.37489492271 4090.34813393551 5040.39141496886 0.993456037807206 -0.021632685323923 1475.45227537734 829.654209015836 1691.90918776586 -1.57969329052537 64.7332373325912 73.1869223059758
2396000 18341.1123773232 9268.82772599696 4024.55037264449 5047.7342786818 0.976334094485381 0.0208409762910548 -993.682912898436 -1460.14990770776 -1378.11797974813 -1.22642090621497 64.7332373325912 72.8299364586346
2397000 18342.7683361713 9349.28445050946 4048.78187051054 4944.70201515134 0.98480902201606 0.00674399692918654 101.06133050123 -58.0942530057845 -1278.49526674661 -1.34441185142095 64.7332373325912 72.5677003852615
2398000 18714.6317785584 9516.86756422829 4172.76377951831 5025.00043481185 1.00246142773775 -0.00690559941827036 -104.008034022248 1561.97413048121 -195.944717174916 -1.50036628352937 64.7332373325912 72.3891365176866
2399000 18644.7252991066 9527.2275635287 4107.93267498797 5009.56506058995 1.0035527006403 0.00326690001982413 -515.007557838292 -12.1492823983256 -64.9315796437999 -1.40630567454112 64.5534297113318 71.9891085101082
2400000 18589.3098851009 9531.16662730033 4046.97996636422 5011.16329143639 1.00396762282618 0.0100266194803009 -1175.21232627512 1185.03694801413 -1821.67794522895 -1.37366198821678 64.3631218933946 71.9891085101082
2401000 18483.81713538 9417.43828395782 4029.68428242698 5036.69456899523 0.991988021694615 -0.0129493339268157 -139.244031646405 2072.94244244423 405.820195687403 -1.52050857926703 64.3498695493765 71.9891085101082
2402000 18553.5543514959 9344.83454096266 4175.02125070577 5033.69855982748 0.984340289773283 0.00230097462514922 47.2275482606161 -206.03183713024 -259.93285563214 -1.40604529389843 64.8183923533906 71.9891085101082
2403000 18701.6775193117 9567.43598367458 4095.23988958004 5039.00164605712 1.00778806379887 0.000885487782454576 242.060134363435 -425.280645292239 22.1172122623378 -1.45191889973179 64.802305474403 71.9891085101082
2404000 18448.2377293489 9389.66786287948 4094.25673686038 4964.31312960904 0.989062818020696 -0.0191014213848917 2274.2565358246 900.249872738997 253.876259445247 -1.54307278423624 64.4868849221644 71.36538283419
2405000 18922.8758537743 9577.61860547402 4248.27376245942 5096.9834858409 1.00886065260168 -0.000620496885725228 220.547891587711 256.097058425245 -365.460722285332 -1.45794928353188 64.4868849221644 71.2471623982919
2406000 18678.9280546947 9595.19647713159 4076.3351873767 5007.39639018637 1.01071222174452 0.00546272387700666 -687.013779601944 -52.6555203979113 -232.40933754453 -1.38430415751029 64.4868849221644 70.7548386039477
2407000 18607.0494468051 9436.11525691401 4046.84026113483 5124.09392875631 0.993955364924845 0.00690772344710867 -967.134447447386 -273.964329688751 9.02628166301478 -1.3873257290013 64.4868849221644 70.9194428107555
2408000 18608.9080807398 9555.08324118894 4078.90312923647 4974.92171031443 1.00648688483583 -0.00327048323166767 1179.86521418774 199.076647960331 -800.347165101595 -1.47576813173777 64.4868849221644 70.3439119493233
2409000 18448.8379346648 9349.91351486624 4043.95339026379 5054.97102953478 0.984875284654368 0.00379913659596088 147.936943200932 -745.016567990791 -68.3286942334837 -1.3907130318499 63.782668129651 70.4102729628889
2410000 18496.1926362683 9421.62624991423 4017.27752070994 5057.28886564408 0.992429162049216 0.013567900831669 -426.075318802188 -2228.89210381918 311.278212180376 -1.34427481758942 62.9052257180423 70.4102729628889
2411000 18566.008721103 9484.76823730243 4005.66716106945 5075.57332273111 0.999080237773469 0.00786747395606546 88.7098955812571 -481.786123707468 -963.087745767899 -1.40250205792246 62.7734870641799 70.4102729628889
2412000 18735.7779424518 9394.59919614494 4257.66709302381 5083.5116532831 0.989582261141301 0.0257584583545408 -1992.65098932111 -899.539100957013 -1510.69093898036 -1.25859416225234 62.2467166648869 70.4102729628889
2413000 18917.0111998926 9665.08432360095 4164.50770007061 5087.41917622107 1.01807387408237 0.0123162096905175 -1410.43559838011 -329.100350653914 -354.338340251011 -1.37009438017069 61.911723605415 70.4102729628889
2414000 18473.1415606925 9421.98805868826 4013.78558947627 5037.36791252795 0.992467273259415 -0.001798499544622 442.068840142743 266.734018209405 -401.895292436615 -1.44509951237173 62.1008749059256 70.4587504389254
2415000 18764.0063937418 9601.94222049623 4087.43395415288 5074.63021909268 1.01142278616909 -0.0123646921611008 1625.98475468704 624.363234947666 -125.051826822545 -1.53732202624814 62.1008749059256 70.9698396449389
2416000 18535.3440000349 9454.14661242012 4013.67519114643 5067.52219646837 0.995854701892886 0.00245917906981922 857.207747364105 -208.223226330255 -1069.97600077535 -1.4110999399547 62.1008749059256 70.6839525670484
2417000 18693.4509601492 9541.23327354328 4116.9086325873 5035.30905401862 1.00502799531714 0.00471501277645154 412.018670148033 -177.73501008809 -1041.94949628306 -1.4287475526395 62.1008749059256 70.7272078059974
2418000 18629.0371623676 9517.6480399005 4067.67270308275 5043.71641938431 1.00254363932169 -0.00365094394671355 1980.65650965427 -1018.84634003527 -340.846084274465 -1.43102910983818 62.1008749059256 70.2261713164251
2419000 18479.3494586697 9383.58153652725 4031.46260453649 5064.30531760595 0.988421713438379 -0.00671981818488562 -208.959239123199 1139.00510098564 207.613334331842 -1.47073336581966 61.7883216684932 70.2560377678389
2420000 18812.1404542461 9748.21238045689 4016.73536735635 5047.19270643285 1.02683018701816 -0.00307079468694807 900.209273823828 606.236573506728 -987.191815213163 -1.48143504125617 61.7135936839585 70.2560377678389
2421000 18529.6191020056 9387.0035895651 4076.36973195204 5066.24578048846 0.988782176180028 0.00561154019821231 -1768.14965958097 -8.15270371022723 827.358332647004 -1.42566359651278 61.7177748274682 70.2560377678389
2422000 18747.444439338 9552.18379911559 4057.67007097481 5137.59056924761 1.00618147143999 0.0110938248527785 54.7536642927528 -673.568091878369 -1244.90800720995 -1.36731565628068 61.3128731473889 70.2560377678389
2423000 18662.1963981427 9547.16470057392 4058.57781374301 5056.45388382578 1.00565278354389 0.0131527344295328 -1357.97911318267 -222.117722050795 -631.270559137981 -1.32869283900796 61.3615879955798 70.2560377678389
2424000 18793.3226274962 9616.91931396035 4093.51380231675 5082.88951121912 1.01300040174439 0.00350339492414841 -15.8153007054634 -709.379665513982 143.211067299014 -1.43012080778151 61.0180806980079 69.806959651934
2425000 18732.8985317773 9458.56761475022 4137.1674228514 5137.16349417563 0.996320389187362 -0.010454343513341 897.415604334171 1154.88138581435 -326.722646882407 -1.49341086404087 61.0180806980079 69.3607465010527
2426000 18636.9061444275 9473.54100030982 4086.21215442264 5077.15298969505 0.99789761418969 0.00464317772756272 720.724405907296 178.544610380364 -1664.56725138718 -1.40274493608699 61.0180806980079 69.2615576393666
2427000 18674.0508090205 9497.8363361689 4066.00275452658 5110.211718325 1.00045676896497 -0.00492980403535333 829.95624994522 -372.979248569115 357.176571252227 -1.46187220118804 61.0180806980079 69.3990502485631
2428000 18744.3426973674 9524.89022855272 4149.00546228947 5070.44700652521 1.0033064969245 0.0238484417264883 -800.249833337966 -1575.26334194937 -1547.42663368225 -1.3287039202632 61.0180806980079 69.1239404646577
2429000 18759.9723165632 9567.09629904719 4141.96376417865 5050.91225333739 1.00775228304073 0.0043807180591609 669.895129857608 -706.134816021662 -677.796902235894 -1.402379015342 60.6039424458873 68.9619731503698
2430000 18806.5974742157 9494.60171272086 4154.08557494135 5157.91018655345 1.00011604916215 -0.00856910942176427 1332.42293056259 -538.703148259576 593.909760640398 -1.52311027637667 60.2092978899035 68.9619731503698
2431000 18659.6574379979 9462.90668186352 4048.83861910233 5147.91213703201 0.996777445816983 -0.00291796114759985 375.98654974897 -13.6419550850007 104.318244044928 -1.46913822809747 59.4633575171491 68.9619731503698
2432000 18512.9072738839 9387.63862240699 4013.10728032417 5112.16137115274 0.988849067510084 0.0158964757704511 -75.2234770886471 -97.3482642294585 -2388.76799685808 -1.31536004064736 59.9089970339148 68.9619731503698
2433000 18617.7752766124 9428.89509429955 4169.97167837373 5018.90850393908 0.99319482743978 -0.0383749735592612 1145.08083522228 3154.50058427084 1877.71046913002 -1.69668959392811 59.8515976406159 68.9619731503698
2434000 18669.9654278566 9430.70430645896 4167.65710143189 5071.60401996573 0.993385401217565 0.00914571331803314 -486.641006546103 -123.075570503148 -857.196545199629 -1.36187531227746 59.8221677472113 68.7479981161809
2435000 18603.6903474369 9483.43458596616 4057.39398128195 5062.86178018873 0.998939757304067 0.0109914975489962 -904.460787645339 -451.483286740387 -408.524019077137 -1.36671625240352 59.8221677472113 68.8066143493885
2436000 18716.7826235146 9423.89367598325 4137.51987360132 5155.36907393006 0.99266800189427 0.00724041590113707 326.633889353114 -249.80511118505 -1242.88124672876 -1.39383117463997 59.8221677472113 69.0284029932493
2437000 18498.8182649117 9444.42425470302 4011.7198633266 5042.67414688204 0.994830595112764 0.00469139287620402 -421.05728953768 730.077622302398 -1063.57164008783 -1.42310412325531 59.8221677472113 68.9382442680138
2438000 18724.9916851828 9596.55580797976 4107.73178267249 5020.7040945306 1.0108554071712 0.0153430823786536 -540.675608127232 -969.167608647995 -990.923572058193 -1.34527318249092 59.8221677472113 69.8608431714351
2439000 18686.207588361 9549.25611185254 4028.21230658329 5108.73916992516 1.00587308283062 0.0115858122340242 -842.172129231898 700.40692119152 -1732.47428637711 -1.36801564030817 59.5000363817306 69.71347974734
2440000 18544.991907891 9434.03072858798 4082.52058509295 5028.44059421003 0.993735790655499 0.0079795519123499 188.308399244996 -803.777665673413 -670.887874586383 -1.37928365831725 59.2927630806782 69.71347974734
2441000 18670.0811441832 9477.79254777137 4125.61302789512 5066.67556851675 0.998345451916719 0.00901407418904578 495.961286071968 -749.813305403463 -1189.75917710906 -1.40451870106823 58.9044011995753 69.71347974734
2442000 18842.7903171155 9541.65564452508 4125.25604571607 5175.8786268744 1.00507248586139 0.00102091828765431 87.6612457150195 -777.541464124333 527.789347496514 -1.4009219341227 58.3964174169728 69.71347974734
2443000 18896.4029937526 9692.2342070107 4104.40126374759 5099.7675229943 1.02093371327863 0.0325810463155763 -2205.27875792969 -1461.58039184533 -1526.97256074963 -1.27193607069857 58.6329139346068 69.71347974734
2444000 18631.9074930248 9490.15464939799 4058.50577390166 5083.24706972518 0.999647616727022 0.0160978046040588 193.451237752904 -530.373159650445 -2214.46625353375 -1.33658940521638 58.7255711502044 69.2019019011409
2445000 18587.11637141 9314.01937046568 4154.28878945758 5118.80821148671 0.981094366720986 -0.0108323379657911 1112.66976724736 1460.41276028988 -868.872972213032 -1.48905833439102 58.7255711502044 68.6924392405882
2446000 18669.7583506604 9547.71684191739 4024.45410260931 5097.58740613374 1.00571094347895 0.0257062655791671 -2239.99386773453 -149.801131521647 -1675.50997326463 -1.2831046069789 58.7255711502044 69.0497777125989
2447000 18527.3628885195 9456.25824189173 3995.68904794119 5075.41559868661 0.996077130867618 -0.00517852062608182 1249.18077775377 -421.858548959683 2.77401855036147 -1.48006075102382 58.7255711502044 69.9891765355058
2448000 18779.5190895381 9469.40878584717 4123.42432381104 5186.6859798799 0.997462346431471 0.00361398198275704 -279.690311259416 902.546899267516 -1198.63195641934 -1.38821753586933 58.7255711502044 69.5625097355487
2449000 18816.3127687289 9513.0261597143 4112.17644894011 5191.11016007453 1.00205679251217 -0.0199188729635881 606.565130521792 2280.18768296361 294.439080687389 -1.56743876899503 58.4725187857202 70.0339620091828
2450000 18697.9732055269 9497.43704923934 4073.72028269426 5126.81587359332 1.00041470998466 0.00709706611442899 -405.416512691047 259.84246629043 -988.134189795042 -1.4185001718011 58.4856266320856 70.0339620091828
2451000 18796.5926329866 9441.8050009964 4204.25748202747 5150.53014996275 0.994554695422805 -0.000657331454125771 839.39188254978 -254.560774697511 -478.227415863181 -1.45630418004482 59.3764909872584 70.0339620091828
2452000 18687.3097080952 9437.18202354187 4126.45376145103 5123.6739231023 0.994067733032272 -0.00232070409798169 558.064470202505 937.782798002541 -1122.21397090038 -1.43172966762582 58.9457503123986 70.0339620091828
2453000 18751.0873077943 9496.49419632207 4122.4967823261 5132.09632914611 1.00031539435636 0.0219663420981561 -1129.74085426319 -784.214932853722 -1590.26518994363 -1.30932642350209 58.406400064112 70.0339620091828
2454000 18539.561813196 9426.87879964959 3999.32612680009 5113.35688674628 0.992982440580354 -0.00453559641305127 736.333680087203 356.138279220444 -375.634806277238 -1.44594373014203 58.3223061061362 69.4843194359138
2455000 18647.3760827255 9387.24570475904 4150.42528935037 5109.70508861607 0.988807679439516 -0.00779536431959273 454.108698987245 524.322686836189 245.961677579514 -1.47963534695232 58.3223061061362 69.0534129860231
2456000 18716.375838052 9502.28411328832 4093.44340284911 5120.64832191459 1.00092527658801 -0.0289748132551459 2016.84936056111 1238.25956499379 1275.34597772735 -1.625829711296 58.3223061061362 68.7419537313373
2457000 18612.8536479255 9453.22524901584 4074.05836022983 5085.57003867987 0.995757649867366 0.0141497301277054 -1501.5468895189 -101.002025938542 -616.061460388838 -1.34542574567471 58.3223061061362 68.9340171601191
2458000 18396.1393297886 9272.38493670694 4090.70195776647 5033.05243531517 0.976708794091425 0.00696284654057683 -892.436249724236 530.23526462341 -729.884667407589 -1.37041552654429 58.3223061061362 68.9557653263898
2459000 18665.7081213019 9475.53793501696 4116.39676644616 5073.77341983876 0.998107961765098 0.00793261997675097 -355.763912840414 358.597368518426 -1239.50059867337 -1.40485956854346 57.7517039417951 69.2160423370123
2460000 18596.7791085905 9392.70826260796 4103.00851970612 5101.06232627646 0.989383079223464 -0.0134102767910664 548.678085155613 -268.555870591383 1794.29013015681 -1.49623452612659 57.3041369320027 69.2160423370123
2461000 18736.039231341 9564.03307097632 4086.28902543304 5085.71713493163 1.00742961720928 -0.00341818740623775 696.988729615609 -248.924839206249 74.2734951299918 -1.46478612322648 56.6087898337532 69.2160423370123
2462000 18767.1147555818 9562.66817927422 4061.09537267555 5143.35120363201 1.00728584602878 0.0101509522273556 -759.434283879381 -1134.74699394122 351.777732708208 -1.39581215984616 56.2885239628971 69.2160423370123
2463000 18560.8132632828 9406.24211147122 4083.49821969966 5071.07293211188 0.9908086702977 -0.0127262123688453 737.673150103105 2168.83044274751 -962.950493625815 -1.51259089351115 56.5751707886345 69.2160423370123
2464000 18918.2228572842 9587.91016935999 4161.55835752842 5168.75433039581 1.00994471684416 0.0019040167699689 778.285642875414 186.152062340485 -1254.49085903608 -1.42493997769485 56.2505542149372 69.4409110509488
2465000 18772.508452973 9524.17034789859 4069.44687490909 5178.89123016528 1.00323066813068 0.0040941245964655 -592.646912709779 -615.358482396813 590.657181718864 -1.39135409016543 56.2505542149372 68.73496683504
2466000 18743.3482259124 9490.89041283749 4109.01267022028 5143.4451428546 0.999725118537683 0.0138450269160762 -441.323406253447 -1460.02264874468 -185.056654028997 -1.35431371263741 56.2505542149372 68.6930691591993
2467000 18869.9594892742 9585.18695764193 4096.10317909179 5188.66935254044 1.00965786671322 -0.0116929713521649 -46.4597924400191 1569.39406805131 225.121646313834 -1.47741296511975 56.2505542149372 68.1457889003063
2468000 18886.9486817447 9600.76694085653 4100.07354021473 5186.10820067342 1.01129898781867 -0.000162715615259311 -190.242346443975 1136.05646346469 -921.601483742509 -1.44847207576835 56.2505542149372 67.8299315575589
2469000 18817.2709353041 9458.92303638487 4216.369520005 5141.97837891422 0.99635782760677 0.000776521692562104 100.415900833965 173.644860702326 -388.423514097034 -1.44612540563436 55.936163352283 67.5108732005631
2470000 18554.8256801691 9347.58375759549 4015.80517227918 5191.43675029448 0.984629879137883 0.009597604314665 -199.334684434247 -516.543978488745 -699.839249224173 -1.37439471100482 56.024185786428 67.5108732005631
2471000 18580.7781253089 9403.02117549778 4094.80162735861 5082.95532245255 0.99046939226816 0.00504689871406734 -96.7101213457472 105.978182171446 -752.374042784046 -1.42354990484145 55.922661972201 67.5108732005631
2472000 18666.7158507543 9532.04894005412 4029.78653930442 5104.88037139573 1.00406056144247 -0.00011447470332968 630.884080129485 402.973805886978 -1016.91875674241 -1.43607774853451 56.200893920101 67.5108732005631
2473000 18771.5208703426 9634.75864990049 4085.6408205492 5051.12139989295 1.01487951228741 0.0189200549517054 383.979258256252 -1114.62926182146 -2068.43763217045 -1.34777966729 56.1895779590831 67.5108732005631
2474000 18656.7577166617 9424.36964356477 4098.68972129193 5133.69835180496 0.99271813804864 -0.0246846261202619 1361.2478239675 1686.4266448648 560.687024504757 -1.58188596224922 55.8965348371748 67.0554363829545
2475000 18693.0166013922 9478.86308942933 4085.65445546127 5128.49905650159 0.998458217667808 0.0188351735025723 -434.748397279438 -837.176444744864 -1466.3863329175 -1.33092054005133 55.8965348371748 66.6904550675698
2476000 18819.8276197938 9490.11221967408 4089.93827122855 5239.77712889117 0.999643147382323 0.0105776730744756 -35.6347066153283 -139.333907296918 -1364.18282742864 -1.39877343619184 55.8965348371748 66.7485322751956
2477000 18700.5412791257 9354.4073767523 4109.57361257276 5236.5602898006 0.985348646626881 -0.00175569888750293 1221.20637857147 -652.510540584397 -314.704086566539 -1.44265872136642 55.8965348371748 66.3620947207619
2478000 18953.2411364602 9540.72218278301 4187.41029184473 5225.10866183241 1.00497415945468 0.0300973179886318 -2073.8174524076 -212.112850656821 -2069.91285338295 -1.27000141067934 55.8965348371748 66.3888191412296
2479000 18814.0259213298 9631.51012851998 4036.92183403254 5145.59395877732 1.01453732854268 0.00136672880743959 410.201986874434 1039.70937379601 -1647.81699084815 -1.42486214290244 55.9203836838836 66.3958677986438
2480000 18738.531091205 9532.70397262723 3978.89068394017 5226.93643463763 1.0041295594488 -0.0117607185042511 238.318089744573 2762.22323179274 -1306.92637525641 -1.46894401726851 55.6128515362822 66.3958677986438
2481000 18681.2129683965 9512.10959775034 3968.15823282374 5200.94513782245 1.00196024624747 0.0151962781839346 -553.7836722986 -624.22312301954 -1005.14792573149 -1.33050691433517 55.480660366842 66.3958677986438
2482000 18960.7298918801 9688.76360028285 4099.79610721149 5172.17018438576 1.02056813612291 -0.00137857719693277 596.345500342078 -349.620247287857 -47.545873168537 -1.45444899134075 55.7965860059902 66.3958677986438
2483000 18951.4561386682 9636.08292339339 4119.57261794863 5195.80059732618 1.01501900493953 0.0134492868637869 110.973935739572 -270.02671718135 -1787.18394679309 -1.36430438940832 55.8844200861831 66.3958677986438
2484000 18636.1059958153 9332.08124652879 4049.35984528551 5254.66490400102 0.9829969185789 -0.00615814658175608 894.277062064432 226.974501255283 -233.812944233343 -1.44185266298053 55.7294354854713 66.30389645036
2485000 18691.886669934 9489.12012489284 4075.37677133103 5127.38977371013 0.999538644850986 0.0154484232233358 -1462.0779862876 93.3399870457898 -843.797974109556 -1.32593023255518 55.7294354854713 65.8956780089867
2486000 18857.362928667 9553.19398578894 4095.15091676137 5209.01802611665 1.00628787968494 0.0145636067890129 -937.617516640888 -7.62452643399314 -1139.94587860999 -1.36930957391191 55.7294354854713 65.8759672678329
2487000 18712.4208179829 9397.84180012967 4128.44143967965 5186.1375781736 0.98992382157578 0.0189490955357973 572.566136867395 -883.339635475498 -2413.84204274394 -1.31799963471293 55.7294354854713 66.1557341444167
2488000 18738.4043018435 9460.55899201414 4093.40403077602 5184.44127905335 0.996530151368214 -0.0116448245987684 1655.44930010441 539.695553526315 -529.961123590791 -1.53043623564466 55.7294354854713 65.7930404577224
2489000 18792.0021220929 9481.73504029814 4172.0202473501 5138.2468344447 0.998760735271305 -0.000689209168761184 934.50139616697 562.473031978233 -1399.17287079682 -1.43190816723852 55.5553627685721 65.4943941573187
2490000 18453.3768854256 9329.66980773537 3949.96502199904 5173.74205569114 0.98274290912049 0.00444730599402931 42.8756549373484 957.107660388217 -1627.76613002605 -1.36944738063832 55.2641729340516 65.4943941573187
2491000 18727.2485051462 9522.77231480355 4044.32275513332 5160.15343520935 1.00308340599395 0.00122931742119313 -19.8855072910617 641.358391851178 -797.017379097035 -1.39971478931369 55.905487791658 65.4943941573187
2492000 18576.6328627037 9462.20690487792 4005.7239299943 5108.7020278315 0.996703734647697 0.0251922093786765 -566.093925100547 -176.13529909766 -2843.99825423074 -1.2649694410585 55.7317705643431 65.4943941573187
2493000 18864.4684452755 9573.54662170135 4131.23909980289 5159.68272377125 1.008431729257 0.00604629774388382 1386.80119411614 -423.895716660056 -1827.15269511828 -1.40168554313976 55.9602600647039 65.4943941573187
2494000 18808.1796229782 9510.31876139446 4136.70428855794 5161.15657302576 1.00177160808916 7.07962228016383e-05 155.991560608293 510.508103773765 -676.547026831318 -1.44727397879831 55.6668938921172 65.3702861094356
2495000 18586.8694629023 9280.12466074418 4175.28192989376 5131.46287226436 0.977524059698128 0.0121321181249173 53.9108931116589 377.529328915032 -2125.4287429699 -1.37346040921842 55.6668938921172 64.3149944788445
2496000 18655.2388925907 9435.93477952002 4075.65368959487 5143.65042347577 0.993936354297153 0.00281349761878927 513.512398098161 580.668798154484 -1488.07827311673 -1.40752180658348 55.6668938921172 64.4873617419775
2497000 18575.2678336168 9393.18373273991 4038.86505529099 5143.21904558592 0.989433162978871 -0.0102924241980218 1333.10941394826 544.15869206418 -440.788064849088 -1.45134026255453 55.6668938921172 64.2865800852013
2498000 18553.4118260067 9233.29769244037 4119.03617304559 5201.07796052077 0.972591530251263 -0.00599102730764104 1007.69114626304 1027.95619671141 -1210.00687450467 -1.47298913679782 55.6668938921172 63.4787076191085
2499000 18836.7942384025 9618.82498808101 4012.6397667713 5205.32948355018 1.01320113636499 -0.00136257798070756 44.6061497216193 864.218069185138 -721.319464372692 -1.39912307523027 55.2040832540972 63.9168125164328
2500000 18588.0752535393 9513.80346734531 3966.06500630196 5108.20677989199 1.00213867038977 0.0257872256440497 -745.873297366181 -938.952406788452 -1866.23851757044 -1.29129123414064 55.2426101482477 63.9168125164328
2501000 18646.2933459412 9461.15822645862 4071.18187811373 5113.95324136881 0.996593271865869 -0.00555977823414581 500.022082547982 864.639071285783 -608.132486418172 -1.43089991597187 54.5868715037722 63.9168125164328
2502000 18493.0518003928 9257.33615917501 4013.1936040909 5222.52203712694 0.975123627658398 -0.00894602072275389 170.456352149502 862.973080161623 188.006235925727 -1.45658213319477 54.7723005133313 63.9168125164328
2503000 18651.0934200196 9316.76376325588 4138.21730793096 5196.11234883275 0.981383447965016 -0.0244981089276566 845.505792428647 1302.08276416815 1194.13373828343 -1.57418648198494 54.7215107501731 63.9168125164328
2504000 18821.5670084026 9522.48007518863 4106.271457139 5192.81547607498 1.00305262286708 0.00275792295375562 -595.738060883023 671.901261168358 -452.515037115615 -1.4157297583451 54.6733375464969 63.9987832546299
2505000 18704.2481678018 9484.5900873695 4001.63166435414 5218.02641607813 0.999061472309423 0.0269206331567973 -573.774604709506 -754.89652177329 -2350.94809990608 -1.27980067194172 54.6733375464969 64.1028614368499
2506000 18866.1350607563 9558.54959090678 4101.35584314207 5206.22962670746 1.00685201357843 0.00371168413103974 993.624733103715 -47.983905983537 -1455.30432971988 -1.41937536414793 54.6733375464969 64.3979927849099
2507000 18936.5751860704 9571.38495536607 4136.30764325688 5228.88258744749 1.00820402963776 0.0261879955376623 -1229.38697626042 -107.994934410167 -2251.8349482437 -1.29726957919702 54.6733375464969 64.2772440113872
2508000 18804.2343587262 9602.81376927882 4011.02938337556 5190.39120607184 1.01151459096001 0.00683895750064154 1292.56227394543 -555.030839733278 -1674.39983348614 -1.39284633718245 54.6733375464969 64.2463548543019
2509000 18981.6895697159 9610.82025576046 4116.85829061959 5254.01102333589 1.01235795604998 0.000866099262134586 1124.32107572597 -1033.85808383888 -209.29941878392 -1.43640786178402 54.6380557823591 64.3905407631757
2510000 18631.2342914276 9450.80968508875 4042.19312753084 5138.23147880799 0.995503205887054 0.00834742781140312 315.157523721426 -1480.44644555101 26.2511712165058 -1.38931003756674 54.337389067445 64.3905407631757
2511000 18713.815432936 9402.89888974576 4083.23481782625 5227.68172536399 0.990456511270423 0.02594120793333 -714.170643681673 -856.074275775976 -1988.57129579903 -1.29775559878057 54.6296837580262 64.3905407631757
2512000 18761.1819046932 9446.31377055889 4059.3725363249 5255.49559780944 0.995029627698835 -0.00601760176160681 -245.683997413744 1825.48106537288 -757.00295535117 -1.46389193587848 54.4478898133985 64.3905407631757
2513000 18652.0108907462 9430.71268888367 4133.002103369 5088.29609849353 0.993386284182195 0.00857410382295189 -1323.11332672407 280.460691784108 -128.832696912466 -1.38712849387209 54.4078341163857 64.3905407631757
2514000 18936.6724451817 9663.09465086459 4082.77644917781 5190.80134513934 1.01786429144832 0.0124724246687729 -857.160372465917 -484.636946644314 -365.005721866552 -1.37437598824254 54.502523236057 64.3800489623816
2515000 18792.8850343385 9406.81103297036 4144.6781520118 5241.3958493563 0.990868597774304 0.0149433504716927 -206.616486433915 125.144239651275 -1973.75537999362 -1.35695303625873 54.502523236057 64.7039406433566
2516000 18723.8301170564 9465.68227829116 4128.69877536396 5129.4490634013 0.997069813903319 0.0155692482597423 -616.662783549483 -308.60388691732 -1216.07907522584 -1.37801362270934 54.502523236057 64.7050139902904
2517000 18634.2163171966 9425.14922752953 4019.21853241094 5189.84855725614 0.99280025570438 -0.0155802363106506 1363.99133973941 102.68866570633 674.042431074202 -1.49126650587454 54.502523236057 64.6405591672525
2518000 18882.1559902885 9527.51798003913 4110.25354423505 5244.38446601435 1.00358329173004 -0.00939850241209149 2253.75999234426 -1044.13553884817 82.4914789359329 -1.50858218472495 54.502523236057 64.6787485975245
2519000 18814.2709429315 9453.04525472731 4169.80511519297 5191.42057301123 0.995738690127699 0.00372800744879218 204.141579401922 -133.919045457753 -585.781176122032 -1.42333809122647 54.8065509269042 64.6999910737087
2520000 18803.6625476934 9538.52073728839 4099.07351767429 5166.06829273073 1.00474226968857 0.0061839224964211 518.646844051277 -1471.99570748949 91.7364390593418 -1.40773848026219 55.2177984436818 64.6999910737087
2521000 18565.582352968 9358.57209624188 3987.21722895149 5219.79302777459 0.985787338309568 0.00742768375880694 50.0767448749791 37.6441938273739 -1129.51196888198 -1.37930884778151 55.5850986964578 64.6999910737087
2522000 18895.4891398256 9568.51481557695 4137.16391049348 5189.8104137552 1.00790170280476 -0.0131185492584846 493.497794017005 749.574874575061 597.230189794389 -1.52315385202226 55.5948627678509 64.6999910737087
2523000 18571.3577733712 9288.40281518444 4042.40851051758 5240.54644766918 0.978396040994833 -0.0253028947048015 1245.04531441394 1203.27923992911 1091.19255682039 -1.58635412182954 55.4376714346038 64.6999910737087
2524000 18681.9370983469 9378.12436620208 4138.34480809726 5165.4679240476 0.987846881150479 0.0121351354387412 -1826.6791071863 427.74935073501 -283.764663313951 -1.35852240115033 55.2191090136225 64.3882504807284
2525000 18744.5912332248 9538.58323494491 4060.00360306971 5146.00439521013 1.00474885289355 -0.00058959893175107 -935.983563909249 623.147922099593 393.975500225494 -1.45389923832877 55.2191090136225 63.9033396978468
2526000 18830.8524540374 9470.59604949281 4111.01864444221 5249.23776010238 0.997587407119904 -0.0052961036408417 1662.5201749364 -170.229592092427 -768.154248453076 -1.4741974256422 55.2191090136225 63.490662981865
2527000 18706.338716252 9468.1766262331 4120.20925574243 5117.95283427644 0.997332556615906 0.0164391965012472 -65.3878971501384 37.3950978221621 -2234.2264145902 -1.3326994384678 55.2191090136225 63.8998881764993
2528000 18704.1905988103 9431.87069767297 4120.57995582056 5151.73994531678 0.993508263303625 -0.0120133527655121 1354.15580609135 -348.804048116853 641.523583852861 -1.48982571380502 55.2191090136225 63.6564617168535
2529000 18708.0498919004 9480.5921006833 4074.29119707981 5153.16659413731 0.998640343464823 0.019099234667702 -286.188054699832 435.539527017367 -2751.62718663525 -1.35158653375791 55.2503273267299 63.2321402046419
2530000 18769.3757080999 9492.15874605788 4148.79111544817 5128.4258465938 0.999858718708367 -0.0210918169942869 1303.75568313409 1213.10063909529 344.453996024909 -1.55037498490011 55.0108655111639 63.2321402046419
2531000 18692.1373222603 9477.4147754682 4070.8477737615 5143.87477303063 0.998305659184516 0.0130542765388622 81.4901800984215 267.569535688097 -2122.92823766643 -1.35479546675839 55.1018436350206 63.2321402046419
2532000 18730.5218108271 9573.29623439662 4057.86376630665 5099.36181012382 1.00840535465283 -0.0149751869493538 983.623181841973 1592.39951291448 -543.389414397376 -1.51767737427743 55.0407433556129 63.2321402046419
2533000 18997.9925823529 9570.80118380206 4197.23179175676 5229.95960679411 1.00814253792617 0.0233606546158015 -440.352174806654 -2626.16991282034 -85.2982264593148 -1.30566169816407 54.7109118725734 63.2321402046419
2534000 18819.1984786502 9532.16552827584 4092.3412134289 5194.69173694544 1.00407284228955 -0.00954623377453832 1921.11285629922 208.943931669769 -843.026127149533 -1.49559994175012 54.6491098662866 63.2570781910164
2535000 18645.5695679179 9359.20734760008 4123.63150200839 5162.73071830946 0.98585425265709 -0.00934097050294863 797.731020985884 782.739249046152 -323.628206437113 -1.5016430257909 54.6491098662866 63.1307584476429
2536000 18841.677868623 9541.53871088108 4107.71635374647 5192.42280399546 1.00506016862918 0.0144611070684223 609.868086946888 -1895.58866040835 -655.856857556629 -1.36114560773677 54.6491098662866 62.9949120582203
2537000 18896.1601104506 9626.0921828777 4031.32817728979 5238.73975028315 1.01396662799575 0.0369897710805426 -1101.79400059957 -1961.25230173814 -1943.78000978002 -1.23724338546351 54.6491098662866 63.5086941222982
2538000 18850.9494914331 9621.97617027687 4132.91856600254 5096.05475515368 1.01353306686437 -0.00250815758625095 281.646455258365 -101.501311869727 157.110266556009 -1.45769938023401 54.6491098662866 63.0894012759908
2539000 18272.3997233291 9307.83378609924 3929.43079272673 5035.13514450317 0.980442806772975 0.00182457393030749 -131.050172563471 1444.23212330885 -1557.5601008451 -1.38534827743698 54.7081111038391 62.7746905261187
2539000 18272.4780962352 9307.83378609924 3929.51065396638 5035.13365616959 0.980442806772975 0.00162176907584856 -114.063176509054 1449.68038943281 -1552.83511727952 -1.38641902469989 54.7088287439077 62.7746905261187
2540000 18088.6635190187 8995.98017797308 4034.12141128958 5058.56192975605 0.947593635431935 0.00486251215831167 -80.9752711217995 194.540916609658 -768.996865191818 -1.34591016755008 54.827981287216 63.0375841378197
2541000 18327.6490122626 9277.01157102342 3993.76292510739 5056.8745161318 0.97719614167835 -0.0112031801623951 77.9795880701911 1827.23048982313 -391.412020718573 -1.47559034970964 54.6598223861763 63.3860662583621
2542000 18152.4299192801 9331.36479233664 3877.01786381273 4944.04726313078 0.982921450712239 0.00731690596937874 565.928851604003 -590.972606876587 -967.354251782098 -1.33685609793756 54.6223096421917 63.6683716472596
2542000 18152.2432740024 9331.36479233664 3876.82980577253 4944.04867589322 0.982921450712239 0.00775465032250941 528.874399238399 -602.743743111433 -977.870428716009 -1.33451681633803 54.6207587425923 63.6683716472596
2543000 17929.7723905773 8994.26617965614 3886.72666607101 5048.7795448501 0.947413091026086 -0.0103225914922564 1043.59295473373 117.831254880209 254.251923430714 -1.44522285345848 55.1458956239629 63.7672029826598
2544000 18185.968163984 9191.62414616731 3965.09472667435 5029.24929114239 0.968201837696035 0.00465464552436911 1122.94601712449 166.491586588741 -1929.56879769221 -1.40415935828812 55.1043764778127 63.9928833476889
2545000 18308.1242073735 9311.89449828788 3924.27087495957 5071.95883412603 0.980870542822761 0.01041038063702 1128.6079515658 -1116.40327758892 -1442.7487910562 -1.3563095090736 54.8591810949603 64.2274558477909
2545000 18308.6607226019 9311.89449828788 3924.81850277927 5071.9477215347 0.980870542822761 0.008851351754487 1172.93999319311 -982.918192714003 -1406.45889883846 -1.36476398748915 54.8591810949603 64.2341718233973
2546000 18040.3561493576 9076.73439550487 3919.10115911875 5044.52059473395 0.956099899458037 -0.00263256607694165 674.372884572337 -168.090406713037 -137.943792101702 -1.39324803084175 55.3063739621716 64.8676643135159
2547000 18167.5086129715 9172.5824760291 3909.43479406593 5085.49134287642 0.966196079004488 0.0200229673981076 -2449.3202784067 1486.71296994932 -1867.19914866814 -1.29565532324402 55.3189288615732 65.5073338032809
2548000 18444.8946074142 9420.42675970081 3948.10075010826 5076.36709760515 0.992302813472461 -0.00618933983433637 802.448470279864 755.217702466297 -667.497411730876 -1.4193170227676 55.6574686357734 66.2582503073656
2548000 18444.7596906429 9420.42675970081 3947.96203516152 5076.37089578057 0.992302813472461 -0.00590988345616488 794.357672573224 729.985868054991 -674.383304648878 -1.41773290960413 55.6574686357734 66.2569796536134
2549000 18679.7152166088 9547.49964794986 4104.24952819831 5027.96604046061 1.00568806530256 -0.0328648775209008 1469.51577885027 1555.61702500085 1815.30658715081 -1.63898114780157 56.4823855081566 66.8613483867881
2550000 18688.5914861301 9375.99149284653 4202.06721461968 5110.53277866384 0.987622214446361 -0.0145691760418367 1216.3909757695 1229.83051693828 -268.10655410929 -1.51670659377163 56.8348834708865 67.4475566744663
2551000 18695.7293399509 9457.757220738 4189.2816735025 5048.6904457104 0.996235026148206 -0.00232400018367755 -1034.87541521044 1239.83774968716 150.699350921909 -1.47199704281004 57.5875864852323 68.140833195397
2552000 18712.9999425389 9515.52305986242 4151.83348553562 5045.64339714083 1.00231980406198 0.0183054854222104 -917.448038246912 -789.994514125131 -1107.36455889901 -1.31911567070606 57.9114971929042 68.0828911188437
2553000 18704.8283347338 9462.60256240669 4156.71085236709 5085.51491995999 0.996745411324242 0.00655999187164089 -139.982357044888 327.008690758829 -1216.65119197897 -1.42725058560162 58.4188394437039 68.8903174423674
2553000 18705.171605561 9462.60256240669 4157.05827926986 5085.51076388447 0.996745411324242 0.00582399422390435 -77.7883246621977 361.301361031743 -1197.66928077681 -1.431800789961 58.4213076428956 68.8911784785674
2554000 18635.0747595836 9628.13753760399 3988.83530900998 5018.10191296963 1.01418207590499 0.0138314336626813 -583.241450819432 143.668495781243 -1757.33518292711 -1.36266688356919 58.7120684493968 69.3669678922528
2555000 18831.890299357 9559.29187625724 4180.31083234563 5092.28759075416 1.00693020237607 -0.0112506243901745 1155.79048962254 1190.92907435282 -547.96585768775 -1.53366641429078 58.8616627885532 69.6462829169825
2556000 18767.9766809524 9632.0164507466 4085.90883520487 5050.05139500097 1.01459066211056 0.00368833891788157 569.006152701519 164.609174297238 -1327.55534615694 -1.43343945348438 59.2242380914243 69.7184427761397
2557000 18782.1784374615 9521.4041791977 4158.89732372306 5101.87693454079 1.0029392931161 0.00108691900229923 -357.178815511034 313.880209888728 -134.69876402681 -1.45619519509628 59.6074325948168 70.4451956652532
2558000 18748.7550860141 9582.59628548552 4112.02871724325 5054.13008328536 1.00938497766741 -0.0082368033929677 833.969279271656 1747.13612027801 -1217.2170606205 -1.51329271311282 60.1096853825145 70.633553316096
2558000 18748.0551644551 9582.59628548552 4111.31335745404 5054.14552151551 1.00938497766741 -0.00711127666393356 780.430667513894 1645.45202778338 -1248.469381528 -1.50595044753816 60.1086613707385 70.6284546304878
2559000 18853.2717901859 9555.21855530211 4200.15431338296 5097.89892150087 1.00650113817898 -0.0148569525637973 741.526919430883 2375.1437774286 -631.027866253542 -1.55141191522001 60.0901485169221 71.3906116042314
2560000 18652.239614762 9518.114856756 4097.81132721059 5036.31343079541 1.00259281158224 0.00263501395823721 -265.62441778732 -50.300205141065 -127.89523986689 -1.4514151203589 60.4677598598248 71.4225460988903
2561000 18747.7956536055 9618.09550623032 4122.67366918309 5007.02647819207 1.01312429622693 -0.00852642655657934 705.660648820712 1073.96966208965 -330.470019386028 -1.49941410384918 60.639210484737 71.8672827200306
2562000 18587.2808363667 9426.43174477709 4103.31069665632 5057.53839493326 0.992935349952819 0.0208146719540247 -749.08626117149 -438.168437410098 -2396.05502084471 -1.32027136477771 61.0398453867403 72.316391124582
2563000 18755.3801446087 9477.89475369973 4212.50395440763 5064.98143650132 0.998356217801625 -0.0069256038337399 80.9457917248397 2112.57303623217 -996.43177212087 -1.50455611687355 61.0195945881276 72.6330305260298
2563000 18754.8223621223 9477.89475369973 4211.93623326961 5064.99137515297 0.998356217801625 -0.00619911949737781 81.2023168714346 2008.01522273605 -1017.76748422497 -1.49962453575284 61.0213427430303 72.6265738162413
2564000 19017.5510019957 9761.40290728463 4132.68538768551 5123.46270702553 1.02821961418704 -0.0065981368025469 1785.93955344075 -408.257517317631 -230.43609994069 -1.5020733180198 61.4762078049259 72.5209584651785
2565000 18719.5304036831 9495.15114405694 4114.7729666995 5109.60629292664 1.00017392363796 -0.0041011318639195 867.427422815419 712.567011475131 -860.098245023233 -1.47136595174434 61.5523692416097 73.123464574794
2566000 18419.3784121228 9338.71560809204 4059.69996071662 5020.96284331414 0.983695750575872 -0.0114362101794026 502.075772701891 1517.28194498122 -8.55186685742294 -1.51801014643523 61.844514395336 72.8991091293065
2567000 18646.1101988029 9505.20132598408 4072.25811405582 5068.65075876297 1.00123256185644 0.0066287719894443 197.960490731454 -398.837840016358 -976.92141560625 -1.42744281875493 61.6926289929361 73.8482365180442
2568000 18523.7983591715 9455.85955638804 4091.17178910469 4976.76701367872 0.996035135238642 -0.0104522331522566 1932.39730974297 -526.980027859543 456.17078970231 -1.4845647935182 61.8150974052719 73.8780346926719
2568000 18523.5194483707 9455.85955638804 4090.87387297885 4976.78601900382 0.996035135238642 -0.0102764016082766 1856.66473795318 -477.60818993412 451.192740778368 -1.4833469056309 61.810451163835 73.882682925028
2569000 18308.9022475426 9222.98884882841 4058.30157761718 5027.61182109703 0.971505645844884 -0.00025851823290045 845.379962668748 498.303777590708 -1296.8044131188 -1.41558246520033 62.2863920651106 74.65044635407
2570000 18426.4623049923 9288.30273224327 4128.92469780353 5009.23487494546 0.978385498735268 0.0012019849792345 1060.41140950029 -444.976316851439 -834.346829548584 -1.42216354687345 62.0732405599273 75.2317182151193
2571000 18654.9806079467 9430.261498822 4164.72773290014 5059.99137622456 0.993338757973561 -0.0129588291617841 1315.68703237847 539.11409903478 529.249704796098 -1.54514522863669 62.4363521302723 75.5522876642338
2572000 18790.0231146445 9522.80788256605 4223.92530024718 5043.28993183128 1.00308715253237 0.00186449759424627 -85.1658572070197 635.857632087465 -895.94072805722 -1.48127664173781 63.0785935340744 75.270349883837
2573000 18925.9313002244 9613.57895510309 4225.35900555074 5086.99333957059 1.01264854427799 -0.00829420083547736 811.320896443931 1059.87046334299 -308.591439195477 -1.51798181348299 63.5877242435586 75.9688166490544
2573000 18925.6883396505 9613.57895510309 4225.10910111307 5087.00028343437 1.01264854427799 -0.00792775946889738 788.875689303467 1024.83706915831 -320.197950341684 -1.51526532024681 63.5871053920039 75.9670750960771
2574000 18482.9761324833 9352.25994410192 4094.19310354671 5036.5230848347 0.985122446316103 -0.00891226611277381 1204.46426085694 1445.28703484424 -934.420688608358 -1.49494997929736 64.1987525666961 76.8720556432173
2575000 18377.3261239054 9369.27319543721 4019.30713994107 4988.74578852709 0.986914541047792 0.00390143397519411 -954.181978984857 -323.899153998562 514.008266449886 -1.40116062876984 64.7472226753101 77.5576719957854
2576000 18731.4490702491 9576.43056503626 4129.06819118015 5025.95031403269 1.00873551008967 -0.0143070362757879 916.167040411608 882.257311486266 978.919913440469 -1.56878291033209 64.453973941535 77.2263895695989
2577000 18668.3905292255 9473.75640132981 4183.77045063428 5010.86367726136 0.997920303505537 -0.00846121016733988 1557.34407583907 1157.48861916263 -1062.47806050515 -1.4921084074873 64.5921085303212 77.5223111055431
2578000 18772.9619081284 9573.33985186619 4144.84850159444 5054.77355466777 1.00840994910899 0.00432299940729034 75.092058060122 -134.798910537146 -785.017448518992 -1.41144580691592 64.827680025655 77.286693080689
2578000 18773.4005767945 9573.33985186619 4145.30058077837 5054.76014414997 1.00840994910899 0.00357351146422021 133.217469504661 -70.531350959707 -761.007388489825 -1.41721463790512 64.8295917727434 77.2898023432901
2579000 18542.2801433192 9445.59877217477 4129.55765290318 4967.12371824123 0.994954313180046 -0.00970455918649969 1054.77655294929 757.165456203116 83.3159386056248 -1.50818497568176 64.9410135714128 77.1096698751738
2580000 18451.6697759338 9332.41743756092 4109.23835962541 5010.01397874748 0.983032331338381 -0.026801647001386 1964.17273853184 2261.29789095631 1106.13313077744 -1.62625079998287 65.5589098666931 77.8036644709732
2581000 18534.5842060869 9469.32268225455 4136.20509413381 4929.05642969851 0.997453276689793 0.00236939986406343 723.481772653199 96.6870876532836 -1295.41151543593 -1.43589313937407 65.7206118701272 78.2547753816858
2582000 18532.1279805822 9385.93490242336 4214.14990463501 4932.04317352381 0.988669605774831 -0.00271949286109312 1114.59354693065 298.243190864901 -867.193213988376 -1.4830252353697 65.4798906320371 78.5685122391104
2583000 18663.40750251 9409.52191997092 4202.44617559654 5051.43940694253 0.991154149678298 0.00943392914464391 -189.794882473465 -421.955030263662 -1310.94059340371 -1.35715519784295 66.0120291543557 79.1642464130159
2583000 18663.9854386691 9409.52191997092 4203.038902978 5051.42461572018 0.991154149678298 0.00842243789353484 -108.708069403438 -330.482520354542 -1277.51797774635 -1.36526779839007 66.0148441411303 79.1685239882984
2584000 18702.1358478075 9391.22103227184 4211.26188636597 5099.65292916965 0.989226421474887 0.000298260843854228 47.8398760101335 -208.373422953241 99.4130437282065 -1.47283550329608 65.9527329219647 79.669717195934
2585000 18363.1180743172 9291.72985039244 4037.22770674511 5034.16051717963 0.978746495011581 0.0011624034792408 -566.193601971844 1437.92581703327 -1109.17075378131 -1.43286448680751 65.8742081309419 79.5086345194939
2586000 18700.3359989633 9532.03918214295 4089.53554339013 5078.76127343024 1.00405953359066 -0.000568379220103605 942.608066659746 593.644200954084 -1419.41669980657 -1.44673544338909 66.3232616275274 79.4705829999679
2587000 18630.0344856112 9443.8576619501 4178.62909873568 5007.54772492547 0.994770912935177 -0.00251450473375084 933.295578585747 871.827975860904 -1284.84938576558 -1.44590995116987 66.3903788915561 79.9116415742092
2588000 18621.2030806669 9495.98484319718 4132.3571425695 4992.86109490021 1.00026174152812 -0.00415410039437541 1557.52502535449 86.9550954850046 -787.848921015501 -1.46466242864635 66.2446162421055 79.8181585766485
2588000 18621.0614451652 9495.98484319718 4132.21384581904 4992.86275614898 1.00026174152812 -0.00401785170694538 1514.07694610774 106.917983759515 -792.470874710959 -1.46356033566404 66.2418209834099 79.8204825408304
2589000 18767.5765118658 9557.12086881797 4179.22064427217 5031.23499877562 1.0067015188095 -0.0209156611126643 1468.7587380918 1210.86857149989 1696.26845943545 -1.62423872391585 66.2728271036459 80.9459767474876
2590000 18707.3168321775 9612.47250358374 4119.43293089031 4975.4113977034 1.01253199595341 -0.0056639286539269 715.018273781192 671.935889918248 -191.310577465739 -1.49720027567224 66.3938202681555 81.5251673426759
2591000 18600.8191499839 9386.76200745494 4222.30975710699 4991.747385422 0.988756729073044 -0.00387150515271608 25.0944690737189 1228.42119611283 -423.221560428577 -1.48393017836339 66.9744334537386 82.1066734740524
2592000 18726.2116757821 9551.54707069668 4093.81666599492 5080.84793909048 1.00611440150594 -0.0216829140470479 -5.8719403417147 2920.20302861474 1745.39483631551 -1.62841076594648 67.360461647058 81.8037217821176
