time Adot Adot_std
200 0.00013105833 2.6983065e-05
400 0.00010891239 5.0272783e-05
600 0.00015934755 3.5602225e-05
800 0.00015125882 2.6807669e-05
1000 0.00012139938 2.6032887e-05
1200 0.00012527653 1.5854134e-05
1400 0.00012224136 3.8630109e-05
1600 0.00013378378 2.7203841e-05
1800 0.00020550986 2.457493e-05
2000 0.00017474109 9.5788634e-05
2200 0.00014146888 2.0799119e-05
2400 0.00013568227 2.1007681e-05
2600 0.00016480306 2.7531836e-05
2800 0.00014259891 2.6686569e-05
3000 0.00016573978 5.6265131e-05
3200 0.00019596773 9.5541679e-05
3400 0.00014634283 4.479827e-05
3600 0.00011842618 3.3344483e-05
3800 0.00014645399 5.0605322e-05
4000 0.00016210487 3.9158911e-05
4200 0.00011744012 5.3722047e-05
4400 0.00013940773 5.3653727e-05
4600 0.00015941869 6.2391131e-05
4800 0.00016342989 5.5295405e-05
5000 0.0001858087 8.5219057e-06
5200 0.00018674407 1.7208808e-05
5400 0.00014252065 4.3631114e-05
5600 0.00011412908 2.8143249e-05
5800 0.00012997499 4.4883169e-05
6000 0.00011545374 1.5915578e-05
6200 0.00011772818 1.449669e-05
6400 0.00010629008 2.565696e-05
6600 0.00016826626 3.8296737e-05
6800 0.00012388729 3.9706385e-05
7000 0.00012548321 4.0133301e-05
7200 0.00020627971 1.6299724e-05
7400 0.00024109057 1.0270893e-05
7600 0.00022853358 2.0904531e-05
7800 0.00022127285 3.5683752e-05
8000 0.00019299483 3.4873052e-05
8200 0.00012689501 1.6375537e-05
8400 0.00017198216 6.6417464e-06
8600 0.00014003501 4.7504301e-05
8800 0.00013752039 3.1789622e-05
9000 0.0001642683 3.2711636e-05
9200 0.00014427345 2.6454386e-05
9400 0.00014757969 5.154129e-05
9600 0.00016300267 1.9234412e-05
9800 0.00013578068 7.3336425e-05
10000 0.0001195585 4.3341274e-05
10200 0.00012385831 5.9160514e-05
10400 0.00014513968 2.5902285e-05
10600 0.00015336561 5.4298033e-05
10800 0.00017725905 5.0770623e-05
11000 0.00017374161 1.4899986e-05
11200 0.00014878583 8.2107631e-05
11400 0.00011638151 4.3746434e-05
11600 0.00013550156 2.5842576e-06
11800 0.00011219582 2.1946856e-05
12000 0.00012987682 4.2206924e-05
12200 8.4907677e-05 6.5442831e-05
12400 0.00010358177 5.6811641e-06
12600 0.00016739891 4.4493913e-05
12800 0.00013496123 7.2761539e-05
13000 0.00014960083 1.1657025e-05
13200 0.00012159675 1.4075323e-05
13400 0.00018532239 1.3414492e-05
13600 0.00015449046 5.1346669e-05
13800 0.00017321803 2.4664818e-05
14000 0.00016129726 5.6811474e-05
14200 0.00014195184 4.2979142e-05
14400 0.00014388618 5.928913e-05
14600 0.00011468512 5.4016852e-05
14800 0.00012326352 4.5017247e-05
15000 0.00015091975 4.9370186e-05
15200 0.00016767785 4.0614929e-05
15400 9.9443032e-05 1.1479107e-05
15600 0.00014228479 4.3359334e-06
15800 0.00012388416 1.0670528e-05
16000 0.000136492 6.3161209e-05
16200 0.00012715796 2.4868819e-05
16400 0.00012872794 4.8988782e-05
16600 9.0350714e-05 4.3627285e-05
16800 0.00015307982 4.8339834e-06
17000 0.0001772732 3.2916743e-05
17200 0.00015130335 4.5005397e-05
17400 0.00011311139 4.3569122e-05
17600 0.0001321625 3.8323917e-05
17800 0.00012648959 1.9467148e-05
18000 8.7965786e-05 3.7986418e-05
18200 0.00014233562 4.0618216e-06
18400 0.00011651459 2.9349839e-05
18600 0.00013845848 6.4474345e-05
18800 0.00010999874 1.568245e-05
19000 0.00011335757 3.8820552e-05
19200 0.00012859442 2.3470152e-05
19400 0.00014266453 2.8939521e-05
19600 0.00013100426 4.0045692e-05
19800 0.0001489364 1.7559444e-05
20000 0.00018690467 1.6632188e-05
20200 0.00017011076 4.0141237e-05
20400 0.00014936252 1.6732557e-05
20600 0.00014805697 5.2942716e-05
20800 0.00014472147 3.8357082e-05
21000 0.00014488757 1.5538776e-05
21200 0.00016802339 4.2999066e-05
21400 0.00017096988 5.7683514e-05
21600 0.00016748852 1.5862996e-05
21800 0.00016762473 6.1662612e-05
22000 0.00011614172 6.904833e-05
22200 0.00017025589 3.5592202e-05
22400 0.00012569834 3.0301327e-05
22600 0.00015166398 3.3411143e-05
22800 0.00011492917 6.645046e-05
23000 0.00015059706 4.7760557e-06
23200 0.00015194716 3.5736208e-05
23400 0.00010806023 6.4101917e-06
23600 0.00010343997 6.078457e-05
23800 0.00015071108 2.0620964e-05
24000 0.00014472573 1.9852711e-05
24200 0.00011697682 3.0496826e-05
24400 0.00011884225 8.4857418e-05
24600 0.00015876722 7.0336419e-05
24800 0.00017044369 1.9211495e-05
25000 0.00014343567 4.0321482e-05
25200 0.00015039523 5.1968513e-05
25400 0.00016810294 4.9285363e-05
25600 0.00015708497 4.1021481e-05
25800 0.00015239809 1.4188014e-05
26000 0.00014035898 8.3545883e-05
26200 0.0001585282 4.6413526e-05
26400 0.00015929436 3.2739736e-05
26600 0.0001461766 2.8165199e-05
26800 0.00017274569 3.4399851e-05
27000 0.00015383789 3.2531399e-05
27200 0.00012019823 2.0840233e-05
27400 0.00016318393 1.094239e-05
27600 0.00011550943 2.6770975e-05
27800 0.00012329628 6.024792e-05
28000 0.00016671993 4.8459784e-05
28200 0.0001582674 5.1351785e-05
28400 0.00020740194 1.7238144e-05
28600 0.00019110388 4.0746274e-05
28800 0.00016633501 1.3750371e-05
29000 0.00013764108 2.557354e-05
29200 0.00018134761 6.4284571e-05
29400 0.00020326243 1.269858e-05
29600 0.00018442727 3.5171428e-05
29800 0.00014206963 2.9159092e-05
30000 0.00013776347 4.5666704e-05
30200 0.00015932554 2.6595601e-05
30400 0.00014307476 2.8914852e-05
30600 0.00014946948 5.6986019e-05
30800 0.00015177034 2.5014872e-05
31000 0.00018647244 7.5202025e-06
31200 0.00011599621 3.3535938e-05
31400 0.00014189517 6.8953556e-06
31600 0.00016112882 2.5350264e-05
31800 0.00016126496 7.2096858e-06
32000 0.00015579052 4.5618358e-05
32200 0.00017926896 3.0684952e-05
32400 0.00016308031 4.2461441e-05
32600 0.0001513017 4.3217853e-05
32800 0.00015740239 4.3784517e-05
33000 0.00015162655 1.3642662e-05
33200 0.00016977843 2.0773286e-05
33400 0.00018010309 2.764286e-05
33600 0.00016020454 4.7227377e-05
33800 0.00016080656 1.8585907e-05
34000 0.00012534493 3.1444616e-05
34200 0.00014684175 2.3234328e-05
34400 0.00019308013 4.4780542e-05
34600 0.00018740431 7.7175031e-05
34800 0.00014390934 5.1477008e-05
35000 0.00012886206 2.263204e-05
35200 0.00011157313 3.2535308e-05
35400 9.3471034e-05 1.8764289e-06
35600 0.00013670313 2.1839085e-05
35800 0.00014901854 3.0407607e-05
36000 0.00015092926 1.1209008e-05
36200 0.0001610136 1.8306362e-05
36400 0.00016273146 2.114556e-05
36600 0.00017659184 1.0915963e-05
36800 0.00013283672 8.1763571e-05
37000 0.00015415466 5.6547635e-05
37200 0.00016601424 3.2789912e-05
37400 0.00014578377 6.8084406e-05
37600 0.00018104636 3.3116817e-05
37800 0.00017803152 3.6651629e-05
38000 0.00013762874 2.6340011e-05
38200 0.00016251272 1.8472728e-05
38400 0.00017487522 3.7619034e-05
38600 0.00017779885 1.879863e-05
38800 0.00016201469 3.7508972e-05
39000 0.00016536741 1.7738178e-05
39200 0.00014471708 2.7263167e-05
39400 0.00012571387 6.5831219e-05
39600 0.00013380732 2.0691111e-05
39800 0.00013973227 2.3953276e-05
40000 0.00017949152 2.4522494e-05
40200 0.00013985306 3.9987546e-05
40400 0.0001739337 3.8222449e-05
40600 0.00017325195 8.2016015e-06
40800 0.00017240587 1.7599816e-05
41000 0.00017358412 4.3312198e-05
41200 0.00020244968 2.521957e-05
41400 0.00017389899 3.0142149e-05
41600 0.00016926889 1.3089905e-05
41800 0.00016482244 3.3181533e-05
42000 0.00017419004 3.2565763e-05
42200 0.00018682671 3.7051116e-05
42400 0.00018073146 4.9965233e-05
42600 0.00010997364 4.0950686e-05
42800 0.0001495892 1.9875058e-05
43000 0.00013722826 3.4754019e-05
43200 0.00015367128 1.7140621e-05
43400 0.00017856826 2.7354259e-05
43600 0.00015542253 6.8450771e-05
43800 0.00012001476 3.8016004e-05
44000 0.00016315876 2.8695824e-05
44200 0.00013710321 4.5465966e-05
44400 0.00013340386 3.6945154e-05
44600 0.00016961245 8.5080163e-05
44800 0.00012804759 2.8197087e-05
45000 0.00019454197 4.2906742e-05
45200 0.00014853507 1.6009526e-05
45400 0.0001902844 9.5487708e-06
45600 0.00015347305 2.0967459e-05
45800 0.00014117755 5.5313666e-05
46000 0.00015959544 2.7530356e-05
46200 0.00013514682 2.6446261e-05
46400 0.00019748999 3.9954908e-05
46600 0.00015753159 4.8651318e-05
46800 0.00014587097 9.6491349e-06
47000 0.00015708965 4.1567137e-05
47200 0.00015400472 3.0256582e-05
47400 0.00016687382 4.055109e-05
47600 0.0001795738 3.033261e-05
47800 0.0001812024 3.6559771e-05
48000 0.00015771211 1.3701563e-05
48200 0.00015881025 2.3556787e-05
48400 0.00011870357 5.6640855e-05
48600 0.00010300927 2.7591597e-05
48800 0.00011654145 2.9247763e-05
49000 0.00015387265 9.8633183e-06
49200 0.00014001248 2.7473762e-05
49400 0.0001427609 3.6468531e-05
49600 0.00017061004 3.1004085e-05
49800 0.00012589341 8.4453561e-06
50000 0.00014594974 6.7867138e-05
50200 0.00013464701 1.6206296e-05
50400 0.00014873908 3.4010933e-05
50600 0.00013001306 1.9850272e-05
50800 0.00016468975 2.0020953e-05
51000 0.00014129405 3.4663919e-05
51200 0.0001239092 9.952091e-06
51400 0.00016291782 2.0870544e-05
51600 0.00014567046 4.0435475e-05
51800 0.00013855082 6.6846499e-05
52000 0.00020407582 5.5362427e-05
52200 0.00017415515 5.2569868e-05
52400 0.00014734886 1.9196206e-05
52600 0.00018371377 3.4377471e-05
52800 0.00020248293 5.008451e-05
53000 0.00016902931 2.8481388e-05
53200 0.00016037266 5.2847791e-05
53400 0.00019453155 6.2369713e-05
53600 0.00015880192 5.3866267e-05
53800 0.00015367201 4.7640106e-05
54000 0.00019107382 6.1413982e-05
54200 0.00013112513 8.6622074e-06
54400 0.00010904511 5.7740492e-05
54600 0.00010785059 4.1744246e-05
54800 0.00016101473 8.1770769e-05
55000 8.841454e-05 4.6163729e-05
55200 0.00010580638 4.7377751e-05
55400 0.00011131625 5.325396e-05
55600 0.00012341967 2.1133356e-05
55800 0.00015419439 5.9296065e-05
56000 0.0001499877 3.0109251e-05
56200 0.00014524843 5.9429066e-05
56400 0.00015053156 4.6217751e-05
56600 0.00016424455 5.3546138e-05
56800 0.00016607775 1.1888529e-05
57000 0.00016803454 2.8447737e-05
57200 0.00012305109 4.3138795e-05
57400 0.000121786 3.3791194e-05
57600 0.00011891559 4.4398688e-05
57800 0.0001251579 2.1705576e-05
58000 0.000127644 5.6748177e-05
58200 0.00018734913 6.2742217e-05
58400 0.00016476733 2.9432567e-05
58600 0.00013485595 4.221904e-05
58800 0.00015318707 4.3304616e-05
59000 0.0001472136 2.53443e-05
59200 0.00012818204 9.3268064e-06
59400 0.00012324483 4.7015113e-05
59600 0.00012465138 9.7577612e-06
59800 0.00010671579 4.6817849e-05
60000 9.8546178e-05 3.0889878e-05
60200 0.00012250704 4.3938318e-05
60400 0.00016095241 3.1927948e-05
60600 0.00016867643 2.9902579e-05
60800 0.0001545355 2.5211012e-05
61000 0.00012546134 1.9719084e-05
61200 0.00012870126 4.6505798e-05
61400 0.00013754376 3.0609667e-05
61600 0.00015184598 3.7547934e-05
61800 0.00014311759 1.1113832e-05
62000 0.00015991307 2.2381561e-05
62200 0.00016513079 1.947491e-05
62400 9.0995311e-05 2.9798281e-05
62600 0.00012767644 6.0148684e-05
62800 0.00012725067 4.4131356e-05
63000 0.00013533871 2.1703025e-05
63200 0.0001162532 2.0125636e-05
63400 0.00013612501 5.9143777e-05
63600 0.00015503977 4.9742047e-05
63800 0.00013883599 4.7218364e-05
64000 0.00018124786 4.3866677e-05
64200 0.00015550049 4.4267591e-05
64400 0.00013749381 1.6513647e-05
64600 0.00015827444 3.3936274e-05
64800 0.00014905262 3.0138159e-05
65000 0.00016767148 2.8515631e-05
65200 0.00020579646 2.7264041e-05
65400 0.00012746405 6.0664445e-05
65600 0.00014169152 6.1400666e-05
65800 0.0001211883 2.6220121e-05
66000 0.00013901004 9.8725145e-06
66200 0.00011645443 2.3701991e-05
66400 0.00014916383 1.3239272e-05
66600 0.00014047546 3.0892589e-05
66800 0.00010332107 3.2401896e-05
67000 0.00010935853 2.9499587e-05
67200 0.00012858965 4.8931205e-05
67400 9.5183733e-05 4.9827749e-05
67600 0.00011960247 7.9819279e-05
67800 0.00010103023 3.1573711e-05
68000 0.00010186517 2.5466368e-05
68200 0.00013102393 5.6891291e-06
68400 9.9642022e-05 5.9464159e-06
68600 9.1730314e-05 4.7256669e-05
68800 0.00014765074 3.8921177e-05
69000 0.000149203 1.1297004e-05
69200 0.00017272273 2.6808899e-05
69400 0.00013947655 4.9363976e-05
69600 0.00013105557 1.5046215e-05
69800 0.0001377598 8.11875e-06
70000 0.00013805515 2.5437925e-05
70200 0.00012768919 2.7856349e-05
70400 0.00017284026 4.1079752e-05
70600 0.00016309802 2.8764781e-05
70800 0.0001760252 2.3025925e-05
71000 0.00017518267 3.6642731e-05
71200 0.00016084875 1.9228838e-05
71400 0.00018343641 2.6219463e-05
71600 0.00013843571 1.7817473e-05
71800 0.00014629579 1.5813772e-05
72000 0.00018675625 1.7426228e-05
72200 0.00018157563 2.8838592e-05
72400 0.00014671654 5.5170673e-05
72600 0.00017044921 3.7130553e-05
72800 0.00011168149 3.086948e-05
73000 9.4213534e-05 2.3469448e-05
73200 0.00010471946 2.2707164e-05
73400 0.00011518427 2.9309382e-05
73600 0.00010051114 3.6336983e-05
73800 0.00012685779 6.2302374e-05
74000 0.00012435128 2.3296608e-05
74200 0.00011085792 2.748243e-05
74400 0.00013548444 2.7272466e-05
74600 0.00015248414 2.6090734e-05
74800 0.00012633945 1.7575769e-05
75000 0.00011139461 3.1512373e-05
75200 0.00012682707 2.8272517e-05
75400 0.00013802043 1.901727e-05
75600 0.00011508972 2.1479152e-05
75800 9.013302e-05 4.2765372e-05
76000 0.00018412378 2.3272457e-05
76200 0.00021746008 1.9739875e-05
76400 0.00020068805 4.8130875e-05
76600 0.00019339369 4.8320643e-05
76800 0.00013635089 2.228758e-05
77000 0.0001594633 4.9195952e-05
77200 0.00014163836 2.9424412e-05
77400 0.00014127545 1.1465187e-05
77600 0.000164483 2.3829914e-05
77800 0.0001416886 3.3404731e-05
78000 0.00011236467 2.864206e-05
78200 0.00014424149 2.6768475e-05
78400 0.00010821473 1.7955859e-05
78600 0.00012087326 1.9198629e-05
78800 0.00015094537 2.6789901e-05
79000 0.00015485199 5.0007478e-05
79200 0.00013312182 4.7598593e-05
79400 0.00014211648 2.672008e-05
79600 0.00016729233 3.7390306e-05
79800 0.00017631397 2.7204069e-05
80000 0.00015706029 3.4677438e-05
80200 0.00012182736 3.6501347e-05
80400 0.00010514498 1.8391708e-05
80600 0.00013191779 1.8136921e-05
80800 0.00014702457 2.5862213e-05
81000 9.5025966e-05 4.6055053e-05
81200 0.00012797504 2.1745559e-05
81400 0.00010214202 1.5987386e-05
81600 0.00014202182 1.0325439e-05
81800 0.00011305445 1.6831634e-05
82000 0.0001353642 1.8684086e-05
82200 0.0001434701 1.776849e-05
82400 0.00012676139 1.1059455e-05
82600 8.1307212e-05 3.7952366e-05
82800 0.00011901473 3.8731669e-05
83000 9.8946313e-05 1.5815046e-05
83200 0.00012406882 1.2738562e-05
83400 0.00015142043 1.191293e-05
83600 0.00013378491 3.5818259e-05
83800 9.7832825e-05 2.6785392e-05
84000 0.0001007002 1.280376e-05
84200 0.00013466736 2.8099639e-06
84400 0.00010517538 4.5797768e-05
84600 0.00013099336 2.5073262e-05
84800 0.00013433251 4.369824e-05
85000 0.00013129895 3.1015957e-05
85200 0.00012756415 2.8080566e-05
85400 0.00014496251 2.0015934e-05
85600 0.00014578138 3.4733215e-05
85800 0.00016785868 5.2261698e-05
86000 0.00014939286 2.7156407e-05
86200 0.00015950623 5.68911e-05
86400 0.00012637151 6.6778948e-05
86600 0.00012076215 3.2963888e-05
86800 0.00016627321 2.3283754e-05
87000 0.0001356116 1.085705e-05
87200 0.00016398497 2.2289193e-05
87400 0.00012811299 2.3222965e-05
87600 0.00015511082 4.0348599e-06
87800 0.00015199163 4.4047855e-05
88000 0.00012028728 2.8399298e-05
88200 0.00018811703 2.7201578e-05
88400 0.00016360008 1.2888906e-05
88600 0.00016570016 2.4491083e-05
88800 0.00012478246 1.5387245e-05
89000 0.00012297281 1.3360177e-05
89200 9.1187407e-05 3.1900629e-05
89400 0.00013018176 2.5617534e-05
89600 0.00010004932 3.1077975e-05
89800 0.00013809759 3.8756992e-05
90000 9.886337e-05 8.5980824e-05
90200 0.00013581186 5.9490325e-05
90400 0.00015448181 3.3673051e-05
90600 0.00013043044 2.6039372e-05
90800 0.00016896995 6.0760505e-05
91000 0.00017352408 3.6857825e-05
91200 0.00014666512 4.0596508e-05
91400 0.00016508939 3.3531696e-05
91600 0.00015499679 6.7531979e-05
91800 0.00016285386 8.1199696e-05
92000 0.00013506256 6.5762258e-05
92200 0.00012523856 7.8329218e-05
92400 0.00011388977 4.0428934e-05
92600 0.0001521724 2.7454756e-05
92800 0.00015111816 4.7970386e-05
93000 0.00018354574 5.9001445e-05
93200 0.00017543521 7.35584e-05
93400 0.00019565264 6.7741033e-05
93600 0.00015359846 2.0799009e-05
93800 0.00018246477 1.1565193e-05
94000 0.00018125185 5.928595e-05
94200 0.00012459963 4.5772656e-05
94400 0.00018439762 5.29168e-05
94600 0.00016040422 3.0313555e-05
94800 0.00017497711 3.1981703e-05
95000 0.00018364195 5.8068962e-05
95200 0.00017364654 2.5897902e-05
95400 0.00021776238 2.5050677e-05
95600 0.00015812262 1.5123785e-05
95800 0.00016252706 4.9810798e-05
96000 0.0001805309 2.9230918e-05
96200 0.00016981514 1.083038e-05
96400 0.00015498736 9.84296e-06
96600 0.00014534333 4.1617382e-06
96800 0.0002013034 3.3363763e-05
97000 0.00018727133 4.392047e-05
97200 0.0001621976 3.3121205e-05
97400 0.00014028372 4.0402194e-05
97600 0.00013909155 4.5855182e-05
97800 0.00015183678 2.143901e-05
98000 0.0001644692 1.7497677e-05
98200 0.00015264736 2.2711268e-05
98400 0.00015505653 1.5923035e-05
98600 0.00012608273 1.0804413e-05
98800 0.00014186074 2.3169305e-05
99000 0.00015383686 1.4027118e-05
99200 0.00014378222 1.0728835e-05
99400 0.00015262807 7.3514548e-06
99600 0.00011422558 3.7305748e-05
99800 0.0001553718 1.805053e-05
100000 0.00016458674 8.8261607e-05
100200 0.00015104414 7.8094728e-05
100400 0.00017690046 2.1639883e-05
100600 0.00012638718 5.2888915e-05
100800 0.00015906345 6.3581277e-06
101000 0.00014642345 2.4357286e-05
101200 0.00012368601 2.9271831e-05
101400 0.00012905474 5.5150645e-06
101600 0.00014261789 3.136382e-05
101800 0.00020100099 4.5393583e-05
102000 0.0001685031 3.3790489e-05
102200 0.00014799742 5.7879949e-05
102400 0.00020337648 7.0825209e-05
102600 0.00017052666 6.1955103e-05
102800 0.00014526732 5.6007315e-05
103000 0.00012804004 6.9796678e-05
103200 0.00015375944 4.898096e-05
103400 0.00015191703 1.8787872e-05
103600 0.00016615502 2.9841798e-05
103800 0.00014818673 2.5867002e-05
104000 0.00016558776 3.6940368e-05
104200 0.00018231955 4.7959154e-05
104400 0.00019531569 3.3778722e-05
104600 0.00018534007 3.9370751e-05
104800 0.00015805779 2.485578e-05
105000 0.00014216883 2.5886575e-05
105200 0.00012184203 1.8069255e-06
105400 0.00012091485 1.8236064e-05
105600 0.00012336306 2.6761431e-05
105800 0.00012825784 4.3639456e-05
106000 0.00010019476 1.9085559e-05
106200 9.3861547e-05 1.2505295e-05
106400 0.0001455978 7.4877784e-06
106600 0.00012944917 2.7904017e-05
106800 0.00011832508 4.5121558e-05
107000 0.00013055905 3.5616877e-05
107200 0.00013390638 1.9726191e-05
107400 0.0001436505 2.6226357e-05
107600 0.00014556225 2.3470599e-05
107800 0.00012086401 3.3498941e-05
108000 9.2536057e-05 3.0208379e-05
108200 0.00014018475 4.1350879e-05
108400 0.00015322859 1.3480699e-05
108600 0.00015133739 1.987873e-05
108800 0.0001365359 1.0257986e-05
109000 0.00014316588 4.5052501e-05
109200 0.00017320136 2.5918711e-05
109400 0.00015199947 2.9016744e-05
109600 0.00014874528 3.6891033e-05
109800 0.00016616654 3.3620967e-05
110000 0.00018952629 3.665309e-05
110200 0.00019145113 6.2840755e-05
110400 0.00017913762 6.0890836e-05
110600 0.0001310722 5.281484e-05
110800 0.00016842948 4.0695943e-05
111000 0.00011552162 4.2426512e-05
111200 0.00012884315 5.0601078e-05
111400 0.00014922076 4.2995247e-05
111600 0.00016734497 1.7340772e-05
111800 0.00015007428 5.4480795e-05
112000 0.00010939784 9.2240519e-06
112200 0.00012104402 1.7020583e-05
112400 0.00013367462 3.6158294e-05
112600 0.00012977361 2.2825795e-05
112800 9.0793227e-05 3.3080343e-05
113000 0.00011749022 4.557569e-05
113200 0.000114922 4.4465072e-05
113400 0.00015357872 2.2372767e-05
113600 0.00010732491 3.7623309e-05
113800 0.00012029583 5.3945266e-06
114000 0.00013519353 7.8891862e-06
114200 0.00015671892 1.5256573e-05
114400 0.00016751905 2.5792015e-05
114600 0.00013484577 2.8031333e-05
114800 0.00011867482 1.1305619e-05
115000 0.00014740003 4.1265247e-05
115200 0.00013780682 4.1258281e-05
115400 0.00012346246 1.388353e-05
115600 0.00014857531 3.8234694e-05
115800 0.00010967938 4.2874505e-05
116000 0.00010875013 5.3453945e-05
116200 9.8925125e-05 8.4979852e-05
116400 0.00012618301 5.7725534e-05
116600 0.00017692898 4.6606229e-06
116800 0.00013325361 8.0240756e-05
117000 0.00012056695 3.6131895e-05
117200 0.0001521929 3.4331188e-05
117400 0.00016423589 3.1231309e-05
117600 0.00015312381 6.2662987e-05
117800 0.00016994238 5.2881369e-05
118000 0.00014229294 5.4038851e-05
118200 0.0001215433 2.6979732e-05
118400 0.00014774368 2.939849e-05
118600 0.00013713115 7.8563498e-05
118800 0.00013844489 2.6204771e-05
119000 0.00015331163 3.5809368e-05
119200 0.00015006859 5.0858216e-05
119400 0.00012134012 3.6972219e-05
119600 0.0001956855 2.2718067e-05
119800 0.00018838657 6.7811396e-05
120000 0.00017359796 3.8606149e-05
120200 0.000135565 2.0400767e-05
120400 0.00016023312 1.5816531e-05
120600 0.00019887082 4.1177653e-05
120800 0.00015921652 1.5384476e-05
121000 0.00017612434 1.9653092e-05
121200 0.00017636172 2.4981344e-05
121400 0.00017682897 3.762981e-05
121600 0.00015934899 5.0145223e-05
121800 0.00017357986 3.3589385e-05
122000 0.00018348815 2.925303e-05
122200 0.00018581589 8.7068783e-05
122400 0.00019555215 2.086661e-05
122600 0.00016815653 2.8362982e-05
122800 0.00018202019 3.8102136e-05
123000 0.00022534975 3.3692694e-05
123200 0.00021850997 6.7288568e-05
123400 0.00018905927 6.9400804e-05
123600 0.00016571316 4.3299413e-05
123800 0.00017552558 2.6568817e-05
124000 0.0001599619 2.1493808e-05
124200 0.00015501489 1.7045637e-05
124400 0.00016495165 5.527417e-06
124600 9.2329462e-05 2.4143618e-05
124800 0.00013108709 9.714104e-06
125000 0.00012384291 3.5788413e-05
125200 0.0001486055 2.9169253e-05
125400 0.00018812161 4.1187856e-05
125600 0.00016882462 8.8346527e-06
125800 0.00016326046 3.5156608e-06
126000 0.0001447803 1.7330252e-05
126200 0.00015488756 1.3288477e-05
126400 0.00013693275 1.6610017e-05
126600 0.00015494028 3.8332156e-05
126800 0.00019723182 2.542531e-05
127000 0.00015135347 3.7966848e-05
127200 0.00011413237 5.9552498e-05
127400 0.00013983151 4.0478046e-05
127600 0.00012622582 7.3135562e-05
127800 0.00011937864 4.5668931e-05
128000 0.00011065748 1.6348928e-05
128200 0.00010458281 5.7515605e-05
128400 0.00011918115 2.4567255e-05
128600 0.00017720425 1.8868742e-05
128800 0.00015636773 1.3825043e-06
129000 0.0001940593 3.6138181e-05
129200 0.00017560727 2.3625881e-05
129400 0.00012334349 2.6414655e-05
129600 0.00016351444 2.7379758e-05
129800 0.00015880383 4.4279045e-05
130000 0.00013618906 2.0391708e-05
130200 0.00012627958 2.0272256e-05
130400 0.00010852705 2.5071823e-05
130600 0.00010462878 3.2812304e-05
130800 0.00012894182 5.4269903e-05
131000 0.0001592633 1.2804153e-05
131200 0.0001332067 3.1049212e-05
131400 0.00015965602 2.4873162e-05
131600 0.00011900792 2.4304315e-05
131800 0.00012719929 3.2413493e-05
132000 0.00014002058 2.7770143e-05
132200 0.00017997255 4.152948e-05
132400 0.00015364364 3.0958574e-05
132600 0.00013197347 3.494385e-05
132800 9.8036336e-05 3.586462e-05
133000 8.9152387e-05 7.295463e-05
133200 0.00012629018 7.2567616e-05
133400 0.00018622323 8.6745399e-05
133600 0.00017102427 7.849502e-05
133800 0.00011210717 8.494854e-06
134000 0.00012979389 3.3245561e-05
134200 0.00012558557 8.0908462e-05
134400 0.00014823629 2.1441863e-05
134600 0.00014275752 1.090205e-05
134800 0.00017932335 5.0240144e-05
135000 0.00016955079 1.1827727e-05
135200 0.00013598531 2.0665985e-05
135400 0.00012953584 1.6923281e-05
135600 0.00013097647 6.2189826e-05
135800 0.00012087571 4.3073282e-05
136000 0.00012306994 2.9380763e-05
136200 0.00011294642 3.574965e-05
136400 0.00013049967 3.7659762e-05
136600 0.00011555902 2.6119038e-05
136800 0.00013087176 3.8061988e-05
137000 0.00018229186 3.5915659e-05
137200 0.00012102138 2.6531588e-05
137400 0.00012741121 4.7587864e-05
137600 0.0001390074 2.8655905e-05
137800 0.00015113691 1.8623713e-05
138000 9.6738831e-05 1.6692268e-05
138200 0.00013382054 3.1405574e-05
138400 9.9829793e-05 4.0636059e-05
138600 0.00010505336 3.151424e-05
138800 7.9870463e-05 2.3093994e-05
139000 0.0001539454 7.408715e-06
139200 0.00011880008 1.6743929e-05
139400 0.00014132653 1.1031229e-05
139600 0.00013819046 1.8321358e-05
139800 0.0001681366 5.1216448e-05
140000 0.00015597384 6.6292733e-05
140200 0.00018328488 4.8580441e-05
140400 0.00014352944 2.1898803e-05
140600 0.00016249243 1.7800099e-05
140800 0.00015451541 2.2003115e-05
141000 0.00013599293 4.940242e-05
141200 0.00010123255 6.8936329e-05
141400 0.00011569994 2.3665841e-05
141600 0.00010016936 4.0971059e-05
141800 0.00016840514 6.0595378e-05
142000 0.0001059151 4.6929035e-05
142200 0.00012278007 3.5573169e-05
142400 0.00011731234 3.9683825e-05
142600 0.00017668995 3.5524353e-05
142800 0.00014432159 4.1801504e-05
143000 0.00012157913 1.5736116e-05
143200 0.00018515617 4.9761148e-05
143400 0.0001318819 4.4348051e-05
143600 0.00011341893 7.7171417e-06
143800 0.0001102374 2.024652e-05
144000 0.00011420971 2.8547555e-05
144200 0.00013383765 1.1284248e-05
144400 0.00014258173 2.2008462e-05
144600 0.00011048227 7.0101964e-05
144800 0.00010697777 6.1047531e-05
145000 0.00015765654 2.2584555e-05
145200 0.00015789251 1.1179037e-05
145400 0.00013978711 1.9749395e-05
145600 0.00010186061 4.2592989e-05
145800 8.9253054e-05 2.2533305e-05
146000 0.0001165623 6.1211217e-06
146200 0.00014702886 4.0204611e-05
146400 0.00013513835 1.8390687e-05
146600 9.4877061e-05 4.2843589e-05
146800 0.00011181597 2.790654e-05
147000 0.00011718437 3.3082577e-05
147200 0.00013025021 4.7873649e-05
147400 0.00012245897 2.6631079e-05
147600 0.00011032795 3.3809653e-05
147800 0.00014077871 2.8318985e-05
148000 0.00015927368 3.5954903e-05
148200 0.00012433545 2.246982e-05
148400 0.00013708361 9.9052693e-06
148600 0.00011650793 4.3064852e-05
148800 0.00015251402 2.0560036e-05
149000 0.00014643546 4.2360771e-05
149200 0.00014999987 9.276438e-06
149400 0.00011291521 3.1002803e-05
149600 0.00015092184 2.9971679e-05
149800 0.0001568648 5.8573561e-05
150000 0.0001626109 2.7758841e-05
150200 0.00017665053 1.8295152e-05
150400 0.00014958047 2.8851022e-05
150600 0.00011869474 3.6080723e-05
150800 0.0001126476 3.5680155e-05
151000 0.00012837345 5.4953423e-05
151200 0.0001729045 5.5176548e-05
151400 0.00018933454 6.239258e-05
151600 0.00016170517 3.2233367e-05
151800 0.00017181759 6.0880472e-06
152000 0.00015438371 2.4682672e-05
152200 0.00014729272 3.9948794e-05
152400 0.00012297805 4.4671668e-05
152600 0.00015406168 2.5346969e-05
152800 0.00014241672 3.788042e-05
153000 0.00015526095 1.432091e-05
153200 0.00014629291 7.0218534e-05
153400 0.00016518947 3.2221331e-05
153600 0.00012989887 3.6320244e-05
153800 0.00016241777 2.2333257e-05
154000 0.00015414205 3.7572967e-05
154200 0.00012007181 1.7251782e-05
154400 0.0001265937 4.5966364e-05
154600 0.00013579872 3.7384015e-06
154800 0.00013533647 3.6608648e-05
155000 0.00012938828 3.6985544e-05
155200 0.0001581498 6.1072426e-06
155400 0.00014831234 3.0976323e-05
155600 0.0001365324 2.1736128e-05
155800 0.0001078928 2.8052923e-05
156000 0.00013309428 2.8290687e-05
156200 0.00017313564 1.069046e-05
156400 0.00013177222 1.4684358e-05
156600 0.00012845717 6.2656602e-05
156800 0.00013636035 1.064041e-05
157000 0.00015468186 2.4964518e-05
157200 0.00016116694 3.4789857e-05
157400 0.00014542839 5.2471265e-05
157600 0.00013285163 5.4431843e-05
157800 0.00011229604 4.3864164e-05
158000 0.00010923204 4.5869603e-05
158200 0.00014019975 3.3463999e-05
158400 0.000118501 3.9955203e-05
158600 0.00013633942 3.8328293e-05
158800 0.00011358936 3.835418e-05
159000 0.00012999762 5.1471022e-05
159200 0.00012945524 6.613074e-05
159400 8.6524159e-05 2.005259e-05
159600 0.00015550072 2.2646257e-05
159800 0.00015368018 3.4744687e-05
160000 0.00015094453 3.6404986e-05
160200 0.00018698954 3.9665983e-05
160400 0.00014712326 5.524988e-05
160600 0.00011501036 2.7236552e-05
160800 0.00015001837 3.2562959e-05
161000 0.00016177011 3.8443827e-05
161200 0.00014462921 1.5142081e-06
161400 0.00013797583 3.618076e-05
161600 0.00014627927 2.740037e-05
161800 0.00016610981 1.89662e-05
162000 0.00012894468 2.5605264e-05
162200 0.00015565227 3.4419407e-05
162400 0.0001343563 2.9613946e-05
162600 0.00016433569 4.0238083e-05
162800 0.00013641563 7.329101e-05
163000 0.00011635022 2.9179028e-05
163200 0.00011347189 2.7490485e-05
163400 0.00015806529 3.6226284e-05
163600 0.00013397329 3.8898765e-05
163800 0.00012169088 4.9847064e-05
164000 0.00011768246 1.2812508e-05
164200 0.00013412738 7.6263708e-06
164400 0.00014853311 2.3567713e-05
164600 0.00014635419 4.288124e-05
164800 0.00015937686 1.8725454e-05
165000 0.00014006361 5.064364e-05
165200 0.00015008904 6.985092e-05
165400 0.00015328195 1.5429046e-05
165600 0.00013924688 3.5780061e-05
165800 0.00015411344 2.5307442e-05
166000 0.00014397525 1.819075e-05
166200 0.00014871282 2.9353797e-05
166400 0.00015297177 2.2637822e-05
166600 0.00018382758 2.3655963e-05
166800 0.00021440757 5.4392603e-05
167000 0.00015294785 5.9010687e-05
167200 0.00014462949 3.6798939e-05
167400 0.00014392817 2.9162162e-05
167600 0.0002018179 3.0074395e-05
167800 0.00014193206 3.9621171e-05
168000 0.00012759749 1.8056966e-05
168200 0.00012867771 1.0690978e-05
168400 0.00018202502 2.1265528e-05
168600 0.00017109859 1.7180172e-05
168800 0.00017270902 1.2245925e-05
169000 0.00015770677 2.426801e-05
169200 0.00013651554 4.7143525e-05
169400 0.00017257127 4.0777277e-05
169600 0.00017639181 1.9920521e-05
169800 0.00013103032 5.5557565e-05
170000 0.00012985946 2.7689716e-05
170200 0.00014494791 4.6589932e-05
170400 0.00013554459 4.1363323e-05
170600 9.9002038e-05 7.3962035e-05
170800 0.00011434606 4.3885733e-05
171000 0.00012018792 5.049623e-05
171200 0.00014717806 2.2324876e-05
171400 0.00014361555 4.0565001e-05
171600 0.00015726836 3.8341529e-05
171800 0.00018296491 4.9658631e-05
172000 0.00018171055 4.0644456e-05
172200 0.00014187025 1.7588234e-05
172400 0.00012094434 6.2759688e-05
172600 0.00017703052 1.8303457e-05
172800 0.00013467939 4.0320038e-05
173000 0.00015504824 5.8774578e-05
173200 0.00015883125 2.7653537e-05
173400 0.0001139115 2.3571636e-05
173600 0.00010225811 5.1127807e-05
173800 0.00012969615 2.4999079e-05
174000 0.00010385032 4.7628413e-05
174200 9.6903466e-05 6.8468087e-05
174400 0.00010960215 4.7418301e-05
174600 0.00012417053 4.6368353e-06
174800 0.00015818924 6.187123e-06
175000 0.00015189327 7.0694577e-06
175200 0.00017760999 3.1097994e-05
175400 0.00014859819 1.5915828e-05
175600 0.00010622657 1.5120574e-05
175800 9.9186918e-05 1.765346e-05
176000 0.00013734655 1.962998e-05
176200 9.0744647e-05 9.108333e-06
176400 0.00012365427 3.4931091e-05
176600 0.00012098078 7.7682004e-05
176800 0.00015032781 3.5452141e-05
177000 0.00013354301 2.1065019e-05
177200 0.00013001852 5.3833623e-05
177400 0.00015947355 5.2740866e-05
177600 0.00014741386 5.8493146e-05
177800 0.00015878217 1.9366692e-05
178000 0.00012178787 2.308113e-05
178200 0.00012446982 1.8104813e-05
178400 0.00012869269 3.5171216e-05
178600 0.00013136549 4.5570405e-05
178800 0.00016938825 2.1191693e-05
179000 0.00013158106 4.6746741e-05
179200 0.00014085262 3.4534204e-05
179400 0.00015626741 2.6239513e-05
179600 0.00012118475 6.075556e-05
179800 0.00012247314 4.3234244e-05
180000 0.00016520508 4.8737785e-05
180200 0.00013212164 3.5819061e-05
180400 0.00013529528 6.2964213e-05
180600 0.00013712072 2.6061476e-05
180800 0.00016688908 2.8727894e-05
181000 0.00017741297 1.2736244e-05
181200 0.00018049125 4.0375063e-05
181400 0.00019043633 4.8585297e-05
181600 0.00018495115 9.1251926e-05
181800 0.00017071453 7.8772387e-05
182000 0.00013624918 6.4421317e-05
182200 0.0001481327 4.4342867e-05
182400 0.00014277515 4.8170991e-05
182600 0.00014384811 1.0751282e-05
182800 0.00016378267 2.2366261e-05
183000 0.00020740457 1.7475283e-05
183200 0.00018232459 2.6427114e-05
183400 0.00010200941 6.693205e-05
183600 0.00013287283 4.5564263e-05
183800 0.00010420885 9.7112472e-06
184000 0.00014860122 2.1154589e-05
184200 0.00016040835 2.2792296e-05
184400 0.00013897249 6.2559552e-05
184600 0.00016571717 5.2050345e-05
184800 0.00013712723 7.5201684e-05
185000 0.00017559343 3.6365857e-05
185200 0.00017343694 3.1665255e-05
185400 0.00016238391 5.8057852e-05
185600 0.00011330765 5.2621742e-05
185800 0.00014431645 6.6339024e-05
186000 0.0001331389 3.5560266e-05
186200 0.00016914822 6.3190403e-05
186400 0.00013936457 4.001168e-05
186600 0.00015097358 4.2909285e-05
186800 0.00014866731 5.8457455e-05
187000 0.0001277415 6.9989481e-06
187200 0.00015076995 5.5386282e-05
187400 0.0001519872 4.7219317e-05
187600 0.00017374564 1.412773e-05
187800 0.00017513021 4.1509136e-05
188000 0.00012931554 1.8361726e-05
188200 0.00017250931 5.6082201e-05
188400 0.00013823822 4.5959629e-05
188600 0.00010344425 3.1245236e-05
188800 0.00014183523 4.0148904e-05
189000 0.00010356152 4.4816017e-05
189200 0.00015943034 6.9696732e-06
189400 0.00015452211 2.8169736e-05
189600 0.0001570058 5.3527303e-05
189800 0.00012722178 1.1588667e-05
190000 0.00018801863 4.4359315e-05
190200 0.00014895054 2.5752484e-05
190400 0.00015254954 4.198032e-05
190600 0.00011628235 7.3365149e-05
190800 0.00014005163 1.6073534e-06
191000 0.00013237077 5.9131212e-05
191200 0.00013544872 5.5341712e-05
191400 0.00016292559 1.5813498e-05
191600 0.00017772762 2.4989344e-05
191800 0.00020043969 3.0233635e-05
192000 0.00014007516 3.3398231e-05
192200 0.00012608281 2.5930208e-05
192400 9.8482778e-05 3.95217e-05
192600 0.00012495398 2.6258587e-05
192800 0.00013306257 2.2936373e-05
193000 0.00014735643 3.486318e-05
193200 0.0001234964 3.2739994e-05
193400 0.00013132564 4.4382255e-05
193600 0.00018468784 2.1335936e-05
193800 0.00012714826 1.4990965e-05
194000 0.00016581344 6.731018e-05
194200 0.00015520909 4.0591265e-06
194400 0.00013755115 4.5948586e-05
194600 0.00016766049 3.0438582e-05
194800 0.00017467738 3.3483854e-05
195000 0.00015063764 1.2177507e-05
195200 0.00013039181 1.3258295e-05
195400 0.00013468532 2.5700056e-05
195600 0.00011930821 4.6458561e-05
195800 9.5110115e-05 3.1613402e-05
196000 0.00010665704 2.0106769e-05
196200 0.00010524802 1.060013e-05
196400 0.00014607826 7.2987076e-06
196600 0.00013016157 2.6837439e-05
196800 0.00012507396 6.1142992e-06
197000 0.00010173776 3.533325e-05
197200 0.00010310668 1.5297135e-05
197400 0.00013400488 4.5034015e-05
197600 0.0001515606 3.6702539e-05
197800 0.00011403909 5.212498e-05
198000 0.00013878965 3.5551749e-05
198200 0.00010354708 2.1964668e-05
198400 0.00012534069 7.2893452e-06
198600 0.00012815403 3.9236032e-05
198800 0.00012499964 4.6035147e-05
199000 0.00010814239 5.6659589e-05
199200 0.00011274281 6.4386651e-05
199400 0.00012746581 4.5981859e-05
199600 0.00013750496 2.5142732e-05
199800 0.00011354766 4.665028e-05
200000 0.00012222907 4.7016173e-05
200200 0.00016421295 1.5411848e-05
200400 0.00012814144 5.3471837e-05
200600 0.00017077674 3.7353151e-05
200800 0.00016241694 5.8054142e-05
201000 0.00018316399 5.1363104e-05
201200 0.00020922883 6.1642815e-05
201400 0.00018974047 3.2010604e-05
201600 0.00013721959 3.0297861e-05
201800 0.0001743809 2.2795915e-05
202000 0.00017452598 1.9706529e-05
202200 0.00014744781 1.2227993e-05
202400 0.00016831185 2.0694076e-05
202600 0.00014923772 4.4831541e-05
202800 0.00011621439 1.6953069e-05
203000 0.0001489594 3.104852e-05
203200 0.00013819803 2.3854065e-05
203400 0.00016619837 3.749427e-05
203600 0.000125978 3.5876519e-05
203800 0.00013776709 4.2929385e-06
204000 0.00013274128 4.2810517e-05
204200 0.00013338882 5.8136362e-05
204400 0.00019226015 3.939392e-05
204600 0.00013706744 4.8443757e-05
204800 0.00013546334 1.3127994e-05
205000 0.00017434361 3.7414844e-05
205200 0.00016044321 4.669124e-05
205400 0.00013046733 2.5116779e-05
205600 0.00012660025 2.4431583e-05
205800 0.00014037527 3.4288974e-05
206000 0.00013010675 5.1141818e-06
206200 0.00017177637 5.1117669e-05
206400 0.00015450095 5.8846647e-05
206600 0.00012779498 5.1056823e-05
206800 0.00012930574 4.3467329e-05
207000 0.00013889143 3.0732126e-05
207200 0.00013636839 3.3684571e-05
207400 0.00012318153 7.7507948e-05
207600 9.576922e-05 5.1130789e-05
207800 0.00012110212 2.3381838e-05
208000 0.00014593377 5.0718144e-05
208200 0.00013924673 4.4324291e-05
208400 0.00013117663 3.3390882e-05
208600 0.00012490987 2.7919854e-05
208800 0.00010517201 2.0579309e-05
209000 0.00012707988 6.1747136e-06
209200 0.00014766829 1.3689425e-05
209400 0.00015793409 5.0104747e-05
209600 0.00014925661 3.8113519e-05
209800 0.00015903535 3.9113933e-05
210000 0.00012424343 1.481122e-05
210200 0.00014112707 9.0828056e-06
210400 0.00010513833 2.3453071e-05
210600 0.00012434138 2.1970596e-05
210800 0.00013854546 2.803044e-05
211000 0.00014020584 2.7781643e-05
211200 0.00017444824 2.4792825e-05
211400 0.00012142647 3.7091596e-05
211600 0.00011086174 3.474398e-05
211800 0.00015698895 4.3824528e-05
212000 0.0001070446 5.3017502e-05
212200 0.00012962732 3.4004566e-05
212400 0.00011301751 2.624286e-05
212600 0.00012776195 3.1082778e-05
212800 0.00014586739 1.6935667e-05
213000 0.00014364949 2.8709136e-05
213200 0.00016438143 5.5114168e-05
213400 0.00012103804 5.1349963e-05
213600 0.00012542247 1.9058845e-05
213800 0.00013256972 5.6159151e-05
214000 0.00015820829 5.3156674e-05
214200 0.00011252456 5.1087559e-05
214400 0.00010297434 4.3984636e-05
214600 0.00015007675 5.9022891e-05
214800 0.00015733431 5.1373368e-05
215000 0.00013897377 8.1975021e-06
215200 0.00014819341 4.2407887e-05
215400 0.00015167144 3.3658006e-05
215600 0.0001391887 2.9837306e-05
215800 0.00016090538 9.2912708e-06
216000 0.00013169514 1.995333e-05
216200 0.0001095434 1.002163e-05
216400 0.0001662273 1.8125456e-05
216600 0.00013068315 6.7788105e-06
216800 0.00015652627 1.7353596e-05
217000 0.00016838931 2.9980005e-05
217200 0.0001308563 1.5016467e-05
217400 0.00014282833 2.8439049e-05
217600 0.00019834456 2.8523818e-05
217800 0.00017778313 2.2250739e-05
218000 0.00018013551 1.8846204e-05
218200 0.00015218729 4.5365479e-05
218400 0.00013685398 5.5005498e-05
218600 0.00012892933 7.2868564e-05
218800 0.00017506808 5.3417654e-05
219000 0.00018080206 1.246376e-05
219200 0.00019018922 1.2816991e-05
219400 0.0001931592 4.8402141e-05
219600 0.0001578768 1.6474618e-05
219800 0.00012913208 1.5490209e-05
220000 0.00015031865 3.4561304e-05
220200 0.00015680227 6.1609699e-05
220400 0.00014015573 3.6891184e-05
220600 0.00012835265 3.5179226e-05
220800 0.00013048218 3.917629e-05
221000 0.00013992638 1.6219796e-05
221200 0.00011806531 1.1023101e-05
221400 0.00013348298 1.0705669e-05
221600 0.00011606344 1.5226124e-05
221800 0.00014516259 2.7055756e-05
222000 0.00012669021 3.4664549e-05
222200 0.00017855993 5.8041605e-05
222400 0.00016028217 5.6400409e-05
222600 0.0001089917 1.7333822e-06
222800 0.00013752003 7.4677012e-05
223000 0.00015224167 4.6044771e-05
223200 0.00017845693 8.8318112e-06
223400 0.00015828725 1.167429e-05
223600 0.00014005943 2.7294721e-05
223800 0.00015406502 3.6525661e-05
224000 0.00015544761 6.3749947e-06
224200 0.00012491567 2.4594719e-05
224400 0.00014689478 1.6534078e-05
224600 0.00013056768 4.6801868e-05
224800 0.00013936796 1.16877e-05
225000 0.00012985788 3.5390201e-05
225200 0.00013936321 7.8126414e-06
225400 0.00014948831 2.8116964e-05
225600 0.00014567563 1.6475557e-05
225800 0.00010998638 1.8914531e-05
226000 0.00013595369 8.8852778e-06
226200 0.00014530694 2.7311507e-05
226400 0.00018306192 1.7853184e-05
226600 0.00021449469 1.3994697e-05
226800 0.00016256548 2.5120219e-05
227000 0.00018126602 1.4176393e-05
227200 0.00016228928 1.2959723e-05
227400 0.00017234759 1.0558541e-05
227600 0.00017177096 1.4190006e-05
227800 0.00012975356 5.112755e-05
228000 0.00015428502 1.0359262e-05
228200 0.00012364661 7.7848018e-05
228400 0.00015516896 2.618584e-05
228600 0.0001727491 1.595188e-05
228800 0.00017483517 3.9847496e-05
229000 0.00015918614 2.38586e-05
229200 0.00019404775 1.3547829e-05
229400 0.00016513626 1.8448755e-05
229600 0.00010661621 9.0681665e-06
229800 0.00015532484 5.4296821e-05
230000 0.00016011426 4.5589009e-05
230200 0.00013111991 4.8220034e-05
230400 0.00015056547 2.856062e-05
230600 0.00013040716 2.0472434e-05
230800 0.00012086574 2.1341286e-05
231000 0.00013662206 6.9204247e-05
231200 0.00014017731 4.5195326e-05
231400 0.00013694554 4.537878e-05
231600 0.00012527985 4.0466078e-05
231800 0.00015384707 4.9292506e-05
232000 0.0001594787 3.2485974e-05
232200 0.00016146128 1.8873013e-05
232400 0.00016487619 1.0009214e-05
232600 0.00015246043 5.3499122e-05
232800 0.00013660038 4.1413305e-05
233000 0.00013399656 2.4492891e-05
233200 0.00014467935 3.9065836e-05
233400 0.00014774219 2.154357e-05
233600 0.00014553218 1.2794545e-05
233800 0.00014968366 3.1518105e-05
234000 0.00017219196 3.7078157e-05
234200 0.00013474405 4.3351708e-05
234400 0.00010707343 2.755539e-05
234600 0.00014188429 3.5190921e-05
234800 0.00011960899 2.2972783e-05
235000 0.00013254621 1.4039604e-05
235200 0.00011428462 2.1184668e-05
235400 0.00011126164 6.5860057e-06
235600 0.00013448297 4.8898968e-05
235800 0.00012379768 3.9447244e-05
236000 0.00015286767 4.6188416e-06
236200 0.00018584688 1.1381193e-05
236400 0.00014192297 4.0333054e-06
236600 0.00014176055 1.2772679e-05
236800 0.000137139 3.6020987e-05
237000 0.00013380074 2.3006237e-05
237200 0.00011615154 2.3364239e-05
237400 0.00010277129 2.4398918e-05
237600 0.00016972945 2.3231871e-05
237800 7.0393896e-05 2.5548379e-05
238000 9.6147082e-05 9.1552748e-06
238200 0.00012418484 6.7035811e-06
238400 0.00010670612 3.3957322e-05
238600 8.9786604e-05 3.02133e-05
238800 0.00013883957 3.0359203e-05
239000 0.00012709203 5.8710539e-05
239200 0.00018124924 3.5807147e-05
239400 0.00015906665 3.5746627e-05
239600 0.00014824815 2.4178428e-05
239800 0.00014141989 3.0906755e-05
240000 0.0001192599 2.4659812e-05
240200 0.00013760716 2.6333033e-05
240400 0.00015094874 1.0517119e-05
240600 0.00011022566 4.4171698e-05
240800 0.00013007043 2.8671614e-05
241000 0.00014550395 3.0233556e-05
241200 0.00016364985 2.3917637e-06
241400 0.00013677521 1.8771303e-05
241600 0.00014085427 3.4429145e-05
241800 0.00012868759 2.3759627e-05
242000 0.00014262027 4.4619589e-05
242200 0.00010638333 5.8413041e-05
242400 0.00013040597 5.6956538e-05
242600 0.00014300902 4.2898531e-05
242800 0.00013840216 5.5125798e-05
243000 0.00011026675 2.6419859e-05
243200 0.00010820858 5.8993865e-05
243400 0.00013357971 4.0030295e-05
243600 0.00011540048 5.7251392e-05
243800 0.00012669671 6.280618e-05
244000 0.00016163768 5.5726491e-06
244200 0.00010678709 4.6692911e-05
244400 0.0001315927 5.7316009e-06
244600 0.00015769762 2.3750995e-05
244800 0.00012690657 2.7028217e-05
245000 0.00016164992 4.1062549e-05
245200 0.00012011312 3.1084738e-05
245400 0.00018136324 5.6157988e-05
245600 0.00015004106 3.0914791e-05
245800 0.00012731198 1.2738134e-05
246000 0.00017623895 2.2842111e-05
246200 0.00012195126 2.6622221e-05
246400 0.00014985252 9.0971747e-06
246600 0.00014999586 3.290451e-05
246800 0.00014014732 1.9715564e-05
247000 0.00016286201 5.4583086e-05
247200 0.00011659776 2.0888649e-05
247400 0.00013284948 1.5433296e-05
247600 0.00011893627 4.0780716e-05
247800 0.0001180533 3.7989154e-05
248000 0.00010391907 6.7475458e-05
248200 0.00014342283 1.6207632e-05
248400 0.00014152683 1.590812e-05
248600 0.00014275006 4.1176117e-05
248800 8.8816702e-05 3.7025865e-05
249000 0.00015115895 2.5411648e-05
249200 0.00019847253 1.4060323e-05
249400 0.00015911068 2.5836924e-05
249600 0.00015129952 3.3141242e-05
249800 0.00013146221 1.0976621e-06
250000 0.00013658648 3.2114282e-05
250200 0.00013818557 2.4841842e-05
250400 0.00016719427 1.9825407e-05
250600 0.00012646728 4.7561185e-05
250800 0.000129122 3.5885551e-05
251000 0.00015312465 5.5475961e-05
251200 0.00015776454 3.2253095e-05
251400 0.00019036814 4.1279831e-05
251600 0.00018160876 2.3648079e-05
251800 0.00014239442 1.289027e-05
252000 0.00011168485 2.2793237e-05
252200 0.00016274112 5.5873521e-05
252400 0.00014280525 5.5218178e-05
252600 0.00015970539 1.518429e-05
252800 0.00016496207 1.0853663e-05
253000 0.00017951554 1.5585051e-05
253200 0.00015364341 1.791418e-05
253400 0.0001679705 1.5243443e-05
253600 0.00012698985 1.2096841e-05
253800 0.0001401289 6.1048944e-05
254000 0.00013989797 1.640187e-05
254200 0.00016965322 4.7411539e-05
254400 0.00013680564 6.3201037e-05
254600 0.00012677777 3.5945019e-05
254800 0.0001649856 1.1044849e-05
255000 0.0001333678 1.8472975e-05
255200 0.00014890843 2.3314392e-05
255400 0.00013822858 1.711584e-05
255600 0.00015488536 2.9152349e-05
255800 0.00013029029 1.0303068e-05
256000 0.00018110101 1.9896718e-05
256200 0.00018044926 2.3636617e-05
256400 0.00018318469 2.9916212e-05
256600 0.00018829999 2.8495625e-05
256800 0.0002008252 4.5400658e-05
257000 0.00014020122 5.7680698e-06
257200 0.00016425348 1.6279379e-05
257400 0.00017209049 4.4319851e-05
257600 0.00019472614 6.1086518e-05
257800 0.0001372659 2.7836273e-05
258000 0.00012955059 2.120978e-05
258200 0.00012255755 4.3848622e-05
258400 0.00014290553 9.7760115e-06
258600 0.00013263632 4.4813295e-05
258800 0.00014592027 7.6125446e-05
259000 0.00017237997 4.7604646e-05
259200 0.00018166671 2.2647691e-05
259400 0.00010387879 3.5797893e-05
259600 0.00010947075 1.0693241e-05
259800 0.00013393313 5.8051858e-05
260000 0.00016008344 2.7471488e-05
260200 0.00015480361 3.0843615e-05
260400 0.00016495534 3.1249983e-05
260600 0.00013854287 2.425989e-05
260800 9.469279e-05 2.1435681e-05
261000 0.00011327018 3.9078516e-05
261200 0.00012144164 1.8113706e-05
261400 0.00013983107 2.8660486e-05
261600 0.00011168849 3.8330081e-05
261800 0.00014049668 3.062651e-05
262000 0.00013734456 4.7612372e-05
262200 0.00011034409 1.4932455e-05
262400 0.00013532139 4.5806472e-05
262600 0.00013452142 9.5000824e-06
262800 0.00015108666 1.7057378e-05
263000 0.00011757799 2.0557618e-05
263200 0.0001134457 2.5024011e-05
263400 0.00013066052 3.7360823e-05
263600 0.00017640862 2.3273018e-05
263800 0.00017638153 2.1101268e-05
264000 0.00012799324 3.3938199e-05
264200 0.00014184787 2.2166184e-05
264400 0.00015753092 4.0200104e-05
264600 0.00014376901 1.9413974e-05
264800 0.00014212878 1.0422246e-05
265000 0.00018647069 1.6727315e-05
265200 0.0001619945 2.3852378e-05
265400 0.00015474287 5.0827849e-05
265600 0.00012759176 4.9747073e-05
265800 0.00013335541 3.9113752e-05
266000 0.00014354446 5.9319518e-05
266200 0.00012236051 8.7513617e-06
266400 0.00012310996 2.4887969e-05
266600 0.00014102916 2.2095477e-05
266800 0.00012459758 2.3508889e-05
267000 0.00013167273 3.9198825e-06
267200 5.6170856e-05 4.1443898e-05
267400 0.00012657365 2.4637645e-05
267600 0.00016309822 6.2960021e-05
267800 0.00017735614 2.0510435e-05
268000 0.00019956661 1.2868689e-05
268200 0.00016084565 2.284175e-05
268400 0.00016551896 2.7328466e-05
268600 0.00015161642 1.4257315e-05
268800 0.00017192527 1.4553881e-05
269000 0.00016363225 2.068582e-05
269200 0.00014410915 3.0267663e-05
269400 0.00016035645 2.4681253e-05
269600 0.00012905379 1.6037773e-05
269800 0.00014197672 5.2891038e-05
270000 0.00016068771 9.4572786e-05
270200 0.00010992157 4.5324634e-05
270400 0.00014826332 5.6514247e-05
270600 0.00015355733 2.7556934e-05
270800 0.00011620166 5.8124384e-05
271000 0.00011153752 1.1850936e-05
271200 0.00013605457 3.4098598e-05
271400 0.00012172778 5.6416779e-05
271600 0.00014940066 6.0319003e-05
271800 0.00013818819 3.9528879e-05
272000 9.0612581e-05 3.7964917e-05
272200 0.00010995576 2.3808358e-05
272400 8.033418e-05 4.6913039e-05
272600 0.00010990079 3.244842e-05
272800 0.00012132216 2.7081786e-05
273000 9.968885e-05 3.0284436e-05
273200 0.00013405398 2.4602829e-05
273400 0.00012589409 5.4365401e-05
273600 0.00011778404 5.9853734e-05
273800 0.00014204469 5.0263573e-05
274000 0.00016003575 3.520385e-05
274200 0.00011947411 3.3511394e-05
274400 9.5344673e-05 4.4934585e-05
274600 0.00012329681 5.118796e-05
274800 0.00012913421 2.4269248e-05
275000 0.00012145074 8.9141359e-06
275200 0.00010485931 4.1018156e-05
275400 0.00014184069 4.9611436e-05
275600 0.00013043395 6.2264841e-05
275800 0.00011875652 6.6632069e-05
276000 9.685737e-05 3.9342565e-05
276200 0.00014404853 2.5329046e-05
276400 0.00010760145 2.039136e-05
276600 0.00016824995 3.9199157e-05
276800 0.00017834848 3.2535294e-05
277000 0.00015684819 5.3135309e-06
277200 0.00015943711 3.3731881e-05
277400 0.000133774 2.7994822e-05
277600 0.00018794495 1.8735707e-05
277800 0.00010907315 3.1685826e-05
278000 0.000157126 2.3827687e-05
278200 0.00013339216 3.0212962e-05
278400 0.00014659116 5.291503e-05
278600 0.00014419689 5.6234056e-05
278800 0.00012866592 2.8756902e-05
279000 0.00015650713 1.4660965e-05
279200 0.00015326186 4.0615885e-05
279400 0.00017273079 1.7790598e-05
279600 0.00013468963 8.2969499e-06
279800 0.00014048308 4.6587862e-05
280000 0.00016876961 4.2335545e-05
280200 0.00012523074 1.962765e-05
280400 0.0001424408 2.8664143e-05
280600 8.9002102e-05 2.4143018e-05
280800 0.00011495985 3.1304534e-05
281000 0.00011028446 2.4695085e-05
281200 0.00015684313 1.8579342e-05
281400 0.00014886143 2.0214321e-05
281600 0.00014825138 1.7182363e-05
281800 0.00014099895 1.4314876e-05
282000 0.00012001524 3.1533353e-05
282200 0.00015333892 5.2928408e-05
282400 0.00012569054 4.0647666e-05
282600 0.00013314494 2.908807e-05
282800 0.00012667574 1.6262205e-05
283000 0.00016721396 6.0066975e-05
283200 0.00011201926 3.0800979e-05
283400 9.9240699e-05 3.5846894e-05
283600 7.542618e-05 4.0882217e-05
283800 0.00012070036 3.4378847e-05
284000 0.00011919968 1.107882e-05
284200 0.00011439298 4.1848399e-06
284400 0.00012953744 6.5778209e-06
284600 0.00011918541 1.6917363e-05
284800 9.6971996e-05 1.8006832e-05
285000 0.0001077286 2.9825814e-05
285200 0.00010249703 3.1911899e-05
285400 0.000123687 6.5402708e-05
285600 0.0001562912 7.7652669e-06
285800 0.0001041205 2.644509e-05
286000 0.00010996431 6.1031736e-05
286200 0.00012953644 3.539598e-05
286400 0.00012686766 4.5179314e-05
286600 0.00018977068 6.2762348e-05
286800 0.00013211182 7.3387783e-05
287000 0.0001356545 6.6965326e-06
287200 6.4737846e-05 5.7031303e-05
287400 7.026945e-05 2.0459931e-05
287600 9.640657e-05 4.042237e-05
287800 9.8968317e-05 2.1212929e-05
288000 8.6701509e-05 5.2866698e-05
288200 0.00010257293 2.3173867e-05
288400 0.00015063735 3.2062433e-05
288600 0.0001520332 2.5935427e-05
288800 0.00015399992 3.3106653e-05
289000 0.00014932585 3.6783665e-05
289200 0.00012653045 4.2987473e-05
289400 0.00013284998 4.3478626e-05
289600 0.00012267077 3.1954615e-05
289800 6.8321025e-05 5.4825983e-05
290000 9.7442534e-05 7.0154851e-05
290200 0.00011038928 4.5705587e-05
290400 0.00012057405 7.0125656e-05
290600 0.00013392569 4.1991169e-05
290800 0.00015979448 1.0612838e-05
291000 0.00016108413 7.5981979e-06
291200 0.00017740701 3.721309e-05
291400 0.00013734704 4.3575768e-05
291600 0.00011599582 3.0700485e-05
291800 0.00016452095 4.9556664e-05
292000 0.00015052809 4.3633827e-05
292200 0.00013361813 1.9013227e-05
292400 0.0001681146 3.7526305e-05
292600 0.00016726008 4.225356e-05
292800 0.00014914659 2.7066208e-05
293000 0.00015072239 2.5863435e-05
293200 0.00011367562 6.0054869e-05
293400 0.0001520349 2.9748935e-05
293600 0.00015984407 2.5431946e-05
293800 0.00013900998 2.6442466e-05
294000 0.00014193851 3.8964689e-05
294200 0.00012415752 4.2599135e-05
294400 0.00010745174 3.3970447e-05
294600 0.00010163592 4.7634442e-05
294800 8.9783388e-05 1.509594e-05
295000 0.00012170357 3.0266739e-05
295200 0.00015675224 5.8693074e-05
295400 0.0001328847 9.4155035e-06
295600 0.00011330821 2.0728997e-05
295800 0.00014110965 1.5253869e-05
296000 0.00014754868 3.7219106e-05
296200 0.00013668499 5.8585646e-05
296400 0.000148756 2.3167614e-05
296600 7.1877237e-05 2.9084247e-05
296800 0.00011747976 2.3168119e-05
297000 0.00012328902 3.2864118e-05
297200 0.00012046871 4.9416091e-05
297400 0.0001030908 2.5602989e-05
297600 9.9552242e-05 2.527101e-05
297800 0.00015309216 2.9198308e-05
298000 0.00015586797 2.8740827e-05
298200 0.00012567188 6.1113136e-06
298400 0.00014065404 3.5752331e-05
298600 0.00017559769 4.7392702e-05
298800 0.00014352757 1.2373704e-05
299000 0.00014983281 3.2765092e-05
299200 0.00010691317 3.7518913e-05
299400 0.00011156513 2.1914157e-05
299600 0.00010973599 1.1169125e-05
299800 0.00017406938 1.3294427e-05
300000 0.0001819318 1.7392779e-05
300200 0.00013762158 3.887242e-05
300400 0.00012648911 8.8086961e-06
300600 0.00013522847 2.3066033e-05
300800 0.00014602971 2.5278623e-05
301000 0.00014255744 1.883036e-05
301200 0.00014017464 3.30402e-05
301400 0.00013732859 3.2721181e-05
301600 0.00016300443 1.4263374e-05
301800 0.00019151128 1.4420194e-05
302000 0.00015806337 3.1197477e-05
302200 0.0001793935 4.4540686e-05
302400 0.00017688594 2.5246994e-05
302600 0.00016498304 2.0191052e-05
302800 9.6606889e-05 3.4330469e-05
303000 0.00012897303 2.8251406e-05
303200 9.4474657e-05 8.8658371e-06
303400 0.0001313098 2.9048125e-05
303600 0.00012556604 1.2592301e-05
303800 0.00012317028 7.2068296e-06
304000 0.00012737109 1.6325783e-05
304200 0.00012473787 3.5547399e-05
304400 0.00012517329 3.2809519e-05
304600 0.0001025701 8.1120471e-06
304800 0.00015506814 3.7385105e-05
305000 0.00011326785 2.435505e-05
305200 0.00010487767 4.7759426e-05
305400 0.00013056456 5.4805117e-05
305600 0.00010577185 2.7005063e-05
305800 0.00012742014 4.6780297e-06
306000 0.00012164241 3.206314e-05
306200 0.00016321248 2.1674559e-05
306400 0.0001397493 3.0897842e-05
306600 0.0001478335 3.0551098e-05
306800 0.00011749799 1.1638929e-05
307000 0.00014003169 1.0174348e-05
307200 0.00013307392 1.9003698e-05
307400 0.0001466917 5.2340934e-05
307600 0.00014457709 3.4880701e-05
307800 0.00011972318 2.8689113e-05
308000 0.00011815244 3.8107364e-05
308200 0.00010051968 2.9351933e-05
308400 0.00010126614 1.7268767e-05
308600 0.00010132644 1.2368449e-05
308800 0.00013466476 2.9958006e-05
309000 0.00014135854 1.2624538e-05
309200 0.0001520094 4.7511677e-05
309400 0.00017411149 2.0299547e-05
309600 0.00014303277 1.3337727e-05
309800 0.00016295918 1.7391462e-05
310000 0.00014807866 2.018287e-05
310200 0.00012763162 3.4198006e-05
310400 0.00013460183 2.0316874e-05
310600 0.00013221491 4.0967595e-05
310800 0.00010066716 3.121369e-05
311000 0.00010373794 3.6161854e-05
311200 0.00012460848 4.50253e-05
311400 0.00012638038 6.0112986e-05
311600 0.00012649139 4.5667545e-05
311800 9.5628677e-05 2.6092385e-05
312000 0.00011560601 1.464452e-05
312200 0.0001279313 2.1227608e-05
312400 0.00011845426 1.9468263e-05
312600 0.00012504884 7.1606725e-06
312800 0.00014865835 2.0590899e-05
313000 0.00012799359 5.3065267e-05
313200 0.0001308339 1.2221788e-05
313400 0.00016455306 2.7535965e-05
313600 0.00015684752 1.7393367e-05
313800 0.00015269365 1.1204684e-05
314000 0.00015042045 4.3929698e-05
314200 0.00014595292 3.3828571e-05
314400 0.00016001999 3.9189314e-05
314600 0.00012938695 2.9011999e-05
314800 0.0001594121 3.4604343e-05
315000 0.00016503026 4.9540064e-05
315200 0.00015136052 6.9906144e-07
315400 0.00015556971 1.4329049e-05
315600 0.00012829539 3.2124881e-05
315800 0.00013536809 4.0509616e-05
316000 0.00010366888 6.4089563e-05
316200 0.00015262017 2.9801431e-05
316400 0.00017846175 1.6957217e-05
316600 0.00015068841 4.8776784e-05
316800 0.00011781168 3.6688872e-05
317000 0.00011292611 2.1026602e-05
317200 0.00012934804 2.8726846e-05
317400 0.0001344906 2.6004457e-05
317600 0.00016574249 3.4794557e-05
317800 0.00011418421 1.3151261e-05
318000 0.00012196282 2.3927902e-05
318200 9.9394701e-05 2.1651118e-05
318400 0.00012457457 2.1749451e-05
318600 0.00010239457 3.9752483e-05
318800 0.00012292849 3.0855289e-05
319000 0.00013312003 6.2396366e-05
319200 0.00010604495 3.655411e-05
319400 0.00014917019 1.5734117e-05
319600 0.00015448656 1.300842e-05
319800 0.00011502563 5.917499e-05
320000 7.2242329e-05 1.3715991e-05
320200 0.00013513742 2.3812515e-05
320400 0.00014240294 2.2197143e-05
320600 0.00012101228 3.0878745e-05
320800 0.00014866973 3.5282347e-05
321000 0.00015313923 1.3332043e-05
321200 0.00017034722 3.5004216e-05
321400 0.0001829627 2.1060803e-05
321600 0.00011176598 2.6195203e-05
321800 0.00013008926 1.5890993e-05
322000 0.0001354735 2.3334756e-05
322200 0.00014556719 3.8634693e-05
322400 0.00016818126 2.1031696e-05
322600 0.00013294635 4.5406602e-05
322800 0.00011387148 2.3681723e-05
323000 9.7194706e-05 2.1523497e-05
323200 0.0001346799 2.2837652e-05
323400 0.00013500832 1.0251377e-05
323600 9.8533844e-05 3.2883992e-05
323800 7.5433207e-05 2.0413696e-05
324000 0.00010805697 2.3777763e-05
324200 0.00012817301 3.9138941e-05
324400 0.00013412673 2.8377556e-05
324600 0.00012614928 4.6144695e-05
324800 0.00014777089 4.6739044e-05
325000 0.00011369485 1.121337e-05
325200 0.00010265551 2.7309811e-05
325400 9.1620724e-05 3.8302804e-05
325600 9.6424247e-05 2.0026332e-05
325800 9.3833066e-05 2.9963195e-05
326000 9.4179502e-05 2.8603571e-05
326200 0.00010000486 2.6263703e-05
326400 0.00011343434 2.3671982e-05
326600 0.00010579581 3.6907783e-05
326800 0.00015001061 4.7334802e-05
327000 0.00013098963 4.2507773e-05
327200 0.00015860492 2.7605411e-05
327400 0.00015275831 3.7694848e-05
327600 0.00015729418 2.7292653e-05
327800 0.00018277345 4.6455718e-05
328000 0.00017752198 1.6746352e-05
328200 0.00014678123 6.9360282e-05
328400 0.00011375536 3.7129647e-06
328600 0.00014568375 2.4534109e-05
328800 0.00013793856 3.4472695e-05
329000 0.00010629827 5.7675567e-06
329200 0.00011638786 7.6789165e-05
329400 0.00010271773 1.8295931e-05
329600 7.0314889e-05 2.0706871e-05
329800 0.00010234285 2.7985944e-05
330000 8.2021284e-05 5.4947674e-05
330200 0.00013329693 1.4157305e-05
330400 0.00013316569 2.1967378e-05
330600 7.3650915e-05 3.084347e-05
330800 0.00010225889 3.4226113e-06
331000 0.00013078951 1.3824965e-05
331200 0.00013218915 2.0524337e-05
331400 0.00013460296 3.371864e-05
331600 0.00010748844 4.4612233e-05
331800 0.00013733642 2.6331829e-05
332000 0.00015222367 8.2094428e-06
332200 0.00015175091 5.1576222e-05
332400 0.00014492921 2.6613321e-05
332600 0.00011406182 3.1302324e-05
332800 0.00010366161 3.6813691e-05
333000 0.00012215717 3.0083858e-05
333200 0.00017235091 2.9931361e-05
333400 0.00016246188 1.7669751e-05
333600 0.00013681916 6.3647199e-06
333800 0.00012100106 3.6162274e-05
334000 0.00013085928 5.2417101e-05
334200 0.00014055676 6.3153497e-05
334400 0.00016953306 5.400721e-05
334600 0.00014914542 5.1486825e-05
334800 0.00014349489 5.6874702e-05
335000 0.00014663701 1.0869685e-05
335200 0.00013506237 3.0580714e-05
335400 0.00015014162 2.1744355e-05
335600 0.00013759067 1.3043211e-05
335800 0.00011311638 5.1803892e-05
336000 0.00014797718 5.1389676e-05
336200 0.00014636646 3.4884159e-05
336400 0.00012168752 4.8110187e-05
336600 0.00015306554 2.4019329e-05
336800 0.00012480421 2.5036279e-05
337000 0.00014433167 2.0302342e-05
337200 0.00010808042 3.8760466e-05
337400 0.00012460264 2.5220613e-05
337600 0.00012917877 3.4731631e-05
337800 0.00013993468 2.2948418e-05
338000 0.00011543021 4.2269435e-05
338200 0.00014071817 6.6292732e-06
338400 0.00014142837 7.4956805e-06
338600 0.00012946288 3.4996596e-05
338800 0.00010931856 2.9965802e-05
339000 0.00010610819 4.4288438e-05
339200 0.00011240394 2.1157052e-05
339400 0.00012044611 4.1129544e-05
339600 0.00010353563 3.6987935e-05
339800 0.00011967936 6.179774e-05
340000 0.00011375338 2.4530613e-05
340200 0.0001289318 2.1343506e-05
340400 0.00012993241 3.149127e-05
340600 0.00016068676 1.1879999e-05
340800 0.00016552346 5.1324726e-05
341000 0.00014370918 4.7506567e-05
341200 0.0001380727 1.179535e-05
341400 0.00011808493 2.4336764e-05
341600 0.00011792712 5.0430326e-05
341800 0.00014518011 2.9375712e-05
342000 0.00014709942 1.8388453e-05
342200 0.000105941 4.9101979e-05
342400 0.00010910033 2.8462788e-05
342600 0.00010513371 3.1130907e-05
342800 0.0001003879 4.9616723e-05
343000 8.6122407e-05 7.146867e-06
343200 0.00011047563 4.7402406e-05
343400 8.6386044e-05 1.9789501e-05
343600 0.00013699254 3.3586084e-05
343800 9.9981946e-05 3.5638672e-05
344000 0.00013092627 1.4217466e-05
344200 8.7565033e-05 3.1907889e-05
344400 0.00011964682 4.0362308e-05
344600 0.00010911084 3.9737406e-06
344800 0.00011368622 7.1106986e-06
345000 0.00011716366 4.69329e-05
345200 0.00014165948 2.0930293e-05
345400 0.00013757448 6.914125e-05
345600 0.00011046812 1.920894e-05
345800 0.00012568119 1.66874e-05
346000 0.00014038208 8.3340522e-06
346200 0.0001268416 1.4075914e-05
346400 0.00018179501 1.3615069e-05
346600 0.00013050127 3.0449485e-05
346800 0.00014648685 1.652788e-05
347000 0.00012405349 3.0973054e-05
347200 0.00012094436 2.3125006e-05
347400 0.00010146854 2.6865087e-05
347600 0.00011434936 4.3683006e-05
347800 0.00015110995 3.401354e-05
348000 0.00012241289 3.9448048e-05
348200 0.00012974482 1.2488352e-05
348400 0.00014869865 2.4406939e-05
348600 0.00015220096 1.7964395e-05
348800 0.00013913705 1.531487e-05
349000 0.0001386763 1.3457547e-05
349200 0.0001360132 3.7591559e-05
349400 0.00013331175 1.6786655e-05
349600 0.00013653172 5.5004065e-05
349800 0.00013762439 5.5226207e-05
350000 0.00014263523 2.9480301e-05
350200 0.00014877218 1.2381231e-05
350400 0.00017156986 3.6140934e-05
350600 0.00014924474 1.2879394e-05
350800 0.00015121779 2.1361703e-05
351000 0.00015140905 1.4555605e-05
351200 0.00014427528 6.8828855e-06
351400 0.00011796525 4.7090859e-05
351600 0.0001318595 3.5433167e-05
351800 0.00017251982 4.2257073e-05
352000 0.00012310557 2.5705979e-05
352200 0.00013292353 3.7480979e-05
352400 0.0001265985 8.2685354e-06
352600 0.00013113332 1.8488036e-05
352800 0.00016178906 2.9914215e-05
353000 0.00012752628 4.9454144e-05
353200 0.00011117412 6.5440201e-05
353400 0.00012739188 2.6531389e-05
353600 0.00011091222 1.2756415e-05
353800 0.00013208943 3.1032841e-05
354000 0.00015717084 2.0763011e-05
354200 0.00013868885 2.2645338e-05
354400 0.00015169198 3.1708346e-05
354600 0.00010503236 3.9926436e-06
354800 0.00010135471 2.216843e-05
355000 0.00013258758 2.7399096e-05
355200 0.00013013082 3.6616982e-05
355400 0.00013449627 1.6609976e-06
355600 0.0001106138 7.5381259e-06
355800 0.0001710121 1.4582004e-05
356000 0.00015615731 8.9411014e-06
356200 0.0001667101 1.3920652e-05
356400 0.00016731151 3.7527045e-05
356600 0.00013804955 3.1621068e-05
356800 0.00015561012 2.8241487e-05
357000 0.00011818378 6.9251605e-06
357200 0.00011326523 1.1759764e-05
357400 0.00013843807 1.1721352e-05
357600 0.00018123842 5.2312416e-06
357800 0.00017689765 1.9492382e-05
358000 0.00015037007 5.4238151e-05
358200 0.00019426057 1.8762978e-05
358400 0.00017300864 5.812832e-06
358600 0.00012827084 1.5397897e-05
358800 0.00014829635 1.3346787e-05
359000 0.0001730621 1.9746526e-05
359200 0.00014639035 3.8565931e-05
359400 0.00014841224 1.1686542e-05
359600 0.00014076902 1.672973e-06
359800 0.00014991558 2.905834e-05
360000 0.00014399314 8.4820752e-06
360200 0.00018595148 4.7576498e-05
360400 0.0001792558 1.842109e-05
360600 0.00015786553 3.3809388e-05
360800 0.00015621605 1.4207238e-05
361000 0.00015776058 1.7141042e-05
361200 0.00015279889 1.3359356e-05
361400 0.0001314012 1.4583237e-05
361600 0.00014535888 1.1679388e-06
361800 0.00015007265 1.9836884e-05
362000 0.0001561708 3.383531e-05
362200 0.00016471355 1.1028659e-05
362400 0.00014253692 2.4652242e-05
362600 0.00012716291 2.4092616e-05
362800 0.0001295191 4.8525006e-05
363000 0.00013332354 2.439818e-05
363200 0.00014066356 2.4361272e-05
363400 0.00010644182 2.7825428e-05
363600 0.00018048103 2.6209539e-05
363800 0.00019701553 2.3533258e-05
364000 0.0001546642 8.4529424e-06
364200 0.00011750391 1.88474e-05
364400 0.00011636228 1.0941431e-05
364600 0.00014491135 2.7894414e-05
364800 0.00018145898 4.7629356e-05
365000 0.00013163801 3.4381189e-05
365200 0.00018684493 5.179022e-05
365400 0.00016212756 2.1901341e-05
365600 0.00015136868 1.0547602e-05
365800 0.00015294287 2.3032432e-05
366000 0.00011534872 2.5395656e-05
366200 0.000131267 3.136868e-05
366400 0.00015544962 2.6801705e-05
366600 0.00013676574 1.1397316e-05
366800 0.00013738902 1.5303293e-05
367000 0.00013884104 9.2129857e-06
367200 0.00013613083 2.3691679e-05
367400 0.00015157273 2.9256303e-05
367600 0.00016899769 4.1519296e-05
367800 0.00013844354 6.7091973e-05
368000 0.0001301505 3.3626278e-05
368200 0.00015839882 2.6395523e-05
368400 0.00013651503 1.6232464e-05
368600 0.00014148397 1.4293024e-05
368800 0.00014973678 2.7538097e-05
369000 0.00012218153 2.9647784e-05
369200 0.00015476567 2.6103855e-05
369400 0.00016491093 1.6531954e-05
369600 0.00010646743 2.2899838e-05
369800 0.00013262346 2.2693127e-05
370000 0.00017094947 3.3138082e-05
370200 0.00016916062 3.4898314e-05
370400 0.00016781657 2.7537219e-05
370600 0.00013686002 1.5466666e-05
370800 0.00016589475 8.1712805e-06
371000 0.0001733859 2.4855495e-05
371200 0.00018167342 4.2120694e-05
371400 0.00017657357 3.8981962e-05
371600 0.00017952634 4.2047648e-05
371800 0.00016475702 1.5424994e-05
372000 0.00012545365 4.1722613e-05
372200 0.00015375823 2.3506841e-05
372400 0.00015736454 4.8922891e-05
372600 0.00016458569 2.6038934e-05
372800 0.00017050667 2.2677173e-05
373000 0.00017846638 3.2491409e-05
373200 0.00015658728 2.1672172e-05
373400 0.00015505203 2.9520985e-05
373600 0.00014006067 1.7917214e-05
373800 0.00017288828 4.8117066e-05
374000 0.00014978906 5.3825214e-05
374200 0.00011883981 3.6064358e-05
374400 0.00011148171 1.9992726e-05
374600 0.00013934266 2.4356801e-05
374800 0.00016297743 5.9294344e-05
375000 0.00015574805 3.8384737e-05
375200 0.00012134981 1.8992627e-05
375400 0.00014559458 2.2090395e-05
375600 0.00015073676 3.242704e-05
375800 0.00014222333 1.2167196e-05
376000 0.00016048815 1.7868198e-05
376200 0.00017224037 3.4547065e-05
376400 0.00018967945 2.7346793e-05
376600 0.00014165207 9.7885445e-06
376800 0.00015399964 3.2177355e-05
377000 0.00016331466 4.2487613e-05
377200 0.00013518968 2.8042526e-05
377400 0.00013259599 1.0782296e-05
377600 0.00014108347 2.6475209e-05
377800 0.00010476014 3.0521416e-05
378000 0.00016401598 4.5586623e-05
378200 0.00015011887 4.9672385e-05
378400 0.00014380685 5.2375874e-05
378600 0.0001424236 3.8506914e-05
378800 0.00011505262 2.914076e-05
379000 0.0001729172 5.0153895e-05
379200 0.00014058887 2.0467873e-05
379400 0.00012539196 4.9921595e-05
379600 0.00012280516 3.8081261e-05
379800 0.00014643778 4.9520967e-05
380000 0.00013931154 3.3195013e-06
380200 0.00011299848 4.4617818e-05
380400 0.00011262115 4.0288532e-05
380600 0.00016872948 2.0640692e-05
380800 0.00017304029 4.7496707e-05
381000 0.0001485294 2.4502478e-05
381200 0.00012355706 1.3399465e-05
381400 0.00017170624 3.1629531e-05
381600 0.00018456047 3.523643e-05
381800 0.00016780443 3.9644478e-05
382000 0.00013873994 4.711996e-05
382200 0.00013717392 5.2556174e-05
382400 0.00015861105 3.7355598e-05
382600 0.00014061006 2.8753629e-05
382800 0.00015844035 4.9398059e-05
383000 0.00019176794 1.181837e-05
383200 0.00017127494 2.7177858e-05
383400 0.00013071168 1.6496537e-05
383600 0.00015218317 3.8456715e-05
383800 0.00010156746 4.9221389e-05
384000 0.00016423454 2.1492051e-05
384200 0.00015318685 3.1440612e-05
384400 0.00019145174 9.3105518e-06
384600 0.00019944624 1.4515491e-05
384800 0.0001667142 9.8330208e-06
385000 0.00012723609 3.8972012e-05
385200 0.00015196254 3.4146243e-05
385400 0.00016378463 3.2371003e-05
385600 0.00016803473 2.1546198e-05
385800 0.00018554248 5.2589712e-05
386000 0.00017232708 6.3924205e-06
386200 0.00020589417 2.8317521e-05
386400 0.00017837663 6.8285495e-05
386600 0.00017705102 6.4092035e-05
386800 0.00014034055 5.2533416e-05
387000 0.00013003686 5.8589478e-05
387200 0.00013217926 2.7725012e-05
387400 0.00014522443 1.6452649e-05
387600 0.0001092058 3.7574745e-05
387800 7.9776199e-05 4.6905637e-05
388000 0.00013811641 1.0489649e-05
388200 0.00013467238 1.7345326e-05
388400 0.00010812588 4.01969e-05
388600 0.00015133864 1.6713996e-05
388800 0.00014383716 5.6300707e-05
389000 0.00017146217 2.3596912e-05
389200 0.00015741394 1.6468973e-05
389400 0.0001387978 2.1387185e-05
389600 0.00015573198 1.6954208e-05
389800 0.00014110128 1.911627e-05
390000 0.00019339124 4.1649246e-05
390200 0.00016171311 3.263052e-05
390400 0.00016934975 3.0366729e-05
390600 0.00018295303 2.0341449e-05
390800 0.00015607217 1.8443309e-05
391000 0.00014978467 2.4213219e-05
391200 0.00013209623 3.0975193e-05
391400 0.00013081863 3.0887208e-05
391600 0.00013458821 1.6735585e-05
391800 0.0001713493 1.0709092e-05
392000 0.00016640895 1.6834533e-05
392200 0.0001097423 2.1226224e-05
392400 0.00013786577 3.7431208e-05
392600 0.00018274495 2.0285667e-05
392800 0.00019958175 3.4396192e-05
393000 0.00016584912 2.9552837e-06
393200 0.00014863383 1.7057811e-05
393400 0.00015804669 1.7514308e-05
393600 0.00018169589 4.4399969e-05
393800 0.00017580616 1.5344165e-05
394000 0.00016817397 4.2189972e-06
394200 0.0001522501 1.959456e-05
394400 0.00015787952 2.0660275e-05
394600 0.00013761978 3.9615351e-06
394800 0.00011972118 1.2352398e-05
395000 0.00012827097 2.020193e-05
395200 0.00012869905 3.0557418e-05
395400 0.00016288369 1.0722959e-05
395600 0.00014297607 2.1075097e-05
395800 0.00013240497 3.0558254e-05
396000 0.00012293686 2.1372582e-05
396200 0.00011698461 2.6458515e-05
396400 0.00013123456 5.0700966e-05
396600 0.00016340743 2.4833211e-05
396800 0.00015227427 3.1920388e-05
397000 0.00017110105 2.9602141e-05
397200 0.00011510943 1.5965922e-05
397400 0.00012501669 2.4182951e-05
397600 0.00012509397 5.4909716e-05
397800 0.00011718523 2.1309768e-05
398000 0.00011764394 1.6344799e-05
398200 0.00012477417 4.3464517e-05
398400 0.00017018927 2.3862653e-05
398600 0.00017266878 3.59269e-06
398800 0.00012088117 3.7215581e-05
399000 0.00015254124 4.659397e-05
399200 0.00014703883 3.7438072e-05
399400 0.00013483647 3.1481566e-05
399600 0.00017490249 1.8498339e-05
399800 0.00019064475 3.55624e-05
400000 0.00017477555 1.1692073e-05
400200 0.00015618029 1.4533133e-05
400400 0.00018512825 4.8147797e-05
400600 0.0001717845 4.6093126e-05
400800 0.00016554776 4.7942043e-05
401000 0.00014915157 5.0716395e-05
401200 0.00017499962 1.7354919e-05
401400 0.00015924814 1.7743294e-05
401600 0.00015404344 1.0960258e-05
401800 0.00016398902 3.3862275e-05
402000 0.00017587091 4.2890365e-05
402200 0.00013339867 6.1789063e-05
402400 0.00016793281 3.9208575e-05
402600 0.00015060417 4.092477e-05
402800 0.00014112481 3.0425534e-05
403000 0.00016132366 6.0506399e-05
403200 0.00014895622 4.971526e-05
403400 0.00014182218 1.8904913e-05
403600 0.00015787149 1.9028274e-05
403800 0.00019590012 1.4094268e-05
404000 0.00017243165 2.455192e-05
404200 0.0002037992 3.6414291e-05
404400 0.00017687441 5.8238689e-05
404600 0.00016435711 4.8225427e-05
404800 0.00013150332 6.9713169e-05
405000 0.00017466771 2.3432839e-05
405200 0.00014542038 5.4521345e-05
405400 0.00014893441 5.4410836e-05
405600 0.00012547973 7.3146941e-05
405800 0.00014107462 2.9231612e-05
406000 0.00016238695 5.8896479e-05
406200 0.00016473232 3.3742399e-05
406400 0.00013503327 7.0078738e-05
406600 0.00012359479 3.6637374e-05
406800 0.00016129458 6.5123982e-05
407000 0.00016966199 4.5166975e-05
407200 0.00015224176 2.3906026e-05
407400 0.00014097852 1.1696845e-05
407600 0.00013541875 2.1906998e-05
407800 0.00015305533 3.8147606e-05
408000 0.0001654811 2.4045212e-05
408200 0.00016625127 3.0384564e-05
408400 0.00015311109 1.1168333e-05
408600 0.00018703554 4.5277439e-05
408800 0.00015836709 2.1484214e-05
409000 0.00011775996 2.1194612e-05
409200 0.00014674789 3.1681977e-05
409400 0.00015833593 4.7333682e-05
409600 0.0001427238 3.5964991e-05
409800 0.00019790308 2.3217697e-05
410000 0.0001627153 2.4546067e-05
410200 0.00018131822 2.3255099e-05
410400 0.00016652568 4.9811648e-05
410600 0.00017531149 3.2618213e-05
410800 0.00013393996 1.9153949e-05
411000 0.00015004562 3.2810605e-05
411200 0.00014271962 2.907827e-05
411400 0.0001727748 1.8854307e-05
411600 0.00012438934 3.9416092e-05
411800 0.00018680053 3.649396e-05
412000 0.00013632466 2.7224343e-05
412200 0.00010869956 1.5809455e-05
412400 0.00011403008 1.5225525e-05
412600 9.436977e-05 1.3496645e-05
412800 0.00013959122 3.3528775e-05
413000 0.00011995028 1.9169578e-05
413200 0.00014200437 2.5933248e-05
413400 0.00013822118 3.282419e-05
413600 0.00015488492 1.7503875e-05
413800 0.00013516621 2.1879588e-05
414000 0.00014293312 1.9344759e-05
414200 0.00012710388 3.6584506e-05
414400 0.00015321251 3.1365216e-05
414600 0.00013907329 7.5588007e-05
414800 0.00014692506 3.4689066e-05
415000 0.00014536756 3.4148547e-05
415200 0.00011418099 3.6569468e-05
415400 0.00013392809 4.2951678e-05
415600 0.00012140793 2.8182243e-05
415800 0.00016441416 1.9127098e-05
416000 0.00017189723 1.1723996e-05
416200 0.00017249974 4.0394707e-05
416400 0.00016855042 1.1826029e-05
416600 0.00014516953 1.5166647e-05
416800 0.00015490144 2.7876407e-05
417000 0.00013355711 1.944304e-05
417200 0.00012646384 7.085e-06
417400 0.00011040105 2.1557482e-06
417600 0.00015659416 2.6499637e-05
417800 0.00014752484 2.4213873e-05
418000 0.00014308626 3.7826301e-05
418200 0.00013322939 5.7124978e-05
418400 0.00016544697 1.6841112e-05
418600 0.00016603964 1.9888322e-05
418800 0.00015467805 3.8055725e-05
419000 0.00013962703 5.4731851e-05
419200 0.00012984048 2.5420342e-05
419400 0.00015528759 2.8495639e-05
419600 0.00014394975 4.5589979e-05
419800 0.00011170369 3.3110149e-05
420000 0.00012827109 2.0220941e-05
420200 0.00015344014 5.6105412e-05
420400 0.00012753744 3.1730851e-05
420600 0.00012820398 4.8636132e-05
420800 0.00011137974 3.7060953e-05
421000 0.00012255838 1.5937561e-05
421200 0.00015471117 4.4452364e-05
421400 0.0001584102 3.9394904e-05
421600 0.00012309982 6.9458753e-06
421800 0.00015158191 4.7054469e-05
422000 0.00015330205 2.8681324e-05
422200 0.00013303607 1.9739839e-05
422400 0.00016080456 1.1702997e-05
422600 0.00018700232 1.7277423e-05
422800 0.00016965387 2.1012056e-05
423000 0.00012743202 2.6295776e-05
423200 0.00015955183 3.8848656e-05
423400 0.00013566817 1.5299802e-05
423600 0.00012430093 1.9849362e-05
423800 0.00015503542 2.6269446e-05
424000 0.00011797164 2.1674411e-05
424200 0.00014464438 2.9551333e-05
424400 0.00016215104 4.89345e-05
424600 0.0001578819 2.1991156e-05
424800 0.00017887282 4.9827303e-05
425000 0.00013262037 9.7352945e-05
425200 0.00010879248 7.5733556e-05
425400 0.00016209535 4.4926388e-05
425600 0.00013562769 1.9824304e-05
425800 0.00011352679 2.5779663e-05
426000 0.000104673 3.0125694e-05
426200 0.00011185819 1.7896026e-05
426400 0.00013946911 4.6700732e-05
426600 0.00013389792 4.2539997e-05
426800 0.0001722145 3.8818519e-05
427000 0.00011707629 1.5504358e-05
427200 0.00012031895 3.9106258e-05
427400 0.0001195275 9.1480239e-06
427600 0.00017815887 1.1329364e-05
427800 0.00012325739 1.8968129e-05
428000 0.00013620902 2.3186395e-05
428200 0.00015750632 2.2713957e-05
428400 0.00013175408 5.9099605e-06
428600 0.0001457235 4.2557236e-05
428800 0.00018027377 5.1882569e-05
429000 0.00017358713 4.7680741e-05
429200 0.00015364148 3.0053335e-06
429400 0.00014847088 1.187524e-05
429600 0.00015381194 1.6733965e-05
429800 0.00014972855 2.0230151e-05
430000 0.00015882546 4.6702127e-05
430200 0.00010202791 4.0242368e-05
430400 0.00014553151 4.1884835e-05
430600 0.00012272357 3.2342124e-05
430800 0.00013537093 3.8364106e-05
431000 0.00013463531 2.3040889e-05
431200 0.0001525789 3.7975572e-05
431400 0.00010646988 1.6819025e-05
431600 0.00013648583 1.5460356e-05
431800 0.00010971569 4.3526863e-05
432000 0.00012295045 5.5044943e-06
432200 0.00013941805 1.9319022e-05
432400 0.0001600732 2.3156911e-06
432600 0.00011195986 1.7966168e-05
432800 0.00012954968 1.5565276e-05
433000 0.00013909545 2.301173e-05
433200 0.00016456442 1.9818605e-05
433400 0.00013093529 2.5309212e-05
433600 0.00013475872 1.5159153e-05
433800 0.00012744951 4.1252151e-05
434000 0.00016162051 3.990326e-05
434200 0.00015851174 4.6932603e-05
434400 0.00016725067 2.0596312e-05
434600 0.00015807283 3.5161665e-05
434800 0.00014663118 1.2140526e-05
435000 0.00013569631 3.8892028e-05
435200 0.00016786633 2.3035243e-05
435400 0.00013719149 1.8070877e-05
435600 0.00013245873 4.8590273e-05
435800 0.000131338 4.0123697e-05
436000 0.00016390475 6.3872711e-06
436200 0.00014781718 2.8389005e-05
436400 0.00011870388 2.7494632e-05
436600 0.00014426179 9.1934748e-06
436800 0.00012118834 3.7521627e-05
437000 0.00012020752 2.4434344e-05
437200 0.00012624932 6.898999e-05
437400 9.9387833e-05 3.8473607e-05
437600 8.3954141e-05 1.3663017e-05
437800 0.00015140866 4.6411486e-05
438000 0.00011036349 5.4194333e-05
438200 0.00012833341 5.5195309e-05
438400 0.00014235455 5.6825817e-05
438600 0.00013066296 1.2093652e-05
438800 9.315973e-05 2.9638582e-05
439000 0.00012442531 6.0995854e-05
439200 0.00010636943 4.5644647e-05
439400 0.00012495509 2.6727885e-05
439600 0.00013087774 5.605186e-05
439800 0.00013733445 3.9390856e-05
440000 0.00011529878 2.532431e-05
440200 0.00011977356 1.7538527e-05
440400 0.00011658006 3.2397254e-05
440600 0.00014143918 1.8031679e-05
440800 0.00013106008 4.8415547e-05
441000 0.00012741552 6.3236606e-05
441200 0.00014635767 3.491296e-05
441400 0.0001400667 1.9392118e-05
441600 0.00013838305 1.4790945e-05
441800 0.00011231091 1.4530877e-05
442000 0.00012613679 2.218965e-05
442200 0.00014352401 3.0093108e-05
442400 0.00010966347 5.0460935e-05
442600 0.00012391856 2.9967054e-05
442800 0.00012271134 2.4066839e-05
443000 0.00015541123 5.4158095e-06
443200 0.00016293816 7.301611e-06
443400 0.0001673437 1.9034145e-05
443600 0.00018036891 4.9500054e-05
443800 0.00015506265 3.9122587e-05
444000 0.00014613644 4.0300899e-05
444200 0.00012127159 6.6225296e-05
444400 0.00014386033 4.9720963e-05
444600 6.0700502e-05 2.3008426e-05
444800 0.00011610196 2.7015592e-05
445000 0.00011915343 2.3101824e-05
445200 0.00015083688 1.2765324e-05
445400 0.00010627635 2.1655069e-05
445600 0.00012673469 2.8501779e-05
445800 0.00014109078 2.1094124e-05
446000 0.0001294084 3.2448325e-06
446200 0.00016068057 2.6292349e-05
446400 0.00015724915 7.913885e-06
446600 0.00015974775 3.1541518e-05
446800 0.00017901436 3.7863504e-05
447000 0.00020124633 7.0339972e-05
447200 0.00015755049 6.1007121e-05
447400 0.00013014186 6.879718e-05
447600 0.00014808946 5.5812255e-05
447800 0.00015252985 4.0381975e-05
448000 0.00013730355 3.2208099e-05
448200 0.00014416822 4.3236799e-05
448400 0.00011405026 5.1506133e-05
448600 0.00012916108 1.8383906e-05
448800 0.00013570241 4.7877541e-05
449000 0.00012220705 2.332854e-05
449200 0.00014554085 1.4038279e-05
449400 0.00017703021 7.0048372e-06
449600 0.00016415959 4.1525261e-05
449800 0.00014688352 2.6294565e-05
450000 0.00016010331 3.2342941e-05
450200 0.00011815818 3.316223e-05
450400 0.00014855521 9.8903196e-06
450600 0.00013944638 3.3093127e-05
450800 0.00015194365 5.3308271e-05
451000 0.00012586606 2.4496368e-05
451200 0.00011791958 8.8968445e-06
451400 0.00014696662 3.4112766e-05
451600 0.00016113652 1.4296338e-05
451800 0.00010162386 1.9590559e-05
452000 0.00011753529 3.221655e-05
452200 0.00013663099 5.9263241e-05
452400 0.00015111569 6.2998871e-05
452600 0.00018315027 3.3351232e-05
452800 0.00014057501 2.2739522e-05
453000 0.00015707499 2.0447772e-05
453200 0.00018398512 3.3131998e-05
453400 0.00015817565 1.3447238e-05
453600 0.00016031516 1.664305e-05
453800 0.00015960387 2.1657801e-05
454000 0.00016329232 1.9936705e-05
454200 0.00013783983 6.0199015e-05
454400 0.0001283216 3.4096401e-05
454600 0.00013536272 1.6469958e-05
454800 9.9743775e-05 3.4853475e-05
455000 0.00013734167 3.7371344e-05
455200 0.00014414349 4.2162077e-05
455400 0.00013017307 2.9420528e-05
455600 0.00010301629 2.5259861e-05
455800 0.0001490462 3.564789e-05
456000 0.00014214714 3.0184752e-05
456200 0.00012967894 1.9948166e-05
456400 0.00011951687 3.3292896e-06
456600 9.691695e-05 2.5508381e-05
456800 0.00013613878 3.7465954e-05
457000 0.00010715497 4.2001922e-05
457200 8.7621584e-05 1.1300394e-05
457400 0.00015379776 2.2422369e-05
457600 0.00016170882 3.8189179e-05
457800 0.00014184309 2.7597798e-05
458000 0.00013200267 1.9387393e-05
458200 0.0001292189 1.2656939e-05
458400 0.00013437625 9.2333813e-06
458600 0.00016166883 8.2031805e-06
458800 0.00014419791 8.0082644e-06
459000 0.00012604897 1.5060834e-05
459200 0.00016227501 1.9391502e-05
459400 0.00016550445 4.2862547e-05
459600 0.00016905353 2.0983425e-05
459800 0.00014148478 4.7583236e-06
460000 0.00016698752 2.4138261e-05
460200 0.00014862978 1.9001979e-05
460400 0.00013089971 8.8716565e-06
460600 0.00013051467 2.9334579e-05
460800 0.00015347951 3.9644648e-05
461000 0.00015377385 4.7352603e-05
461200 0.00013860595 3.6448492e-05
461400 0.00014445822 7.2044789e-06
461600 0.00013295619 2.6206915e-05
461800 0.00013620226 1.5892829e-05
462000 0.000166657 3.5842752e-05
462200 0.00015157392 1.3510833e-05
462400 0.00013098408 5.9457787e-06
462600 0.00014621365 1.5432763e-05
462800 0.00012318033 2.5011216e-05
463000 0.00011556343 2.6471141e-05
463200 0.00016148083 5.410357e-05
463400 0.00015777502 3.8500199e-05
463600 0.00015851365 1.6036839e-05
463800 0.0001727643 5.1928293e-05
464000 0.00016250749 2.6677422e-05
464200 0.00016435842 1.6144361e-05
464400 0.00015397311 1.2990943e-05
464600 0.00017845946 4.4871579e-05
464800 0.00015192474 3.8289984e-05
465000 0.00015230696 8.8867906e-06
465200 0.00015412362 9.9566206e-06
465400 0.00014467178 1.930336e-05
465600 0.00016579132 1.7324281e-05
465800 0.00018046407 2.9598443e-05
466000 0.0001317866 3.9566761e-05
466200 0.00014491168 2.9590038e-05
466400 0.00014476684 3.9016734e-05
466600 0.0001398587 8.5756301e-06
466800 0.00016831527 1.5730744e-05
467000 0.00015547811 3.9131642e-05
467200 0.00014341958 6.0441013e-06
467400 0.00013265239 8.4639675e-06
467600 0.00016143352 2.8758366e-05
467800 0.00013203202 3.1197346e-05
468000 0.00018328733 2.1030639e-05
468200 0.00015775745 1.3524815e-05
468400 0.00013010927 1.4199377e-05
468600 0.00017277233 2.2396191e-05
468800 0.00018335256 1.6703919e-05
469000 0.0001432277 2.3470949e-05
469200 0.00012543011 1.1166485e-05
469400 0.00014683458 2.694405e-05
469600 0.00014627819 3.5703923e-05
469800 0.00014280809 2.5784957e-05
470000 0.00013822064 4.1875647e-05
470200 0.00015954036 3.4384113e-05
470400 0.00014380226 3.9767073e-05
470600 0.0001256554 2.1447483e-05
470800 0.00018560801 5.1266925e-06
471000 9.3038415e-05 1.4632416e-05
471200 0.00014228265 3.5100395e-05
471400 0.00016174161 2.3240703e-05
471600 0.00015597356 2.8081504e-05
471800 0.00016130566 2.149167e-05
472000 0.00017145301 2.140489e-05
472200 0.00017093588 5.6964801e-05
472400 0.00014842275 5.049416e-05
472600 0.00014977976 5.4952375e-05
472800 0.00017817212 1.2863385e-05
473000 0.00015566392 2.144411e-05
473200 0.00014027846 3.7736106e-05
473400 0.00016507524 2.1955009e-05
473600 0.00013595966 1.7782986e-05
473800 0.00016738377 2.6970599e-05
474000 0.00012097941 3.3087976e-05
474200 0.00014005576 4.2318177e-05
474400 0.00012900269 3.1481365e-05
474600 0.00015893125 2.8340388e-05
474800 0.00018128529 3.7761797e-05
475000 0.0001808939 2.6444897e-05
475200 0.0001735737 4.5852605e-05
475400 0.0001712759 1.2131197e-05
475600 0.0001273204 1.9411e-05
475800 0.00011110236 4.2780758e-05
476000 0.0001137374 3.5255311e-05
476200 0.0001580086 5.0798756e-05
476400 0.00014533728 2.2482514e-05
476600 0.00017346624 3.7397189e-05
476800 0.00015812493 1.7963942e-05
477000 0.00013863075 2.0720595e-05
477200 0.00017107735 2.2237631e-05
477400 0.00012928996 2.6334358e-05
477600 0.00013278977 4.0291168e-05
477800 0.00014796813 2.1479152e-05
478000 0.00017598938 2.4968117e-05
478200 0.00016027645 3.7554632e-05
478400 0.00010188004 2.3499422e-05
478600 0.00013237401 1.7481764e-05
478800 0.00012395739 3.7809541e-07
479000 0.00010722652 3.3438268e-05
479200 0.00016117313 1.5071303e-05
479400 0.00015726162 2.3034424e-05
479600 0.00013801323 3.4774884e-05
479800 0.00016016348 2.3439238e-05
480000 0.00016225083 1.2524864e-05
480200 0.00018194324 4.1218495e-05
480400 0.00013371472 4.0670619e-05
480600 0.0001434129 2.6608107e-05
480800 0.00012634328 2.7668628e-05
481000 0.00012835307 4.5691238e-05
481200 0.00012654708 5.5524222e-06
481400 0.00013610667 9.7096631e-06
481600 0.00014722991 3.2525269e-05
481800 0.00015723717 2.2750064e-05
482000 0.00015170222 1.5829405e-05
482200 0.00015701319 2.6135077e-05
482400 0.00015402687 2.0777909e-05
482600 0.00016557756 1.0737138e-05
482800 0.00015088411 1.1789956e-05
483000 0.00013770465 2.7929813e-05
483200 0.00014024575 8.8840089e-06
483400 0.00014511898 2.8341379e-05
483600 0.00016252621 3.0423142e-05
483800 0.00015697725 6.6852996e-05
484000 0.00013862518 2.1258844e-05
484200 0.00015945806 1.6711147e-05
484400 0.00015747029 1.390569e-05
484600 0.00015724176 2.9101784e-05
484800 0.00015062374 2.0725977e-05
485000 0.00015394132 2.7224297e-05
485200 0.00010720916 6.0637352e-05
485400 0.00013585454 2.1774035e-05
485600 0.00014431083 1.5680185e-05
485800 0.00012297413 2.6774325e-05
486000 0.00011824681 1.5717501e-05
486200 0.00013650136 2.5581414e-05
486400 0.0001317875 1.9202161e-05
486600 0.00014822871 4.2247487e-05
486800 0.00018790275 2.7505811e-05
487000 0.00017883353 2.5844883e-05
487200 0.00014717129 2.6642973e-05
487400 0.00012796391 1.8778512e-05
487600 0.0001213192 2.3518967e-05
487800 0.00013259468 1.6233063e-05
488000 0.00011793848 3.1735928e-05
488200 0.00013300038 1.920725e-05
488400 0.00015746624 5.5613122e-05
488600 0.00016550769 5.128273e-05
488800 0.00016552074 3.2404816e-05
489000 0.00017962458 3.9004623e-05
489200 0.00015307112 2.2172554e-05
489400 0.00016430226 5.2589081e-05
489600 0.00014568595 4.0302133e-05
489800 0.00014310705 2.9930642e-05
490000 0.00013427628 3.2162942e-05
490200 0.00010477777 7.4201893e-06
490400 0.00014920631 5.7065267e-06
490600 0.00015320953 3.9974105e-06
490800 0.00012697647 4.0701877e-05
491000 0.00013476962 2.2388719e-05
491200 0.00013078802 1.8039249e-05
491400 0.00010663227 4.6816748e-05
491600 0.00011608998 3.5975995e-05
491800 0.00010090116 3.4384578e-05
492000 0.00011366864 2.974567e-05
492200 0.00011194091 2.6518696e-05
492400 0.00013111684 4.4412057e-05
492600 0.0001388409 3.9389704e-05
492800 0.00010026881 5.0715098e-05
493000 0.00011301122 2.7474115e-05
493200 0.0001187843 1.7097918e-05
493400 0.00012193127 1.9651071e-05
493600 0.0001433102 2.0141613e-05
493800 0.00013686288 1.2975525e-05
494000 0.00013105783 4.8337067e-05
494200 0.00013541317 4.8309072e-05
494400 0.00016101431 2.5197709e-05
494600 0.00017494375 2.8407804e-05
494800 0.00014194797 1.8005428e-05
495000 0.00013047086 2.0426226e-05
495200 0.00010390132 1.8554437e-05
495400 0.00010856278 3.9643702e-05
495600 0.00012547153 4.2176498e-05
495800 0.00010891257 1.5228309e-05
496000 0.00010651392 2.8532749e-05
496200 0.00014569499 3.4569273e-05
496400 0.00013892772 2.9909335e-05
496600 0.00013742314 2.2094182e-05
496800 0.00010772949 3.2067451e-05
497000 0.00014278404 1.1123426e-05
497200 0.00013011834 1.8281548e-05
497400 0.0001301869 2.0698225e-05
497600 0.00017199875 1.5096075e-05
497800 0.00012939203 1.5388011e-05
498000 0.0001364548 3.946306e-05
498200 0.00016758267 1.6619478e-05
498400 0.00015362435 4.7128347e-06
498600 0.00015724544 1.6993017e-05
498800 0.00013645006 2.8974638e-05
499000 0.00012140848 2.0386065e-05
499200 0.00012599865 1.7888974e-05
499400 0.00013828315 2.7681619e-05
499600 0.00013285476 2.0667653e-05
499800 0.00012252219 3.398411e-05
500000 0.00011269933 3.0186887e-05
500200 0.00012444689 1.8596544e-05
500400 0.00013868774 2.1766236e-05
500600 0.00014881812 1.5603216e-05
500800 0.00015230272 1.7679132e-05
501000 0.00014198909 2.7421754e-05
501200 0.00014036995 2.5400278e-05
501400 0.00015026081 4.1474734e-05
501600 0.00015212281 4.2910473e-05
501800 0.00016439533 2.7825601e-05
502000 0.00015285465 2.2498986e-05
502200 0.00010659883 2.8869324e-05
502400 0.00013740249 1.2847177e-05
502600 0.00015396668 2.0770187e-05
502800 0.0001374563 3.8569944e-05
503000 0.00016839826 2.8428833e-05
503200 0.00011947338 1.1639589e-05
503400 0.00013978452 1.223265e-05
503600 0.00011653228 2.3861545e-05
503800 0.00016867358 1.0206051e-05
504000 0.00013671977 1.5926919e-05
504200 0.00015572759 5.0905803e-05
504400 0.0001456484 3.7975998e-05
504600 0.00014832509 3.285173e-05
504800 0.00014774618 2.7123545e-05
505000 0.00017540706 1.3460006e-05
505200 0.00012437267 1.73539e-05
505400 0.00014465034 2.2934841e-05
505600 0.00013215189 4.5888015e-06
505800 0.00013092469 3.6540109e-05
506000 0.00015045094 1.4418545e-05
506200 0.00017061239 2.654773e-05
506400 0.00012731039 1.7478586e-05
506600 0.00010985341 6.7862749e-05
506800 0.00013533894 7.6254219e-06
507000 0.00013798712 1.0632643e-05
507200 0.00015447241 9.7140711e-06
507400 0.00013792782 1.3693314e-05
507600 0.00014588136 4.139969e-05
507800 0.00015883227 5.0348258e-05
508000 0.00018305224 3.7224582e-05
508200 0.00017910742 2.1630094e-05
508400 0.00018364845 3.5703051e-05
508600 0.00017791066 3.4674008e-05
508800 0.00019162191 4.7004863e-06
509000 0.00016852747 3.2583936e-05
509200 0.00019800919 8.6493531e-06
509400 0.00014552123 1.2861272e-05
509600 0.00014258747 2.7540666e-05
509800 0.00014262852 7.8362031e-06
510000 0.00014183161 1.2769559e-05
510200 0.00012548946 1.4992016e-05
510400 0.00010685407 2.7022342e-05
510600 0.00013875415 3.0941849e-05
510800 0.00012610972 1.7845229e-05
511000 0.00011553502 2.1359187e-05
511200 0.00015602608 3.163466e-05
511400 0.0001290193 9.4397674e-06
511600 0.0001130143 2.509513e-05
511800 0.0001426824 2.9207459e-05
512000 0.0001736878 1.6233654e-05
512200 0.00013361797 1.9893901e-05
512400 0.00012182755 1.3218083e-05
512600 0.00015280305 3.0937663e-05
512800 0.00015994596 2.2114047e-05
513000 0.00015097982 2.6456403e-05
513200 0.00014683036 5.1368084e-05
513400 0.00013796895 5.7408829e-05
513600 0.00013203785 2.0772479e-05
513800 0.00012046688 3.4934078e-05
514000 0.00013733294 1.8565203e-05
514200 0.00011252538 3.1567319e-05
514400 0.00011123245 4.9136007e-06
514600 0.0001400501 1.025236e-05
514800 0.00016162023 4.3322863e-05
515000 0.0001290161 5.0320024e-05
515200 0.00017797635 1.9864611e-05
515400 0.00013404922 1.077381e-05
515600 0.0001457803 5.0233355e-05
515800 0.00011615681 3.297467e-05
516000 0.00013872786 1.329226e-05
516200 0.0001234007 4.0156298e-05
516400 0.00010319179 2.156286e-05
516600 0.00013321019 9.3682835e-06
516800 0.00016332752 3.8453822e-05
517000 0.00017543644 3.3846855e-05
517200 0.00017163798 2.7576308e-05
517400 0.00015663775 1.7149185e-05
517600 0.00016719689 3.6858881e-05
517800 0.00013086711 2.3369339e-05
518000 0.00014035963 1.4885303e-05
518200 0.00011764518 2.4952804e-05
518400 0.00014277148 2.3240167e-05
518600 0.00016649777 2.1176728e-05
518800 0.00012680937 3.0421891e-05
519000 0.00014303709 5.960131e-06
519200 0.00014977536 3.292706e-05
519400 0.00017396873 3.9161826e-05
519600 0.00015330241 2.4487609e-05
519800 0.00013448043 2.4435712e-05
520000 0.00015682659 3.7660534e-05
520200 0.00016230183 1.0334532e-05
520400 0.00013402461 1.6425264e-05
520600 0.00013919802 2.2968358e-05
520800 0.00014163841 4.487911e-05
521000 0.00018443739 8.4813633e-06
521200 0.00013278014 3.4455618e-05
521400 0.00013637901 3.5268675e-05
521600 0.00014702114 5.4396295e-05
521800 0.00012909717 3.3041719e-05
522000 0.00014174992 1.0282511e-05
522200 0.00014282303 3.672896e-05
522400 0.00016067083 4.8886239e-05
522600 0.00013821843 2.5669688e-05
522800 0.00015568733 2.0605324e-05
523000 0.00011883744 2.0401325e-05
523200 0.00010841723 1.9833779e-05
523400 9.4732072e-05 1.9472679e-05
523600 0.00013787642 2.7030668e-05
523800 0.00010517094 1.5097842e-05
524000 0.00012762561 1.5541253e-05
524200 0.00014449453 1.2022856e-05
524400 0.00015148439 2.2520678e-05
524600 0.00012278929 6.4683823e-06
524800 9.0240232e-05 2.8942053e-05
525000 8.7224462e-05 1.4192485e-05
525200 9.8011125e-05 1.9938661e-05
525400 9.3568178e-05 4.9283049e-05
525600 0.00010960911 7.9686254e-05
525800 0.00012822056 5.6629334e-05
526000 0.00013488819 6.4137982e-05
526200 0.00014723391 3.2102041e-05
526400 9.4651704e-05 2.2043831e-05
526600 0.00011116984 1.8667122e-05
526800 0.00015542506 1.356603e-05
527000 0.00011406802 2.4672173e-05
527200 0.00011944098 4.0288752e-05
527400 0.00010308524 3.8473514e-05
527600 0.00011284878 1.0267298e-05
527800 0.00011648531 7.6738651e-06
528000 0.00011423488 4.446458e-05
528200 0.00012186779 8.7305342e-06
528400 0.00014955877 1.0207883e-05
528600 0.0001358705 2.9173548e-05
528800 0.00015311683 3.6482311e-05
529000 0.00012783142 2.5771295e-05
529200 9.962248e-05 2.8641865e-05
529400 0.00013051815 2.2620607e-05
529600 0.00012943925 2.4048835e-05
529800 0.00013462925 3.8180634e-05
530000 0.00012160428 2.4434375e-05
530200 0.00010665964 7.9723295e-06
530400 0.00010458785 3.055502e-05
530600 0.00012621028 3.649253e-05
530800 0.00013850794 5.5203129e-05
531000 0.00015505968 4.4216378e-06
531200 0.0001356829 2.7572904e-05
531400 0.00013382238 1.640402e-05
531600 0.00015336745 1.9511646e-05
531800 0.00015102094 1.8845201e-05
532000 0.00015932206 2.3444877e-05
532200 0.00016205124 6.5608041e-06
532400 0.00015513215 2.796939e-05
532600 0.00013787981 3.5660074e-05
532800 0.0001535152 5.2814279e-05
533000 0.00014633823 4.7452789e-05
533200 0.0001659747 1.767494e-05
533400 0.00017088875 2.3629634e-05
533600 0.00018234666 8.9733001e-06
533800 0.00015378714 3.2116791e-05
534000 0.00012048554 2.9764103e-05
534200 0.00012822241 6.8589845e-06
534400 0.00012460816 3.0634482e-05
534600 0.0001265741 2.3249968e-05
534800 0.00012932274 3.2890922e-05
535000 0.00013876748 1.7896272e-05
535200 0.00013957507 1.0750805e-05
535400 0.00014152988 3.0978171e-05
535600 0.00011320299 2.8540293e-05
535800 0.00015532638 4.4868488e-05
536000 0.00014233028 5.1601237e-06
536200 0.00013181017 3.6978517e-05
536400 0.00013335958 3.7938509e-05
536600 0.00013140134 1.2231528e-05
536800 0.00013557561 1.7308296e-05
537000 0.00013031576 2.8264411e-05
537200 0.00013183877 1.1637644e-05
537400 0.0001489547 7.6758023e-06
537600 0.00011592941 2.5836425e-05
537800 0.0001215566 1.1734324e-05
538000 0.00011931982 3.6135966e-05
538200 0.00013105514 2.021604e-05
538400 0.00013497521 8.648909e-06
538600 0.00014146621 8.3740934e-06
538800 0.0001339661 1.5445771e-05
539000 0.00012903042 8.1597073e-06
539200 0.00014837894 1.858371e-05
539400 0.00013073262 3.1319006e-05
539600 0.00014883821 3.4280331e-05
539800 0.00012947293 4.759936e-05
540000 0.00014385746 2.1797641e-05
540200 0.00015588077 4.184975e-05
540400 0.00013532657 3.6261242e-05
540600 0.00011387492 1.316275e-05
540800 0.00012440329 3.4546645e-05
541000 0.00012229206 3.2100937e-06
541200 0.0001629829 1.4240322e-05
541400 0.00015418308 3.9966581e-05
541600 0.00013156594 3.4333882e-05
541800 0.00011605324 2.1587269e-05
542000 0.00013266713 1.4644484e-05
542200 0.00015104956 1.4168904e-05
542400 0.00014404921 4.3997292e-05
542600 0.0001331612 2.1660264e-05
542800 0.00012198498 6.0574992e-05
543000 0.00010996735 4.5939136e-05
543200 0.00011093086 2.3908239e-05
543400 0.00012574043 8.8505793e-06
543600 0.00010835923 9.3503737e-06
543800 8.841936e-05 2.7407565e-05
544000 0.00011217231 3.0849473e-05
544200 0.00011101364 3.4223256e-05
544400 0.00014196039 1.5782172e-05
544600 0.00014825132 2.8425217e-05
544800 0.00015249414 1.3786372e-05
545000 0.00015472509 1.6892777e-05
545200 0.00018320133 3.7586906e-05
545400 0.00018367609 2.6208098e-06
545600 0.00016279838 3.3924175e-05
545800 0.0001915454 2.2995672e-05
546000 0.00016246627 2.4740376e-05
546200 0.00015181477 3.9501613e-05
546400 0.00015183857 3.58174e-05
546600 0.00018340869 1.7501093e-05
546800 0.00015151383 1.7241349e-05
547000 0.00012508972 1.5354614e-05
547200 0.00014055658 5.5357777e-05
547400 0.00012760743 3.2201309e-05
547600 0.00014197738 1.5243711e-05
547800 0.00014427194 2.5414283e-05
548000 0.00014345568 2.5993939e-05
548200 0.00012348741 2.1052455e-05
548400 0.00011838525 6.4547789e-06
548600 0.00014678659 9.0637428e-06
548800 0.00017222019 2.7458024e-05
549000 0.00018187659 1.2049667e-05
549200 0.00015437813 2.1554797e-05
549400 0.00014303585 2.650391e-05
549600 0.00014129572 2.5695404e-05
549800 0.00015598361 1.5376163e-05
550000 0.00016839965 7.1432059e-06
550200 0.00016682968 1.2979807e-05
550400 0.00012815089 2.7259989e-05
550600 0.00013194634 2.2424245e-05
550800 0.00013390059 1.1565474e-05
551000 0.00011374789 3.9003409e-05
551200 0.00014477534 3.1319544e-05
551400 0.0001342252 3.4004974e-05
551600 0.00012833403 4.0309732e-06
551800 0.00015382166 4.6202073e-06
552000 0.00012023483 9.6953965e-06
552200 0.000107144 1.4725639e-05
552400 9.7537484e-05 3.9417121e-05
552600 0.00011326103 3.9635503e-05
552800 0.0001284656 4.7048638e-05
553000 0.0001491054 1.86683e-05
553200 0.00014210157 2.563608e-05
553400 0.00013211927 1.7299675e-05
553600 0.00011099549 3.8404696e-05
553800 0.00012356769 3.0316571e-05
554000 0.00013598242 3.3935979e-05
554200 0.00014096016 2.0447358e-05
554400 0.00012788184 2.1166665e-05
554600 0.00016191687 1.0294217e-05
554800 0.00011802069 1.6150989e-05
555000 0.0001326015 3.4139075e-05
555200 0.00011755416 2.9635349e-05
555400 0.0001283627 2.1085617e-05
555600 0.00011703488 1.2532237e-05
555800 0.00013158771 4.9311826e-05
556000 9.906008e-05 1.9428151e-05
556200 0.00013524879 4.7772363e-05
556400 0.00013186123 4.1885888e-05
556600 0.00015747438 4.5699903e-05
556800 0.00014626514 7.3064906e-05
557000 0.00015442874 4.6334721e-05
557200 0.0001321281 4.045162e-05
557400 0.00013749611 1.3778296e-05
557600 0.00013770577 1.4944657e-05
557800 0.00017302309 2.9591852e-05
558000 0.00015903968 2.9927172e-05
558200 0.00011752572 9.9408628e-06
558400 0.00013217811 3.4250929e-05
558600 0.00012329803 1.3652738e-05
558800 0.00020128616 2.9855198e-06
559000 0.00015243815 4.0739573e-05
559200 0.00012982468 1.1884368e-05
559400 0.00014127185 3.1642317e-05
559600 0.0001446589 2.7869466e-05
559800 0.00016895266 4.898081e-05
560000 0.00013324293 2.7884518e-05
560200 0.00012921719 3.0424136e-05
560400 0.00012483496 1.9979016e-05
560600 0.00013116271 6.5430881e-06
560800 0.00013819648 1.2873091e-05
561000 0.0001455581 1.9819341e-05
561200 0.00012917604 2.5643497e-05
561400 0.0001514648 1.9357387e-05
561600 0.00015581211 2.5952176e-05
561800 0.0001169581 4.050823e-05
562000 0.00015622564 2.1812147e-05
562200 0.00015354329 3.0031513e-05
562400 0.00015609639 3.7788864e-05
562600 0.00013052317 1.9284123e-05
562800 0.00014998005 2.1845537e-05
563000 0.00014251989 6.9103e-06
563200 0.00016785646 6.8379841e-06
563400 0.00015414418 1.4397913e-05
563600 0.00016360409 3.2856097e-05
563800 0.00014036754 2.3231868e-05
564000 0.00016873721 1.3354279e-05
564200 0.00017680743 7.2976181e-06
564400 0.0001612245 4.9058277e-06
564600 0.00013029035 1.4798304e-05
564800 0.00014591599 3.3455614e-05
565000 0.00012525619 3.1827644e-05
565200 0.00016876551 1.8513674e-05
565400 0.00014598918 4.5880884e-06
565600 0.00015380689 1.6609224e-05
565800 0.00015858392 1.5084222e-05
566000 0.00017855884 1.3729173e-05
566200 0.00015792205 3.1517033e-05
566400 0.00016355202 1.5313741e-05
566600 0.00015428876 4.0320097e-05
566800 0.00016602419 1.7062688e-05
567000 0.00019354705 3.9751014e-05
567200 0.00014041084 1.4959576e-05
567400 0.00014005563 3.2358331e-05
567600 0.00016000249 3.8889905e-05
567800 0.00015898138 2.555325e-05
568000 0.00015413529 1.4742437e-05
568200 0.00016112953 1.0097537e-05
568400 0.000153392 5.9905929e-06
568600 0.00014702859 2.8022108e-06
568800 0.00016066741 3.7772911e-05
569000 0.00014358921 4.7666634e-06
569200 0.00016093516 3.60296e-05
569400 0.00015132838 1.662738e-05
569600 0.00014763657 2.5761153e-05
569800 0.00018115584 2.9578293e-05
570000 0.00014626827 6.6541934e-06
570200 0.00017028881 4.4898736e-05
570400 0.00016235697 1.3365728e-05
570600 0.00015256018 5.3966802e-06
570800 0.0001554393 1.646614e-05
571000 0.00011756002 1.3216531e-05
571200 0.00014678633 3.2041848e-05
571400 0.00010985581 4.5915816e-06
571600 0.00013965894 2.4883072e-05
571800 0.00014545912 2.5735938e-05
572000 0.00015440927 4.4015233e-05
572200 0.00014204128 7.7744921e-06
572400 0.00017371753 2.9197267e-05
572600 0.0001548572 7.1075569e-06
572800 0.0001289248 7.8367164e-06
573000 0.00013317126 2.4424495e-05
573200 0.00011294063 3.3645222e-05
573400 0.00010820287 7.0227846e-06
573600 0.00012379503 1.070921e-05
573800 0.00012535683 2.0822341e-05
574000 0.00013111694 2.7695493e-05
574200 0.00013512834 1.7128983e-05
574400 0.00011986217 2.4814537e-05
574600 0.00014171783 3.0135365e-05
574800 0.00013986792 2.9233443e-05
575000 0.00015821694 9.7249375e-06
575200 0.00013982459 3.8512338e-05
575400 0.00014444629 1.8740045e-06
575600 0.0001475937 2.8604621e-05
575800 0.00011838576 4.4052245e-05
576000 9.0397318e-05 1.3255176e-05
576200 0.0001051188 1.5663497e-05
576400 0.00012252677 3.4986763e-05
576600 0.00010436104 1.3351321e-05
576800 0.00013129798 8.1233978e-06
577000 0.000116594 2.9263042e-05
577200 0.00012232411 2.6202503e-05
577400 0.00012844781 4.4678081e-05
577600 0.00013277144 1.0005244e-05
577800 0.00014608819 1.0774934e-05
578000 0.00016107486 9.4933947e-06
578200 0.00010754803 1.9379176e-05
578400 0.00011909926 4.1786931e-05
578600 0.00015219121 1.5838434e-05
578800 0.00014887483 3.19321e-05
579000 0.00014069545 2.5557674e-05
579200 0.00014145747 3.8491288e-05
579400 0.00015253685 5.8384962e-05
579600 0.00014571218 2.4065012e-05
579800 0.00015181841 7.6069908e-05
580000 0.00016323519 3.7860304e-05
580200 0.00015071288 4.8185821e-05
580400 0.00016015661 4.4479017e-05
580600 0.00015375068 3.5628771e-05
580800 0.00013786498 2.8275878e-05
581000 0.00016674656 1.737736e-05
581200 0.00015491423 8.9291638e-06
581400 0.00015275549 4.346231e-05
581600 0.00014719073 4.6538717e-06
581800 0.00016128031 1.7420998e-05
582000 0.00016967867 2.1975236e-05
582200 0.00015618491 1.9265853e-05
582400 0.00016271469 2.5384104e-05
582600 0.00014725882 1.260384e-05
582800 0.00013697296 3.8780012e-05
583000 0.00014633261 4.3515111e-05
583200 0.00014888791 2.026682e-05
583400 0.00015215308 1.9000209e-05
583600 0.00012068091 1.4900882e-05
583800 0.00014425618 3.8533712e-05
584000 0.00013564593 1.5479739e-05
584200 0.00014189789 2.0688871e-05
584400 0.00015162319 2.2270478e-05
584600 0.00013595949 2.2370417e-05
584800 0.00015964737 1.0580701e-05
585000 0.00012444597 6.665594e-06
585200 0.0001142462 1.4931328e-05
585400 9.1634809e-05 4.4644727e-06
585600 0.00011657794 1.8888794e-05
585800 0.00010063162 4.3598951e-06
586000 0.00010982421 8.9813495e-06
586200 0.00012252153 5.8645273e-06
586400 0.00010521435 5.3739845e-05
586600 0.00014331767 2.1744996e-05
586800 0.00013826104 1.9443743e-05
587000 0.00015167997 4.42392e-05
587200 0.00013501207 3.6949771e-05
587400 0.00011846652 4.3072537e-05
587600 0.00012723574 3.2354025e-05
587800 7.5543765e-05 2.1366518e-05
588000 8.4410152e-05 3.7376579e-05
588200 7.8679935e-05 2.0325158e-05
588400 0.00012562308 3.9105157e-05
588600 0.00011345386 2.5894228e-05
588800 0.0001498717 2.4227453e-05
589000 0.00012457437 3.115716e-05
589200 0.00011852324 1.2168224e-05
589400 0.00013833026 2.7705014e-05
589600 0.00016362486 3.0229068e-05
589800 0.0001378909 2.9399539e-05
590000 0.00012704788 2.6040863e-05
590200 0.00014864794 1.855269e-05
590400 0.0001528733 1.972001e-05
590600 0.00017051942 3.1713993e-05
590800 0.00015312206 2.4524601e-05
591000 0.00015130175 2.9536752e-05
591200 0.00012775638 2.7865059e-06
591400 0.00013288772 2.6960271e-05
591600 0.00016459282 5.3918288e-05
591800 0.00013492182 9.3844833e-06
592000 0.00012573369 6.7065374e-05
592200 0.00012685852 3.7405374e-05
592400 0.00017474611 3.3508391e-05
592600 0.0001443071 3.9595153e-05
592800 0.00014863221 2.1000375e-05
593000 0.00013835868 2.0635568e-05
593200 0.00014286037 9.0949612e-06
593400 0.00013936307 3.3526731e-05
593600 0.00014598043 3.0013753e-05
593800 0.00014069455 1.7798192e-05
594000 0.00014794797 2.7941605e-05
594200 0.00013840132 8.6203074e-06
594400 0.00014417277 2.7543214e-05
594600 0.00015560619 2.8660137e-05
594800 0.0001645789 3.1581857e-05
595000 0.00012674855 4.315526e-06
595200 0.00015000647 2.0514826e-05
595400 9.4321955e-05 1.3437085e-05
595600 0.0001262289 4.5154683e-05
595800 0.0001624862 3.0409099e-05
596000 0.00014648653 4.2626166e-05
596200 0.00012279059 4.0400373e-05
596400 0.00017014552 2.0497371e-05
596600 0.00012073824 1.6558749e-05
596800 0.00012380863 3.0025654e-05
597000 0.00012693566 1.1591053e-05
597200 0.00016598953 2.0241795e-05
597400 0.00011909901 2.669977e-05
597600 0.0001433932 1.9074679e-05
597800 0.00014870787 2.8623039e-05
598000 0.00014510016 2.0352082e-05
598200 0.00014828686 2.8490271e-05
598400 0.0001438991 2.3156643e-05
598600 0.00014783328 1.8428493e-05
598800 0.00014316408 2.0888818e-05
599000 0.00015624608 2.7955612e-05
599200 8.8381076e-05 3.0786938e-05
599400 0.00014451594 2.7381025e-05
599600 0.00013978315 4.6671428e-05
599800 0.00016195116 3.0666676e-05
600000 0.00016170164 2.0920705e-05
600200 0.00015116372 2.0850447e-05
600400 0.00011995836 2.0728072e-05
600600 0.00017241346 1.946312e-05
600800 0.00016156394 6.8414887e-06
601000 0.00013767351 4.3106166e-05
601200 0.00010389885 1.5729884e-05
601400 0.00012527602 1.6527325e-05
601600 0.00012303892 1.7391498e-05
601800 0.0001042221 4.8949869e-05
602000 0.00012478254 4.3694376e-05
602200 0.00017037122 1.8708723e-05
602400 0.00013401588 3.5797276e-05
602600 0.00014693798 1.7677825e-05
602800 0.00012966606 1.9852429e-05
603000 0.00014748405 2.2634034e-05
603200 0.00014577684 2.4719907e-05
603400 0.00016516002 1.6857957e-05
603600 0.00014086331 1.185498e-05
603800 0.00014820093 3.1390343e-05
604000 0.0001159842 1.8156226e-05
604200 8.2883736e-05 2.9218356e-05
604400 9.7288267e-05 4.0249726e-05
604600 0.00013338572 1.5981434e-06
604800 0.00011061067 2.3356858e-05
605000 0.00013700942 4.6136202e-05
605200 0.0001339248 2.4398493e-05
605400 0.00011496766 3.5412286e-05
605600 0.00013677086 2.7141831e-05
605800 0.00017600395 2.9635437e-05
606000 0.0001376323 2.1219693e-05
606200 0.0001196839 1.4327761e-05
606400 0.00013848564 2.6643847e-05
606600 0.00010257431 4.6378981e-05
606800 0.00015309522 1.7250129e-05
607000 0.00014883929 1.6590704e-05
607200 0.00014562742 4.7758047e-05
607400 0.00013515233 5.0842677e-05
607600 0.0001382163 1.9888589e-05
607800 0.00012656127 4.935374e-05
608000 9.8691453e-05 6.2380448e-05
608200 0.00013415852 3.7771974e-05
608400 0.00010274179 2.8933555e-05
608600 0.00013450286 2.2152351e-05
608800 0.00015372047 1.8072305e-05
609000 0.00012902333 1.7292068e-05
609200 0.00011420651 3.0985989e-05
609400 0.00015444522 1.1831431e-05
609600 0.00014166472 3.7346357e-06
609800 0.00014429627 2.5825348e-05
610000 0.00014561919 4.2512605e-05
610200 0.00017056925 5.2708164e-05
610400 0.00012687884 3.5650316e-05
610600 0.00012367912 4.507351e-05
610800 0.00012872492 3.080646e-05
611000 0.00012241601 1.1280286e-05
611200 0.00014857281 1.1167406e-05
611400 0.00014397762 4.0758807e-05
611600 0.00015225344 3.731838e-05
611800 0.00016342699 1.020322e-05
612000 0.00014359712 5.8118283e-06
612200 0.00014507612 4.8976438e-05
612400 0.00014721853 2.9334949e-05
612600 0.00016933451 4.984337e-05
612800 0.00018145593 2.945296e-05
613000 0.00015147732 3.3030125e-05
613200 0.00015274951 3.9429398e-05
613400 0.00013312399 2.4243232e-05
613600 0.00014687611 4.6474243e-05
613800 0.00014355711 4.1350998e-06
614000 0.00012932762 2.1114662e-05
614200 0.00013242797 2.6770455e-05
614400 0.00014456819 1.386791e-05
614600 0.00015332586 2.1381744e-05
614800 0.00014187325 4.1322711e-05
615000 0.00011557614 1.6493114e-05
615200 0.00015379964 2.0923802e-05
615400 0.00010513725 3.0756634e-05
615600 0.00012965616 2.8006814e-05
615800 0.00011730324 3.6173776e-05
616000 0.00012702882 2.0256005e-05
616200 0.00014536567 2.4536137e-05
616400 0.00012859471 9.6507641e-06
616600 0.00010619407 1.0572621e-05
616800 9.4591571e-05 2.4987369e-05
617000 0.00012187486 4.6447243e-05
617200 0.00010645149 5.3120442e-05
617400 0.00014717627 8.550449e-05
617600 0.00014041103 3.6501983e-05
617800 0.00017167203 9.5093825e-06
618000 0.00013588355 7.0609219e-06
618200 0.00012971599 3.2545568e-05
618400 0.00013061011 1.7219838e-05
618600 0.00011541977 5.1851341e-05
618800 0.00012774064 2.3615453e-05
619000 0.00011486161 2.2951121e-05
619200 0.00010964401 2.4666026e-05
619400 0.00012629502 3.3615799e-05
619600 8.9008535e-05 5.2132227e-05
619800 0.0001197066 1.5091889e-05
620000 0.0001106848 3.1409296e-05
620200 0.00013825862 4.1346722e-05
620400 0.00013101413 4.5202972e-06
620600 9.6410089e-05 1.7448322e-05
620800 0.00010317927 1.0958356e-05
621000 0.00011192846 2.1358415e-05
621200 6.782671e-05 2.2032049e-05
621400 0.00011057648 2.4685784e-05
621600 0.00010482978 9.0551189e-06
621800 9.0770781e-05 5.1304545e-05
622000 0.00013376651 1.8664319e-05
622200 0.00011557986 3.2495646e-05
622400 0.00011829082 3.4902042e-05
622600 0.00012252829 2.0991498e-05
622800 0.000136078 2.5310389e-05
623000 0.00010784136 1.9201458e-05
623200 0.00010501418 3.774016e-06
623400 9.6717433e-05 1.3373035e-05
623600 0.00011021409 4.9274486e-05
623800 0.00010747421 1.1417456e-05
624000 0.00012489015 1.5213988e-05
624200 0.00011376281 3.8535346e-05
624400 9.3805519e-05 3.9581097e-05
624600 0.00014329949 2.2636644e-05
624800 0.00011384889 1.0396526e-05
625000 9.1526766e-05 3.0031965e-05
625200 0.00011049111 4.5159846e-05
625400 0.00010629593 1.7722165e-05
625600 0.00013295455 1.6120082e-05
625800 0.0001420154 3.1407956e-05
626000 0.0001203514 5.9157598e-06
626200 0.0001195739 2.1092738e-05
626400 0.00012449977 4.307066e-05
626600 0.00013232346 9.5332859e-06
626800 0.00013593318 2.353364e-05
627000 0.00014290626 3.8518545e-05
627200 0.00017335046 1.9598144e-05
627400 0.00014818234 1.2170314e-05
627600 0.00015205646 3.7512839e-05
627800 0.00011735962 3.3490765e-05
628000 0.00010058925 5.1736283e-05
628200 0.00015530504 4.3900387e-05
628400 0.00015150228 5.4760933e-05
628600 0.00012117931 4.7155592e-05
628800 0.00011987173 4.1043452e-05
629000 0.00015789491 5.0137516e-05
629200 0.0001301364 1.0553734e-05
629400 0.00015294898 2.7295348e-05
629600 0.00012788677 1.2661617e-05
629800 0.00011946513 3.1082078e-05
630000 0.00012189972 3.528076e-05
630200 0.00011360147 4.0527253e-05
630400 0.00015859801 3.8705531e-05
630600 0.00012806106 8.1649355e-06
630800 0.00014385443 2.680647e-05
631000 0.00013103956 2.389463e-05
631200 0.00014423948 3.960452e-05
631400 0.00015427143 3.2762185e-05
631600 0.00015688981 2.9131004e-05
631800 0.00014829363 1.3030063e-05
632000 0.00015184429 1.1291836e-05
632200 0.00015729271 3.592468e-05
632400 0.00017989023 1.64405e-05
632600 0.00014017696 2.2829059e-05
632800 0.00011483441 2.7323001e-05
633000 0.00016836323 1.5356542e-05
633200 0.00015661366 1.1431052e-05
633400 0.0001552135 1.6995222e-05
633600 0.00014052307 8.5799309e-06
633800 0.00016717028 3.208853e-05
634000 0.00014633172 1.5247452e-05
634200 0.0001680533 1.862638e-05
634400 0.00015849702 2.1824822e-05
634600 0.0001667657 3.0987874e-05
634800 0.00016955227 1.9732979e-05
635000 0.00017097222 1.566272e-05
635200 0.00015393357 1.2331461e-05
635400 0.00017083311 4.649652e-05
635600 0.00011421844 1.7555487e-05
635800 0.00011110911 3.845386e-05
636000 0.00013969166 3.9422272e-05
636200 0.00011868402 6.3152523e-06
636400 0.00017933436 9.9047684e-06
636600 0.00013772247 1.2162198e-05
636800 0.00017600524 4.0378265e-06
637000 0.00015171947 3.2080266e-05
637200 0.00014618725 1.2745801e-05
637400 0.00014472748 1.4814966e-05
637600 0.00014108275 2.0879603e-05
637800 0.00015094846 2.6783302e-05
638000 0.00016165181 1.0688944e-05
638200 0.00013924389 3.8883555e-05
638400 0.00010529924 4.0988069e-05
638600 0.00012729334 4.4869573e-05
638800 0.0001331703 3.3515702e-05
639000 0.0001339581 1.4457412e-05
639200 0.00017228399 2.348011e-05
639400 0.00018191505 2.1130705e-05
639600 0.00016862539 3.7901574e-05
639800 0.00017096468 3.3037193e-05
640000 0.00018089806 4.9921222e-05
640200 0.00011221446 2.4576267e-05
640400 0.00013180646 3.9103929e-05
640600 0.00015023532 6.1518368e-05
640800 0.00012207405 3.5690034e-05
641000 0.00012228868 5.3235461e-05
641200 0.00013665569 6.4799191e-05
641400 0.00014922057 3.506227e-05
641600 0.00016330646 2.017745e-05
641800 0.00014985869 3.7009393e-05
642000 0.00016361567 1.5814079e-05
642200 0.00014741689 3.1749184e-05
642400 0.00014280513 2.6134526e-05
642600 0.00010614812 2.0761025e-05
642800 0.00012971559 3.0874586e-05
643000 0.00014287396 4.4044525e-05
643200 0.00014593688 5.2465348e-05
643400 0.00015114977 6.7942158e-05
643600 0.00013234206 3.204673e-06
643800 0.00013714382 3.116505e-05
644000 0.00011003589 1.2055173e-05
644200 0.00012371868 2.5336993e-05
644400 0.00014617545 2.0418865e-05
644600 0.00014476855 4.483376e-06
644800 0.00014609777 4.9724484e-05
645000 0.00013685281 2.795471e-05
645200 0.00012875132 1.336965e-05
645400 0.00012450001 1.7687411e-05
645600 0.00012063022 2.5676492e-05
645800 0.00014643746 4.3210954e-05
646000 0.00013336781 1.2133589e-05
646200 0.00013973419 1.6800096e-05
646400 0.00015593846 4.2099615e-05
646600 0.00014423521 3.7836574e-05
646800 0.00013345845 5.2261198e-05
647000 0.0001319723 2.3996369e-05
647200 0.00016357293 3.5058222e-05
647400 0.00016952492 2.2920537e-05
647600 0.00015792152 1.8762596e-05
647800 0.00014364868 1.7402292e-05
648000 0.00013912085 1.3860133e-05
648200 0.00014495733 3.0077196e-05
648400 0.00018081026 1.2718559e-05
648600 0.00016605662 3.0815942e-05
648800 0.00014289256 1.0645522e-05
649000 0.00011755209 1.4836569e-05
649200 0.00012625747 2.5286223e-05
649400 0.00012100837 2.7960212e-05
649600 0.00013812041 3.6415473e-06
649800 0.00012974087 1.5809427e-05
650000 0.00014936694 2.6206993e-06
650200 0.00017242168 4.7003633e-05
650400 0.00017939494 4.6749283e-05
650600 0.00014140671 1.9226004e-05
650800 0.00013300797 2.6575384e-05
651000 0.00011790445 2.1952158e-05
651200 0.00015072854 3.2832529e-05
651400 0.00014659064 1.5897489e-05
651600 0.00013435687 1.9830823e-05
651800 0.00013014798 3.5842118e-05
652000 0.00012443953 2.6940113e-05
652200 0.00013300656 2.9789052e-05
652400 0.00011568718 2.2349827e-05
652600 0.00017002691 5.0137013e-05
652800 0.00014431781 2.5570692e-05
653000 0.00010865351 2.8468989e-05
653200 0.00014915256 5.0197118e-05
653400 0.00014343777 5.1960674e-05
653600 0.00015778048 2.441142e-05
653800 0.00015360968 2.3476939e-05
654000 0.00012095027 5.1346495e-05
654200 0.00014745499 2.8582978e-05
654400 0.00016087747 9.603698e-06
654600 0.00016687433 3.1953251e-05
654800 0.00013505167 5.684085e-05
655000 0.00013888706 2.2811336e-05
655200 0.00014305148 2.1854621e-06
655400 0.00016022764 3.7232264e-05
655600 0.0001743573 3.0252779e-05
655800 0.00011176245 3.1862816e-05
656000 0.00015942517 3.7087479e-05
656200 0.00016053829 2.7342806e-05
656400 0.00016978579 2.6413038e-05
656600 0.00017675269 2.3345589e-05
656800 0.00014743403 2.0107597e-05
657000 0.00013978948 2.1466624e-05
657200 0.0001285973 2.4636752e-05
657400 0.00016474621 3.9846548e-05
657600 0.00014291299 3.0854706e-05
657800 0.00014464483 9.7244207e-06
658000 0.00015352844 1.4477425e-05
658200 0.00013243599 3.6186901e-05
658400 0.00012930336 2.0730508e-05
658600 0.00014336296 2.6113419e-05
658800 0.000144017 1.5028067e-05
659000 0.00015168769 7.476932e-06
659200 0.00014511408 5.2220551e-06
659400 0.00013274651 2.5629667e-05
659600 0.00017036675 1.9535134e-05
659800 0.00014020977 2.1877364e-05
660000 0.00014829197 7.3137297e-06
660200 0.00015793592 1.6293409e-05
660400 0.0001501984 1.0544547e-05
660600 0.00011814032 4.5468632e-05
660800 0.00012267456 2.5664142e-05
661000 0.00012370567 3.0576142e-05
661200 0.00011626829 1.045479e-05
661400 0.0001416908 3.0236429e-05
661600 0.00014032339 1.0018004e-06
661800 0.00011077582 1.6645581e-05
662000 0.00013347163 1.2844009e-05
662200 0.00015157018 3.5004741e-05
662400 0.0001370714 4.4213631e-05
662600 0.00015506226 2.0210213e-05
662800 0.00013982779 1.3312495e-05
663000 0.00012740194 2.6949017e-05
663200 0.00011923981 4.4970995e-05
663400 9.7504929e-05 1.6040044e-05
663600 0.00011525434 1.9947149e-05
663800 0.00014405014 2.2346705e-05
664000 0.00012056516 3.6209842e-05
664200 9.4254592e-05 4.6384421e-05
664400 0.00012303409 2.9240523e-05
664600 9.8204124e-05 4.0088525e-05
664800 0.00013561608 2.9256306e-05
665000 0.00014179102 2.7967708e-05
665200 0.00014437248 9.2286415e-06
665400 0.00010338608 3.6898176e-05
665600 0.0001163421 3.2213924e-05
665800 0.00016606525 2.8724436e-06
666000 0.00015975645 3.4131707e-05
666200 0.00010859432 8.7766346e-06
666400 0.00010505055 3.0060252e-05
666600 0.00010181562 5.2715525e-05
666800 0.00011987813 1.2526859e-05
667000 0.00012162142 4.2844476e-05
667200 0.00011863029 1.1439649e-05
667400 8.3467165e-05 9.8791419e-06
667600 0.00010833628 1.1944968e-05
667800 0.00012175776 2.3895007e-05
668000 0.00014882837 8.7967546e-06
668200 0.00013990693 1.1654383e-05
668400 0.00015754744 2.6571791e-05
668600 0.00016718296 1.7601071e-05
668800 0.00014216329 1.1077822e-05
669000 0.00013722339 2.3987252e-05
669200 0.00016850272 2.2461623e-05
669400 0.00015051642 6.1100554e-06
669600 0.00014801122 2.1604696e-05
669800 0.00015419295 1.3664167e-05
670000 0.00013212232 2.2180694e-05
670200 0.00015041371 4.0837171e-06
670400 0.00016015296 1.054117e-05
670600 0.00014021232 1.0905053e-05
670800 0.00014984099 3.4842961e-05
671000 0.00014854385 1.0865527e-05
671200 0.0001659585 2.7314395e-05
671400 0.00012848675 3.167219e-05
671600 0.00012679719 3.2574669e-05
671800 0.0001445892 3.0993938e-05
672000 0.00013414924 5.9062885e-05
672200 0.0001381197 3.3902195e-05
672400 0.00012573692 3.7259363e-05
672600 0.00011493901 6.0418791e-05
672800 0.00011778229 2.1775734e-05
673000 9.8831227e-05 5.3173439e-05
673200 0.00013405908 3.03854e-05
673400 0.00011368505 1.2783157e-05
673600 0.00015904805 1.3288713e-05
673800 0.000160786 3.889847e-05
674000 0.00014775892 2.095205e-05
674200 0.00013667999 2.3553899e-05
674400 0.00013983954 2.0710193e-05
674600 0.00013063429 3.3042593e-05
674800 0.00011265293 5.2637886e-05
675000 0.00012153449 4.5124205e-05
675200 0.00012257479 2.5646892e-05
675400 8.4312665e-05 3.1600554e-05
675600 0.00013528044 1.8349497e-05
675800 0.00012207365 1.9938328e-05
676000 0.00014887562 1.2829577e-05
676200 0.00017856198 1.9405579e-05
676400 0.00014565392 3.2629379e-05
676600 0.00011784498 3.3088246e-05
676800 0.00013008131 5.7043057e-05
677000 0.00014803488 4.1971106e-05
677200 0.00014645656 4.5394673e-05
677400 0.00015861492 4.255665e-05
677600 0.00014498385 2.077756e-05
677800 0.00015424314 1.3712338e-05
678000 0.00014881074 7.9625112e-06
678200 0.00014510394 6.2565273e-06
678400 0.00013126252 3.9520765e-05
678600 0.00012882104 1.3647689e-05
678800 0.00013104291 1.1048316e-06
679000 0.00012989677 2.378954e-05
679200 0.0001448018 9.2987006e-06
679400 0.00012761349 2.899614e-05
679600 0.00012086232 3.3245979e-05
679800 0.00011943898 7.4568271e-06
680000 0.00015383224 2.488816e-05
680200 0.00015921088 2.386574e-05
680400 0.00016688787 1.2054965e-05
680600 0.00017348959 5.9362524e-06
680800 0.00015437015 2.3719807e-05
681000 0.0001402805 3.4898434e-05
681200 0.00011565518 3.0477945e-05
681400 0.00012999398 3.3529958e-05
681600 0.00011622411 2.803637e-05
681800 0.00015711703 4.218674e-05
682000 0.00013014814 6.8560877e-06
682200 0.00015365996 3.0235406e-05
682400 0.00013572924 2.7766229e-05
682600 0.0001554325 1.6492702e-05
682800 0.0001089153 1.1624723e-05
683000 0.00013748953 2.8002826e-05
683200 0.00014958798 1.7139622e-06
683400 0.00016465793 2.6072705e-05
683600 0.00016423188 1.9491447e-05
683800 0.00014381883 2.5593742e-05
684000 0.00016371973 1.6799373e-05
684200 0.00016056162 1.2760697e-05
684400 0.00015790166 3.1552538e-05
684600 0.00013357926 5.0492476e-06
684800 0.00012597056 1.3606953e-05
685000 0.00013033941 2.7707123e-05
685200 0.0001068178 2.3409406e-05
685400 0.00012550592 7.9030038e-07
685600 0.00013767852 7.0898695e-06
685800 0.00013118088 3.4679396e-05
686000 0.00012475871 2.1759402e-05
686200 0.00014048673 1.4230223e-05
686400 0.00012846821 4.5743274e-05
686600 0.00012442503 9.4273983e-06
686800 0.00013120494 2.7681033e-05
687000 0.00014701839 4.4209849e-05
687200 0.00017312042 5.7814098e-05
687400 0.00013862405 2.2526891e-05
687600 0.00015021033 4.2771948e-05
687800 0.00015697433 2.7165522e-05
688000 0.00014930999 1.356116e-05
688200 0.0001419318 1.9741435e-05
688400 0.0001313904 1.4060789e-05
688600 0.00013857995 3.4590786e-05
688800 0.00012075099 2.3605187e-05
689000 0.0001366923 1.7339839e-05
689200 0.00013308252 4.1898008e-06
689400 0.00012820405 3.4635765e-05
689600 0.00014272241 1.7414521e-05
689800 0.0001339716 2.296132e-05
690000 0.00011557003 1.7256967e-05
690200 0.00015642457 2.4093002e-05
690400 0.0001522968 2.0042143e-05
690600 0.00014304554 3.0151301e-05
690800 0.00011397553 2.5394927e-05
691000 0.00013675229 2.1660593e-05
691200 0.00012391152 3.535987e-05
691400 0.00012501107 3.4003787e-05
691600 9.9952455e-05 3.1461651e-05
691800 0.00012961448 4.2859914e-05
692000 0.00011840376 2.5437198e-05
692200 0.00012714795 1.9390587e-05
692400 0.00011079299 2.714357e-05
692600 9.839936e-05 3.2646379e-05
692800 9.0730634e-05 6.4466292e-05
693000 0.0001081173 4.1338074e-05
693200 0.00012395182 6.4497868e-06
693400 0.0001372949 3.6336848e-05
693600 0.00011655412 2.1621008e-05
693800 0.00013888064 5.5270451e-06
694000 0.00010556586 3.8992713e-05
694200 6.470073e-05 3.4136556e-05
694400 0.00011162095 4.2025561e-05
694600 0.00012720187 1.266148e-05
694800 0.00016144947 1.546326e-05
695000 0.00011477307 1.3546739e-05
695200 0.00014761436 1.7560466e-05
695400 0.00014573897 2.7387055e-05
695600 0.00013608835 3.1259709e-05
695800 0.00014474494 2.4324569e-05
696000 0.00016035023 3.8832285e-05
696200 0.00011817038 1.6857597e-05
696400 0.00015606706 2.1406509e-05
696600 0.00012942738 3.2770547e-05
696800 0.00015045183 3.1638111e-05
697000 0.00014939074 1.6102285e-05
697200 0.00011341616 2.2035987e-05
697400 0.00012555025 3.2087088e-05
697600 0.00012560366 4.6025048e-06
697800 0.00016002237 3.3040635e-05
698000 0.00014142378 3.5839228e-05
698200 0.00015372121 3.3189818e-05
698400 0.00013536576 2.6041382e-05
698600 0.00013416942 2.4200108e-05
698800 0.00013461661 4.4616216e-05
699000 0.00013415915 4.4727551e-05
699200 0.0001308598 1.4988153e-05
699400 0.000132428 1.0585007e-05
699600 0.00012356767 6.4011617e-06
699800 0.00012793518 3.5339283e-05
700000 0.00013637897 3.1120787e-05
700200 9.9088479e-05 5.8709051e-05
700400 0.00011922777 2.2650474e-05
700600 9.5162155e-05 3.3090962e-05
700800 0.00013559797 1.8396441e-05
701000 0.00015424739 2.1257902e-05
701200 0.0001343792 1.5513518e-05
701400 0.00011407133 3.2593535e-05
701600 7.9315118e-05 3.4584573e-05
701800 9.9430623e-05 2.7457905e-05
702000 0.00013536074 1.3503886e-05
702200 0.00014009652 8.6459873e-06
702400 0.00011001551 7.4974448e-06
702600 0.00011641914 1.938579e-05
702800 0.000153092 2.1403287e-05
703000 0.00012918882 5.5567072e-06
703200 9.6792644e-05 1.3682974e-05
703400 0.00012871757 1.9667592e-05
703600 0.00012810528 2.1166678e-05
703800 0.0001523239 4.0054279e-05
704000 0.00016496854 4.3572956e-05
704200 0.000163387 1.4489684e-05
704400 0.00015734874 3.5851311e-05
704600 0.00016607687 2.6783975e-05
704800 0.00013749249 2.0304095e-05
705000 0.00013793779 2.9453489e-05
705200 0.00012713851 1.354823e-05
705400 0.00011067015 3.9880221e-06
705600 0.00013093582 5.4806743e-05
705800 0.0001149602 4.1502113e-05
706000 0.00013037301 1.5465443e-05
706200 0.00015282966 5.5296228e-05
706400 0.00014967524 4.2245248e-05
706600 0.00015552473 2.7929881e-05
706800 0.00014991377 2.8704011e-05
707000 0.00013472916 5.901956e-06
707200 0.00015979718 1.177116e-05
707400 0.00014491102 2.4728407e-05
707600 0.00016954299 6.9437261e-06
707800 0.00016298427 2.5125828e-05
708000 0.00016061054 1.9905541e-05
708200 0.0001376076 1.167102e-05
708400 0.0001409793 1.5997058e-05
708600 0.00011976155 1.4348805e-05
708800 0.00013293858 3.1932191e-05
709000 0.00013874396 1.2129025e-05
709200 0.00015678005 2.4068491e-05
709400 0.00013156674 5.1486195e-05
709600 0.00013278794 5.2294896e-05
709800 0.00014087442 2.155357e-05
710000 0.000132326 2.0682484e-05
710200 0.00015549627 5.7436931e-06
710400 0.00017448958 2.3100882e-05
710600 0.00011765761 3.437313e-05
710800 0.00011688012 3.6847906e-05
711000 8.5932838e-05 8.6567541e-06
711200 0.00013404174 3.026792e-05
711400 9.2458803e-05 4.6342839e-05
711600 9.5114532e-05 3.1334831e-05
711800 0.00012555622 6.5798719e-06
712000 0.00010916626 2.8633172e-05
712200 0.00013624678 3.8972843e-05
712400 8.6531917e-05 4.3268129e-05
712600 0.00012305721 6.5670476e-05
712800 0.00012538273 6.8438756e-05
713000 0.00012808279 3.1384563e-05
713200 0.00011371239 3.3074979e-05
713400 0.00010828198 1.9962635e-06
713600 0.00011051852 2.5508935e-05
713800 0.00010921138 1.4571314e-05
714000 0.00011516121 3.1737071e-05
714200 0.00013262179 6.0504153e-05
714400 0.00012667185 1.06078e-06
714600 0.0001402646 2.750293e-05
714800 0.00012970972 2.3331974e-05
715000 0.00014648714 3.6776451e-05
715200 0.00012512729 7.2083121e-06
715400 0.00011975678 5.6884773e-05
715600 0.0001130656 1.7566883e-05
715800 0.00011938725 1.1876126e-05
716000 0.00013178354 2.3586956e-05
716200 0.00012716859 2.9921577e-05
716400 0.00012068023 1.9168628e-05
716600 0.00011585543 1.3058359e-05
716800 0.00013966551 2.1767046e-05
717000 0.00013099106 1.0606304e-05
717200 0.00014618793 1.9114446e-05
717400 0.00014597189 1.2651784e-05
717600 0.00012028504 1.6704791e-05
717800 0.00012498569 2.7384233e-05
718000 0.00012699494 2.6797022e-05
718200 0.00010247899 1.1717197e-05
718400 0.00010476818 1.957271e-05
718600 0.00011926974 3.6082998e-05
718800 0.00011988879 2.9404946e-05
719000 0.00012685442 3.7747565e-05
719200 7.9967867e-05 2.83951e-05
719400 0.00010966236 2.3856022e-05
719600 0.00012383982 4.5443027e-05
719800 9.3553198e-05 2.3199519e-05
720000 8.772603e-05 5.1413039e-05
720200 9.7329471e-05 3.0312893e-05
720400 0.00013258294 4.5300139e-05
720600 0.00013169006 1.5049356e-05
720800 0.00013964531 3.3420563e-05
721000 0.00014367757 1.949277e-05
721200 0.00013560318 1.7245203e-05
721400 0.00011727123 6.8823104e-06
721600 0.00014021513 1.6496926e-05
721800 0.00013512512 3.2894779e-05
722000 0.00012923483 9.3707856e-06
722200 0.00010946652 3.6698948e-05
722400 0.00011550899 5.8017714e-06
722600 0.00014844678 1.1255546e-05
722800 9.055551e-05 2.2707498e-05
723000 0.00013383366 3.0039022e-05
723200 0.00012132101 3.6515009e-05
723400 0.00012772613 3.8036029e-05
723600 0.00010947829 1.8647944e-05
723800 0.00014472858 6.7263163e-05
724000 0.00013558642 4.2291169e-05
724200 0.00012189888 5.4318547e-05
724400 0.0001224194 4.8121484e-06
724600 0.00011155578 7.9592581e-06
724800 0.00011367845 3.046336e-05
725000 8.5619188e-05 3.2435381e-05
725200 0.00011494667 2.4945348e-05
725400 0.00012958096 6.3352113e-06
725600 0.00011441091 3.2927229e-05
725800 0.000153973 3.2839381e-05
726000 0.00012005317 1.5155414e-05
726200 0.00011312333 2.0890888e-05
726400 0.00011152413 1.5245315e-05
726600 0.00012246002 2.1645281e-05
726800 0.00011334125 2.5607903e-05
727000 0.00013024847 9.5264599e-06
727200 0.00015953983 1.7588326e-05
727400 0.00015272462 1.1200542e-05
727600 0.00011531475 1.4332969e-05
727800 0.00010990724 3.4645386e-06
728000 0.00012142865 1.0815408e-05
728200 0.00011325104 4.0981424e-05
728400 0.00011901442 2.0250204e-05
728600 0.00010731588 1.3008793e-05
728800 0.00013111787 1.0600932e-05
729000 0.00010517061 2.6380937e-05
729200 7.9664909e-05 7.5543385e-06
729400 9.5985345e-05 1.1007715e-05
729600 0.00011471465 3.5017453e-05
729800 0.00013730638 3.5970307e-05
730000 0.00011867931 3.4655361e-05
730200 0.00010548156 2.4897068e-05
730400 0.000123074 3.6590747e-05
730600 0.00010239156 3.5654588e-05
730800 0.00014159824 2.2869161e-05
731000 0.00015684911 3.8001178e-05
731200 0.00013315802 3.4318027e-05
731400 0.00012062588 4.5834772e-05
731600 0.00012075061 6.1078773e-05
731800 0.00010873162 4.1166449e-05
732000 0.00012196269 3.4792822e-05
732200 0.0001031087 2.2876536e-05
732400 0.00010173919 3.1249104e-05
732600 0.00010486808 2.5765054e-05
732800 0.00010801805 1.1331517e-05
733000 8.6729005e-05 4.7663286e-05
733200 0.00010610559 2.1018445e-05
733400 9.9288226e-05 2.7817334e-05
733600 9.72203e-05 3.0059881e-05
733800 0.00011690704 1.4777465e-05
734000 0.00012089768 1.8975061e-05
734200 0.00010433421 2.1321457e-05
734400 0.00011757518 6.6898498e-06
734600 0.00012858954 6.6973571e-06
734800 0.00010646036 1.970678e-05
735000 0.00012206532 3.8317028e-06
735200 0.00011087997 5.5302742e-06
735400 8.6320599e-05 2.8945749e-05
735600 0.00011269798 1.6423721e-05
735800 0.00012963968 2.9966735e-05
736000 0.00013607443 1.0097839e-05
736200 0.00010826209 3.1188576e-05
736400 9.6980014e-05 3.1700773e-05
736600 9.8207559e-05 1.1064835e-05
736800 0.00012735693 3.0428326e-05
737000 0.00010235567 3.3387586e-05
737200 0.00013913397 3.4102178e-05
737400 0.00014821808 5.5521319e-05
737600 0.00012402144 2.2183518e-05
737800 0.00011686592 4.4371707e-05
738000 0.00012872735 4.2302197e-05
738200 9.776907e-05 2.7658101e-05
738400 0.00011806251 2.2956864e-05
738600 0.00013690712 2.6391658e-05
738800 0.00011813876 3.6119341e-05
739000 0.00011636384 7.8949984e-06
739200 0.00015057339 3.0694743e-05
739400 0.00014047435 1.4854676e-05
739600 0.00011316384 7.1739498e-06
739800 0.00012435441 8.3149589e-06
740000 0.0001295565 3.4193655e-05
740200 0.00012939165 1.6382936e-05
740400 0.00013486894 1.9636149e-05
740600 0.00013965286 8.4493508e-06
740800 0.00011527652 1.5505291e-05
741000 0.0001429223 1.7907418e-05
741200 0.0001187358 6.1856635e-05
741400 0.00010065826 6.4555507e-05
741600 0.00012303235 1.4713877e-05
741800 0.00014232584 2.9971088e-05
742000 0.00011328142 3.7990398e-05
742200 0.00012845918 2.7658092e-05
742400 0.00014041839 4.8996989e-05
742600 9.2235472e-05 2.4227328e-05
742800 8.7320697e-05 2.079222e-05
743000 0.00010963844 4.536922e-05
743200 0.00012209386 2.1223344e-05
743400 0.0001162482 1.5490387e-05
743600 0.00010547762 1.4369063e-05
743800 0.00012311239 3.0006677e-05
744000 0.00013252101 5.6005354e-05
744200 0.00012361509 2.057403e-05
744400 0.00013349598 1.5231875e-05
744600 0.00013687032 1.1544485e-05
744800 0.00011896309 2.284376e-05
745000 0.00010878209 2.3780066e-05
745200 0.00011274339 4.247493e-05
745400 0.00011929649 2.1097922e-05
745600 0.00013474802 1.5227931e-05
745800 0.00013143823 5.7878371e-05
746000 0.00010634442 1.0362042e-05
746200 0.00011887016 3.5647279e-05
746400 0.00010706593 5.7629525e-05
746600 0.00012128992 5.6760907e-05
746800 0.00012925304 4.2432497e-05
747000 0.00015015055 5.2259152e-05
747200 0.00012272171 2.4004565e-05
747400 9.9913686e-05 3.7026474e-05
747600 0.0001192434 3.5549973e-05
747800 0.00011971782 5.3944077e-05
748000 0.00010131253 2.4327525e-05
748200 0.00012439075 1.8559109e-05
748400 0.00010639358 2.751273e-05
748600 0.00013239753 2.365058e-06
748800 0.00011265452 1.4936369e-05
749000 9.4992416e-05 3.2194989e-05
749200 0.00012533252 3.6067153e-05
749400 0.00010553234 2.2202701e-05
749600 0.00010590795 1.1432331e-05
749800 0.00013001134 1.0269715e-05
750000 0.00012009793 1.7022591e-05
750200 0.00011500669 3.0627073e-05
750400 0.00012220606 3.3488861e-05
750600 0.00015000232 3.8496506e-05
750800 0.00014085978 1.2352546e-05
751000 0.00011669882 4.7135219e-05
751200 0.00010886926 4.8238893e-05
751400 0.00014274123 2.0024768e-05
751600 0.00012279292 3.1554247e-05
751800 0.00012440635 4.2663827e-05
752000 0.00010599596 4.1108285e-05
752200 8.4987882e-05 4.9786435e-05
752400 0.00010163625 6.2574999e-05
752600 0.00011323799 7.3439104e-05
752800 9.6699091e-05 3.8291972e-05
753000 0.00011858077 3.1938057e-05
753200 0.00010779255 7.9590751e-05
753400 0.00015152373 4.5290266e-05
753600 0.00013855692 2.3891724e-05
753800 0.00011952725 3.6020358e-05
754000 0.0001236958 6.6982262e-05
754200 0.00014618492 4.2382508e-05
754400 0.00012492188 3.23634e-05
754600 0.00013256646 1.9078426e-05
754800 0.00010718239 3.6060455e-05
755000 0.00011673432 7.8646484e-06
755200 0.00014195102 1.0401799e-05
755400 0.00014390056 4.1940263e-05
755600 0.0001172936 1.3784418e-05
755800 0.00011454685 2.5753268e-05
756000 0.00012036711 6.833887e-06
756200 9.532506e-05 2.1778237e-05
756400 0.00010899962 2.0283821e-05
756600 0.00012725625 6.771672e-05
756800 0.00012850281 4.1927155e-05
757000 0.00011888097 4.4141064e-05
757200 0.00014142179 2.7981819e-05
757400 0.00012110797 5.8936301e-05
757600 8.1955445e-05 4.8605111e-05
757800 0.00012095361 2.8573265e-05
758000 0.00011765148 7.2443799e-05
758200 0.00010368773 6.3428687e-05
758400 0.00011346812 3.9066137e-05
758600 0.00013673004 2.2447879e-05
758800 0.00014087584 1.8585017e-05
759000 0.00011641048 2.8685157e-05
759200 0.000115271 2.1969541e-05
759400 0.00011518279 2.8110778e-05
759600 0.0001161681 3.0403177e-05
759800 0.00013364645 3.1535584e-05
760000 0.00011995597 6.6441879e-05
760200 9.7776196e-05 2.7692738e-05
760400 0.00014710448 2.4548511e-05
760600 0.00010380099 2.2214653e-05
760800 0.00011557994 2.375423e-05
761000 0.00012362049 1.150994e-05
761200 0.00011674056 3.4307751e-05
761400 0.00011264547 2.0611493e-05
761600 0.00012213393 2.2109214e-05
761800 0.00010209027 1.5360097e-05
762000 0.00011899189 1.4702084e-05
762200 0.00011384395 5.7504812e-06
762400 0.00012233134 2.3350636e-05
762600 0.00011901454 5.5109402e-06
762800 0.00013243764 4.8306902e-05
763000 0.00010643558 3.5320614e-05
763200 6.7247337e-05 1.5917416e-05
763400 0.0001184726 2.1381854e-05
763600 9.0926715e-05 3.8676019e-05
763800 0.00012191522 7.2580566e-05
764000 0.0001110953 2.1599444e-05
764200 0.00012518381 4.060116e-05
764400 0.00013018964 5.1059224e-05
764600 0.00012351027 4.6625409e-05
764800 0.00013214536 4.217904e-05
765000 0.00011155345 2.8940167e-05
765200 0.00010357214 4.5131518e-05
765400 0.0001115372 2.7305301e-05
765600 0.00011814651 3.884224e-05
765800 0.00011991414 4.7830936e-05
766000 0.00012497003 5.2489116e-05
766200 0.00014363823 5.8261906e-05
766400 0.00013784364 4.4472603e-05
766600 0.00011561148 3.7156397e-05
766800 7.8728156e-05 5.1488479e-05
767000 0.00010336212 4.7260818e-05
767200 9.8631417e-05 4.0620391e-05
767400 0.00012297525 2.8080509e-05
767600 8.385139e-05 6.0305791e-05
767800 8.7903739e-05 4.2435293e-05
768000 0.00010486782 2.6400811e-05
768200 0.00011815132 3.53972e-05
768400 0.00010822568 5.2647223e-05
768600 9.7211012e-05 4.3564963e-05
768800 0.00012677596 3.7575177e-05
769000 0.0001217921 3.2130922e-05
769200 8.3826299e-05 3.1938119e-05
769400 0.00012228407 5.3220453e-05
769600 9.9570884e-05 3.1800115e-05
769800 8.7893893e-05 4.8168336e-05
770000 0.0001177378 3.3869979e-05
770200 0.00010706468 8.1516869e-05
770400 9.3128849e-05 5.3328036e-05
770600 0.00011225823 3.498618e-05
770800 0.00013385242 3.3930798e-05
771000 0.0001473475 3.9794002e-05
771200 0.00012197946 6.174918e-05
771400 0.00012626153 8.4093605e-05
771600 0.00012572064 6.4720799e-05
771800 9.0073691e-05 7.0802395e-05
772000 9.2945836e-05 3.2853811e-05
772200 9.2112018e-05 2.5912352e-05
772400 9.6733561e-05 1.6305051e-05
772600 7.2875488e-05 3.0221455e-05
772800 9.3198236e-05 1.2603327e-05
773000 8.3034612e-05 2.216307e-05
773200 0.0001142876 5.0744382e-05
773400 8.0461348e-05 3.6297567e-05
773600 9.9716417e-05 3.6188999e-05
773800 0.00011694814 5.3421415e-05
774000 0.00014610065 2.0134179e-05
774200 0.00010839074 4.3236812e-05
774400 0.00011394821 3.1139262e-05
774600 9.337815e-05 1.2942049e-05
774800 0.00011532484 1.9599044e-05
775000 0.0001473152 3.8103713e-05
775200 0.00011095468 8.0678326e-06
775400 9.3495506e-05 7.0435026e-06
775600 0.00010935207 2.1510475e-05
775800 0.00010842819 2.4438707e-05
776000 0.00010369198 3.6358393e-06
776200 0.00011802444 9.3015964e-06
776400 0.00010892727 2.9313607e-05
776600 0.00012459966 2.3620673e-05
776800 0.00012344861 7.7511674e-06
777000 0.00012845815 1.6931799e-05
777200 0.00012488236 7.540197e-06
777400 9.2736782e-05 2.3097913e-05
777600 0.00010929951 2.6947036e-05
777800 0.0001170179 2.6524005e-05
778000 0.0001067409 3.2361468e-05
778200 0.00013750755 2.7867025e-05
778400 0.00011220774 1.5794144e-05
778600 0.00014080428 2.8656354e-05
778800 0.00012491992 4.3586451e-06
779000 0.00010533928 1.4333338e-05
779200 0.00010172224 1.207319e-05
779400 0.00011480432 1.1069994e-05
779600 0.00013894554 2.3046442e-05
779800 0.00014387832 3.1512658e-05
780000 0.00012047465 1.2383963e-05
780200 9.773472e-05 7.710545e-06
780400 0.00012443254 1.4310395e-05
780600 0.00013926887 4.7816487e-05
780800 0.00014315315 3.7637214e-05
781000 0.00014103449 3.6932267e-05
781200 0.00010762464 1.332978e-05
781400 0.00010293619 1.7379552e-05
781600 0.00010453436 2.6741333e-05
781800 0.00011237732 2.8144882e-05
782000 0.00011860251 5.4768635e-06
782200 9.894883e-05 1.2219628e-05
782400 0.00010942796 6.4463809e-06
782600 0.00014462869 3.8190383e-06
782800 0.00012230581 2.6033391e-05
783000 0.00010832632 2.2933598e-05
783200 0.00011420345 1.2138552e-05
783400 0.00010929719 1.2695633e-05
783600 9.943163e-05 2.8242116e-05
783800 0.00010983341 6.1349151e-06
784000 0.00012131087 2.0523693e-05
784200 9.7464846e-05 1.9398844e-05
784400 0.00011751531 1.7027907e-05
784600 9.0506557e-05 1.7804039e-05
784800 7.7463191e-05 1.0200922e-05
785000 0.00010846221 4.1087022e-05
785200 0.0001204855 2.9421491e-05
785400 0.00013489539 1.3828307e-05
785600 0.00012396584 5.449627e-06
785800 0.00014167538 4.4631721e-05
786000 0.00012789876 3.3257471e-05
786200 0.00014954714 8.6991646e-06
786400 0.00017441493 2.1745786e-05
786600 0.00014332484 1.3618174e-05
786800 0.00012059211 2.9282645e-05
787000 0.00013238871 4.4715585e-05
787200 0.00013319035 4.6869069e-05
787400 0.00014044528 2.3725328e-05
787600 0.00013497452 3.2843632e-05
787800 0.0001281559 3.1241558e-05
788000 0.00012421638 3.854274e-05
788200 0.00012204644 4.3810585e-05
788400 0.00012715352 2.3118775e-05
788600 0.00014866227 2.3774247e-05
788800 0.0001336687 2.4682401e-05
789000 0.00015272598 3.600304e-05
789200 0.00011871207 3.7549169e-05
789400 9.2200673e-05 3.291307e-05
789600 0.00011599587 5.8628667e-05
789800 9.5849921e-05 1.0088314e-05
790000 0.00011578337 1.5677214e-05
790200 0.00013547884 2.4312002e-05
790400 0.0001329318 2.1228167e-05
790600 9.4402023e-05 1.1941773e-05
790800 0.00012162792 7.5872419e-06
791000 0.00011215249 1.1417129e-05
791200 0.00011582941 2.2633708e-05
791400 0.00011778725 2.4409426e-05
791600 0.00014695856 2.8045426e-05
791800 0.0001338866 1.2532619e-05
792000 0.00014537387 4.2322686e-05
792200 0.00014922555 1.5058869e-05
792400 0.00013364062 8.2587077e-06
792600 0.00012264741 1.0420146e-05
792800 0.00011305535 2.338706e-05
793000 0.00010445966 2.8919131e-05
793200 0.00012426722 2.3093516e-05
793400 0.00013659995 7.6324155e-05
793600 0.00013908379 5.2332447e-05
793800 0.0001438931 1.9214312e-05
794000 0.00010563858 3.696579e-06
794200 0.00012264569 2.6362725e-05
794400 0.00012675317 1.3102468e-05
794600 0.00011343585 1.5444393e-05
794800 0.00010784527 1.8371091e-05
795000 0.00013334567 1.3772246e-05
795200 0.00010293203 1.5685135e-05
795400 0.00012279665 2.4679504e-05
795600 0.00014588835 1.5619928e-05
795800 0.00012642404 2.4054444e-06
796000 0.00013745093 1.5743655e-05
796200 0.0001294958 3.0338259e-05
796400 0.00014233219 2.350537e-05
796600 0.00011207032 8.6112209e-06
796800 0.00014789921 2.1651976e-05
797000 0.00013745896 2.405346e-05
797200 0.00012843423 3.4714175e-05
797400 0.00013761031 1.3404099e-05
797600 0.00014237589 1.64369e-05
797800 0.00012285476 1.6366866e-05
798000 0.00013548161 5.4323703e-06
798200 0.00012060025 4.2046375e-05
798400 9.3205967e-05 3.016627e-05
798600 0.0001135227 2.3986483e-05
798800 0.00011889431 1.1774974e-05
799000 0.00011875568 2.8770224e-05
799200 9.4671558e-05 2.2135058e-05
799400 9.2162673e-05 9.9502843e-06
799600 0.00012067719 4.2732913e-06
799800 0.00012060237 1.862387e-05
800000 0.00012394178 4.189552e-05
800200 0.00011533 4.0342443e-05
800400 9.5298096e-05 4.3335098e-05
800600 8.7785048e-05 3.4288671e-06
800800 0.00010572418 2.8995588e-05
801000 9.0402136e-05 9.886842e-06
801200 0.00012131107 3.3174669e-05
801400 0.00014680214 2.1912621e-05
801600 0.00014623636 1.2106204e-05
801800 0.00011791703 4.1348834e-05
802000 0.00013108972 2.7275457e-05
802200 8.4026944e-05 2.196511e-05
802400 0.00010939623 2.0632228e-05
802600 9.4322774e-05 1.7365326e-05
802800 9.2872593e-05 8.5820544e-06
803000 0.00011219694 1.6140714e-05
803200 0.00012152542 1.8590606e-05
803400 0.00012103607 1.7988786e-05
803600 9.1836285e-05 4.3764328e-05
803800 0.00014348188 2.9330414e-05
804000 0.00011856671 1.5466775e-05
804200 0.00012229622 4.5854283e-06
804400 0.00010668998 4.8977836e-05
804600 0.00010690916 2.9420546e-05
804800 0.00012585831 1.3615222e-05
805000 0.00013149283 1.4330432e-05
805200 0.00012862081 1.1982029e-05
805400 0.00011514267 3.4122786e-05
805600 0.00012543782 1.4739878e-05
805800 0.00010891492 4.5515883e-06
806000 9.9953077e-05 4.0171953e-05
806200 0.00010950273 1.498628e-05
806400 9.7075282e-05 1.2251781e-05
806600 0.00010679409 3.8194338e-05
806800 9.6645995e-05 1.36709e-05
807000 9.4726356e-05 2.5852893e-05
807200 0.00011375808 3.7790417e-05
807400 0.00012190133 2.3197233e-05
807600 0.00010082953 2.4893361e-05
807800 9.079911e-05 2.5904252e-05
808000 0.0001005779 2.4647318e-05
808200 0.00011727342 1.6352403e-05
808400 0.00011646649 7.7752951e-06
808600 0.00012455789 7.8180903e-06
808800 0.00013072832 3.0255113e-06
809000 0.00012104218 2.8122697e-05
809200 0.00012880135 1.6607608e-05
809400 0.00011046129 3.7929165e-05
809600 0.00010393724 2.8703131e-05
809800 0.00011718858 2.4400198e-05
810000 0.00011720979 4.4442162e-06
810200 0.00010256795 4.0527076e-06
810400 9.6657883e-05 2.1794639e-05
810600 0.00010444763 6.4848093e-06
810800 0.00010899579 1.2699102e-05
811000 9.9920968e-05 2.4348203e-05
811200 0.00010821883 2.5427445e-05
811400 0.00011631103 2.9991192e-05
811600 9.1695859e-05 1.4675241e-05
811800 9.5804116e-05 6.0962222e-06
812000 9.4465059e-05 1.7066582e-05
812200 0.00011548148 1.4340183e-05
812400 8.701439e-05 2.4329685e-05
812600 0.0001003243 2.2110445e-05
812800 0.00011539071 1.0547301e-05
813000 0.00011485701 8.3610182e-06
813200 0.00013694718 1.9619652e-05
813400 0.00010628707 3.3418488e-05
813600 0.00011859385 2.6880463e-05
813800 0.0001177618 2.5396431e-05
814000 0.00010736963 5.586286e-05
814200 0.00010038447 3.2565332e-05
814400 0.00012940514 1.9448646e-05
814600 9.5359029e-05 2.5018225e-05
814800 0.00014233134 1.1049407e-05
815000 0.00012629286 3.0899878e-05
815200 0.00012843057 6.9061312e-06
815400 0.00013174975 2.5584511e-05
815600 9.7832932e-05 2.3185611e-05
815800 0.00012923995 2.5062163e-05
816000 0.00010251823 2.420241e-05
816200 9.398043e-05 6.2629991e-06
816400 0.00010813123 2.8627386e-05
816600 0.00012841635 4.6665874e-05
816800 7.703387e-05 4.0517282e-05
817000 9.0642464e-05 2.4495348e-05
817200 7.8018153e-05 4.8963736e-06
817400 0.00010210503 8.3064665e-06
817600 7.9621531e-05 5.9894993e-06
817800 0.0001114467 2.1105476e-05
818000 0.00012794198 1.5784709e-05
818200 0.00013108532 6.0634398e-06
818400 0.00012612528 6.7403819e-06
818600 0.00011043703 1.9159965e-05
818800 0.00011462724 3.7231069e-05
819000 9.2893331e-05 3.4033681e-06
819200 8.9022623e-05 1.1720014e-05
819400 0.0001047967 3.2323236e-05
819600 9.3210882e-05 2.6580895e-05
819800 0.00012052377 2.7758388e-05
820000 9.9269579e-05 3.2817732e-05
820200 0.00011209147 1.9435854e-05
820400 0.00013295752 2.7256513e-05
820600 0.00011148697 4.0280029e-05
820800 0.00010394873 5.0331421e-05
821000 9.1520377e-05 3.6388747e-05
821200 0.00011144647 1.1640885e-05
821400 9.3198595e-05 3.3530486e-05
821600 0.00010501253 2.4256729e-05
821800 0.00012579491 2.5031258e-05
822000 8.9172904e-05 1.8880476e-05
822200 0.00010253944 2.8667099e-05
822400 0.00011036917 3.306434e-05
822600 0.00010382128 1.5192654e-05
822800 7.0819923e-05 5.7290626e-05
823000 7.705014e-05 5.4383205e-05
823200 8.8677787e-05 3.423039e-05
823400 8.55973e-05 1.5986404e-05
823600 9.2304248e-05 6.4703462e-06
823800 9.5165427e-05 9.0091061e-06
824000 9.3833175e-05 9.8893377e-06
824200 9.5602125e-05 1.9208608e-05
824400 0.00011152587 1.5262248e-05
824600 9.2519694e-05 2.3724837e-05
824800 0.00010172833 1.4992608e-05
825000 0.00010190737 1.7679075e-05
825200 0.00012847537 3.5620373e-05
825400 9.2815447e-05 4.4647583e-05
825600 8.2893663e-05 2.9316148e-05
825800 9.7238035e-05 4.6150102e-05
826000 0.00012212632 2.590139e-05
826200 6.6914611e-05 2.0134736e-05
826400 9.3725741e-05 7.2362257e-06
826600 0.00011039728 4.2651683e-05
826800 9.3468209e-05 5.8540174e-06
827000 9.9517634e-05 2.453322e-05
827200 0.00011703421 3.2992842e-05
827400 9.7318609e-05 2.7929131e-05
827600 0.00011215455 2.9499809e-05
827800 9.4808483e-05 1.4908363e-05
828000 0.0001183722 1.7393977e-05
828200 0.00011250443 1.2318602e-05
828400 0.00011605377 2.1012184e-05
828600 0.00011281447 1.8336481e-05
828800 7.9691775e-05 1.3767548e-05
829000 0.00010929052 3.2640778e-05
829200 0.00010771148 3.7652953e-05
829400 7.3720258e-05 3.1548515e-05
829600 9.2404988e-05 2.6822089e-05
829800 0.00011285946 2.8821092e-05
830000 0.00011840288 5.8516725e-05
830200 0.0001092905 5.2179314e-05
830400 0.00010314416 2.005072e-05
830600 8.1278947e-05 9.9901167e-06
830800 0.00011931079 3.457523e-05
831000 9.2559162e-05 4.6146594e-05
831200 9.3758801e-05 6.2470231e-06
831400 9.7611921e-05 1.2851203e-05
831600 7.3413277e-05 4.3000426e-05
831800 9.6038563e-05 3.3079446e-05
832000 8.4263597e-05 1.0493486e-05
832200 9.148437e-05 5.9960894e-06
832400 0.00010019555 1.9625357e-05
832600 0.00014022168 1.1721515e-05
832800 0.00011012024 3.8689607e-06
833000 8.442738e-05 2.4937711e-05
833200 8.1238435e-05 2.6263148e-05
833400 0.00010025993 3.4624957e-05
833600 0.00010411247 2.7067055e-05
833800 9.9434494e-05 3.7208538e-05
834000 8.8051364e-05 3.3738104e-05
834200 7.6766321e-05 2.6636849e-05
834400 0.00010342692 6.190861e-06
834600 0.0001105486 2.9272693e-05
834800 9.7492072e-05 3.0282809e-05
835000 9.8899537e-05 3.1403151e-05
835200 0.00011519255 2.7232915e-05
835400 0.00011746755 2.134783e-05
835600 0.00010931767 2.6657584e-05
835800 0.0001025859 1.9723175e-05
836000 0.00012155709 2.9003813e-05
836200 8.9435377e-05 3.2955232e-05
836400 0.00010954112 1.2756526e-05
836600 0.00011458804 4.1704405e-05
836800 0.00011590205 9.5696522e-06
837000 8.4036874e-05 3.3932292e-05
837200 0.0001058268 5.9770109e-06
837400 9.4089941e-05 1.3495239e-05
837600 0.00012070489 3.0202187e-05
837800 0.00010602658 4.805062e-05
838000 0.00012485936 2.2531244e-05
838200 0.00013060735 7.633188e-06
838400 0.00013279903 2.4832662e-05
838600 0.00013863043 4.9229404e-06
838800 0.00011650728 5.838745e-06
839000 0.00011151956 1.0134155e-05
839200 9.6036583e-05 2.2179349e-05
839400 7.6844541e-05 1.0530341e-05
839600 0.00011186349 3.3813157e-05
839800 0.00016566896 1.5026219e-05
840000 0.00012889413 3.0049054e-05
840200 0.00011900323 3.6326069e-05
840400 0.00010864156 2.1623242e-05
840600 0.00011941154 3.3199425e-05
840800 0.00012394134 2.2166058e-05
841000 0.00010094866 7.1302861e-06
841200 0.0001128379 3.3058168e-05
841400 0.00011658052 2.2347011e-05
841600 0.00013035067 1.6140677e-05
841800 0.00012810483 8.4922207e-06
842000 0.00013387853 3.397572e-05
842200 0.00011254099 2.3471446e-05
842400 0.00010715729 2.1931728e-05
842600 0.00011628572 3.5436682e-05
842800 9.7992672e-05 1.1840061e-05
843000 0.00010370766 1.5174411e-05
843200 0.00010427371 5.2761067e-06
843400 9.4611367e-05 2.8338737e-05
843600 0.00012177142 1.2730625e-05
843800 0.00011091668 3.1358831e-05
844000 0.00011367571 8.0328744e-06
844200 9.497924e-05 2.1314565e-05
844400 0.00010571594 2.0236585e-05
844600 8.9184337e-05 1.9513416e-05
844800 0.00011772787 3.9533667e-06
845000 0.00011507242 9.6284406e-06
845200 9.1670095e-05 1.3293914e-05
845400 0.00010993582 8.6735277e-06
845600 9.4180786e-05 2.674142e-05
845800 9.161816e-05 3.057536e-05
846000 9.6132201e-05 1.8728608e-05
846200 0.00010875742 1.0119855e-05
846400 9.1082909e-05 1.1305523e-05
846600 0.00013396858 1.6160502e-05
846800 0.00012113006 3.6220541e-05
847000 0.00011721062 2.7243855e-05
847200 0.00012512697 2.7867191e-05
847400 0.00011659818 2.1136978e-05
847600 0.0001183375 3.402344e-05
847800 9.8158138e-05 9.3884548e-06
848000 8.2798274e-05 1.6743709e-05
848200 0.00012177971 2.7214946e-05
848400 0.00010816501 1.0669792e-05
848600 9.2802312e-05 2.9081077e-05
848800 9.0012872e-05 2.669247e-05
849000 0.00010145019 2.6562378e-05
849200 0.00010397075 2.8216363e-05
849400 9.9949516e-05 4.454735e-05
849600 9.4719301e-05 4.0911967e-05
849800 0.00015703163 2.5410381e-05
850000 0.00011505169 9.9700025e-06
850200 0.00010167387 3.2330989e-05
850400 0.00011076432 3.4560936e-05
850600 9.4243518e-05 2.2618798e-06
850800 9.9864769e-05 1.5074294e-05
851000 0.00012914837 1.0972527e-05
851200 0.00010237439 3.0976691e-05
851400 0.0001137309 9.8208724e-06
851600 9.7088647e-05 7.1687322e-06
851800 0.00011060496 4.3053051e-05
852000 0.00010665404 1.4367436e-06
852200 0.000100701 2.3416507e-05
852400 0.00010727884 4.4195199e-06
852600 0.00010653618 7.0019101e-06
852800 0.0001031885 1.2634925e-05
853000 7.9382372e-05 2.1917138e-05
853200 6.5531929e-05 1.7851301e-05
853400 7.2209744e-05 2.1340642e-05
853600 9.5577158e-05 1.641202e-05
853800 0.00011178209 2.1067124e-05
854000 9.4553035e-05 1.2225911e-05
854200 8.8318791e-05 1.555276e-05
854400 6.0789003e-05 2.8560396e-05
854600 9.3179885e-05 1.6872667e-05
854800 9.0371668e-05 2.1575038e-05
855000 7.7448558e-05 1.401426e-05
855200 0.00010495457 3.3167581e-05
855400 0.00010214887 1.7630718e-05
855600 0.00011219174 2.1014066e-05
855800 9.6368248e-05 3.3871776e-05
856000 0.00010650842 1.9728925e-05
856200 0.00010859728 2.2505445e-05
856400 7.6120604e-05 3.3205788e-05
856600 7.3027482e-05 1.3116196e-05
856800 0.0001091087 7.9165148e-06
857000 3.8542333e-05 3.4108082e-05
857200 9.5152914e-05 7.8066859e-06
857400 9.5036692e-05 3.5819266e-05
857600 8.0496517e-05 1.0252443e-05
857800 9.9297047e-05 3.7627062e-05
858000 7.6861229e-05 3.0535503e-05
858200 0.0001129229 4.7064829e-05
858400 0.00011681228 4.046964e-05
858600 0.00011779146 3.4017438e-05
858800 0.00012490928 2.2865737e-05
859000 0.00014565516 3.164574e-05
859200 0.00011992479 4.1695627e-05
859400 0.00012762001 1.2081459e-05
859600 0.00011405614 2.1936575e-05
859800 0.00012285689 5.5710504e-06
860000 0.00011217661 3.1408282e-05
860200 0.00011615198 1.4181373e-05
860400 0.00011212251 1.5358188e-05
860600 0.00013631963 1.4245722e-05
860800 0.00011839579 3.6114055e-05
861000 0.00010403684 3.3564364e-06
861200 7.0337905e-05 1.5527952e-05
861400 7.9307462e-05 1.2705195e-05
861600 8.4256573e-05 1.7478138e-05
861800 0.0001303338 1.4098513e-05
862000 0.0001204041 1.2165839e-05
862200 0.00011893907 2.8375624e-05
862400 9.696878e-05 2.0311832e-05
862600 7.5733227e-05 8.0410679e-06
862800 9.471993e-05 3.288397e-05
863000 9.3315971e-05 2.0502734e-05
863200 9.4601794e-05 1.8663176e-05
863400 0.00010218484 2.3679392e-05
863600 0.00010880828 1.91344e-05
863800 7.8941601e-05 1.0987514e-05
864000 9.0238503e-05 1.1082669e-05
864200 8.2688512e-05 3.097469e-05
864400 9.3510721e-05 9.1962374e-06
864600 7.3474473e-05 2.4222127e-05
864800 9.2160323e-05 3.550301e-05
865000 9.067085e-05 1.845643e-05
865200 0.00011052466 1.7497409e-05
865400 9.9250629e-05 3.2497275e-05
865600 0.0001199397 1.0485853e-05
865800 8.433417e-05 8.0168875e-06
866000 0.00010862494 2.8809425e-05
866200 9.8009225e-05 2.3687219e-05
866400 0.00010274733 1.6536126e-05
866600 0.00012959295 1.5245636e-05
866800 0.00012194871 1.1092012e-05
867000 0.00012270428 1.1791049e-05
867200 0.00013030313 3.4740284e-05
867400 0.00012278615 2.6799657e-05
867600 9.2770875e-05 5.0346195e-05
867800 0.00010421248 1.6160287e-05
868000 0.00010410949 9.0140072e-06
868200 8.8516045e-05 1.0075323e-05
868400 8.3986316e-05 3.2086029e-06
868600 9.9889876e-05 2.9458816e-05
868800 6.8942675e-05 2.2015814e-05
869000 9.799408e-05 3.1410324e-05
869200 9.6135225e-05 9.8958547e-06
869400 9.755844e-05 2.8728941e-05
869600 0.00010074451 2.4839894e-05
869800 0.00012438494 1.0743367e-05
870000 9.0413978e-05 2.833294e-05
870200 8.9465386e-05 2.5471636e-05
870400 0.00011680034 8.4788738e-06
870600 9.8225464e-05 1.1695068e-05
870800 0.00011770294 2.953732e-05
871000 0.00011604694 2.2629106e-05
871200 0.00011557186 2.2487245e-05
871400 0.00011819861 2.794395e-05
871600 0.00011639018 4.3934208e-05
871800 9.9119503e-05 1.9066987e-05
872000 0.00011400009 3.2087711e-05
872200 7.3230798e-05 3.254781e-05
872400 6.2680718e-05 2.3664925e-05
872600 0.00010049213 4.2689886e-05
872800 0.00010675862 2.5963141e-05
873000 0.00012724964 2.1142222e-05
873200 0.00011897252 1.9147783e-05
873400 0.00012756849 2.5140631e-05
873600 0.00014893418 1.2570481e-05
873800 0.00010755214 2.9643084e-05
874000 0.00010702879 2.706827e-05
874200 0.00010834939 3.5936204e-05
874400 0.00011235192 1.8702959e-05
874600 9.6940916e-05 2.1489871e-05
874800 9.6091919e-05 1.8732669e-05
875000 8.6237116e-05 1.5569795e-05
875200 0.00012523436 4.5160383e-05
875400 9.0472221e-05 2.1876444e-05
875600 0.00011029263 3.5378644e-05
875800 9.6742855e-05 2.9020292e-05
876000 0.00012171499 2.223531e-05
876200 8.1083219e-05 2.770141e-05
876400 0.00010891246 4.259477e-05
876600 0.00011487399 2.0767531e-05
876800 0.00010354409 6.9999641e-06
877000 0.00010069312 4.4649432e-05
877200 9.5354969e-05 2.3923169e-05
877400 0.00010883651 3.2121224e-05
877600 9.2783038e-05 2.6963196e-05
877800 7.7471593e-05 3.318066e-05
878000 0.00010072893 1.5964315e-05
878200 9.3254287e-05 3.2307358e-05
878400 9.3571151e-05 4.5856953e-05
878600 0.0001101303 3.4880665e-05
878800 0.00011684179 2.6357835e-05
879000 0.00011977926 2.9849215e-05
879200 0.00010633856 4.7274934e-05
879400 8.8897203e-05 5.5856511e-05
879600 0.00010038056 2.7003963e-05
879800 9.5734957e-05 1.5777555e-05
880000 9.5954217e-05 7.0039999e-06
880200 9.4871997e-05 3.2193806e-05
880400 8.5055469e-05 1.3022448e-05
880600 9.1976451e-05 7.1605464e-06
880800 9.5585081e-05 1.3273386e-05
881000 0.00011030168 2.0267193e-05
881200 0.00013321978 2.8530623e-05
881400 7.4459609e-05 5.1884427e-05
881600 9.8207717e-05 1.9091977e-05
881800 8.8779225e-05 2.8984973e-05
882000 7.9105724e-05 6.8829878e-05
882200 8.890309e-05 2.5943649e-05
882400 0.00010170169 2.407678e-05
882600 9.7601641e-05 3.9829956e-05
882800 0.00011359387 4.4531866e-05
883000 0.00010368676 3.93492e-05
883200 0.00010472995 2.5747258e-05
883400 9.0234436e-05 2.8429959e-05
883600 0.00013120655 3.2804649e-05
883800 9.4550364e-05 3.6829619e-05
884000 0.00011830029 4.4419405e-05
884200 0.00011556953 2.6233308e-05
884400 0.00011116435 2.0180226e-05
884600 0.00012111603 1.3342195e-05
884800 0.00011449747 9.051542e-06
885000 9.6718988e-05 4.942518e-05
885200 8.1969892e-05 3.6720047e-05
885400 8.9968102e-05 2.5615308e-05
885600 9.6514127e-05 5.207774e-06
885800 9.7552315e-05 1.2861226e-05
886000 0.00011549208 4.2297605e-05
886200 8.6132962e-05 1.740668e-05
886400 0.00010767275 1.7979289e-05
886600 9.0502001e-05 1.7581e-05
886800 6.8612003e-05 1.9572162e-05
887000 0.00014240993 1.5712018e-05
887200 0.00012605658 1.527724e-05
887400 9.5634938e-05 1.0146424e-05
887600 9.2220179e-05 1.6237333e-05
887800 8.381053e-05 2.4198749e-05
888000 0.00010893066 2.8621612e-05
888200 0.00010891342 1.9164706e-05
888400 9.626865e-05 9.8748729e-06
888600 0.00010650154 1.4629777e-05
888800 0.00013081603 3.3008479e-05
889000 9.2236734e-05 3.0256959e-05
889200 5.7871129e-05 1.0335119e-05
889400 9.426861e-05 2.7895952e-05
889600 7.8253821e-05 1.7857622e-05
889800 9.3112088e-05 3.1193643e-05
890000 8.6264666e-05 2.8052251e-05
890200 7.7781122e-05 4.4758899e-05
890400 0.00010108344 2.2338464e-05
890600 9.5932738e-05 1.0394284e-05
890800 7.4677148e-05 2.1145428e-05
891000 8.3907373e-05 3.173112e-05
891200 8.772543e-05 3.4871344e-05
891400 0.00010041903 6.3374426e-06
891600 0.00010857965 1.9361832e-05
891800 0.00010216159 2.9109084e-06
892000 9.3108399e-05 7.7292824e-06
892200 0.00011277926 3.5058646e-05
892400 0.0001178522 2.3903522e-05
892600 9.2444457e-05 2.7009388e-05
892800 9.5378802e-05 3.2900086e-06
893000 8.2715943e-05 1.9017828e-05
893200 0.00010336936 3.8222699e-05
893400 9.2537188e-05 3.0538888e-05
893600 9.153906e-05 4.5911562e-05
893800 8.4254897e-05 3.7928062e-05
894000 8.340008e-05 4.1865907e-05
894200 0.00012229366 2.0229148e-05
894400 8.3830517e-05 5.9215378e-05
894600 9.1147453e-05 3.9658545e-05
894800 0.00011510224 3.1922913e-05
895000 9.7113624e-05 3.868692e-05
895200 7.509247e-05 4.4105185e-05
895400 9.6334102e-05 2.8429967e-05
895600 8.2545885e-05 2.9006553e-05
895800 8.4239134e-05 3.2752527e-05
896000 0.00010507692 1.7221732e-05
896200 9.5072487e-05 5.512911e-05
896400 9.67939e-05 4.0964151e-05
896600 7.7165268e-05 4.0679187e-05
896800 0.00011407302 3.9454612e-05
897000 9.1751246e-05 2.0904036e-05
897200 9.5183122e-05 3.8844152e-05
897400 0.00010054749 3.8077987e-05
897600 9.0563391e-05 3.6666521e-05
897800 7.5524528e-05 1.9977105e-05
898000 7.0035535e-05 1.75245e-05
898200 9.7395636e-05 3.3104957e-05
898400 9.8181841e-05 1.3797778e-05
898600 0.0001076493 7.5635769e-06
898800 6.8412301e-05 4.1548579e-05
899000 9.3073698e-05 5.2539693e-06
899200 0.00010050278 2.7923914e-05
899400 7.900544e-05 4.5503645e-06
899600 0.00010451999 2.3785894e-05
899800 9.9430195e-05 4.2216993e-05
900000 9.6733953e-05 1.0321425e-05
900200 9.4469788e-05 2.447198e-05
900400 7.5795427e-05 4.7032302e-05
900600 0.00012192844 1.9618506e-05
900800 0.00011364735 3.1030905e-05
901000 0.00010517016 4.3203527e-05
901200 0.00011546233 2.8998037e-05
901400 0.00011820518 2.8527387e-05
901600 9.9285824e-05 4.0447648e-05
901800 0.0001015844 1.2764864e-05
902000 9.0445048e-05 1.0375516e-05
902200 9.4302126e-05 1.7413379e-05
902400 6.6686289e-05 2.3596203e-05
902600 9.563165e-05 2.7417643e-05
902800 9.0531549e-05 1.0036695e-05
903000 8.2202047e-05 9.1615074e-06
903200 7.0471435e-05 2.7829517e-05
903400 6.8387936e-05 2.4812005e-05
903600 9.195202e-05 2.2381481e-05
903800 7.6753838e-05 1.736441e-05
904000 7.9009356e-05 2.420904e-05
904200 7.1759919e-05 3.5119235e-05
904400 9.0836787e-05 2.0990104e-05
904600 9.182437e-05 2.4061766e-05
904800 7.7897366e-05 1.613194e-05
905000 7.0753741e-05 2.0878884e-05
905200 7.7792313e-05 3.4832034e-05
905400 7.142421e-05 4.5101326e-05
905600 7.2541096e-05 4.4024702e-05
905800 9.4727627e-05 2.4563723e-05
906000 8.4851457e-05 2.7078581e-05
906200 7.4698918e-05 3.6210688e-05
906400 7.5875573e-05 3.8152981e-05
906600 9.5207563e-05 3.382809e-05
906800 7.446718e-05 3.1039484e-05
907000 9.8546257e-05 3.2613392e-05
907200 8.7948842e-05 2.8164072e-05
907400 9.1399328e-05 3.8653523e-05
907600 0.00011623397 4.7132139e-05
907800 9.0285007e-05 5.4657846e-05
908000 0.00011720581 3.9592929e-05
908200 0.00011005319 2.1027755e-05
908400 0.00011409936 3.3703288e-05
908600 9.0346008e-05 7.9584243e-06
908800 9.1624604e-05 1.165273e-05
909000 9.1477468e-05 2.0908558e-05
909200 8.5986563e-05 2.411241e-05
909400 8.014735e-05 1.9186055e-05
909600 0.0001042114 2.2021162e-05
909800 0.00010654508 1.3832654e-05
910000 8.6439505e-05 2.1299568e-05
910200 0.00010394366 2.012658e-05
910400 9.1074672e-05 2.316796e-05
910600 8.7554106e-05 6.7563055e-06
910800 0.00010150864 4.7295931e-05
911000 9.9461968e-05 2.3435172e-05
911200 7.7906466e-05 1.635078e-05
911400 9.2192119e-05 2.8582787e-05
911600 7.0802263e-05 5.0708162e-05
911800 6.0492271e-05 2.2374391e-05
912000 9.9435522e-05 1.5160468e-05
912200 9.4888553e-05 1.0698756e-05
912400 0.00011131868 1.878781e-05
912600 8.661998e-05 2.1805515e-05
912800 9.6385904e-05 3.9435433e-05
913000 0.0001133324 1.9114659e-05
913200 9.2738973e-05 1.4632224e-05
913400 8.6765246e-05 6.0974525e-06
913600 6.1271902e-05 3.4303947e-05
913800 0.00010013321 2.5472665e-05
914000 7.6465954e-05 3.8903794e-05
914200 8.3868126e-05 2.5239303e-05
914400 6.4573152e-05 4.7345e-05
914600 8.1394203e-05 3.9756733e-05
914800 8.6469461e-05 2.1061268e-05
915000 5.5070453e-05 1.6847602e-05
915200 9.6676728e-05 4.7353883e-05
915400 0.00011674796 2.8454217e-05
915600 9.6619039e-05 2.9939822e-05
915800 9.4714633e-05 1.8456993e-05
916000 6.9577998e-05 3.3167022e-05
916200 6.8264622e-05 3.1397822e-05
916400 6.4804717e-05 2.3217691e-05
916600 5.0626469e-05 3.6787508e-05
916800 3.7381015e-05 4.0847521e-06
917000 6.3241084e-05 1.0300773e-05
917200 7.6314473e-05 2.5858496e-05
917400 7.0828411e-05 2.2859049e-05
917600 7.9826864e-05 2.5072499e-05
917800 6.6758727e-05 2.0229364e-05
918000 8.9711521e-05 2.5225929e-05
918200 8.6945166e-05 5.9758559e-05
918400 0.00011266455 3.3891277e-05
918600 0.00012567011 1.4852795e-05
918800 8.1514128e-05 2.6361488e-06
919000 8.1493569e-05 2.2473516e-05
919200 8.2547974e-05 4.1490779e-05
919400 6.6423412e-05 3.1630713e-05
919600 9.4397775e-05 9.5169741e-06
919800 6.1843935e-05 4.3556988e-05
920000 6.9832705e-05 1.7234039e-05
920200 9.0519047e-05 3.1489014e-05
920400 9.0457371e-05 2.091223e-05
920600 8.7087307e-05 8.8459591e-06
920800 7.4589882e-05 2.6470617e-05
921000 8.1236252e-05 1.9065235e-05
921200 0.00010332182 2.4065688e-05
921400 0.00012462427 2.9798821e-05
921600 0.00010565379 6.2755853e-06
921800 9.5315382e-05 1.4829334e-05
922000 9.8711471e-05 2.4205074e-05
922200 8.8482763e-05 1.7548589e-05
922400 8.4364815e-05 1.3871933e-05
922600 7.4541853e-05 7.5917323e-06
922800 9.2153113e-05 3.1177831e-05
923000 7.2265117e-05 2.8611527e-05
923200 8.9361702e-05 8.4402218e-06
923400 0.00011926433 5.999646e-06
923600 0.00010408265 1.4679736e-05
923800 9.0620653e-05 7.8475194e-06
924000 9.5464015e-05 1.5379952e-05
924200 0.00010147803 1.6578529e-05
924400 0.00011776259 4.3822378e-05
924600 0.0001048673 4.5929183e-05
924800 8.9481003e-05 2.796487e-05
925000 9.3449861e-05 2.7786223e-05
925200 9.4391838e-05 2.653048e-05
925400 8.7604984e-05 1.2416498e-05
925600 8.2798922e-05 5.355199e-05
925800 9.2493552e-05 1.4939791e-05
926000 8.8991129e-05 6.6376325e-06
926200 0.00010091333 4.5187279e-05
926400 0.00010869477 3.4263779e-05
926600 9.6253123e-05 3.227682e-05
926800 6.5353281e-05 1.3650117e-05
927000 8.9577336e-05 3.5543045e-05
927200 0.00010063005 2.7296793e-05
927400 9.9067671e-05 1.4568986e-05
927600 4.7137038e-05 1.1335356e-05
927800 7.0903309e-05 2.9672031e-05
928000 0.00010125479 1.9289552e-05
928200 6.4332536e-05 2.2607688e-05
928400 6.0587627e-05 4.395169e-06
928600 7.9770784e-05 4.7901497e-05
928800 8.5951582e-05 2.4710313e-05
929000 6.1283162e-05 3.6558234e-05
929200 7.3910815e-05 1.3742394e-05
929400 8.2767134e-05 2.7758662e-05
929600 8.2251277e-05 1.5325849e-05
929800 7.1813888e-05 1.9143557e-05
930000 9.1807364e-05 3.3023089e-05
930200 7.9435922e-05 1.5184422e-05
930400 8.7251465e-05 2.4592979e-05
930600 6.4578951e-05 2.8077678e-05
930800 9.9395637e-05 2.2368458e-05
931000 0.0001031526 2.2874803e-05
931200 0.00010985498 2.8114604e-05
931400 0.00010097456 1.2585825e-05
931600 7.8449878e-05 2.2875156e-05
931800 9.6845052e-05 5.4672137e-06
932000 0.0001012768 1.6424259e-05
932200 0.00010949285 2.5541672e-05
932400 9.7162625e-05 1.5942997e-05
932600 6.0067567e-05 4.4131342e-05
932800 0.00010298552 3.0885893e-05
933000 0.00010377581 6.9438688e-06
933200 0.00011379768 1.7734631e-05
933400 9.5300867e-05 1.1612025e-05
933600 7.6955756e-05 5.0526981e-05
933800 9.8284118e-05 3.6604811e-05
934000 0.00011029653 3.6127452e-05
934200 0.00011130819 2.8347941e-05
934400 8.671954e-05 2.4418491e-05
934600 0.00010157039 2.8128135e-05
934800 7.7875557e-05 3.2772986e-05
935000 8.3040129e-05 1.7727784e-05
935200 0.00010930639 3.1978856e-05
935400 8.8834133e-05 3.1544875e-05
935600 0.00012590831 4.9250843e-07
935800 0.00011623655 1.5177034e-05
936000 8.0904397e-05 3.5713013e-05
936200 0.00010579965 1.9852164e-05
936400 0.00010164902 4.9943706e-06
936600 0.0001132222 9.4146934e-06
936800 7.2121584e-05 1.4954415e-05
937000 7.5084072e-05 1.091119e-05
937200 8.162007e-05 3.1201839e-05
937400 8.2771822e-05 3.6195405e-05
937600 6.057043e-05 2.9400355e-05
937800 7.6811952e-05 1.8556812e-05
938000 6.7630442e-05 2.4804845e-05
938200 8.0262805e-05 2.51491e-05
938400 0.00010151231 1.5534747e-05
938600 6.4475411e-05 1.4669134e-05
938800 5.7731159e-05 2.0511865e-05
939000 7.2889878e-05 1.174011e-05
939200 9.469347e-05 2.3178135e-05
939400 0.00010812246 2.9514e-05
939600 8.920815e-05 2.0957401e-05
939800 0.00010800298 3.2013521e-06
940000 0.00010437811 3.8291436e-05
940200 6.6849801e-05 1.9542357e-05
940400 9.4676728e-05 2.608357e-05
940600 0.00011535748 1.7636144e-05
940800 0.00011338279 9.4952613e-06
941000 0.00010178607 1.0548706e-05
941200 0.00012050301 1.1114005e-05
941400 0.00013482817 6.8127596e-06
941600 0.00013755354 5.2267577e-06
941800 0.00011625259 1.3968262e-05
942000 0.00010873323 1.6103255e-05
942200 8.5127498e-05 1.2732965e-05
942400 8.1719586e-05 6.8481997e-06
942600 8.8187141e-05 2.8355628e-05
942800 9.051203e-05 1.3220371e-05
943000 8.6524402e-05 1.9048648e-05
943200 9.0801483e-05 3.2042498e-05
943400 9.5649315e-05 4.7932112e-05
943600 9.2450961e-05 1.8974623e-05
943800 0.00010483366 1.850653e-05
944000 6.948151e-05 1.6313758e-05
944200 8.6160648e-05 1.5847223e-05
944400 7.3886899e-05 7.5789625e-06
944600 6.7924466e-05 2.4334907e-05
944800 0.00012413422 2.3809976e-05
945000 0.0001059082 3.0623896e-05
945200 0.00010341771 3.0397139e-05
945400 0.00010737206 2.8887566e-05
945600 0.00010174838 3.4691236e-05
945800 0.00012718696 4.0650612e-05
946000 0.00010159844 2.80965e-05
946200 0.00011951902 2.3932925e-05
946400 0.0001239723 2.4664884e-05
946600 0.00010006882 3.8456945e-05
946800 0.00011597224 3.3185522e-05
947000 0.00011298454 2.0786561e-05
947200 0.00012680248 8.2994147e-06
947400 0.00011168584 1.8737268e-05
947600 0.00012496123 2.0223851e-05
947800 0.00011609959 4.8785633e-05
948000 0.00011604244 4.025044e-05
948200 0.00012512302 3.3989731e-05
948400 0.00011848961 2.9798122e-05
948600 0.00012197285 4.1107303e-05
948800 0.0001081274 4.599771e-05
949000 8.1676381e-05 4.0633131e-05
949200 9.8579089e-05 1.6635411e-05
949400 8.8573898e-05 9.6438604e-06
949600 0.00010795887 4.0083022e-05
949800 0.00010316839 1.2880001e-05
950000 0.00013329843 4.9351587e-06
950200 0.00010854611 1.6438939e-05
950400 0.00010543158 3.759547e-05
950600 0.00012642285 6.3147965e-06
950800 0.0001204247 5.0304524e-05
951000 0.0001035115 5.4650329e-05
951200 0.00012971414 4.6968468e-05
951400 0.0001271667 2.9597338e-05
951600 0.0001194789 2.9972897e-05
951800 0.00012095691 4.773196e-05
952000 0.00013627412 4.1615111e-05
952200 0.00011966637 1.4086832e-05
952400 0.00010931156 4.8166268e-06
952600 0.00012148975 1.0019522e-05
952800 9.3901945e-05 2.8399367e-05
953000 0.00010815336 2.5003278e-05
953200 9.6974173e-05 2.2834929e-05
953400 0.00010316143 3.5040554e-05
953600 0.00011492454 2.2231838e-05
953800 7.4981088e-05 1.5964745e-05
954000 0.00010786966 3.0816391e-05
954200 0.00011072454 2.4233701e-05
954400 8.1607281e-05 2.423348e-05
954600 9.8073255e-05 2.4042797e-05
954800 9.9407771e-05 3.7291696e-05
955000 0.00010776499 3.9251841e-05
955200 0.00012285093 3.7027731e-05
955400 0.00010164119 7.9676115e-06
955600 8.6718145e-05 3.2818891e-05
955800 6.6893654e-05 4.7474313e-05
956000 8.8482657e-05 2.6967376e-05
956200 0.00012031389 2.8173054e-05
956400 0.0001033983 4.2850321e-05
956600 0.00011452599 5.374914e-05
956800 0.00014273158 3.7025213e-05
957000 0.000107562 4.4549081e-05
957200 0.00011045233 5.4619358e-05
957400 0.00012972942 5.2430074e-05
957600 0.0001176031 5.4669612e-05
957800 9.2322558e-05 4.4723641e-05
958000 0.00010843597 3.7959051e-05
958200 9.1953663e-05 1.7689129e-05
958400 0.00012157212 3.354848e-05
958600 0.00011220592 3.5999665e-05
958800 0.00011656883 2.8840497e-05
959000 0.00010565419 5.0108288e-05
959200 0.00011790878 5.0858339e-05
959400 0.00010436154 2.6925102e-05
959600 7.4956929e-05 6.211225e-05
959800 8.6917503e-05 4.8636989e-05
960000 9.9957948e-05 2.8252984e-05
960200 0.00011359756 3.0182876e-05
960400 8.7014461e-05 1.0208228e-05
960600 0.00010168039 1.9997579e-05
960800 0.00010991814 2.9452572e-05
961000 0.00010068625 2.7642679e-05
961200 8.839876e-05 3.952133e-06
961400 6.904634e-05 2.0999815e-05
961600 8.2776075e-05 2.7051883e-05
961800 0.00010827194 8.981252e-06
962000 0.00010204321 2.4365388e-05
962200 0.00010204763 1.0799424e-05
962400 0.0001181772 1.224413e-05
962600 0.00010042078 1.6802447e-05
962800 0.00013098183 3.2525264e-05
963000 0.00013572453 3.6711841e-05
963200 9.3823177e-05 3.0140473e-05
963400 0.00012213928 3.0711892e-05
963600 9.6973486e-05 1.0192839e-05
963800 0.00012520041 1.4865607e-05
964000 9.8795083e-05 5.3122277e-06
964200 0.00011319003 2.7486693e-05
964400 9.601779e-05 8.0266825e-06
964600 0.00011604483 2.5692444e-05
964800 9.0276795e-05 3.6267583e-05
965000 8.3456024e-05 3.1017205e-05
965200 7.7817378e-05 4.4535368e-05
965400 8.1950136e-05 1.3207115e-05
965600 9.6530664e-05 2.8364393e-05
965800 8.9410448e-05 4.7860141e-06
966000 0.00010575426 1.9631101e-05
966200 0.00010237509 1.9880211e-05
966400 0.0001099601 2.7507338e-05
966600 0.00010750143 2.9867146e-05
966800 9.8245889e-05 1.4858413e-05
967000 0.00010668715 2.6244141e-05
967200 0.00011059286 4.1630609e-05
967400 8.9733624e-05 4.5023254e-05
967600 7.9404648e-05 2.5949103e-05
967800 9.4670048e-05 4.7103442e-05
968000 8.5310609e-05 3.296042e-05
968200 8.5656044e-05 1.7650738e-05
968400 9.0114896e-05 1.2188229e-05
968600 7.0420611e-05 1.9594308e-05
968800 6.2581592e-05 3.1874521e-05
969000 7.577842e-05 3.7110048e-05
969200 7.1124624e-05 4.1760355e-05
969400 8.5967053e-05 5.0646827e-05
969600 7.973415e-05 1.9463436e-05
969800 9.9144002e-05 4.0587551e-05
970000 9.2928534e-05 4.8029315e-05
970200 0.00010724321 4.6858078e-05
970400 0.00010192608 3.6305787e-05
970600 0.00010265137 5.5589405e-05
970800 0.00010481054 3.4800553e-05
971000 0.00012439994 3.4561027e-05
971200 0.00010297152 1.6816615e-05
971400 7.7411548e-05 3.2700154e-05
971600 7.9524936e-05 3.2751435e-05
971800 8.3930109e-05 4.5142953e-05
972000 9.5343591e-05 3.1457551e-05
972200 0.00011073313 2.137082e-05
972400 9.2757311e-05 2.6713339e-05
972600 9.888339e-05 3.3258218e-05
972800 7.5658709e-05 1.0605214e-05
973000 9.4682828e-05 9.9112611e-06
973200 9.4931863e-05 2.9905461e-05
973400 8.6034599e-05 1.8427216e-05
973600 0.00011133789 2.4995587e-05
973800 7.8747628e-05 1.4589944e-05
974000 8.553949e-05 2.1361115e-05
974200 8.4945723e-05 6.8396741e-05
974400 8.9485923e-05 4.9546547e-05
974600 0.00010197682 4.9324528e-05
974800 8.1485139e-05 4.9162753e-05
975000 0.0001080972 5.4142186e-05
975200 0.00010413394 3.6331705e-05
975400 9.19903e-05 4.685121e-05
975600 0.00010108587 2.5905553e-05
975800 9.6179838e-05 2.8395942e-05
976000 9.7568361e-05 4.1889409e-05
976200 8.8093178e-05 2.5453853e-05
976400 9.3717658e-05 4.1272654e-05
976600 0.00010676007 3.7415821e-05
976800 0.00010606179 3.5449062e-05
977000 7.5190009e-05 5.8096007e-05
977200 5.6524991e-05 3.5956803e-05
977400 7.316599e-05 5.2572891e-05
977600 9.4584e-05 5.6793868e-05
977800 8.3077374e-05 5.0977772e-05
978000 7.938192e-05 2.9250616e-05
978200 6.6663734e-05 5.9740647e-05
978400 0.00011305148 5.0287631e-05
978600 7.9674862e-05 6.1739639e-05
978800 8.2009963e-05 6.7064848e-05
979000 9.1980073e-05 5.4959866e-05
979200 9.0117095e-05 4.7911798e-05
979400 7.6010249e-05 5.3218998e-05
979600 0.00010577463 4.2238485e-05
979800 8.074444e-05 1.7552586e-05
980000 7.0373091e-05 3.7026325e-05
980200 9.5004892e-05 5.1113068e-05
980400 8.2743242e-05 9.3562907e-06
980600 8.5235205e-05 2.7423596e-05
980800 8.5133003e-05 4.4714698e-05
981000 8.3005063e-05 3.3881551e-05
981200 9.6817095e-05 4.3573329e-05
981400 0.00011419045 4.3614773e-05
981600 0.00011955966 3.6893218e-05
981800 9.0178297e-05 3.3689059e-05
982000 7.7338767e-05 1.7559939e-05
982200 7.4320036e-05 4.0467268e-05
982400 9.2131108e-05 5.3152571e-05
982600 9.2235215e-05 2.6831436e-05
982800 0.00012038114 1.198313e-05
983000 9.2152375e-05 1.1001413e-05
983200 9.5342084e-05 4.701729e-05
983400 7.4454061e-05 7.4872641e-05
983600 7.8702582e-05 4.683358e-05
983800 9.7409195e-05 7.2661287e-06
984000 9.8656988e-05 2.7453893e-05
984200 7.2530353e-05 4.7293163e-05
984400 7.5624634e-05 4.7109133e-05
984600 0.00010443681 4.8507836e-05
984800 0.00011857771 6.089329e-05
985000 0.0001043796 5.3284231e-05
985200 0.00010268291 4.0602334e-05
985400 9.8649755e-05 3.1232028e-05
985600 0.00010533817 4.2052479e-05
985800 7.3913739e-05 3.9872851e-05
986000 4.8668464e-05 4.2100788e-05
986200 8.5002987e-05 3.3937701e-05
986400 6.7276284e-05 2.7403556e-05
986600 8.3538568e-05 3.2186005e-05
986800 9.3694724e-05 3.1299116e-05
987000 8.3894355e-05 1.4440752e-05
987200 9.0158883e-05 3.1825947e-05
987400 9.2331499e-05 2.3682982e-05
987600 9.776497e-05 3.6515993e-05
987800 0.0001101127 5.0255171e-05
988000 0.00011615399 4.4724034e-05
988200 7.3087579e-05 1.6776093e-05
988400 6.6763395e-05 3.5856958e-05
988600 9.6435496e-05 6.4243342e-06
988800 0.00013609669 2.1197921e-05
989000 9.1811438e-05 1.2686556e-05
989200 0.00011290326 2.2959443e-05
989400 0.00012252928 8.8702008e-06
989600 9.3212868e-05 1.8261755e-05
989800 7.9893004e-05 9.4709621e-06
990000 0.0001003359 1.8817386e-05
990200 0.00010234965 2.1439495e-05
990400 5.8436746e-05 6.1360984e-05
990600 8.1039349e-05 2.9385867e-05
990800 6.6680974e-05 2.6138723e-05
991000 9.3443493e-05 2.7755814e-05
991200 9.4923962e-05 3.3281432e-05
991400 9.5600329e-05 1.3261268e-05
991600 9.194439e-05 3.0970182e-05
991800 7.8919857e-05 2.1773994e-05
992000 8.9983679e-05 5.8683124e-05
992200 0.00010552375 2.0796575e-05
992400 9.5444216e-05 3.1153759e-05
992600 9.7602301e-05 3.5057124e-05
992800 9.5849741e-05 3.1856699e-05
993000 8.1947431e-05 3.0684316e-05
993200 8.0011658e-05 3.9046295e-05
993400 6.8297484e-05 2.6222822e-05
993600 0.00010821888 4.1854013e-05
993800 0.00010405445 4.0861854e-05
994000 9.1507461e-05 3.6716964e-05
994200 0.00010203498 4.0075345e-05
994400 0.00010472911 1.9860484e-05
994600 8.8030559e-05 2.7047014e-05
994800 7.5633612e-05 1.4709235e-05
995000 6.5387327e-05 5.0340227e-05
995200 7.2963379e-05 2.502855e-05
995400 7.5282865e-05 2.5841595e-05
995600 0.00011461797 1.7054948e-05
995800 0.00010798002 2.8332309e-05
996000 9.861308e-05 4.1368739e-05
996200 0.00010191177 3.4101581e-05
996400 8.336106e-05 3.8687699e-05
996600 9.2707696e-05 1.9022477e-05
996800 0.00010588845 1.6393483e-05
997000 9.7535111e-05 3.2069311e-05
997200 0.00012142896 3.6489937e-05
997400 8.8004595e-05 3.5059525e-05
997600 8.5403987e-05 1.2989031e-05
997800 0.00010347111 2.1075035e-05
998000 6.6206713e-05 2.9088795e-05
998200 6.7616987e-05 4.2072246e-05
998400 0.00011404493 1.427737e-05
998600 9.2791026e-05 4.0847401e-05
998800 0.00012035883 2.9411653e-05
999000 0.0001111706 1.8845662e-05
999200 0.00010125875 2.7916969e-05
999400 0.00011726882 3.1309349e-05
999600 0.00011769337 8.2113063e-05
999800 9.8903479e-05 2.5993393e-05
1000000 0.00010423594 5.0698067e-05
1000200 0.00010065152 2.4567502e-05
1000400 0.00010023522 1.4127824e-05
1000600 7.8080108e-05 8.1508967e-06
1000800 9.1886564e-05 2.7309916e-05
1001000 0.00011421645 4.5729321e-05
1001200 0.00010805344 6.4745925e-05
1001400 0.00011498569 4.4561762e-05
1001600 0.000110733 3.2325721e-05
1001800 0.00010172083 2.1540306e-05
1002000 8.2321035e-05 4.7651285e-05
1002200 8.5960846e-05 4.6626859e-05
1002400 0.00010054698 4.1048196e-05
1002600 7.776904e-05 5.1605833e-05
1002800 5.4482077e-05 2.5216746e-05
1003000 7.039609e-05 3.9880639e-05
1003200 6.4096992e-05 6.1540595e-05
1003400 7.4731041e-05 3.5998803e-05
1003600 6.2685601e-05 3.4664154e-05
1003800 7.9115233e-05 3.1197993e-05
1004000 6.5775188e-05 3.9127958e-05
1004200 4.8631138e-05 2.4410846e-05
1004400 7.6282408e-05 5.3038132e-05
1004600 0.00010478169 3.8259161e-05
1004800 9.9335745e-05 3.4455212e-05
1005000 9.7712843e-05 2.6681791e-05
1005200 8.4421101e-05 2.7307227e-05
1005400 7.4517297e-05 3.0499005e-05
1005600 0.0001112312 2.2194889e-05
1005800 8.3380792e-05 2.2280553e-05
1006000 8.7728791e-05 2.1226268e-05
1006200 0.00010502286 3.5818838e-05
1006400 0.0001061582 4.8513763e-05
1006600 0.00011910667 7.350047e-06
1006800 9.5068592e-05 3.1339638e-05
1007000 8.5872798e-05 2.3053624e-05
1007200 0.00013077643 5.2251333e-05
1007400 0.00010997227 2.5456391e-05
1007600 9.1625514e-05 6.079693e-05
1007800 0.00011752489 2.6537533e-05
1008000 0.00011549812 2.8987925e-05
1008200 0.00011178779 3.1850638e-05
1008400 9.3975073e-05 2.3097046e-05
1008600 9.6253186e-05 2.6877428e-05
1008800 9.1732824e-05 1.5254563e-05
1009000 9.3721568e-05 1.8192852e-05
1009200 8.4524853e-05 2.0590415e-05
1009400 0.00010109753 6.7689237e-06
1009600 7.9896548e-05 3.2541441e-05
1009800 0.00011808393 2.2813021e-05
1010000 0.00010019104 5.6629711e-05
1010200 0.00010312842 1.9013003e-05
1010400 0.00010776354 2.8234282e-05
1010600 9.6126214e-05 2.3957567e-05
1010800 0.00010398636 2.0363216e-05
1011000 0.00010060818 1.6324489e-05
1011200 8.4617333e-05 1.4939081e-05
1011400 4.9659928e-05 4.8122543e-05
1011600 0.00010680984 3.3922344e-05
1011800 9.1432769e-05 2.7738003e-05
1012000 0.00012603099 3.9613124e-05
1012200 8.3715082e-05 2.1975501e-05
1012400 9.1974443e-05 4.4055038e-05
1012600 0.00011087812 5.8232779e-05
1012800 0.00011774263 5.3550746e-05
1013000 0.00010611163 3.942999e-05
1013200 0.00010186759 3.1253434e-05
1013400 0.00011011186 3.3904781e-05
1013600 0.00011660361 2.7646716e-05
1013800 0.00012080083 4.5123162e-05
1014000 7.2460696e-05 3.0016656e-05
1014200 0.00010861949 3.4856647e-05
1014400 8.7928453e-05 3.4493666e-05
1014600 0.00011914241 2.8566578e-05
1014800 0.00010764793 3.5451057e-05
1015000 8.6366753e-05 4.3554497e-05
1015200 9.1093627e-05 2.6983137e-05
1015400 6.2235153e-05 5.335134e-05
1015600 0.00010538007 9.0280415e-06
1015800 0.00010033632 1.8410077e-05
1016000 9.1455045e-05 1.8275515e-05
1016200 7.9871649e-05 3.1509324e-05
1016400 7.0245194e-05 1.0223571e-05
1016600 8.9751721e-05 2.41129e-05
1016800 7.5848286e-05 4.5222227e-05
1017000 7.7256645e-05 1.9491529e-05
1017200 8.6902699e-05 1.2603953e-05
1017400 7.3266369e-05 2.0833762e-05
1017600 7.7839704e-05 1.2944079e-05
1017800 6.6255168e-05 9.7243982e-06
1018000 8.6478818e-05 2.4965203e-06
1018200 8.1022209e-05 3.9269563e-05
1018400 8.0700056e-05 3.9904854e-05
1018600 8.727046e-05 6.464548e-06
1018800 5.8636915e-05 1.147589e-05
1019000 7.8106567e-05 3.1351709e-05
1019200 8.3600412e-05 2.1033446e-05
1019400 8.7225194e-05 4.2876692e-05
1019600 9.6750939e-05 2.2978743e-05
1019800 0.00010280247 4.2013082e-05
1020000 7.290374e-05 3.3770747e-05
1020200 9.1962621e-05 3.062905e-05
1020400 0.00010210984 4.9909283e-05
1020600 9.6012379e-05 3.9713598e-05
1020800 7.4448522e-05 3.3389055e-05
1021000 6.2720589e-05 1.637325e-05
1021200 8.4465443e-05 2.5596525e-05
1021400 8.4765767e-05 2.1779694e-05
1021600 6.3785876e-05 4.5847939e-05
1021800 9.5814731e-05 4.6582586e-05
1022000 0.00011013088 4.0117596e-05
1022200 8.6818629e-05 3.393844e-05
1022400 9.0738441e-05 1.5923506e-05
1022600 8.3510242e-05 8.9900321e-06
1022800 0.00012087323 2.3122739e-05
1023000 9.8398224e-05 4.515395e-06
1023200 8.8564039e-05 2.1578401e-05
1023400 0.00010706206 2.4855629e-05
1023600 8.4369824e-05 1.9140881e-05
1023800 9.2089392e-05 3.3341728e-05
1024000 7.4331961e-05 3.9621619e-05
1024200 7.8562016e-05 3.8368283e-05
1024400 0.000109422 1.4704764e-05
1024600 0.00011272035 3.9403534e-05
1024800 8.0851541e-05 2.1453331e-05
1025000 8.0474045e-05 1.509995e-05
1025200 8.449271e-05 2.557022e-05
1025400 0.00010837839 2.4259604e-05
1025600 8.1493138e-05 2.619622e-05
1025800 6.759087e-05 4.0663335e-05
1026000 7.1321386e-05 3.5421529e-05
1026200 8.7105603e-05 4.1491732e-05
1026400 8.0142707e-05 2.6499669e-05
1026600 8.2376476e-05 1.7445687e-05
1026800 9.0983474e-05 3.2820631e-05
1027000 9.3175404e-05 4.336089e-05
1027200 0.00011432802 5.7276074e-05
1027400 0.00010761451 5.2092264e-05
1027600 0.00011513771 5.5315936e-05
1027800 9.2194783e-05 8.184794e-05
1028000 9.9676794e-05 4.777722e-05
1028200 9.4655099e-05 3.8396549e-05
1028400 8.1096891e-05 4.4277514e-05
1028600 8.4924971e-05 4.4407149e-05
1028800 7.1417223e-05 2.4298371e-05
1029000 0.00010568858 3.9398987e-05
1029200 9.2853324e-05 3.9568818e-05
1029400 0.00011063804 5.1418474e-05
1029600 0.00010666241 5.6335367e-05
1029800 8.7681291e-05 4.893709e-05
1030000 7.6718994e-05 4.584095e-05
1030200 9.8849592e-05 1.9236347e-05
1030400 0.0001105908 4.628219e-05
1030600 9.1571378e-05 3.9982479e-05
1030800 7.0503808e-05 4.746169e-05
1031000 8.3724177e-05 4.364961e-05
1031200 8.2475325e-05 5.691868e-05
1031400 8.4824911e-05 6.1484876e-05
1031600 6.2269339e-05 2.3410866e-05
1031800 7.8703885e-05 4.2723386e-05
1032000 8.1213056e-05 4.6659466e-05
1032200 8.9817402e-05 4.2910105e-05
1032400 7.9030045e-05 4.8590974e-05
1032600 0.00011735109 2.3602717e-05
1032800 8.6768679e-05 9.4730086e-06
1033000 8.3892181e-05 3.8026261e-05
1033200 6.9444463e-05 3.6827571e-05
1033400 7.6875474e-05 5.8050667e-05
1033600 9.8189302e-05 4.651531e-05
1033800 9.0721975e-05 2.3450523e-05
1034000 8.387707e-05 2.9349659e-05
1034200 0.00010451065 1.7311736e-05
1034400 8.1338941e-05 4.2832942e-05
1034600 0.00010611349 3.1134463e-05
1034800 7.9220963e-05 3.3882053e-05
1035000 6.8510396e-05 3.8659755e-05
1035200 6.9987048e-05 4.0863607e-05
1035400 5.2633527e-05 2.3584186e-05
1035600 8.5494653e-05 1.9571079e-05
1035800 8.7548961e-05 3.4615174e-05
1036000 8.8966088e-05 4.2902503e-05
1036200 5.9117048e-05 2.7021878e-05
1036400 8.2904896e-05 4.0300326e-05
1036600 8.1205686e-05 2.7990616e-05
1036800 9.4476769e-05 2.1761517e-05
1037000 0.00010574333 5.5696881e-05
1037200 6.4364199e-05 3.813134e-05
1037400 6.2091146e-05 2.4585558e-05
1037600 9.3662709e-05 3.7268232e-05
1037800 4.9653772e-05 1.3546214e-05
1038000 7.1972068e-05 5.1972438e-05
1038200 6.6601129e-05 6.918115e-06
1038400 8.0575021e-05 3.4069937e-05
1038600 7.2221696e-05 3.4439985e-05
1038800 7.381388e-05 1.7037404e-05
1039000 8.6420634e-05 1.8624672e-05
1039200 5.9935352e-05 3.128696e-05
1039400 0.00010678607 3.8112351e-05
1039600 9.6191432e-05 3.8536243e-05
1039800 0.00010413901 3.4261281e-05
1040000 9.536523e-05 5.1410576e-05
1040200 0.00010325276 3.7893708e-05
1040400 9.1556244e-05 5.2046082e-05
1040600 9.4513441e-05 3.7190081e-05
1040800 9.3551446e-05 2.6591365e-05
1041000 8.0111908e-05 4.7607089e-05
1041200 0.00010373627 4.8136151e-05
1041400 6.9887798e-05 3.6529309e-05
1041600 9.6491711e-05 2.121338e-05
1041800 9.2690309e-05 4.0415105e-05
1042000 7.9890779e-05 5.6831834e-05
1042200 8.1039135e-05 6.6908136e-05
1042400 9.6635666e-05 4.764794e-05
1042600 8.5206879e-05 4.1364954e-05
1042800 9.682985e-05 1.8309973e-05
1043000 7.0041126e-05 3.2675268e-05
1043200 9.0007661e-05 2.4092017e-05
1043400 6.1385572e-05 2.9109642e-05
1043600 8.1740787e-05 4.1421623e-05
1043800 8.4193814e-05 9.9777112e-06
1044000 5.6195828e-05 2.8845859e-05
1044200 6.3148148e-05 3.3463438e-05
1044400 6.581445e-05 4.712704e-05
1044600 7.9426688e-05 3.5659311e-05
1044800 5.7146174e-05 4.2530024e-05
1045000 5.2339527e-05 7.1880719e-05
1045200 8.301201e-05 3.4895724e-05
1045400 8.2286722e-05 4.0006671e-05
1045600 5.0757804e-05 4.7416597e-05
1045800 6.3243792e-05 2.1553529e-05
1046000 4.9073199e-05 2.1944981e-05
1046200 7.3846629e-05 3.5926112e-05
1046400 7.1909165e-05 3.0805708e-05
1046600 0.00010639968 3.1840508e-05
1046800 8.5969986e-05 2.719222e-05
1047000 9.260338e-05 2.0245624e-05
1047200 6.6332268e-05 3.2738381e-05
1047400 7.3867391e-05 3.7747401e-05
1047600 7.5501214e-05 4.798716e-05
1047800 8.1046386e-05 3.8646992e-05
1048000 8.2056998e-05 2.2148674e-05
1048200 5.1341417e-05 4.2389735e-05
1048400 6.700561e-05 4.4087248e-05
1048600 7.2834717e-05 2.8188855e-05
1048800 6.4175871e-05 3.0716e-05
1049000 6.7556092e-05 5.2812348e-05
1049200 6.6482626e-05 3.5156946e-05
1049400 6.4520799e-05 4.4389425e-05
1049600 5.9641575e-05 2.7674532e-05
1049800 6.619461e-05 3.4759051e-05
1050000 9.6346148e-05 4.3779209e-05
1050200 6.2382964e-05 6.9673543e-05
1050400 4.5909399e-05 6.5438079e-05
1050600 6.4641331e-05 5.2199844e-05
1050800 7.5241516e-05 4.3475625e-05
1051000 9.6306695e-05 3.4012047e-05
1051200 0.000105923 6.1023846e-05
1051400 6.1844312e-05 6.7272616e-05
1051600 0.00010503999 4.6399594e-05
1051800 6.885362e-05 6.7493101e-05
1052000 8.3120237e-05 7.3831361e-05
1052200 9.4172638e-05 3.668431e-05
1052400 9.0757294e-05 3.873269e-05
1052600 9.0638509e-05 3.9524658e-05
1052800 6.1355092e-05 7.552458e-05
1053000 6.5232577e-05 4.7799494e-05
1053200 7.3125872e-05 5.9370777e-05
1053400 5.7628218e-05 2.7072389e-05
1053600 7.9861778e-05 4.3940886e-05
1053800 7.9619313e-05 3.9857364e-05
1054000 8.1190091e-05 1.0738461e-05
1054200 7.2537846e-05 2.246019e-05
1054400 4.8176898e-05 3.2874181e-05
1054600 7.1058896e-05 2.8055308e-05
1054800 7.0544367e-05 8.9573561e-06
1055000 8.4586696e-05 1.7061271e-05
1055200 8.0282609e-05 3.6886133e-05
1055400 7.0480225e-05 2.5232683e-05
1055600 6.2748153e-05 1.7776434e-05
1055800 7.4602501e-05 1.9698582e-05
1056000 9.625447e-05 1.5993375e-05
1056200 0.00010141351 3.3946782e-05
1056400 0.00011310615 4.6811809e-06
1056600 9.6414055e-05 4.4901807e-05
1056800 9.6175176e-05 2.0374211e-05
1057000 7.5878665e-05 3.8653724e-05
1057200 7.213379e-05 4.6984156e-05
1057400 5.2155992e-05 1.2190196e-05
1057600 8.9288235e-05 4.7430126e-05
1057800 8.3326608e-05 2.0751578e-05
1058000 8.0509643e-05 4.0571498e-05
1058200 7.1624799e-05 4.2111254e-05
1058400 7.7170484e-05 3.8218097e-05
1058600 9.2644469e-05 4.2744275e-05
1058800 0.00010226725 7.8164834e-05
1059000 8.244814e-05 7.7852358e-05
1059200 0.00010005302 4.5267094e-05
1059400 8.7248576e-05 3.0974851e-05
1059600 8.2791293e-05 5.2703562e-05
1059800 7.7042302e-05 9.0511339e-06
1060000 9.6585498e-05 4.1779335e-05
1060200 8.9218057e-05 2.593267e-05
1060400 8.2033814e-05 1.5666336e-05
1060600 8.8293242e-05 3.1840121e-05
1060800 5.2846838e-05 4.2286901e-05
1061000 5.8376605e-05 3.6314398e-05
1061200 5.6176649e-05 2.6529764e-05
1061400 9.6710953e-05 1.0772931e-05
1061600 6.8596977e-05 4.196987e-05
1061800 5.3611833e-05 2.7370522e-05
1062000 4.1978807e-05 1.5867276e-05
1062200 5.8397706e-05 1.4127304e-05
1062400 5.7242154e-05 1.5926892e-05
1062600 5.2728084e-05 4.1513076e-05
1062800 5.9916429e-05 5.2693647e-05
1063000 7.600113e-05 5.400317e-05
1063200 6.6155806e-05 2.2955573e-05
1063400 6.6584754e-05 2.0853576e-05
1063600 6.3495508e-05 2.2756502e-05
1063800 6.7685264e-05 3.0947691e-05
1064000 6.8656772e-05 1.6489659e-05
1064200 4.8112038e-05 3.8174652e-05
1064400 4.8797894e-05 2.0175982e-05
1064600 7.106502e-05 2.6278493e-05
1064800 5.8836463e-05 4.5039132e-05
1065000 5.9485767e-05 2.0549252e-05
1065200 7.0862771e-05 3.3345526e-05
1065400 6.5116876e-05 2.1291975e-05
1065600 9.8922857e-05 3.6568688e-05
1065800 7.3640011e-05 5.096935e-05
1066000 9.6000248e-05 4.5749154e-05
1066200 7.9628364e-05 5.484727e-05
1066400 5.1302286e-05 3.3308161e-05
1066600 8.0331143e-05 2.1838268e-05
1066800 6.9642029e-05 2.5024963e-05
1067000 5.4429085e-05 2.482476e-05
1067200 5.6026738e-05 4.7175133e-06
1067400 7.8192813e-05 1.4647371e-05
1067600 6.8656216e-05 3.7264444e-05
1067800 7.1851035e-05 4.9192198e-05
1068000 6.9979755e-05 4.1657721e-05
1068200 6.3945862e-05 1.2382097e-05
1068400 5.1829002e-05 7.289224e-06
1068600 6.6530698e-05 9.3903392e-06
1068800 6.2641243e-05 1.9143013e-06
1069000 5.666173e-05 1.9212998e-05
1069200 5.4625542e-05 3.8027135e-05
1069400 7.6530973e-05 3.4707254e-05
1069600 5.6554483e-05 2.66659e-05
1069800 7.864858e-05 3.0365447e-05
1070000 7.8559602e-05 4.6375088e-05
1070200 7.3042576e-05 3.130974e-05
1070400 9.6758137e-05 4.9668076e-05
1070600 7.4637003e-05 1.5399891e-05
1070800 8.0831089e-05 2.0382408e-05
1071000 0.0001026471 4.3903823e-05
1071200 7.5560289e-05 5.9563401e-05
1071400 7.8147079e-05 5.0000148e-05
1071600 8.2922943e-05 5.5047366e-05
1071800 6.1757553e-05 3.5887258e-06
1072000 5.7533451e-05 3.3777924e-05
1072200 4.4759554e-05 4.957903e-05
1072400 7.5632162e-05 4.427536e-05
1072600 9.2877478e-05 6.0175336e-05
1072800 9.3815756e-05 5.9641386e-05
1073000 8.0244733e-05 3.0044776e-05
1073200 9.1366098e-05 6.8983952e-05
1073400 7.3375132e-05 2.5794923e-05
1073600 8.5758453e-05 7.0827245e-05
1073800 6.9870165e-05 5.1250933e-05
1074000 6.8586245e-05 2.4687825e-05
1074200 7.7153196e-05 1.7491177e-05
1074400 0.0001018128 5.6767512e-05
1074600 9.424622e-05 2.6318265e-05
1074800 7.9854794e-05 1.386142e-05
1075000 7.9867543e-05 1.0506924e-05
1075200 8.4409406e-05 3.1902173e-05
1075400 9.7655951e-05 3.0114952e-05
1075600 0.00011063741 2.1432765e-05
1075800 9.4796001e-05 3.3369167e-05
1076000 0.00010392166 2.4582853e-05
1076200 7.7013396e-05 2.9059276e-05
1076400 8.4011975e-05 1.722359e-05
1076600 6.7179398e-05 4.9389638e-05
1076800 8.1569719e-05 3.0536856e-05
1077000 8.4921688e-05 4.4556386e-05
1077200 7.3069154e-05 4.2464715e-05
1077400 5.5316793e-05 3.0821729e-05
1077600 8.4925955e-05 3.8625178e-05
1077800 6.8350828e-05 5.5438397e-05
1078000 8.1511615e-05 2.8165977e-05
1078200 4.5126948e-05 4.142742e-05
1078400 6.4707082e-05 3.6628463e-05
1078600 6.6321888e-05 3.9036001e-05
1078800 9.704774e-05 4.3046419e-05
1079000 7.6018562e-05 5.006789e-05
1079200 7.6132869e-05 6.3011688e-05
1079400 9.659151e-05 4.8517505e-05
1079600 9.1722332e-05 3.721693e-05
1079800 9.6313814e-05 2.8927451e-05
1080000 8.2603452e-05 3.4312226e-05
1080200 6.649943e-05 3.0674175e-05
1080400 7.0415114e-05 3.3729174e-05
1080600 7.4383372e-05 4.2151927e-05
1080800 8.318011e-05 4.0314783e-05
1081000 7.7536617e-05 2.9880324e-05
1081200 0.00010686008 3.0766728e-05
1081400 3.7246715e-05 4.9745588e-05
1081600 6.8641726e-05 6.7534992e-05
1081800 6.7576097e-05 5.0840355e-05
1082000 4.4643476e-05 5.0121203e-05
1082200 8.8224493e-05 3.547369e-05
1082400 8.6333719e-05 6.3218549e-05
1082600 6.2593261e-05 4.0090605e-05
1082800 7.6204578e-05 4.5956372e-05
1083000 5.345142e-05 6.445531e-05
1083200 7.6280859e-05 5.2019003e-05
1083400 0.00010085036 4.4779591e-05
1083600 8.3518748e-05 3.6224693e-05
1083800 8.3422066e-05 3.4562739e-05
1084000 6.9300441e-05 2.6111888e-05
1084200 5.7572045e-05 3.6473683e-05
1084400 7.4081722e-05 3.7291676e-05
1084600 6.8957428e-05 5.3184833e-05
1084800 6.467617e-05 4.5930793e-05
1085000 7.8052728e-05 3.6428693e-05
1085200 6.7403123e-05 5.1642457e-05
1085400 7.6471297e-05 4.307425e-05
1085600 8.2162213e-05 2.4880973e-05
1085800 8.2863873e-05 5.6606826e-05
1086000 8.3189663e-05 2.983827e-05
1086200 7.7614218e-05 2.4032086e-05
1086400 8.9687509e-05 4.5983724e-05
1086600 8.6448091e-05 3.1692604e-05
1086800 7.9196787e-05 4.3251433e-05
1087000 8.1644815e-05 1.4225367e-05
1087200 8.0877137e-05 3.2956372e-05
1087400 5.8949026e-05 4.9700394e-05
1087600 6.108287e-05 3.3375562e-05
1087800 4.0065163e-05 2.8437277e-05
1088000 7.143968e-05 2.0143271e-05
1088200 6.6030541e-05 1.2541395e-05
1088400 7.7064001e-05 5.8260473e-05
1088600 6.1734995e-05 4.5150912e-05
1088800 4.8786032e-05 9.063231e-06
1089000 6.331372e-05 3.7985068e-05
1089200 6.123244e-05 3.7108167e-05
1089400 8.7789185e-05 4.1639099e-05
1089600 6.008384e-05 1.1460175e-05
1089800 8.9909714e-05 2.2487435e-05
1090000 7.9030956e-05 3.4637641e-05
1090200 7.4304573e-05 2.4390173e-05
1090400 8.3766714e-05 2.9083777e-05
1090600 3.6402278e-05 3.7545779e-05
1090800 6.7257953e-05 3.9894306e-05
1091000 5.1871097e-05 4.1825057e-05
1091200 8.7321433e-05 5.0836147e-05
1091400 6.6889599e-05 4.4979705e-05
1091600 7.5541882e-05 5.0615066e-05
1091800 6.4548007e-05 3.0037966e-05
1092000 8.4942688e-05 3.6916821e-05
1092200 9.4821922e-05 3.6173221e-05
1092400 6.8925373e-05 1.2827403e-05
1092600 7.9614013e-05 1.2073687e-05
1092800 6.0455017e-05 4.1732722e-05
1093000 4.3922174e-05 4.4985505e-05
1093200 3.502133e-05 4.4592689e-05
1093400 8.0151011e-05 1.568974e-05
1093600 7.967127e-05 3.5496785e-05
1093800 8.6361224e-05 1.7823722e-05
1094000 9.1154646e-05 1.9314404e-05
1094200 5.1879201e-05 2.9801148e-05
1094400 6.820638e-05 3.4885144e-05
1094600 3.6389382e-05 3.1322518e-05
1094800 4.6673742e-05 1.9141523e-05
1095000 5.8016902e-05 1.3749942e-05
1095200 4.3566778e-05 4.6550888e-05
1095400 4.9958838e-05 6.10931e-05
1095600 7.0811271e-05 1.9980425e-05
1095800 6.3414964e-05 1.6760901e-05
1096000 7.4578821e-05 3.0988442e-05
1096200 7.5421941e-05 3.0475656e-05
1096400 7.7962698e-05 4.6254066e-06
1096600 6.3046489e-05 2.1993487e-05
1096800 4.1808183e-05 2.2403882e-05
1097000 7.5530606e-05 2.2440089e-05
1097200 7.8668421e-05 1.2416714e-05
1097400 7.3145695e-05 3.7386862e-05
1097600 6.8277371e-05 3.5600103e-05
1097800 7.6496271e-05 5.3993477e-05
1098000 8.1455351e-05 4.1400048e-05
1098200 8.5817907e-05 1.8803132e-05
1098400 9.2989186e-05 8.7077476e-06
1098600 5.9436443e-05 3.0698149e-05
1098800 7.5680213e-05 1.5154083e-05
1099000 0.0001028118 2.2052253e-05
1099200 9.7549451e-05 4.0692423e-05
1099400 8.7572025e-05 5.1352844e-05
1099600 8.0776073e-05 3.6606396e-05
1099800 0.00011061718 2.6261773e-05
1100000 5.709964e-05 8.2829011e-05
1100200 7.4039662e-05 7.7333511e-05
1100400 8.2211488e-05 4.0412702e-05
1100600 8.4853304e-05 2.8729089e-05
1100800 0.00011993822 3.2002516e-05
1101000 0.00010170807 3.5481457e-05
1101200 9.1102599e-05 4.36128e-05
1101400 7.9172668e-05 4.1476131e-05
1101600 5.8678487e-05 5.1656405e-05
1101800 5.8299422e-05 3.5880329e-05
1102000 5.8505811e-05 5.8979328e-05
1102200 3.4199043e-05 3.908656e-05
1102400 6.6693361e-05 3.2608369e-05
1102600 4.794115e-05 2.5982945e-05
1102800 4.569313e-05 4.988585e-05
1103000 5.7396309e-05 5.3169525e-05
1103200 6.706959e-05 6.9888397e-05
1103400 7.8895042e-05 3.1920512e-05
1103600 4.3027388e-05 2.4106069e-05
1103800 7.3138835e-05 5.115653e-05
1104000 9.4286114e-05 2.3151373e-05
1104200 5.1115544e-05 2.8000794e-05
1104400 5.4049126e-05 5.8923189e-05
1104600 7.2308266e-05 3.6019422e-05
1104800 6.5845305e-05 3.3170812e-05
1105000 7.2885728e-05 2.57399e-05
1105200 8.4009764e-05 1.5640387e-05
1105400 9.4886121e-05 1.6656951e-05
1105600 8.6254259e-05 6.1308848e-06
1105800 8.3055847e-05 3.0651436e-05
1106000 7.4239342e-05 2.3049748e-05
1106200 5.0544359e-05 4.3953837e-05
1106400 6.0777087e-05 1.6122596e-05
1106600 7.8196e-05 1.3612563e-05
1106800 8.9006892e-05 3.7756014e-05
1107000 8.789739e-05 2.6989359e-05
1107200 6.5312972e-05 2.8070163e-05
1107400 7.5370727e-05 3.0791413e-05
1107600 9.5362805e-05 3.2101002e-05
1107800 8.0737702e-05 3.4891772e-05
1108000 9.285265e-05 3.2202092e-05
1108200 7.863489e-05 2.477797e-05
1108400 8.2916568e-05 2.0607691e-05
1108600 4.5528908e-05 2.8754201e-05
1108800 5.2582147e-05 2.5669254e-05
1109000 5.7207833e-05 1.7034713e-05
1109200 4.9328133e-05 8.4289898e-06
1109400 5.9154235e-05 2.7744903e-05
1109600 7.3345419e-05 3.3438955e-05
1109800 6.0507775e-05 2.9237721e-05
1110000 7.7198592e-05 1.7572303e-05
1110200 7.136566e-05 1.8583763e-05
1110400 5.8782635e-05 2.7824465e-05
1110600 8.4031879e-05 2.7231494e-05
1110800 7.0592318e-05 1.9081872e-05
1111000 7.8943744e-05 9.9280887e-06
1111200 7.9803773e-05 1.3256878e-05
1111400 7.0208986e-05 4.07516e-06
1111600 6.9180646e-05 1.2837355e-05
1111800 7.9981324e-05 1.3029127e-05
1112000 6.1118775e-05 3.2274016e-05
1112200 8.1238128e-05 1.236541e-05
1112400 6.7357329e-05 1.3611849e-05
1112600 6.5076067e-05 1.7475979e-05
1112800 6.9528811e-05 6.9266684e-06
1113000 7.7628249e-05 1.3003192e-05
1113200 7.3098695e-05 6.6615135e-06
1113400 9.4868888e-05 1.9986108e-05
1113600 0.00010053584 1.3764968e-05
1113800 8.3640007e-05 1.1219696e-05
1114000 9.4940951e-05 1.8604518e-05
1114200 8.6774744e-05 1.6632571e-05
1114400 8.8832543e-05 1.2587865e-05
1114600 8.2818901e-05 3.9409404e-05
1114800 7.0605883e-05 2.5727316e-05
1115000 7.8002421e-05 8.6360482e-06
1115200 9.7258993e-05 1.7296215e-05
1115400 5.0715258e-05 3.0381079e-05
1115600 7.8660753e-05 2.8168788e-05
1115800 8.5488214e-05 4.0659879e-05
1116000 7.1882987e-05 2.9261898e-05
1116200 7.0106139e-05 5.5987285e-06
1116400 6.6672063e-05 3.1539428e-05
1116600 8.9659211e-05 3.4883019e-05
1116800 6.1601329e-05 2.9210763e-05
1117000 7.5753494e-05 3.5922164e-05
1117200 6.7805352e-05 2.3971106e-05
1117400 7.8573461e-05 2.2620359e-05
1117600 4.8309552e-05 2.4123561e-05
1117800 9.5452562e-05 3.0756133e-05
1118000 6.9139505e-05 7.7191911e-06
1118200 7.7886638e-05 8.0630217e-06
1118400 9.8963404e-05 5.0204588e-06
1118600 7.1071748e-05 2.0383194e-05
1118800 4.1903851e-05 1.3950731e-05
1119000 3.5158933e-05 1.5361177e-05
1119200 6.895841e-05 2.8819431e-05
1119400 5.3064079e-05 3.7585527e-05
1119600 4.7767472e-05 2.5235083e-05
1119800 7.0075143e-05 3.9390533e-05
1120000 8.1890388e-05 1.5707806e-05
1120200 7.4355958e-05 1.3056477e-05
1120400 7.1240553e-05 2.2254743e-05
1120600 9.1464059e-05 2.5984368e-05
1120800 7.1484591e-05 5.3544761e-05
1121000 5.4443867e-05 3.0223376e-05
1121200 9.5886244e-05 3.858739e-05
1121400 3.5111989e-05 2.6804074e-05
1121600 5.7238647e-05 5.7181988e-05
1121800 3.7345106e-05 3.3518218e-05
1122000 2.9685931e-05 4.6940977e-05
1122200 4.9212022e-05 4.1342632e-05
1122400 2.9586948e-05 3.9235872e-05
1122600 6.8562293e-05 3.6947176e-05
1122800 5.6984418e-05 2.307837e-05
1123000 4.735324e-05 4.4488562e-05
1123200 5.9255749e-05 2.8969802e-05
1123400 7.1229059e-05 3.0248353e-05
1123600 4.2775872e-05 3.4218123e-05
1123800 4.1594854e-05 3.75139e-05
1124000 4.8906008e-05 3.0036159e-05
1124200 4.9629934e-05 3.3639193e-05
1124400 7.3593011e-05 3.9515456e-05
1124600 7.8598633e-05 8.7543848e-06
1124800 7.285998e-05 2.0165542e-05
1125000 6.3724176e-05 3.052455e-05
1125200 4.92636e-05 3.7564173e-05
1125400 3.1677179e-05 5.3936969e-05
1125600 1.8949419e-05 5.153499e-05
1125800 2.7652102e-05 2.7788286e-05
1126000 5.7178952e-05 4.5039905e-05
1126200 4.8140283e-05 2.6489335e-05
1126400 5.1131732e-05 1.7153149e-05
1126600 4.3605552e-05 3.048649e-05
1126800 5.7764058e-05 1.4460022e-05
1127000 5.8081058e-05 8.7437406e-06
1127200 6.0788677e-05 2.5922918e-05
1127400 7.0186657e-05 1.507041e-05
1127600 6.137125e-05 5.7213981e-06
1127800 7.8388782e-05 2.9020495e-05
1128000 5.2178187e-05 3.0376409e-05
1128200 4.9178492e-05 5.1668483e-05
1128400 5.2216202e-05 1.8769012e-05
1128600 8.9326954e-05 1.2734734e-05
1128800 7.170508e-05 1.5519975e-05
1129000 9.3870894e-05 3.3461081e-05
1129200 6.1992996e-05 3.8121578e-05
1129400 7.267297e-05 4.2299681e-05
1129600 7.4898883e-05 1.2435633e-05
1129800 7.5040352e-05 3.2918261e-05
1130000 9.081386e-05 2.9613178e-05
1130200 8.583857e-05 2.6135546e-05
1130400 7.9843734e-05 4.6131787e-05
1130600 6.3097482e-05 1.5353367e-05
1130800 8.4116669e-05 4.2138017e-05
1131000 7.3822576e-05 4.3810892e-05
1131200 8.9144423e-05 4.0372303e-05
1131400 8.0894823e-05 2.5482772e-05
1131600 7.3840747e-05 3.0971669e-05
1131800 7.9309264e-05 1.1021441e-05
1132000 9.7406769e-05 1.9849447e-06
1132200 0.00010341552 1.5692112e-05
1132400 8.2640384e-05 3.476465e-05
1132600 6.7884853e-05 3.0597454e-05
1132800 4.8450259e-05 2.2061098e-05
1133000 8.3331159e-05 2.5226724e-05
1133200 9.5189055e-05 1.5121667e-05
1133400 9.9145313e-05 1.4917851e-05
1133600 8.8031452e-05 3.5441962e-05
1133800 0.00010743241 6.4113108e-05
1134000 8.4039314e-05 3.1829327e-05
1134200 7.7255025e-05 2.925469e-05
1134400 8.7042413e-05 1.8487957e-05
1134600 7.0608574e-05 4.3117583e-05
1134800 9.1390361e-05 1.9687134e-05
1135000 8.6224578e-05 3.322602e-05
1135200 7.1227463e-05 1.8607602e-05
1135400 8.9230561e-05 2.740833e-05
1135600 0.00011460188 2.4780626e-05
1135800 8.9392152e-05 2.4046126e-05
1136000 8.7174883e-05 4.8230974e-05
1136200 8.1315692e-05 4.562709e-05
1136400 9.0626955e-05 3.4374683e-05
1136600 8.0714508e-05 2.7952619e-05
1136800 8.7486074e-05 1.1173776e-05
1137000 7.5857443e-05 3.7312268e-05
1137200 7.7100322e-05 1.7496342e-05
1137400 7.7626938e-05 2.4532566e-05
1137600 8.4025274e-05 2.2436587e-05
1137800 8.7095361e-05 4.3074398e-05
1138000 5.5567945e-05 5.9857018e-06
1138200 5.9082546e-05 7.9061304e-06
1138400 9.0393017e-05 1.2472574e-05
1138600 6.7689535e-05 1.5837129e-05
1138800 8.34567e-05 4.0235965e-05
1139000 8.6641943e-05 2.67233e-05
1139200 6.7957682e-05 5.2506207e-05
1139400 5.9495289e-05 4.2441473e-05
1139600 7.2653398e-05 4.1648749e-05
1139800 8.8108715e-05 2.9512202e-05
1140000 8.0248404e-05 3.4051666e-05
1140200 9.6286055e-05 2.0216733e-05
1140400 8.1589874e-05 1.0226062e-05
1140600 0.00010202949 6.7368579e-06
1140800 8.699164e-05 1.2605687e-05
1141000 7.1018729e-05 2.5406676e-05
1141200 7.8144539e-05 2.6146383e-05
1141400 7.6288118e-05 2.4601615e-05
1141600 5.5783133e-05 2.4537116e-05
1141800 9.640561e-05 1.4355944e-05
1142000 7.6646297e-05 5.3207572e-06
1142200 7.8435696e-05 4.6043058e-05
1142400 9.5492832e-05 2.1358781e-05
1142600 8.7930314e-05 3.6069675e-05
1142800 5.7845596e-05 1.8336875e-05
1143000 7.9601262e-05 3.3006498e-05
1143200 7.415896e-05 2.04424e-05
1143400 8.6996843e-05 1.4918232e-05
1143600 8.9946808e-05 2.3947158e-05
1143800 6.8091561e-05 3.0858093e-05
1144000 6.1901967e-05 1.8642862e-05
1144200 8.4078046e-05 2.1022308e-05
1144400 4.6940975e-05 3.4799911e-05
1144600 6.6739363e-05 4.5568611e-05
1144800 8.5645194e-05 4.7746432e-05
1145000 7.5490209e-05 3.3215528e-05
1145200 6.825042e-05 4.7516052e-05
1145400 8.7468113e-05 2.3056313e-05
1145600 8.8420868e-05 3.7011761e-05
1145800 8.8572078e-05 4.4727752e-05
1146000 5.7622154e-05 2.7059558e-05
1146200 5.6443768e-05 2.6750238e-05
1146400 5.3257728e-05 1.8091167e-05
1146600 8.4451559e-05 1.782628e-05
1146800 4.3912429e-05 2.7169228e-05
1147000 6.5553616e-05 2.0052881e-05
1147200 6.4975362e-05 2.3135219e-05
1147400 0.00010494003 4.4223331e-06
1147600 7.5575217e-05 1.1479371e-05
1147800 7.0954998e-05 1.437494e-05
1148000 4.8370978e-05 1.9543195e-05
1148200 6.9293451e-05 2.4163609e-05
1148400 6.1483198e-05 4.2886473e-06
1148600 7.7440155e-05 3.287954e-05
1148800 8.4167506e-05 5.9750795e-06
1149000 8.4182728e-05 1.9435338e-05
1149200 8.7930487e-05 9.8585794e-06
1149400 6.7315961e-05 1.690093e-05
1149600 7.660536e-05 2.588298e-05
1149800 8.2196573e-05 2.5380959e-05
1150000 8.2334945e-05 4.2897962e-05
1150200 8.720694e-05 3.8345604e-05
1150400 8.5328374e-05 2.1701218e-05
1150600 7.436114e-05 2.352565e-05
1150800 4.7992176e-05 3.8756424e-05
1151000 6.3139302e-05 2.3046127e-05
1151200 7.7076412e-05 2.7892239e-05
1151400 4.7218209e-05 8.535995e-06
1151600 9.2725389e-05 3.1121172e-05
1151800 8.5007807e-05 2.5998219e-05
1152000 7.7553215e-05 2.7999371e-05
1152200 6.0024798e-05 1.6797997e-05
1152400 7.0545726e-05 4.7781121e-05
1152600 7.4906773e-05 3.3874387e-05
1152800 5.0700438e-05 4.2960402e-05
1153000 5.50704e-05 4.7676123e-05
1153200 3.5876132e-05 3.0440524e-05
1153400 5.4696601e-05 2.2332049e-05
1153600 4.6883605e-05 3.8571323e-05
1153800 5.6725745e-05 1.6076011e-05
1154000 4.8042286e-05 1.7729195e-05
1154200 5.9619877e-05 2.706857e-05
1154400 6.5359669e-05 3.9537283e-06
1154600 5.3161293e-05 2.7553833e-05
1154800 5.9521484e-05 4.2887767e-05
1155000 6.6607247e-05 3.1278133e-05
1155200 4.7062097e-05 4.7581456e-06
1155400 5.3825306e-05 2.8990246e-05
1155600 6.9559931e-05 1.7736085e-05
1155800 6.3698493e-05 2.1383416e-05
1156000 4.1019833e-05 3.6666601e-05
1156200 4.9253559e-05 1.3240909e-05
1156400 4.2769716e-05 3.651995e-05
1156600 3.3150977e-05 5.1502488e-06
1156800 4.8784861e-05 8.4722042e-06
1157000 5.2722638e-05 4.2243994e-06
1157200 7.0759144e-05 6.3567826e-06
1157400 3.2607755e-05 3.6666528e-05
1157600 6.212181e-05 2.3138767e-05
1157800 6.1994626e-05 3.8356426e-05
1158000 5.0991655e-05 1.0747338e-05
1158200 6.7823295e-05 1.1454834e-06
1158400 5.7286856e-05 2.0764314e-05
1158600 6.5504566e-05 1.4895245e-05
1158800 8.0768653e-05 2.2604341e-05
1159000 7.4141189e-05 1.7859355e-05
1159200 7.0448248e-05 2.0626554e-05
1159400 7.5159498e-05 1.5533962e-05
1159600 7.6585435e-05 2.1157061e-05
1159800 8.1273144e-05 1.3932733e-05
1160000 7.7967234e-05 1.3852053e-06
1160200 5.3838035e-05 3.2128073e-05
1160400 6.2074068e-05 3.0106234e-05
1160600 6.6662144e-05 1.9247796e-05
1160800 7.1442949e-05 1.9203719e-05
1161000 6.7358109e-05 4.4659731e-06
1161200 5.6182752e-05 8.5099456e-06
1161400 7.0209392e-05 3.409754e-05
1161600 5.0924894e-05 2.6883903e-05
1161800 9.2041756e-05 3.4448448e-05
1162000 7.6759341e-05 2.4155056e-05
1162200 5.77658e-05 7.3969266e-06
1162400 4.0256836e-05 1.3347877e-05
1162600 3.6628556e-05 1.033781e-05
1162800 8.3362187e-05 2.3141798e-05
1163000 6.858857e-05 3.5652623e-05
1163200 4.5482811e-05 4.6648252e-05
1163400 5.5114381e-05 1.8153592e-05
1163600 6.7550827e-05 1.4735735e-05
1163800 6.6909672e-05 3.4486316e-05
1164000 6.1859163e-05 4.6178936e-05
1164200 4.9717367e-05 1.3787307e-05
1164400 5.650112e-05 3.8576944e-05
1164600 4.420504e-05 2.4833e-05
1164800 4.2612853e-05 5.8996676e-06
1165000 6.2739894e-05 3.0314509e-05
1165200 5.1006066e-05 1.176781e-05
1165400 5.8749294e-05 2.0404167e-05
1165600 4.3875461e-05 1.3492246e-05
1165800 4.2309682e-05 1.2501007e-05
1166000 8.522871e-05 4.9003888e-06
1166200 7.946319e-05 1.4723407e-05
1166400 3.9669245e-05 2.1050398e-05
1166600 6.0916893e-05 2.880392e-05
1166800 7.7236335e-05 1.4691141e-05
1167000 6.2895911e-05 1.3674885e-05
1167200 5.9456577e-05 4.1251325e-05
1167400 7.5494132e-05 3.3502023e-05
1167600 7.383637e-05 3.1004227e-05
1167800 8.8591047e-05 1.165527e-05
1168000 6.3229507e-05 2.210691e-05
1168200 8.3195655e-05 4.8073378e-05
1168400 6.5837028e-05 1.8370341e-05
1168600 8.1606577e-05 2.0789274e-05
1168800 7.9235474e-05 2.5109681e-05
1169000 6.5900504e-05 4.852603e-05
1169200 6.6877335e-05 4.1601619e-05
1169400 8.8547308e-05 4.2356152e-05
1169600 6.8377803e-05 5.790142e-05
1169800 6.9556157e-05 4.651224e-05
1170000 7.184615e-05 4.7277396e-05
1170200 7.009213e-05 6.2043552e-05
1170400 6.7308318e-05 3.8986579e-05
1170600 6.5594139e-05 4.2454971e-05
1170800 7.3762353e-05 3.6255047e-05
1171000 7.2097773e-05 2.9161772e-05
1171200 6.3941069e-05 3.4331017e-05
1171400 8.3627568e-05 3.6551841e-05
1171600 6.5859828e-05 2.1731622e-05
1171800 5.5269958e-05 2.0813126e-05
1172000 5.3317205e-05 3.5612857e-05
1172200 6.9797792e-05 4.7055599e-05
1172400 7.246127e-05 2.4794087e-05
1172600 6.7078946e-05 6.5018128e-05
1172800 6.7133849e-05 4.2724035e-05
1173000 7.8779667e-05 3.6587697e-05
1173200 6.2700517e-05 6.1903554e-05
1173400 8.6413041e-05 3.1740612e-05
1173600 6.8030703e-05 1.7314969e-05
1173800 4.7561821e-05 3.0116482e-05
1174000 5.6119762e-05 6.3621043e-05
1174200 6.241095e-05 4.9653555e-05
1174400 4.2197911e-05 2.0947651e-05
1174600 6.4324861e-05 2.8889261e-05
1174800 6.7752602e-05 1.1220788e-05
1175000 6.648553e-05 1.9992448e-05
1175200 4.4720741e-05 3.2256961e-05
1175400 2.1912711e-05 5.0776249e-05
1175600 4.5063479e-05 3.9941395e-05
1175800 5.0843458e-05 3.0529089e-05
1176000 8.3140269e-05 7.0163477e-06
1176200 6.6334311e-05 4.209512e-05
1176400 6.6355137e-05 7.4988073e-06
1176600 7.1980708e-05 2.6133109e-05
1176800 7.1922655e-05 3.5549367e-05
1177000 7.0403811e-05 2.8594952e-05
1177200 5.0655739e-05 3.4456144e-05
1177400 5.8332394e-05 3.4961868e-05
1177600 6.2431739e-05 3.7938074e-05
1177800 8.0012571e-05 1.5362526e-05
1178000 7.5652117e-05 2.8910494e-05
1178200 4.9031752e-05 3.9181635e-05
1178400 6.6689793e-05 3.080025e-05
1178600 5.4657837e-05 1.096586e-05
1178800 7.0787727e-05 2.4249634e-05
1179000 4.5780821e-05 6.8081089e-05
1179200 7.3901177e-05 3.395798e-05
1179400 7.3621711e-05 3.6484362e-05
1179600 6.6214345e-05 2.0301657e-05
1179800 7.0113299e-05 3.901804e-05
1180000 8.5974044e-05 2.5078819e-05
1180200 6.1337284e-05 3.3084927e-06
1180400 8.9969586e-05 3.299505e-05
1180600 4.9401233e-05 3.8690929e-05
1180800 7.8801593e-05 3.9890263e-05
1181000 0.00010271524 9.3433415e-06
1181200 0.00010041065 1.9922191e-05
1181400 8.4992051e-05 1.7122055e-05
1181600 9.2190359e-05 1.6632842e-05
1181800 8.2126592e-05 1.6970328e-05
1182000 8.1729261e-05 9.8959403e-06
1182200 8.8804679e-05 8.6171804e-06
1182400 8.0900727e-05 3.7812005e-05
1182600 8.7136676e-05 1.8913797e-05
1182800 5.9885292e-05 1.5774158e-05
1183000 6.2772568e-05 5.4789543e-06
1183200 6.6748106e-05 2.7139191e-05
1183400 7.7033575e-05 1.4520805e-05
1183600 8.5568115e-05 2.8025598e-05
1183800 8.6528194e-05 1.8796493e-05
1184000 8.8085683e-05 4.7990925e-05
1184200 0.00010127357 3.6288875e-05
1184400 7.8250796e-05 3.0511236e-05
1184600 9.0853577e-05 1.0796025e-05
1184800 5.7358399e-05 2.8758106e-06
1185000 8.0841238e-05 1.5649939e-05
1185200 6.5629584e-05 1.3318759e-05
1185400 6.8383328e-05 2.1189769e-05
1185600 5.850778e-05 3.0013058e-05
1185800 7.6258704e-05 5.2572374e-05
1186000 5.8267592e-05 2.0270078e-05
1186200 4.8063935e-05 1.5266578e-05
1186400 6.482594e-05 1.4547241e-05
1186600 8.2298324e-05 4.0879227e-05
1186800 7.0845132e-05 5.4690885e-06
1187000 7.0552098e-05 2.8737304e-05
1187200 8.3294187e-05 4.687061e-05
1187400 8.2693468e-05 2.186373e-05
1187600 5.7791742e-05 1.9346451e-05
1187800 7.6466908e-05 2.8062148e-05
1188000 6.0807294e-05 3.8137874e-05
1188200 3.9677664e-05 3.1870657e-05
1188400 4.1519972e-05 2.1491425e-05
1188600 5.8384433e-05 2.871791e-05
1188800 5.8414138e-05 2.6443258e-05
1189000 5.3680295e-05 6.674498e-06
1189200 7.6236502e-05 1.4757218e-05
1189400 8.5643246e-05 1.5167769e-05
1189600 6.4570292e-05 2.0518171e-05
1189800 8.1325867e-05 3.0798828e-05
1190000 6.2966496e-05 3.2532683e-05
1190200 5.2234095e-05 1.5544593e-05
1190400 6.4004202e-05 1.1526244e-05
1190600 4.9133956e-05 2.5917092e-05
1190800 7.538438e-05 4.4207794e-05
1191000 9.3419449e-05 4.6580917e-05
1191200 6.5864213e-05 2.6788423e-05
1191400 6.014036e-05 2.8471924e-05
1191600 7.0439698e-05 4.3448755e-05
1191800 6.6566241e-05 5.6623254e-05
1192000 7.6034097e-05 3.768001e-05
1192200 5.5311834e-05 5.2643273e-05
1192400 4.2710259e-05 4.1520424e-05
1192600 5.0522731e-05 3.7812176e-05
1192800 4.4683828e-05 1.9242594e-05
1193000 4.4026053e-05 3.0399137e-05
1193200 6.3987373e-05 3.0684472e-05
1193400 4.7547142e-05 4.4764709e-05
1193600 6.517674e-05 4.8279275e-05
1193800 6.5231498e-05 5.2497419e-05
1194000 6.0637099e-05 4.463478e-05
1194200 5.9588129e-05 3.4411463e-05
1194400 7.0509228e-05 4.7553102e-05
1194600 7.4943458e-05 4.7857717e-06
1194800 6.3074871e-05 3.7740551e-05
1195000 5.0944953e-05 4.2040647e-05
1195200 6.1748895e-05 6.0046617e-05
1195400 8.1720047e-05 4.0022027e-05
1195600 9.949999e-05 4.4705647e-05
1195800 6.3814521e-05 2.9013753e-06
1196000 7.1200292e-05 3.5415059e-05
1196200 6.0161009e-05 2.8978745e-05
1196400 8.8587521e-05 4.4358427e-05
1196600 6.9474729e-05 3.3223625e-05
1196800 5.674462e-05 4.0375062e-05
1197000 6.209853e-05 4.9435147e-05
1197200 8.1497852e-05 5.1836159e-05
1197400 5.8687403e-05 4.1485422e-05
1197600 4.6012067e-05 4.8294677e-05
1197800 3.7443559e-05 5.7011364e-05
1198000 6.873609e-05 5.2271594e-05
1198200 4.4607489e-05 4.977201e-05
1198400 3.8248031e-05 4.3270262e-05
1198600 6.1958183e-05 3.5706856e-05
1198800 8.2814369e-05 1.2229673e-05
1199000 5.9868291e-05 3.1098416e-05
1199200 7.472066e-05 1.6734524e-05
1199400 7.1588391e-05 2.7904055e-05
1199600 4.8119168e-05 1.6854098e-05
1199800 5.3047547e-05 3.3367395e-05
1200000 8.5015382e-05 2.3812984e-05
1200200 8.9588607e-05 2.1006617e-05
1200400 8.2860663e-05 4.6943293e-05
1200600 7.5352367e-05 6.1671392e-05
1200800 6.9830599e-05 5.5806372e-05
1201000 7.0084563e-05 5.2473122e-05
1201200 7.3422062e-05 4.8334341e-05
1201400 8.2679232e-05 3.6888345e-05
1201600 6.472782e-05 6.4654506e-05
1201800 6.2975393e-05 2.8636736e-05
1202000 7.2253157e-05 4.0667173e-05
1202200 9.8395944e-05 4.464317e-05
1202400 9.9775989e-05 5.2887564e-05
1202600 7.5298347e-05 4.2435555e-05
1202800 6.4694092e-05 4.0309131e-05
1203000 7.0013151e-05 2.1787499e-05
1203200 6.5818161e-05 3.301195e-05
1203400 6.5174838e-05 4.0272677e-05
1203600 7.2774761e-05 3.3031697e-05
1203800 6.9654761e-05 2.4021136e-05
1204000 5.3361526e-05 3.2285774e-05
1204200 7.4804537e-05 6.5813522e-05
1204400 6.2416026e-05 4.3958282e-05
1204600 8.2254862e-05 4.9015543e-05
1204800 8.2483166e-05 6.1587836e-05
1205000 9.5376337e-05 4.7083624e-05
1205200 5.7923163e-05 2.9048841e-05
1205400 3.1821562e-05 1.2239297e-05
1205600 5.5712037e-05 1.9633241e-05
1205800 7.1781704e-05 3.926222e-06
1206000 4.9678009e-05 1.3988554e-05
1206200 9.3876168e-05 3.6011041e-05
1206400 8.2405698e-05 2.1339872e-05
1206600 7.136559e-05 3.2584072e-05
1206800 8.6395879e-05 3.3487196e-05
1207000 8.5677971e-05 2.8409285e-05
1207200 9.1463312e-05 2.802508e-05
1207400 7.2435887e-05 3.6827803e-05
1207600 8.0523234e-05 2.5034492e-05
1207800 5.3753641e-05 4.3133403e-05
1208000 7.1523506e-05 5.1917237e-05
1208200 8.3954708e-05 3.7339624e-05
1208400 6.5325177e-05 4.1028331e-05
1208600 7.7923746e-05 2.4555713e-05
1208800 7.6313979e-05 1.7479167e-05
1209000 7.7126158e-05 3.7395994e-05
1209200 7.2239435e-05 2.0198534e-05
1209400 6.6341355e-05 4.3241561e-05
1209600 5.4069962e-05 3.3059776e-05
1209800 6.1425158e-05 2.9245134e-05
1210000 4.4809186e-05 1.5315383e-05
1210200 6.3880839e-05 4.9260036e-05
1210400 8.5708385e-05 1.258946e-05
1210600 9.0446028e-05 2.2126756e-05
1210800 0.00010505351 3.0876229e-05
1211000 8.2877903e-05 2.3751256e-05
1211200 6.9346691e-05 2.3659797e-05
1211400 8.6700398e-05 6.2169844e-05
1211600 9.6481248e-05 4.7861791e-05
1211800 9.664338e-05 2.9564955e-05
1212000 0.00010431223 4.4207533e-05
1212200 8.9512992e-05 4.0476352e-05
1212400 9.0652046e-05 4.5550734e-05
1212600 5.9154241e-05 4.5747315e-05
1212800 7.7242859e-05 5.9457788e-05
1213000 9.051823e-05 6.3137468e-05
1213200 9.1485572e-05 5.1601431e-05
1213400 0.00010382192 3.6241695e-05
1213600 0.00011433449 2.2686828e-05
1213800 8.7277106e-05 3.0397743e-05
1214000 8.4350348e-05 1.5328749e-05
1214200 8.754056e-05 2.9939363e-05
1214400 5.9018228e-05 3.2636716e-05
1214600 7.4899796e-05 3.9085916e-05
1214800 5.8772138e-05 5.3663183e-05
1215000 6.030138e-05 2.0313924e-05
1215200 8.5403992e-05 2.3094123e-05
1215400 7.6577151e-05 4.7055037e-05
1215600 8.0843357e-05 3.9344545e-05
1215800 7.9830984e-05 3.3010976e-05
1216000 6.6477627e-05 5.9987975e-05
1216200 8.8460677e-05 2.2318314e-05
1216400 7.595592e-05 2.4477162e-05
1216600 9.5826523e-05 3.6208882e-05
1216800 8.1301762e-05 4.1460486e-05
1217000 6.9063821e-05 4.8325221e-05
1217200 0.00010305651 4.640599e-05
1217400 8.7573121e-05 3.8086159e-05
1217600 7.8240606e-05 2.6077135e-05
1217800 8.0518557e-05 3.685744e-05
1218000 8.1289328e-05 1.5243916e-05
1218200 7.6829981e-05 5.258477e-05
1218400 7.1774334e-05 3.4655641e-05
1218600 7.5975247e-05 3.6800651e-05
1218800 8.7211927e-05 2.2761401e-05
1219000 6.4545087e-05 2.1703055e-05
1219200 6.6828097e-05 3.8293982e-05
1219400 7.4097953e-05 4.3863153e-05
1219600 7.6137012e-05 5.237046e-05
1219800 7.0993481e-05 4.484444e-05
1220000 5.830605e-05 4.9218289e-05
1220200 7.0541037e-05 2.804353e-05
1220400 9.5949979e-05 5.3594935e-05
1220600 0.00010466488 4.7784616e-05
1220800 8.7908985e-05 5.211086e-05
1221000 7.4190256e-05 3.9544979e-05
1221200 7.6550537e-05 4.2989949e-05
1221400 8.0083801e-05 4.3370237e-05
1221600 5.3262289e-05 5.8076845e-05
1221800 5.6071572e-05 5.3317133e-05
1222000 7.2144605e-05 4.1642447e-05
1222200 6.0354429e-05 2.9874808e-05
1222400 7.7285948e-05 3.9082575e-05
1222600 7.7276418e-05 3.664425e-05
1222800 5.650719e-05 3.4229139e-05
1223000 7.9464744e-05 3.4275966e-05
1223200 7.4888435e-05 5.0055021e-05
1223400 5.220797e-05 5.3574518e-05
1223600 9.8889473e-05 3.9439827e-05
1223800 7.2675746e-05 2.1649052e-05
1224000 5.4360716e-05 3.9779352e-05
1224200 7.4038896e-05 3.4801114e-05
1224400 6.0850264e-05 3.4338694e-05
1224600 5.4311076e-05 3.3968767e-05
1224800 7.267797e-05 2.1242917e-05
1225000 7.2947167e-05 3.8283644e-05
1225200 8.8686841e-05 3.4289976e-05
1225400 8.9072545e-05 2.5073468e-05
1225600 9.4270457e-05 3.6484464e-05
1225800 8.9399408e-05 3.6078393e-05
1226000 5.9845351e-05 3.6967865e-05
1226200 8.6044081e-05 4.4214645e-05
1226400 3.7139915e-05 4.5049344e-05
1226600 7.5721292e-05 3.4328846e-05
1226800 5.7856284e-05 2.6710457e-05
1227000 7.0254869e-05 3.7247767e-05
1227200 5.973015e-05 4.9905931e-05
1227400 7.3346827e-05 3.6572381e-05
1227600 5.5830625e-05 2.6934904e-05
1227800 5.1260525e-05 2.6670172e-05
1228000 4.9278091e-05 7.1929012e-05
1228200 6.0851045e-05 4.2568431e-05
1228400 7.3564541e-05 1.0242989e-05
1228600 0.00010023954 3.0891365e-05
1228800 7.2667883e-05 3.9527511e-05
1229000 9.0866071e-05 1.5764691e-05
1229200 7.9514926e-05 2.4180528e-05
1229400 9.152225e-05 1.9822211e-05
1229600 8.1640604e-05 3.2698282e-05
1229800 8.5348449e-05 3.5209377e-05
1230000 8.4885662e-05 5.6342529e-05
1230200 6.8040778e-05 2.4652521e-05
1230400 9.8640301e-05 3.585357e-05
1230600 8.077491e-05 1.2801817e-05
1230800 9.9745391e-05 3.8798385e-05
1231000 0.00010091121 3.3306624e-05
1231200 8.573233e-05 3.4773726e-05
1231400 6.8119534e-05 3.0206313e-05
1231600 7.5693002e-05 3.718986e-05
1231800 0.00010597826 6.6252765e-05
1232000 8.8699484e-05 5.4701243e-05
1232200 8.9498069e-05 5.3642415e-05
1232400 5.9134e-05 3.9832878e-05
1232600 6.2622296e-05 3.5634972e-05
1232800 8.8891898e-05 4.3906644e-05
1233000 6.092874e-05 3.9456025e-05
1233200 5.3619255e-05 2.2769575e-05
1233400 8.4070831e-05 5.3656916e-05
1233600 7.347612e-05 5.0814324e-05
1233800 4.087786e-05 5.1535357e-05
1234000 6.6052675e-05 4.5532368e-05
1234200 4.2587153e-05 3.2099562e-05
1234400 5.4508312e-05 2.9195976e-05
1234600 8.2655715e-05 3.2975907e-05
1234800 6.2662881e-05 5.7661717e-05
1235000 0.00010649296 4.2655229e-05
1235200 0.00010314582 2.2466425e-05
1235400 8.5279066e-05 2.1379962e-05
1235600 9.7120641e-05 1.9756283e-05
1235800 5.0004779e-05 3.5086574e-05
1236000 5.9421069e-05 4.9702475e-05
1236200 8.5449048e-05 5.8452612e-05
1236400 0.00010202378 3.2943324e-05
1236600 7.0935118e-05 3.7208537e-05
1236800 9.4170846e-05 3.4546988e-05
1237000 6.2433516e-05 4.3679276e-05
1237200 7.0585493e-05 3.5622552e-05
1237400 8.3325995e-05 3.8419027e-05
1237600 6.9788737e-05 2.3295389e-05
1237800 6.3781613e-05 4.1830481e-05
1238000 9.6850941e-05 3.2117878e-05
1238200 6.0684697e-05 2.2515805e-05
1238400 7.2303567e-05 2.3273635e-05
1238600 7.5329434e-05 4.1255231e-05
1238800 8.4558468e-05 3.3533526e-05
1239000 0.00011811765 1.0140914e-05
1239200 8.8539924e-05 4.8606656e-05
1239400 8.445445e-05 3.0239094e-05
1239600 6.1736888e-05 2.7884015e-05
1239800 7.6251984e-05 3.3419139e-05
1240000 6.986107e-05 4.5410012e-05
1240200 8.4153543e-05 5.3745237e-05
1240400 7.3605196e-05 6.2598381e-05
1240600 9.4096189e-05 7.111983e-05
1240800 5.7086585e-05 3.5779253e-05
1241000 9.5585472e-05 4.5467241e-05
1241200 6.6714712e-05 6.246018e-05
1241400 4.5597562e-05 5.5359708e-05
1241600 5.7802152e-05 5.9462049e-05
1241800 8.638306e-05 3.6453743e-05
1242000 9.6341706e-05 3.0306335e-05
1242200 6.8497277e-05 3.4977413e-05
1242400 8.6091647e-05 2.7953974e-05
1242600 7.0389658e-05 3.0132343e-05
1242800 8.3914828e-05 3.9252729e-05
1243000 8.3014377e-05 2.411239e-05
1243200 9.0338492e-05 2.1021198e-05
1243400 8.8139677e-05 3.3292481e-05
1243600 6.7723104e-05 4.9496707e-05
1243800 0.00010866151 3.4820314e-05
1244000 8.5701286e-05 2.5862369e-05
1244200 7.7373499e-05 4.1629199e-05
1244400 7.9332795e-05 2.1976732e-05
1244600 8.3706459e-05 4.9501518e-05
1244800 6.9839698e-05 5.6131093e-05
1245000 9.5618164e-05 3.0591682e-05
1245200 7.5424513e-05 3.6310148e-05
1245400 9.9881611e-05 4.6661914e-05
1245600 9.2142485e-05 2.9150397e-05
1245800 6.9448797e-05 2.0502332e-05
1246000 7.4625284e-05 3.4744924e-05
1246200 6.7993806e-05 2.1482798e-05
1246400 6.2972733e-05 3.5758918e-05
1246600 7.7885075e-05 4.2987098e-05
1246800 7.4870398e-05 3.3155212e-05
1247000 7.4532774e-05 4.6776792e-05
1247200 5.7273551e-05 5.6674989e-05
1247400 5.6247275e-05 4.1445235e-05
1247600 5.8051467e-05 5.4896296e-05
1247800 7.8271316e-05 3.8796455e-05
1248000 6.6986267e-05 2.0175326e-05
1248200 7.6941396e-05 4.382862e-05
1248400 5.1737471e-05 5.3573041e-05
1248600 5.7776522e-05 2.903757e-05
1248800 5.8725877e-05 2.4658889e-05
1249000 6.2087768e-05 2.4109609e-05
1249200 5.4087766e-05 1.2893242e-05
1249400 6.7436663e-05 1.4357946e-05
1249600 6.9216948e-05 3.2956493e-05
1249800 5.1548928e-05 3.3322134e-05
1250000 6.9905166e-05 5.4666707e-05
1250200 9.5772379e-05 2.4610306e-05
1250400 8.944431e-05 9.7781566e-06
1250600 9.3374738e-05 4.3258953e-05
1250800 7.3337118e-05 5.4545989e-05
1251000 9.6765199e-05 3.856514e-05
1251200 9.8164444e-05 2.3506143e-05
1251400 0.00010751919 2.1513751e-05
1251600 8.2535035e-05 2.4074927e-05
1251800 4.7902156e-05 3.0177935e-05
1252000 5.2921913e-05 4.0107594e-05
1252200 6.4361901e-05 2.8304676e-05
1252400 8.9947251e-05 8.9903542e-06
1252600 8.5691314e-05 2.1165923e-06
1252800 8.5655723e-05 1.1558333e-05
1253000 5.2936195e-05 1.5975668e-05
1253200 5.3989004e-05 1.7679555e-05
1253400 6.2529522e-05 4.2775848e-05
1253600 6.9014732e-05 2.5351789e-05
1253800 8.6241561e-05 4.1396299e-05
1254000 8.1469634e-05 3.0428696e-05
1254200 6.2676359e-05 1.8888301e-05
1254400 7.8059914e-05 1.7418517e-05
1254600 6.572567e-05 2.6941091e-05
1254800 7.323732e-05 2.7650153e-05
1255000 8.2344871e-05 4.1833755e-05
1255200 7.6900581e-05 4.8626582e-05
1255400 6.318831e-05 3.8346093e-05
1255600 7.8760928e-05 3.6511845e-05
1255800 8.6169721e-05 4.1080515e-05
1256000 7.7748867e-05 5.3253021e-05
1256200 7.0763721e-05 4.7172103e-05
1256400 6.9457365e-05 5.0092459e-05
1256600 5.2324068e-05 3.2743788e-05
1256800 7.9297536e-05 2.7531461e-05
1257000 6.700232e-05 1.9027081e-05
1257200 8.2008304e-05 2.760367e-05
1257400 6.0854551e-05 2.626959e-05
1257600 5.7191828e-05 2.5375166e-05
1257800 6.294205e-05 2.478911e-05
1258000 9.7568872e-05 3.5845161e-05
1258200 7.3105391e-05 2.5962291e-05
1258400 6.9986764e-05 2.4554467e-05
1258600 6.8765526e-05 6.1401511e-05
1258800 7.1367904e-05 2.9510709e-05
1259000 4.5565218e-05 8.7099486e-06
1259200 6.9139638e-05 3.2154326e-05
1259400 6.8987976e-05 3.1727275e-05
1259600 8.1223546e-05 6.3675196e-06
1259800 6.3821357e-05 9.5315939e-06
1260000 6.4143723e-05 5.5631354e-05
1260200 9.8469399e-05 6.2234637e-05
1260400 7.6893322e-05 2.1980588e-05
1260600 6.9954161e-05 3.744842e-05
1260800 7.8333401e-05 3.8554036e-05
1261000 0.00010061021 4.4195956e-05
1261200 7.9167688e-05 4.6805815e-05
1261400 7.9898537e-05 3.3296773e-05
1261600 7.5143607e-05 5.4085736e-05
1261800 8.1719982e-05 5.1200115e-05
1262000 9.3028136e-05 4.3142373e-05
1262200 6.9569399e-05 6.4029106e-05
1262400 6.9430147e-05 1.9129026e-05
1262600 7.8461402e-05 5.2155169e-05
1262800 6.0152237e-05 1.2577148e-06
1263000 7.8055538e-05 2.3812807e-05
1263200 6.8027063e-05 4.3527561e-05
1263400 7.4117888e-05 2.9907406e-05
1263600 6.3935872e-05 4.2034087e-05
1263800 8.387553e-05 3.9311557e-05
1264000 8.1644683e-05 5.3305955e-05
1264200 6.4547846e-05 5.1732432e-05
1264400 7.1593276e-05 4.9714164e-05
1264600 5.1814189e-05 5.4402147e-05
1264800 6.5753126e-05 3.7137299e-05
1265000 6.8015912e-05 4.6910184e-05
1265200 5.7656026e-05 4.6618609e-05
1265400 6.7952703e-05 2.942988e-05
1265600 6.7767502e-05 5.4745881e-05
1265800 6.2275947e-05 1.9001545e-05
1266000 4.1248891e-05 1.5319932e-05
1266200 7.9498344e-05 3.3115434e-05
1266400 9.1602604e-05 2.8299288e-05
1266600 6.0401961e-05 4.1969946e-05
1266800 4.2857538e-05 4.3406499e-05
1267000 5.698917e-05 2.5184671e-05
1267200 5.2461093e-05 4.2080858e-05
1267400 4.5299308e-05 5.4551662e-05
1267600 4.900554e-05 3.8149409e-05
1267800 7.0201606e-05 2.9360312e-05
1268000 6.6658877e-05 2.7369323e-05
1268200 8.6225997e-05 3.9915796e-05
1268400 8.2693141e-05 3.8707592e-05
1268600 6.5193475e-05 2.8787018e-05
1268800 5.816715e-05 4.1791678e-05
1269000 5.7876481e-05 3.8796318e-05
1269200 5.1442591e-05 2.7776266e-05
1269400 6.784095e-05 3.0203918e-05
1269600 7.7412599e-05 3.1963997e-05
1269800 9.2670143e-05 3.3489264e-05
1270000 7.4639075e-05 3.9277647e-05
1270200 6.143275e-05 3.3460376e-05
1270400 5.0538905e-05 2.7091713e-05
1270600 4.4034425e-05 3.2212593e-05
1270800 5.3332698e-05 2.9268337e-05
1271000 4.2866909e-05 5.0163148e-05
1271200 6.9836961e-05 2.843546e-05
1271400 6.1805712e-05 3.3085194e-05
1271600 8.8071475e-05 1.7247346e-05
1271800 6.8374476e-05 4.0511738e-05
1272000 5.5046108e-05 5.3788614e-05
1272200 3.2281161e-05 5.6792006e-05
1272400 5.2149884e-05 3.8751527e-05
1272600 6.2345093e-05 3.4743514e-05
1272800 7.6088232e-05 1.8469066e-05
1273000 6.7454259e-05 5.1917368e-05
1273200 6.634575e-05 6.1749403e-05
1273400 9.135061e-05 5.2924018e-05
1273600 7.975634e-05 4.2266861e-05
1273800 7.8049505e-05 5.1114198e-05
1274000 7.3610627e-05 6.0326946e-05
1274200 4.8874383e-05 4.093033e-05
1274400 4.4035045e-05 3.760583e-05
1274600 4.6518339e-05 5.3420995e-05
1274800 3.4881189e-05 1.5123948e-05
1275000 7.6977607e-05 1.2420817e-05
1275200 4.9397756e-05 3.2467492e-05
1275400 6.4232107e-05 4.6267855e-05
1275600 6.378001e-05 2.866637e-05
1275800 7.0361769e-05 2.1249267e-05
1276000 6.1837756e-05 5.2562025e-05
1276200 5.5023807e-05 3.9661369e-05
1276400 6.7516862e-05 3.3277672e-05
1276600 8.1115508e-05 1.5730864e-05
1276800 4.1311994e-05 1.6845526e-05
1277000 6.7858826e-05 4.5615907e-05
1277200 6.4108958e-05 4.036036e-05
1277400 9.0896954e-05 1.6969885e-05
1277600 6.5646131e-05 2.091151e-05
1277800 9.6428005e-05 1.5637508e-05
1278000 8.8778496e-05 2.468574e-05
1278200 7.4454064e-05 4.1148489e-05
1278400 5.570168e-05 6.0423197e-05
1278600 5.8358395e-05 4.9307335e-05
1278800 7.6241976e-05 2.953972e-05
1279000 8.2161349e-05 3.7288267e-05
1279200 7.5872191e-05 1.0546671e-05
1279400 9.3688748e-05 1.7307609e-05
1279600 7.772494e-05 2.1190245e-05
1279800 8.1673009e-05 5.1974282e-05
1280000 5.2354076e-05 2.3766614e-05
1280200 6.4501015e-05 3.0204066e-05
1280400 6.2222421e-05 3.4192215e-05
1280600 4.2311625e-05 4.0582111e-05
1280800 5.1943051e-05 3.9174971e-05
1281000 7.793916e-05 3.5113882e-05
1281200 6.8565314e-05 3.9755326e-05
1281400 5.3224189e-05 3.8628867e-05
1281600 3.6685344e-05 5.7270725e-05
1281800 4.468581e-05 3.8934868e-05
1282000 5.6367073e-05 4.5010056e-05
1282200 6.378614e-05 2.5323863e-05
1282400 4.9622174e-05 2.7304596e-05
1282600 7.3871931e-05 2.5461786e-05
1282800 5.7534955e-05 1.4503411e-05
1283000 6.6160634e-05 1.7385018e-05
1283200 6.4494162e-05 2.0911735e-05
1283400 4.4044127e-05 2.5851331e-05
1283600 4.9279905e-05 2.6635472e-05
1283800 5.3503489e-05 5.1420133e-06
1284000 5.981955e-05 3.473054e-05
1284200 7.8711719e-05 1.245598e-05
1284400 7.3186046e-05 1.9673136e-05
1284600 6.4748179e-05 2.1579639e-05
1284800 6.0837173e-05 4.3434978e-05
1285000 5.711632e-05 5.4687123e-05
1285200 6.9981107e-05 1.296959e-05
1285400 6.4678e-05 5.3989933e-05
1285600 7.3631088e-05 1.7783698e-05
1285800 5.038903e-05 3.9066716e-05
1286000 4.7713217e-05 1.8567743e-05
1286200 8.1162014e-05 3.5384903e-05
1286400 5.743774e-05 2.5932217e-05
1286600 5.7855837e-05 2.9960597e-05
1286800 6.9641449e-05 2.7378799e-05
1287000 6.6637504e-05 1.5486636e-05
1287200 3.8302026e-05 5.8446005e-05
1287400 5.8288918e-05 7.0715642e-05
1287600 4.3946526e-05 4.1263994e-05
1287800 5.137262e-05 3.0288527e-05
1288000 4.8401239e-05 6.3383876e-05
1288200 3.8239377e-05 5.4261087e-05
1288400 1.7998068e-05 2.8117541e-05
1288600 5.5158227e-05 1.8655277e-05
1288800 5.1549684e-05 2.0893142e-05
1289000 5.7978229e-05 2.6885383e-05
1289200 5.9917723e-05 3.9623899e-05
1289400 6.2779117e-05 3.4547524e-05
1289600 5.1115972e-05 3.8226468e-05
1289800 5.4127519e-05 2.3562463e-05
1290000 4.4910423e-05 5.2732333e-05
1290200 5.6313461e-05 4.2351403e-05
1290400 5.1209264e-05 2.990196e-05
1290600 6.9810323e-05 3.4510941e-05
1290800 9.2747083e-05 5.6847978e-05
1291000 8.4749738e-05 3.2316298e-05
1291200 6.7868128e-05 3.4567627e-05
1291400 6.5689063e-05 3.9972224e-05
1291600 8.2674806e-05 3.8635735e-05
1291800 6.7703424e-05 3.7883789e-05
1292000 8.017757e-05 4.5924725e-05
1292200 6.3268103e-05 4.6697269e-05
1292400 5.7606379e-05 4.7096886e-05
1292600 7.0207153e-05 1.0373496e-05
1292800 6.3083495e-05 2.2470331e-05
1293000 5.2676678e-05 3.9000593e-05
1293200 7.295386e-05 5.5888059e-05
1293400 5.9996886e-05 4.276518e-05
1293600 5.7022049e-05 3.8353067e-05
1293800 4.7294018e-05 2.6160759e-05
1294000 5.1292239e-05 5.1148628e-05
1294200 6.8608866e-05 3.5276053e-05
1294400 8.7920275e-05 3.7850128e-05
1294600 6.7196439e-05 4.4307751e-05
1294800 4.6177708e-05 4.5783213e-05
1295000 7.1534557e-05 4.8885876e-06
1295200 7.5111159e-05 3.6012515e-05
1295400 5.1795235e-05 4.6785415e-05
1295600 7.8242756e-05 4.4929025e-05
1295800 6.9199855e-05 3.6431944e-05
1296000 5.4436014e-05 4.1131284e-05
1296200 7.7937598e-05 6.8688653e-05
1296400 7.1821202e-05 3.6730353e-05
1296600 8.6695717e-05 4.5526787e-05
1296800 6.2478718e-05 3.8085772e-05
1297000 7.1370418e-05 5.9667281e-05
1297200 8.0626111e-05 5.4350974e-05
1297400 6.0409567e-05 4.6782722e-05
1297600 5.3511608e-05 1.8934411e-05
1297800 5.5291409e-05 6.4671254e-05
1298000 3.9361762e-05 4.0739267e-05
1298200 4.4883431e-05 4.5046686e-05
1298400 7.2914418e-05 4.4931701e-05
1298600 9.0918751e-05 6.4830613e-05
1298800 8.7801076e-05 2.012587e-05
1299000 6.1073382e-05 1.2749929e-05
1299200 6.2176061e-05 2.2701159e-05
1299400 6.4768013e-05 4.5618734e-05
1299600 9.3218354e-05 3.1141025e-05
1299800 8.0683327e-05 3.2839752e-05
1300000 6.6011339e-05 8.6026953e-06
1300200 7.8878372e-05 2.8024254e-05
1300400 8.6663884e-05 1.8549374e-05
1300600 8.7324631e-05 2.797171e-05
1300800 7.3502366e-05 3.3239972e-05
1301000 7.9558353e-05 3.7639805e-05
1301200 8.1314251e-05 3.8083769e-05
1301400 7.8644972e-05 3.1347132e-05
1301600 7.2230203e-05 4.1025014e-05
1301800 6.9106661e-05 4.0588023e-05
1302000 7.705391e-05 2.1263153e-05
1302200 7.2354028e-05 3.1232966e-05
1302400 7.2751023e-05 2.2446036e-05
1302600 5.7402254e-05 1.9571921e-05
1302800 6.8723886e-05 3.9193197e-05
1303000 8.2191373e-05 2.1832269e-05
1303200 6.9981444e-05 1.2666279e-05
1303400 8.1098432e-05 3.8831218e-06
1303600 8.2688256e-05 2.7084775e-05
1303800 7.2481992e-05 5.6480815e-05
1304000 7.2981028e-05 3.8908274e-05
1304200 6.9013766e-05 3.9718303e-05
1304400 5.9975448e-05 3.6176132e-05
1304600 6.7110531e-05 3.5611395e-05
1304800 7.6120688e-05 5.1364962e-05
1305000 6.5241636e-05 2.8570219e-05
1305200 6.7059162e-05 5.3094221e-05
1305400 6.2977188e-05 3.7292063e-05
1305600 9.596944e-05 4.5113409e-05
1305800 7.0806852e-05 5.7916606e-05
1306000 7.1290464e-05 5.2239998e-05
1306200 7.1530963e-05 2.2318543e-05
1306400 5.1642401e-05 3.2545075e-05
1306600 8.2953593e-05 4.9681914e-05
1306800 5.9695062e-05 6.0415771e-05
1307000 8.6887929e-05 3.6631855e-05
1307200 6.6605732e-05 3.9997863e-05
1307400 6.6327024e-05 3.526169e-05
1307600 6.6727419e-05 2.1970902e-05
1307800 5.1435337e-05 3.7640991e-05
1308000 5.1317129e-05 3.4110216e-05
1308200 6.0375805e-05 2.5316595e-05
1308400 5.7261318e-05 2.6916826e-05
1308600 5.8022587e-05 3.6628684e-05
1308800 6.3543229e-05 2.7268505e-05
1309000 4.1894366e-05 3.9692042e-05
1309200 3.1355757e-05 2.4447915e-05
1309400 3.8421152e-05 1.921096e-05
1309600 1.8963886e-05 5.8334908e-05
1309800 3.4539964e-05 7.1923383e-05
1310000 4.3672903e-05 5.970575e-05
1310200 4.5011159e-05 4.3879737e-05
1310400 5.1167817e-05 6.1579971e-05
1310600 5.5996684e-05 6.5447384e-05
1310800 3.6257184e-05 4.9979865e-05
1311000 5.0123606e-05 4.1129448e-05
1311200 4.9776226e-05 2.3483232e-05
1311400 4.2217981e-05 3.7927355e-05
1311600 2.7238773e-05 1.6659044e-05
1311800 5.6858689e-05 4.4602107e-05
1312000 3.7659081e-05 4.3226054e-05
1312200 3.4557112e-05 4.0272977e-05
1312400 4.712268e-05 2.7746356e-05
1312600 5.521602e-05 2.1229306e-05
1312800 4.432418e-05 3.3660868e-05
1313000 2.2569947e-05 2.8080471e-05
1313200 4.6539529e-05 1.7016527e-05
1313400 5.0076066e-05 2.806064e-05
1313600 7.157233e-05 4.2741709e-05
1313800 5.8185677e-05 3.9283707e-05
1314000 4.7394751e-05 3.231961e-05
1314200 7.6236669e-05 2.6777842e-05
1314400 5.721936e-05 3.9632594e-05
1314600 6.0906153e-05 3.89617e-05
1314800 3.3458026e-05 3.8791405e-05
1315000 5.4645144e-05 5.0017924e-05
1315200 6.3238613e-05 5.1351444e-05
1315400 5.5207174e-05 5.2762538e-05
1315600 5.4141782e-05 3.0361738e-05
1315800 7.9769856e-05 3.1244429e-05
1316000 8.0541891e-05 2.8963665e-05
1316200 6.6846167e-05 4.6461884e-05
1316400 4.3329786e-05 4.2648874e-05
1316600 5.6859784e-05 3.4103543e-05
1316800 6.8076145e-05 1.6877693e-05
1317000 5.9511177e-05 3.5258285e-05
1317200 7.079633e-05 3.4859102e-05
1317400 9.6209715e-05 3.2301956e-05
1317600 6.4550693e-05 3.5434921e-05
1317800 3.5111692e-05 1.5836582e-05
1318000 1.7575252e-05 1.6358144e-05
1318200 3.6697125e-05 4.1088088e-05
1318400 3.0640248e-05 4.2120057e-05
1318600 4.7590871e-05 1.1318534e-05
1318800 4.1299284e-05 2.0253237e-05
1319000 3.2466281e-05 4.8913647e-05
1319200 6.1535861e-05 3.6453514e-05
1319400 6.3092125e-05 3.2914711e-05
1319600 6.7075859e-05 2.4194595e-05
1319800 7.0657432e-05 4.0962248e-05
1320000 7.4338869e-05 6.0204e-05
1320200 9.6217684e-05 4.5147209e-05
1320400 7.2235196e-05 2.4904111e-05
1320600 5.2474734e-05 4.1150461e-05
1320800 7.4758424e-05 3.7784463e-05
1321000 5.7531176e-05 4.3453903e-05
1321200 6.5312374e-05 4.4799656e-05
1321400 7.1817019e-05 3.4690733e-05
1321600 5.7872308e-05 2.341245e-05
1321800 5.9621805e-05 3.858131e-05
1322000 6.9253497e-05 2.322233e-05
1322200 5.9125644e-05 3.0073761e-05
1322400 6.2760618e-05 2.3682599e-05
1322600 6.3691212e-05 3.9048602e-05
1322800 5.4914716e-05 3.5257478e-05
1323000 7.9710293e-05 5.327594e-05
1323200 4.3883562e-05 4.1028254e-05
1323400 6.9209364e-05 2.8897838e-05
1323600 5.8026216e-05 5.4949783e-05
1323800 4.9233535e-05 5.8344529e-05
1324000 6.269243e-05 5.867685e-05
1324200 4.4943439e-05 4.3491123e-05
1324400 6.5081694e-05 4.036697e-05
1324600 6.61963e-05 5.6957478e-05
1324800 7.0757016e-05 4.6139639e-05
1325000 5.9708458e-05 4.0662168e-05
1325200 7.4200618e-05 1.6270564e-05
1325400 7.6612068e-05 2.0441077e-05
1325600 6.577286e-05 3.1372964e-05
1325800 4.6445372e-05 4.7614677e-05
1326000 7.0039114e-05 3.4727063e-05
1326200 5.8089833e-05 3.6620343e-05
1326400 3.5065044e-05 3.6660268e-05
1326600 4.6377374e-05 3.4340671e-05
1326800 6.2110659e-05 2.5150501e-05
1327000 6.1188778e-05 3.3156588e-05
1327200 5.0953071e-05 5.3592247e-05
1327400 3.0220276e-05 5.2139128e-05
1327600 3.6380616e-05 3.985567e-05
1327800 5.2103836e-05 2.4297384e-05
1328000 3.3018896e-05 2.3339958e-05
1328200 4.3927921e-05 2.9423999e-05
1328400 3.873076e-05 2.9202959e-05
1328600 3.8207823e-05 1.6866078e-05
1328800 4.2790319e-05 2.0448017e-05
1329000 2.3100399e-05 4.4840839e-05
1329200 3.7654923e-05 4.2270594e-05
1329400 5.5695391e-05 2.2822521e-05
1329600 3.7764842e-05 5.589445e-05
1329800 5.6527888e-05 3.5756139e-05
1330000 5.4035881e-05 2.3980085e-05
1330200 5.9530077e-05 4.0904024e-05
1330400 6.0831294e-05 5.4459815e-05
1330600 8.155621e-05 4.2799143e-05
1330800 6.6817047e-05 1.9717181e-05
1331000 4.5891883e-05 2.7930864e-05
1331200 4.8989601e-05 2.3500154e-05
1331400 5.2519809e-05 2.0183238e-05
1331600 3.6078384e-05 5.0263948e-05
1331800 3.5124183e-05 3.7997145e-05
1332000 6.1568681e-05 3.3359045e-05
1332200 4.064433e-05 1.6068723e-05
1332400 4.96549e-05 1.4879272e-05
1332600 7.029946e-05 2.190558e-05
1332800 2.9315489e-05 4.837192e-05
1333000 4.4221397e-05 1.667612e-05
1333200 2.6228667e-05 1.3380621e-05
1333400 3.9261039e-05 4.3195033e-05
1333600 4.4168351e-05 2.6612227e-05
1333800 5.7864851e-05 3.4023393e-05
1334000 5.8772728e-05 4.457507e-05
1334200 4.4710478e-05 3.5329434e-05
1334400 5.45559e-05 4.7107311e-05
1334600 7.0885709e-05 3.2334237e-05
1334800 6.1144661e-05 3.0638656e-05
1335000 8.154043e-05 3.2481743e-05
1335200 7.1645062e-05 3.2519619e-05
1335400 4.7727064e-05 2.9310885e-05
1335600 3.9431012e-05 4.0075921e-05
1335800 5.1446082e-05 2.7188142e-05
1336000 5.0157532e-05 3.5802637e-05
1336200 8.286229e-05 2.6937996e-05
1336400 6.4284302e-05 5.2447432e-05
1336600 6.6583138e-05 5.033827e-05
1336800 8.7236264e-05 4.69659e-05
1337000 6.7279222e-05 5.1817377e-05
1337200 5.0233718e-05 2.7758695e-05
1337400 5.8972757e-05 2.3659065e-05
1337600 8.1335122e-05 2.5314593e-05
1337800 4.0008871e-05 2.7985464e-05
1338000 7.2071393e-05 1.6603483e-05
1338200 8.0498305e-05 5.0671846e-05
1338400 5.1197028e-05 1.7711858e-05
1338600 5.3976694e-05 4.9780053e-05
1338800 7.4795101e-05 3.7930469e-05
1339000 7.3963481e-05 4.8816233e-05
1339200 7.7390128e-05 3.2790719e-05
1339400 6.1500517e-05 2.7412836e-05
1339600 5.7890842e-05 4.9256129e-05
1339800 6.8711484e-05 3.8236722e-05
1340000 4.8756206e-05 5.0619791e-05
1340200 5.0490221e-05 5.7429081e-05
1340400 3.810575e-05 5.3235296e-05
1340600 2.8123924e-05 5.1911729e-05
1340800 3.8933738e-05 6.2167829e-05
1341000 3.9062858e-05 2.2795054e-05
1341200 5.9966715e-05 3.2229592e-05
1341400 5.9950203e-05 1.6545433e-05
1341600 3.5162973e-05 4.2514123e-05
1341800 4.675299e-05 5.2353771e-05
1342000 4.380231e-05 2.7448365e-05
1342200 6.8271405e-05 4.3371458e-05
1342400 5.7241516e-05 2.2301696e-05
1342600 6.4096264e-05 1.9571735e-05
1342800 6.213897e-05 4.5947367e-05
1343000 5.9517143e-05 4.8306767e-05
1343200 7.2709281e-05 5.20785e-05
1343400 5.9777391e-05 3.5727526e-05
1343600 8.1971263e-05 3.0304917e-05
1343800 6.962158e-05 3.5119292e-05
1344000 8.1470982e-05 3.6546056e-05
1344200 6.0304374e-05 1.9575632e-05
1344400 3.3756959e-05 2.6331794e-06
1344600 5.8249073e-05 4.2174515e-05
1344800 4.7347544e-05 2.0044494e-05
1345000 6.2985874e-05 2.2149685e-05
1345200 5.7415606e-05 3.5273583e-05
1345400 7.1446641e-05 4.7284729e-05
1345600 7.4814399e-05 1.677928e-05
1345800 5.5290505e-05 3.1163265e-05
1346000 5.459886e-05 3.0968393e-05
1346200 4.9274084e-05 4.1082501e-05
1346400 3.9091602e-05 6.13172e-05
1346600 5.0259872e-05 1.4305964e-05
1346800 5.3826868e-05 4.6445802e-05
1347000 6.0686585e-05 3.0987438e-05
1347200 5.8231209e-05 2.0424578e-05
1347400 4.7215393e-05 2.4161722e-05
1347600 6.1178921e-05 4.8750657e-05
1347800 3.2313657e-05 3.5409093e-05
1348000 3.3802703e-05 2.8538396e-05
1348200 4.7203303e-05 3.7300734e-05
1348400 7.6234097e-05 1.1515256e-05
1348600 6.0695135e-05 3.8730941e-05
1348800 4.065032e-05 4.852844e-05
1349000 5.3203713e-05 2.7696514e-05
1349200 8.5627918e-05 4.1466268e-05
1349400 7.3360985e-05 2.2244099e-05
1349600 5.5674964e-05 4.7036659e-05
1349800 3.9887865e-05 2.8210916e-05
1350000 6.5498181e-05 2.5065755e-05
1350200 4.7118944e-05 4.8775801e-05
1350400 5.3426457e-05 3.4621022e-05
1350600 3.0341355e-05 2.4424844e-05
1350800 4.3872285e-05 1.7840823e-05
1351000 4.7149005e-05 4.9091561e-05
1351200 6.535274e-05 3.2008374e-05
1351400 6.098801e-05 3.3327309e-05
1351600 2.7827516e-05 4.9724069e-05
1351800 3.7044355e-05 2.7434946e-05
1352000 4.7072851e-05 4.8440883e-05
1352200 5.1676689e-05 5.1144181e-05
1352400 5.9428598e-05 4.9415273e-05
1352600 5.5459864e-05 3.7186382e-05
1352800 5.7710868e-05 3.1803759e-05
1353000 4.9710703e-05 4.7255398e-05
1353200 2.4714242e-05 3.9937365e-05
1353400 4.9991163e-05 4.7558733e-05
1353600 4.4074184e-05 2.7398828e-05
1353800 5.8110755e-05 3.1572752e-05
1354000 5.5965073e-05 1.9717013e-05
1354200 3.9409157e-05 3.6767047e-05
1354400 5.670571e-05 1.1488991e-05
1354600 5.3038912e-05 3.6626447e-05
1354800 5.0078954e-05 4.5904878e-05
1355000 6.6505563e-05 3.359678e-05
1355200 7.3990259e-05 2.2306212e-05
1355400 4.7488459e-05 5.8440074e-05
1355600 5.2788195e-05 5.1390544e-05
1355800 6.6438388e-05 2.7902276e-05
1356000 5.1542978e-05 4.0071854e-05
1356200 5.2080364e-05 4.0879452e-05
1356400 5.6149486e-05 5.0594131e-05
1356600 4.9077079e-05 4.690231e-05
1356800 5.0674257e-05 4.3518899e-05
1357000 6.2720921e-05 6.3004321e-06
1357200 5.0211386e-05 2.3506309e-05
1357400 6.5583465e-05 3.3374384e-05
1357600 7.2266066e-05 3.2736855e-05
1357800 4.6778427e-05 6.1862165e-05
1358000 7.1081057e-05 3.0018961e-05
1358200 6.3553322e-05 3.0049318e-05
1358400 5.0159793e-05 2.4508407e-05
1358600 7.578794e-05 2.9657951e-05
1358800 5.3395303e-05 3.6271054e-05
1359000 4.2882907e-05 5.1903327e-05
1359200 6.2368857e-05 4.2681289e-05
1359400 5.1288465e-05 3.6302746e-05
1359600 4.9676558e-05 3.796493e-05
1359800 3.2204066e-05 3.0044808e-05
1360000 2.7674232e-05 2.5387321e-05
1360200 4.5928296e-05 3.6917201e-05
1360400 5.4371426e-05 1.8747904e-05
1360600 4.7644268e-05 3.5980068e-05
1360800 4.5369407e-05 1.8675618e-05
1361000 5.336056e-05 2.7662602e-05
1361200 7.5807708e-05 1.8249219e-05
1361400 6.5679355e-05 1.874791e-05
1361600 5.8289531e-05 4.0377788e-05
1361800 7.1222938e-05 2.3128242e-06
1362000 8.5741818e-05 3.4949555e-05
1362200 6.4462714e-05 1.5236972e-05
1362400 6.3532445e-05 1.2011181e-05
1362600 5.8781122e-05 1.7498735e-05
1362800 9.1218878e-05 3.0108772e-05
1363000 5.8475855e-05 2.0603604e-05
1363200 6.066812e-05 3.3329498e-05
1363400 7.6787006e-05 1.7390203e-05
1363600 6.5970525e-05 1.6759013e-05
1363800 7.3844341e-05 3.2015322e-05
1364000 5.5414255e-05 1.0240416e-05
1364200 4.2345127e-05 4.3826874e-05
1364400 6.7978912e-05 2.6385387e-05
1364600 3.867093e-05 1.0029686e-05
1364800 4.8829649e-05 1.1682908e-05
1365000 7.7344749e-05 7.4242162e-06
1365200 4.433094e-05 8.0918907e-06
1365400 7.4198993e-05 2.3222634e-05
1365600 7.5546203e-05 2.5896231e-05
1365800 5.5703834e-05 2.3078324e-05
1366000 3.6671655e-05 2.443535e-05
1366200 7.4082812e-05 3.4729552e-05
1366400 5.48249e-05 4.5674432e-05
1366600 4.6088279e-05 3.3629202e-05
1366800 2.9599688e-05 3.1687966e-05
1367000 5.115163e-05 8.5685702e-06
1367200 4.8422524e-05 2.7480705e-05
1367400 3.8974254e-05 2.4753241e-05
1367600 3.6402918e-05 2.8131551e-05
1367800 6.1802788e-05 1.1416163e-05
1368000 4.6951608e-05 1.8605424e-05
1368200 5.6727916e-05 2.556293e-05
1368400 6.3911978e-05 2.1625987e-05
1368600 5.0312545e-05 5.530505e-06
1368800 7.8732562e-05 2.4667469e-05
1369000 8.4205728e-05 1.7529212e-05
1369200 6.2815058e-05 3.2390291e-05
1369400 3.8388703e-05 4.3610243e-05
1369600 6.3074762e-05 3.6242117e-05
1369800 5.9196435e-05 4.3304545e-05
1370000 6.964669e-05 1.5406909e-05
1370200 7.5707481e-05 4.4001891e-05
1370400 7.1898099e-05 1.1024667e-05
1370600 5.7590407e-05 1.5976195e-05
1370800 4.4152023e-05 1.2592856e-05
1371000 3.4002937e-05 3.1201975e-05
1371200 4.3433087e-05 2.060935e-05
1371400 7.0345278e-05 1.5445826e-05
1371600 5.3207928e-05 2.1487793e-05
1371800 4.5177613e-05 3.7680546e-05
1372000 6.8606384e-05 4.6638768e-05
1372200 3.9589067e-05 3.0347201e-05
1372400 2.313979e-05 3.1821982e-05
1372600 4.7357158e-05 3.6195431e-05
1372800 3.0833353e-05 4.7097513e-05
1373000 7.2366109e-05 4.2311101e-05
1373200 7.2896882e-05 3.7156872e-05
1373400 4.7304254e-05 2.0275802e-05
1373600 5.0578853e-05 1.4563066e-05
1373800 8.5398439e-05 6.2279817e-06
1374000 5.8750255e-05 3.488841e-05
1374200 6.9850942e-05 1.4569536e-05
1374400 7.3200259e-05 2.04903e-05
1374600 3.3893592e-05 1.3469349e-05
1374800 5.4519764e-05 3.0348118e-05
1375000 6.2552228e-05 2.2267123e-05
1375200 7.6833682e-05 4.3069942e-05
1375400 6.2891446e-05 2.9461922e-05
1375600 3.3850568e-05 1.4249286e-05
1375800 6.7394814e-05 4.5179103e-05
1376000 8.6950784e-05 2.4587059e-05
1376200 7.1382472e-05 1.3466547e-05
1376400 6.3662773e-05 3.1209939e-05
1376600 6.9356563e-05 4.902615e-05
1376800 4.7853219e-05 5.5142252e-05
1377000 4.8310006e-05 3.1337089e-05
1377200 5.4641376e-05 2.0933286e-05
1377400 2.5633352e-05 3.475202e-05
1377600 3.1305456e-05 4.5831346e-05
1377800 6.8254406e-05 5.4525901e-05
1378000 6.5267588e-05 1.6399448e-05
1378200 4.7619499e-05 3.460539e-05
1378400 3.3330149e-05 2.3428774e-05
1378600 4.6363177e-05 3.8270937e-05
1378800 2.4883691e-05 3.6129123e-05
1379000 5.3321036e-05 3.5383981e-05
1379200 5.096576e-05 2.0442691e-05
1379400 5.1492737e-05 2.9861098e-05
1379600 5.1140864e-05 4.2110039e-05
1379800 3.4871329e-05 3.0331906e-05
1380000 7.0424793e-05 3.2603221e-05
1380200 6.8212248e-05 2.542282e-05
1380400 5.3232775e-05 3.6074997e-05
1380600 8.7138632e-05 3.9391427e-05
1380800 7.4309169e-05 3.4209079e-05
1381000 5.135949e-05 3.783898e-05
1381200 6.7795813e-05 1.8605685e-05
1381400 5.6351951e-05 3.6485366e-05
1381600 6.5765456e-05 3.8982547e-05
1381800 5.6843632e-05 4.5940854e-05
1382000 6.5940768e-05 5.4946573e-05
1382200 3.2566214e-05 4.775907e-05
1382400 3.0735966e-05 3.2749907e-05
1382600 4.0883854e-05 4.9911976e-05
1382800 5.3139257e-05 4.2955827e-05
1383000 4.6346332e-05 2.400256e-05
1383200 7.0917831e-05 5.3348271e-05
1383400 6.6174854e-05 3.1546455e-05
1383600 7.2493915e-05 3.644268e-05
1383800 6.6021642e-05 3.277589e-05
1384000 5.1691195e-05 3.8916782e-06
1384200 4.5761811e-05 1.0237014e-05
1384400 6.8083797e-05 1.3316814e-05
1384600 6.1480455e-05 1.7739627e-05
1384800 4.3897898e-05 4.1604608e-05
1385000 3.4338555e-05 4.7587003e-05
1385200 3.4653337e-05 3.3957877e-05
1385400 4.5527502e-05 5.1849747e-05
1385600 6.0180195e-05 2.9863613e-05
1385800 3.547359e-05 3.4586232e-05
1386000 5.8091069e-05 1.0110962e-05
1386200 6.0216399e-05 1.6764439e-05
1386400 5.4094912e-05 4.1280996e-05
1386600 5.9311242e-05 6.0788057e-05
1386800 3.586908e-05 2.9720706e-05
1387000 6.4037901e-05 9.5095344e-06
1387200 6.9963327e-05 4.5202594e-05
1387400 7.3610994e-05 1.4558026e-05
1387600 4.6396318e-05 3.6439183e-05
1387800 4.7381392e-05 1.5363344e-05
1388000 5.5386395e-05 3.4660978e-05
1388200 7.9545967e-05 1.2227082e-05
1388400 7.1849899e-05 1.2786065e-05
1388600 6.6930071e-05 1.8521939e-05
1388800 4.8158868e-05 3.4728748e-05
1389000 4.8272701e-05 6.0536e-05
1389200 6.3610917e-05 3.6380194e-05
1389400 4.5443704e-05 3.4367408e-05
1389600 5.6132016e-05 4.7121237e-05
1389800 5.1695955e-05 3.5104916e-05
1390000 4.8570929e-05 3.8868629e-05
1390200 5.5890312e-05 3.5214611e-05
1390400 6.3261357e-05 2.7913191e-05
1390600 6.2163994e-05 2.1914661e-05
1390800 6.0564559e-05 1.9465428e-05
1391000 7.2228869e-05 1.9363232e-05
1391200 6.1718532e-05 3.4484129e-05
1391400 4.9029134e-05 2.2741758e-05
1391600 6.545815e-05 2.9081861e-05
1391800 6.2233846e-05 1.5927824e-05
1392000 5.9989236e-05 2.7418101e-05
1392200 6.7409667e-05 2.084179e-05
1392400 4.8325675e-05 6.1689399e-06
1392600 5.1787531e-05 2.0796187e-05
1392800 6.1072093e-05 2.0956251e-05
1393000 4.6370482e-05 3.3445813e-05
1393200 2.011413e-05 4.4851014e-05
1393400 4.9945793e-05 3.416103e-05
1393600 2.1960017e-05 3.7271917e-05
1393800 6.7311038e-05 7.3891875e-06
1394000 5.411133e-05 2.7139694e-05
1394200 6.7336119e-05 3.1230023e-05
1394400 6.1837965e-05 2.4813757e-05
1394600 4.3376027e-05 4.2388824e-05
1394800 5.2779242e-05 1.3862083e-05
1395000 6.2033815e-05 1.7963206e-05
1395200 6.7388004e-05 3.9407497e-05
1395400 7.6513966e-05 1.0022946e-05
1395600 6.158229e-05 3.8282644e-05
1395800 9.164078e-05 6.8819183e-06
1396000 8.13493e-05 8.3847854e-06
1396200 6.4080711e-05 2.9026884e-05
1396400 6.5300259e-05 2.9966682e-05
1396600 6.6216969e-05 3.7293493e-05
1396800 4.6485362e-05 2.536759e-05
1397000 4.759111e-05 8.4893097e-06
1397200 6.6152428e-05 2.8071082e-05
1397400 5.9802357e-05 2.6569578e-05
1397600 6.7582515e-05 5.2819193e-05
1397800 8.2457083e-05 5.7304374e-05
1398000 8.0597362e-05 3.4798669e-05
1398200 5.7597785e-05 1.7209323e-05
1398400 6.6380982e-05 2.460482e-05
1398600 5.0544339e-05 4.2168033e-05
1398800 5.0779295e-05 3.768977e-05
1399000 4.4543219e-05 1.7909457e-05
1399200 3.9830261e-05 2.519421e-05
1399400 5.9544794e-05 3.1920325e-05
1399600 3.3699655e-05 2.7692093e-05
1399800 7.5625122e-05 4.4223249e-05
1400000 5.0624496e-05 3.627279e-05
1400200 2.7631466e-05 3.1568815e-05
1400400 3.807254e-05 2.7253737e-05
1400600 5.1437621e-05 3.3316262e-06
1400800 3.1871939e-05 3.2255497e-05
1401000 1.5933127e-05 2.5214021e-05
1401200 5.1122632e-05 3.7155034e-06
1401400 1.6592993e-05 3.1082067e-05
1401600 4.6698205e-05 3.5722567e-05
1401800 4.4617333e-05 4.0361346e-05
1402000 3.4808673e-05 3.9268574e-05
1402200 1.966787e-05 2.5752622e-05
1402400 1.1963159e-05 3.4969555e-05
1402600 3.6432878e-05 3.7270154e-05
1402800 3.7155444e-05 3.8048716e-05
1403000 4.3273584e-05 1.2958528e-05
1403200 4.6419972e-05 2.6454061e-05
1403400 3.0804192e-05 4.9288499e-05
1403600 2.914036e-05 4.4269576e-05
1403800 4.6452511e-05 4.6428202e-05
1404000 4.53938e-05 4.8833822e-05
1404200 4.3511605e-05 3.3808882e-05
1404400 4.8616278e-05 2.5621606e-05
1404600 3.9835936e-05 4.8262397e-05
1404800 4.7868033e-05 2.0256346e-05
1405000 5.2732657e-05 3.6706222e-05
1405200 3.5302663e-05 2.2774445e-05
1405400 1.903292e-05 1.5881589e-05
1405600 1.6243595e-05 2.0527944e-05
1405800 4.6075236e-05 2.9732234e-05
1406000 3.7763129e-05 3.534754e-05
1406200 1.5644646e-05 3.4094715e-05
1406400 3.8885477e-05 1.0649624e-05
1406600 2.4613503e-05 2.3783932e-05
1406800 4.2859084e-05 2.2235948e-05
1407000 4.6558964e-05 1.4641494e-05
1407200 3.910033e-05 2.6505879e-05
1407400 4.0107996e-05 2.8146535e-05
1407600 4.8562077e-05 3.2359876e-05
1407800 5.3091982e-05 2.553303e-05
1408000 4.7041387e-05 2.1550467e-05
1408200 3.9420582e-05 2.5926379e-05
1408400 5.6299426e-05 1.3818141e-05
1408600 6.2927354e-05 2.466198e-05
1408800 7.5520273e-05 3.2247939e-05
1409000 5.1275408e-05 2.0822563e-05
1409200 6.5830476e-05 3.3801725e-05
1409400 3.9788938e-05 3.1949268e-05
1409600 6.2636639e-05 3.3282225e-05
1409800 4.5401114e-05 2.0855806e-05
1410000 5.9573469e-05 2.4178643e-05
1410200 7.7467946e-05 1.1638976e-05
1410400 5.9728659e-05 1.8481027e-05
1410600 4.9272832e-05 2.4572419e-05
1410800 3.4586635e-05 2.0985543e-05
1411000 3.5770962e-05 2.6756159e-05
1411200 4.4324841e-05 1.979953e-05
1411400 3.7085224e-05 1.0362684e-05
1411600 7.2516242e-05 1.2339154e-05
1411800 5.4328185e-05 3.1696749e-05
1412000 6.0513779e-05 3.5490116e-05
1412200 4.770121e-05 3.1734393e-05
1412400 3.4445291e-05 2.2644002e-05
1412600 4.0732927e-05 7.8451254e-06
1412800 4.4521806e-05 2.0401994e-05
1413000 5.1083696e-05 7.8607012e-06
1413200 4.3270263e-05 1.130279e-05
1413400 5.6535249e-05 2.4783684e-05
1413600 6.4311314e-05 1.2229706e-05
1413800 2.821753e-05 2.6178881e-05
1414000 6.3082532e-05 2.6028179e-06
1414200 5.837196e-05 1.5771381e-05
1414400 4.821254e-05 1.3857045e-05
1414600 4.8453426e-05 1.3993321e-05
1414800 7.5028088e-05 1.6357876e-05
1415000 7.5466247e-05 1.2049027e-05
1415200 7.1684352e-05 1.7959604e-05
1415400 7.3441521e-05 1.6713416e-05
1415600 6.3268329e-05 1.6843173e-05
1415800 5.2845854e-05 1.6395259e-05
1416000 5.987634e-05 1.2403722e-05
1416200 6.4272915e-05 2.4427871e-05
1416400 8.0887747e-05 1.3197617e-05
1416600 6.4078695e-05 1.2018269e-05
1416800 5.012434e-05 1.0743635e-05
1417000 7.2632915e-05 1.8321547e-05
1417200 6.3341093e-05 7.8773139e-06
1417400 8.3062717e-05 1.1711122e-05
1417600 5.4586235e-05 1.7727161e-05
1417800 7.1253436e-05 1.1381727e-05
1418000 9.1441393e-05 1.7629107e-05
1418200 7.691839e-05 7.8563492e-06
1418400 6.4775895e-05 3.3250377e-05
1418600 5.2656317e-05 1.3874376e-05
1418800 4.7629781e-05 2.1322779e-05
1419000 5.6225466e-05 2.0131854e-05
1419200 4.5302498e-05 1.6630779e-05
1419400 4.4797143e-05 3.6535833e-05
1419600 6.2087699e-05 1.4287452e-05
1419800 3.332248e-05 2.7164668e-05
1420000 6.96919e-05 7.4690068e-06
1420200 5.1059449e-05 2.2423421e-05
1420400 5.474855e-05 3.2646319e-05
1420600 5.0479098e-05 2.9609965e-05
1420800 4.2003391e-05 2.6201764e-05
1421000 5.6644127e-05 2.2767842e-05
1421200 6.5188864e-05 2.3374734e-05
1421400 4.4026937e-05 2.6389603e-05
1421600 5.1957811e-05 1.0697582e-05
1421800 6.5335933e-05 1.8277819e-05
1422000 4.8926991e-05 2.7739803e-05
1422200 3.8413853e-05 1.5176821e-05
1422400 2.3069279e-05 1.6492629e-05
1422600 5.1069754e-05 3.2656946e-05
1422800 5.1881226e-05 1.7874263e-05
1423000 4.8350762e-05 2.2033032e-05
1423200 4.601031e-05 2.0340547e-05
1423400 4.6365018e-05 3.3591049e-05
1423600 4.2432486e-05 3.7090237e-05
1423800 2.5082955e-05 1.9594156e-05
1424000 2.5740576e-05 2.7612695e-05
1424200 4.4632764e-05 1.9141863e-05
1424400 4.4661696e-05 3.8752765e-05
1424600 4.5623438e-05 2.0066481e-05
1424800 3.9464712e-05 2.7322613e-05
1425000 4.0296033e-05 2.2857661e-05
1425200 4.7747025e-05 3.0341817e-05
1425400 6.7777019e-05 1.1904474e-05
1425600 3.603985e-05 1.7141642e-05
1425800 5.6214183e-05 2.3119781e-05
1426000 7.4830228e-05 7.2944006e-06
1426200 6.8385475e-05 8.5314525e-06
1426400 4.2235529e-05 2.666583e-05
1426600 5.4868737e-05 3.5021668e-05
1426800 5.5514814e-05 3.4247847e-05
1427000 3.777943e-05 2.3674812e-05
1427200 6.8575993e-05 2.8848934e-05
1427400 7.4123913e-05 3.4840852e-05
1427600 9.9832309e-05 2.7802306e-06
1427800 6.7338375e-05 2.6264323e-05
1428000 6.0071561e-05 2.4236808e-05
1428200 7.0047323e-05 7.9510448e-06
1428400 7.6437865e-05 1.5128131e-05
1428600 5.5712703e-05 1.7864874e-05
1428800 4.3528713e-05 1.3020755e-05
1429000 5.3241091e-05 1.5021356e-05
1429200 5.8913394e-05 1.3618892e-05
1429400 5.4352142e-05 3.0352671e-05
1429600 7.9924634e-05 1.1869818e-05
1429800 7.9816072e-05 1.4250453e-05
1430000 4.7702317e-05 3.1301358e-05
1430200 5.5316276e-05 2.3729328e-05
1430400 7.6999665e-05 2.6351319e-05
1430600 5.5103457e-05 1.9310271e-05
1430800 6.7993921e-05 9.4372495e-06
1431000 5.846915e-05 1.0303875e-05
1431200 6.24464e-05 1.8661662e-05
1431400 8.4734104e-05 3.7649304e-06
1431600 5.5409653e-05 3.7202517e-05
1431800 8.7318202e-05 2.7878806e-05
1432000 7.2871724e-05 9.1218103e-06
1432200 5.7401029e-05 8.1959639e-06
1432400 4.6203206e-05 5.8963587e-06
1432600 4.0344747e-05 1.7325355e-05
1432800 4.6144263e-05 2.4780831e-05
1433000 5.4741847e-05 4.8187049e-05
1433200 3.0533845e-05 1.9923334e-05
1433400 8.6557272e-05 3.1633742e-05
1433600 6.609952e-05 3.4857798e-05
1433800 3.9035569e-05 1.8743502e-05
1434000 8.3332786e-05 2.4375239e-05
1434200 7.0498416e-05 1.4115963e-05
1434400 5.3416701e-05 2.3188814e-05
1434600 4.3283698e-05 1.4333746e-05
1434800 6.011648e-05 2.6950319e-05
1435000 4.937044e-05 1.6627036e-05
1435200 6.8078117e-05 1.8636274e-05
1435400 5.9900268e-05 1.618262e-05
1435600 6.1890071e-05 1.5869981e-05
1435800 7.1822451e-05 2.2963681e-05
1436000 7.7459925e-05 3.1057987e-05
1436200 8.2128089e-05 3.7050189e-05
1436400 4.1759929e-05 2.3764062e-05
1436600 6.9250283e-05 1.4048337e-05
1436800 6.3135496e-05 6.6935918e-06
1437000 6.9221228e-05 2.8891414e-06
1437200 6.3077356e-05 1.707605e-05
1437400 5.8768255e-05 1.7020894e-05
1437600 6.0267164e-05 3.3037508e-06
1437800 7.5045843e-05 1.8068376e-05
1438000 6.6922386e-05 7.2157058e-06
1438200 7.3159319e-05 8.0908227e-06
1438400 5.8936691e-05 2.4180055e-05
1438600 6.7970436e-05 2.1942618e-05
1438800 7.1140188e-05 1.944474e-05
1439000 4.2297577e-05 2.5401767e-05
1439200 6.3748843e-05 1.7225689e-05
1439400 6.1342603e-05 1.6963416e-05
1439600 5.5057977e-05 1.7555541e-05
1439800 6.893854e-05 2.2255132e-05
1440000 4.5997418e-05 2.4097918e-05
1440200 6.0407098e-05 1.7927483e-05
1440400 4.2784513e-05 1.4076031e-05
1440600 6.3951908e-05 1.1573986e-05
1440800 7.2005201e-05 1.5730452e-05
1441000 5.0228925e-05 7.0002573e-06
1441200 7.6610126e-05 1.1850153e-05
1441400 3.0900184e-05 9.7157449e-06
1441600 5.2735493e-05 1.9308949e-05
1441800 4.4015535e-05 2.3371445e-05
1442000 6.2458473e-05 3.1769476e-05
1442200 6.1826542e-05 2.2245142e-05
1442400 6.425975e-05 6.5389318e-06
1442600 5.021626e-05 2.0263565e-05
1442800 2.5929375e-05 4.3587146e-05
1443000 5.1233637e-05 1.5397985e-05
1443200 4.8116272e-05 2.9458094e-05
1443400 4.9804058e-05 2.7713705e-05
1443600 6.2956737e-05 8.8923335e-06
1443800 4.5582044e-05 2.7797441e-05
1444000 5.2024256e-05 5.6555729e-06
1444200 5.484417e-05 1.1181256e-05
1444400 4.3979783e-05 1.794382e-05
1444600 3.8678601e-05 2.9161747e-05
1444800 2.5999629e-05 2.4618994e-05
1445000 4.8203039e-05 2.4864291e-05
1445200 5.3738286e-05 1.9661748e-05
1445400 4.68129e-05 1.5243065e-05
1445600 4.6609992e-05 7.4868914e-06
1445800 6.6560958e-05 2.2022363e-05
1446000 6.647187e-05 1.5597117e-05
1446200 8.11982e-05 7.1603433e-06
1446400 8.2575588e-05 1.3698613e-05
1446600 6.0564031e-05 3.2786525e-05
1446800 4.5928795e-05 2.3552329e-05
1447000 7.3994125e-05 9.8146439e-06
1447200 5.9059724e-05 8.1014566e-06
1447400 5.4261778e-05 2.1098001e-06
1447600 5.8671788e-05 7.7597436e-06
1447800 5.0350199e-05 3.7476936e-05
1448000 3.0764958e-05 2.4754275e-05
1448200 3.9314499e-05 3.1458114e-06
1448400 5.500471e-05 9.1771673e-06
1448600 7.6536364e-05 1.5997036e-05
1448800 7.485127e-05 2.9999136e-05
1449000 5.620187e-05 4.2074462e-05
1449200 5.7834371e-05 3.7715169e-05
1449400 6.066098e-05 1.1966474e-05
1449600 6.3959014e-05 1.8652551e-05
1449800 5.9757782e-05 9.5696435e-06
1450000 3.0099333e-05 4.1557205e-05
1450200 4.7085844e-05 6.8274261e-05
1450400 4.6119195e-05 5.2627695e-05
1450600 5.860031e-05 4.0363194e-05
1450800 3.4845132e-05 3.6753773e-05
1451000 4.4337682e-05 1.8445692e-05
1451200 4.2488788e-05 3.2368293e-05
1451400 4.3829556e-05 2.6964797e-05
1451600 5.8420414e-05 3.1192985e-05
1451800 5.0053972e-05 1.912038e-05
1452000 5.0754832e-05 3.4313805e-05
1452200 2.8768283e-05 3.4551064e-05
1452400 4.3979783e-05 4.2359301e-05
1452600 6.1556414e-05 2.475032e-05
1452800 4.5447997e-05 1.9100311e-05
1453000 8.325576e-05 1.1851627e-05
1453200 7.4849823e-05 1.3135006e-05
1453400 5.3791084e-05 1.7584139e-05
1453600 6.2111643e-05 3.4391453e-05
1453800 4.2330599e-05 4.0364136e-06
1454000 4.9590513e-05 1.2991758e-05
1454200 3.7594489e-05 2.7505025e-05
1454400 6.5938351e-05 2.5102738e-05
1454600 6.7785246e-05 2.2966625e-05
1454800 4.1827865e-05 2.2895401e-05
1455000 4.1920187e-05 3.2969719e-05
1455200 3.3072765e-05 3.9950672e-05
1455400 4.785073e-05 4.4931702e-05
1455600 5.5337115e-05 1.6095224e-05
1455800 4.6530654e-05 1.936979e-05
1456000 4.3369456e-05 1.7402749e-05
1456200 5.9717742e-05 1.8105682e-05
1456400 6.3581027e-05 2.1499624e-05
1456600 6.3494698e-05 1.7592817e-05
1456800 7.0385919e-05 3.6789495e-05
1457000 5.6591566e-05 1.5648946e-05
1457200 6.3276243e-05 7.0261996e-06
1457400 5.9588825e-05 3.1111015e-05
1457600 4.595441e-05 2.2995354e-05
1457800 5.2447022e-05 6.9234598e-06
1458000 4.408403e-05 2.4045383e-05
1458200 6.8428171e-05 2.6067907e-05
1458400 7.3291557e-05 7.165375e-06
1458600 5.7652133e-05 2.3155634e-05
1458800 5.5623618e-05 2.3416621e-05
1459000 5.4545465e-05 9.662186e-06
1459200 6.577778e-05 1.0519948e-05
1459400 3.3472206e-05 2.614271e-05
1459600 5.613595e-05 3.0943142e-05
1459800 5.8080836e-05 1.5321572e-05
1460000 7.2590293e-05 2.9240967e-05
1460200 4.5058971e-05 2.4980542e-05
1460400 6.2071372e-05 3.6257493e-06
1460600 4.1900564e-05 1.9445559e-05
1460800 5.5681063e-05 8.7589274e-06
1461000 5.794198e-05 5.6057389e-06
1461200 5.2503836e-05 3.4606277e-05
1461400 2.9736834e-05 1.5307368e-05
1461600 4.3654208e-05 3.6526831e-05
1461800 3.5744651e-05 2.2377401e-05
1462000 5.2694094e-05 3.500197e-05
1462200 6.9956525e-05 3.1250082e-05
1462400 5.5451232e-05 1.6712363e-05
1462600 6.1482691e-05 1.8667464e-05
1462800 6.0362241e-05 2.5912581e-05
1463000 3.9988044e-05 4.311085e-05
1463200 2.7965286e-05 3.9685982e-05
1463400 4.1592203e-05 9.2331449e-06
1463600 4.6398268e-05 3.1986484e-05
1463800 4.3887216e-05 1.6396807e-05
1464000 2.8297792e-05 2.7579587e-05
1464200 4.7615903e-05 3.19591e-05
1464400 4.5315526e-05 5.1429012e-05
1464600 6.3414501e-05 1.870363e-05
1464800 5.4211776e-05 9.4033258e-06
1465000 4.1242226e-05 2.2964138e-05
1465200 3.8043069e-05 6.9691149e-06
1465400 5.9953831e-05 3.2655071e-06
1465600 4.1891217e-05 1.7724547e-05
1465800 4.1926019e-05 1.0238322e-05
1466000 5.2576474e-05 2.1338423e-05
1466200 5.9024958e-05 1.4862297e-05
1466400 5.4669174e-05 3.2550626e-05
1466600 6.2877428e-05 2.1420717e-05
1466800 4.4009196e-05 2.9280917e-05
1467000 7.206712e-05 1.669553e-05
1467200 5.4884288e-05 4.0134274e-05
1467400 3.2490081e-05 2.2565182e-05
1467600 5.0001244e-05 1.5895412e-05
1467800 3.1409629e-05 2.6014422e-05
1468000 3.9270301e-05 2.2821741e-05
1468200 5.4947893e-05 1.1067579e-05
1468400 5.9384538e-05 2.1403555e-05
1468600 4.1987704e-05 1.7923768e-05
1468800 5.4319315e-05 9.4915534e-06
1469000 6.2802271e-05 1.2966112e-05
1469200 5.9095862e-05 2.8913717e-05
1469400 6.5449275e-05 9.904175e-06
1469600 4.0689939e-05 1.8244991e-05
1469800 6.5357795e-05 1.8747601e-05
1470000 5.1573586e-05 2.3927566e-05
1470200 4.0445994e-05 1.7637245e-05
1470400 4.1957852e-05 2.7852414e-05
1470600 1.7780762e-05 3.6837495e-05
1470800 3.3580859e-05 9.7971372e-06
1471000 3.6139212e-05 1.1452418e-05
1471200 4.4528035e-05 4.2817877e-06
1471400 5.9844706e-05 1.6420505e-05
1471600 7.7279158e-06 1.5933559e-05
1471800 5.8934258e-05 3.8920441e-05
1472000 4.2917646e-05 5.6092488e-06
1472200 5.7535965e-05 8.225497e-06
1472400 6.7899546e-05 1.7944191e-05
1472600 4.9454303e-05 3.5023563e-05
1472800 3.3416305e-05 1.5844471e-05
1473000 6.3056596e-05 3.0817946e-05
1473200 4.5335051e-05 2.696029e-05
1473400 4.6662726e-05 1.0646999e-05
1473600 5.4064797e-05 6.1346934e-06
1473800 6.4701243e-05 1.6282441e-05
1474000 4.3378522e-05 7.34189e-06
1474200 2.3671593e-05 1.7158356e-05
1474400 1.7407054e-05 2.5965973e-05
1474600 1.7748717e-05 6.6691318e-06
1474800 5.1447855e-05 2.2862203e-06
1475000 4.6877022e-05 1.3810452e-05
1475200 4.5412078e-05 1.9307019e-05
1475400 4.8268746e-05 1.2479664e-05
1475600 5.0100246e-05 2.7189961e-05
1475800 6.9111607e-05 2.4677392e-05
1476000 6.506439e-05 2.1925528e-05
1476200 3.0383758e-05 1.973538e-05
1476400 6.0067848e-05 1.8700242e-05
1476600 6.2984345e-05 8.3696151e-06
1476800 8.4268731e-05 1.0860116e-05
1477000 7.2242705e-05 2.5513256e-05
1477200 6.7933793e-05 2.9963353e-05
1477400 4.7122676e-05 6.0503087e-06
1477600 5.642809e-05 1.087436e-05
1477800 5.0955857e-05 2.3893405e-05
1478000 3.8018426e-05 1.168616e-05
1478200 6.2450565e-05 1.3164872e-05
1478400 5.2115186e-05 1.5337381e-05
1478600 6.8338726e-05 2.4979057e-05
1478800 5.8902308e-05 7.6614557e-06
1479000 4.8020556e-05 2.8677215e-05
1479200 2.4826394e-05 8.4020767e-06
1479400 2.2290634e-05 2.7114379e-05
1479600 4.7801499e-05 1.3182912e-05
1479800 5.3037286e-05 3.1199704e-05
1480000 4.7116891e-05 2.6448779e-05
1480200 5.4828029e-05 1.1853997e-05
1480400 4.9431821e-05 2.361932e-05
1480600 5.5775026e-05 3.020857e-05
1480800 5.399083e-05 2.8726766e-05
1481000 3.8907815e-05 1.6200858e-05
1481200 4.6237679e-05 3.6305926e-06
1481400 3.5730679e-05 1.8904051e-05
1481600 6.751233e-05 2.2573678e-05
1481800 6.3682956e-05 2.1676341e-05
1482000 3.2044707e-05 1.2267379e-05
1482200 7.4373334e-05 9.8747391e-06
1482400 6.0427834e-05 1.9323161e-05
1482600 4.6455271e-05 2.5557967e-05
1482800 6.5491846e-05 8.503585e-06
1483000 6.6731223e-05 5.3190436e-06
1483200 4.1200502e-05 1.9535341e-05
1483400 4.1866193e-05 2.7368265e-05
1483600 3.891358e-05 2.3593387e-05
1483800 2.2559028e-05 3.5885254e-05
1484000 6.1314898e-05 6.1665546e-06
1484200 7.9408977e-05 1.5555365e-05
1484400 4.0743293e-05 2.5262336e-05
1484600 5.8554357e-05 3.8751562e-06
1484800 4.648737e-05 1.1990531e-05
1485000 6.4948156e-05 1.0111212e-05
1485200 6.0807799e-05 1.1399384e-05
1485400 7.263656e-05 3.7708666e-05
1485600 8.826996e-05 1.0004554e-05
1485800 7.8497699e-05 8.5957726e-06
1486000 3.6797357e-05 1.618644e-05
1486200 5.4068006e-05 2.2608573e-05
1486400 5.8599909e-05 2.9255142e-05
1486600 5.172582e-05 3.7394528e-05
1486800 7.5552276e-05 5.0623619e-05
1487000 5.1816138e-05 1.4986671e-05
1487200 5.7252045e-05 2.293666e-05
1487400 4.9888678e-05 2.6165685e-06
1487600 7.4481125e-05 2.7924102e-05
1487800 4.5791935e-05 2.5761513e-05
1488000 5.0133301e-05 1.7118894e-05
1488200 6.3809179e-05 4.4306393e-06
1488400 7.7191801e-05 8.6208092e-06
1488600 7.4457188e-05 3.3154553e-05
1488800 5.8952635e-05 9.5939353e-06
1489000 2.5930566e-05 1.9332717e-05
1489200 3.0243892e-05 1.8465073e-05
1489400 6.0859414e-05 1.426226e-05
1489600 6.776421e-05 1.3707631e-05
1489800 7.1840121e-05 1.1815777e-05
1490000 7.1675275e-05 2.0141815e-05
1490200 5.1104264e-05 3.9930612e-05
1490400 3.9773088e-05 3.604162e-05
1490600 6.3881687e-05 3.9257219e-05
1490800 5.1682561e-05 2.3675393e-05
1491000 5.9941543e-05 3.757022e-05
1491200 3.2091095e-05 2.7745842e-05
1491400 6.6012734e-05 1.4430948e-05
1491600 4.6254962e-05 9.3000038e-06
1491800 3.7764665e-05 1.0854791e-05
1492000 3.9539752e-05 1.5750653e-05
1492200 5.1155925e-05 2.3109665e-05
1492400 5.4711566e-05 4.0670739e-05
1492600 4.2979536e-05 1.6719566e-05
1492800 6.0196303e-05 2.905345e-05
1493000 5.1677095e-05 9.5920183e-06
1493200 5.7837991e-05 1.6162328e-06
1493400 5.2882815e-05 2.657598e-05
1493600 7.2620325e-05 4.1146559e-05
1493800 4.5654738e-05 2.315229e-05
1494000 4.823662e-05 3.1274504e-05
1494200 5.7575256e-05 1.5964986e-05
1494400 6.5246872e-05 2.1345174e-05
1494600 4.9284625e-05 1.2563711e-05
1494800 3.9871253e-05 1.0449827e-05
1495000 5.1037206e-05 6.3882021e-06
1495200 4.7163362e-05 1.8559256e-05
1495400 4.9588577e-05 2.2793488e-05
1495600 4.8161964e-05 2.5871888e-05
1495800 5.2550839e-05 6.1796331e-06
1496000 3.8647215e-05 3.9473791e-06
1496200 6.4772376e-05 1.949525e-05
1496400 4.9142623e-05 2.528028e-05
1496600 4.7438723e-05 2.3501304e-05
1496800 6.0644643e-05 2.0176576e-05
1497000 6.618259e-05 9.6719712e-06
1497200 7.1884993e-05 3.0075795e-06
1497400 5.8740291e-05 2.9319659e-05
1497600 7.2321784e-05 1.4007497e-05
1497800 5.3101679e-05 6.7168543e-06
1498000 4.8608933e-05 2.824586e-05
1498200 4.2936247e-05 7.2158628e-06
1498400 4.7704441e-05 8.9312113e-06
1498600 5.3662112e-05 3.1286774e-05
1498800 5.1559552e-05 5.8938974e-06
1499000 3.2399187e-05 1.6143249e-05
1499200 7.3802756e-05 2.7624729e-05
1499400 5.2713716e-05 1.9037128e-05
1499600 5.3835232e-05 1.6075133e-06
1499800 6.403959e-05 2.0436892e-05
1500000 8.4837362e-05 1.7499387e-05
1500200 6.587851e-05 2.3187524e-05
1500400 6.3931689e-05 5.4332185e-06
1500600 7.5581749e-05 6.8422882e-06
1500800 5.8418945e-05 1.390886e-05
1501000 6.8922171e-05 2.6991865e-05
1501200 5.841588e-05 2.4723865e-05
1501400 5.2283573e-05 8.0468853e-06
1501600 5.8579575e-05 1.2823786e-05
1501800 3.9108979e-05 1.419675e-05
1502000 4.5841333e-05 2.0910309e-06
1502200 6.0307681e-05 1.9425759e-05
1502400 5.7932985e-05 1.8144707e-05
1502600 4.5849651e-05 2.5855354e-05
1502800 6.1210654e-05 1.7156086e-05
1503000 6.7832434e-05 1.9087394e-05
1503200 5.481541e-05 1.8563965e-05
1503400 4.2209121e-05 1.7589872e-05
1503600 3.3874355e-05 1.8353419e-05
1503800 1.2200344e-05 1.9064192e-05
1504000 2.9813527e-05 2.5410223e-05
1504200 4.8477191e-05 5.3254598e-06
1504400 3.1591694e-05 8.8029629e-06
1504600 4.4400066e-05 2.426268e-05
1504800 3.8315404e-05 9.8789323e-06
1505000 5.5296626e-05 2.5068191e-05
1505200 3.8081415e-05 6.7513454e-06
1505400 1.9926211e-05 9.6915292e-06
1505600 4.0010548e-05 1.2924325e-05
1505800 4.0228425e-05 3.0472348e-05
1506000 2.215034e-05 5.5795504e-06
1506200 3.7595148e-05 2.6508232e-06
1506400 2.3494018e-05 2.4720224e-05
1506600 2.2998169e-05 2.5531945e-05
1506800 4.3121882e-05 1.343891e-05
1507000 4.1533252e-05 3.3391399e-06
1507200 5.2913312e-05 2.1661867e-05
1507400 4.7430021e-05 3.5885579e-06
1507600 2.4906156e-05 2.1283564e-05
1507800 4.0342529e-05 1.682701e-05
1508000 5.7234173e-05 1.2237929e-05
1508200 4.4962061e-05 7.5042635e-06
1508400 5.6224279e-05 7.7629288e-06
1508600 5.1766647e-05 4.1348171e-06
1508800 7.8821641e-05 1.1806039e-05
1509000 5.2301536e-05 2.3660492e-05
1509200 5.2142143e-05 2.1888699e-05
1509400 6.2175538e-05 2.4426019e-05
1509600 5.7339284e-05 2.0161182e-05
1509800 6.9328779e-05 6.021145e-06
1510000 5.4808439e-05 2.0281944e-05
1510200 5.9815805e-05 1.8997893e-05
1510400 6.4111682e-05 1.6329518e-05
1510600 4.9859064e-05 1.7296452e-05
1510800 3.4937154e-05 1.0970482e-05
1511000 5.7588354e-05 1.7877993e-05
1511200 4.8084443e-05 2.3372168e-05
1511400 4.2235398e-05 9.1240383e-06
1511600 4.1252151e-05 4.9416024e-06
1511800 5.0877937e-05 1.2082014e-05
1512000 3.3002423e-05 1.2565539e-05
1512200 3.4686696e-05 1.919545e-05
1512400 3.6888606e-05 4.1493934e-05
1512600 5.2848645e-05 3.6451222e-05
1512800 6.0335804e-05 2.2395752e-05
1513000 2.8780188e-05 1.3868229e-05
1513200 6.387405e-05 2.2397281e-06
1513400 5.9503643e-05 1.3993757e-05
1513600 5.0442855e-05 3.0424781e-05
1513800 5.4057745e-05 3.53078e-05
1514000 4.0157712e-05 1.7828004e-05
1514200 3.2269382e-05 1.3895224e-05
1514400 4.5904541e-05 3.7868069e-05
1514600 3.6834562e-05 2.4765852e-05
1514800 4.2346971e-05 1.1210946e-05
1515000 7.0500236e-05 1.2336171e-05
1515200 5.8361068e-05 1.5011406e-05
1515400 3.5039258e-05 1.6130543e-05
1515600 1.9419204e-05 1.1639644e-05
1515800 4.4582053e-05 8.8990813e-06
1516000 3.5593228e-05 2.1858851e-05
1516200 2.9487242e-05 3.004527e-05
1516400 4.955518e-05 2.3317937e-05
1516600 4.1615988e-05 3.3229467e-05
1516800 5.4964079e-06 1.3915255e-05
1517000 4.0847805e-05 1.8676584e-05
1517200 3.1055227e-05 2.0645526e-05
1517400 2.5996932e-05 1.7728315e-05
1517600 2.4861423e-05 2.2688162e-05
1517800 1.7630448e-05 2.987436e-05
1518000 3.9851654e-05 1.591949e-05
1518200 1.6403931e-05 3.2348095e-05
1518400 4.0022851e-05 2.1281814e-05
1518600 2.6860745e-05 2.5248397e-05
1518800 3.8418306e-05 1.469253e-05
1519000 2.4340346e-05 1.1336297e-05
1519200 3.8748658e-05 1.962622e-05
1519400 3.5608841e-05 2.58037e-05
1519600 4.298666e-05 3.8879726e-05
1519800 2.0798537e-05 1.4503628e-05
1520000 5.1921617e-05 2.3929392e-05
1520200 5.621596e-05 1.65113e-06
1520400 5.9570265e-05 3.6078467e-06
1520600 3.9999849e-05 1.1328752e-05
1520800 5.7341504e-05 1.3369121e-05
1521000 3.7269956e-05 1.6187642e-05
1521200 3.7713403e-05 2.9108609e-05
1521400 3.3685444e-05 3.6165994e-05
1521600 4.3211991e-05 1.8801702e-05
1521800 5.4090271e-05 1.7225109e-05
1522000 3.7331405e-05 3.2539853e-05
1522200 4.8475626e-05 1.1755547e-05
1522400 3.6887837e-05 2.6486299e-05
1522600 5.5248238e-05 1.4072501e-05
1522800 6.1524922e-05 1.4593475e-05
1523000 4.7704516e-05 2.9494282e-05
1523200 2.2993908e-05 1.1799828e-05
1523400 3.063816e-05 2.5036517e-05
1523600 3.2141505e-05 1.6631674e-05
1523800 3.9637408e-05 6.5385122e-06
1524000 2.2950344e-05 3.2644511e-05
1524200 3.4333751e-05 8.4600397e-06
1524400 3.7959065e-05 2.9383773e-05
1524600 4.4072025e-05 3.5858234e-05
1524800 4.7900993e-05 3.312425e-07
1525000 2.5521491e-05 4.0862533e-05
1525200 3.7109538e-05 2.3448195e-06
1525400 5.178894e-05 1.400395e-05
1525600 6.8759406e-05 3.193427e-05
1525800 7.7788085e-05 4.7095621e-06
1526000 4.0985547e-05 1.4666665e-05
1526200 3.3819875e-05 1.7640317e-05
1526400 3.0998956e-05 2.6750071e-05
1526600 4.4122147e-05 1.2876978e-05
1526800 3.6006446e-05 2.5506651e-05
1527000 4.8020808e-05 1.5405415e-05
1527200 3.5808134e-05 9.0228221e-06
1527400 3.9653987e-05 3.2780244e-05
1527600 2.8435907e-05 4.5678675e-05
1527800 3.1405553e-05 1.0471722e-05
1528000 5.4497898e-05 2.9134909e-05
1528200 3.2404962e-05 2.0955261e-05
1528400 5.6141346e-05 1.6134669e-05
1528600 1.846684e-05 2.8953356e-05
1528800 5.8208877e-05 2.3475909e-05
1529000 7.567537e-05 1.6765595e-05
1529200 6.3821733e-05 1.9710115e-06
1529400 4.0565606e-05 1.3885407e-05
1529600 3.0388528e-05 7.9764092e-06
1529800 5.081402e-05 2.6023897e-05
1530000 4.9221387e-05 1.1192341e-05
1530200 4.3229882e-05 1.8777745e-05
1530400 4.1699657e-05 1.557541e-05
1530600 5.2266142e-05 2.3612601e-05
1530800 3.9582828e-05 6.2724158e-06
1531000 3.6204301e-05 1.5165237e-05
1531200 5.1712147e-05 2.7981759e-05
1531400 3.4114077e-05 7.2511089e-06
1531600 4.9794245e-05 2.0427821e-05
1531800 2.8982698e-05 1.9886621e-05
1532000 3.3481342e-05 1.4696242e-06
1532200 4.3232917e-05 1.5770774e-05
1532400 2.7029003e-05 1.0374451e-05
1532600 4.5019676e-05 2.5319815e-05
1532800 2.2208767e-05 4.7175301e-06
1533000 6.7416657e-05 2.1259562e-05
1533200 4.1347556e-05 5.7526406e-06
1533400 4.9361802e-05 4.7027877e-06
1533600 6.9021077e-05 2.0977334e-05
1533800 4.4006888e-05 1.8646538e-05
1534000 2.7654028e-05 2.025912e-05
1534200 4.6131363e-05 1.2749679e-05
1534400 2.6272597e-05 2.1921976e-05
1534600 3.7588953e-05 1.3740648e-05
1534800 4.3687485e-05 1.0279e-05
1535000 3.7300155e-05 4.9031863e-06
1535200 3.4592438e-05 1.9981231e-05
1535400 3.9873746e-05 1.0058945e-05
1535600 1.0865332e-05 2.0746602e-05
1535800 3.4500764e-05 1.1873643e-05
1536000 3.6481596e-05 5.2899907e-06
1536200 6.2763528e-05 5.29024e-06
1536400 4.2037609e-05 1.879438e-05
1536600 4.5579903e-05 2.7619637e-05
1536800 3.7576702e-05 9.2923848e-06
1537000 4.98519e-05 2.6544436e-05
1537200 4.8099309e-05 2.7199509e-05
1537400 6.3209104e-05 3.593353e-05
1537600 5.4069112e-05 2.7840952e-05
1537800 5.4511156e-05 1.2974827e-05
1538000 4.7279449e-05 7.8375514e-06
1538200 3.932054e-05 1.7300215e-05
1538400 6.9416721e-05 2.7478682e-05
1538600 4.6621806e-05 5.2569962e-06
1538800 5.126459e-05 7.2508425e-06
1539000 5.8004428e-05 1.771658e-05
1539200 4.8497431e-05 2.5251912e-05
1539400 4.7132263e-05 1.8273156e-05
1539600 4.8685591e-05 1.5629201e-05
1539800 4.664261e-05 2.4326157e-05
1540000 6.0212816e-05 4.396152e-05
1540200 4.9569196e-05 3.0166418e-05
1540400 5.4812535e-05 1.4200414e-05
1540600 4.3062824e-05 4.886844e-06
1540800 8.7857471e-06 4.0330015e-05
1541000 3.9097415e-05 2.5944333e-05
1541200 5.6300863e-05 1.6902414e-05
1541400 2.7693737e-05 6.933248e-06
1541600 4.3516689e-05 1.2685173e-05
1541800 4.4137182e-05 7.4853465e-06
1542000 3.8972646e-05 3.0776068e-05
1542200 2.2386418e-05 2.395687e-05
1542400 4.5174774e-05 1.7824539e-05
1542600 3.0253578e-05 1.4184588e-05
1542800 2.4475354e-05 1.7646042e-05
1543000 2.9153764e-05 2.0236317e-05
1543200 3.8826549e-05 1.2903124e-05
1543400 3.0553332e-05 1.8529184e-05
1543600 3.10663e-05 2.5883271e-06
1543800 2.1035183e-05 7.2726338e-06
1544000 1.8306022e-05 2.7953199e-05
1544200 4.0285524e-05 2.8677663e-05
1544400 4.4084202e-05 9.1978227e-06
1544600 3.3236305e-05 2.0572606e-06
1544800 3.7443807e-05 9.8438487e-07
1545000 4.0569184e-06 2.3024203e-05
1545200 4.7952818e-05 1.5795699e-05
1545400 5.595238e-05 1.2846399e-05
1545600 5.5181159e-05 5.6121142e-06
1545800 3.0126815e-05 3.1913532e-05
1546000 4.6031337e-05 1.6894038e-05
1546200 5.3809803e-05 4.1302745e-05
1546400 5.0243801e-05 3.4591347e-05
1546600 7.5869523e-05 1.8930213e-05
1546800 3.4867422e-05 1.9173992e-05
1547000 4.4496402e-05 2.4524725e-05
1547200 4.6925898e-05 3.2769321e-05
1547400 3.4636386e-05 2.6055843e-05
1547600 1.6493629e-05 1.0011271e-05
1547800 2.530644e-05 4.1813911e-05
1548000 3.5513729e-05 4.4597406e-05
1548200 4.3190711e-05 1.5774397e-05
1548400 3.8775658e-05 1.9091264e-06
1548600 4.2239002e-05 1.2707207e-05
1548800 4.0957989e-05 1.1685331e-05
1549000 4.9769e-05 1.6089789e-05
1549200 4.867566e-05 2.5525371e-05
1549400 3.7837761e-05 1.7365142e-05
1549600 5.2880211e-05 1.8654441e-05
1549800 5.0441391e-05 7.2195748e-06
1550000 6.0037143e-05 1.8807406e-05
1550200 3.7847559e-05 3.534755e-05
1550400 5.2747507e-05 1.4603882e-05
1550600 2.2056883e-05 4.9614462e-06
1550800 4.2419995e-05 1.6390472e-05
1551000 2.2190991e-05 1.3164313e-05
1551200 8.4893372e-06 9.9805389e-06
1551400 2.0882594e-05 1.2251667e-05
1551600 3.9702417e-05 3.1146882e-06
1551800 3.6492016e-05 5.7058053e-06
1552000 4.2044906e-05 1.4008458e-05
1552200 2.8279226e-05 3.2172185e-05
1552400 1.7353587e-05 1.773263e-05
1552600 2.2655551e-05 1.124372e-05
1552800 9.5894496e-06 4.6836709e-06
1553000 1.3316156e-05 2.6623949e-05
1553200 2.1801955e-05 2.3492785e-05
1553400 1.3516305e-05 4.3477504e-06
1553600 4.800725e-05 2.3011907e-05
1553800 2.8495716e-05 8.8544272e-06
1554000 -3.5157206e-06 8.8050423e-06
1554200 2.3140573e-05 2.1737303e-05
1554400 1.3091959e-05 1.5206382e-05
1554600 1.5387778e-05 6.5259338e-06
1554800 2.1196072e-05 2.109825e-05
1555000 4.1291675e-05 1.9094933e-05
1555200 2.8804543e-05 2.8930259e-05
1555400 5.4811902e-05 1.1504467e-05
1555600 2.2410665e-05 1.7364558e-06
1555800 2.4059499e-05 1.0947187e-05
1556000 3.7050478e-05 3.217051e-06
1556200 2.3983224e-05 1.2415622e-05
1556400 1.7468435e-05 1.3584572e-05
1556600 3.9075713e-05 1.4280298e-05
1556800 2.9810673e-05 1.6745706e-05
1557000 2.5148026e-05 2.8302338e-05
1557200 5.1920714e-05 2.8097945e-05
1557400 3.8032647e-05 4.3482892e-05
1557600 1.9962299e-05 1.5336408e-05
1557800 1.4697574e-05 1.1860887e-05
1558000 4.5393008e-05 1.0429214e-05
1558200 6.0219462e-05 1.4556082e-05
1558400 5.2099558e-05 9.4984227e-06
1558600 3.2097381e-05 2.3555356e-05
1558800 4.2086835e-05 1.5868313e-05
1559000 5.431937e-05 1.4551969e-05
1559200 6.3422598e-05 9.26301e-06
1559400 4.5391608e-05 1.9910977e-05
1559600 3.4017161e-05 1.2485213e-05
1559800 3.7505702e-05 4.9340361e-06
1560000 4.5635684e-05 1.0191867e-05
1560200 4.1407855e-05 2.7895359e-05
1560400 3.6194867e-05 1.1294021e-05
1560600 2.4571032e-05 1.2670945e-05
1560800 3.2268107e-05 1.8050976e-05
1561000 3.315192e-05 1.3007834e-05
1561200 3.4077055e-05 9.8027882e-06
1561400 2.3888617e-05 1.9655816e-05
1561600 4.3035372e-05 6.0761317e-06
1561800 4.4676942e-05 1.6950248e-05
1562000 6.081472e-05 6.8843497e-06
1562200 1.8458831e-05 1.9014053e-05
1562400 2.9161702e-05 2.8092083e-05
1562600 2.7284947e-05 1.4292439e-05
1562800 3.0508896e-05 2.1573918e-05
1563000 4.8838406e-05 1.3607183e-05
1563200 3.2179213e-05 2.0028511e-05
1563400 1.1194778e-05 3.2887762e-06
1563600 4.1720715e-05 1.0126101e-05
1563800 5.617367e-05 1.5136071e-05
1564000 4.7914431e-05 2.1707313e-05
1564200 4.1734437e-05 1.0755889e-05
1564400 4.0067678e-05 3.2442744e-05
1564600 4.1862259e-05 2.0278289e-05
1564800 4.5809839e-05 2.3323638e-05
1565000 3.7974056e-05 1.0338261e-05
1565200 3.1355713e-05 1.2311433e-05
1565400 2.3627349e-05 1.94429e-05
1565600 4.9388411e-05 9.421612e-06
1565800 1.8383707e-05 2.3801077e-05
1566000 3.1841631e-05 2.6186929e-05
1566200 2.6058539e-05 2.8722765e-05
1566400 4.387276e-05 2.6369495e-05
1566600 3.5123256e-05 7.8154301e-06
1566800 3.6087705e-05 2.0603645e-05
1567000 5.3656188e-05 1.7318839e-05
1567200 4.9875023e-05 6.7508496e-06
1567400 6.7239739e-05 5.5148647e-06
1567600 5.7777024e-05 2.5454256e-06
1567800 2.7256442e-05 7.4555318e-06
1568000 5.4918251e-05 1.9955467e-05
1568200 5.7996672e-05 1.6874672e-05
1568400 2.8884646e-05 1.1238176e-05
1568600 5.5655958e-05 2.0715192e-05
1568800 6.1792513e-05 3.114637e-06
1569000 4.4171631e-05 3.1548663e-05
1569200 5.4367639e-05 2.8530863e-05
1569400 5.2212133e-05 2.0362398e-05
1569600 5.7875544e-05 1.363798e-05
1569800 5.9053337e-05 1.0559956e-05
1570000 4.3789841e-05 3.1469189e-05
1570200 6.0979521e-05 5.1765138e-06
1570400 6.1528549e-05 3.5399613e-05
1570600 4.4140829e-05 5.0653637e-05
1570800 6.1979365e-05 5.0757106e-05
1571000 4.6226414e-05 3.0358868e-05
1571200 3.7487033e-05 2.9959764e-05
1571400 4.0800361e-05 2.5010837e-05
1571600 6.1116748e-05 3.3648683e-05
1571800 3.8649522e-05 4.9974625e-05
1572000 5.6619342e-05 3.8284285e-05
1572200 4.7777239e-05 5.4485845e-05
1572400 3.0989469e-05 2.0920734e-05
1572600 5.3800722e-05 6.5308524e-06
1572800 5.2916277e-05 1.0918236e-05
1573000 7.806957e-05 1.496704e-05
1573200 5.5163985e-05 3.2947461e-05
1573400 4.9245509e-05 1.3687133e-05
1573600 7.4149891e-05 4.5208826e-05
1573800 5.9581435e-05 4.6597002e-05
1574000 7.4182172e-05 2.3382121e-05
1574200 3.2596311e-05 5.1381062e-05
1574400 3.8919342e-05 4.9167148e-05
1574600 6.1121528e-05 5.792698e-05
1574800 6.3085654e-05 4.6311439e-05
1575000 6.4462942e-05 2.5551224e-05
1575200 6.7630993e-05 2.5791627e-05
1575400 6.416346e-05 2.4750025e-05
1575600 6.0749162e-05 2.3852768e-05
1575800 5.2775652e-05 2.5651147e-05
1576000 5.3199445e-05 2.3745034e-05
1576200 6.4405021e-05 3.4125749e-05
1576400 6.9553873e-05 1.7954288e-05
1576600 6.1455068e-05 2.1585118e-05
1576800 9.3014022e-05 2.7690271e-05
1577000 8.2514797e-05 4.2387427e-05
1577200 5.9448431e-05 3.0526332e-05
1577400 6.8590551e-05 4.1164019e-05
1577600 5.7622044e-05 5.334253e-05
1577800 7.9131843e-05 4.2658869e-05
1578000 4.5443022e-05 3.4292825e-05
1578200 7.3044215e-05 4.8181036e-05
1578400 7.6610273e-05 2.0075005e-05
1578600 7.9213989e-05 1.6981935e-05
1578800 4.6666773e-05 2.3293316e-05
1579000 6.2859383e-05 3.3712459e-05
1579200 5.8354125e-05 2.8634723e-05
1579400 6.3255232e-05 3.3559837e-05
1579600 4.8842266e-05 4.7721661e-06
1579800 5.5036747e-05 2.3745224e-05
1580000 3.4630031e-05 1.7238079e-05
1580200 3.4182499e-05 3.5863607e-05
1580400 4.9625648e-05 6.1329225e-05
1580600 7.512402e-05 2.7783624e-05
1580800 7.2622301e-05 3.9834885e-05
1581000 6.0737085e-05 3.005173e-05
1581200 7.3010019e-05 3.1056095e-05
1581400 4.7978677e-05 4.6809679e-05
1581600 8.7586563e-05 2.1357909e-05
1581800 7.4321543e-05 5.1848637e-05
1582000 9.6263871e-05 3.3785104e-05
1582200 5.0933751e-05 5.5899703e-05
1582400 5.1638889e-05 3.1993722e-05
1582600 7.3597231e-05 5.2492831e-05
1582800 6.9926694e-05 2.3454908e-05
1583000 7.2790319e-05 3.4548453e-05
1583200 7.4558673e-05 3.6616668e-05
1583400 6.6294648e-05 5.3941116e-05
1583600 5.2764516e-05 4.5533614e-05
1583800 5.0648387e-05 4.1904789e-05
1584000 5.284072e-05 5.0478519e-05
1584200 6.1646855e-05 6.0025331e-05
1584400 4.404327e-05 5.8798742e-05
1584600 2.9750336e-05 4.6549872e-05
1584800 5.0806115e-05 4.1027789e-05
1585000 4.9989937e-05 5.1444355e-05
1585200 6.9635399e-05 5.5602403e-05
1585400 7.6754064e-05 6.6202493e-05
1585600 6.4845705e-05 4.8189141e-05
1585800 8.2628122e-05 4.9541947e-05
1586000 7.3732785e-05 4.0761933e-05
1586200 5.209633e-05 6.2635165e-05
1586400 7.2572545e-05 4.8868707e-05
1586600 6.5387582e-05 3.3086669e-05
1586800 6.9707543e-05 6.4999647e-05
1587000 6.0642102e-05 4.6273367e-05
1587200 5.6258727e-05 5.3262546e-05
1587400 6.7498942e-05 6.5476256e-05
1587600 7.7188757e-05 7.7545909e-05
1587800 4.6715772e-05 4.509943e-05
1588000 4.2706725e-05 6.274499e-05
1588200 7.5545211e-05 5.3128498e-05
1588400 5.5638314e-05 6.4923725e-05
1588600 3.4769785e-05 5.4692198e-05
1588800 4.9889583e-05 5.2162821e-05
1589000 7.0390385e-05 3.4110975e-05
1589200 4.846574e-05 5.3341407e-05
1589400 6.4309089e-05 3.7165343e-05
1589600 5.3303592e-05 3.3569322e-05
1589800 7.9464899e-05 3.1866698e-05
1590000 7.5986393e-05 4.7257982e-05
1590200 5.7462473e-05 3.6556055e-05
1590400 6.1231824e-05 6.3377882e-05
1590600 5.7641756e-05 5.1418957e-05
1590800 6.8781734e-05 7.0118533e-05
1591000 5.1875108e-05 5.7895585e-05
1591200 7.595264e-05 6.9287903e-05
1591400 6.3229796e-05 2.9276032e-05
1591600 7.393035e-05 4.5912013e-05
1591800 4.887632e-05 4.657895e-05
1592000 8.0977714e-05 4.3138262e-05
1592200 8.3535661e-05 4.5155069e-05
1592400 7.3640668e-05 5.978181e-05
1592600 4.5746798e-05 4.3929176e-05
1592800 5.9157311e-05 2.084457e-05
1593000 6.7309274e-05 4.9866333e-05
1593200 4.6369717e-05 6.9078189e-05
1593400 6.6800662e-05 5.5875567e-05
1593600 6.1246948e-05 5.9168645e-05
1593800 8.9597867e-05 4.7731894e-05
1594000 7.1955149e-05 5.2134701e-05
1594200 8.1761284e-05 6.0570224e-05
1594400 8.9273959e-05 5.4997547e-05
1594600 7.2639218e-05 4.0258738e-05
1594800 8.4048555e-05 4.6484547e-05
1595000 6.3978965e-05 5.1269815e-05
1595200 9.7118919e-05 4.6711461e-05
1595400 9.475227e-05 5.9880109e-05
1595600 0.00010315363 2.0970783e-05
1595800 0.00011659631 3.7658943e-05
1596000 0.00011148998 4.2543771e-05
1596200 6.6608121e-05 3.312352e-05
1596400 8.7151609e-05 1.6853146e-05
1596600 6.935237e-05 5.2819325e-05
1596800 7.21332e-05 4.440267e-05
1597000 6.7291083e-05 5.0898233e-05
1597200 7.7858161e-05 4.4364789e-05
1597400 6.2875057e-05 3.9893211e-05
1597600 7.2441161e-05 2.6768657e-05
1597800 8.0907861e-05 1.0094925e-05
1598000 4.9805807e-05 4.9720713e-05
1598200 6.0187656e-05 3.8020263e-05
1598400 5.3949415e-05 3.4624673e-05
1598600 7.6867352e-05 5.0932264e-05
1598800 4.6975537e-05 3.7632248e-05
1599000 6.724174e-05 3.9965679e-05
1599200 6.3867629e-05 3.3166226e-05
1599400 7.1980232e-05 5.1922968e-05
1599600 5.6504094e-05 4.9439574e-05
1599800 6.4438223e-05 6.5382463e-05
1600000 6.3252618e-05 2.4372153e-05
1600200 4.1759953e-05 4.5222732e-05
1600400 7.999667e-05 3.5789847e-05
1600600 6.6084539e-05 4.5928984e-05
1600800 8.0396302e-05 2.9371446e-05
1601000 7.2695543e-05 3.3938927e-05
1601200 6.7941087e-05 2.8878134e-05
1601400 7.9045722e-05 4.9846096e-05
1601600 8.9333596e-05 5.7054912e-05
1601800 7.8929992e-05 4.4718831e-05
1602000 8.6597805e-05 4.3949849e-05
1602200 0.00010567719 3.0289484e-05
1602400 8.2324757e-05 3.7291554e-05
1602600 6.3094761e-05 2.6565616e-05
1602800 0.00010193067 4.3674103e-05
1603000 5.321657e-05 4.279277e-05
1603200 8.4684513e-05 4.8496428e-05
1603400 7.1193637e-05 2.0600887e-05
1603600 8.6039733e-05 2.8634897e-05
1603800 6.9215231e-05 1.0060694e-05
1604000 7.2931022e-05 3.165887e-05
1604200 6.0177225e-05 5.1097023e-05
1604400 6.7639016e-05 6.174368e-06
1604600 5.2379075e-05 1.0275645e-05
1604800 7.4128437e-05 2.4873408e-05
1605000 6.7721645e-05 2.8032149e-05
1605200 4.9444274e-05 1.7127061e-05
1605400 6.6807554e-05 3.7757432e-05
1605600 7.6586345e-05 4.4782901e-05
1605800 6.6690404e-05 4.8271508e-05
1606000 6.9651558e-05 4.9652856e-05
1606200 7.3592843e-05 5.6788148e-05
1606400 8.3065631e-05 5.6864985e-05
1606600 8.8526982e-05 3.6656307e-05
1606800 8.7482928e-05 5.4722591e-05
1607000 7.2232883e-05 2.8416041e-05
1607200 9.0651689e-05 5.2012754e-05
1607400 6.7703816e-05 3.7689692e-05
1607600 8.6813594e-05 4.1758249e-05
1607800 8.4713387e-05 4.910957e-05
1608000 6.4383502e-05 5.9961851e-05
1608200 7.3226585e-05 3.4262823e-05
1608400 8.8450286e-05 3.3916954e-05
1608600 0.00010072183 5.0663696e-05
1608800 9.2155285e-05 3.2857838e-05
1609000 7.1191069e-05 2.4250634e-05
1609200 8.6965905e-05 3.1355562e-05
1609400 9.3934489e-05 2.7139379e-05
1609600 0.000107057 2.7251024e-05
1609800 6.4314416e-05 4.4987324e-05
1610000 8.0597534e-05 4.1308596e-05
1610200 9.2366656e-05 2.9746089e-05
1610400 9.0868013e-05 4.300488e-05
1610600 8.3947097e-05 2.8174128e-05
1610800 8.0403025e-05 2.4479397e-05
1611000 6.9693486e-05 3.5219616e-05
1611200 8.1477378e-05 1.9384517e-05
1611400 6.9427191e-05 9.4203232e-06
1611600 5.7054947e-05 2.8644633e-05
1611800 9.6773746e-05 3.0998432e-05
1612000 8.4369258e-05 2.4013541e-05
1612200 6.7086477e-05 2.6719358e-05
1612400 6.9848055e-05 3.2000654e-05
1612600 6.3509786e-05 5.5916486e-05
1612800 7.2404994e-05 4.9842704e-05
1613000 5.1296327e-05 5.0865391e-05
1613200 5.9916923e-05 3.4008066e-05
1613400 7.4704554e-05 1.1082487e-05
1613600 7.5040611e-05 2.8837051e-05
1613800 6.8698901e-05 2.3738074e-05
1614000 5.1384686e-05 1.7451818e-05
1614200 6.65167e-05 2.2283305e-05
1614400 7.3616723e-05 2.7979714e-05
1614600 4.5318001e-05 3.8623681e-05
1614800 5.0924821e-05 4.3093144e-05
1615000 8.0158838e-05 4.3730534e-05
1615200 7.6518377e-05 4.1385317e-05
1615400 6.5536915e-05 4.540472e-05
1615600 5.9441168e-05 4.8856619e-05
1615800 6.322215e-05 4.7098717e-05
1616000 6.6454426e-05 5.9160224e-05
1616200 8.6224331e-05 3.1863478e-05
1616400 6.4496439e-05 3.3758961e-05
1616600 4.7313775e-05 5.2735366e-05
1616800 6.0198873e-05 4.9720378e-05
1617000 7.5891679e-05 3.2899261e-05
1617200 7.1647976e-05 4.6989215e-05
1617400 7.8798858e-05 4.7865741e-05
1617600 8.0585279e-05 6.0447667e-05
1617800 7.9957432e-05 6.3113678e-05
1618000 0.00010153902 3.0769715e-05
1618200 9.1238199e-05 8.4698443e-06
1618400 0.0001114417 4.1406938e-05
1618600 0.00010357848 3.3547647e-05
1618800 8.356769e-05 1.8386425e-05
1619000 9.7743169e-05 3.3061765e-05
1619200 9.2017852e-05 3.1130701e-05
1619400 7.4913284e-05 1.993675e-05
1619600 8.2477664e-05 3.1666984e-05
1619800 8.3691895e-05 3.7628762e-05
1620000 8.0954584e-05 4.6742532e-05
1620200 7.8360771e-05 4.5752591e-05
1620400 5.8698606e-05 4.0941799e-05
1620600 9.1710851e-05 5.1955598e-05
1620800 8.2167154e-05 5.0690243e-05
1621000 8.5590367e-05 2.5260778e-05
1621200 7.3907455e-05 4.808963e-05
1621400 6.3746115e-05 2.5447166e-05
1621600 6.4923383e-05 4.4630528e-05
1621800 8.7656943e-05 4.6238951e-05
1622000 7.7292688e-05 1.4969129e-05
1622200 7.0436815e-05 3.146578e-05
1622400 7.4660872e-05 2.0313501e-05
1622600 6.7841381e-05 3.3313117e-05
1622800 8.0013579e-05 4.2234324e-05
1623000 7.0979417e-05 4.9258584e-05
1623200 0.00010412944 2.1578468e-05
1623400 8.0566905e-05 4.8111591e-05
1623600 9.0991918e-05 2.5504989e-05
1623800 8.9494247e-05 3.1134248e-07
1624000 8.2031595e-05 2.2188548e-05
1624200 8.1529119e-05 2.7337847e-05
1624400 7.0164101e-05 1.3803459e-05
1624600 8.5001189e-05 2.6769467e-05
1624800 4.3760789e-05 3.2491947e-05
1625000 8.3479894e-05 1.1114204e-05
1625200 7.4653093e-05 3.0256283e-05
1625400 5.3323235e-05 4.9288863e-05
1625600 6.9055181e-05 2.8873112e-05
1625800 5.2384229e-05 3.3933236e-05
1626000 5.578777e-05 4.1733687e-05
1626200 5.0973164e-05 3.7725886e-05
1626400 7.7150243e-05 7.3887255e-06
1626600 7.8250828e-05 2.4549974e-05
1626800 8.0331662e-05 2.7472957e-05
1627000 7.4663581e-05 3.3477905e-05
1627200 6.3796794e-05 3.6020944e-05
1627400 7.2278951e-05 5.083532e-05
1627600 5.9471673e-05 4.2818489e-05
1627800 6.1627191e-05 4.2138723e-05
1628000 5.1531269e-05 3.7291862e-05
1628200 6.7040093e-05 4.5434269e-05
1628400 8.3160976e-05 3.8162128e-05
1628600 6.5506646e-05 3.5173671e-05
1628800 8.8262393e-05 2.9000445e-05
1629000 6.482396e-05 3.7417979e-05
1629200 4.91093e-05 2.2122143e-05
1629400 8.0774614e-05 3.6322148e-05
1629600 6.5184945e-05 2.4337268e-05
1629800 6.746426e-05 1.14761e-05
1630000 8.01461e-05 1.8188868e-05
1630200 7.1716967e-05 3.8507364e-05
1630400 7.557757e-05 2.6204604e-05
1630600 9.3911112e-05 2.658884e-05
1630800 8.9822293e-05 1.1988763e-05
1631000 9.1745955e-05 4.0946785e-05
1631200 5.8497476e-05 6.0047526e-05
1631400 8.2528015e-05 4.0946235e-05
1631600 8.0104961e-05 2.5102449e-05
1631800 9.49086e-05 2.4276673e-05
1632000 9.8017755e-05 1.0203497e-05
1632200 7.8764663e-05 2.5430572e-05
1632400 8.2804981e-05 3.4956339e-05
1632600 7.9739796e-05 2.0676915e-05
1632800 6.8032617e-05 4.2821376e-05
1633000 8.7715875e-05 5.6305878e-05
1633200 8.6181596e-05 5.199703e-05
1633400 7.0235199e-05 6.97123e-05
1633600 0.00011115976 4.2154768e-05
1633800 0.00010794193 4.6607127e-05
1634000 8.6864618e-05 3.5779499e-05
1634200 8.7686052e-05 3.1424688e-05
1634400 8.2138763e-05 3.8813334e-05
1634600 7.4950268e-05 3.8451812e-05
1634800 8.9750168e-05 3.4933698e-05
1635000 8.3634972e-05 2.5598483e-05
1635200 8.5303019e-05 3.0404088e-05
1635400 7.7419473e-05 2.5459989e-05
1635600 7.8963986e-05 3.6015395e-05
1635800 8.5562008e-05 4.0699298e-05
1636000 7.2322574e-05 4.4737829e-05
1636200 5.7509263e-05 4.411734e-05
1636400 5.03006e-05 2.4438885e-05
1636600 6.4419019e-05 1.46691e-05
1636800 8.0270033e-05 3.8816383e-05
1637000 7.8375991e-05 2.7044645e-05
1637200 4.744144e-05 1.9492663e-05
1637400 6.1219287e-05 2.7821364e-05
1637600 8.2102192e-05 3.2505208e-05
1637800 8.2550939e-05 3.9630947e-05
1638000 7.8713913e-05 3.922946e-05
1638200 8.4856559e-05 3.1879013e-05
1638400 6.2270126e-05 3.2810115e-05
1638600 6.5840614e-05 2.8455691e-05
1638800 5.5044285e-05 3.2046624e-05
1639000 6.5074663e-05 2.8777493e-05
1639200 6.0322609e-05 3.1232878e-05
1639400 8.2940301e-05 4.3998173e-05
1639600 9.0510846e-05 3.0984395e-05
1639800 4.8173909e-05 4.3006336e-05
1640000 6.395637e-05 2.719551e-05
1640200 6.3418884e-05 2.4556693e-05
1640400 5.1995852e-05 2.9497381e-05
1640600 5.171514e-05 8.9857809e-06
1640800 7.150836e-05 2.3061946e-05
1641000 6.6321967e-05 3.0258929e-05
1641200 7.9336364e-05 3.762834e-05
1641400 8.1257752e-05 4.6097771e-05
1641600 7.3981632e-05 3.3381542e-05
1641800 7.0546291e-05 3.0768907e-05
1642000 0.00010424897 3.7518426e-05
1642200 6.7727398e-05 5.8122945e-05
1642400 7.7169749e-05 5.0454794e-05
1642600 7.6112082e-05 2.057256e-05
1642800 7.4911679e-05 2.3265672e-05
1643000 8.5664508e-05 4.2261532e-05
1643200 6.0402322e-05 4.7941879e-05
1643400 5.9268512e-05 4.2330259e-05
1643600 8.6195647e-05 5.4720682e-05
1643800 6.9295132e-05 4.4972267e-05
1644000 5.8023588e-05 4.7387063e-05
1644200 5.6791756e-05 4.2012674e-05
1644400 8.1000158e-05 3.6084814e-05
1644600 7.073168e-05 4.8222084e-05
1644800 5.2612736e-05 3.9216465e-05
1645000 7.186432e-05 4.5798376e-05
1645200 8.1942806e-05 3.5435124e-05
1645400 7.7375121e-05 2.8428167e-05
1645600 7.0108908e-05 4.4060205e-05
1645800 5.8443158e-05 3.0399678e-05
1646000 8.2919536e-05 5.6746123e-05
1646200 5.7349169e-05 5.9320993e-05
1646400 8.074307e-05 5.3937174e-05
1646600 6.0527159e-05 3.9007665e-05
1646800 7.4016349e-05 2.8567964e-05
1647000 5.8737903e-05 2.9692157e-05
1647200 8.5541236e-05 5.2522151e-05
1647400 9.0340075e-05 1.7869288e-05
1647600 7.9642538e-05 3.913333e-05
1647800 9.5634102e-05 2.4383198e-05
1648000 7.5098396e-05 4.4061484e-05
1648200 6.7133802e-05 3.7337199e-05
1648400 8.8234351e-05 4.3755401e-05
1648600 7.9295942e-05 5.0707279e-05
1648800 9.3606659e-05 5.2286262e-05
1649000 7.3962117e-05 3.7361765e-05
1649200 9.3535938e-05 3.5959956e-05
1649400 8.0021555e-05 6.5380812e-05
1649600 6.4850452e-05 2.7718646e-05
1649800 7.7107897e-05 4.5642584e-05
1650000 6.6809894e-05 4.2485697e-05
1650200 5.6424326e-05 4.0286852e-05
1650400 6.4640484e-05 2.8215912e-05
1650600 7.5207261e-05 4.409601e-05
1650800 7.9472544e-05 2.4980816e-05
1651000 6.6475597e-05 3.6830507e-05
1651200 6.6949472e-05 3.5111393e-05
1651400 8.0651426e-05 4.5223851e-05
1651600 6.2419231e-05 1.8058802e-05
1651800 6.7101826e-05 2.8642709e-05
1652000 9.2787573e-05 3.4573883e-05
1652200 7.5137397e-05 2.2494388e-05
1652400 7.5055092e-05 2.2102026e-05
1652600 7.892746e-05 2.8063197e-05
1652800 4.7261216e-05 4.6967979e-05
1653000 6.701613e-05 3.3350849e-05
1653200 5.6938267e-05 2.640049e-05
1653400 6.7087924e-05 2.9411158e-05
1653600 7.2678912e-05 1.4655231e-05
1653800 5.2286391e-05 4.60219e-05
1654000 5.6532987e-05 1.9698854e-05
1654200 6.4797525e-05 3.6134854e-05
1654400 4.7221893e-05 3.9567864e-05
1654600 3.5868089e-05 3.034672e-05
1654800 5.5575363e-05 4.1096171e-05
1655000 7.3556633e-05 1.8258335e-05
1655200 6.139125e-05 2.5232416e-05
1655400 7.150807e-05 2.903169e-05
1655600 6.6928691e-05 3.2018024e-05
1655800 5.1819542e-05 4.1051791e-05
1656000 4.9645679e-05 4.7084102e-05
1656200 5.5341217e-05 7.4769439e-06
1656400 3.812951e-05 2.1313062e-05
1656600 6.0264543e-05 2.521753e-05
1656800 6.3110625e-05 3.0837637e-05
1657000 6.0850809e-05 3.9251596e-05
1657200 7.0126021e-05 2.3875012e-05
1657400 6.4132457e-05 2.0062378e-05
1657600 5.4191455e-05 2.8358138e-05
1657800 6.6720455e-05 5.1089174e-05
1658000 4.6375e-05 2.9840387e-05
1658200 5.9810305e-05 5.5052454e-05
1658400 5.8168249e-05 2.6883886e-05
1658600 5.9759283e-05 3.3488439e-05
1658800 4.4158682e-05 3.5419105e-05
1659000 5.7380331e-05 4.3294635e-05
1659200 6.7523614e-05 2.418805e-05
1659400 5.7062004e-05 1.8124702e-05
1659600 7.4780626e-05 4.215882e-06
1659800 6.6830878e-05 8.8888736e-06
1660000 6.9472992e-05 6.7387077e-06
1660200 5.2640302e-05 2.9041151e-05
1660400 5.0553098e-05 4.6576905e-05
1660600 6.1923036e-05 1.9696628e-05
1660800 6.3696579e-05 2.6314986e-05
1661000 7.4030189e-05 1.4354222e-05
1661200 7.7054312e-05 1.0781762e-05
1661400 6.4151532e-05 2.1130175e-05
1661600 9.0592496e-05 1.2166367e-05
1661800 6.8600017e-05 1.3226395e-05
1662000 5.0083084e-05 3.3040704e-05
1662200 4.3481793e-05 3.8592067e-05
1662400 9.5169586e-05 1.8178999e-05
1662600 7.0160148e-05 9.1045419e-06
1662800 5.7989772e-05 2.6525137e-05
1663000 6.5754702e-05 4.2729121e-05
1663200 6.0311457e-05 2.7706589e-05
1663400 5.6161906e-05 1.2472049e-05
1663600 7.5641346e-05 3.0339624e-05
1663800 8.0867206e-05 2.3134244e-05
1664000 5.950162e-05 7.3464208e-06
1664200 8.554693e-05 1.7627301e-05
1664400 8.7044074e-05 4.0677837e-05
1664600 7.8212088e-05 3.5221354e-05
1664800 8.3193583e-05 2.1289821e-05
1665000 8.724888e-05 2.6904894e-05
1665200 7.7768846e-05 2.3876105e-05
1665400 7.2911616e-05 3.6941822e-05
1665600 7.7203943e-05 5.1125689e-05
1665800 6.4971846e-05 2.3071848e-05
1666000 5.5984304e-05 2.6919443e-05
1666200 7.0587289e-05 4.220462e-05
1666400 6.8789744e-05 2.3887918e-05
1666600 7.6572765e-05 3.3343664e-05
1666800 6.0153739e-05 4.2296539e-05
1667000 6.1774486e-05 3.2869735e-05
1667200 8.7543122e-05 4.0556961e-06
1667400 6.1648197e-05 7.6927397e-06
1667600 6.4855643e-05 3.2531229e-05
1667800 4.6025436e-05 5.7189832e-05
1668000 3.6601122e-05 3.9058484e-05
1668200 1.9678427e-05 2.5906394e-05
1668400 5.8252141e-05 4.0651327e-05
1668600 5.0664858e-05 4.4174892e-05
1668800 4.5715027e-05 3.5239462e-05
1669000 4.7390134e-05 4.5896315e-05
1669200 6.0758142e-05 4.5816316e-05
1669400 8.0747166e-05 4.8612368e-06
1669600 7.9076474e-05 3.6201841e-05
1669800 7.9233499e-05 3.9266919e-05
1670000 6.3066826e-05 3.6668228e-05
1670200 5.9285157e-05 4.7676679e-05
1670400 5.8396935e-05 4.7079023e-05
1670600 5.0453007e-05 2.9458525e-05
1670800 3.6881655e-05 3.8288743e-05
1671000 4.4548508e-05 4.3310403e-05
1671200 6.040775e-05 1.9966879e-05
1671400 6.4163786e-05 3.7322536e-05
1671600 7.2781369e-05 3.8917518e-05
1671800 6.9984821e-05 3.8545661e-05
1672000 6.0088944e-05 5.6710487e-05
1672200 7.1378855e-05 3.7133356e-05
1672400 7.4971543e-05 4.1659374e-05
1672600 7.8105512e-05 3.8196553e-05
1672800 6.3017806e-05 3.7608055e-05
1673000 6.1707873e-05 5.8769463e-05
1673200 5.4855677e-05 4.5016203e-05
1673400 7.0841025e-05 5.3004951e-05
1673600 3.6179642e-05 5.3448393e-05
1673800 6.9036052e-05 4.3963165e-05
1674000 5.7777501e-05 4.9019972e-05
1674200 5.2856737e-05 3.5210973e-05
1674400 2.3811034e-05 4.4394892e-05
1674600 1.585842e-05 3.6242198e-05
1674800 5.9976052e-05 4.8006848e-05
1675000 5.7560668e-05 2.9044866e-05
1675200 7.3399465e-05 1.002797e-05
1675400 4.8737745e-05 3.9381624e-05
1675600 6.4050599e-05 1.0262683e-05
1675800 7.0263392e-05 3.8094654e-05
1676000 5.6231834e-05 3.810402e-05
1676200 5.2999249e-05 1.6225752e-05
1676400 6.5569878e-05 3.0572973e-05
1676600 9.554105e-05 2.1675523e-05
1676800 5.5270011e-05 4.0625971e-05
1677000 5.7218581e-05 4.2578494e-05
1677200 6.0863161e-05 1.0532267e-05
1677400 5.5217354e-05 2.0940852e-05
1677600 4.7775006e-05 2.1141302e-05
1677800 4.5289438e-05 2.377287e-05
1678000 6.8456061e-05 2.740563e-05
1678200 6.2926119e-05 2.6310397e-05
1678400 7.2641449e-05 3.6838809e-05
1678600 6.8654579e-05 2.6675799e-05
1678800 4.8898802e-05 3.0894765e-05
1679000 7.0170696e-05 3.0703509e-05
1679200 5.6783427e-05 2.6522075e-05
1679400 6.783791e-05 4.9106973e-05
1679600 3.7855103e-05 4.4794847e-05
1679800 6.0951834e-05 5.0145553e-05
1680000 5.9687335e-05 4.1434367e-05
1680200 6.0994292e-05 2.3528722e-05
1680400 4.680964e-05 2.9667906e-05
1680600 5.4359847e-05 4.8758392e-05
1680800 7.9885943e-05 3.9615088e-05
1681000 8.9389571e-05 3.1671402e-05
1681200 7.8044968e-05 4.5822642e-05
1681400 7.0999034e-05 4.0921584e-05
1681600 5.298871e-05 2.9951976e-05
1681800 6.4828183e-05 2.5928379e-05
1682000 6.0118374e-05 3.4897798e-05
1682200 8.1660785e-05 1.6977629e-05
1682400 7.3487734e-05 2.611221e-05
1682600 6.3300156e-05 2.0688794e-05
1682800 7.3286334e-05 4.0320372e-05
1683000 4.0021498e-05 4.9321655e-05
1683200 4.2558489e-05 3.4450647e-05
1683400 4.5661134e-05 5.2546939e-05
1683600 4.2873467e-05 2.640911e-05
1683800 6.8503825e-05 3.4433849e-05
1684000 5.2798974e-05 3.0642506e-05
1684200 4.8262628e-05 1.3766739e-05
1684400 7.8286132e-05 1.5572571e-05
1684600 6.9537239e-05 4.0819462e-05
1684800 5.8538619e-05 3.8790066e-05
1685000 5.4435723e-05 3.4199716e-05
1685200 5.5830376e-05 6.5427362e-05
1685400 5.5424407e-05 6.0414748e-05
1685600 3.5318246e-05 4.0463661e-05
1685800 5.2757994e-05 3.1276405e-05
1686000 5.8111619e-05 2.6283335e-05
1686200 5.3302382e-05 3.3309215e-05
1686400 4.8523357e-05 1.8175556e-05
1686600 6.0729745e-05 2.8580117e-05
1686800 6.391079e-05 3.8142272e-05
1687000 4.5574466e-05 5.2506572e-05
1687200 3.9171129e-05 5.224567e-05
1687400 5.8416971e-05 4.7094341e-05
1687600 4.4936971e-05 3.8571938e-05
1687800 6.9155078e-05 5.4308016e-05
1688000 4.3399878e-05 4.4027354e-05
1688200 5.8292104e-05 3.7845531e-05
1688400 3.6951213e-05 4.5286598e-05
1688600 1.2192566e-05 2.2760735e-05
1688800 3.9536135e-05 3.6556565e-05
1689000 6.0470997e-05 3.1074395e-05
1689200 3.4296124e-05 4.1626827e-05
1689400 4.3394682e-05 4.2505584e-05
1689600 5.4835326e-05 4.5400163e-05
1689800 3.7450795e-05 4.3623308e-05
1690000 4.1091447e-05 3.3507023e-05
1690200 7.1644885e-05 3.1240662e-05
1690400 6.0642407e-05 3.5710467e-05
1690600 5.7824526e-05 2.3558137e-05
1690800 5.4139895e-05 3.7344805e-05
1691000 6.5988158e-05 1.8425628e-05
1691200 5.5012443e-05 2.7478607e-05
1691400 7.0179594e-05 3.4450466e-05
1691600 4.347053e-05 2.6434433e-05
1691800 7.8222817e-05 2.830927e-05
1692000 8.3625852e-05 3.4684943e-05
1692200 3.9003422e-05 4.2865719e-05
1692400 4.9416259e-05 5.1869745e-05
1692600 3.7445495e-05 4.7297214e-05
1692800 3.5579219e-05 2.9889648e-05
1693000 3.8369092e-05 3.6761746e-05
1693200 5.7596429e-05 4.1241894e-05
1693400 6.4115562e-05 1.9750805e-05
1693600 5.7100094e-05 2.1252085e-05
1693800 6.222639e-05 1.5545569e-05
1694000 5.0604194e-05 3.9069831e-05
1694200 4.443746e-05 3.7948019e-05
1694400 5.2832564e-05 1.9796107e-05
1694600 3.0576192e-05 3.6388874e-05
1694800 5.3283001e-05 4.2278227e-05
1695000 5.3242336e-05 2.3265358e-05
1695200 4.9091894e-05 5.7365413e-05
1695400 4.5697816e-05 4.2749893e-05
1695600 3.5907881e-05 2.6587921e-05
1695800 6.0325953e-05 2.4750666e-05
1696000 4.6077885e-05 3.2651547e-05
1696200 3.4672597e-05 1.7073748e-05
1696400 4.7170307e-05 2.7549689e-05
1696600 4.4920338e-05 3.3191223e-05
1696800 7.2161089e-05 1.4744375e-05
1697000 5.3039253e-05 1.1431271e-05
1697200 6.6869752e-05 8.8535824e-06
1697400 7.3603281e-05 1.6936397e-05
1697600 4.983126e-05 1.5222133e-05
1697800 4.1984957e-05 4.6893958e-05
1698000 4.3106744e-05 3.941881e-05
1698200 4.2888897e-05 4.6856564e-05
1698400 3.9855338e-05 4.0815316e-05
1698600 2.9959147e-05 1.4257879e-05
1698800 5.5353852e-05 3.4012011e-05
1699000 5.1595516e-05 3.0784571e-05
1699200 4.8059848e-05 1.7425678e-05
1699400 4.1640474e-05 1.5801462e-05
1699600 3.8672795e-05 3.2459554e-05
1699800 4.3122522e-05 6.0846303e-06
1700000 5.7399092e-05 2.1217448e-05
1700200 6.3541353e-05 1.8105457e-05
1700400 6.6929255e-05 2.652275e-05
1700600 7.1118747e-05 1.9063952e-05
1700800 4.5758127e-05 3.021173e-05
1701000 6.2979916e-05 4.0387458e-05
1701200 6.1449589e-05 9.1434269e-06
1701400 4.0441999e-05 4.2424081e-05
1701600 3.6755266e-05 4.6032006e-05
1701800 5.8105296e-05 3.2741986e-05
1702000 3.7920608e-05 3.5566868e-05
1702200 5.6024447e-05 3.7295842e-05
1702400 6.3832347e-05 1.382603e-05
1702600 5.8223577e-05 7.6391795e-06
1702800 5.3704974e-05 1.7076617e-05
1703000 4.4160254e-05 2.2934435e-05
1703200 2.9090109e-05 3.7835992e-05
1703400 7.0439373e-05 8.4906879e-06
1703600 4.2724581e-05 1.8255098e-05
1703800 5.0927294e-05 6.3843357e-06
1704000 7.7112948e-05 1.0262626e-05
1704200 7.0388498e-05 3.3312133e-06
1704400 4.1670832e-05 2.3420765e-05
1704600 6.849965e-05 1.4905879e-05
1704800 7.0706612e-05 2.3248983e-05
1705000 8.2271877e-05 3.1091113e-05
1705200 6.7855724e-05 1.4629948e-05
1705400 4.8649653e-05 1.8712278e-05
1705600 4.5414221e-05 2.1606754e-05
1705800 6.7285648e-05 2.6056016e-05
1706000 4.8882957e-05 1.7229153e-05
1706200 3.5828995e-05 1.6786077e-05
1706400 5.6543265e-05 9.7205227e-06
1706600 4.8554577e-05 1.5258555e-05
1706800 3.6310793e-05 1.6635098e-05
1707000 4.4752977e-05 1.8380408e-05
1707200 4.3579885e-05 4.1864238e-05
1707400 4.8207375e-05 4.5472822e-05
1707600 4.7221743e-05 5.8875187e-05
1707800 6.3072119e-05 4.5671737e-05
1708000 5.0978965e-05 1.8221987e-05
1708200 4.1480657e-05 2.5245899e-05
1708400 5.9838249e-05 3.2285252e-05
1708600 3.8171626e-05 3.7016134e-05
1708800 6.2086356e-05 3.355826e-05
1709000 5.8036905e-05 3.9178399e-05
1709200 3.182138e-05 6.4696297e-05
1709400 6.0282486e-05 6.7072087e-05
1709600 6.0050608e-05 4.5153731e-05
1709800 5.4608721e-05 4.6923299e-05
1710000 5.2686679e-05 2.9441013e-05
1710200 4.9888914e-05 3.98041e-05
1710400 5.1186155e-05 4.4991862e-05
1710600 5.3178182e-05 3.0558857e-05
1710800 7.492278e-05 5.263945e-05
1711000 5.1843657e-05 9.4221465e-06
1711200 6.6325577e-05 6.1128041e-05
1711400 6.1087798e-05 3.2642666e-05
1711600 5.0559556e-05 5.515056e-05
1711800 6.1985225e-05 3.7614029e-05
1712000 7.6536525e-05 3.5199466e-05
1712200 5.6913947e-05 1.8227509e-05
1712400 5.4935471e-05 2.3929561e-05
1712600 4.8716189e-05 2.4841922e-05
1712800 5.7365987e-05 2.8826406e-05
1713000 6.3150052e-05 3.5237104e-05
1713200 7.2762506e-05 3.5287514e-05
1713400 3.7917831e-05 3.3789257e-05
1713600 7.3289549e-05 4.1321594e-05
1713800 6.4293296e-05 2.3331395e-05
1714000 7.238146e-05 4.5298302e-05
1714200 5.5186273e-05 4.9353034e-05
1714400 6.5696739e-05 1.0945157e-05
1714600 7.2907723e-05 2.8178643e-05
1714800 6.3057152e-05 3.1482393e-05
1715000 7.3771172e-05 1.4870472e-05
1715200 4.892509e-05 2.0493593e-05
1715400 5.2928464e-05 5.5510524e-05
1715600 6.432621e-05 2.6778411e-05
1715800 5.0979838e-05 3.7131677e-05
1716000 5.9496478e-05 2.3899367e-05
1716200 5.8787526e-05 2.9042373e-05
1716400 6.2825178e-05 2.3607225e-05
1716600 6.3381132e-05 1.2323999e-05
1716800 4.6536627e-05 1.9905207e-05
1717000 6.9466033e-05 3.9812987e-05
1717200 5.3819305e-05 2.133255e-05
1717400 6.2147382e-05 2.4966634e-05
1717600 5.3474609e-05 3.9770876e-05
1717800 6.9844804e-05 2.9170597e-05
1718000 8.2297634e-05 3.2946557e-05
1718200 7.4272992e-05 3.0263678e-05
1718400 5.6101952e-05 2.7540369e-05
1718600 6.4491308e-05 4.1527948e-05
1718800 6.4979868e-05 3.8643586e-05
1719000 4.2784486e-05 1.1055941e-05
1719200 3.4794714e-05 2.5341423e-05
1719400 3.2971947e-05 3.7078376e-05
1719600 5.5612882e-05 5.5934518e-05
1719800 5.4250348e-05 4.0040022e-05
1720000 8.3344155e-05 2.7190659e-05
1720200 5.7843759e-05 4.4678178e-05
1720400 8.7807485e-05 2.9766722e-05
1720600 7.5920291e-05 1.9746808e-05
1720800 5.1391381e-05 9.0616531e-06
1721000 8.6449867e-05 7.2800912e-06
1721200 6.786963e-05 1.2993616e-05
1721400 7.6152187e-05 5.9759564e-06
1721600 4.5771237e-05 4.139506e-05
1721800 6.7681766e-05 4.0009218e-05
1722000 4.6718304e-05 1.6722255e-05
1722200 6.5139065e-05 1.0127431e-05
1722400 7.5283687e-05 2.0456571e-05
1722600 7.044345e-05 1.3811125e-05
1722800 6.8472399e-05 2.4093578e-05
1723000 6.5488636e-05 3.6735703e-05
1723200 6.0799082e-05 7.1576781e-06
1723400 4.8202662e-05 2.1922392e-05
1723600 5.2524943e-05 6.2667588e-06
1723800 7.7513374e-05 7.1190346e-06
1724000 4.4990084e-05 6.5922004e-06
1724200 5.6015029e-05 1.0563423e-05
1724400 5.6079448e-05 1.4618818e-05
1724600 6.8551877e-05 1.6117053e-05
1724800 4.2208635e-05 1.1389041e-05
1725000 6.3762851e-05 2.017784e-05
1725200 3.6059692e-05 2.0737298e-05
1725400 5.4249238e-05 2.5129195e-05
1725600 6.4765135e-05 3.8527685e-05
1725800 7.4142088e-05 8.2425739e-06
1726000 5.9613682e-05 5.0582632e-05
1726200 6.3795049e-05 2.3821623e-05
1726400 6.591563e-05 8.4224516e-06
1726600 4.4790607e-05 3.2703412e-05
1726800 6.0647467e-05 2.2199197e-05
1727000 4.9801927e-05 4.3901114e-05
1727200 4.3088839e-05 8.3748464e-06
1727400 5.1146324e-05 1.4973389e-05
1727600 3.6396586e-05 2.1502851e-05
1727800 4.9264004e-05 8.4903345e-06
1728000 4.6736257e-05 4.0656828e-05
1728200 7.467002e-05 1.6303516e-05
1728400 5.5562657e-05 8.5721556e-06
1728600 5.0328674e-05 1.4456408e-05
1728800 6.8383213e-05 2.6381096e-05
1729000 5.6851472e-05 2.8997969e-05
1729200 5.2566041e-05 1.6785863e-05
1729400 5.2766738e-05 3.8438924e-05
1729600 4.2369674e-05 3.2255367e-05
1729800 6.6023737e-05 2.2843815e-05
1730000 7.167095e-05 1.86763e-05
1730200 4.4228925e-05 3.5309354e-05
1730400 7.0750656e-05 2.0866332e-05
1730600 4.0420606e-05 2.392515e-05
1730800 3.5813182e-05 1.5080933e-05
1731000 4.9781851e-05 3.1734069e-05
1731200 4.7249386e-05 3.8656516e-05
1731400 5.6029663e-05 2.0058172e-05
1731600 6.4596072e-05 3.417903e-05
1731800 6.8693555e-05 2.2952114e-05
1732000 6.4472725e-05 1.4004527e-05
1732200 5.9379094e-05 9.82858e-06
1732400 5.3097922e-05 2.9663267e-05
1732600 5.3116264e-05 2.6149725e-05
1732800 7.7308734e-05 1.0146328e-05
1733000 7.5211247e-05 2.5636652e-05
1733200 6.6233537e-05 2.8718778e-05
1733400 3.5301973e-05 1.5473876e-05
1733600 1.376237e-05 2.0308912e-05
1733800 5.1390898e-05 2.4875575e-05
1734000 2.3339934e-05 1.724326e-05
1734200 5.269905e-05 2.3786466e-05
1734400 6.8145849e-05 3.8965507e-05
1734600 6.0804206e-05 3.0292843e-05
1734800 6.3682547e-05 2.9204209e-05
1735000 5.1457341e-05 1.9396167e-05
1735200 3.7216955e-05 2.2111307e-05
1735400 5.175613e-05 3.4981078e-06
1735600 6.7309136e-05 2.627359e-05
1735800 4.9863181e-05 6.0608935e-06
1736000 6.2827617e-05 7.1295636e-06
1736200 4.4918517e-05 1.4413342e-05
1736400 7.0563266e-05 8.8896738e-06
1736600 7.1471407e-05 2.7986924e-05
1736800 4.7466168e-05 1.8272556e-05
1737000 6.278501e-05 1.2834613e-05
1737200 5.0877241e-05 1.2156731e-05
1737400 4.8788461e-05 9.1016051e-06
1737600 5.7782879e-05 2.9596549e-05
1737800 8.4131795e-05 4.2993657e-06
1738000 6.0582155e-05 1.1697342e-05
1738200 4.9407218e-05 1.0294139e-05
1738400 5.4441077e-05 2.0222117e-05
1738600 8.762487e-05 1.6836119e-05
1738800 8.3578762e-05 1.7439311e-05
1739000 6.0781731e-05 9.5249165e-06
1739200 4.98811e-05 1.2375317e-05
1739400 3.6004987e-05 1.3097055e-05
1739600 7.0916799e-05 1.4053875e-05
1739800 4.9001304e-05 3.7959372e-05
1740000 3.1726491e-05 1.8777978e-05
1740200 7.1870417e-05 1.8597398e-05
1740400 4.5414693e-05 1.4479095e-05
1740600 6.049859e-05 6.032401e-06
1740800 5.2814574e-05 2.4501471e-05
1741000 3.6962994e-05 4.4950626e-06
1741200 9.6800889e-05 4.8946983e-06
1741400 5.5408519e-05 1.351855e-05
1741600 4.8169489e-05 1.2398926e-05
1741800 6.0007182e-05 1.7189779e-05
1742000 6.8093094e-05 2.6764119e-05
1742200 8.5150448e-05 9.8275393e-06
1742400 8.1870857e-05 6.8160638e-06
1742600 5.1586185e-05 2.5283319e-05
1742800 2.9156399e-05 2.5496958e-05
1743000 5.8535112e-05 3.5679484e-05
1743200 5.3115016e-05 2.8346869e-05
1743400 6.723474e-05 1.2745133e-05
1743600 6.7998489e-05 1.7407983e-05
1743800 8.4635102e-05 1.1209387e-05
1744000 7.8476721e-05 1.5431546e-05
1744200 9.3253874e-05 1.7766167e-05
1744400 8.9695019e-05 2.2932101e-05
1744600 9.0499642e-05 9.2051509e-06
1744800 6.0354913e-05 1.0176911e-05
1745000 7.5571592e-05 2.6652714e-05
1745200 7.2150777e-05 1.2716513e-05
1745400 8.4291273e-05 3.2391228e-05
1745600 7.4945555e-05 1.6183009e-05
1745800 6.4192821e-05 1.6293664e-05
1746000 7.9642841e-05 6.5941844e-06
1746200 6.393145e-05 2.8338102e-05
1746400 7.1363286e-05 1.9446932e-05
1746600 7.3250856e-05 1.9371637e-05
1746800 6.0161267e-05 6.1070167e-06
1747000 6.9641141e-05 1.6821543e-05
1747200 7.167616e-05 2.6199158e-05
1747400 7.5299929e-05 2.6074116e-05
1747600 7.6202781e-05 6.8916156e-06
1747800 7.2186444e-05 1.8674879e-05
1748000 7.8833442e-05 2.0392911e-05
1748200 7.8235091e-05 1.3870383e-05
1748400 5.6183874e-05 2.9409748e-05
1748600 7.3343971e-05 3.6524481e-05
1748800 9.0239145e-05 1.4319341e-05
1749000 7.8583077e-05 2.0902891e-05
1749200 5.340969e-05 2.9014608e-05
1749400 7.3439225e-05 2.3850609e-05
1749600 5.9759679e-05 3.5112954e-05
1749800 7.0485237e-05 2.7478678e-05
1750000 3.9462958e-05 2.9952765e-05
1750200 4.6270497e-05 2.59156e-05
1750400 6.5179747e-05 1.5968193e-05
1750600 5.7457945e-05 4.992833e-06
1750800 6.4166074e-05 1.6189583e-05
1751000 7.3271719e-05 2.3932461e-05
1751200 6.1066406e-05 1.0255628e-05
1751400 4.4937688e-05 3.141041e-05
1751600 6.0347504e-05 3.7840183e-05
1751800 7.9908449e-05 2.3948846e-05
1752000 6.7440095e-05 2.7754919e-05
1752200 5.2821019e-05 3.1754053e-05
1752400 6.8547517e-05 6.7217481e-06
1752600 7.5062425e-05 2.9189413e-05
1752800 8.6997648e-05 4.8511281e-05
1753000 7.4871736e-05 1.6643186e-05
1753200 8.7220426e-05 2.2142937e-05
1753400 8.9072158e-05 1.9274892e-05
1753600 8.4587751e-05 1.8407461e-05
1753800 8.7785297e-05 2.9036916e-05
1754000 7.711933e-05 2.0308731e-06
1754200 8.770396e-05 1.4184084e-05
1754400 6.5825837e-05 9.5997009e-06
1754600 6.6551072e-05 2.2984554e-05
1754800 6.9321177e-05 2.1130684e-05
1755000 7.1657504e-05 1.9999951e-05
1755200 7.5039625e-05 3.5279512e-05
1755400 6.0160744e-05 4.6364e-06
1755600 7.2197852e-05 3.0706739e-05
1755800 6.4916614e-05 3.5218249e-05
1756000 6.800291e-05 1.7949722e-05
1756200 6.3345543e-05 2.3982615e-05
1756400 6.2426525e-05 1.2163329e-05
1756600 5.0978145e-05 1.9085093e-05
1756800 6.87558e-05 2.5191885e-05
1757000 8.6974144e-05 7.9959895e-06
1757200 9.4133541e-05 1.6759118e-05
1757400 8.2812631e-05 1.3535376e-05
1757600 7.2071642e-05 1.7421953e-05
1757800 9.0207442e-05 5.3058916e-06
1758000 7.1798312e-05 2.0475755e-05
1758200 7.7098807e-05 3.5498214e-05
1758400 8.603634e-05 1.5510994e-05
1758600 5.8295092e-05 2.5032759e-05
1758800 7.730136e-05 2.7267753e-05
1759000 6.3163419e-05 1.5898944e-05
1759200 5.2611087e-05 3.4685859e-05
1759400 6.6551727e-05 9.9191984e-06
1759600 7.1033247e-05 1.3207247e-05
1759800 6.622791e-05 2.9806904e-05
1760000 6.3799234e-05 2.0800107e-05
1760200 6.5692541e-05 2.236279e-05
1760400 6.6551967e-05 3.35355e-05
1760600 7.2603938e-05 1.0722292e-05
1760800 7.4612771e-05 2.6749323e-05
1761000 7.8587597e-05 2.2009318e-05
1761200 8.973925e-05 2.9020769e-05
1761400 8.9565469e-05 1.944527e-05
1761600 7.5831951e-05 4.0814651e-05
1761800 9.3949296e-05 4.1201294e-05
1762000 7.0349782e-05 6.4108256e-06
1762200 8.5675946e-05 1.1718227e-05
1762400 8.7947465e-05 2.0141342e-05
1762600 9.773721e-05 1.137251e-05
1762800 7.7791793e-05 2.0662273e-05
1763000 7.3336269e-05 4.0206738e-05
1763200 7.4716707e-05 3.1444274e-05
1763400 6.0551002e-05 3.3572606e-05
1763600 6.0378374e-05 1.808635e-05
1763800 6.6773525e-05 3.6406382e-05
1764000 7.0343913e-05 2.7346155e-05
1764200 0.0001014303 4.8737859e-06
1764400 9.8248073e-05 6.4508879e-07
1764600 8.7690272e-05 1.4870123e-05
1764800 9.1516628e-05 1.4414685e-05
1765000 9.0024504e-05 2.2996659e-06
1765200 8.308544e-05 1.2723086e-05
1765400 8.6485122e-05 5.2941925e-06
1765600 8.1292195e-05 1.6496159e-05
1765800 7.7343866e-05 2.8019307e-05
1766000 8.0672253e-05 2.4230539e-05
1766200 7.6608858e-05 3.3165071e-05
1766400 7.8971175e-05 1.9888161e-05
1766600 6.2927285e-05 7.3669662e-06
1766800 5.8754648e-05 5.579989e-06
1767000 8.1452755e-05 1.9644381e-05
1767200 5.6819988e-05 3.1862408e-05
1767400 6.2442441e-05 3.2509278e-05
1767600 4.8544083e-05 4.9092491e-06
1767800 8.1239971e-05 2.4079762e-05
1768000 7.1205084e-05 1.5484131e-05
1768200 4.4236088e-05 1.4751304e-05
1768400 7.6607349e-05 2.1926983e-05
1768600 7.6504487e-05 1.5112095e-05
1768800 7.7484151e-05 8.039564e-06
1769000 7.6102721e-05 2.3679668e-06
1769200 8.0987679e-05 1.6477846e-05
1769400 6.6060297e-05 1.3287878e-05
1769600 7.9518449e-05 1.6932426e-05
1769800 8.2594537e-05 4.0451649e-05
1770000 5.750592e-05 2.2772123e-05
1770200 6.6017656e-05 1.281399e-05
1770400 6.1450173e-05 2.2096775e-05
1770600 4.7875074e-05 2.6857236e-05
1770800 6.9218742e-05 1.7188279e-05
1771000 4.6198912e-05 2.094344e-05
1771200 5.5919968e-05 1.976237e-05
1771400 7.1353659e-05 1.2203469e-05
1771600 6.3485753e-05 6.7953953e-06
1771800 6.1090028e-05 1.5062433e-05
1772000 6.2437578e-05 1.181601e-05
1772200 7.3383183e-05 1.6061164e-05
1772400 5.4167879e-05 1.4663797e-05
1772600 7.9254455e-05 2.1161512e-05
1772800 6.3538341e-05 1.4451082e-05
1773000 4.9885749e-05 4.5373772e-06
1773200 7.7345337e-05 2.7253506e-05
1773400 7.4096313e-05 3.7152082e-05
1773600 6.3690494e-05 5.0825391e-05
1773800 9.0774721e-05 1.0544793e-05
1774000 5.2016111e-05 1.0397963e-05
1774200 6.1356772e-05 3.9639158e-05
1774400 7.420734e-05 3.6589027e-05
1774600 8.1663327e-05 2.0506985e-05
1774800 6.9073951e-05 2.4137196e-05
1775000 8.3501304e-05 2.6731816e-05
1775200 8.22261e-05 6.9156768e-06
1775400 9.5745876e-05 2.6739049e-05
1775600 7.3708591e-05 2.8160665e-05
1775800 6.6346523e-05 3.9198747e-05
1776000 5.2188925e-05 2.6429458e-05
1776200 5.2427834e-05 2.4162557e-05
1776400 5.3471213e-05 2.5965867e-05
1776600 5.155545e-05 3.5065819e-05
1776800 5.6710581e-05 3.842828e-05
1777000 5.077761e-05 3.1108457e-05
1777200 6.4062358e-05 3.4515116e-05
1777400 5.1469534e-05 2.2922609e-05
1777600 8.2304929e-05 1.134296e-05
1777800 6.9376836e-05 2.1365239e-05
1778000 8.7486322e-05 1.03538e-05
1778200 7.5346465e-05 2.2440313e-05
1778400 6.0282069e-05 1.3556103e-05
1778600 8.0704407e-05 1.6586501e-05
1778800 7.6400702e-05 4.3291964e-05
1779000 5.9527655e-05 3.0172663e-05
1779200 7.4574491e-05 4.4600892e-05
1779400 8.0079022e-05 8.9657409e-06
1779600 9.9674331e-05 2.8688907e-05
1779800 7.8348907e-05 1.2806731e-05
1780000 7.8657711e-05 1.4054297e-05
1780200 8.0897231e-05 3.8045752e-05
1780400 7.5946636e-05 2.9169872e-05
1780600 6.4282805e-05 1.821898e-05
1780800 8.0041254e-05 1.7105755e-05
1781000 8.4113922e-05 4.0277599e-05
1781200 5.8756238e-05 2.141735e-05
1781400 6.1401019e-05 5.1312146e-05
1781600 6.0614228e-05 2.011202e-05
1781800 7.7332477e-05 8.7295783e-06
1782000 6.707005e-05 4.3618041e-05
1782200 6.1514123e-05 2.6126054e-05
1782400 5.5974389e-05 1.4637533e-05
1782600 5.5130875e-05 1.6187135e-05
1782800 4.904806e-05 1.316986e-05
1783000 6.5354794e-05 1.9043709e-05
1783200 5.1199084e-05 2.694868e-05
1783400 4.7773953e-05 2.4403662e-05
1783600 3.208455e-05 1.623448e-05
1783800 4.3791464e-05 4.4770079e-05
1784000 4.0400612e-05 1.6051846e-05
1784200 4.7913396e-05 3.2187781e-05
1784400 4.4696801e-05 2.69007e-05
1784600 5.7773656e-05 1.6333772e-05
1784800 2.8930409e-05 3.3426448e-05
1785000 3.4633854e-05 2.2431862e-05
1785200 5.8041673e-05 3.3675616e-05
1785400 4.8405972e-05 1.5088953e-05
1785600 5.2787683e-05 2.9033582e-05
1785800 6.3714615e-05 4.1212767e-05
1786000 7.7509279e-05 1.3016522e-05
1786200 7.4017059e-05 1.1065045e-05
1786400 6.8277963e-05 1.0982518e-05
1786600 6.3410624e-05 1.6300654e-05
1786800 7.9388698e-05 2.08681e-05
1787000 7.5140628e-05 1.3248619e-05
1787200 7.4064598e-05 4.0440418e-05
1787400 5.3681126e-05 2.6006347e-05
1787600 7.7350499e-05 2.9566284e-05
1787800 6.4288054e-05 1.229068e-05
1788000 5.7522458e-05 7.5729479e-06
1788200 6.4868011e-05 2.6805945e-05
1788400 5.9110549e-05 5.7444248e-06
1788600 7.9969701e-05 1.2506142e-05
1788800 9.8248685e-05 2.0155071e-05
1789000 5.5897484e-05 2.9069082e-05
1789200 5.6738524e-05 1.2810923e-05
1789400 5.5138036e-05 3.4411826e-05
1789600 5.469964e-05 1.6249215e-05
1789800 5.622826e-05 3.772557e-05
1790000 6.3802549e-05 3.1839751e-05
1790200 6.5286166e-05 1.0803526e-05
1790400 6.2517753e-05 6.3182116e-06
1790600 7.0409631e-05 3.2419281e-05
1790800 6.9435443e-05 1.7462315e-05
1791000 6.5929497e-05 4.3741136e-05
1791200 7.2420698e-05 3.1888765e-05
1791400 6.9132049e-05 1.7183394e-05
1791600 7.1578872e-05 3.9669279e-06
1791800 7.3092912e-05 8.4579019e-06
1792000 7.9696098e-05 2.0819044e-05
1792200 7.688658e-05 1.5267396e-05
1792400 7.2223281e-05 8.9551026e-06
1792600 6.5008776e-05 2.1342296e-05
1792800 7.6610233e-05 1.2595744e-05
1793000 5.6344989e-05 2.0765736e-05
1793200 8.1791687e-05 1.3383073e-05
1793400 4.5525101e-05 9.7708102e-07
1793600 7.8115023e-05 1.0204843e-05
1793800 5.9926209e-05 9.1022214e-06
1794000 7.6944351e-05 2.7062628e-05
1794200 7.2417761e-05 1.1824546e-05
1794400 9.0829416e-05 1.6338602e-05
1794600 7.923594e-05 1.5002028e-05
1794800 7.7679214e-05 7.492216e-06
1795000 6.9934985e-05 6.7818616e-06
1795200 7.3921618e-05 5.9271374e-06
1795400 5.8047342e-05 4.5440424e-06
1795600 6.6729796e-05 2.3550129e-05
1795800 7.093451e-05 1.4797344e-05
1796000 7.9925739e-05 1.4916883e-05
1796200 8.5427172e-05 3.0602422e-05
1796400 6.995457e-05 1.2067586e-05
1796600 7.9855927e-05 1.3438187e-05
1796800 7.3588825e-05 3.2532662e-05
1797000 7.2972443e-05 9.1929748e-06
1797200 8.6303507e-05 2.38139e-05
1797400 7.6822128e-05 1.6070397e-05
1797600 6.6584131e-05 2.8089194e-05
1797800 7.0474947e-05 3.5595959e-05
1798000 6.479997e-05 1.8574295e-05
1798200 6.2567934e-05 1.191471e-05
1798400 4.995123e-05 2.5920794e-05
1798600 5.2949902e-05 2.202881e-05
1798800 6.9443155e-05 1.7626805e-05
1799000 8.5194504e-05 2.622025e-05
1799200 8.6911167e-05 4.2764879e-06
1799400 3.4003499e-05 3.3669812e-05
1799600 5.9031851e-05 3.4848627e-05
1799800 4.6717666e-05 2.5580142e-05
1800000 6.9394358e-05 1.7156859e-05
1800200 9.6521819e-05 3.0422416e-05
1800400 5.9753544e-05 1.6597255e-05
1800600 6.6772761e-05 1.8212436e-05
1800800 5.995532e-05 2.5986404e-05
1801000 4.1042308e-05 3.4334993e-05
1801200 6.76904e-05 3.5336913e-05
1801400 8.4290094e-05 3.0947104e-05
1801600 5.5947242e-05 8.244915e-06
1801800 7.3615097e-05 6.7591584e-06
1802000 4.1492329e-05 2.7805226e-05
1802200 7.054769e-05 3.0538895e-05
1802400 5.2290058e-05 3.3411098e-05
1802600 6.112242e-05 1.6951061e-05
1802800 5.0961651e-05 2.8892194e-05
1803000 4.4494261e-05 3.4391881e-05
1803200 5.1711151e-05 1.9932045e-05
1803400 6.6297376e-05 1.9456147e-05
1803600 3.7413013e-05 1.6850307e-05
1803800 4.9259663e-05 3.5812432e-05
1804000 5.3815012e-05 2.2026922e-05
1804200 5.6359295e-05 1.6129261e-05
1804400 5.4301257e-05 1.1264436e-05
1804600 6.6358211e-05 1.1647416e-05
1804800 6.8898158e-05 3.7159273e-05
1805000 7.9080993e-05 1.9832741e-05
1805200 6.3429125e-05 2.5271421e-05
1805400 7.8360142e-05 7.114704e-06
1805600 7.1607275e-05 2.7371215e-05
1805800 8.0197881e-05 2.8353247e-05
1806000 6.9287237e-05 9.1107649e-06
1806200 4.2603731e-05 1.2795767e-05
1806400 4.7766878e-05 2.6991599e-05
1806600 5.2944322e-05 3.5953021e-05
1806800 6.4070959e-05 2.7166013e-05
1807000 6.7516942e-05 3.3535814e-05
1807200 7.9191676e-05 3.6734602e-05
1807400 7.9419011e-05 5.898985e-05
1807600 8.7355814e-05 7.3236828e-06
1807800 7.487762e-05 4.1485432e-05
1808000 6.6458158e-05 6.1042466e-06
1808200 7.5920354e-05 1.6956731e-05
1808400 9.0796535e-05 1.3660596e-05
1808600 6.0013714e-05 8.0227611e-06
1808800 5.0449908e-05 1.8570961e-05
1809000 4.3728826e-05 2.2626503e-05
1809200 5.9006148e-05 1.6343949e-05
1809400 6.283349e-05 2.2707672e-05
1809600 5.5602772e-05 2.0353716e-05
1809800 5.390413e-05 4.0678694e-06
1810000 5.7187854e-05 7.1891903e-06
1810200 6.8808336e-05 1.7875011e-05
1810400 8.5107963e-05 4.6629352e-06
1810600 6.1998411e-05 1.0847486e-05
1810800 4.9318456e-05 2.2138172e-05
1811000 4.2212427e-05 2.2441229e-05
1811200 4.3237318e-05 3.9298152e-05
1811400 4.970867e-05 3.499617e-05
1811600 4.7271146e-05 8.9522487e-06
1811800 6.1100798e-05 2.7566574e-05
1812000 7.2937091e-05 1.5698657e-05
1812200 8.8897306e-05 1.9972381e-05
1812400 6.2477164e-05 2.0085108e-05
1812600 4.7457385e-05 2.3972185e-05
1812800 8.0528282e-05 1.3756166e-05
1813000 5.4820421e-05 3.2769609e-05
1813200 7.9976104e-05 2.6488588e-05
1813400 5.7127241e-05 2.1869151e-05
1813600 8.2933044e-05 4.0231053e-05
1813800 5.39854e-05 2.5769575e-05
1814000 7.6390265e-05 2.9659923e-06
1814200 7.3241067e-05 2.0985337e-05
1814400 5.4446867e-05 3.3011235e-05
1814600 6.5481928e-05 1.9241439e-05
1814800 6.0038258e-05 3.5108594e-05
1815000 6.1605307e-05 2.3467146e-05
1815200 6.8745064e-05 2.794827e-05
1815400 7.8180135e-05 2.0985298e-05
1815600 0.00011592034 1.6013383e-05
1815800 9.5273354e-05 2.3982629e-05
1816000 5.9250128e-05 1.7925464e-05
1816200 6.7445546e-05 1.2045439e-05
1816400 7.0205711e-05 3.3439192e-05
1816600 8.5574861e-05 2.1254427e-05
1816800 7.4256519e-05 1.774513e-05
1817000 6.9690259e-05 2.6339972e-05
1817200 5.543846e-05 3.1739213e-05
1817400 7.2545973e-05 3.7903298e-05
1817600 6.5912887e-05 1.6185594e-05
1817800 4.9517605e-05 1.1643409e-05
1818000 4.8111264e-05 8.8537348e-06
1818200 5.710831e-05 3.3101178e-05
1818400 6.1664468e-05 2.3986756e-05
1818600 7.2890914e-05 2.8301384e-06
1818800 9.0363463e-05 1.497833e-05
1819000 7.7045319e-05 7.7155276e-06
1819200 8.5522848e-05 1.4458803e-05
1819400 8.3906197e-05 1.9968371e-05
1819600 7.3311915e-05 2.3843823e-05
1819800 9.0579976e-05 1.9573438e-05
1820000 8.5612852e-05 1.1709562e-05
1820200 7.5164781e-05 1.9968543e-05
1820400 4.8487245e-05 1.6841388e-05
1820600 6.8590552e-05 4.820044e-06
1820800 8.8199236e-05 1.5574308e-05
1821000 5.7593215e-05 1.642893e-05
1821200 8.3294095e-05 3.1994176e-06
1821400 6.157714e-05 1.0702872e-05
1821600 6.3896426e-05 2.9324739e-05
1821800 6.2346741e-05 1.7373272e-05
1822000 4.5866222e-05 7.0399201e-06
1822200 5.5160543e-05 1.0370717e-05
1822400 5.8426183e-05 9.8018007e-07
1822600 8.1391291e-05 2.0659577e-05
1822800 9.3124064e-05 2.239573e-05
1823000 7.5432881e-05 1.5550581e-05
1823200 8.0808036e-05 1.7824072e-05
1823400 7.0312154e-05 1.2611807e-05
1823600 6.8309439e-05 3.0161718e-05
1823800 6.6977927e-05 9.8577246e-06
1824000 8.9752336e-05 2.4811849e-05
1824200 5.1502697e-05 4.1585492e-05
1824400 6.1406111e-05 1.2652461e-05
1824600 6.4445338e-05 6.1412569e-06
1824800 7.3840197e-05 2.6844422e-05
1825000 6.2976167e-05 1.724763e-05
1825200 6.2212989e-05 1.8416583e-05
1825400 5.101645e-05 2.8295148e-05
1825600 5.1135742e-05 3.7281934e-05
1825800 7.3638139e-05 1.0948886e-05
1826000 6.6224269e-05 6.4801887e-06
1826200 6.280248e-05 1.9577585e-05
1826400 6.9579607e-05 1.1687587e-05
1826600 6.7393466e-05 8.6505324e-06
1826800 5.7834836e-05 1.8956805e-05
1827000 7.0789386e-05 1.5610232e-05
1827200 4.2550584e-05 2.1173278e-05
1827400 7.8559907e-05 4.3434617e-06
1827600 7.5853768e-05 1.0416735e-05
1827800 6.9789119e-05 3.6487052e-06
1828000 6.3807164e-05 2.0092182e-05
1828200 5.5546905e-05 4.5114783e-05
1828400 5.7596476e-05 2.9024451e-05
1828600 5.2147129e-05 5.0025653e-06
1828800 4.2589568e-05 1.5461585e-06
1829000 5.2571163e-05 1.5773371e-05
1829200 7.1513801e-05 1.6889019e-05
1829400 7.4941401e-05 3.1965821e-05
1829600 8.4322253e-05 2.8597715e-05
1829800 7.3921078e-05 2.6974295e-05
1830000 6.333385e-05 2.241015e-05
1830200 3.9809694e-05 1.6686189e-05
1830400 7.940596e-05 1.6058888e-05
1830600 6.6731986e-05 2.7402213e-05
1830800 9.8755188e-05 1.4257987e-05
1831000 8.0430727e-05 9.4900135e-06
1831200 8.0166702e-05 3.6197727e-05
1831400 6.8476918e-05 1.5619347e-05
1831600 6.5956411e-05 9.1634587e-06
1831800 8.7150191e-05 3.8893863e-05
1832000 7.3206741e-05 1.4083641e-05
1832200 6.7342053e-05 2.8493289e-05
1832400 7.9538441e-05 1.5615561e-05
1832600 8.9648912e-05 3.5681731e-05
1832800 6.4174593e-05 1.4430104e-05
1833000 8.035074e-05 1.0321483e-05
1833200 6.8369197e-05 4.4273438e-05
1833400 8.5865668e-05 2.1924514e-05
1833600 7.3318586e-05 1.4454298e-05
1833800 8.3101456e-05 2.8355262e-05
1834000 8.6588164e-05 1.9672114e-05
1834200 8.5599145e-05 2.1015225e-05
1834400 8.6407522e-05 3.6123138e-05
1834600 8.939642e-05 1.3839879e-05
1834800 8.832735e-05 7.124729e-06
1835000 5.1251266e-05 1.1132876e-05
1835200 5.1333183e-05 1.6062998e-05
1835400 5.5287345e-05 1.2419209e-05
1835600 6.6269711e-05 2.8971025e-05
1835800 5.9967593e-05 2.1863648e-05
1836000 8.704695e-05 2.769171e-05
1836200 7.8124798e-05 2.053893e-05
1836400 5.4787265e-05 1.6372102e-05
1836600 5.639772e-05 2.630491e-05
1836800 4.7569998e-05 2.1886075e-05
1837000 6.729455e-05 1.0421507e-05
1837200 7.3481016e-05 2.5843845e-06
1837400 5.4016967e-05 1.6191524e-05
1837600 4.8816911e-05 6.7205588e-06
1837800 6.548073e-05 1.1694543e-05
1838000 6.4318559e-05 1.9283275e-05
1838200 7.1425898e-05 3.5638879e-05
1838400 5.2786068e-05 1.2483109e-05
1838600 6.3767707e-05 1.0155355e-05
1838800 5.7055492e-05 1.7052182e-05
1839000 4.0956649e-05 1.3763793e-05
1839200 6.39496e-05 7.5650399e-06
1839400 4.6363165e-05 2.2394979e-05
1839600 6.5730536e-05 1.0420333e-05
1839800 7.2941338e-05 9.017018e-06
1840000 8.29815e-05 2.1633979e-05
1840200 7.9323228e-05 1.2184688e-05
1840400 6.2805763e-05 1.581724e-05
1840600 7.5955769e-05 1.4077873e-05
1840800 6.122799e-05 3.7804214e-06
1841000 7.3567596e-05 1.8620717e-05
1841200 7.4388809e-05 1.8064088e-05
1841400 5.9694626e-05 1.1973124e-05
1841600 6.2118846e-05 2.0450646e-05
1841800 7.2550031e-05 2.1497852e-05
1842000 8.9539193e-05 3.0292876e-05
1842200 7.77113e-05 7.9913168e-06
1842400 8.3205914e-05 1.0495624e-05
1842600 5.8727289e-05 3.797786e-05
1842800 6.3981075e-05 2.0344589e-05
1843000 5.6452338e-05 2.2530694e-05
1843200 5.230706e-05 1.6932263e-05
1843400 6.3753257e-05 1.2860083e-05
1843600 6.5370067e-05 1.8510887e-05
1843800 5.6369064e-05 2.3532224e-05
1844000 7.2803421e-05 1.4314392e-05
1844200 5.2018144e-05 8.623012e-06
1844400 7.0157092e-05 2.7108033e-05
1844600 6.9661383e-05 1.2562071e-05
1844800 6.0015306e-05 4.1439861e-05
1845000 4.7975553e-05 2.7039141e-05
1845200 9.2282415e-05 2.7962266e-05
1845400 6.6588201e-05 2.1423832e-05
1845600 6.6263088e-05 6.0613313e-06
1845800 8.7260529e-05 2.4649927e-05
1846000 6.8244013e-05 1.6339392e-05
1846200 6.0006585e-05 7.2660714e-06
1846400 7.9333601e-05 2.1746997e-05
1846600 7.8991868e-05 9.8280203e-06
1846800 8.5634634e-05 7.7470909e-06
1847000 8.5327319e-05 2.1604679e-05
1847200 7.6194574e-05 1.9802935e-05
1847400 7.6437432e-05 2.8529117e-05
1847600 7.8418018e-05 7.9186284e-06
1847800 6.5451601e-05 1.3854965e-05
1848000 7.3880805e-05 1.3091625e-05
1848200 8.9373586e-05 2.7788752e-05
1848400 8.787089e-05 1.6036947e-05
1848600 6.9697502e-05 2.5740061e-05
1848800 8.6520292e-05 1.0770605e-05
1849000 7.4129013e-05 2.3160356e-05
1849200 7.6218316e-05 5.6815021e-06
1849400 8.263447e-05 1.4422557e-05
1849600 6.5215232e-05 4.7888852e-06
1849800 7.4376861e-05 1.6296449e-05
1850000 8.1753541e-05 1.6764722e-05
1850200 9.7252574e-05 1.8826868e-05
1850400 7.2208137e-05 5.2096414e-06
1850600 8.8375361e-05 2.6576997e-05
1850800 9.3277782e-05 9.3545325e-06
1851000 8.9034248e-05 1.4511451e-05
1851200 7.9330871e-05 2.0519786e-05
1851400 8.8155634e-05 1.9338351e-05
1851600 9.8904396e-05 1.2466718e-05
1851800 9.6213777e-05 2.1192034e-05
1852000 9.6111375e-05 2.6425507e-05
1852200 7.2503755e-05 1.9982056e-05
1852400 8.7846435e-05 3.3600601e-05
1852600 8.9229783e-05 1.0433202e-05
1852800 7.2170413e-05 2.9911417e-05
1853000 6.1965075e-05 1.7311619e-05
1853200 7.4473013e-05 3.624772e-05
1853400 8.3495159e-05 6.6700171e-06
1853600 6.7826629e-05 5.9941275e-06
1853800 6.565477e-05 4.7473333e-06
1854000 7.705186e-05 7.1293962e-06
1854200 7.2402375e-05 8.3075283e-06
1854400 7.7454377e-05 5.523955e-06
1854600 8.2754483e-05 1.6966041e-05
1854800 9.0266561e-05 8.4165843e-06
1855000 0.00010039763 1.8286973e-05
1855200 0.00011220705 1.5384509e-06
1855400 9.8270486e-05 1.2034914e-05
1855600 8.6728431e-05 1.6131245e-05
1855800 9.6713694e-05 2.7288345e-06
1856000 7.9707839e-05 2.1954539e-06
1856200 8.9002363e-05 2.1812441e-05
1856400 7.5721362e-05 1.8255823e-05
1856600 7.0090084e-05 1.2094086e-05
1856800 6.2926142e-05 6.8172102e-06
1857000 6.0313872e-05 1.7936206e-06
1857200 6.9894284e-05 2.5675117e-05
1857400 8.7601744e-05 1.772e-05
1857600 6.5410379e-05 4.4454527e-06
1857800 8.8482264e-05 1.1400215e-06
1858000 7.8898784e-05 8.3115963e-06
1858200 7.7264462e-05 2.1819266e-05
1858400 6.6665791e-05 4.3049376e-05
1858600 6.6353047e-05 2.4150261e-05
1858800 8.011079e-05 1.5316523e-05
1859000 5.7873764e-05 1.7621169e-05
1859200 5.324032e-05 1.2341774e-05
1859400 6.011996e-05 4.5256939e-06
1859600 7.0641442e-05 8.9761652e-06
1859800 6.3334742e-05 2.6086943e-05
1860000 8.5848012e-05 1.2166298e-05
1860200 9.5318258e-05 7.7548076e-06
1860400 6.9160388e-05 3.6650773e-05
1860600 7.5674306e-05 3.9511896e-06
1860800 7.0547504e-05 1.8029036e-05
1861000 7.2070051e-05 2.2457658e-05
1861200 7.5859959e-05 1.2820103e-05
1861400 6.0048444e-05 1.6879525e-05
1861600 7.1755106e-05 1.2843148e-05
1861800 8.9075765e-05 4.323511e-06
1862000 7.6483326e-05 1.3907213e-05
1862200 7.3331974e-05 2.0012109e-05
1862400 4.9052008e-05 3.0426482e-05
1862600 6.6726645e-05 1.082015e-05
1862800 8.1060469e-05 2.6128135e-05
1863000 7.5814143e-05 5.84659e-06
1863200 8.7249692e-05 6.674744e-06
1863400 9.7815303e-05 2.0911443e-05
1863600 6.5128347e-05 1.5700664e-05
1863800 7.8256357e-05 3.9958578e-06
1864000 8.7859404e-05 1.2684799e-05
1864200 8.498968e-05 3.2738478e-05
1864400 6.5713262e-05 1.1199293e-05
1864600 6.0859801e-05 2.0092268e-05
1864800 4.3897991e-05 2.7294551e-05
1865000 4.436035e-05 1.7103587e-05
1865200 8.6361582e-05 1.251282e-05
1865400 6.4649907e-05 1.3509366e-05
1865600 6.6594725e-05 1.1076897e-05
1865800 7.9372109e-05 1.2680352e-05
1866000 7.747402e-05 7.2309427e-06
1866200 7.0728847e-05 1.8590217e-05
1866400 7.6440491e-05 2.4409906e-05
1866600 7.3527953e-05 2.197021e-05
1866800 6.8698518e-05 1.3073662e-05
1867000 6.3874426e-05 7.9454188e-06
1867200 7.2392828e-05 2.1240195e-05
1867400 6.8004225e-05 2.6153867e-05
1867600 6.2389456e-05 2.2871488e-05
1867800 6.895204e-05 1.1021133e-05
1868000 8.3982514e-05 2.4377483e-05
1868200 8.3530322e-05 2.5656608e-05
1868400 8.6583084e-05 1.7125246e-05
1868600 0.00010046391 2.2448785e-05
1868800 7.9180117e-05 1.9991356e-05
1869000 6.846827e-05 1.8472546e-05
1869200 9.4892794e-05 2.7489607e-05
1869400 9.5586799e-05 1.9802206e-05
1869600 7.6807549e-05 1.0154301e-05
1869800 4.5746894e-05 3.5391302e-05
1870000 5.9257237e-05 1.1461775e-05
1870200 6.170102e-05 1.9935457e-05
1870400 7.1056718e-05 1.7508603e-05
1870600 8.1124947e-05 5.7181275e-06
1870800 5.951377e-05 2.1401598e-05
1871000 7.2344738e-05 1.5251148e-05
1871200 6.9450211e-05 1.104804e-05
1871400 7.545539e-05 4.1533272e-06
1871600 7.8704915e-05 1.4675011e-05
1871800 8.6867782e-05 1.0481415e-05
1872000 7.9201788e-05 8.5816116e-06
1872200 7.4401327e-05 9.365393e-06
1872400 8.6171215e-05 9.9596357e-06
1872600 6.0755272e-05 2.9438569e-05
1872800 8.18059e-05 2.556953e-05
1873000 0.00010486662 3.2478144e-05
1873200 8.9497596e-05 1.9913606e-05
1873400 0.00010119122 8.2601912e-06
1873600 7.805805e-05 1.8198209e-05
1873800 5.4109767e-05 3.5054342e-05
1874000 8.8592731e-05 3.264141e-05
1874200 9.4885941e-05 1.5036281e-05
1874400 7.740153e-05 1.6071195e-05
1874600 5.8297614e-05 8.8710054e-06
1874800 9.9073829e-05 1.2103696e-05
1875000 7.3381798e-05 3.0552196e-05
1875200 7.1464547e-05 1.6612147e-05
1875400 8.5360212e-05 1.7033339e-05
1875600 0.00010032325 7.1734918e-06
1875800 9.8002356e-05 2.3266479e-05
1876000 5.6412672e-05 3.9871899e-05
1876200 7.4716447e-05 1.8727141e-05
1876400 8.4696366e-05 2.5540384e-05
1876600 8.8870709e-05 8.8507369e-06
1876800 7.6766384e-05 1.7496433e-05
1877000 5.2395525e-05 4.2939895e-05
1877200 7.2790681e-05 2.5735209e-05
1877400 8.4386974e-05 1.1853408e-05
1877600 7.5513166e-05 2.1603311e-05
1877800 9.0655564e-05 2.0364608e-05
1878000 6.7058822e-05 1.1185188e-05
1878200 6.2204742e-05 1.6223037e-05
1878400 5.076699e-05 3.1736693e-05
1878600 5.2601261e-05 1.3147022e-05
1878800 5.6279816e-05 2.0281832e-05
1879000 5.954722e-05 1.0599771e-05
1879200 7.003951e-05 9.9583528e-06
1879400 7.8541689e-05 1.1195153e-05
1879600 6.9717569e-05 3.5954198e-06
1879800 5.9895511e-05 3.800425e-06
1880000 7.7243119e-05 4.2691578e-06
1880200 7.0716728e-05 2.2019762e-05
1880400 8.4776532e-05 2.9429364e-06
1880600 7.8765455e-05 1.7563776e-05
1880800 6.571575e-05 8.6365655e-06
1881000 6.861873e-05 1.4133777e-05
1881200 5.0960442e-05 1.5825867e-05
1881400 9.1757294e-05 1.6500658e-05
1881600 5.8889145e-05 2.1710568e-05
1881800 8.8391518e-05 2.9660054e-05
1882000 8.5167312e-05 3.5226031e-05
1882200 7.9993202e-05 2.8368425e-05
1882400 0.0001088595 1.2119656e-05
1882600 7.3495221e-05 1.1285938e-05
1882800 8.6675783e-05 2.3221538e-05
1883000 7.1693283e-05 2.2584785e-05
1883200 7.5399472e-05 3.2983325e-05
1883400 6.8868194e-05 2.6871262e-05
1883600 6.9515149e-05 2.0282195e-05
1883800 6.9625847e-05 4.233267e-05
1884000 6.0102001e-05 3.2494225e-05
1884200 5.8870205e-05 1.8758314e-05
1884400 6.502832e-05 1.4264946e-06
1884600 5.5981933e-05 1.8655272e-05
1884800 6.1483946e-05 1.245553e-05
1885000 6.6604194e-05 2.0840482e-05
1885200 7.450782e-05 2.8831421e-05
1885400 7.3406696e-05 1.483164e-05
1885600 8.2809637e-05 3.1600757e-05
1885800 6.3257527e-05 9.6808229e-06
1886000 7.1598957e-05 2.8776359e-05
1886200 6.2977598e-05 2.5705087e-05
1886400 7.2820458e-05 1.2222538e-05
1886600 6.9244266e-05 4.358784e-06
1886800 7.1769865e-05 1.5398483e-05
1887000 5.6294725e-05 2.6559216e-05
1887200 8.153748e-05 3.8438504e-05
1887400 6.8697179e-05 2.6735299e-05
1887600 7.6000628e-05 1.1270167e-05
1887800 8.0482735e-05 1.7774787e-05
1888000 7.1773786e-05 3.0950711e-05
1888200 9.9256973e-05 1.1470432e-05
1888400 6.9048541e-05 1.9973058e-05
1888600 8.4604444e-05 2.430853e-05
1888800 9.8198403e-05 9.5804395e-06
1889000 8.6125374e-05 2.5246899e-05
1889200 6.9077421e-05 1.6312337e-05
1889400 4.9978266e-05 1.2161283e-05
1889600 6.6850388e-05 2.4251139e-05
1889800 7.3326989e-05 1.9959967e-05
1890000 9.0839939e-05 1.754308e-05
1890200 7.9173004e-05 1.0471574e-05
1890400 6.4526013e-05 1.2293616e-05
1890600 4.990149e-05 2.0238384e-05
1890800 4.7271401e-05 6.0107692e-06
1891000 5.7228759e-05 1.0107087e-05
1891200 4.7295859e-05 2.182446e-05
1891400 6.6973801e-05 2.7818772e-05
1891600 8.729597e-05 1.1892084e-05
1891800 7.5776951e-05 3.8726567e-06
1892000 8.0436059e-05 2.175489e-05
1892200 5.8006244e-05 9.3412781e-06
1892400 4.2952701e-05 1.656548e-05
1892600 6.031515e-05 1.4278599e-05
1892800 5.0926726e-05 3.1372358e-05
1893000 6.9880459e-05 1.5436407e-05
1893200 7.2479151e-05 2.9306109e-05
1893400 4.6012724e-05 1.7469167e-05
1893600 9.3030715e-05 2.347149e-05
1893800 8.1772102e-05 7.4518036e-06
1894000 6.7380608e-05 1.1908738e-05
1894200 6.8175521e-05 1.8099778e-05
1894400 6.6428123e-05 1.764911e-05
1894600 7.5981192e-05 4.6908692e-05
1894800 5.7306699e-05 4.1223296e-05
1895000 5.5147626e-05 5.2599043e-05
1895200 5.3428576e-05 2.3005923e-05
1895400 8.3133372e-05 2.9755392e-05
1895600 3.490473e-05 3.0161289e-05
1895800 7.0143463e-05 1.1793762e-05
1896000 5.2391381e-05 1.4181727e-05
1896200 8.2798655e-05 4.1648239e-06
1896400 8.2881693e-05 2.0853349e-05
1896600 5.9727501e-05 1.2682421e-05
1896800 7.6404657e-05 6.1387421e-06
1897000 8.7894353e-05 1.4903028e-05
1897200 7.000403e-05 9.7460123e-06
1897400 8.3385608e-05 6.8389075e-06
1897600 7.5485748e-05 1.5954369e-05
1897800 7.4185281e-05 9.5565192e-06
1898000 6.4664801e-05 8.6959651e-06
1898200 8.7693014e-05 4.2465436e-05
1898400 8.5856107e-05 1.0786546e-05
1898600 5.6050131e-05 2.4155908e-05
1898800 5.5116896e-05 2.4089204e-05
1899000 7.8588575e-05 1.7712791e-05
1899200 8.2189743e-05 1.3842387e-05
1899400 5.1405041e-05 2.5378051e-05
1899600 8.2262769e-05 4.226367e-05
1899800 7.8182897e-05 3.5285964e-05
1900000 5.8082066e-05 1.9325893e-05
1900200 6.9313422e-05 3.2506623e-05
1900400 6.949312e-05 9.9313464e-06
1900600 6.2993982e-05 1.7602822e-05
1900800 5.9593863e-05 1.4139615e-05
1901000 7.0635301e-05 1.6084752e-05
1901200 7.1516004e-05 1.5000235e-05
1901400 9.7315028e-05 6.8356072e-06
1901600 8.0475033e-05 2.064102e-05
1901800 6.1809562e-05 2.7828033e-05
1902000 7.9357617e-05 3.1207746e-05
1902200 6.1778434e-05 1.3982072e-05
1902400 4.9629838e-05 2.638195e-05
1902600 7.433378e-05 2.272144e-05
1902800 8.1588533e-05 3.4711698e-06
1903000 8.2099265e-05 2.898889e-05
1903200 6.2718706e-05 1.3664409e-05
1903400 6.9663686e-05 2.6071182e-05
1903600 6.4654815e-05 3.2592016e-05
1903800 5.4055573e-05 1.6531607e-06
1904000 6.5819384e-05 2.3450434e-05
1904200 5.0864098e-05 2.7132346e-05
1904400 6.9239787e-05 1.3666233e-05
1904600 7.398083e-05 1.8323465e-05
1904800 8.9738826e-05 1.5767864e-05
1905000 6.7573093e-05 2.3745502e-05
1905200 7.3933771e-05 1.1279433e-05
1905400 7.744029e-05 1.6676418e-05
1905600 9.9509363e-05 2.9327452e-05
1905800 7.0020937e-05 3.1620496e-05
1906000 7.9946784e-05 1.0264691e-05
1906200 7.5458249e-05 1.0740116e-05
1906400 7.8766899e-05 2.3539685e-05
1906600 6.0130016e-05 3.2972081e-05
1906800 7.1096521e-05 2.7409336e-05
1907000 9.0336213e-05 2.175573e-05
1907200 7.6679544e-05 3.0890406e-05
1907400 0.00011063676 2.0590242e-05
1907600 8.4853189e-05 1.0526864e-05
1907800 8.2291424e-05 1.9899365e-05
1908000 9.1747608e-05 7.120454e-06
1908200 8.7358501e-05 1.7718167e-05
1908400 0.00010802426 1.7674544e-06
1908600 7.4176362e-05 1.648013e-05
1908800 7.3570087e-05 1.6799189e-05
1909000 8.8070309e-05 2.2510562e-05
1909200 7.3613556e-05 3.4653598e-05
1909400 8.022498e-05 4.1568335e-06
1909600 8.6610259e-05 4.5636948e-06
1909800 8.4395809e-05 2.7689404e-05
1910000 7.9098756e-05 5.3233326e-05
1910200 6.3297604e-05 3.2411173e-05
1910400 7.925877e-05 1.0814782e-05
1910600 6.993364e-05 2.5513533e-05
1910800 7.7753336e-05 6.5850665e-06
1911000 7.2603934e-05 1.893089e-05
1911200 6.6015928e-05 3.7719911e-05
1911400 9.2796877e-05 4.137803e-05
1911600 9.3991343e-05 2.6758611e-05
1911800 9.797351e-05 1.5604221e-05
1912000 9.8640905e-05 1.3362722e-05
1912200 0.00010565145 2.4809467e-05
1912400 9.6915715e-05 2.5798938e-05
1912600 7.498088e-05 1.6347167e-05
1912800 8.0367459e-05 7.4623971e-06
1913000 6.48652e-05 2.4950415e-05
1913200 5.0268558e-05 3.9547513e-05
1913400 8.4459201e-05 6.6712844e-06
1913600 6.6655496e-05 1.1874509e-05
1913800 7.3459438e-05 1.8614795e-05
1914000 7.2413419e-05 2.5593206e-05
1914200 7.4420307e-05 3.064272e-05
1914400 8.3047735e-05 2.9942787e-05
1914600 8.2812377e-05 1.1599289e-05
1914800 8.6543453e-05 1.7484816e-05
1915000 6.0844432e-05 1.4998193e-05
1915200 6.7930104e-05 2.6067116e-05
1915400 7.0268662e-05 1.8003101e-05
1915600 8.2117339e-05 2.5091396e-05
1915800 6.4681759e-05 1.9581394e-05
1916000 7.7845583e-05 1.9240605e-05
1916200 7.1156219e-05 3.4725034e-05
1916400 8.2872049e-05 4.9509445e-05
1916600 8.0684039e-05 3.0349577e-05
1916800 8.0858495e-05 4.6756671e-05
1917000 0.00010498321 1.7162741e-05
1917200 7.7664687e-05 2.0279323e-05
1917400 7.0917567e-05 1.2133092e-05
1917600 7.7064765e-05 1.0324927e-05
1917800 8.5415024e-05 1.36844e-05
1918000 6.4821814e-05 1.4849347e-05
1918200 6.2441676e-05 1.307025e-05
1918400 5.1219046e-05 1.8365728e-05
1918600 4.4773026e-05 6.2573714e-06
1918800 5.4944714e-05 1.6783512e-05
1919000 7.4227977e-05 2.1889679e-05
1919200 5.3686302e-05 2.5791459e-05
1919400 7.0813569e-05 2.0248382e-05
1919600 7.9143195e-05 2.2871825e-05
1919800 5.5086156e-05 2.0270777e-05
1920000 7.4339543e-05 3.0573918e-05
1920200 7.0144362e-05 3.5296078e-05
1920400 7.9067617e-05 2.182927e-05
1920600 7.8510948e-05 3.0352747e-05
1920800 8.6584739e-05 1.9828489e-05
1921000 7.2484569e-05 1.99276e-05
1921200 5.6863399e-05 2.0914935e-05
1921400 5.956101e-05 3.2658554e-05
1921600 6.1767391e-05 3.4320695e-05
1921800 7.8039174e-05 9.8696567e-06
1922000 7.1041344e-05 1.9719823e-05
1922200 6.0162333e-05 8.4750876e-07
1922400 4.7478908e-05 2.9253295e-05
1922600 7.3374916e-05 8.7420277e-06
1922800 8.1925242e-05 1.7618079e-05
1923000 6.1986647e-05 3.5661201e-05
1923200 7.5565431e-05 9.2536925e-06
1923400 4.7874212e-05 2.8073092e-05
1923600 6.2697296e-05 2.2422092e-05
1923800 7.9691787e-05 1.6769609e-05
1924000 9.0045079e-05 1.3885169e-05
1924200 7.2858578e-05 1.0992472e-05
1924400 7.7654876e-05 4.1824004e-06
1924600 5.7026902e-05 2.1413524e-05
1924800 7.4456987e-05 3.7807695e-05
1925000 7.47736e-05 3.7170344e-05
1925200 8.3966279e-05 3.858285e-05
1925400 7.2981697e-05 4.4842678e-05
1925600 8.2227911e-05 5.5628799e-05
1925800 6.9226391e-05 3.9079085e-05
1926000 7.8899907e-05 1.8018233e-05
1926200 7.5166712e-05 3.8417967e-05
1926400 7.5884353e-05 1.7930786e-05
1926600 9.3850284e-05 2.050348e-05
1926800 8.6784595e-05 1.9149561e-05
1927000 6.2934317e-05 2.0235761e-05
1927200 5.8246472e-05 3.6117519e-05
1927400 8.0262987e-05 2.6270974e-05
1927600 8.3914162e-05 2.9832491e-05
1927800 8.1845812e-05 3.8213405e-05
1928000 9.6839137e-05 3.0882707e-05
1928200 8.0873968e-05 4.8557267e-05
1928400 8.587199e-05 2.0018502e-05
1928600 0.0001002225 2.3866849e-05
1928800 7.4317867e-05 2.0254669e-05
1929000 8.0847185e-05 3.0949135e-05
1929200 9.033964e-05 2.0715723e-05
1929400 8.5747868e-05 1.1631774e-05
1929600 7.5694184e-05 2.8554152e-06
1929800 5.6394434e-05 2.9250876e-05
1930000 6.3145936e-05 3.2980673e-05
1930200 8.3457428e-05 2.2214583e-05
1930400 6.5676069e-05 1.1531639e-05
1930600 6.4969466e-05 1.4479308e-05
1930800 8.6257674e-05 1.565017e-05
1931000 7.9935537e-05 2.9176844e-05
1931200 6.3139671e-05 2.7929552e-05
1931400 7.2510086e-05 2.85593e-05
1931600 8.7730413e-05 2.4878683e-05
1931800 8.3013458e-05 3.2612549e-05
1932000 9.7534218e-05 2.162781e-05
1932200 8.1819707e-05 4.1022381e-05
1932400 8.3520662e-05 1.8039935e-05
1932600 5.8864003e-05 2.9107383e-05
1932800 7.6886471e-05 1.2702184e-05
1933000 7.2622156e-05 3.2470659e-05
1933200 6.7345835e-05 2.111736e-05
1933400 5.9897031e-05 2.7240814e-05
1933600 6.1351996e-05 2.404343e-05
1933800 7.693536e-05 2.7623684e-05
1934000 6.7641125e-05 1.772154e-05
1934200 6.3144563e-05 2.2487414e-05
1934400 5.3551299e-05 2.3832354e-05
1934600 7.0435601e-05 2.4547632e-05
1934800 5.9693152e-05 4.1561339e-05
1935000 8.5414731e-05 1.169876e-05
1935200 9.7404641e-05 1.7077101e-05
1935400 7.7497395e-05 1.8365023e-05
1935600 5.2166969e-05 1.4910122e-05
1935800 7.5555907e-05 3.0140222e-05
1936000 7.3848009e-05 2.7564416e-05
1936200 7.7037943e-05 2.0933243e-05
1936400 8.4718128e-05 7.3419079e-06
1936600 7.6471695e-05 3.4824366e-06
1936800 7.9834677e-05 6.1144572e-06
1937000 7.18509e-05 1.1564611e-05
1937200 8.1794434e-05 9.6286943e-06
1937400 7.2658502e-05 2.8448937e-05
1937600 6.2365528e-05 1.6564419e-05
1937800 6.2850929e-05 1.3293948e-05
1938000 9.2548384e-05 2.0829523e-05
1938200 8.3650423e-05 1.3596398e-05
1938400 8.4232792e-05 1.29218e-05
1938600 6.7971846e-05 1.6216115e-05
1938800 7.0477003e-05 1.8123772e-05
1939000 9.0534593e-05 1.5975367e-05
1939200 6.6835497e-05 1.2925885e-06
1939400 8.2238336e-05 8.2781684e-06
1939600 8.5963064e-05 1.0522066e-05
1939800 7.3226704e-05 2.6797092e-05
1940000 8.00326e-05 2.4570512e-05
1940200 9.2505764e-05 7.4426179e-06
1940400 7.3430818e-05 2.654628e-05
1940600 7.5394421e-05 2.3335647e-05
1940800 6.3315979e-05 2.6393099e-05
1941000 9.8675614e-05 2.0570042e-05
1941200 8.6126257e-05 8.8577688e-06
1941400 8.3339217e-05 3.5533698e-05
1941600 7.2150538e-05 2.7352242e-05
1941800 8.1559197e-05 1.9882615e-06
1942000 8.4060067e-05 1.9821834e-05
1942200 9.0502987e-05 5.7453255e-06
1942400 0.00010379481 2.1956813e-05
1942600 9.7433142e-05 8.0751363e-06
1942800 9.5550103e-05 1.8166752e-05
1943000 9.8928048e-05 3.0218934e-05
1943200 7.3171008e-05 2.1821909e-05
1943400 7.9890778e-05 2.3273142e-05
1943600 0.00010334188 6.1551221e-06
1943800 9.9201388e-05 3.3022584e-05
1944000 8.5394308e-05 2.1316897e-05
1944200 9.5285662e-05 1.5671794e-05
1944400 9.726449e-05 1.296409e-05
1944600 9.0133837e-05 7.3448937e-06
1944800 8.5227431e-05 3.0118628e-05
1945000 7.8709621e-05 1.3445074e-05
1945200 8.132272e-05 1.8123571e-05
1945400 8.347435e-05 2.9024611e-05
1945600 8.1057504e-05 4.1649759e-05
1945800 0.00010001506 3.3998378e-05
1946000 9.0904306e-05 2.8017359e-05
1946200 9.5911798e-05 2.9615432e-05
1946400 9.8072917e-05 1.6598459e-05
1946600 0.00011389255 2.0101081e-05
1946800 6.484046e-05 3.0593626e-05
1947000 5.9252368e-05 3.9755563e-05
1947200 0.00010278181 1.6711854e-05
1947400 8.3941636e-05 3.4967431e-05
1947600 8.1239595e-05 2.0796888e-05
1947800 0.00010922476 2.2379432e-05
1948000 9.3704516e-05 3.0228704e-05
1948200 9.8998486e-05 1.9293087e-05
1948400 0.00011042501 4.0647164e-06
1948600 8.8846718e-05 1.4638356e-05
1948800 8.8171859e-05 4.1727187e-05
1949000 9.5990502e-05 1.9885169e-05
1949200 7.8099046e-05 1.9070987e-05
1949400 7.5774229e-05 1.4075505e-05
1949600 8.8704177e-05 2.5805712e-05
1949800 9.4350254e-05 1.9157136e-05
1950000 0.00010341306 4.1054798e-05
1950200 6.9464322e-05 1.8897437e-05
1950400 8.6553653e-05 3.55016e-05
1950600 8.289861e-05 2.2779253e-05
1950800 8.0308171e-05 2.989803e-05
1951000 8.4732574e-05 2.2521731e-05
1951200 6.8431287e-05 2.694338e-05
1951400 8.6644048e-05 9.2417909e-06
1951600 7.8383664e-05 3.3493232e-05
1951800 7.6450423e-05 1.4123015e-05
1952000 7.3319037e-05 1.9474958e-05
1952200 6.0222714e-05 2.8306766e-05
1952400 8.5944611e-05 1.0825737e-05
1952600 7.797033e-05 9.1754478e-06
1952800 8.8123583e-05 2.656491e-05
1953000 7.2539197e-05 2.4375282e-05
1953200 8.5650558e-05 1.9521736e-05
1953400 0.00010374379 9.795416e-06
1953600 0.00010786286 3.8817621e-05
1953800 0.00010096497 1.9831822e-05
1954000 0.00010813599 2.5094388e-05
1954200 9.256533e-05 2.0937358e-06
1954400 0.00010299998 2.6749641e-05
1954600 8.022609e-05 1.9396654e-05
1954800 9.8994679e-05 3.1927703e-06
1955000 0.00010578279 2.6549444e-05
1955200 0.00012297557 3.1379588e-05
1955400 7.8961413e-05 2.3587799e-05
1955600 9.1047515e-05 1.7690804e-05
1955800 8.4003298e-05 1.1213192e-05
1956000 8.8956069e-05 2.2923498e-05
1956200 7.8113517e-05 3.2433307e-05
1956400 8.6580592e-05 3.0811806e-05
1956600 7.6748332e-05 2.6381605e-05
1956800 8.858677e-05 1.8335082e-05
1957000 9.9362313e-05 1.8570767e-05
1957200 9.4528213e-05 3.1192113e-05
1957400 7.5589357e-05 2.6503533e-05
1957600 7.6091903e-05 1.9341293e-05
1957800 6.9597062e-05 2.6022873e-05
1958000 7.4106895e-05 2.335596e-05
1958200 8.8756574e-05 2.107626e-05
1958400 7.9727978e-05 1.8300275e-05
1958600 8.9417596e-05 2.8452885e-05
1958800 7.4664735e-05 1.3299948e-05
1959000 9.4614153e-05 6.8240839e-06
1959200 0.00010572584 4.5397474e-06
1959400 7.5212256e-05 6.9118602e-06
1959600 8.610731e-05 4.952295e-06
1959800 7.3403857e-05 1.7847155e-05
1960000 8.9504413e-05 1.6768748e-05
1960200 7.9865316e-05 1.8365152e-05
1960400 7.4557031e-05 3.5238764e-05
1960600 7.6553094e-05 4.0888799e-05
1960800 8.3777711e-05 2.432707e-05
1961000 7.8373526e-05 4.7209149e-05
1961200 7.8810714e-05 4.2488533e-05
1961400 8.2194682e-05 2.7962195e-05
1961600 9.4982623e-05 2.3025324e-05
1961800 8.478705e-05 2.9670934e-05
1962000 8.3192181e-05 1.4128529e-05
1962200 8.9810233e-05 3.2584741e-05
1962400 7.5625001e-05 2.0225987e-05
1962600 8.6038319e-05 1.9864877e-05
1962800 7.0250712e-05 3.1275045e-05
1963000 6.6591561e-05 1.8958637e-05
1963200 8.1706638e-05 4.3474081e-06
1963400 8.8252034e-05 1.4889004e-05
1963600 0.00010530772 1.0460269e-05
1963800 9.8212838e-05 1.212786e-05
1964000 6.8584738e-05 2.0601921e-05
1964200 8.0220686e-05 1.7238953e-05
1964400 6.8081679e-05 2.2495568e-05
1964600 5.6363472e-05 2.9882569e-05
1964800 5.026752e-05 3.3811866e-05
1965000 6.4812907e-05 3.9806867e-05
1965200 7.6266291e-05 3.8286258e-05
1965400 7.0393371e-05 3.595545e-05
1965600 5.1514995e-05 3.4832672e-05
1965800 8.3531884e-05 2.6249521e-05
1966000 6.6657775e-05 1.8312672e-05
1966200 6.428696e-05 3.8297277e-05
1966400 7.1967862e-05 2.9140313e-05
1966600 7.4162474e-05 3.3311074e-05
1966800 7.6497465e-05 1.9250884e-05
1967000 8.2854283e-05 3.7845382e-05
1967200 7.7184018e-05 1.9689545e-05
1967400 5.4061727e-05 2.0184518e-05
1967600 7.8416184e-05 2.558968e-05
1967800 7.9457896e-05 3.1008686e-05
1968000 6.8331594e-05 1.8552712e-05
1968200 9.6272435e-05 7.3688943e-06
1968400 9.0748289e-05 2.1100667e-05
1968600 9.9635675e-05 1.6978146e-05
1968800 7.5140638e-05 6.4020007e-06
1969000 5.2230362e-05 1.5364255e-05
1969200 6.2785001e-05 1.9228668e-05
1969400 7.1087349e-05 2.6820715e-05
1969600 8.1766378e-05 2.6656392e-05
1969800 8.0213721e-05 1.7466284e-05
1970000 8.1837138e-05 3.7595865e-05
1970200 0.00010527536 3.1799382e-05
1970400 8.3509947e-05 3.0101693e-05
1970600 9.8832534e-05 3.6257117e-05
1970800 8.4948581e-05 3.8450334e-05
1971000 9.9318149e-05 2.3508307e-05
1971200 7.6154711e-05 7.2389933e-06
1971400 9.2046274e-05 1.8017822e-05
1971600 8.388124e-05 1.1250414e-05
1971800 9.0505803e-05 1.6849578e-05
1972000 8.5428942e-05 9.7033595e-06
1972200 7.4885436e-05 1.4803272e-05
1972400 7.50616e-05 3.4874228e-05
1972600 0.00010213946 2.9683041e-05
1972800 9.3433383e-05 3.0095814e-05
1973000 0.00011539902 2.4611662e-05
1973200 7.3007357e-05 8.1371562e-06
1973400 9.5548908e-05 1.1933895e-05
1973600 6.7242675e-05 3.1396935e-05
1973800 8.8903645e-05 1.2974484e-05
1974000 7.5497915e-05 1.7706509e-05
1974200 8.5224782e-05 1.876002e-05
1974400 8.1134909e-05 3.6060261e-05
1974600 9.173602e-05 7.3274201e-06
1974800 9.9727756e-05 5.8048305e-06
1975000 7.8797136e-05 1.9628919e-05
1975200 8.077244e-05 1.1793309e-05
1975400 7.0570389e-05 2.460941e-05
1975600 7.3399178e-05 2.29618e-05
1975800 6.5918582e-05 3.4149578e-05
1976000 7.0356224e-05 4.4071624e-05
1976200 7.8243218e-05 3.5203048e-05
1976400 8.971871e-05 2.0431301e-05
1976600 9.1900462e-05 1.2132141e-05
1976800 8.5955469e-05 1.3096119e-05
1977000 8.6133262e-05 2.4095193e-05
1977200 9.6686759e-05 1.510572e-05
1977400 7.9620679e-05 3.369944e-05
1977600 7.011413e-05 2.152622e-05
1977800 8.3274606e-05 3.3266836e-05
1978000 9.7166728e-05 9.0653234e-06
1978200 9.2344591e-05 9.7091623e-06
1978400 9.5167246e-05 4.2250968e-06
1978600 9.0939961e-05 2.8995638e-05
1978800 7.5130321e-05 3.3672159e-05
1979000 8.9049285e-05 1.6495184e-05
1979200 7.9339338e-05 2.366971e-05
1979400 8.0454765e-05 1.0739579e-05
1979600 8.1084383e-05 2.0393766e-05
1979800 8.4429333e-05 2.0234965e-05
1980000 9.4572148e-05 8.5926195e-06
1980200 9.4158025e-05 1.1121599e-05
1980400 8.4341618e-05 2.3976119e-05
1980600 0.00010507456 8.5047669e-06
1980800 9.5934231e-05 1.5336309e-05
1981000 0.0001003677 7.7383685e-06
1981200 0.00010472593 6.149372e-06
1981400 9.6113359e-05 1.1585569e-06
1981600 6.9423551e-05 2.3419096e-05
1981800 9.4904017e-05 2.2966784e-05
1982000 7.9019529e-05 1.976182e-05
1982200 9.5767191e-05 3.8600738e-05
1982400 0.00011316039 1.8302073e-05
1982600 9.0191029e-05 2.4037165e-05
1982800 9.1427385e-05 4.4593133e-05
1983000 0.00012231217 1.3736652e-05
1983200 0.0001119822 2.7288102e-05
1983400 9.0726987e-05 9.8809325e-06
1983600 9.2640009e-05 2.082773e-05
1983800 8.4740063e-05 1.0953768e-05
1984000 0.0001171554 1.1270075e-05
1984200 9.9288768e-05 2.2837395e-05
1984400 7.9508726e-05 3.1502664e-05
1984600 9.4834638e-05 1.7514971e-05
1984800 8.5555002e-05 1.9695103e-05
1985000 8.4052891e-05 1.829137e-05
1985200 8.6975393e-05 2.1411621e-05
1985400 9.0766273e-05 2.8790067e-05
1985600 9.38962e-05 1.4597122e-05
1985800 0.00011809008 1.9301431e-05
1986000 8.3297451e-05 2.3065797e-05
1986200 0.00010559615 3.3012697e-05
1986400 9.2179777e-05 1.0201469e-05
1986600 6.9438408e-05 1.882474e-05
1986800 9.0610274e-05 9.903812e-06
1987000 8.721902e-05 8.0442056e-06
1987200 8.6906846e-05 1.7339696e-05
1987400 8.57219e-05 1.1517297e-05
1987600 9.275552e-05 7.5686451e-06
1987800 7.7610378e-05 1.8153991e-05
1988000 9.118503e-05 6.9725822e-06
1988200 0.00011224556 1.866354e-05
1988400 9.1481442e-05 1.6447072e-05
1988600 8.8587104e-05 2.1121309e-05
1988800 0.00010968984 2.3804286e-05
1989000 8.0637488e-05 2.0027992e-05
1989200 8.7219891e-05 4.7058026e-06
1989400 8.6671585e-05 1.0940413e-05
1989600 9.1206605e-05 1.4650659e-05
1989800 0.00010620739 1.3897762e-05
1990000 9.6476701e-05 1.0655111e-05
1990200 0.00010563961 2.7825514e-05
1990400 0.00010447884 9.671752e-06
1990600 9.5573293e-05 1.541884e-05
1990800 8.4440004e-05 1.7554737e-05
1991000 9.355262e-05 1.1003379e-05
1991200 7.9108213e-05 3.3270686e-05
1991400 7.8944517e-05 1.9108428e-05
1991600 8.0690574e-05 2.8384623e-05
1991800 9.7776142e-05 1.8610433e-05
1992000 8.3301292e-05 8.5005872e-06
1992200 0.00011110994 1.0016124e-05
1992400 8.9256603e-05 1.2858492e-05
1992600 6.494711e-05 1.6241125e-05
1992800 8.7214229e-05 6.0018034e-06
1993000 9.326638e-05 6.7846418e-06
1993200 6.9176622e-05 3.1727168e-06
1993400 8.0071681e-05 3.1783931e-05
1993600 5.5981636e-05 1.4932136e-05
1993800 7.762563e-05 2.4729141e-05
1994000 7.3188266e-05 3.4582761e-05
1994200 6.5993623e-05 1.6680188e-05
1994400 6.5819188e-05 2.0093362e-05
1994600 8.8652258e-05 1.9416139e-05
1994800 9.1260323e-05 4.1097743e-05
1995000 9.1883447e-05 1.9474531e-05
1995200 6.9960747e-05 4.7980042e-06
1995400 6.482265e-05 2.1914145e-05
1995600 7.3517281e-05 1.7634592e-05
1995800 5.3354978e-05 7.0525907e-06
1996000 8.4503804e-05 1.7652504e-05
1996200 7.4862326e-05 1.9939555e-06
1996400 6.8567874e-05 8.8153467e-06
1996600 8.6054265e-05 2.2224155e-05
1996800 9.0788047e-05 1.1546419e-05
1997000 0.00010369339 1.1427563e-05
1997200 9.3647918e-05 2.0181319e-05
1997400 9.8794162e-05 9.3747916e-06
1997600 7.7513034e-05 6.0487251e-06
1997800 9.0634951e-05 2.7051379e-05
1998000 7.3547153e-05 2.2567379e-05
1998200 6.5810108e-05 7.1423425e-06
1998400 7.1501404e-05 2.3459557e-05
1998600 9.3442593e-05 1.0882433e-05
1998800 8.3313927e-05 2.7283203e-05
1999000 6.6662589e-05 4.86009e-05
1999200 8.6759706e-05 3.0927413e-05
1999400 8.4641876e-05 3.551323e-05
1999600 8.505485e-05 1.2844477e-05
1999800 8.2232884e-05 2.5293221e-05
2000000 9.5832395e-05 2.8697469e-05
2000200 7.3875772e-05 3.1345407e-05
2000400 8.7845404e-05 3.0033733e-05
2000600 9.2665897e-05 4.3340357e-05
2000800 0.00010189643 2.83784e-05
2001000 9.0354008e-05 1.9582478e-05
2001200 8.1630496e-05 1.0673925e-05
2001400 9.1005924e-05 2.9629734e-05
2001600 8.78603e-05 8.2127195e-06
2001800 8.9836472e-05 1.2119037e-05
2002000 9.6730537e-05 2.3558227e-05
2002200 0.00010157424 3.0341275e-05
2002400 0.00010018849 1.9452601e-05
2002600 9.7427245e-05 2.598654e-05
2002800 9.0271996e-05 2.6417075e-05
2003000 9.6992476e-05 1.7203833e-05
2003200 6.8319072e-05 1.2707055e-05
2003400 7.9151037e-05 2.4992627e-05
2003600 0.0001001463 2.2318782e-05
2003800 9.2148569e-05 2.1097069e-05
2004000 6.3722463e-05 1.9606285e-05
2004200 7.5914657e-05 3.1545967e-05
2004400 7.8900246e-05 2.9345369e-05
2004600 7.3033269e-05 2.2874129e-05
2004800 0.00010422733 1.6562537e-05
2005000 7.9913307e-05 3.026925e-05
2005200 8.2014891e-05 1.5895405e-05
2005400 9.2827871e-05 9.7756733e-06
2005600 0.00011234059 1.385084e-05
2005800 8.6495903e-05 2.3715116e-05
2006000 9.3849189e-05 2.2539536e-05
2006200 9.4951033e-05 2.1715245e-05
2006400 0.00010991188 1.4009898e-05
2006600 8.3070998e-05 2.7511422e-05
2006800 9.2902281e-05 7.1793632e-06
2007000 9.6916886e-05 1.2809232e-05
2007200 7.7805447e-05 1.0423892e-05
2007400 9.1569195e-05 2.3125019e-05
2007600 8.7088032e-05 1.8948833e-05
2007800 8.3202812e-05 1.3332582e-05
2008000 6.6726531e-05 2.0802329e-05
2008200 8.974705e-05 2.9393892e-05
2008400 7.3763147e-05 2.0570374e-05
2008600 7.4176136e-05 1.4653588e-05
2008800 7.4387479e-05 2.420125e-05
2009000 7.5482918e-05 5.8914708e-06
2009200 7.2386955e-05 9.0687413e-06
2009400 8.4324125e-05 1.3598664e-05
2009600 9.6001529e-05 4.1173557e-05
2009800 8.7617483e-05 1.431416e-05
2010000 4.8356587e-05 1.758669e-05
2010200 6.329889e-05 8.6117041e-06
2010400 7.8863757e-05 6.401309e-06
2010600 8.0104157e-05 3.1868147e-05
2010800 6.7247222e-05 3.5745035e-05
2011000 6.5598238e-05 1.1768008e-05
2011200 6.7842003e-05 2.715407e-05
2011400 6.1035485e-05 3.3320171e-05
2011600 7.0481075e-05 1.1108949e-05
2011800 9.8159589e-05 1.0997748e-05
2012000 8.0805049e-05 3.2184274e-05
2012200 7.4542915e-05 2.3563393e-05
2012400 7.1025503e-05 2.5659777e-05
2012600 6.8601096e-05 3.2257716e-05
2012800 7.4159332e-05 2.212454e-05
2013000 5.6718038e-05 3.2768313e-05
2013200 8.5975037e-05 2.7046679e-05
2013400 7.3809219e-05 2.8582285e-05
2013600 8.6407242e-05 1.1331585e-05
2013800 7.2105318e-05 6.9606027e-06
2014000 9.1336634e-05 1.4288298e-05
2014200 8.3681515e-05 1.4919286e-05
2014400 6.1209896e-05 1.6744125e-05
2014600 8.4854658e-05 2.2282661e-05
2014800 8.6313553e-05 1.0819613e-05
2015000 8.2421695e-05 2.1126297e-05
2015200 6.2519895e-05 3.8397594e-05
2015400 7.6563717e-05 1.5069442e-05
2015600 8.9687532e-05 2.5904082e-05
2015800 8.4176128e-05 1.1893302e-05
2016000 0.00010668333 7.0929699e-06
2016200 0.00010185273 1.186796e-05
2016400 9.6759138e-05 2.7919179e-05
2016600 0.00010487474 1.0361652e-05
2016800 9.5692157e-05 2.1625165e-05
2017000 0.00010498829 9.3812379e-06
2017200 9.6335579e-05 1.9100974e-05
2017400 7.9410537e-05 1.6726776e-05
2017600 9.6133328e-05 1.6821689e-05
2017800 7.8086105e-05 2.6239443e-05
2018000 6.9619159e-05 1.5961449e-05
2018200 7.5918828e-05 2.1308758e-05
2018400 8.246919e-05 1.6059978e-05
2018600 7.3473025e-05 2.991298e-05
2018800 7.0542279e-05 8.4586038e-06
2019000 6.3377874e-05 1.9250313e-05
2019200 8.5657759e-05 3.819012e-06
2019400 7.0518162e-05 1.5859867e-05
2019600 9.8959294e-05 1.1998442e-05
2019800 6.631689e-05 1.6317436e-05
2020000 8.0585819e-05 2.2638836e-06
2020200 7.6361605e-05 1.5944896e-05
2020400 7.5672181e-05 9.8280313e-06
2020600 6.6249158e-05 1.6835039e-05
2020800 8.340284e-05 3.2305697e-05
2021000 7.4150731e-05 1.2444609e-05
2021200 8.2643794e-05 2.1604397e-05
2021400 6.2696107e-05 3.3192238e-05
2021600 8.6580454e-05 1.1435927e-05
2021800 8.5615053e-05 1.3315865e-05
2022000 6.2545977e-05 2.929743e-05
2022200 7.6740289e-05 4.0339918e-05
2022400 7.5524904e-05 3.0260684e-05
2022600 8.6234794e-05 3.8094095e-05
2022800 8.6910498e-05 9.8754612e-06
2023000 8.6170144e-05 8.8619281e-06
2023200 7.8098448e-05 7.0267682e-06
2023400 8.152185e-05 1.1749078e-05
2023600 8.0111904e-05 2.5194951e-05
2023800 6.6348775e-05 1.8733481e-05
2024000 9.5655296e-05 1.4367826e-05
2024200 6.6566547e-05 3.2885924e-05
2024400 6.3426895e-05 1.8754583e-05
2024600 8.1423851e-05 2.1208986e-05
2024800 8.1183154e-05 3.7273177e-06
2025000 8.2102298e-05 1.398017e-05
2025200 8.3502295e-05 1.4594004e-05
2025400 7.0068154e-05 2.3793254e-05
2025600 5.4100123e-05 1.9959037e-05
2025800 7.726139e-05 1.6889895e-05
2026000 7.0906557e-05 2.310822e-05
2026200 7.6597407e-05 1.5843837e-05
2026400 7.2893014e-05 2.5411489e-05
2026600 7.3795513e-05 1.4021809e-05
2026800 6.1403985e-05 1.2811921e-05
2027000 8.4491663e-05 3.4680001e-05
2027200 7.1224872e-05 2.6276841e-05
2027400 5.3948848e-05 3.4325744e-06
2027600 6.7252191e-05 1.0392292e-05
2027800 5.5625186e-05 1.0904635e-05
2028000 7.813752e-05 1.2366511e-05
2028200 5.0063126e-05 2.212667e-05
2028400 6.3039723e-05 2.1253083e-05
2028600 6.8807917e-05 2.7481247e-05
2028800 7.1974513e-05 1.8393807e-05
2029000 9.0749911e-05 2.6396295e-05
2029200 8.3241121e-05 1.9687297e-05
2029400 7.8825293e-05 1.1184225e-05
2029600 7.0643055e-05 1.3501303e-05
2029800 6.9795684e-05 1.8287195e-05
2030000 7.5383248e-05 3.7031857e-05
2030200 7.4386668e-05 2.173364e-05
2030400 8.3051294e-05 2.5606051e-05
2030600 6.6867607e-05 2.7155818e-05
2030800 8.1725375e-05 4.0646113e-05
2031000 8.8321793e-05 3.0055386e-05
2031200 7.3028531e-05 2.960927e-05
2031400 7.2644519e-05 2.3004452e-05
2031600 7.1270653e-05 6.5223359e-06
2031800 7.4786924e-05 1.6784746e-05
2032000 8.7164283e-05 1.2392343e-05
2032200 9.0884926e-05 2.0483634e-05
2032400 7.8422653e-05 1.1066629e-05
2032600 6.7604685e-05 1.478997e-05
2032800 5.3196395e-05 1.6832142e-05
2033000 7.5843942e-05 1.8973481e-05
2033200 8.156422e-05 1.4761877e-05
2033400 6.5601373e-05 1.3591158e-05
2033600 7.3963986e-05 2.4425059e-05
2033800 7.1801715e-05 2.836072e-05
2034000 7.1736406e-05 1.7400382e-05
2034200 8.4769546e-05 1.9881439e-05
2034400 8.7248156e-05 1.7082546e-05
2034600 7.0590229e-05 1.6266109e-05
2034800 7.5453533e-05 1.4661381e-05
2035000 8.267713e-05 3.2350968e-05
2035200 7.8347105e-05 3.0970148e-05
2035400 7.0263642e-05 2.1062994e-05
2035600 6.3175868e-05 3.9198103e-05
2035800 6.1749439e-05 4.5120481e-05
2036000 5.5293772e-05 5.5714214e-06
2036200 7.5662356e-05 5.7322792e-06
2036400 8.110578e-05 1.7069103e-05
2036600 6.982963e-05 2.0083839e-05
2036800 7.342272e-05 2.1922031e-05
2037000 7.4463532e-05 1.2492238e-05
2037200 7.2880557e-05 2.8835747e-05
2037400 3.9673424e-05 3.9668629e-05
2037600 4.1223519e-05 1.8031282e-05
2037800 4.5983264e-05 2.3335775e-05
2038000 7.6018669e-05 1.3228111e-05
2038200 7.2815406e-05 2.5501416e-05
2038400 6.7651633e-05 7.9405895e-06
2038600 5.850235e-05 4.3793614e-06
2038800 6.3648587e-05 8.2582066e-06
2039000 8.3411954e-05 1.2223065e-05
2039200 4.7883918e-05 1.1224733e-05
2039400 6.7647536e-05 3.7942242e-05
2039600 3.8481294e-05 8.249867e-06
2039800 4.7245563e-05 3.8663847e-05
2040000 7.5039097e-05 1.8656049e-05
2040200 5.1287612e-05 1.3997028e-05
2040400 4.8095293e-05 2.6957996e-05
2040600 6.8237347e-05 2.4716263e-05
2040800 6.8593559e-05 1.251856e-05
2041000 8.8764088e-05 1.3878754e-06
2041200 6.6128497e-05 2.4546614e-05
2041400 5.1435127e-05 1.8555892e-05
2041600 6.2705893e-05 2.4310234e-05
2041800 5.7577015e-05 1.477602e-05
2042000 5.7942088e-05 9.6625183e-06
2042200 6.1281855e-05 1.037455e-05
2042400 6.9258048e-05 2.56912e-05
2042600 7.2648625e-05 3.3934239e-05
2042800 8.0318685e-05 1.1491897e-05
2043000 6.5287232e-05 9.8988193e-06
2043200 7.6317119e-05 5.9408307e-06
2043400 7.8162524e-05 7.4353425e-06
2043600 7.2311067e-05 1.5097324e-05
2043800 7.1897261e-05 2.7643074e-05
2044000 9.4150675e-05 2.9002761e-05
2044200 8.7062517e-05 9.4465183e-06
2044400 8.7218932e-05 9.427228e-06
2044600 6.706633e-05 3.6296339e-05
2044800 4.8834868e-05 6.6170085e-06
2045000 6.6259842e-05 9.1621937e-06
2045200 5.5378156e-05 1.0035868e-05
2045400 5.6543017e-05 9.3020382e-06
2045600 7.6317306e-05 2.1362767e-05
2045800 7.6598405e-05 4.1296128e-05
2046000 6.3821384e-05 3.0967188e-05
2046200 6.8741293e-05 2.1502413e-05
2046400 6.6564644e-05 3.8171374e-05
2046600 7.5743285e-05 5.1488608e-06
2046800 8.7803936e-05 1.6593431e-05
2047000 5.8917201e-05 2.3252954e-05
2047200 5.1821408e-05 2.1763154e-05
2047400 0.0001008497 4.2395998e-05
2047600 5.8495305e-05 5.5062617e-06
2047800 7.2034035e-05 1.751587e-05
2048000 5.1872664e-05 1.8113364e-05
2048200 6.3765377e-05 1.1609242e-05
2048400 7.5419295e-05 8.3491883e-06
2048600 7.9508733e-05 1.5260268e-05
2048800 7.6537231e-05 2.3691029e-05
2049000 6.6477582e-05 1.2926789e-05
2049200 8.5491924e-05 1.2369092e-05
2049400 7.8886452e-05 8.6078933e-06
2049600 7.138748e-05 1.9803966e-05
2049800 6.4846834e-05 2.5198677e-05
2050000 8.2584161e-05 8.7568098e-06
2050200 9.1719043e-05 1.5314658e-05
2050400 8.3136824e-05 2.3459368e-05
2050600 6.9117582e-05 1.3235174e-05
2050800 6.6753236e-05 7.3947733e-06
2051000 8.637791e-05 9.9644775e-06
2051200 5.9191287e-05 1.3815811e-05
2051400 7.8601042e-05 3.7949353e-05
2051600 7.9905884e-05 7.4995788e-06
2051800 6.2486484e-05 1.9091244e-05
2052000 8.1979843e-05 2.5982099e-05
2052200 8.6206562e-05 5.959892e-06
2052400 7.3559788e-05 2.240196e-05
2052600 6.6514787e-05 4.3469609e-06
2052800 6.37161e-05 2.4110831e-05
2053000 8.1306259e-05 2.6817603e-05
2053200 7.6745165e-05 1.421146e-05
2053400 6.6113863e-05 2.9930774e-05
2053600 9.0344248e-05 1.1489815e-05
2053800 8.5409626e-05 2.6402453e-05
2054000 7.974205e-05 2.0522866e-05
2054200 6.3241286e-05 2.7302577e-05
2054400 8.2439481e-05 2.036237e-05
2054600 8.3233558e-05 2.5638145e-05
2054800 0.00010015502 1.8292631e-05
2055000 8.7780406e-05 1.0123917e-05
2055200 9.3651855e-05 2.9274621e-05
2055400 8.0625751e-05 1.3615097e-05
2055600 7.0423708e-05 2.4584126e-05
2055800 7.3641906e-05 3.0015254e-05
2056000 7.6235339e-05 1.5052381e-05
2056200 8.7764415e-05 4.6188247e-05
2056400 9.0852273e-05 2.2921421e-05
2056600 7.0484383e-05 2.2603232e-05
2056800 8.4928825e-05 3.3780146e-05
2057000 8.845524e-05 1.9223603e-05
2057200 7.3264177e-05 2.8498485e-05
2057400 9.2051542e-05 2.6394175e-05
2057600 8.3082791e-05 9.524467e-06
2057800 9.5802902e-05 3.9335089e-06
2058000 8.2314105e-05 2.0739656e-05
2058200 7.8235912e-05 2.6710974e-05
2058400 6.7974168e-05 1.4715703e-05
2058600 9.7279394e-05 1.7866105e-05
2058800 8.6607712e-05 3.0923983e-05
2059000 9.7267564e-05 3.1791963e-05
2059200 9.608461e-05 1.3109129e-05
2059400 9.2084249e-05 3.2756027e-05
2059600 0.00010240211 2.485407e-05
2059800 7.7602748e-05 1.431897e-05
2060000 8.577482e-05 1.2104615e-05
2060200 7.5394151e-05 1.5903822e-05
2060400 7.6917028e-05 1.5022895e-05
2060600 7.1558089e-05 1.8805995e-05
2060800 8.0830363e-05 2.5522158e-05
2061000 8.4358839e-05 1.9145936e-05
2061200 9.014497e-05 1.8657153e-05
2061400 8.7427243e-05 1.4918514e-05
2061600 8.7069393e-05 3.0440392e-05
2061800 8.5986251e-05 3.3885893e-05
2062000 7.482279e-05 3.4192893e-05
2062200 6.9846139e-05 2.0378818e-05
2062400 7.83459e-05 3.1516295e-05
2062600 7.4184456e-05 2.7621189e-05
2062800 8.8862478e-05 1.3278765e-05
2063000 8.1683274e-05 1.2497111e-05
2063200 7.8428949e-05 1.6641847e-05
2063400 5.824961e-05 2.1527218e-05
2063600 8.441093e-05 1.6086291e-05
2063800 8.5506853e-05 2.1739627e-05
2064000 7.6575719e-05 1.6858119e-05
2064200 8.3208595e-05 9.5656747e-06
2064400 8.3878883e-05 2.270499e-06
2064600 8.2143515e-05 1.7982215e-05
2064800 8.1455926e-05 2.5523629e-05
2065000 0.00010136449 2.5927007e-05
2065200 8.6329881e-05 1.1190503e-05
2065400 6.1947257e-05 1.6950788e-05
2065600 6.9419893e-05 1.3073588e-05
2065800 7.8909527e-05 2.3880601e-06
2066000 7.2967326e-05 1.8861388e-05
2066200 6.3380096e-05 1.2192648e-05
2066400 9.140052e-05 1.3365166e-05
2066600 9.776841e-05 2.9369038e-05
2066800 8.9058316e-05 1.2001835e-05
2067000 8.7267606e-05 2.2372498e-05
2067200 9.2221967e-05 2.6179268e-05
2067400 7.307416e-05 1.1443265e-05
2067600 7.953981e-05 5.6448408e-06
2067800 6.8222947e-05 3.0790931e-05
2068000 9.2640323e-05 2.5734131e-05
2068200 0.00011579485 3.0718522e-05
2068400 0.00010238025 1.3972945e-05
2068600 9.3387341e-05 3.9634495e-05
2068800 8.3563252e-05 4.4582266e-05
2069000 8.2867072e-05 3.2434446e-05
2069200 7.6022741e-05 3.4854285e-05
2069400 8.3765949e-05 3.2632452e-05
2069600 6.7569919e-05 4.0546672e-05
2069800 7.1711057e-05 4.2988412e-05
2070000 7.4545935e-05 3.2363159e-05
2070200 8.9950538e-05 3.0610419e-05
2070400 9.573214e-05 3.4656915e-05
2070600 9.3872718e-05 1.8540345e-05
2070800 8.9264824e-05 1.7682766e-05
2071000 7.2852487e-05 1.5309571e-05
2071200 8.0350339e-05 3.5494025e-05
2071400 7.0927665e-05 2.3448273e-05
2071600 7.5704184e-05 1.8793679e-05
2071800 7.5625423e-05 2.3886599e-05
2072000 7.3630913e-05 2.4356152e-05
2072200 8.495965e-05 1.7148014e-05
2072400 9.3851449e-05 1.6698731e-05
2072600 0.00010518202 5.4909819e-06
2072800 6.5216003e-05 3.0312897e-05
2073000 8.178928e-05 2.0562649e-05
2073200 8.431145e-05 1.6375837e-05
2073400 7.5206664e-05 9.6679262e-06
2073600 9.0617511e-05 6.91748e-06
2073800 7.3072641e-05 2.3381495e-05
2074000 7.1650084e-05 6.7857745e-06
2074200 7.7964937e-05 2.3039912e-05
2074400 7.55473e-05 1.1548401e-05
2074600 7.6211891e-05 8.1685451e-06
2074800 6.1815909e-05 3.1858202e-05
2075000 7.9242095e-05 1.8312625e-05
2075200 8.1011875e-05 6.8811032e-06
2075400 7.0131206e-05 1.0552527e-05
2075600 8.2419454e-05 1.888507e-05
2075800 8.1307609e-05 2.3208825e-05
2076000 6.8980133e-05 2.5028796e-05
2076200 8.0905522e-05 2.5112526e-05
2076400 8.2335482e-05 2.1195719e-05
2076600 9.6234618e-05 9.3754355e-06
2076800 5.254635e-05 1.3924949e-05
2077000 5.6478183e-05 1.8631481e-05
2077200 6.9866459e-05 1.0750903e-05
2077400 6.3635759e-05 1.9826997e-05
2077600 6.1446789e-05 2.2162136e-05
2077800 7.7499639e-05 1.1745644e-05
2078000 7.6323674e-05 2.6040203e-05
2078200 8.3982973e-05 3.074465e-05
2078400 9.3538487e-05 2.8805218e-05
2078600 7.0538757e-05 3.1854391e-05
2078800 7.7349305e-05 2.8688511e-05
2079000 7.392689e-05 2.3659515e-05
2079200 7.3950002e-05 1.4981182e-05
2079400 6.619783e-05 2.380351e-05
2079600 7.0816808e-05 1.5752819e-05
2079800 7.1312494e-05 1.8662813e-05
2080000 9.2412136e-05 1.0648387e-05
2080200 7.9763907e-05 2.2636202e-05
2080400 8.7071925e-05 2.4056226e-05
2080600 7.068705e-05 2.9205925e-05
2080800 5.3182975e-05 1.5075173e-05
2081000 7.2381632e-05 4.2313418e-06
2081200 8.2411702e-05 2.6450795e-05
2081400 6.9424227e-05 3.4530242e-05
2081600 7.7671532e-05 2.9866066e-05
2081800 8.6136869e-05 3.4652268e-05
2082000 3.9146233e-05 2.6837791e-05
2082200 7.2776269e-05 3.4934735e-05
2082400 7.4137169e-05 1.7411685e-05
2082600 6.2231979e-05 2.9022349e-05
2082800 7.6580749e-05 3.5913094e-05
2083000 6.9568037e-05 3.9691721e-05
2083200 0.00010014409 3.9498828e-05
2083400 8.4214486e-05 3.1572575e-05
2083600 7.7947793e-05 1.6945589e-05
2083800 9.2457241e-05 4.5192694e-06
2084000 6.7935434e-05 1.6981237e-05
2084200 7.9744711e-05 1.0177928e-05
2084400 6.3022406e-05 3.2472223e-05
2084600 7.8134158e-05 2.4019861e-05
2084800 7.0066102e-05 2.9267692e-05
2085000 6.30546e-05 3.1055828e-05
2085200 7.038123e-05 2.1285627e-05
2085400 6.7053626e-05 3.5136179e-05
2085600 7.6971932e-05 2.1370685e-05
2085800 7.5527764e-05 2.6041925e-05
2086000 6.1038248e-05 3.3360434e-05
2086200 7.2139778e-05 1.7698145e-05
2086400 6.4124138e-05 2.4786515e-05
2086600 6.8636858e-05 8.9915442e-06
2086800 8.4940356e-05 2.3205193e-05
2087000 7.1534948e-05 2.7528601e-05
2087200 8.4875369e-05 8.4904962e-06
2087400 6.1864133e-05 2.7754915e-05
2087600 6.3174026e-05 3.4632714e-05
2087800 7.2393236e-05 2.3697341e-05
2088000 6.9836856e-05 3.2017767e-05
2088200 8.7100434e-05 1.9109325e-05
2088400 4.3158164e-05 3.2548792e-05
2088600 6.2262676e-05 1.0778607e-05
2088800 4.6520026e-05 2.2263155e-05
2089000 6.0762119e-05 1.9740569e-05
2089200 5.8918304e-05 1.7116955e-05
2089400 6.8025808e-05 2.226504e-05
2089600 7.9544054e-05 3.6096598e-05
2089800 7.5996052e-05 2.8000908e-05
2090000 5.2748871e-05 4.5219398e-05
2090200 7.2556094e-05 2.7122435e-05
2090400 7.5562933e-05 1.4068433e-05
2090600 7.3820565e-05 1.7412572e-05
2090800 8.2636887e-05 1.6518116e-05
2091000 7.6966968e-05 4.9895364e-05
2091200 7.6649944e-05 2.6963479e-05
2091400 9.0462452e-05 1.7768473e-05
2091600 8.9322485e-05 1.68096e-05
2091800 7.6282521e-05 2.1874585e-05
2092000 4.845947e-05 3.1925665e-05
2092200 7.9904706e-05 1.7157881e-05
2092400 8.2309011e-05 2.8536733e-05
2092600 6.5586719e-05 2.3115266e-05
2092800 9.6892791e-05 4.0687255e-05
2093000 8.8954304e-05 1.5505361e-05
2093200 9.3253957e-05 3.6991354e-05
2093400 7.6284575e-05 2.5861871e-05
2093600 8.4360006e-05 2.5037471e-05
2093800 7.4384535e-05 1.7931036e-05
2094000 6.7306213e-05 2.382397e-05
2094200 7.6212706e-05 1.5722724e-05
2094400 6.123066e-05 8.2466982e-06
2094600 7.8096941e-05 1.833324e-05
2094800 6.9202198e-05 1.4524057e-05
2095000 6.7747741e-05 2.4187013e-05
2095200 8.685908e-05 1.4143583e-05
2095400 7.8306634e-05 1.8650995e-05
2095600 8.862261e-05 1.5027763e-05
2095800 7.833992e-05 1.6447973e-05
2096000 8.4397205e-05 7.5862615e-06
2096200 7.8306256e-05 2.2700873e-05
2096400 7.9824524e-05 2.120529e-05
2096600 6.1755884e-05 2.2214837e-05
2096800 7.6020027e-05 1.3802922e-05
2097000 0.00010018482 2.9588402e-05
2097200 9.2465047e-05 1.4018056e-05
2097400 8.9367515e-05 3.6046606e-06
2097600 9.408243e-05 1.7391561e-05
2097800 9.2986646e-05 2.0214451e-05
2098000 7.1430655e-05 1.5241668e-05
2098200 6.8086856e-05 2.0174425e-05
2098400 5.1346082e-05 1.6354058e-05
2098600 7.1443348e-05 1.3748389e-05
2098800 7.7029339e-05 3.0249031e-05
2099000 9.778411e-05 1.7322452e-05
2099200 7.0574262e-05 1.9667731e-05
2099400 8.4377505e-05 2.8042765e-05
2099600 7.6882357e-05 1.9177869e-05
2099800 8.3182165e-05 2.3802908e-05
2100000 6.7264627e-05 2.3529164e-05
2100200 6.0481492e-05 1.1430064e-05
2100400 6.7270018e-05 1.3672356e-05
2100600 5.7765396e-05 2.576963e-05
2100800 4.6867365e-05 1.2732585e-05
2101000 5.3101275e-05 2.0466928e-05
2101200 5.2494141e-05 2.1439125e-05
2101400 7.5550066e-05 1.3924861e-05
2101600 4.8990953e-05 2.9603889e-05
2101800 6.3426899e-05 2.6726089e-05
2102000 6.0783322e-05 2.4338244e-05
2102200 6.2124957e-05 2.8358221e-06
2102400 6.9753807e-05 2.1666261e-05
2102600 5.792972e-05 3.1751184e-05
2102800 5.6625627e-05 2.7214622e-05
2103000 6.9938198e-05 2.1673665e-05
2103200 7.4066847e-05 1.8243411e-05
2103400 6.4954004e-05 4.0461302e-05
2103600 7.0835592e-05 3.9413504e-05
2103800 7.2182763e-05 3.6306649e-05
2104000 6.1183661e-05 1.9627545e-05
2104200 8.0294865e-05 9.2411032e-06
2104400 8.1101315e-05 2.1676867e-05
2104600 5.5334674e-05 1.5313684e-05
2104800 7.2874078e-05 4.427939e-05
2105000 5.927342e-05 3.3495947e-05
2105200 7.0023937e-05 8.8655444e-06
2105400 7.6665948e-05 1.84512e-06
2105600 6.2562849e-05 2.41804e-05
2105800 6.985666e-05 2.8598367e-05
2106000 4.2930086e-05 1.4449743e-05
2106200 6.2994612e-05 1.1521499e-05
2106400 6.9690492e-05 1.7618616e-05
2106600 7.1905279e-05 1.1835164e-05
2106800 5.5408349e-05 1.8400923e-05
2107000 6.8112733e-05 2.2454456e-05
2107200 6.4205515e-05 2.9246806e-05
2107400 6.8570302e-05 2.8860863e-05
2107600 7.9618137e-05 2.5248114e-05
2107800 5.4471213e-05 2.2865642e-05
2108000 7.9138554e-05 1.5956221e-05
2108200 7.649181e-05 2.9607656e-05
2108400 0.00010551053 2.7775649e-05
2108600 7.4146876e-05 4.5997301e-05
2108800 7.6208616e-05 3.6285215e-05
2109000 7.3194289e-05 2.4699908e-05
2109200 7.6158566e-05 2.9875641e-05
2109400 7.6269739e-05 1.6988676e-05
2109600 4.5975471e-05 2.1578714e-05
2109800 4.7365173e-05 1.7433622e-05
2110000 7.0641214e-05 2.3775772e-05
2110200 7.852895e-05 3.2135406e-05
2110400 4.515668e-05 4.3092368e-05
2110600 6.8602657e-05 3.5268609e-05
2110800 8.0807882e-05 2.3428033e-05
2111000 7.1503322e-05 4.0065427e-05
2111200 3.8709627e-05 2.6702682e-05
2111400 6.3469674e-05 1.504485e-05
2111600 7.2162101e-05 9.7719633e-06
2111800 6.6751349e-05 1.8200279e-05
2112000 7.899479e-05 2.0560404e-05
2112200 6.9270192e-05 2.2524572e-05
2112400 6.2925882e-05 2.5448657e-05
2112600 6.8958423e-05 1.9229547e-05
2112800 4.7038852e-05 3.1187913e-05
2113000 5.6299323e-05 4.1564224e-05
2113200 6.2995883e-05 2.3251048e-05
2113400 7.9802935e-05 5.1336303e-05
2113600 7.6106828e-05 3.4802779e-05
2113800 7.7967746e-05 2.6812635e-05
2114000 8.2057254e-05 2.5839482e-05
2114200 9.0742635e-05 2.273137e-05
2114400 8.4581398e-05 1.9942845e-05
2114600 7.7056767e-05 1.4969408e-06
2114800 7.7230528e-05 2.5460792e-05
2115000 5.2779216e-05 3.4808972e-05
2115200 6.8005561e-05 1.4724051e-05
2115400 6.6939932e-05 2.8108779e-05
2115600 5.5997281e-05 1.8253621e-05
2115800 7.178688e-05 2.8302645e-05
2116000 9.2599209e-05 1.2013753e-05
2116200 6.915558e-05 2.5668002e-05
2116400 5.377344e-05 1.8946818e-05
2116600 7.0865821e-05 1.5055604e-05
2116800 5.9118151e-05 2.3386081e-05
2117000 4.9684928e-05 1.0604265e-05
2117200 5.717774e-05 3.2079917e-05
2117400 7.1537289e-05 6.2135447e-06
2117600 4.8939842e-05 3.1035051e-05
2117800 7.4042928e-05 2.4923058e-05
2118000 6.2666712e-05 1.5725648e-05
2118200 6.0753939e-05 3.5309672e-05
2118400 6.4707387e-05 4.4751221e-05
2118600 6.6542248e-05 1.7628399e-05
2118800 9.8123243e-05 1.9706997e-05
2119000 7.1971164e-05 2.5093866e-05
2119200 7.5424131e-05 2.4034712e-05
2119400 8.9361834e-05 5.2110314e-06
2119600 6.3885855e-05 2.9269854e-05
2119800 6.6025341e-05 1.8706753e-05
2120000 6.0285103e-05 1.0000988e-05
2120200 4.6308776e-05 2.6344758e-05
2120400 5.4775649e-05 2.854649e-05
2120600 7.6936692e-05 2.5467585e-05
2120800 7.0598385e-05 2.3323669e-05
2121000 5.8736003e-05 3.5600761e-05
2121200 8.4270492e-05 2.4578591e-05
2121400 5.8333957e-05 4.2946373e-05
2121600 5.0389581e-05 1.8804654e-05
2121800 6.4123556e-05 1.4741889e-05
2122000 7.2874339e-05 3.0164234e-05
2122200 7.1727712e-05 3.335569e-05
2122400 7.0288378e-05 2.4633729e-05
2122600 5.3752809e-05 4.3819423e-05
2122800 9.4876685e-05 2.5137357e-05
2123000 5.5126676e-05 3.798781e-05
2123200 5.7861463e-05 2.9151567e-05
2123400 5.226134e-05 2.2064806e-05
2123600 8.3620828e-05 2.2948016e-05
2123800 8.617165e-05 2.2466774e-05
2124000 5.9444924e-05 1.9207441e-05
2124200 8.9186218e-05 1.0003703e-05
2124400 7.5735299e-05 1.7307771e-05
2124600 7.3467084e-05 1.8778891e-05
2124800 7.7145703e-05 1.6800581e-05
2125000 8.6210779e-05 1.2334181e-05
2125200 7.320432e-05 1.3999096e-05
2125400 9.2254967e-05 1.2755225e-05
2125600 6.1662919e-05 4.0389938e-05
2125800 3.543827e-05 2.8854685e-05
2126000 6.6751848e-05 1.9988811e-05
2126200 5.029477e-05 9.1928418e-06
2126400 5.7479786e-05 5.2719467e-06
2126600 6.9788335e-05 3.4044044e-05
2126800 5.495004e-05 2.8938281e-05
2127000 6.2809008e-05 1.5354988e-05
2127200 7.8693329e-05 3.7014555e-05
2127400 8.4250094e-05 2.1508031e-05
2127600 8.1886152e-05 1.7491524e-05
2127800 6.3610233e-05 3.7401531e-05
2128000 6.0546588e-05 3.7241982e-05
2128200 6.6416108e-05 3.1839217e-05
2128400 5.244977e-05 1.7246493e-05
2128600 6.626437e-05 3.7681822e-05
2128800 7.4042188e-05 1.1737518e-05
2129000 6.950117e-05 1.3385508e-05
2129200 6.7694743e-05 1.1367869e-05
2129400 7.0731883e-05 2.3876433e-05
2129600 8.0901476e-05 2.5224495e-05
2129800 7.0235803e-05 4.3331229e-05
2130000 8.5791453e-05 8.2703856e-06
2130200 6.6252315e-05 2.4323859e-05
2130400 5.8032194e-05 2.4165983e-05
2130600 7.970359e-05 1.8581547e-05
2130800 6.579845e-05 1.6644722e-05
2131000 6.0099998e-05 2.7680834e-05
2131200 8.1896288e-05 2.241043e-05
2131400 7.2165107e-05 1.1679463e-06
2131600 8.6090317e-05 3.742263e-05
2131800 7.5591773e-05 1.9062948e-05
2132000 8.8191289e-05 1.3975283e-05
2132200 8.5102305e-05 2.2123068e-05
2132400 8.0321477e-05 3.2938405e-05
2132600 9.3000546e-05 1.7984959e-05
2132800 9.6070881e-05 2.6351216e-05
2133000 7.9296122e-05 2.381667e-05
2133200 8.0007027e-05 2.7494095e-05
2133400 6.7020481e-05 1.3337149e-05
2133600 7.2621877e-05 9.4764031e-06
2133800 8.0701935e-05 2.0137711e-05
2134000 7.4132683e-05 1.1148687e-05
2134200 6.4256372e-05 4.3647639e-06
2134400 6.2468592e-05 4.1773889e-06
2134600 6.8196573e-05 1.236203e-05
2134800 6.2113362e-05 2.1845963e-05
2135000 6.8065869e-05 1.5384493e-05
2135200 6.6012313e-05 1.5637687e-05
2135400 6.5046099e-05 2.3875521e-05
2135600 9.5696523e-05 2.8138938e-05
2135800 7.3390364e-05 1.9239769e-05
2136000 6.7117977e-05 3.9095015e-05
2136200 7.5496984e-05 2.3231286e-06
2136400 6.7429449e-05 4.2623949e-05
2136600 7.1414761e-05 1.3263127e-05
2136800 5.9885939e-05 2.5344467e-05
2137000 6.7306295e-05 2.8366468e-05
2137200 6.1842599e-05 2.4794421e-05
2137400 9.2000735e-05 3.1424089e-05
2137600 8.938768e-05 3.0084675e-05
2137800 6.5800663e-05 8.656616e-06
2138000 6.140802e-05 2.2605637e-05
2138200 7.1510723e-05 2.6997021e-05
2138400 8.3043475e-05 2.3786389e-05
2138600 7.3045058e-05 3.5789245e-05
2138800 5.7682495e-05 2.1759396e-05
2139000 7.7152514e-05 2.5290381e-05
2139200 7.4224208e-05 1.7931174e-05
2139400 7.1846307e-05 2.2309287e-05
2139600 6.1267417e-05 2.6383168e-05
2139800 6.0574384e-05 8.1309414e-06
2140000 6.9475478e-05 2.821569e-05
2140200 7.4226764e-05 3.1822176e-05
2140400 8.5445709e-05 2.8939606e-05
2140600 7.3861764e-05 2.1290173e-05
2140800 5.7052658e-05 1.0804279e-05
2141000 7.6500354e-05 2.8949046e-05
2141200 8.0442295e-05 3.961298e-05
2141400 7.3631821e-05 2.2956802e-05
2141600 6.8002995e-05 3.4992513e-05
2141800 6.1304119e-05 2.3073974e-05
2142000 8.0462692e-05 1.2460736e-05
2142200 6.6813733e-05 3.468913e-06
2142400 6.9305879e-05 2.6698263e-05
2142600 6.5115812e-05 1.9104132e-05
2142800 6.8886061e-05 2.3421881e-05
2143000 8.2023261e-05 1.2949159e-05
2143200 5.9736301e-05 3.0193123e-05
2143400 8.1150452e-05 1.337631e-05
2143600 9.0669509e-05 1.874987e-05
2143800 7.2104192e-05 1.3645034e-05
2144000 8.7588281e-05 7.7006439e-06
2144200 8.1485209e-05 2.7605054e-05
2144400 8.8833533e-05 1.648859e-05
2144600 8.2865425e-05 1.1935338e-05
2144800 8.7834365e-05 1.7907282e-05
2145000 8.5569957e-05 1.7696373e-05
2145200 8.1014571e-05 3.8560885e-05
2145400 9.3429442e-05 3.1923758e-05
2145600 0.00010833281 2.1244401e-05
2145800 0.00010896968 3.3481824e-05
2146000 8.671569e-05 2.1607527e-05
2146200 8.6726652e-05 2.6260396e-05
2146400 7.4990785e-05 3.8022574e-05
2146600 6.9592328e-05 3.5408352e-05
2146800 8.5355422e-05 2.8572453e-05
2147000 8.1751859e-05 3.7179551e-05
2147200 9.2496392e-05 2.9512021e-05
2147400 7.6292068e-05 7.6537581e-06
2147600 7.8373858e-05 2.4566654e-05
2147800 9.8157679e-05 8.0595377e-06
2148000 6.9281603e-05 2.5504637e-05
2148200 7.1812232e-05 2.9176047e-05
2148400 6.5769227e-05 2.6199702e-05
2148600 4.6253867e-05 2.3826362e-05
2148800 8.3490072e-05 3.1257003e-05
2149000 8.2641289e-05 2.1756976e-05
2149200 8.3175108e-05 1.5652152e-05
2149400 7.1886735e-05 3.6672858e-05
2149600 7.8615402e-05 5.5201741e-05
2149800 7.3404254e-05 4.0940615e-05
2150000 7.4198541e-05 3.8457358e-05
2150200 8.8850317e-05 3.1437624e-05
2150400 7.5042779e-05 2.8793332e-05
2150600 7.7041943e-05 1.6035338e-05
2150800 8.5151122e-05 2.4065726e-05
2151000 8.4700807e-05 4.0397138e-05
2151200 0.00011662355 3.8443583e-05
2151400 8.4896414e-05 1.4804249e-05
2151600 9.3548857e-05 2.1997644e-05
2151800 5.8284842e-05 3.6345795e-05
2152000 0.00010214457 2.0974935e-05
2152200 7.1122827e-05 4.257479e-05
2152400 6.7900887e-05 2.8898876e-05
2152600 7.184455e-05 3.1566871e-05
2152800 7.4353332e-05 2.7610983e-05
2153000 5.8488113e-05 2.350261e-05
2153200 7.0814912e-05 2.1268363e-05
2153400 4.7592415e-05 3.2806295e-05
2153600 8.0979646e-05 3.0665483e-05
2153800 8.6950107e-05 3.1264042e-05
2154000 8.466722e-05 3.4295303e-05
2154200 7.5786572e-05 2.6618885e-05
2154400 5.7583499e-05 2.9383302e-05
2154600 7.0552147e-05 3.8994208e-05
2154800 7.2483154e-05 2.8715324e-05
2155000 6.4422689e-05 3.3760614e-05
2155200 8.8038738e-05 4.6589778e-05
2155400 9.0177964e-05 1.909486e-05
2155600 6.8498028e-05 3.9743595e-05
2155800 7.998863e-05 3.4324316e-05
2156000 9.8762646e-05 2.3791651e-05
2156200 8.1525475e-05 2.1222311e-05
2156400 9.1263958e-05 2.1403934e-05
2156600 7.6715982e-05 2.9111823e-05
2156800 6.9467122e-05 3.3548488e-05
2157000 7.283926e-05 2.6740749e-05
2157200 0.00010681218 1.6175036e-05
2157400 9.5718862e-05 3.3269991e-05
2157600 9.9994199e-05 3.7788572e-05
2157800 7.4513513e-05 3.1144007e-05
2158000 7.1995342e-05 3.0307108e-05
2158200 6.1191511e-05 3.2665906e-05
2158400 4.715757e-05 3.7732691e-05
2158600 6.3815672e-05 2.2152881e-05
2158800 4.8596052e-05 3.4177208e-05
2159000 7.0284615e-05 2.0988333e-05
2159200 6.5250726e-05 3.5711097e-05
2159400 7.0172835e-05 3.7337641e-05
2159600 7.3107849e-05 3.5099779e-05
2159800 7.6613305e-05 2.3242537e-05
2160000 6.9234156e-05 1.1458446e-05
2160200 8.3349168e-05 1.4318423e-05
2160400 0.00010319869 1.9571881e-05
2160600 5.6364657e-05 3.2000081e-05
2160800 8.2000613e-05 2.3605169e-05
2161000 9.6193938e-05 2.4518225e-05
2161200 9.8198872e-05 3.0664539e-05
2161400 7.6814074e-05 3.9335417e-05
2161600 7.6030536e-05 4.6809035e-05
2161800 4.022967e-05 2.8531652e-05
2162000 7.0012342e-05 2.5423436e-05
2162200 6.302113e-05 1.8914072e-05
2162400 6.3631734e-05 3.1523583e-05
2162600 5.0765636e-05 3.3555611e-05
2162800 6.898923e-05 3.7541882e-05
2163000 9.1973976e-05 4.8084694e-05
2163200 7.3643415e-05 2.8389146e-05
2163400 5.8191336e-05 1.5115214e-05
2163600 8.6911632e-05 1.2113244e-05
2163800 8.2318216e-05 1.9202358e-05
2164000 6.8156196e-05 6.053456e-06
2164200 7.6780629e-05 8.7831957e-06
2164400 7.1503898e-05 4.5016577e-05
2164600 5.2650348e-05 3.816117e-05
2164800 7.2319298e-05 2.3490887e-05
2165000 5.9469134e-05 4.8238413e-05
2165200 6.6708545e-05 4.3954015e-05
2165400 7.049227e-05 3.1892817e-05
2165600 8.0109578e-05 2.9402674e-05
2165800 7.1613006e-05 2.7689189e-05
2166000 7.6147626e-05 4.9839878e-05
2166200 8.3980891e-05 2.145621e-05
2166400 5.100303e-05 3.0522272e-05
2166600 6.3057698e-05 3.2845293e-05
2166800 7.8583179e-05 4.0333414e-05
2167000 8.9313342e-05 3.7072535e-05
2167200 8.4654119e-05 2.9694704e-05
2167400 7.6540612e-05 2.9207758e-05
2167600 7.6929978e-05 4.5751512e-05
2167800 5.8971884e-05 2.1775843e-05
2168000 7.1830123e-05 1.0812454e-05
2168200 8.33391e-05 1.8349344e-05
2168400 8.6926012e-05 5.3471645e-06
2168600 6.7637567e-05 1.7483257e-05
2168800 7.5780429e-05 2.7367872e-05
2169000 8.0106071e-05 2.5875364e-05
2169200 8.0441225e-05 2.4093391e-05
2169400 8.1102726e-05 2.78741e-05
2169600 7.2830097e-05 2.5724739e-05
2169800 8.7513332e-05 4.2146274e-05
2170000 9.3470709e-05 3.4586084e-05
2170200 8.5248014e-05 4.9605716e-05
2170400 9.6678221e-05 3.2315639e-05
2170600 6.0552277e-05 2.8740993e-05
2170800 7.5475556e-05 1.9173442e-05
2171000 6.2617677e-05 3.8538056e-05
2171200 7.9664373e-05 4.423556e-05
2171400 9.3171308e-05 4.0530837e-05
2171600 8.2143365e-05 4.722207e-05
2171800 7.4981975e-05 5.164754e-05
2172000 7.4749676e-05 4.2991619e-05
2172200 9.4171341e-05 3.6548173e-05
2172400 7.980815e-05 2.6101562e-05
2172600 7.5861817e-05 3.5655186e-05
2172800 9.7267004e-05 3.1727211e-05
2173000 9.4619754e-05 3.0307058e-05
2173200 7.9880068e-05 9.573293e-06
2173400 7.2383263e-05 2.1176287e-05
2173600 8.176045e-05 1.8598217e-05
2173800 9.2688976e-05 3.2059967e-05
2174000 6.6092871e-05 2.4316136e-05
2174200 7.2346567e-05 3.9602476e-05
2174400 7.6062568e-05 3.0998455e-05
2174600 7.2353907e-05 1.6120506e-05
2174800 6.162452e-05 3.5541027e-05
2175000 5.6096979e-05 1.2030199e-05
2175200 6.024261e-05 2.3497964e-05
2175400 6.8390004e-05 2.525285e-05
2175600 6.6758202e-05 2.1304503e-05
2175800 8.7711623e-05 1.9099891e-05
2176000 7.7317046e-05 2.7650944e-05
2176200 7.4817926e-05 3.5280823e-05
2176400 8.1222798e-05 4.7560351e-05
2176600 6.4003378e-05 4.5774814e-05
2176800 7.3865404e-05 3.3066837e-05
2177000 8.0485173e-05 3.7916358e-05
2177200 4.9521353e-05 4.394272e-05
2177400 5.3580523e-05 3.6054558e-05
2177600 8.0952362e-05 4.0190533e-05
2177800 6.8405276e-05 4.271094e-05
2178000 7.6670381e-05 2.8077272e-05
2178200 8.6514817e-05 1.2407718e-05
2178400 8.0849552e-05 3.7005529e-05
2178600 9.4042291e-05 3.6437007e-05
2178800 8.3012352e-05 3.8926822e-05
2179000 7.8742685e-05 2.7312502e-05
2179200 4.9311274e-05 4.0452162e-05
2179400 8.2084558e-05 2.8048436e-05
2179600 8.2879658e-05 3.4886144e-05
2179800 8.2746253e-05 3.677337e-05
2180000 8.74342e-05 3.8739737e-05
2180200 9.2755333e-05 4.9290497e-05
2180400 8.984389e-05 2.8773224e-05
2180600 7.3912319e-05 3.6391409e-05
2180800 7.5441924e-05 3.4925879e-05
2181000 4.9181155e-05 3.5498845e-05
2181200 6.118213e-05 4.1864958e-05
2181400 6.8764349e-05 3.569191e-05
2181600 8.5265887e-05 4.5870556e-05
2181800 5.4631361e-05 4.636525e-05
2182000 8.3279557e-05 2.4639748e-05
2182200 8.0897363e-05 4.4102964e-05
2182400 5.8438529e-05 2.1429748e-05
2182600 5.89968e-05 3.1767606e-05
2182800 5.3295589e-05 3.507794e-05
2183000 6.2171849e-05 2.8236861e-05
2183200 4.6776569e-05 4.7082389e-05
2183400 6.9460863e-05 6.0766136e-05
2183600 8.5416342e-05 2.3837828e-05
2183800 7.5579962e-05 2.4504632e-05
2184000 6.6312751e-05 2.9337418e-05
2184200 6.4628573e-05 3.4017053e-05
2184400 7.2117342e-05 3.8298179e-05
2184600 7.5838216e-05 4.1545313e-05
2184800 5.479695e-05 2.2213591e-05
2185000 5.5483868e-05 5.4797533e-05
2185200 4.2136152e-05 5.4071168e-05
2185400 4.8683297e-05 3.9865436e-05
2185600 5.5100581e-05 2.5178725e-05
2185800 7.7356897e-05 2.9074891e-05
2186000 8.4779383e-05 3.8259022e-05
2186200 6.0847742e-05 4.1095702e-05
2186400 6.4686904e-05 4.2354317e-05
2186600 6.3120799e-05 3.7326528e-05
2186800 6.274425e-05 3.8537068e-05
2187000 6.3010755e-05 1.6088703e-05
2187200 7.6299052e-05 4.3978639e-05
2187400 7.3546287e-05 3.1750996e-05
2187600 5.8405531e-05 3.4469554e-05
2187800 4.6100237e-05 1.8298683e-05
2188000 5.3400326e-05 3.9279489e-05
2188200 6.3002008e-05 2.7131317e-05
2188400 5.1492924e-05 3.8838381e-05
2188600 6.2819266e-05 6.7833156e-05
2188800 7.7795952e-05 3.7716877e-05
2189000 7.7659072e-05 5.4078151e-05
2189200 7.5923206e-05 3.9582662e-05
2189400 5.417291e-05 5.2497956e-05
2189600 5.3125336e-05 3.5429737e-05
2189800 8.1942597e-05 2.1458563e-05
2190000 6.5573315e-05 3.8234482e-05
2190200 8.2991747e-05 4.7035237e-05
2190400 7.9437533e-05 4.273255e-05
2190600 7.5811008e-05 3.4764853e-05
2190800 6.5990019e-05 3.7011835e-05
2191000 7.3588418e-05 2.4098304e-05
2191200 8.4348041e-05 1.913313e-05
2191400 7.7116805e-05 1.0598284e-05
2191600 7.4027666e-05 2.9095262e-05
2191800 6.1842897e-05 8.8770546e-06
2192000 7.2004459e-05 3.9472309e-05
2192200 7.1380105e-05 5.7342843e-05
2192400 5.2360078e-05 3.6801397e-05
2192600 7.1373254e-05 3.6248951e-05
2192800 5.976506e-05 3.6627884e-05
2193000 5.3598108e-05 2.4613472e-05
2193200 5.7815405e-05 4.1717793e-05
2193400 7.3863793e-05 2.2737156e-05
2193600 6.1707593e-05 1.93057e-05
2193800 7.5386336e-05 3.1112806e-05
2194000 8.0451817e-05 3.3026513e-05
2194200 5.8852429e-05 2.8122647e-05
2194400 3.570208e-05 4.5458233e-05
2194600 5.390476e-05 2.7736629e-05
2194800 5.1562979e-05 3.8370901e-05
2195000 6.4917e-05 2.5221865e-05
2195200 5.9261426e-05 3.109657e-05
2195400 6.417546e-05 2.5859282e-05
2195600 6.8936062e-05 2.799867e-05
2195800 4.9770594e-05 3.1804384e-05
2196000 5.3177696e-05 3.1246183e-05
2196200 6.0026518e-05 3.3478432e-05
2196400 4.7871304e-05 2.3858297e-05
2196600 5.6992081e-05 4.3851148e-05
2196800 5.3384344e-05 2.7498424e-05
2197000 6.8012063e-05 2.2145457e-05
2197200 6.1534894e-05 1.6689357e-05
2197400 6.4047857e-05 9.4510185e-06
2197600 7.0986678e-05 2.034118e-05
2197800 8.141162e-05 2.4186169e-05
2198000 6.6012875e-05 2.3712766e-05
2198200 6.8467895e-05 1.0972347e-05
2198400 7.3049669e-05 2.6491708e-05
2198600 7.1340808e-05 9.8684219e-06
2198800 7.6803347e-05 1.7106048e-05
2199000 4.5440286e-05 3.1582618e-05
2199200 8.7970896e-05 1.7016172e-05
2199400 6.8911693e-05 3.1263489e-05
2199600 6.9399556e-05 3.4850711e-05
2199800 7.4029684e-05 1.9763247e-05
2200000 6.1251668e-05 2.4695033e-05
2200200 6.3442511e-05 2.4931063e-05
2200400 7.5637934e-05 1.3784204e-05
2200600 4.7847036e-05 2.5622491e-05
2200800 6.5516174e-05 3.9722377e-05
2201000 4.9980264e-05 1.4650705e-05
2201200 6.9674211e-05 1.6626342e-05
2201400 6.60347e-05 3.2827929e-05
2201600 5.8805057e-05 4.160041e-05
2201800 7.5607637e-05 1.7403382e-05
2202000 5.7594259e-05 1.640887e-05
2202200 6.2883387e-05 3.3900887e-05
2202400 6.2003551e-05 2.5592876e-05
2202600 3.6741408e-05 3.0423241e-05
2202800 7.2199639e-05 3.5667338e-05
2203000 6.0520669e-05 3.5125631e-05
2203200 6.1031032e-05 3.1007084e-05
2203400 7.3330834e-05 2.8427883e-05
2203600 6.2067015e-05 3.7946284e-05
2203800 7.2793243e-05 3.1995025e-05
2204000 4.4118209e-05 2.9674731e-05
2204200 5.89143e-05 3.7154623e-05
2204400 5.3063444e-05 2.8321254e-05
2204600 7.589005e-05 2.7781296e-05
2204800 6.1270648e-05 4.4626511e-05
2205000 7.6173642e-05 2.8913738e-05
2205200 6.1982705e-05 3.7250777e-05
2205400 7.4358894e-05 2.1362756e-05
2205600 9.3761923e-05 4.3450765e-05
2205800 5.5346585e-05 2.9743913e-05
2206000 7.2515034e-05 2.1031305e-05
2206200 6.9163377e-05 2.8560184e-05
2206400 7.645078e-05 1.1880761e-05
2206600 5.4573696e-05 2.1094233e-05
2206800 6.4457315e-05 1.6984772e-05
2207000 7.0710735e-05 2.2178809e-05
2207200 7.3060471e-05 3.6242137e-05
2207400 7.2023969e-05 4.734666e-05
2207600 7.1896277e-05 3.3041435e-05
2207800 7.1947253e-05 3.4279356e-05
2208000 6.3273011e-05 2.2273022e-05
2208200 7.0609473e-05 2.2543864e-05
2208400 8.5592771e-05 3.4602425e-05
2208600 8.2644445e-05 2.7355001e-05
2208800 7.1867357e-05 3.1078961e-05
2209000 6.2246358e-05 4.5496122e-05
2209200 6.0572905e-05 4.1021111e-05
2209400 6.4035182e-05 3.2485127e-05
2209600 7.942878e-05 3.3536553e-05
2209800 4.6988881e-05 2.7727408e-05
2210000 4.6787075e-05 4.0652203e-05
2210200 6.5157714e-05 3.3558722e-05
2210400 6.7004527e-05 3.5430954e-05
2210600 6.8015949e-05 1.5596769e-05
2210800 7.3742601e-05 2.0135481e-05
2211000 6.8658977e-05 1.7491791e-05
2211200 8.1566622e-05 1.5811559e-05
2211400 5.9281497e-05 1.9952851e-05
2211600 6.5054693e-05 2.8767138e-05
2211800 8.3256738e-05 3.4224552e-05
2212000 7.9777392e-05 4.1081694e-05
2212200 6.7181514e-05 2.4414778e-05
2212400 5.742402e-05 2.3811033e-05
2212600 6.911586e-05 2.8937314e-05
2212800 7.4998678e-05 2.5728901e-05
2213000 3.9466898e-05 2.9065854e-05
2213200 6.4208039e-05 3.8339537e-05
2213400 8.3429005e-05 3.4973234e-05
2213600 7.7975528e-05 3.6016632e-05
2213800 6.7679232e-05 2.0501301e-05
2214000 8.3643371e-05 2.1086571e-05
2214200 9.6927235e-05 1.4969233e-05
2214400 8.8415261e-05 6.3832475e-06
2214600 8.1827343e-05 8.6456747e-06
2214800 6.7707195e-05 1.1694526e-05
2215000 7.3092624e-05 6.0749355e-06
2215200 8.4253004e-05 1.5995967e-05
2215400 8.8109123e-05 3.6938062e-05
2215600 7.4881579e-05 2.7911713e-05
2215800 7.865143e-05 2.3540038e-05
2216000 7.0369276e-05 1.9282827e-05
2216200 8.2671938e-05 2.7566183e-05
2216400 7.1240924e-05 1.8525128e-05
2216600 8.5502451e-05 2.7550941e-05
2216800 9.6753895e-05 2.2836728e-05
2217000 8.1775691e-05 2.2382385e-05
2217200 7.4240875e-05 2.2431275e-05
2217400 6.3155295e-05 1.7080953e-05
2217600 7.2971561e-05 2.3763513e-05
2217800 7.9082472e-05 8.5984278e-06
2218000 6.9981743e-05 3.3733406e-05
2218200 8.3865821e-05 8.8672255e-06
2218400 8.5845385e-05 1.8797468e-05
2218600 8.6337181e-05 1.7962612e-05
2218800 8.6466657e-05 6.2235979e-06
2219000 7.856987e-05 5.004713e-06
2219200 6.0818443e-05 3.0615229e-05
2219400 6.4786837e-05 1.0277882e-05
2219600 5.5544845e-05 1.3867696e-05
2219800 7.8228889e-05 1.4325916e-05
2220000 8.2256094e-05 1.0041534e-05
2220200 5.7069315e-05 1.7278712e-05
2220400 7.643736e-05 1.2527479e-05
2220600 6.9172567e-05 2.0608035e-05
2220800 8.196086e-05 1.9796003e-05
2221000 6.7563291e-05 1.2778695e-05
2221200 5.2862302e-05 1.6739614e-05
2221400 5.9512148e-05 1.9610578e-05
2221600 7.8227694e-05 1.0303774e-05
2221800 8.7999428e-05 1.7022298e-06
2222000 6.5329647e-05 6.1942275e-06
2222200 5.0801113e-05 1.4754917e-05
2222400 7.2898367e-05 1.7528097e-05
2222600 8.5523845e-05 1.3626398e-05
2222800 9.2819149e-05 1.3595536e-05
2223000 6.519243e-05 6.5195174e-06
2223200 6.0481853e-05 1.1874744e-05
2223400 7.5539447e-05 1.9481851e-05
2223600 7.4150174e-05 1.4957943e-05
2223800 7.8849841e-05 8.8879769e-06
2224000 7.1790907e-05 2.2437216e-05
2224200 7.3383366e-05 1.4327827e-05
2224400 8.0659233e-05 4.4724902e-06
2224600 8.0737915e-05 2.1367051e-05
2224800 0.00010257473 1.99975e-05
2225000 8.0104387e-05 8.1571438e-06
2225200 6.9875448e-05 2.2157253e-05
2225400 7.3913555e-05 9.515614e-06
2225600 7.0058117e-05 1.5390339e-06
2225800 7.3883894e-05 3.6416238e-05
2226000 6.6390206e-05 1.1634078e-05
2226200 8.5625753e-05 2.0782069e-05
2226400 6.3848491e-05 2.0580882e-05
2226600 7.0691631e-05 7.6834906e-06
2226800 6.1869923e-05 2.6297885e-05
2227000 6.5677823e-05 1.4043623e-05
2227200 6.8721511e-05 3.1050776e-05
2227400 6.4508623e-05 3.5097131e-05
2227600 7.3918279e-05 7.1002691e-06
2227800 6.3422252e-05 5.1521917e-06
2228000 5.8084757e-05 1.8259099e-05
2228200 4.7991417e-05 1.0297544e-05
2228400 7.2021037e-05 1.0502649e-05
2228600 7.540361e-05 2.1742718e-05
2228800 8.1900857e-05 6.0497017e-06
2229000 0.00010016266 2.3263444e-05
2229200 7.7745983e-05 1.4695204e-05
2229400 7.4090208e-05 1.3202582e-05
2229600 7.5843732e-05 2.4083257e-05
2229800 6.9656402e-05 1.2197911e-05
2230000 9.6676287e-05 3.5237112e-05
2230200 5.88156e-05 1.9327335e-05
2230400 6.6824975e-05 2.3670824e-05
2230600 4.9525706e-05 1.7325831e-05
2230800 7.5456433e-05 2.1773648e-05
2231000 5.9745727e-05 3.2234092e-05
2231200 6.1101737e-05 3.4269285e-05
2231400 5.5618954e-05 2.3734601e-05
2231600 4.2317831e-05 5.1079108e-05
2231800 5.7012358e-05 3.3317213e-05
2232000 5.2333914e-05 2.00072e-05
2232200 6.9353675e-05 2.5668962e-05
2232400 5.2022355e-05 3.4727553e-05
2232600 6.241108e-05 1.8041137e-05
2232800 5.3367765e-05 2.8606266e-05
2233000 5.9246226e-05 2.3463584e-05
2233200 7.4178117e-05 3.6243569e-05
2233400 7.2283547e-05 1.3015026e-05
2233600 4.5950517e-05 3.3427967e-05
2233800 6.7966028e-05 2.1031782e-05
2234000 5.8719265e-05 1.3913541e-05
2234200 6.7389828e-05 1.9438844e-05
2234400 4.7785251e-05 4.3168641e-05
2234600 6.5461404e-05 3.884361e-05
2234800 5.6477468e-05 2.5879194e-05
2235000 7.7511247e-05 1.1054868e-05
2235200 6.9528433e-05 6.663526e-06
2235400 6.4752513e-05 3.4471396e-05
2235600 7.6387754e-05 2.5421272e-05
2235800 5.057345e-05 3.1611933e-05
2236000 7.0941564e-05 2.47846e-05
2236200 5.6773453e-05 3.0658643e-05
2236400 6.2270295e-05 9.8054286e-06
2236600 6.8578245e-05 2.4378381e-05
2236800 5.6261186e-05 9.1183066e-06
2237000 4.1644158e-05 2.1303089e-05
2237200 7.0065325e-05 1.8869332e-05
2237400 6.3285718e-05 1.3395527e-05
2237600 6.0979822e-05 1.1829314e-05
2237800 7.1320251e-05 1.3102278e-05
2238000 6.4540292e-05 2.9153927e-05
2238200 6.9935836e-05 2.4245728e-05
2238400 6.1537075e-05 1.6028372e-05
2238600 6.7683648e-05 1.2726029e-05
2238800 4.7500608e-05 1.9917969e-05
2239000 6.3655453e-05 9.871094e-06
2239200 5.0903596e-05 1.4106821e-05
2239400 5.0279875e-05 2.3790745e-05
2239600 5.9020601e-05 1.6800249e-05
2239800 6.4654466e-05 7.0767608e-06
2240000 7.7151564e-05 6.1645965e-06
2240200 7.5813537e-05 5.8559327e-06
2240400 6.86674e-05 1.2791826e-05
2240600 7.2047265e-05 1.4917156e-05
2240800 6.682858e-05 1.3038107e-05
2241000 6.6853579e-05 3.7218765e-05
2241200 8.1846849e-05 2.6392878e-05
2241400 5.7556299e-05 1.3272154e-05
2241600 5.5794281e-05 4.1827185e-05
2241800 6.0926554e-05 4.9379104e-06
2242000 5.2381995e-05 2.1494483e-05
2242200 6.1301893e-05 4.2074463e-06
2242400 6.2589511e-05 1.0663651e-05
2242600 8.4994433e-05 1.7971694e-05
2242800 6.0323293e-05 1.9465102e-05
2243000 6.5799063e-05 9.1532707e-06
2243200 4.9689758e-05 1.5282193e-05
2243400 6.2081612e-05 6.369204e-06
2243600 4.9409736e-05 4.5171453e-06
2243800 6.8906985e-05 8.9868697e-06
2244000 4.3641683e-05 5.1194889e-06
2244200 6.8380886e-05 1.7769765e-05
2244400 7.715234e-05 3.0099304e-05
2244600 5.3278312e-05 1.458475e-05
2244800 6.3345337e-05 2.3616137e-05
2245000 6.5067035e-05 5.7603859e-06
2245200 6.3398e-05 1.5177685e-05
2245400 6.9706129e-05 7.5872576e-06
2245600 7.4651604e-05 9.6253186e-06
2245800 7.4703916e-05 1.6898489e-05
2246000 7.7615686e-05 1.1209933e-05
2246200 9.0931519e-05 7.8196269e-06
2246400 8.5524467e-05 1.4832133e-05
2246600 8.0240525e-05 2.8215133e-05
2246800 5.7923242e-05 2.2175428e-05
2247000 7.9400628e-05 2.0724984e-05
2247200 7.7865274e-05 2.3127671e-05
2247400 6.6326724e-05 2.5298749e-05
2247600 6.4438426e-05 1.9874332e-05
2247800 6.3411724e-05 7.1273565e-06
2248000 5.0656846e-05 3.9786309e-05
2248200 7.3621532e-05 3.0933483e-05
2248400 6.8324136e-05 2.0604434e-05
2248600 8.5736993e-05 3.3935369e-05
2248800 6.2442608e-05 4.0662695e-05
2249000 5.1756317e-05 2.571497e-05
2249200 4.1602125e-05 2.2223606e-05
2249400 6.8702222e-05 3.6764836e-05
2249600 7.7604614e-05 4.0809679e-05
2249800 5.4656777e-05 1.9444974e-05
2250000 5.7184691e-05 2.4503453e-05
2250200 6.4118063e-05 4.4824554e-05
2250400 6.9522006e-05 2.9174948e-05
2250600 4.8621515e-05 3.1711823e-05
2250800 6.5639315e-05 3.8573389e-05
2251000 5.9980781e-05 1.777818e-05
2251200 6.7826193e-05 1.6027532e-05
2251400 7.0211896e-05 2.5871161e-05
2251600 6.9427749e-05 1.9537499e-05
2251800 6.9142869e-05 2.4971461e-05
2252000 6.7637633e-05 3.1576523e-05
2252200 4.2347228e-05 2.694352e-05
2252400 5.1953102e-05 3.4518308e-05
2252600 5.2572718e-05 4.0090621e-05
2252800 5.5638641e-05 2.2859147e-05
2253000 5.2586116e-05 2.4241862e-05
2253200 6.5198756e-05 7.9877051e-06
2253400 7.2713468e-05 1.1145936e-05
2253600 6.8428433e-05 1.5876403e-05
2253800 7.4179419e-05 2.3574103e-05
2254000 6.7895103e-05 1.8639523e-05
2254200 6.262171e-05 2.7515013e-05
2254400 4.023731e-05 3.1890245e-05
2254600 7.1407701e-05 3.8940583e-05
2254800 5.8836108e-05 2.0531927e-05
2255000 6.8965069e-05 2.6734686e-05
2255200 7.3328129e-05 3.3652445e-05
2255400 7.4360025e-05 1.2377448e-05
2255600 8.4852204e-05 2.237635e-05
2255800 6.7378556e-05 2.6461293e-05
2256000 7.3464424e-05 5.1272031e-06
2256200 6.6545472e-05 2.2498931e-05
2256400 7.871769e-05 3.0007973e-05
2256600 6.6795156e-05 8.8836543e-06
2256800 7.0909812e-05 9.8665058e-06
2257000 5.0251872e-05 2.3191739e-05
2257200 8.156052e-05 2.1110327e-05
2257400 6.3562001e-05 1.4802516e-05
2257600 8.0051743e-05 3.0709068e-05
2257800 5.7173304e-05 1.7594648e-05
2258000 7.1377687e-05 2.1078392e-05
2258200 7.470367e-05 1.2018464e-05
2258400 3.9837877e-05 3.0777558e-05
2258600 4.7206606e-05 2.3945322e-05
2258800 7.1293273e-05 1.5079035e-05
2259000 6.1706263e-05 1.3675523e-05
2259200 5.3733332e-05 1.9088728e-05
2259400 6.9954657e-05 1.1112404e-05
2259600 5.7229734e-05 2.4415405e-05
2259800 5.874455e-05 1.7948521e-05
2260000 4.6200992e-05 1.7544711e-05
2260200 8.2656732e-05 1.8087158e-05
2260400 7.6301582e-05 3.208969e-05
2260600 6.2460928e-05 2.8222546e-05
2260800 7.1390174e-05 1.118205e-05
2261000 6.5078905e-05 1.0056632e-05
2261200 5.1517695e-05 8.4157788e-06
2261400 4.5643799e-05 1.8866696e-05
2261600 7.1639976e-05 1.9637458e-05
2261800 7.9612214e-05 1.5429274e-05
2262000 5.7756558e-05 9.8996062e-06
2262200 7.4780208e-05 1.8260813e-05
2262400 6.9613884e-05 8.8613833e-06
2262600 7.3582156e-05 6.9132114e-07
2262800 8.6380793e-05 2.6803696e-05
2263000 8.4669032e-05 2.4274816e-05
2263200 7.7217214e-05 2.7420505e-05
2263400 5.4031324e-05 2.465616e-05
2263600 5.4421575e-05 2.8309676e-05
2263800 7.4241991e-05 6.9443716e-06
2264000 6.791375e-05 1.3396046e-05
2264200 6.6734844e-05 1.5741657e-05
2264400 6.9495389e-05 1.9231761e-05
2264600 6.8975189e-05 9.6738765e-06
2264800 7.4563725e-05 2.0086288e-05
2265000 7.440129e-05 2.2925321e-05
2265200 5.1809032e-05 1.3734538e-05
2265400 5.8937947e-05 2.4227872e-05
2265600 5.6961613e-05 2.3693927e-05
2265800 9.3285873e-05 1.7298661e-05
2266000 7.731613e-05 8.5970362e-06
2266200 7.3214569e-05 3.9379776e-05
2266400 6.5301763e-05 3.6323617e-05
2266600 4.9557849e-05 1.3962857e-05
2266800 8.8392733e-05 9.212037e-06
2267000 9.1177588e-05 1.9998352e-05
2267200 8.7709719e-05 9.9839657e-06
2267400 6.7030095e-05 1.186614e-05
2267600 6.9777621e-05 8.2483153e-06
2267800 5.1130217e-05 1.2473895e-05
2268000 7.1568147e-05 1.8377456e-05
2268200 6.6352588e-05 2.8504704e-05
2268400 8.8107009e-05 1.5756987e-05
2268600 7.9783779e-05 3.1237989e-05
2268800 8.3131851e-05 9.0550229e-06
2269000 7.6315218e-05 1.3903277e-05
2269200 7.927251e-05 3.0825263e-05
2269400 7.5288661e-05 3.4029673e-05
2269600 9.2154676e-05 2.8980873e-05
2269800 7.8911604e-05 1.1690356e-05
2270000 6.1879025e-05 1.2481641e-05
2270200 6.0926405e-05 7.2303848e-06
2270400 7.6885626e-05 2.7059994e-05
2270600 5.7762624e-05 3.0087443e-05
2270800 9.3626222e-05 1.3255921e-05
2271000 6.1389136e-05 1.24563e-05
2271200 7.166387e-05 2.3347646e-05
2271400 9.6823471e-05 6.5955176e-06
2271600 7.4181156e-05 1.6700741e-05
2271800 9.8924457e-05 1.8178429e-05
2272000 7.9959565e-05 1.0392161e-05
2272200 7.3618299e-05 4.7292897e-06
2272400 8.1424286e-05 8.0595128e-06
2272600 7.3308517e-05 1.9184702e-05
2272800 6.9559315e-05 3.7259027e-05
2273000 6.3124143e-05 3.060266e-05
2273200 8.335534e-05 8.7230666e-06
2273400 8.6415285e-05 9.0375558e-06
2273600 7.249769e-05 2.9160422e-05
2273800 7.9770347e-05 1.0039715e-05
2274000 7.3421338e-05 9.0381514e-06
2274200 8.3271337e-05 3.3782948e-06
2274400 9.747014e-05 1.984231e-05
2274600 7.5340005e-05 1.3730382e-05
2274800 8.3878324e-05 1.1154113e-05
2275000 9.561986e-05 1.0420487e-05
2275200 8.7858572e-05 2.5460511e-05
2275400 8.7845803e-05 4.7451153e-06
2275600 6.4415001e-05 9.9922826e-06
2275800 6.2309775e-05 2.2214265e-05
2276000 7.5363253e-05 6.9641848e-06
2276200 9.1565022e-05 1.4979975e-05
2276400 8.216139e-05 1.5241133e-05
2276600 7.0310146e-05 9.7882294e-06
2276800 6.532086e-05 2.6568998e-05
2277000 7.3265832e-05 2.7794199e-06
2277200 7.9599786e-05 1.3358449e-05
2277400 7.2318761e-05 1.4840236e-05
2277600 6.5143378e-05 2.4217425e-05
2277800 5.082326e-05 2.6936874e-05
2278000 7.6624238e-05 2.3717396e-05
2278200 7.6188304e-05 1.2402118e-05
2278400 7.4540498e-05 2.9121186e-05
2278600 6.5813535e-05 1.3660675e-05
2278800 8.6261202e-05 1.3588887e-05
2279000 8.4882649e-05 1.7529884e-05
2279200 5.9553428e-05 9.9125619e-06
2279400 6.5035737e-05 3.0949581e-05
2279600 6.8373597e-05 9.2995646e-06
2279800 7.5523406e-05 2.949135e-05
2280000 6.9444394e-05 2.0415654e-05
2280200 8.411573e-05 2.982009e-05
2280400 7.0899484e-05 2.1044992e-05
2280600 7.5945026e-05 1.0169487e-05
2280800 7.7120204e-05 2.4557962e-05
2281000 8.2065259e-05 1.7186311e-05
2281200 7.2965299e-05 1.1582705e-05
2281400 8.3073723e-05 2.0300691e-05
2281600 7.359789e-05 2.5680166e-05
2281800 6.297298e-05 1.3482853e-05
2282000 7.0951736e-05 1.7094064e-05
2282200 6.8829002e-05 3.1800411e-05
2282400 7.046758e-05 1.77544e-05
2282600 6.9556418e-05 4.1751082e-05
2282800 6.3769446e-05 2.5703439e-05
2283000 5.6213763e-05 1.5714708e-05
2283200 7.8017496e-05 3.2333339e-05
2283400 7.674664e-05 3.0340903e-05
2283600 7.8697068e-05 2.1147204e-05
2283800 7.2210291e-05 1.7753905e-05
2284000 6.8393074e-05 2.3781453e-05
2284200 6.2282215e-05 1.4729461e-05
2284400 6.084983e-05 1.7440489e-05
2284600 7.0815417e-05 2.9050395e-05
2284800 5.443068e-05 8.122823e-06
2285000 6.2227135e-05 3.3164085e-05
2285200 6.4518135e-05 3.0468815e-05
2285400 6.3503121e-05 6.3105387e-06
2285600 5.2034246e-05 9.9039274e-06
2285800 8.1771543e-05 1.035675e-05
2286000 6.755764e-05 2.0538678e-05
2286200 8.3382655e-05 1.6146815e-05
2286400 6.037205e-05 1.8887232e-05
2286600 7.4610271e-05 1.2658904e-05
2286800 6.7985046e-05 9.4696433e-06
2287000 6.0300488e-05 9.6679373e-06
2287200 6.6716022e-05 6.6442205e-06
2287400 7.0197743e-05 1.9398331e-05
2287600 8.2590582e-05 1.9563975e-05
2287800 7.801707e-05 1.1784259e-05
2288000 6.78723e-05 9.8748318e-06
2288200 7.2255985e-05 5.8639232e-06
2288400 6.7562781e-05 1.4470883e-05
2288600 6.2825648e-05 1.5910424e-05
2288800 8.4858907e-05 9.9297488e-06
2289000 7.531826e-05 2.0337725e-05
2289200 9.6736178e-05 9.528998e-06
2289400 8.7345951e-05 1.3428712e-05
2289600 6.211175e-05 8.555011e-06
2289800 7.8472777e-05 1.8897657e-05
2290000 7.6489688e-05 1.3653128e-05
2290200 6.0200324e-05 1.2979865e-05
2290400 4.4918602e-05 1.8306172e-05
2290600 6.9333859e-05 6.7069846e-06
2290800 6.5858424e-05 1.6192873e-05
2291000 7.7233311e-05 1.2855916e-05
2291200 8.8819239e-05 9.8821251e-06
2291400 7.222482e-05 3.98843e-05
2291600 5.8842072e-05 9.4706619e-06
2291800 7.8587333e-05 1.1321478e-05
2292000 7.7945852e-05 1.162396e-05
2292200 7.526439e-05 1.959996e-05
2292400 7.6115429e-05 2.9393884e-05
2292600 5.6900804e-05 2.3954862e-05
2292800 7.8543095e-05 2.7911451e-05
2293000 8.3281728e-05 5.6337888e-06
2293200 6.9934112e-05 9.6731587e-06
2293400 7.2160397e-05 2.7693594e-05
2293600 7.2894696e-05 1.6674734e-05
2293800 7.6594271e-05 3.1034352e-05
2294000 7.1404431e-05 2.1347292e-05
2294200 6.7912646e-05 1.4674364e-05
2294400 6.7963174e-05 1.9004181e-06
2294600 5.8836389e-05 2.4029969e-06
2294800 6.5077152e-05 7.7238776e-06
2295000 6.1543127e-05 1.8797839e-05
2295200 7.1076634e-05 1.3325213e-06
2295400 6.0176973e-05 1.3203765e-05
2295600 6.6002467e-05 4.2732748e-06
2295800 7.2248913e-05 5.1403602e-06
2296000 8.2464755e-05 2.1623567e-05
2296200 6.0130168e-05 1.2091173e-05
2296400 6.2230187e-05 1.2350998e-05
2296600 8.9111583e-05 1.462597e-05
2296800 6.5900279e-05 3.979548e-06
2297000 5.9344515e-05 1.5663713e-05
2297200 5.7109389e-05 1.9927268e-05
2297400 8.5165921e-05 2.0772995e-05
2297600 5.302031e-05 2.6172523e-05
2297800 6.6112986e-05 1.2385694e-05
2298000 7.5431229e-05 1.8645652e-05
2298200 7.9891222e-05 9.1826098e-06
2298400 7.8490358e-05 5.1028214e-06
2298600 7.1993562e-05 1.4374089e-05
2298800 7.095752e-05 1.6050994e-05
2299000 8.41935e-05 4.8686727e-06
2299200 8.8403657e-05 1.0632271e-05
2299400 7.5194509e-05 1.5740607e-05
2299600 7.1037382e-05 1.7216927e-05
2299800 7.1765035e-05 1.0217285e-05
2300000 6.9441405e-05 2.1932301e-05
2300200 5.1627547e-05 2.3580073e-05
2300400 5.2474446e-05 9.0436414e-06
2300600 9.0028469e-05 1.1298628e-05
2300800 9.0333267e-05 4.3796047e-05
2301000 7.984492e-05 2.4641422e-05
2301200 5.1718596e-05 2.5495337e-05
2301400 6.0821958e-05 1.9215743e-05
2301600 6.429733e-05 3.7782288e-06
2301800 5.7101031e-05 1.8604957e-05
2302000 5.251301e-05 2.1532963e-05
2302200 7.5408906e-05 1.9902017e-05
2302400 6.705598e-05 2.5128135e-05
2302600 6.0844893e-05 2.3560784e-05
2302800 7.5101469e-05 1.1732812e-05
2303000 5.9574224e-05 1.7230996e-05
2303200 7.9782454e-05 2.183996e-05
2303400 9.4795297e-05 1.2107906e-05
2303600 7.6807373e-05 1.8950679e-05
2303800 7.0440011e-05 2.3871223e-05
2304000 7.8968851e-05 1.9572297e-05
2304200 9.0435031e-05 2.0583507e-05
2304400 7.4738064e-05 1.738433e-05
2304600 7.6917195e-05 3.1190591e-05
2304800 6.5554514e-05 1.8483888e-05
2305000 8.1829869e-05 1.1491106e-05
2305200 7.3414211e-05 1.8750843e-05
2305400 6.7842693e-05 2.1942155e-05
2305600 8.2652428e-05 2.7181416e-05
2305800 9.4894989e-05 1.7504304e-05
2306000 9.1492836e-05 1.5469268e-05
2306200 8.7661615e-05 1.703409e-05
2306400 8.623632e-05 1.9118626e-05
2306600 8.5530358e-05 2.7676619e-05
2306800 8.8973823e-05 1.2787453e-05
2307000 7.9416522e-05 1.3497576e-05
2307200 9.2370122e-05 3.1637209e-05
2307400 8.635142e-05 1.5355907e-05
2307600 9.3441881e-05 3.3412086e-05
2307800 7.7964117e-05 2.3437784e-05
2308000 8.3553231e-05 4.2892672e-06
2308200 7.1882101e-05 1.3805241e-05
2308400 7.6100197e-05 2.36352e-05
2308600 7.4232953e-05 1.291494e-05
2308800 5.5731904e-05 1.8257939e-05
2309000 6.4891005e-05 3.1247503e-05
2309200 8.4232436e-05 2.6023237e-05
2309400 8.4455547e-05 1.3592484e-05
2309600 5.8360117e-05 1.9958244e-05
2309800 7.2772259e-05 2.1261124e-05
2310000 6.5815954e-05 1.8433046e-05
2310200 5.8324403e-05 4.088496e-05
2310400 8.0759544e-05 4.374631e-05
2310600 7.9424524e-05 2.5006178e-05
2310800 6.9475841e-05 3.9456137e-05
2311000 7.8137294e-05 2.8974637e-05
2311200 8.2272547e-05 9.3802652e-06
2311400 9.6108297e-05 3.0945643e-06
2311600 6.3294903e-05 1.9980369e-05
2311800 8.059555e-05 3.4015793e-05
2312000 6.445094e-05 1.0743843e-05
2312200 6.9779251e-05 2.3650618e-05
2312400 5.9450437e-05 2.767568e-05
2312600 8.5957649e-05 9.1875263e-06
2312800 8.0753643e-05 1.2664411e-05
2313000 8.6433215e-05 1.9364098e-05
2313200 7.5230737e-05 1.7218086e-05
2313400 5.5940701e-05 2.4783896e-05
2313600 7.0318412e-05 1.3613162e-05
2313800 7.4800472e-05 1.1440681e-05
2314000 7.5168108e-05 2.6227245e-05
2314200 6.9625889e-05 1.6178899e-05
2314400 7.2033808e-05 1.918893e-05
2314600 5.6858047e-05 1.3506817e-05
2314800 8.6947472e-05 1.7093938e-05
2315000 7.7055223e-05 2.8509515e-05
2315200 7.0423164e-05 3.1680118e-05
2315400 7.8828572e-05 8.5065732e-06
2315600 6.4156226e-05 1.1693462e-05
2315800 7.9159825e-05 1.6859219e-05
2316000 8.0131837e-05 2.668731e-05
2316200 8.3599556e-05 2.1804247e-05
2316400 8.9828881e-05 2.1665787e-05
2316600 8.2198657e-05 3.0174536e-05
2316800 6.1371423e-05 2.2162548e-05
2317000 6.7641429e-05 2.5106271e-05
2317200 5.9190862e-05 1.2423659e-05
2317400 6.327889e-05 1.3316259e-05
2317600 7.8992157e-05 2.0853473e-05
2317800 8.1012811e-05 1.0679234e-05
2318000 4.7989595e-05 3.1213509e-05
2318200 6.6796968e-05 3.9865607e-05
2318400 8.2138339e-05 1.0662442e-05
2318600 8.4416047e-05 2.4126028e-05
2318800 7.6844749e-05 2.7398748e-05
2319000 6.1390138e-05 1.5771094e-05
2319200 7.9339833e-05 1.5353796e-05
2319400 5.8089624e-05 9.8299094e-06
2319600 9.1581429e-05 4.5552832e-06
2319800 7.9225078e-05 3.3533927e-05
2320000 8.9839563e-05 1.4883161e-05
2320200 7.3453072e-05 2.5169364e-05
2320400 7.2795995e-05 3.1025041e-05
2320600 6.3021188e-05 2.182701e-05
2320800 6.0910345e-05 9.8068502e-06
2321000 6.4807865e-05 2.8659976e-05
2321200 7.7967134e-05 1.3685719e-05
2321400 6.6142378e-05 1.085519e-05
2321600 8.3695643e-05 2.484427e-05
2321800 9.4966041e-05 1.9693859e-05
2322000 7.9120835e-05 1.9730347e-05
2322200 7.2470711e-05 1.801691e-05
2322400 8.2915305e-05 2.8810252e-05
2322600 8.9741904e-05 2.0689949e-05
2322800 7.4506367e-05 2.5023234e-05
2323000 7.1656685e-05 1.9588756e-05
2323200 8.3327671e-05 7.9130823e-06
2323400 6.7959974e-05 8.2927812e-06
2323600 8.040176e-05 7.7732581e-07
2323800 7.9048789e-05 1.2989335e-05
2324000 6.9201592e-05 1.8065688e-05
2324200 7.2231196e-05 2.5531356e-05
2324400 6.2406027e-05 1.8880228e-05
2324600 5.6307037e-05 2.1079606e-05
2324800 7.5761301e-05 1.7097808e-05
2325000 6.5893717e-05 2.7936785e-05
2325200 6.8545078e-05 1.4169801e-05
2325400 5.2243977e-05 6.4275758e-06
2325600 5.6059928e-05 1.1784841e-05
2325800 5.043503e-05 1.4247459e-05
2326000 5.476824e-05 7.418636e-06
2326200 5.0255926e-05 4.4403308e-05
2326400 5.8290343e-05 4.2271974e-05
2326600 6.4517563e-05 2.4353238e-05
2326800 6.1484905e-05 2.5669349e-05
2327000 5.8419126e-05 2.13543e-05
2327200 5.794104e-05 2.0999112e-05
2327400 7.507441e-05 3.5753682e-05
2327600 6.7678525e-05 1.6428104e-05
2327800 6.0996864e-05 2.7191086e-05
2328000 6.4850211e-05 2.2872369e-05
2328200 7.5872148e-05 1.6626646e-05
2328400 5.7141293e-05 3.2014588e-05
2328600 5.2518767e-05 1.7734781e-05
2328800 7.8383748e-05 4.2732146e-05
2329000 7.8777752e-05 5.6067734e-06
2329200 7.2562969e-05 1.1639149e-05
2329400 6.6787386e-05 1.4189578e-05
2329600 5.9930787e-05 3.0406334e-05
2329800 6.7144427e-05 2.0979295e-05
2330000 5.9407595e-05 3.2880448e-06
2330200 6.8107463e-05 1.0467878e-05
2330400 7.3141236e-05 8.5827907e-06
2330600 7.299208e-05 1.7151829e-05
2330800 5.915496e-05 2.9116206e-05
2331000 6.078799e-05 2.4041381e-05
2331200 6.6509934e-05 2.5505322e-05
2331400 7.4751367e-05 2.6159232e-05
2331600 6.3554155e-05 2.4637714e-05
2331800 6.3928957e-05 1.4637585e-05
2332000 7.4297111e-05 2.7309169e-05
2332200 6.5061735e-05 2.7307836e-05
2332400 7.6170903e-05 3.1464282e-05
2332600 7.9995976e-05 4.4772344e-06
2332800 6.2401743e-05 1.8735828e-05
2333000 4.1039178e-05 1.7437449e-05
2333200 7.6488726e-05 1.0691984e-05
2333400 6.7548507e-05 2.2041732e-05
2333600 6.4785476e-05 1.7638549e-05
2333800 7.4893195e-05 3.7708203e-05
2334000 7.7041232e-05 1.5571986e-05
2334200 6.9627011e-05 2.1318858e-05
2334400 6.5452441e-05 3.0700194e-05
2334600 6.8995453e-05 1.9989786e-05
2334800 7.388123e-05 3.0945865e-06
2335000 7.2516596e-05 1.8255632e-05
2335200 6.8869411e-05 4.9352167e-06
2335400 6.1125673e-05 2.566743e-05
2335600 6.4676712e-05 1.5528002e-05
2335800 7.3343008e-05 4.9074656e-06
2336000 7.0879063e-05 1.85264e-05
2336200 7.7227406e-05 1.2922841e-05
2336400 7.4740417e-05 1.7738589e-05
2336600 5.7479401e-05 2.2881192e-05
2336800 7.5141159e-05 1.7149775e-05
2337000 6.3667704e-05 2.1726582e-05
2337200 4.43332e-05 3.0451584e-05
2337400 5.9355307e-05 2.4812308e-05
2337600 5.8014233e-05 3.9847613e-05
2337800 7.5390518e-05 1.5304229e-05
2338000 5.5478177e-05 1.10709e-05
2338200 8.7619093e-05 2.9558836e-05
2338400 7.0356387e-05 3.2929706e-05
2338600 6.4846733e-05 3.0153909e-05
2338800 6.9152903e-05 1.4587777e-05
2339000 7.0724222e-05 1.9745716e-05
2339200 5.9799133e-05 3.4539652e-05
2339400 7.6801321e-05 1.8656661e-05
2339600 7.4908515e-05 3.4345755e-05
2339800 8.1565183e-05 3.1035314e-05
2340000 6.910243e-05 7.8640235e-06
2340200 5.1035903e-05 1.2425522e-05
2340400 6.7128203e-05 4.9191277e-06
2340600 7.9882303e-05 1.1188517e-05
2340800 6.1401767e-05 2.7023198e-05
2341000 9.6996991e-05 4.1159951e-05
2341200 6.4091605e-05 1.9491073e-05
2341400 7.2616622e-05 3.629384e-05
2341600 7.82255e-05 3.387881e-05
2341800 9.3857513e-05 1.2717549e-05
2342000 8.3796005e-05 1.7999534e-05
2342200 8.5258044e-05 1.120934e-05
2342400 8.4550282e-05 1.6875706e-05
2342600 8.9430928e-05 7.4458888e-06
2342800 6.4265001e-05 1.6184124e-05
2343000 8.4402888e-05 2.6091031e-05
2343200 7.043154e-05 4.1220361e-05
2343400 7.0889235e-05 2.4880944e-05
2343600 8.2699122e-05 1.8208261e-05
2343800 6.6377192e-05 1.2368959e-05
2344000 6.8485235e-05 1.2172013e-05
2344200 6.3163988e-05 1.0949747e-05
2344400 9.1629528e-05 5.9259891e-06
2344600 8.6987356e-05 2.7588326e-05
2344800 9.3314285e-05 3.9256506e-05
2345000 7.8101459e-05 2.0139527e-05
2345200 7.4152559e-05 3.3436225e-05
2345400 6.4109829e-05 2.9152306e-05
2345600 5.7903844e-05 3.5464007e-05
2345800 4.6529057e-05 1.4452752e-05
2346000 5.7541158e-05 1.8320196e-05
2346200 6.4454111e-05 2.8670669e-05
2346400 6.7243065e-05 2.8863208e-05
2346600 7.8865902e-05 3.2494241e-05
2346800 7.2516557e-05 1.1164682e-05
2347000 6.6744488e-05 1.0760265e-05
2347200 7.7223163e-05 2.7616534e-05
2347400 6.4926256e-05 2.1519185e-05
2347600 6.0711881e-05 3.2244156e-05
2347800 8.2005927e-05 2.1076503e-05
2348000 7.980992e-05 3.6837518e-06
2348200 5.2807516e-05 2.2242096e-05
2348400 5.4659241e-05 2.4807307e-05
2348600 6.9403032e-05 2.0547531e-05
2348800 6.4296647e-05 2.0670155e-05
2349000 7.6046332e-05 4.0160836e-05
2349200 9.0872024e-05 4.8300974e-05
2349400 7.6541907e-05 1.8100913e-05
2349600 6.6690371e-05 1.8426509e-05
2349800 7.6230616e-05 2.6201772e-05
2350000 6.6972935e-05 1.1623557e-05
2350200 6.961921e-05 1.1644836e-05
2350400 7.8597231e-05 2.0961191e-05
2350600 7.2611749e-05 2.7553488e-05
2350800 6.5934744e-05 3.1356677e-05
2351000 8.5021577e-05 2.9498144e-05
2351200 8.5796551e-05 4.480297e-05
2351400 7.1587813e-05 1.3292566e-05
2351600 7.2810492e-05 2.2849939e-05
2351800 9.3061241e-05 3.3813009e-05
2352000 8.008122e-05 1.9653021e-05
2352200 6.706656e-05 2.5938031e-05
2352400 7.6481895e-05 2.3103492e-05
2352600 7.6240194e-05 2.433746e-05
2352800 8.3178984e-05 2.401888e-05
2353000 7.9220789e-05 1.5876148e-05
2353200 8.8428017e-05 1.9243068e-05
2353400 7.6468534e-05 1.6852323e-05
2353600 7.0780074e-05 8.6129149e-06
2353800 7.2409798e-05 2.3218768e-05
2354000 8.3496093e-05 8.1276822e-06
2354200 0.0001058999 1.9093354e-05
2354400 0.00010501156 1.5212286e-05
2354600 7.1715886e-05 1.6286016e-05
2354800 8.1272865e-05 2.1044526e-05
2355000 8.7618753e-05 1.1131224e-05
2355200 6.4206687e-05 2.0406929e-05
2355400 3.9098881e-05 1.2394742e-05
2355600 6.1900012e-05 7.5721003e-06
2355800 9.6242321e-05 3.229774e-05
2356000 6.6081815e-05 1.7266725e-05
2356200 6.9512237e-05 2.3897626e-05
2356400 6.0186004e-05 3.3307631e-05
2356600 4.68225e-05 1.7479754e-05
2356800 7.2281543e-05 9.4269033e-06
2357000 7.2636854e-05 1.8543142e-05
2357200 7.910001e-05 2.4905168e-05
2357400 7.4028944e-05 2.1576738e-05
2357600 8.614906e-05 2.2960699e-05
2357800 6.2165216e-05 4.1461806e-05
2358000 7.8078018e-05 4.5139874e-05
2358200 7.7719252e-05 3.2422017e-05
2358400 8.5492735e-05 3.9676392e-05
2358600 5.979031e-05 1.0791191e-05
2358800 6.906742e-05 2.4408158e-05
2359000 5.0091763e-05 1.9661894e-05
2359200 3.8798573e-05 1.634023e-05
2359400 6.2963661e-05 4.6433915e-05
2359600 4.6430875e-05 2.2293555e-05
2359800 5.4379215e-05 1.272836e-05
2360000 6.6192214e-05 1.0999912e-05
2360200 5.6118914e-05 2.8107767e-05
2360400 6.1040482e-05 1.9365068e-05
2360600 6.5404332e-05 9.6997041e-06
2360800 6.9770935e-05 1.7647326e-05
2361000 5.8470396e-05 2.3067638e-06
2361200 6.4882329e-05 1.8707057e-05
2361400 5.83205e-05 2.2576095e-05
2361600 6.6812609e-05 1.0240328e-05
2361800 6.7446891e-05 1.874104e-05
2362000 7.77896e-05 2.859508e-05
2362200 8.1291716e-05 2.1490176e-05
2362400 6.2293678e-05 9.671926e-06
2362600 7.5929332e-05 2.3919528e-05
2362800 7.1272711e-05 3.364598e-05
2363000 7.4009087e-05 2.6313079e-05
2363200 7.3967906e-05 1.714287e-05
2363400 6.6979156e-05 4.0282679e-05
2363600 5.7413908e-05 2.9975791e-05
2363800 4.7787455e-05 3.0178439e-05
2364000 5.2486294e-05 2.5030051e-05
2364200 4.8833746e-05 1.4668112e-05
2364400 6.3931307e-05 3.1045759e-05
2364600 5.4366673e-05 1.874554e-05
2364800 5.2844029e-05 7.1473437e-06
2365000 5.8528298e-05 6.3447387e-06
2365200 5.4657404e-05 1.1048517e-05
2365400 6.8328947e-05 1.177979e-05
2365600 6.861366e-05 1.3375838e-05
2365800 4.4728955e-05 2.3483616e-05
2366000 6.3052403e-05 1.2258297e-05
2366200 5.8799476e-05 1.6396872e-05
2366400 5.2404096e-05 1.2637498e-05
2366600 5.4025838e-05 2.0497742e-05
2366800 6.0911146e-05 6.5371391e-06
2367000 4.4097857e-05 1.4432248e-05
2367200 6.6859263e-05 1.2611772e-05
2367400 6.5068032e-05 2.3564114e-05
2367600 5.1628454e-05 2.169422e-05
2367800 4.7861453e-05 9.5285619e-06
2368000 5.2169162e-05 2.9678054e-05
2368200 5.4420478e-05 8.9003126e-06
2368400 7.1881998e-05 1.57317e-05
2368600 5.5804563e-05 8.5139802e-06
2368800 6.4282126e-05 2.6228535e-05
2369000 7.47248e-05 2.4302834e-05
2369200 5.9553309e-05 1.6710372e-05
2369400 6.3491363e-05 1.1346017e-05
2369600 7.1127608e-05 1.8348216e-05
2369800 7.1611289e-05 1.338965e-05
2370000 7.0977881e-05 2.060916e-05
2370200 7.7319898e-05 1.9409418e-06
2370400 7.2820912e-05 1.9268115e-05
2370600 7.273133e-05 4.5684371e-05
2370800 4.8439609e-05 3.742884e-06
2371000 7.2696209e-05 1.8062322e-05
2371200 9.7331408e-05 2.1862676e-05
2371400 6.2208274e-05 2.8311269e-05
2371600 9.036508e-05 2.8306924e-05
2371800 8.0946897e-05 2.263069e-05
2372000 7.2902617e-05 4.1435966e-05
2372200 8.3302869e-05 2.4416743e-05
2372400 9.2415952e-05 3.0108489e-05
2372600 7.2897546e-05 2.866425e-05
2372800 6.1397472e-05 3.3333196e-05
2373000 7.4458924e-05 1.2584597e-05
2373200 6.1198705e-05 2.8882308e-05
2373400 7.191357e-05 2.7352558e-05
2373600 8.4705933e-05 3.8073935e-05
2373800 6.3780813e-05 1.7247603e-05
2374000 7.6983528e-05 3.5686536e-05
2374200 8.4202796e-05 1.9601461e-05
2374400 7.0837913e-05 1.6712129e-05
2374600 6.1447085e-05 2.8105722e-05
2374800 7.3799126e-05 1.9318778e-05
2375000 6.6509228e-05 3.3135831e-05
2375200 7.2957277e-05 2.7311382e-05
2375400 7.7050352e-05 5.2154681e-05
2375600 5.8574257e-05 2.5184886e-05
2375800 7.1140392e-05 2.0804066e-05
2376000 6.8114614e-05 4.3986736e-06
2376200 7.5511362e-05 2.3782875e-05
2376400 5.1598596e-05 2.1481898e-05
2376600 7.6474642e-05 1.1062025e-05
2376800 6.8242783e-05 2.4745477e-05
2377000 5.4241595e-05 2.1500756e-05
2377200 6.2842886e-05 2.2462626e-05
2377400 5.01312e-05 2.7751867e-05
2377600 5.2333597e-05 1.8916053e-05
2377800 6.1562606e-05 4.0787958e-06
2378000 7.520046e-05 8.0765492e-06
2378200 5.6898218e-05 1.0983624e-05
2378400 5.9364492e-05 5.7419869e-06
2378600 5.7362313e-05 1.8821434e-05
2378800 6.820023e-05 9.9068644e-06
2379000 8.5282747e-05 2.203012e-05
2379200 6.9792641e-05 1.5029239e-05
2379400 7.252949e-05 2.9045441e-05
2379600 6.1172464e-05 2.7300326e-05
2379800 6.38353e-05 1.3375707e-05
2380000 7.0861168e-05 3.358211e-05
2380200 7.5450781e-05 2.4060334e-05
2380400 6.2907225e-05 4.2605442e-05
2380600 6.1848404e-05 2.9767621e-05
2380800 4.7388474e-05 2.9432896e-05
2381000 6.7196156e-05 2.7557274e-05
2381200 6.7597297e-05 3.0169376e-05
2381400 6.8118005e-05 1.7381854e-05
2381600 7.1359969e-05 2.1820606e-05
2381800 7.042959e-05 2.0931785e-05
2382000 9.407861e-05 4.3067321e-05
2382200 8.7307466e-05 4.3826449e-05
2382400 5.9119917e-05 2.9481052e-05
2382600 9.2140374e-05 2.5874929e-05
2382800 6.2972933e-05 4.7822829e-05
2383000 7.6460331e-05 3.5803036e-05
2383200 7.2716476e-05 6.085081e-05
2383400 5.1876503e-05 4.5485439e-05
2383600 4.9474613e-05 3.6834497e-05
2383800 6.9049757e-05 2.8500775e-05
2384000 7.813823e-05 3.4453107e-05
2384200 6.5139435e-05 1.6030523e-05
2384400 5.6612005e-05 2.7690298e-05
2384600 6.0081821e-05 3.1677037e-05
2384800 7.5103547e-05 2.7354713e-05
2385000 7.1872961e-05 2.4355796e-05
2385200 7.4630334e-05 3.8659916e-05
2385400 7.8487776e-05 5.2644812e-05
2385600 7.8617453e-05 2.7467182e-05
2385800 5.4512135e-05 2.6728109e-05
2386000 6.0132035e-05 3.7035375e-05
2386200 7.6830177e-05 4.5793779e-05
2386400 7.5966382e-05 2.5866617e-05
2386600 6.5921532e-05 2.0890344e-05
2386800 5.7495846e-05 3.8612963e-05
2387000 5.4767351e-05 1.6398078e-05
2387200 6.2418237e-05 2.9143281e-05
2387400 5.1554268e-05 1.339346e-05
2387600 7.355206e-05 1.2343022e-05
2387800 6.667251e-05 3.6563624e-05
2388000 6.7919268e-05 3.0802616e-05
2388200 5.7350759e-05 2.0983889e-05
2388400 5.4835385e-05 5.603053e-06
2388600 8.1966101e-05 2.8348041e-05
2388800 5.6627188e-05 2.530748e-05
2389000 6.1434816e-05 1.3719318e-05
2389200 6.3107647e-05 1.4229009e-05
2389400 6.3290183e-05 1.7101623e-05
2389600 6.1286426e-05 3.0009173e-05
2389800 7.5632064e-05 9.125749e-06
2390000 6.9230901e-05 2.6256038e-05
2390200 9.6169717e-05 2.5367233e-05
2390400 8.1111227e-05 2.1807126e-05
2390600 6.8216665e-05 4.8880736e-06
2390800 6.7740739e-05 2.6722317e-05
2391000 5.8336258e-05 2.0570795e-05
2391200 7.2151788e-05 2.4133117e-05
2391400 6.7336566e-05 1.3102439e-05
2391600 7.7818495e-05 3.6296564e-05
2391800 7.8052903e-05 2.6123362e-05
2392000 6.4341379e-05 2.3719797e-05
2392200 4.909694e-05 3.8520268e-05
2392400 5.7509826e-05 3.2159434e-05
2392600 6.8333375e-05 2.2543251e-05
2392800 6.5901243e-05 3.860857e-05
2393000 5.7565055e-05 3.6283816e-05
2393200 5.6246555e-05 4.1781639e-05
2393400 3.9468108e-05 2.9536446e-05
2393600 7.0779031e-05 4.5645967e-05
2393800 6.1899322e-05 3.8417945e-05
2394000 7.3753525e-05 3.0116176e-05
2394200 6.9849824e-05 2.4534078e-05
2394400 6.3986241e-05 1.2882662e-05
2394600 6.7683446e-05 4.3049633e-06
2394800 6.5320128e-05 2.9962842e-05
2395000 7.2804044e-05 2.9918408e-05
2395200 8.3758053e-05 3.1353567e-05
2395400 5.8659718e-05 2.3306234e-05
2395600 5.6761003e-05 5.0323986e-05
2395800 7.5883973e-05 5.1407785e-05
2396000 7.2038973e-05 3.1099652e-05
2396200 6.9294498e-05 4.5316126e-05
2396400 6.2818459e-05 1.6062646e-05
2396600 7.0694142e-05 2.3130221e-05
2396800 8.335475e-05 2.1005725e-05
2397000 6.3898824e-05 1.0218914e-05
2397200 6.0126142e-05 2.6390218e-05
2397400 6.1541142e-05 2.6392598e-05
2397600 5.0086577e-05 3.0140783e-05
2397800 6.9092997e-05 3.143193e-05
2398000 7.3562938e-05 2.7727791e-06
2398200 7.5871195e-05 1.1367192e-05
2398400 5.5555112e-05 2.1387764e-05
2398600 6.2856592e-05 1.7070351e-05
2398800 7.1496446e-05 1.3939754e-05
2399000 5.6485529e-05 3.2292269e-05
2399200 5.8618872e-05 3.1922588e-05
2399400 7.1324421e-05 1.7173924e-05
2399600 5.9593483e-05 1.8115129e-05
2399800 6.6367808e-05 5.1442988e-05
2400000 8.0589408e-05 2.0775591e-05
2400200 8.2407284e-05 2.6502761e-05
2400400 7.646668e-05 3.6587988e-05
2400600 5.6115197e-05 4.01014e-05
2400800 7.2505283e-05 4.0226666e-05
2401000 7.1603936e-05 1.9543325e-05
2401200 8.3110336e-05 2.8236883e-05
2401400 6.6148758e-05 2.0393663e-05
2401600 7.6665351e-05 2.4753894e-05
2401800 7.462956e-05 3.1337498e-05
2402000 8.4303933e-05 2.465455e-05
2402200 9.8057291e-05 4.4973087e-05
2402400 7.4235748e-05 2.2100504e-05
2402600 6.7878333e-05 2.1141428e-05
2402800 6.275014e-05 2.2619883e-05
2403000 7.8760741e-05 2.8425109e-06
2403200 9.5308639e-05 3.3756865e-05
2403400 8.3639338e-05 2.8042156e-05
2403600 7.4311416e-05 4.8327127e-05
2403800 8.1396196e-05 3.9838258e-05
2404000 7.7839623e-05 3.6831941e-05
2404200 7.5867528e-05 2.6005825e-05
2404400 8.3925716e-05 3.3368966e-05
2404600 6.5305983e-05 3.2888075e-05
2404800 7.0347713e-05 3.7963071e-05
2405000 6.9718474e-05 3.3621048e-05
2405200 5.5003955e-05 2.4813022e-05
2405400 7.5969859e-05 1.2664821e-05
2405600 7.0793113e-05 1.2466587e-05
2405800 7.2215433e-05 2.5016136e-05
2406000 8.826876e-05 2.8574415e-05
2406200 6.1390989e-05 3.8813807e-05
2406400 7.1833086e-05 1.8385108e-05
2406600 7.7033842e-05 4.1916236e-05
2406800 6.3539917e-05 3.9522259e-05
2407000 6.9969109e-05 1.7247852e-05
2407200 7.9012562e-05 1.1497749e-05
2407400 7.3505168e-05 3.0507188e-05
2407600 4.9481914e-05 2.4077049e-05
2407800 7.3081563e-05 4.004162e-05
2408000 6.8122883e-05 4.211046e-05
2408200 7.2782729e-05 3.7335704e-05
2408400 7.9372414e-05 2.8305286e-05
2408600 9.1723974e-05 3.2570226e-05
2408800 9.0434265e-05 3.7152478e-05
2409000 8.4068712e-05 4.9342072e-05
2409200 8.6973595e-05 6.4338837e-05
2409400 7.6945457e-05 3.0680711e-05
2409600 7.7238998e-05 2.6092748e-05
2409800 7.8100594e-05 6.7074008e-06
2410000 8.3563069e-05 2.3240436e-05
2410200 7.2784666e-05 1.4850537e-05
2410400 7.4715831e-05 3.010872e-05
2410600 7.1349342e-05 3.4611922e-05
2410800 6.2809329e-05 3.2450507e-05
2411000 7.1326367e-05 3.6266176e-05
2411200 8.8488923e-05 4.1867399e-05
2411400 6.5605488e-05 1.4070825e-05
2411600 7.0942714e-05 3.3278952e-05
2411800 7.2431389e-05 5.2304478e-06
2412000 6.6611474e-05 2.6500498e-05
2412200 9.6046255e-05 3.7785357e-05
2412400 7.1589262e-05 6.3359114e-06
2412600 8.2345464e-05 2.4063795e-05
2412800 9.7422134e-05 4.1830344e-05
2413000 8.1234225e-05 4.8230251e-05
2413200 8.062238e-05 2.7414509e-05
2413400 6.7671986e-05 2.8445822e-05
2413600 6.9772355e-05 1.7751457e-05
2413800 7.6592194e-05 2.9149881e-05
2414000 5.8018336e-05 3.6107905e-05
2414200 7.2783266e-05 1.3885331e-05
2414400 7.7657147e-05 4.1250724e-05
2414600 7.0348006e-05 4.4279976e-05
2414800 5.8245563e-05 2.6854045e-05
2415000 7.2388327e-05 3.5751602e-05
2415200 6.8784599e-05 4.035203e-05
2415400 7.0559632e-05 2.9944711e-05
2415600 8.2620399e-05 1.8430001e-05
2415800 5.2460965e-05 1.173993e-05
2416000 7.9619289e-05 2.9651831e-05
2416200 7.4540736e-05 2.7904849e-05
2416400 6.8902972e-05 4.6618547e-05
2416600 5.0046928e-05 2.7607935e-05
2416800 5.6321467e-05 1.7196296e-05
2417000 7.7223672e-05 4.100424e-05
2417200 6.6241149e-05 4.99174e-05
2417400 6.3586478e-05 3.0830124e-05
2417600 6.4199627e-05 4.6668635e-05
2417800 8.716036e-05 2.7357579e-05
2418000 7.7144602e-05 3.4895797e-05
2418200 8.6704476e-05 2.9641873e-05
2418400 7.0765499e-05 3.0193799e-05
2418600 8.4244257e-05 2.6200126e-05
2418800 9.669267e-05 2.2054958e-05
2419000 7.5673269e-05 2.6916374e-05
2419200 6.8494422e-05 4.5116613e-05
2419400 6.7058568e-05 3.2786517e-05
2419600 6.5141674e-05 2.2338466e-05
2419800 7.489691e-05 2.9015587e-05
2420000 6.9150858e-05 4.0064695e-05
2420200 7.8683386e-05 4.0053131e-05
2420400 7.515156e-05 4.5515527e-05
2420600 7.4801765e-05 1.1185778e-05
2420800 7.6339386e-05 1.7271507e-05
2421000 7.3301875e-05 3.1773335e-05
2421200 8.911113e-05 3.3685256e-05
2421400 7.9937208e-05 3.8085911e-05
2421600 7.5264652e-05 3.9012877e-05
2421800 6.7825432e-05 6.3828114e-05
2422000 6.7393366e-05 4.1566728e-05
2422200 7.8354915e-05 3.161677e-05
2422400 6.9288501e-05 2.1859733e-05
2422600 7.0810777e-05 2.1732493e-05
2422800 4.8083517e-05 1.8346375e-05
2423000 5.2792897e-05 1.5720095e-05
2423200 5.6414954e-05 7.934519e-06
2423400 7.8105708e-05 4.0315138e-06
2423600 8.7231691e-05 2.5880958e-05
2423800 8.4211662e-05 3.6506152e-05
2424000 7.3653427e-05 3.0307366e-05
2424200 5.6822034e-05 2.939679e-05
2424400 7.4181973e-05 4.8317196e-05
2424600 7.9342027e-05 5.1788144e-05
2424800 7.7568602e-05 3.7328277e-05
2425000 7.0005543e-05 5.0356118e-05
2425200 7.8693179e-05 3.9584346e-05
2425400 9.2264477e-05 5.4484388e-05
2425600 7.828549e-05 4.5158805e-05
2425800 7.5252616e-05 2.4156296e-05
2426000 7.7081262e-05 2.0832167e-05
2426200 8.0803102e-05 3.2840406e-05
2426400 8.4300868e-05 4.4409508e-05
2426600 8.0165269e-05 4.3295667e-05
2426800 9.8099533e-05 3.2050842e-05
2427000 9.1440381e-05 4.039197e-05
2427200 9.4079266e-05 3.5077085e-05
2427400 8.1809211e-05 1.9083471e-05
2427600 9.0493171e-05 1.6353026e-05
2427800 7.8536294e-05 2.1088358e-05
2428000 7.0951947e-05 3.3548872e-05
2428200 7.2861817e-05 3.3471725e-05
2428400 7.4438007e-05 2.5796101e-05
2428600 9.078164e-05 4.4055358e-05
2428800 8.985006e-05 3.6590453e-05
2429000 8.6298289e-05 2.6609584e-05
2429200 9.701219e-05 2.4325342e-05
2429400 8.4006731e-05 2.1310222e-05
2429600 8.2242683e-05 2.8736181e-05
2429800 8.8018683e-05 2.9139582e-05
2430000 7.3564459e-05 3.8253512e-05
2430200 7.8553615e-05 9.9803946e-06
2430400 8.8598222e-05 3.0839945e-05
2430600 0.00010976317 1.9356167e-05
2430800 8.4753273e-05 1.8301228e-05
2431000 6.9952326e-05 1.8152062e-05
2431200 7.3003916e-05 5.3106046e-06
2431400 8.6271474e-05 2.7184532e-05
2431600 8.7605515e-05 5.2938182e-06
2431800 6.7230624e-05 4.2215281e-05
2432000 8.2000756e-05 2.2163766e-05
2432200 0.00010035845 2.427357e-05
2432400 9.092141e-05 4.3609989e-05
2432600 8.4359233e-05 1.4450885e-05
2432800 8.5197807e-05 3.8574237e-05
2433000 5.8865947e-05 2.4007211e-05
2433200 7.6933777e-05 1.9000706e-05
2433400 6.7007851e-05 2.5617477e-05
2433600 7.1542688e-05 2.123323e-05
2433800 6.5297381e-05 1.9574959e-05
2434000 7.8229003e-05 2.426955e-05
2434200 6.7197319e-05 3.6693844e-05
2434400 9.3327301e-05 3.1084386e-05
2434600 8.258976e-05 7.8487932e-06
2434800 9.8777986e-05 2.1422558e-05
2435000 8.5275543e-05 3.1454433e-05
2435200 7.5092286e-05 3.3952663e-05
2435400 7.8976857e-05 3.3705016e-05
2435600 7.4248538e-05 2.2129453e-05
2435800 9.6101767e-05 1.8921489e-05
2436000 6.9476215e-05 1.5070785e-05
2436200 7.6832024e-05 1.8487373e-05
2436400 8.7261096e-05 3.6527055e-05
2436600 6.5470916e-05 2.7308488e-05
2436800 8.2808312e-05 1.7118479e-05
2437000 8.1886102e-05 1.7681659e-05
2437200 7.7933462e-05 2.5561629e-05
2437400 8.8367857e-05 2.632254e-05
2437600 8.4865191e-05 2.4036801e-05
2437800 7.7949793e-05 1.9889524e-05
2438000 8.0086189e-05 2.5480528e-05
2438200 5.5588195e-05 1.5408186e-05
2438400 8.9375038e-05 2.0218463e-05
2438600 7.1130468e-05 2.7852132e-05
2438800 7.0504246e-05 1.8792527e-05
2439000 5.9592332e-05 2.490112e-05
2439200 8.4998221e-05 2.0517419e-05
2439400 6.8211349e-05 2.3175112e-05
2439600 7.7881361e-05 1.2165112e-05
2439800 6.1551284e-05 3.2124092e-05
2440000 3.7615647e-05 1.8786744e-05
2440200 5.3117333e-05 2.6421857e-05
2440400 7.3552859e-05 1.5660729e-05
2440600 6.7836231e-05 3.5693298e-05
2440800 7.7661682e-05 2.9831279e-05
2441000 7.167644e-05 3.0410131e-05
2441200 7.2893156e-05 2.4879449e-05
2441400 6.9697868e-05 4.8095733e-05
2441600 7.0572339e-05 3.6821555e-05
2441800 6.9865611e-05 4.0497834e-05
2442000 6.3735308e-05 4.9930984e-05
2442200 6.5274192e-05 4.8933045e-05
2442400 7.8363284e-05 4.5006943e-05
2442600 8.3031486e-05 4.2914936e-05
2442800 7.9252277e-05 3.2877708e-05
2443000 7.0774224e-05 3.4123961e-05
2443200 6.2520815e-05 4.506192e-05
2443400 6.5449434e-05 4.1493065e-05
2443600 6.297981e-05 4.095036e-05
2443800 7.1745556e-05 3.2004027e-05
2444000 7.7497033e-05 2.9034035e-05
2444200 5.9570166e-05 3.1868776e-05
2444400 6.2479885e-05 3.1488521e-05
2444600 6.065181e-05 4.5238725e-05
2444800 6.5472432e-05 3.9005326e-05
2445000 7.4640199e-05 2.1904536e-05
2445200 6.1345846e-05 3.8263461e-05
2445400 9.3300645e-05 3.2804316e-05
2445600 5.6049969e-05 2.0861385e-05
2445800 6.3702006e-05 2.6103623e-05
2446000 4.7576921e-05 2.9637953e-05
2446200 7.0160071e-05 3.7525424e-05
2446400 5.7671305e-05 2.1739895e-05
2446600 6.4765667e-05 2.1539245e-05
2446800 6.29517e-05 3.0704583e-05
2447000 6.0950402e-05 1.7116371e-05
2447200 6.4649794e-05 6.7656363e-06
2447400 8.0224655e-05 2.9436475e-05
2447600 6.5892284e-05 3.5436909e-05
2447800 6.3890522e-05 3.1572682e-05
2448000 8.6897173e-05 1.4196562e-05
2448200 7.7736139e-05 1.8659304e-05
2448400 7.4360759e-05 1.8752048e-05
2448600 8.1961385e-05 2.9899017e-05
2448800 7.2440725e-05 1.6015669e-05
2449000 5.498194e-05 1.9153744e-05
2449200 7.5706725e-05 6.2310741e-06
2449400 7.5645099e-05 1.9320392e-05
2449600 8.0202008e-05 1.2590621e-05
2449800 7.9281445e-05 1.1810048e-05
2450000 6.6306843e-05 2.2116365e-05
2450200 7.6736834e-05 1.8031296e-05
2450400 5.479718e-05 2.2028615e-05
2450600 5.9677337e-05 2.8921552e-05
2450800 7.1289333e-05 1.2840774e-05
2451000 6.5195142e-05 3.8794829e-05
2451200 4.3484814e-05 2.8956305e-05
2451400 6.068563e-05 4.2358715e-05
2451600 5.5287184e-05 2.1027482e-05
2451800 7.625919e-05 1.3477869e-05
2452000 6.5275488e-05 3.2845717e-05
2452200 7.2842199e-05 2.3981971e-05
2452400 6.2562233e-05 3.1863621e-05
2452600 7.108849e-05 3.2411606e-05
2452800 3.5289564e-05 1.7236887e-05
2453000 3.1184333e-05 4.2746575e-06
2453200 4.2222021e-05 1.1880622e-05
2453400 4.2156717e-05 1.8186852e-05
2453600 6.9594264e-05 3.0527711e-05
2453800 8.6006467e-05 2.9595053e-05
2454000 7.2011602e-05 3.9648465e-05
2454200 6.6744194e-05 1.6895437e-05
2454400 8.0339813e-05 4.2958175e-05
2454600 7.21569e-05 2.6174307e-05
2454800 7.4563685e-05 2.6548465e-05
2455000 9.3550419e-05 2.8143585e-05
2455200 9.3245072e-05 2.5021796e-05
2455400 7.1065223e-05 1.8583608e-05
2455600 8.2365887e-05 2.4920489e-05
2455800 7.9706457e-05 4.9423846e-05
2456000 7.6340986e-05 2.106602e-05
2456200 9.4238743e-05 2.5765737e-05
2456400 8.9997712e-05 2.2098314e-05
2456600 9.6828368e-05 3.4533246e-05
2456800 7.2389301e-05 3.8790252e-05
2457000 8.6887456e-05 3.3909128e-05
2457200 8.0501435e-05 2.9519541e-05
2457400 4.8880335e-05 3.5886138e-05
2457600 6.7624552e-05 2.4161333e-05
2457800 5.9549345e-05 4.6121811e-05
2458000 6.9077848e-05 4.2439914e-05
2458200 6.4411224e-05 2.5973592e-05
2458400 6.2746803e-05 1.9744757e-05
2458600 5.7493814e-05 2.30609e-05
2458800 7.5043512e-05 2.9149786e-05
2459000 6.7713284e-05 1.7021988e-05
2459200 8.165668e-05 2.2209944e-05
2459400 8.023553e-05 2.2686762e-05
2459600 6.8451797e-05 1.3654828e-05
2459800 7.9529939e-05 9.8307507e-06
2460000 9.1193418e-05 2.7558477e-05
2460200 6.7702861e-05 2.1941606e-05
2460400 7.9147397e-05 8.344876e-06
2460600 7.3753845e-05 1.781499e-05
2460800 8.3168592e-05 1.8165096e-05
2461000 6.9643738e-05 1.8809898e-05
2461200 5.3923764e-05 1.2334493e-05
2461400 6.5187655e-05 3.7825104e-05
2461600 5.2449587e-05 9.6394512e-06
2461800 6.3142936e-05 2.2665506e-05
2462000 8.6378375e-05 2.1283893e-05
2462200 8.272964e-05 3.2281431e-05
2462400 5.9119639e-05 2.1521852e-05
2462600 8.679475e-05 4.4720196e-05
2462800 7.3004749e-05 2.9315894e-05
2463000 7.9005645e-05 4.3883688e-05
2463200 6.535776e-05 1.7966812e-05
2463400 6.3240341e-05 3.220269e-05
2463600 8.1063345e-05 2.6747821e-05
2463800 7.6787425e-05 2.4239369e-05
2464000 7.2282846e-05 1.8811484e-05
2464200 6.3871389e-05 1.526211e-05
2464400 6.8570782e-05 1.9561944e-05
2464600 6.5235405e-05 1.1351553e-05
2464800 7.5595372e-05 2.3570924e-05
2465000 8.5186673e-05 2.0054657e-05
2465200 7.1934652e-05 4.3130476e-06
2465400 5.7687394e-05 1.5945778e-05
2465600 8.2662727e-05 1.6326639e-05
2465800 7.8603164e-05 2.7494333e-05
2466000 5.7524228e-05 3.5857899e-05
2466200 6.2549551e-05 2.5633123e-05
2466400 7.7698951e-05 3.5173032e-05
2466600 0.00010004891 3.0052912e-05
2466800 8.3310882e-05 2.459533e-05
2467000 8.7938563e-05 1.4879999e-05
2467200 9.2230678e-05 2.6884225e-05
2467400 9.0005177e-05 1.0352595e-05
2467600 6.7946109e-05 1.7649685e-05
2467800 7.2336969e-05 2.3453791e-05
2468000 8.080478e-05 4.0309523e-05
2468200 6.3820498e-05 3.8111782e-05
2468400 5.7822302e-05 2.6134812e-05
2468600 8.1317279e-05 1.0398995e-05
2468800 7.5580697e-05 9.8383814e-06
2469000 5.5789456e-05 1.4690252e-05
2469200 6.8649459e-05 2.4895463e-05
2469400 7.2015041e-05 1.4452099e-05
2469600 6.8857461e-05 1.5558251e-05
2469800 6.4272012e-05 1.771319e-05
2470000 6.4817229e-05 2.428575e-05
2470200 7.1405989e-05 1.7544262e-05
2470400 5.8646099e-05 3.3491598e-05
2470600 6.3215118e-05 1.0430974e-05
2470800 5.9993761e-05 3.7969265e-05
2471000 5.976934e-05 2.5811519e-05
2471200 7.3671033e-05 1.6864526e-05
2471400 6.9909122e-05 3.3536793e-05
2471600 5.9803593e-05 2.9316051e-06
2471800 7.2953319e-05 1.223114e-05
2472000 5.874717e-05 3.7777491e-06
2472200 6.9616303e-05 6.0025782e-06
2472400 6.8347207e-05 2.8086197e-05
2472600 6.7748216e-05 2.7357796e-05
2472800 8.1269446e-05 8.4200458e-06
2473000 9.9374875e-05 3.4419134e-05
2473200 0.00011004922 2.2932822e-05
2473400 8.7537498e-05 3.6090873e-05
2473600 8.8174979e-05 3.1440772e-05
2473800 6.1753062e-05 2.7195659e-05
2474000 8.7491751e-05 3.114582e-05
2474200 6.6463478e-05 2.7180499e-05
2474400 5.7649317e-05 1.8986098e-06
2474600 8.554267e-05 2.3701708e-05
2474800 9.3879018e-05 4.0590887e-05
2475000 9.2308706e-05 3.0736097e-05
2475200 7.5890994e-05 3.2410011e-05
2475400 6.2087603e-05 2.0286504e-05
2475600 5.5136918e-05 2.7881374e-05
2475800 7.8314168e-05 2.1197249e-05
2476000 5.8339615e-05 2.1938725e-05
2476200 6.2553171e-05 2.52185e-05
2476400 6.3207135e-05 2.5800123e-05
2476600 6.6523601e-05 4.080228e-05
2476800 7.966125e-05 4.3459319e-05
2477000 7.185183e-05 2.1608127e-05
2477200 6.784745e-05 1.8492587e-05
2477400 5.9951371e-05 2.3439913e-05
2477600 8.978597e-05 2.35029e-05
2477800 9.0719931e-05 2.5850908e-05
2478000 7.8415846e-05 3.0651606e-05
2478200 7.0618018e-05 1.6512303e-05
2478400 7.632841e-05 2.8490508e-05
2478600 6.4032179e-05 1.317727e-05
2478800 7.3935221e-05 3.0511324e-05
2479000 8.3978394e-05 2.5973454e-05
2479200 8.5980254e-05 2.9999454e-05
2479400 5.2297036e-05 2.2588446e-05
2479600 7.5932159e-05 4.3505436e-05
2479800 5.3591691e-05 9.2537385e-06
2480000 6.9387011e-05 1.6214183e-05
2480200 5.7777677e-05 2.9869745e-05
2480400 6.667652e-05 2.4172394e-05
2480600 8.3064106e-05 2.8656167e-05
2480800 5.3898009e-05 2.6173876e-05
2481000 6.1338894e-05 1.9596278e-05
2481200 7.5936886e-05 1.8225611e-05
2481400 6.296703e-05 1.9095612e-05
2481600 6.1990338e-05 1.7219279e-05
2481800 6.9780118e-05 2.0239576e-05
2482000 6.4192024e-05 2.0072298e-05
2482200 5.5955605e-05 2.0229116e-05
2482400 7.3009696e-05 3.2248534e-05
2482600 8.5926072e-05 4.3047388e-05
2482800 6.9541008e-05 2.544398e-05
2483000 5.3406496e-05 2.3020323e-05
2483200 6.9709033e-05 4.1646826e-05
2483400 6.7736003e-05 4.009626e-05
2483600 6.0737979e-05 3.6042917e-05
2483800 7.4328954e-05 4.8651964e-05
2484000 6.4710682e-05 3.5210838e-05
2484200 7.5092206e-05 2.8332189e-05
2484400 8.0334968e-05 4.6011789e-05
2484600 6.3926295e-05 1.9150726e-05
2484800 6.0001086e-05 1.8639906e-05
2485000 6.9407369e-05 2.1310225e-05
2485200 6.1808403e-05 2.3787617e-05
2485400 6.3846325e-05 2.747054e-05
2485600 8.5246279e-05 1.9564259e-05
2485800 7.408903e-05 8.1355559e-06
2486000 8.7267024e-05 1.6968619e-05
2486200 7.8573685e-05 3.5040666e-05
2486400 6.5464382e-05 2.4579535e-05
2486600 7.0486521e-05 1.8678983e-05
2486800 7.1773738e-05 2.880942e-05
2487000 6.9379547e-05 2.5254161e-05
2487200 8.7937928e-05 3.7889626e-05
2487400 7.4218048e-05 3.478623e-05
2487600 5.4761793e-05 1.8048283e-05
2487800 4.0998749e-05 7.1190937e-06
2488000 6.4067429e-05 2.2856135e-05
2488200 5.9959226e-05 2.862855e-05
2488400 5.1335888e-05 1.6113422e-05
2488600 6.3058608e-05 1.0422217e-05
2488800 5.6311909e-05 2.5117391e-05
2489000 4.3470246e-05 2.4491698e-05
2489200 4.9228626e-05 2.9349136e-05
2489400 6.8474438e-05 2.5072502e-05
2489600 6.0080748e-05 2.542182e-05
2489800 5.5783852e-05 2.2953754e-05
2490000 6.9898917e-05 2.1368157e-05
2490200 6.1743451e-05 9.3240211e-06
2490400 9.1869126e-05 1.4605042e-05
2490600 6.0967174e-05 2.8068269e-05
2490800 5.255036e-05 1.5266696e-05
2491000 6.6051962e-05 3.4110234e-05
2491200 7.4823837e-05 1.70437e-05
2491400 6.8074195e-05 3.0723147e-05
2491600 5.7013409e-05 2.3543553e-05
2491800 7.5046751e-05 2.8710391e-05
2492000 6.3366849e-05 2.8334808e-05
2492200 6.0277161e-05 3.0857878e-05
2492400 6.3445747e-05 4.3573782e-05
2492600 6.1152697e-05 2.971761e-05
2492800 5.9822203e-05 2.5671719e-05
2493000 4.4810493e-05 3.771822e-05
2493200 8.5136654e-05 4.1064266e-05
2493400 6.3248188e-05 1.7427159e-05
2493600 4.1000161e-05 2.5339378e-05
2493800 6.5072451e-05 2.2218208e-05
2494000 5.4799091e-05 1.0763181e-06
2494200 4.8249941e-05 1.6622093e-05
2494400 7.0563572e-05 1.0543551e-05
2494600 5.9218301e-05 3.0882143e-05
2494800 6.4736995e-05 3.5516824e-05
2495000 6.178688e-05 1.3927712e-05
2495200 6.716297e-05 1.1899339e-05
2495400 6.0830804e-05 1.2601575e-05
2495600 4.9964148e-05 2.8853031e-05
2495800 7.3753459e-05 2.2295121e-05
2496000 5.7155502e-05 2.8761201e-05
2496200 6.0567251e-05 1.2418132e-05
2496400 5.8138617e-05 1.9580216e-05
2496600 7.5595157e-05 1.4478992e-05
2496800 5.099649e-05 3.1890016e-06
2497000 7.7149234e-05 1.1421797e-05
2497200 6.0325159e-05 2.8991075e-05
2497400 5.0026813e-05 6.3764705e-06
2497600 8.4912526e-05 9.0271836e-06
2497800 7.3734458e-05 2.2404624e-05
2498000 6.3050623e-05 2.0647773e-05
2498200 7.3895703e-05 2.2000883e-05
2498400 6.7207376e-05 2.6375924e-05
2498600 5.0776866e-05 2.8793344e-05
2498800 5.9187353e-05 2.6602529e-05
2499000 7.2538716e-05 3.9478964e-05
2499200 7.6529245e-05 2.2623753e-05
2499400 7.4784826e-05 2.7094345e-05
2499600 6.0228628e-05 2.4550511e-05
2499800 6.8376572e-05 2.204732e-05
2500000 9.1048017e-05 2.6256649e-05
2500200 0.00010783851 1.099549e-05
2500400 8.9366801e-05 2.1043485e-05
2500600 6.6163232e-05 6.6433812e-06
2500800 6.5696569e-05 2.4222882e-05
2501000 7.2823231e-05 7.9043771e-06
2501200 7.2176022e-05 2.3430044e-05
2501400 7.6419982e-05 1.3125831e-05
2501600 8.0640013e-05 2.2949475e-06
2501800 7.2795304e-05 3.4612257e-05
2502000 7.2261914e-05 3.9076007e-05
2502200 6.6366845e-05 2.0478982e-05
2502400 8.4404411e-05 1.9905632e-05
2502600 7.3077498e-05 2.6013737e-05
2502800 5.4135086e-05 1.4694587e-05
2503000 8.218143e-05 2.0622379e-05
2503200 6.4210547e-05 1.0383914e-05
2503400 7.1355637e-05 6.6797297e-07
2503600 5.9553876e-05 1.3512518e-05
2503800 6.7839638e-05 1.6004227e-05
2504000 7.2324758e-05 6.5370289e-06
2504200 7.9200005e-05 2.338522e-05
2504400 6.0542671e-05 1.8076667e-05
2504600 6.214115e-05 6.3374202e-06
2504800 6.4861773e-05 2.2587863e-06
2505000 7.6817815e-05 2.3661112e-05
2505200 7.768144e-05 1.63908e-05
2505400 4.7606431e-05 1.9116651e-05
2505600 6.1794596e-05 2.6777045e-05
2505800 6.4882551e-05 7.8952563e-06
2506000 4.2590334e-05 5.7039513e-06
2506200 6.2317395e-05 5.7580009e-06
2506400 4.989891e-05 2.1446177e-05
2506600 4.6118629e-05 2.4137294e-05
2506800 5.2683224e-05 1.4569061e-05
2507000 7.20544e-05 1.2548396e-05
2507200 5.4375421e-05 1.098242e-05
2507400 5.452013e-05 1.6435959e-05
2507600 5.4005199e-05 3.5456971e-05
2507800 6.6291026e-05 2.965661e-05
2508000 8.0361908e-05 2.1200595e-05
2508200 7.1826621e-05 1.9860212e-05
2508400 8.3958353e-05 1.9668914e-05
2508600 6.6283868e-05 3.5934584e-05
2508800 5.9219761e-05 2.2315551e-05
2509000 6.6099368e-05 1.3592725e-05
2509200 5.1206787e-05 1.9255581e-05
2509400 5.0011563e-05 2.7183104e-05
2509600 5.3927095e-05 1.4837434e-05
2509800 5.4112599e-05 2.8069938e-05
2510000 5.9456293e-05 3.3954114e-05
2510200 7.9678641e-05 2.0235457e-05
2510400 6.3825154e-05 1.2478977e-05
2510600 4.3260996e-05 2.2117089e-05
2510800 4.7613315e-05 3.0610578e-05
2511000 5.7178182e-05 1.1825754e-05
2511200 3.8730689e-05 2.3613184e-05
2511400 5.2708308e-05 2.7588426e-05
2511600 7.0809903e-05 3.9336184e-05
2511800 6.6972332e-05 2.8262093e-05
2512000 7.1855096e-05 2.5875043e-05
2512200 6.7038476e-05 1.1306356e-05
2512400 6.397e-05 2.0503616e-05
2512600 6.3556706e-05 1.1693324e-05
2512800 6.1697597e-05 3.8456267e-05
2513000 5.0359018e-05 1.5550627e-05
2513200 6.2862345e-05 2.2330031e-05
2513400 4.8122929e-05 2.8488163e-05
2513600 5.839152e-05 1.7875594e-05
2513800 5.5155762e-05 1.6232129e-05
2514000 6.1833586e-05 2.3305335e-05
2514200 6.1634829e-05 3.4731255e-05
2514400 5.8136261e-05 2.6943391e-05
2514600 4.7334901e-05 2.5645564e-05
2514800 6.4629323e-05 2.466205e-05
2515000 6.924599e-05 2.3028254e-05
2515200 6.2735666e-05 4.7146228e-05
2515400 5.7662368e-05 3.6517477e-05
2515600 5.9650413e-05 3.5143711e-05
2515800 6.1435109e-05 2.3889202e-05
2516000 6.267038e-05 3.0273083e-05
2516200 7.0082855e-05 2.6857753e-05
2516400 5.3619503e-05 1.5842488e-05
2516600 5.8716779e-05 1.2396518e-05
2516800 6.315423e-05 2.3752103e-05
2517000 6.5926108e-05 1.3319858e-05
2517200 7.0864494e-05 2.3063674e-05
2517400 6.1057763e-05 2.0885019e-05
2517600 4.3170921e-05 1.775194e-05
2517800 5.6844536e-05 2.0652728e-05
2518000 7.1299273e-05 1.8390922e-05
2518200 9.4734816e-05 1.9219278e-05
2518400 7.9244008e-05 1.4867329e-05
2518600 5.042332e-05 1.8662918e-05
2518800 6.5065019e-05 1.0690714e-05
2519000 5.9333582e-05 2.3269333e-05
2519200 5.7406897e-05 1.6311635e-05
2519400 5.8384359e-05 1.4145444e-05
2519600 5.4643347e-05 3.1979846e-05
2519800 6.6234073e-05 2.7455287e-05
2520000 6.8902385e-05 2.4481883e-05
2520200 6.5385886e-05 1.7012638e-05
2520400 5.7103419e-05 8.8385075e-06
2520600 5.7566705e-05 1.3315293e-05
2520800 6.380779e-05 1.1578464e-05
2521000 7.4559801e-05 1.0451024e-05
2521200 6.5989644e-05 1.8699715e-05
2521400 7.2020421e-05 5.2456724e-06
2521600 6.0452315e-05 1.6205768e-05
2521800 7.0882923e-05 1.8535866e-05
2522000 7.3432694e-05 1.759972e-05
2522200 0.00010017144 2.521472e-05
2522400 7.9114235e-05 4.8685445e-05
2522600 6.7872937e-05 3.6938949e-05
2522800 8.351439e-05 3.2353704e-05
2523000 8.0506814e-05 2.716607e-05
2523200 6.3583492e-05 3.5317682e-05
2523400 7.0110095e-05 3.7359506e-05
2523600 4.8341173e-05 3.1924934e-05
2523800 7.4518773e-05 2.4938974e-05
2524000 8.6000976e-05 2.9663811e-05
2524200 7.8381219e-05 2.8993188e-05
2524400 8.3607931e-05 3.1117389e-05
2524600 7.6597823e-05 1.6940773e-05
2524800 7.9675745e-05 2.5364725e-05
2525000 7.000982e-05 2.8421067e-05
2525200 5.9821028e-05 3.5158987e-05
2525400 5.6244284e-05 2.9479554e-05
2525600 5.9916467e-05 1.0630624e-05
2525800 6.9630187e-05 1.4148338e-05
2526000 7.0252932e-05 3.0320261e-05
2526200 7.4784865e-05 1.5142788e-05
2526400 8.2944539e-05 2.2556571e-05
2526600 8.5937102e-05 1.8531325e-05
2526800 9.5337166e-05 2.1394843e-05
2527000 7.2841001e-05 1.2068969e-05
2527200 9.1247068e-05 2.2307342e-05
2527400 7.0592645e-05 2.4262705e-05
2527600 7.4635662e-05 3.0364302e-05
2527800 8.7713723e-05 4.410125e-05
2528000 6.5876336e-05 3.2093847e-05
2528200 7.8655542e-05 3.3343383e-05
2528400 7.5819424e-05 3.6639326e-05
2528600 6.2400484e-05 2.5548361e-05
2528800 7.372142e-05 1.9142667e-05
2529000 6.6052449e-05 1.5270435e-05
2529200 9.605015e-05 2.3562078e-05
2529400 8.1752583e-05 2.0308489e-05
2529600 6.2153216e-05 1.590405e-05
2529800 6.7507406e-05 4.1487477e-05
2530000 7.4583195e-05 2.7506738e-05
2530200 7.3769617e-05 2.6571002e-05
2530400 7.6055902e-05 2.1571427e-05
2530600 9.4454908e-05 2.3744344e-05
2530800 8.252499e-05 2.7518845e-05
2531000 7.9109429e-05 2.3926956e-05
2531200 6.9325617e-05 2.8367835e-05
2531400 7.3209656e-05 1.0893874e-05
2531600 7.3239616e-05 1.5992345e-05
2531800 6.8003806e-05 7.3028951e-06
2532000 7.1031192e-05 1.7706684e-05
2532200 7.6223433e-05 2.5317732e-05
2532400 7.7360329e-05 2.7291916e-05
2532600 8.3334098e-05 1.9016405e-05
2532800 8.8002717e-05 3.6006088e-05
2533000 9.1788723e-05 1.8115767e-05
2533200 8.9779873e-05 1.9596425e-05
2533400 6.7125334e-05 1.4060043e-05
2533600 7.2824264e-05 1.6635992e-05
2533800 7.901167e-05 7.0357915e-06
2534000 5.5787477e-05 1.7678201e-05
2534200 6.2670434e-05 6.1849304e-06
2534400 6.9799795e-05 1.4800449e-05
2534600 7.3720283e-05 2.0331923e-05
2534800 6.9156077e-05 1.9050074e-05
2535000 7.2678557e-05 1.6124833e-05
2535200 5.8658198e-05 1.6038973e-05
2535400 7.7165669e-05 1.4400032e-05
2535600 6.8119134e-05 1.3161288e-05
2535800 5.5663084e-05 2.482114e-05
2536000 7.3008457e-05 2.5031472e-05
2536200 8.6252485e-05 2.2813408e-05
2536400 6.8068518e-05 1.0021134e-05
2536600 5.8527152e-05 9.3264262e-06
2536800 7.3684984e-05 1.636348e-05
2537000 7.5444543e-05 1.9255966e-05
2537200 6.6764154e-05 1.844035e-05
2537400 6.2639443e-05 1.2858479e-05
2537600 7.5082014e-05 2.7577595e-05
2537800 5.8116466e-05 1.3799875e-05
2538000 8.6490247e-05 2.3723633e-05
2538200 6.3550615e-05 3.3618724e-05
2538400 7.5475839e-05 1.7464415e-05
2538600 7.5487817e-05 3.8007827e-06
2538800 9.1692614e-05 4.6513021e-05
2539000 8.3355406e-05 3.0633367e-05
2539200 7.222018e-05 1.8776221e-05
2539400 7.5060751e-05 4.3569892e-05
2539600 6.233975e-05 1.5801949e-05
2539800 7.5406429e-05 1.3975242e-05
2540000 6.8856725e-05 1.8867362e-05
2540200 6.9263454e-05 2.0722961e-05
2540400 7.3306731e-05 2.8258919e-05
2540600 9.2691686e-05 9.4137686e-06
2540800 0.00010215676 3.0162514e-05
2541000 9.1187587e-05 1.67322e-05
2541200 0.00010298198 3.1867196e-05
2541400 7.4110424e-05 1.5776205e-05
2541600 5.6349588e-05 7.6895532e-06
2541800 6.8936067e-05 6.9055069e-06
2542000 7.6781763e-05 2.2740874e-05
2542200 8.1514724e-05 2.7329218e-05
2542400 8.4587841e-05 3.9509779e-06
2542600 8.9864409e-05 9.0025297e-06
2542800 8.6796782e-05 9.3413457e-06
2543000 7.4276236e-05 4.9993613e-06
2543200 9.4151619e-05 9.9498224e-06
2543400 8.4526039e-05 1.4539002e-05
2543600 8.9722926e-05 1.2199342e-05
2543800 8.7518236e-05 2.5761314e-05
2544000 8.9640586e-05 1.0559878e-05
2544200 7.3329285e-05 6.5552791e-06
2544400 8.1573849e-05 1.4243218e-05
2544600 6.9697806e-05 1.1285079e-05
2544800 8.4554917e-05 1.127091e-05
2545000 5.739999e-05 1.6309787e-05
2545200 8.4070458e-05 1.2618294e-05
2545400 8.0970453e-05 5.0424615e-06
2545600 8.9580743e-05 3.3656579e-06
2545800 8.6404132e-05 2.5877317e-05
2546000 7.392842e-05 9.2821139e-06
2546200 7.7221507e-05 2.4910972e-05
2546400 8.1707295e-05 1.2832433e-05
2546600 8.0340004e-05 1.6238856e-05
2546800 7.4693602e-05 1.3147762e-05
2547000 6.9325724e-05 9.2728695e-06
2547200 8.5931193e-05 7.2209984e-06
2547400 7.6057435e-05 4.8251349e-06
2547600 8.287627e-05 1.9577599e-05
2547800 8.3312918e-05 4.3951046e-06
2548000 7.4930257e-05 7.7699196e-06
2548200 8.0979085e-05 1.6862769e-05
2548400 7.8752298e-05 2.7173914e-05
2548600 9.0790519e-05 8.6977028e-06
2548800 9.496061e-05 4.2538939e-06
2549000 6.9437133e-05 1.0284409e-05
2549200 7.710192e-05 1.3119067e-05
2549400 8.1615502e-05 7.811067e-06
2549600 8.4531166e-05 1.0949211e-05
2549800 8.2778743e-05 1.821034e-06
2550000 7.324176e-05 5.5223138e-06
2550200 8.5591272e-05 3.6435435e-06
2550400 9.30036e-05 1.5969996e-05
2550600 0.00010814385 1.7344523e-05
2550800 6.5857354e-05 6.2697258e-06
2551000 8.6876487e-05 1.3984344e-05
2551200 7.0372195e-05 1.1551267e-05
2551400 7.2969587e-05 1.4550948e-05
2551600 5.8880763e-05 2.1914395e-05
2551800 7.5196466e-05 3.2712961e-06
2552000 6.7133531e-05 1.8783075e-05
2552200 6.4829879e-05 1.8244135e-05
2552400 6.1748948e-05 6.0044057e-06
2552600 5.4198882e-05 2.6214273e-05
2552800 5.9441802e-05 1.732913e-05
2553000 6.7625445e-05 6.1726497e-06
2553200 7.8312335e-05 2.7582457e-05
2553400 8.9879688e-05 1.0225405e-05
2553600 9.0788034e-05 1.3291249e-05
2553800 6.3144179e-05 1.3460061e-05
2554000 7.1697046e-05 2.4893352e-05
2554200 8.3674719e-05 1.8513566e-05
2554400 0.00010585987 2.0577576e-05
2554600 0.00010461947 2.9067411e-05
2554800 8.5460453e-05 2.2322046e-06
2555000 8.0513029e-05 1.9267849e-05
2555200 9.8302013e-05 3.056469e-05
2555400 8.3399453e-05 1.4431525e-05
2555600 9.9748032e-05 1.1549172e-05
2555800 8.3198321e-05 6.9846653e-06
2556000 6.8383223e-05 2.7412523e-05
2556200 6.7739282e-05 4.5504852e-06
2556400 7.9029303e-05 1.291167e-05
2556600 7.5683354e-05 1.572788e-05
2556800 7.1673287e-05 6.7906453e-06
2557000 7.2067478e-05 1.9088139e-05
2557200 6.8229322e-05 1.7899719e-05
2557400 8.3975242e-05 1.0873024e-05
2557600 8.6746961e-05 2.3895875e-05
2557800 9.2336498e-05 1.3851417e-05
2558000 6.5271657e-05 1.602508e-05
2558200 8.0770769e-05 2.2324104e-05
2558400 8.7104688e-05 2.1379709e-05
2558600 8.4345922e-05 2.5618786e-05
2558800 8.0975293e-05 1.6207973e-05
2559000 9.088206e-05 2.6734531e-05
2559200 9.8999459e-05 2.5380295e-05
2559400 9.5252426e-05 1.8480962e-05
2559600 9.8550921e-05 2.0941922e-05
2559800 9.7470301e-05 9.1704355e-06
2560000 9.8295979e-05 8.4499324e-06
2560200 8.9330863e-05 1.3782883e-05
2560400 9.3706842e-05 3.3891071e-06
2560600 8.6840924e-05 1.259213e-05
2560800 8.2949134e-05 1.5988132e-05
2561000 7.9504917e-05 7.682894e-06
2561200 8.4266581e-05 1.388312e-05
2561400 6.7714601e-05 7.7365676e-06
2561600 9.6036916e-05 4.6086977e-06
2561800 8.0515548e-05 1.2289899e-05
2562000 8.8396159e-05 1.1700951e-05
2562200 9.2911635e-05 3.4588324e-06
2562400 0.00010697192 1.2966397e-05
2562600 7.0084649e-05 1.7718516e-05
2562800 9.0981139e-05 2.0079782e-05
2563000 7.8677573e-05 5.6058579e-06
2563200 6.8066631e-05 2.1480792e-05
2563400 8.1782128e-05 1.162607e-05
2563600 0.00010121734 5.333562e-06
2563800 8.3960678e-05 7.1864862e-06
2564000 7.6670328e-05 2.1579076e-05
2564200 8.5619749e-05 2.0158833e-05
2564400 9.1325069e-05 2.841328e-05
2564600 7.7563128e-05 1.099524e-05
2564800 7.9943214e-05 2.416771e-05
2565000 9.1594132e-05 1.2512562e-05
2565200 8.2909411e-05 1.8425163e-06
2565400 7.0638475e-05 5.4006525e-06
2565600 6.3068726e-05 1.8868333e-05
2565800 8.2904286e-05 1.1037643e-05
2566000 8.1239916e-05 1.7213428e-05
2566200 8.6975353e-05 1.5443354e-05
2566400 9.1900794e-05 2.9352776e-05
2566600 7.0245158e-05 2.770201e-05
2566800 8.765084e-05 2.0757103e-05
2567000 9.2853699e-05 1.4308635e-05
2567200 7.9385726e-05 3.988038e-05
2567400 8.3710721e-05 1.1571257e-05
2567600 8.8460297e-05 2.8518384e-05
2567800 7.3783207e-05 3.9074084e-05
2568000 8.835301e-05 2.9966267e-05
2568200 9.2064797e-05 6.8455887e-06
2568400 9.789966e-05 3.8477641e-06
2568600 8.2600273e-05 2.653147e-05
2568800 0.00011341164 1.2861435e-05
2569000 0.00010649418 4.3681235e-06
2569200 9.6093335e-05 1.1786422e-05
2569400 8.9860678e-05 4.8907508e-06
2569600 9.4134302e-05 1.2585478e-05
2569800 9.4436844e-05 1.4635558e-05
2570000 0.0001029806 1.0639975e-05
2570200 8.4081221e-05 1.4382156e-05
2570400 9.5816142e-05 2.7277341e-05
2570600 7.3170211e-05 1.3794336e-05
2570800 7.8817338e-05 1.5760571e-05
2571000 8.4818242e-05 2.2506111e-05
2571200 9.2651836e-05 1.7723645e-05
2571400 0.00010668382 1.5845763e-05
2571600 7.1597741e-05 2.9693784e-05
2571800 8.9215149e-05 4.210423e-06
2572000 0.0001014301 2.1225499e-05
2572200 9.306135e-05 5.0833124e-06
2572400 9.5456047e-05 7.7004523e-06
2572600 8.6802667e-05 2.0651714e-06
2572800 8.3613993e-05 2.3685338e-06
2573000 9.3015543e-05 1.6719054e-05
2573200 0.00011071126 3.1171054e-05
2573400 8.7249264e-05 3.339275e-05
2573600 9.0051177e-05 1.59379e-05
2573800 9.2830157e-05 7.1659606e-06
2574000 8.9923308e-05 9.1496562e-06
2574200 7.3226207e-05 9.9763203e-06
2574400 9.6999405e-05 2.4670687e-05
2574600 9.7244832e-05 3.3567935e-05
2574800 9.445534e-05 3.386987e-06
2575000 9.7053751e-05 2.1760932e-05
2575200 7.7186008e-05 4.6694188e-06
2575400 7.6480555e-05 6.3422644e-06
2575600 9.8607911e-05 1.5142031e-05
2575800 0.00011387313 1.2385834e-05
2576000 0.00012656416 1.165623e-05
2576200 0.00011277734 1.6885415e-05
2576400 0.00010271544 1.0582569e-05
2576600 9.230469e-05 1.4773237e-05
2576800 8.6852588e-05 3.0678478e-06
2577000 9.2479603e-05 9.9785426e-06
2577200 7.2221117e-05 1.2219287e-05
2577400 0.00010088569 1.734804e-05
2577600 9.0406697e-05 2.8483048e-05
2577800 9.2084447e-05 2.4816634e-05
2578000 0.00010776419 1.437475e-05
2578200 0.00010306763 1.2784041e-05
2578400 0.00010031182 2.0142891e-05
2578600 0.00010483693 9.5530668e-06
2578800 0.00010278545 9.5820184e-06
2579000 9.2475218e-05 7.7385506e-06
2579200 8.5242005e-05 1.5092535e-05
2579400 8.2063988e-05 2.1253088e-05
2579600 8.3050263e-05 2.1315081e-05
2579800 8.5152531e-05 1.8003903e-05
2580000 9.4635081e-05 9.1236731e-06
2580200 7.9710514e-05 1.7490209e-05
2580400 9.2033652e-05 5.6287951e-06
2580600 0.00010360707 1.5064526e-05
2580800 9.586096e-05 2.8007642e-05
2581000 8.5781983e-05 9.264935e-06
2581200 9.2176542e-05 6.8009872e-06
2581400 9.5949438e-05 1.4475566e-05
2581600 8.0079584e-05 1.7666778e-05
2581800 9.8374476e-05 2.3014868e-05
2582000 8.98195e-05 2.6091564e-05
2582200 8.1354015e-05 2.1506866e-05
2582400 8.6087328e-05 3.1922261e-05
2582600 9.6465684e-05 3.654424e-05
2582800 0.00010208566 8.29663e-06
2583000 0.00010238774 2.8046994e-05
2583200 9.1958159e-05 1.7435703e-05
2583400 0.00010498071 4.1699751e-05
2583600 9.5918942e-05 2.2101225e-05
2583800 9.1019954e-05 1.4558139e-05
2584000 8.7685697e-05 6.4374168e-06
2584200 0.00010908752 1.6087796e-05
2584400 9.8034941e-05 1.6055965e-05
2584600 9.6654192e-05 7.9071526e-06
2584800 0.00010029418 3.1296368e-05
2585000 0.00010360628 3.2641703e-05
2585200 0.00010045247 2.830194e-05
2585400 9.7717784e-05 2.9221706e-05
2585600 9.920678e-05 3.8197186e-05
2585800 9.6579257e-05 3.4955705e-05
2586000 9.9016405e-05 2.4851912e-05
2586200 9.428243e-05 2.7608627e-05
2586400 0.00010341833 1.257421e-05
2586600 0.00010028393 8.4430159e-06
2586800 9.1892257e-05 3.3951164e-05
2587000 9.4280776e-05 2.456986e-05
2587200 0.00010212948 8.5156668e-06
2587400 0.00010670395 1.951432e-05
2587600 9.2742915e-05 1.3101405e-05
2587800 8.9580231e-05 1.4094537e-05
2588000 9.5707834e-05 7.7753669e-06
2588200 9.7271442e-05 2.8320949e-05
2588400 0.00010560693 2.8804402e-05
2588600 0.00010540442 1.351541e-05
2588800 0.00010238307 1.4540775e-05
2589000 0.00011001502 1.5309545e-05
2589200 0.00012326346 1.6628025e-05
2589400 0.00010677097 3.2815623e-05
2589600 0.00011625796 3.838623e-05
2589800 0.00010580483 1.1381982e-05
2590000 0.00010244813 1.5167331e-05
2590200 0.00010540478 3.0301241e-05
2590400 9.7261437e-05 3.1844524e-05
2590600 9.7223728e-05 2.2545263e-05
2590800 9.9000933e-05 2.2588421e-05
2591000 8.7281252e-05 1.6614437e-05
2591200 9.2012801e-05 1.4828884e-05
2591400 9.5594005e-05 1.8668849e-05
2591600 9.9378135e-05 2.9880691e-05
2591800 9.5487304e-05 1.5117363e-05
2592000 9.9282393e-05 1.6532401e-05
2592200 0.00010193709 2.5720167e-05
2592400 8.6383164e-05 1.4764195e-05
2592600 8.6688099e-05 3.7895168e-05
2592800 9.0791691e-05 3.0649566e-05
2593000 9.7111197e-05 2.1889381e-05
2593200 8.9518023e-05 3.7836456e-05
2593400 8.8695532e-05 2.005588e-05
2593600 8.9960116e-05 1.8903679e-06
2593800 0.00010386656 2.5104719e-05
2594000 0.0001037379 2.5015143e-05
2594200 7.8184828e-05 1.4880453e-05
2594400 8.4118304e-05 1.6413279e-05
2594600 7.8925199e-05 2.607862e-05
2594800 9.8380355e-05 1.9818213e-05
2595000 8.1604335e-05 2.3875296e-05
2595200 0.00010109405 1.3171479e-05
2595400 0.00010000996 1.6095355e-05
2595600 9.384734e-05 7.238432e-06
2595800 9.6407432e-05 2.0188067e-05
2596000 8.8358747e-05 9.398855e-06
2596200 8.5256953e-05 1.4715181e-05
2596400 0.00010590412 1.5677836e-05
2596600 9.4665957e-05 1.190515e-05
2596800 0.00010765578 2.7138783e-05
2597000 0.00010332189 2.274647e-05
2597200 0.00010243195 2.7696549e-05
2597400 0.00010669395 2.2791028e-05
2597600 9.327438e-05 3.3592198e-06
2597800 0.00010317253 1.8060747e-05
2598000 9.6288315e-05 2.2943369e-05
2598200 0.00010840647 2.220563e-05
2598400 0.0001040215 1.2974591e-05
2598600 0.00010582437 2.8689086e-05
2598800 0.00010753905 3.3115033e-05
2599000 8.5481383e-05 2.0096224e-05
2599200 9.9222079e-05 3.9477997e-05
2599400 7.4307276e-05 4.1075303e-05
2599600 8.8489093e-05 9.5292316e-06
2599800 0.00010642196 1.9923624e-05
2600000 9.3379738e-05 3.6798424e-05
2600200 9.68243e-05 2.6240842e-05
2600400 9.5486844e-05 1.6637446e-05
2600600 9.0043966e-05 2.3595171e-05
2600800 0.00010123986 3.4375892e-05
2601000 9.9171702e-05 3.6784599e-05
2601200 8.7130925e-05 4.5758955e-05
2601400 7.50878e-05 3.1097533e-05
2601600 9.1057516e-05 2.7397804e-05
2601800 9.3869451e-05 1.533668e-05
2602000 9.3390534e-05 1.3994742e-05
2602200 8.6682237e-05 2.8425211e-05
2602400 8.3545319e-05 1.4188316e-05
2602600 7.4376766e-05 4.7569933e-05
2602800 9.007314e-05 3.0239883e-05
2603000 8.9597927e-05 3.2312729e-05
2603200 0.00010928217 2.6683223e-05
2603400 8.6291629e-05 2.8929641e-05
2603600 0.0001013873 2.2302305e-05
2603800 0.00011650407 8.5752835e-06
2604000 9.5694298e-05 2.5174287e-05
2604200 0.00011423349 2.1082784e-05
2604400 0.00010104084 3.5581386e-05
2604600 0.00011532902 2.5230236e-05
2604800 8.3004823e-05 3.2871646e-05
2605000 9.3998747e-05 3.5544541e-05
2605200 9.0799388e-05 4.158656e-05
2605400 7.9367562e-05 3.60575e-05
2605600 9.2989419e-05 2.7084995e-05
2605800 7.9042406e-05 3.2607074e-05
2606000 7.4045006e-05 2.3814934e-05
2606200 8.0918644e-05 1.6147173e-05
2606400 8.5555114e-05 2.7467171e-05
2606600 8.268512e-05 1.9424631e-05
2606800 8.6245163e-05 1.0861758e-05
2607000 8.254411e-05 4.1404227e-05
2607200 8.5924024e-05 1.6705657e-05
2607400 8.6495307e-05 9.7067366e-06
2607600 9.5704188e-05 1.1653115e-05
2607800 7.8982904e-05 1.9631553e-05
2608000 0.00011077984 4.1718273e-05
2608200 8.5536566e-05 3.1295591e-05
2608400 8.5150588e-05 1.7555111e-05
2608600 8.5461898e-05 5.3791588e-06
2608800 7.3204976e-05 2.2574605e-05
2609000 0.00010607216 4.8551504e-06
2609200 9.3321781e-05 1.6649143e-05
2609400 8.8426022e-05 1.7090277e-05
2609600 9.338404e-05 1.2101743e-05
2609800 7.9591519e-05 2.4367613e-05
2610000 9.6939228e-05 1.8427728e-05
2610200 8.9967421e-05 3.1656964e-05
2610400 8.7885578e-05 2.6046009e-05
2610600 8.3951055e-05 2.5975225e-06
2610800 9.835337e-05 1.7798691e-05
2611000 8.9414763e-05 1.5325568e-05
2611200 9.4891077e-05 2.2517844e-05
2611400 0.00010804684 2.7854842e-05
2611600 0.00010933065 3.3383827e-05
2611800 0.00010076229 2.5868439e-05
2612000 9.0267961e-05 4.6872437e-05
2612200 9.708004e-05 3.5301914e-05
2612400 9.361628e-05 2.669778e-05
2612600 9.8354458e-05 2.7083944e-05
2612800 7.9168743e-05 8.7630252e-06
2613000 9.5726041e-05 2.7563836e-05
2613200 7.6520977e-05 1.4961945e-05
2613400 9.6935931e-05 1.2230156e-05
2613600 0.00010010607 2.1331441e-05
2613800 9.0689091e-05 2.436986e-05
2614000 0.00010176322 3.2639134e-05
2614200 0.00010746741 2.6148067e-05
2614400 9.4387691e-05 1.2620606e-05
2614600 9.1279195e-05 6.2351473e-06
2614800 9.0251098e-05 1.3767854e-05
2615000 9.5424673e-05 2.7176852e-05
2615200 7.7015168e-05 2.0478418e-05
2615400 9.0754146e-05 2.0342688e-05
2615600 8.4854246e-05 2.347e-05
2615800 8.0653715e-05 2.0653225e-05
2616000 9.9841844e-05 1.3394851e-05
2616200 7.9991049e-05 1.3400486e-05
2616400 8.8239112e-05 1.6360481e-05
2616600 0.0001035952 2.5074501e-05
2616800 0.00011123842 2.4653855e-05
2617000 9.0354878e-05 1.3430364e-05
2617200 7.5510764e-05 9.1025555e-06
2617400 7.9252741e-05 2.0770092e-05
2617600 8.6651037e-05 1.9832107e-05
2617800 8.0219677e-05 8.7027319e-06
2618000 0.00010260355 2.0758802e-05
2618200 8.9667784e-05 2.5978318e-05
2618400 0.00010863236 1.3352699e-05
2618600 0.00010899434 6.8421037e-06
2618800 8.1719466e-05 2.8552545e-05
2619000 6.9706691e-05 1.664274e-05
2619200 9.0838629e-05 1.6599187e-05
2619400 9.0669376e-05 1.0211588e-05
2619600 8.2909056e-05 2.0553583e-05
2619800 9.1910042e-05 1.5458211e-05
2620000 9.0295054e-05 8.1092801e-06
2620200 8.8282371e-05 1.8665509e-05
2620400 9.6221422e-05 4.5903487e-06
2620600 0.00010192877 2.0541886e-05
2620800 0.0001036611 4.7868992e-06
2621000 8.3356577e-05 1.7723116e-05
2621200 8.5992293e-05 2.480404e-05
2621400 8.5506847e-05 2.574376e-05
2621600 8.4540536e-05 2.5311531e-05
2621800 8.3050581e-05 1.8017356e-05
2622000 8.8941967e-05 1.4187009e-05
2622200 0.00010131335 4.7213202e-07
2622400 8.8676802e-05 3.3764057e-05
2622600 0.00010578917 2.0278361e-05
2622800 9.9260962e-05 1.6677552e-05
2623000 7.9202721e-05 1.1080548e-05
2623200 9.5174151e-05 1.1743233e-05
2623400 7.8224294e-05 1.9235496e-05
2623600 0.00010097474 1.9835768e-05
2623800 0.00010215116 1.4148516e-05
2624000 7.0484303e-05 2.3053941e-05
2624200 8.7570606e-05 2.3461703e-05
2624400 8.9379981e-05 3.0062772e-05
2624600 0.00010557006 2.13948e-05
2624800 0.00010122891 1.2409217e-05
2625000 8.1274796e-05 4.0161091e-05
2625200 9.6630004e-05 1.7043976e-05
2625400 9.5515249e-05 5.8829724e-06
2625600 8.8203403e-05 1.799237e-05
2625800 9.7487781e-05 9.6459607e-06
2626000 9.2063421e-05 6.5455878e-06
2626200 9.7151711e-05 5.6733313e-06
2626400 8.3976198e-05 4.1636391e-05
2626600 0.00010352838 3.0889068e-05
2626800 0.00010177349 2.5213535e-05
2627000 8.9608734e-05 3.7875423e-05
2627200 9.5972366e-05 2.5080137e-05
2627400 8.2656356e-05 5.2284963e-05
2627600 8.2373868e-05 3.8629234e-05
2627800 8.8419299e-05 3.5895199e-05
2628000 8.59212e-05 3.1075065e-05
2628200 9.5586416e-05 2.630942e-05
2628400 9.8269636e-05 3.197539e-05
2628600 9.4083296e-05 3.5314864e-05
2628800 9.3477224e-05 1.4710191e-05
2629000 0.00010050791 2.2727084e-05
2629200 0.00010449534 2.8029719e-05
2629400 9.2603848e-05 2.9209405e-05
2629600 9.9931237e-05 1.2813877e-05
2629800 7.2156628e-05 1.8683984e-05
2630000 8.8464448e-05 3.3601377e-05
2630200 9.3526112e-05 2.7220813e-05
2630400 9.4089827e-05 2.3361834e-05
2630600 9.3548351e-05 2.2565811e-05
2630800 0.00010007176 2.5359784e-05
2631000 9.4915758e-05 2.8900331e-05
2631200 0.00010976385 2.8600645e-05
2631400 0.00010872295 2.2328748e-05
2631600 0.00010637056 2.3173776e-05
2631800 0.00010246564 1.6935591e-05
2632000 0.00012004307 9.324354e-06
2632200 0.00010284404 1.5182288e-05
2632400 0.00010870598 2.0302643e-05
2632600 0.00010245844 2.2879134e-05
2632800 9.7775398e-05 2.471597e-05
2633000 8.3010979e-05 2.6365834e-05
2633200 8.9341386e-05 3.1060043e-05
2633400 9.1880349e-05 4.4905754e-05
2633600 0.00011407195 2.2665108e-05
2633800 0.0001011709 1.3630609e-05
2634000 0.00011200156 2.6854444e-05
2634200 0.00010207154 4.1183426e-05
2634400 8.7184245e-05 2.7410617e-05
2634600 8.4115224e-05 2.085976e-05
2634800 0.00010247104 2.9385144e-05
2635000 9.3467521e-05 3.1293014e-05
2635200 9.7985603e-05 1.9182639e-05
2635400 0.00010223754 4.1281716e-05
2635600 0.00010187234 3.2255485e-05
2635800 0.00010217821 3.6924403e-05
2636000 0.00010768309 1.6246234e-05
2636200 9.6398418e-05 3.4900928e-05
2636400 0.00010606239 1.6220155e-05
2636600 9.445267e-05 1.2498701e-05
2636800 0.00010423671 6.1039107e-06
2637000 9.8110478e-05 1.1408702e-05
2637200 0.00010352749 3.9162117e-05
2637400 0.00010388461 3.7513268e-05
2637600 9.8740661e-05 2.3918413e-05
2637800 9.659449e-05 2.3664285e-05
2638000 0.00010449828 2.7176483e-05
2638200 0.00010062126 1.6659075e-05
2638400 0.00010287503 1.8786867e-05
2638600 9.8153046e-05 1.4824343e-05
2638800 0.0001038112 3.4822939e-05
2639000 0.00012048374 7.7304611e-06
2639200 0.00010509726 2.3408626e-05
2639400 0.00010251566 3.142187e-05
2639600 9.7575579e-05 2.4214601e-05
2639800 9.3716191e-05 7.7358455e-06
2640000 9.9077164e-05 2.8394912e-05
2640200 9.7133237e-05 1.8256329e-05
2640400 9.4884913e-05 2.6439461e-05
2640600 0.00012206467 1.8685839e-05
2640800 0.00011795127 3.3778378e-05
2641000 0.00010701676 2.3881775e-05
2641200 9.6305367e-05 4.7277474e-05
2641400 8.3154224e-05 3.2494316e-05
2641600 0.00010181079 3.1816899e-05
2641800 0.00011282516 5.3452127e-05
2642000 9.4888312e-05 3.0730926e-05
2642200 9.5601041e-05 3.2808833e-05
2642400 0.00011295061 2.816599e-05
2642600 9.8381131e-05 2.9072229e-05
2642800 7.9864997e-05 2.9724617e-05
2643000 9.2509098e-05 3.8722592e-05
2643200 8.0830597e-05 2.6265131e-05
2643400 9.5028891e-05 1.894183e-05
2643600 8.6289043e-05 4.1947287e-05
2643800 9.5377723e-05 1.6168703e-05
2644000 0.00010569719 6.2811366e-06
2644200 0.00010008116 3.3579717e-05
2644400 9.7455035e-05 3.080166e-05
2644600 0.00010484464 1.1438102e-05
2644800 0.00010356174 3.1090823e-05
2645000 9.4251954e-05 1.734997e-05
2645200 8.1270802e-05 2.2425075e-05
2645400 8.0756587e-05 2.2334597e-05
2645600 8.4707597e-05 1.848609e-05
2645800 7.7651103e-05 4.3610272e-05
2646000 7.3376278e-05 1.4697318e-05
2646200 0.00010074549 4.3405128e-05
2646400 9.8709584e-05 2.9520306e-05
2646600 6.7555783e-05 2.9231867e-05
2646800 0.00010346145 2.686293e-05
2647000 7.4798859e-05 2.0681324e-05
2647200 9.8689452e-05 1.0200473e-05
2647400 7.9480244e-05 2.5331046e-05
2647600 9.7614348e-05 3.097747e-05
2647800 7.7465889e-05 7.8692326e-06
2648000 8.2446396e-05 1.0596974e-05
2648200 8.7360434e-05 1.9515918e-05
2648400 8.9010981e-05 1.0432071e-05
2648600 8.823434e-05 2.2208822e-05
2648800 9.4794535e-05 3.7073452e-05
2649000 0.00010502432 1.3095744e-05
2649200 0.00010765428 2.3544718e-05
2649400 0.00010714407 2.5459731e-05
2649600 8.7917346e-05 2.284079e-05
2649800 8.8131723e-05 1.8893523e-05
2650000 8.4741075e-05 1.2147682e-05
2650200 0.00011242608 1.2910524e-05
2650400 0.00010064419 1.2269199e-05
2650600 0.00010281875 3.7272186e-05
2650800 9.2101114e-05 3.7739591e-05
2651000 7.6768821e-05 4.5603441e-05
2651200 9.3318029e-05 4.7467492e-05
2651400 9.7468974e-05 2.0521934e-05
2651600 9.2941222e-05 3.2648607e-05
2651800 8.2115391e-05 2.4317023e-05
2652000 0.00010106202 3.6354896e-05
2652200 8.9104036e-05 3.4018989e-05
2652400 9.355106e-05 3.7295068e-05
2652600 9.2199343e-05 1.236183e-05
2652800 8.0055829e-05 3.1734183e-05
2653000 9.8616073e-05 1.4494936e-05
2653200 8.5329233e-05 2.8205317e-05
2653400 0.00010029552 3.7427907e-05
2653600 8.604894e-05 3.3025465e-05
2653800 9.4915033e-05 3.1553928e-05
2654000 9.4373005e-05 3.697266e-05
2654200 6.7556204e-05 2.535549e-05
2654400 0.00010101102 3.1838345e-05
2654600 0.000109021 1.5530852e-05
2654800 0.00010618093 1.712356e-05
2655000 0.000100117 1.8871688e-05
2655200 8.6717496e-05 1.6429163e-05
2655400 8.5671627e-05 2.9092401e-05
2655600 6.4770634e-05 4.5948557e-05
2655800 9.4060548e-05 2.2795924e-05
2656000 9.1725564e-05 4.0270361e-05
2656200 9.9550536e-05 2.7778318e-05
2656400 0.00010135426 1.2088456e-05
2656600 9.2762666e-05 3.91926e-05
2656800 8.9531246e-05 6.4325913e-06
2657000 9.8227658e-05 2.4901533e-05
2657200 0.00010291595 2.9990388e-05
2657400 7.5260589e-05 2.9578885e-05
2657600 0.00011084018 2.9477557e-05
2657800 8.9706065e-05 2.8866227e-05
2658000 9.0826268e-05 4.3301347e-05
2658200 7.5530505e-05 2.9367129e-05
2658400 0.0001068523 3.6005457e-05
2658600 9.243145e-05 1.915938e-05
2658800 9.7015718e-05 2.1299971e-05
2659000 8.0272223e-05 3.207909e-05
2659200 8.8516821e-05 3.7705666e-05
2659400 9.366063e-05 2.8922223e-05
2659600 0.00010165228 3.0516669e-05
2659800 8.6889034e-05 3.2209082e-05
2660000 0.00010539503 2.4300008e-05
2660200 0.00011690889 2.8781693e-05
2660400 9.1915786e-05 2.6090366e-05
2660600 8.2650564e-05 2.8165634e-05
2660800 8.3690434e-05 1.7463828e-05
2661000 9.0306982e-05 2.2270071e-05
2661200 9.8720279e-05 2.9131404e-05
2661400 9.4030204e-05 2.9444118e-05
2661600 8.670554e-05 2.5915571e-05
2661800 9.1054702e-05 3.9749224e-05
2662000 9.0058115e-05 3.2146461e-05
2662200 0.00010015926 2.5907534e-05
2662400 9.8427482e-05 2.4952609e-05
2662600 9.0262238e-05 2.197394e-05
2662800 8.8301227e-05 3.2084112e-05
2663000 9.2504462e-05 4.610125e-05
2663200 9.3153992e-05 3.4215156e-05
2663400 8.9322742e-05 3.3056328e-05
2663600 8.4298446e-05 2.8589676e-05
2663800 9.1453379e-05 3.4146583e-05
2664000 7.5259601e-05 4.7802128e-05
2664200 6.7296277e-05 1.7578902e-05
2664400 6.9352219e-05 1.5950343e-05
2664600 6.1891523e-05 2.5070718e-05
2664800 9.1292646e-05 1.7435885e-05
2665000 7.0618191e-05 2.0584665e-05
2665200 7.7684921e-05 3.4171169e-05
2665400 8.5323172e-05 8.4468437e-06
2665600 8.4562976e-05 2.0522936e-05
2665800 0.00010465941 2.9210641e-05
2666000 0.00011000132 1.7962861e-05
2666200 0.00012044145 3.6638412e-06
2666400 9.4299232e-05 2.4449235e-05
2666600 7.8055941e-05 1.8031278e-05
2666800 7.3904977e-05 2.3898828e-05
2667000 8.5681178e-05 2.2942715e-05
2667200 8.4669692e-05 4.2197866e-05
2667400 8.7403773e-05 2.5757798e-05
2667600 8.9746005e-05 2.7448048e-05
2667800 8.6551609e-05 4.1430903e-05
2668000 8.7399409e-05 4.3227216e-05
2668200 7.9714305e-05 6.3496613e-05
2668400 7.0007826e-05 4.9292637e-05
2668600 7.8714202e-05 3.8413813e-05
2668800 8.4818811e-05 1.6279622e-05
2669000 9.2000166e-05 2.4515425e-05
2669200 9.8347628e-05 2.8433712e-05
2669400 9.2871545e-05 2.8267606e-05
2669600 8.3935839e-05 2.570729e-05
2669800 8.3860422e-05 2.4262395e-05
2670000 6.7926408e-05 2.590501e-05
2670200 8.2699248e-05 2.5117016e-05
2670400 8.5923987e-05 1.7829612e-05
2670600 7.7189938e-05 1.7852763e-05
2670800 7.8715178e-05 2.8234386e-05
2671000 8.4894491e-05 1.3201441e-05
2671200 8.3112722e-05 5.9111168e-06
2671400 8.8107643e-05 2.370246e-05
2671600 9.7271851e-05 3.021904e-05
2671800 0.00010226532 2.9802196e-05
2672000 8.7897573e-05 3.2425736e-05
2672200 9.9258481e-05 2.3217367e-05
2672400 0.00011844482 2.7530059e-05
2672600 8.1466737e-05 2.0254166e-05
2672800 9.916569e-05 1.4353414e-05
2673000 9.5059621e-05 1.5777564e-05
2673200 9.5934492e-05 1.4540367e-05
2673400 8.6529112e-05 3.1161476e-05
2673600 7.890166e-05 1.6524317e-05
2673800 9.4736615e-05 2.9769568e-05
2674000 7.9928312e-05 2.3214731e-05
2674200 7.8870017e-05 2.213473e-05
2674400 0.00010860724 2.996171e-05
2674600 8.4123217e-05 2.9091919e-05
2674800 0.00010477466 7.8195466e-06
2675000 7.8834308e-05 2.3769888e-05
2675200 9.6697444e-05 2.2546849e-05
2675400 9.928974e-05 2.5274481e-05
2675600 8.7371222e-05 1.9598939e-05
2675800 8.3862251e-05 3.7181781e-05
2676000 9.5719801e-05 3.4426427e-05
2676200 0.00010690692 2.4335802e-05
2676400 8.9580367e-05 2.5927909e-05
2676600 8.8511947e-05 4.7592415e-05
2676800 6.5849703e-05 4.1072169e-05
2677000 9.917123e-05 2.5469879e-05
2677200 0.00010715852 2.1316053e-05
2677400 9.5098367e-05 2.0500552e-05
2677600 0.00011239882 4.601435e-05
2677800 7.8998139e-05 3.0834801e-05
2678000 0.00010340154 3.4326748e-05
2678200 7.1612723e-05 3.0501413e-05
2678400 8.9996353e-05 2.0868707e-05
2678600 9.3582736e-05 3.8048799e-05
2678800 6.5390846e-05 4.5668059e-05
2679000 8.3353491e-05 3.9650858e-05
2679200 0.00010189711 2.2835918e-05
2679400 9.9586565e-05 1.6046126e-05
2679600 9.124718e-05 2.7762264e-05
2679800 8.6555248e-05 3.5465798e-05
2680000 0.00010008151 3.2011555e-05
2680200 8.3481822e-05 3.3301048e-05
2680400 8.1024656e-05 2.247085e-05
2680600 6.8805769e-05 2.8861357e-05
2680800 8.4210368e-05 3.4082791e-05
2681000 9.5868736e-05 2.686767e-05
2681200 0.00010791729 2.4513851e-05
2681400 0.00010645172 2.4765331e-05
2681600 9.1925519e-05 2.9573378e-05
2681800 9.2300136e-05 4.4490239e-05
2682000 8.3998454e-05 4.2678758e-05
2682200 9.0922943e-05 8.1694697e-06
2682400 7.7358016e-05 1.4094304e-05
2682600 9.8802514e-05 1.7026958e-05
2682800 7.9253707e-05 1.458132e-05
2683000 7.6752084e-05 1.6941941e-05
2683200 8.0596109e-05 1.1394124e-05
2683400 7.8460794e-05 2.4744707e-05
2683600 7.439816e-05 1.0105897e-05
2683800 9.7129395e-05 3.3826104e-05
2684000 8.0139355e-05 3.6077319e-05
2684200 8.3373976e-05 3.0134387e-05
2684400 7.3924095e-05 4.6427271e-05
2684600 9.1926148e-05 3.0034196e-05
2684800 8.51685e-05 3.380002e-05
2685000 9.7479878e-05 3.501881e-05
2685200 8.9271886e-05 2.5676016e-05
2685400 0.00010528413 1.9847303e-05
2685600 9.546132e-05 1.7119046e-05
2685800 7.9604161e-05 2.4035109e-05
2686000 9.3586629e-05 7.2949608e-06
2686200 9.1849939e-05 5.729871e-06
2686400 8.0180658e-05 1.4858708e-05
2686600 0.00010736869 3.8882374e-05
2686800 9.7326694e-05 2.1252426e-05
2687000 0.00012145125 3.2431196e-05
2687200 0.00010185347 2.3532367e-05
2687400 9.777552e-05 2.3367109e-05
2687600 8.5436774e-05 2.6750783e-05
2687800 6.4231892e-05 3.5885772e-05
2688000 7.1093e-05 1.9275164e-05
2688200 8.3301897e-05 2.6125367e-05
2688400 0.00010709805 2.0225404e-05
2688600 0.00010562245 7.3972041e-06
2688800 0.00010045558 6.7045173e-06
2689000 0.00010053808 1.717625e-05
2689200 9.2240471e-05 3.4906203e-05
2689400 8.9601897e-05 3.9215958e-05
2689600 8.4474407e-05 2.7135794e-05
2689800 8.2168542e-05 2.8669569e-05
2690000 8.6668317e-05 1.5647514e-05
2690200 8.0811253e-05 3.6098433e-05
2690400 8.4386e-05 4.445275e-05
2690600 0.00010008377 2.767678e-05
2690800 9.0149591e-05 1.5985307e-05
2691000 0.00010035586 2.2272228e-05
2691200 9.9431062e-05 3.0199355e-05
2691400 0.00010081705 3.9966966e-05
2691600 0.00011142569 3.4531485e-05
2691800 9.0274763e-05 2.0137558e-05
2692000 8.6267646e-05 1.2087973e-05
2692200 9.8230624e-05 1.6087385e-06
2692400 8.2609801e-05 2.0292806e-05
2692600 7.0489863e-05 2.6153619e-05
2692800 0.00010208 3.4603354e-05
2693000 9.2603358e-05 2.7510315e-05
2693200 9.6714648e-05 1.3635292e-05
2693400 9.0904554e-05 2.1310269e-05
2693600 9.0281694e-05 2.6982162e-05
2693800 7.74319e-05 1.9568661e-05
2694000 9.1628659e-05 2.916567e-05
2694200 8.5442565e-05 3.0054397e-05
2694400 0.00010001783 3.9867511e-05
2694600 9.6386788e-05 2.7451332e-05
2694800 8.4460662e-05 3.3489588e-05
2695000 8.631672e-05 3.0021366e-05
2695200 8.3430204e-05 1.1281013e-05
2695400 7.8259514e-05 3.4029007e-05
2695600 7.7472506e-05 2.0679713e-05
2695800 8.6737231e-05 2.0484486e-05
2696000 0.00010050005 1.9289522e-05
2696200 8.4028739e-05 1.0034203e-05
2696400 0.00010837711 2.5693616e-05
2696600 8.8007582e-05 1.939214e-05
2696800 9.2479795e-05 1.1391835e-05
2697000 9.2200135e-05 1.4617625e-05
2697200 9.038016e-05 2.4962766e-05
2697400 9.4208492e-05 2.7424218e-05
2697600 0.00010293708 1.4256052e-05
2697800 8.9228483e-05 2.3443844e-05
2698000 9.9069543e-05 2.461236e-05
2698200 9.2921315e-05 2.6366738e-05
2698400 0.00010624815 1.5927756e-05
2698600 8.3638357e-05 3.3779829e-05
2698800 7.9025001e-05 2.5287626e-05
2699000 9.412303e-05 2.7573039e-05
2699200 8.9806533e-05 3.9661581e-05
2699400 9.3234949e-05 2.543884e-05
2699600 9.1540657e-05 1.8289627e-05
2699800 0.00010585588 2.1338673e-05
2700000 9.8903126e-05 1.6738668e-05
2700200 0.00010165383 2.9857133e-05
2700400 9.8940292e-05 1.6115061e-05
2700600 8.9263165e-05 8.4482754e-06
2700800 9.6599198e-05 2.8687064e-05
2701000 9.9873411e-05 1.686478e-05
2701200 6.5854025e-05 3.4694037e-05
2701400 7.9302553e-05 3.2427674e-05
2701600 7.4500306e-05 3.1318254e-05
2701800 7.7472102e-05 1.917654e-05
2702000 7.3661624e-05 2.7628703e-05
2702200 5.9171688e-05 1.6979598e-05
2702400 8.5402301e-05 1.0407272e-05
2702600 0.00011460983 1.4974851e-05
2702800 0.00010331954 2.6397426e-05
2703000 8.7129097e-05 3.6833678e-05
2703200 9.2888497e-05 1.8454166e-05
2703400 8.7622908e-05 2.4921688e-05
2703600 8.9561093e-05 3.067799e-05
2703800 7.9202654e-05 1.4747248e-05
2704000 9.1806839e-05 6.1654044e-06
2704200 8.9865054e-05 1.4029097e-05
2704400 8.8223254e-05 2.4046692e-05
2704600 8.7710726e-05 2.6112948e-05
2704800 8.8438758e-05 3.147662e-05
2705000 5.6238393e-05 1.7491736e-05
2705200 9.0044676e-05 2.1043665e-05
2705400 7.9992929e-05 1.7648627e-05
2705600 7.9955675e-05 1.0170414e-05
2705800 9.2658882e-05 7.9308017e-06
2706000 7.6886516e-05 2.1855514e-05
2706200 9.1151146e-05 2.1823962e-05
2706400 0.00010402832 3.0877625e-05
2706600 7.5302873e-05 3.1628949e-05
2706800 8.4211638e-05 2.7754518e-05
2707000 8.2291522e-05 1.640788e-05
2707200 8.9379043e-05 1.2817116e-05
2707400 7.8161197e-05 1.1993859e-05
2707600 9.4966165e-05 1.8035551e-05
2707800 9.4294033e-05 2.535324e-05
2708000 6.9609621e-05 2.4937503e-05
2708200 9.7736497e-05 1.0788075e-05
2708400 5.8794098e-05 2.4945115e-05
2708600 8.1799899e-05 3.3047706e-05
2708800 7.613838e-05 9.7228155e-06
2709000 7.6107164e-05 1.9060595e-05
2709200 9.5105484e-05 1.194725e-05
2709400 8.698608e-05 1.0039963e-05
2709600 8.252038e-05 4.1611606e-06
2709800 8.9606911e-05 2.5453954e-05
2710000 8.6135434e-05 2.269968e-05
2710200 6.827552e-05 2.0153159e-05
2710400 7.8023969e-05 2.3334206e-05
2710600 8.0921021e-05 6.8076267e-06
2710800 7.3927738e-05 3.3673606e-05
2711000 7.8725479e-05 2.4812081e-05
2711200 7.5740473e-05 2.8050387e-05
2711400 8.6188571e-05 1.6061581e-05
2711600 6.8376422e-05 3.6399323e-05
2711800 8.8209174e-05 2.1382949e-05
2712000 9.4678331e-05 1.1953419e-05
2712200 7.8735596e-05 9.5979154e-06
2712400 7.180258e-05 2.2636283e-05
2712600 6.8829804e-05 3.2756666e-05
2712800 9.2963373e-05 2.3338496e-05
2713000 6.2035675e-05 3.5345563e-05
2713200 6.4882806e-05 2.1154897e-05
2713400 8.437971e-05 2.1568191e-05
2713600 6.7319292e-05 2.1195852e-05
2713800 8.8727259e-05 2.2333916e-05
2714000 9.3343708e-05 7.2730487e-06
2714200 8.1972788e-05 1.6452524e-05
2714400 9.4890073e-05 2.2613781e-05
2714600 7.7959035e-05 1.3695051e-05
2714800 7.6923752e-05 1.8668606e-05
2715000 7.3749946e-05 3.6512367e-05
2715200 9.0624871e-05 3.4346017e-05
2715400 0.00010587519 2.487349e-05
2715600 9.8476647e-05 2.4243949e-05
2715800 7.7602018e-05 1.2263067e-05
2716000 8.0359361e-05 2.3135396e-05
2716200 8.9948224e-05 1.5626349e-05
2716400 7.9184005e-05 1.9120381e-05
2716600 8.4247939e-05 3.4333997e-05
2716800 7.85689e-05 3.0957461e-05
2717000 5.2843796e-05 3.8391374e-05
2717200 9.6687327e-05 2.1363843e-05
2717400 9.3116791e-05 3.0853787e-05
2717600 8.3999935e-05 2.914699e-05
2717800 8.6051068e-05 3.604225e-05
2718000 8.6340596e-05 3.6052705e-05
2718200 8.3106223e-05 2.5405986e-05
2718400 6.9874023e-05 2.89837e-05
2718600 7.6224467e-05 2.619572e-05
2718800 8.6993898e-05 1.7566659e-05
2719000 7.8825405e-05 2.4890307e-05
2719200 8.9079703e-05 3.2608104e-05
2719400 7.9835444e-05 1.9694837e-05
2719600 6.7597073e-05 4.0693464e-05
2719800 7.9938275e-05 2.8914113e-05
2720000 8.4920101e-05 2.759374e-05
2720200 8.7045708e-05 1.8304005e-05
2720400 9.1381904e-05 2.3034748e-05
2720600 9.5157054e-05 2.0174943e-05
2720800 8.8532399e-05 2.3089024e-05
2721000 8.1722442e-05 3.296431e-05
2721200 6.9615972e-05 2.3630036e-05
2721400 7.7694871e-05 1.6235706e-05
2721600 8.3690291e-05 2.0301625e-05
2721800 7.2205782e-05 4.4803884e-05
2722000 8.3211417e-05 1.7351584e-05
2722200 9.7242452e-05 3.3569074e-05
2722400 9.7083717e-05 2.0393442e-05
2722600 8.2505858e-05 1.7255739e-05
2722800 7.2081232e-05 3.6173272e-05
2723000 8.7240285e-05 2.4399584e-05
2723200 9.9313643e-05 3.2351044e-05
2723400 7.2654443e-05 2.8141396e-05
2723600 8.7565187e-05 4.3581621e-07
2723800 8.7977906e-05 2.1918722e-05
2724000 7.3008289e-05 1.7935736e-05
2724200 7.3978729e-05 1.4141998e-05
2724400 8.245725e-05 2.0786842e-05
2724600 8.5882443e-05 1.6083144e-05
2724800 9.1029037e-05 3.1164803e-06
2725000 7.97609e-05 7.5538986e-06
2725200 7.9842355e-05 5.433724e-06
2725400 7.6988657e-05 2.382189e-05
2725600 7.4115685e-05 1.709079e-05
2725800 8.9946302e-05 1.5255412e-05
2726000 8.7570416e-05 9.0634238e-06
2726200 8.180456e-05 1.1462739e-05
2726400 7.1802697e-05 2.8172834e-05
2726600 8.8211602e-05 2.2646351e-05
2726800 6.5337456e-05 2.155025e-05
2727000 7.1352865e-05 1.0684463e-05
2727200 0.00010538811 5.2964911e-06
2727400 6.747575e-05 1.5214101e-05
2727600 6.6975525e-05 9.234293e-06
2727800 7.6749716e-05 9.4435121e-06
2728000 7.1381253e-05 2.0572593e-05
2728200 7.1152467e-05 2.7054102e-05
2728400 7.8085849e-05 2.3064276e-05
2728600 8.9348296e-05 2.1043139e-05
2728800 8.254521e-05 1.7505832e-05
2729000 7.7010458e-05 2.2629339e-05
2729200 7.2327633e-05 1.0177432e-05
2729400 8.7472074e-05 2.1439947e-05
2729600 7.945675e-05 9.0900629e-06
2729800 9.6625771e-05 1.9368173e-05
2730000 6.9877138e-05 2.1610946e-05
2730200 8.9273202e-05 2.842824e-05
2730400 9.1616895e-05 3.3384313e-05
2730600 8.2683321e-05 2.1323237e-05
2730800 9.0322429e-05 2.2347566e-05
2731000 7.5693384e-05 2.7782659e-05
2731200 8.9644084e-05 1.8005488e-05
2731400 7.9425653e-05 1.596953e-05
2731600 6.534225e-05 2.6101846e-05
2731800 6.8384463e-05 7.0207278e-06
2732000 8.383326e-05 1.5899923e-05
2732200 6.844384e-05 9.9385648e-06
2732400 7.9193583e-05 1.4754765e-05
2732600 7.2473825e-05 2.7206157e-05
2732800 9.7912714e-05 2.8509564e-05
2733000 7.3805717e-05 2.1663668e-05
2733200 8.5764533e-05 2.1465538e-05
2733400 6.8445555e-05 2.2574701e-05
2733600 5.4385448e-05 3.6817469e-05
2733800 6.4664812e-05 2.7152448e-05
2734000 8.9595757e-05 1.3560087e-05
2734200 8.5882179e-05 2.2465962e-05
2734400 5.2694068e-05 2.3850237e-05
2734600 7.0066764e-05 3.3364733e-05
2734800 7.6676397e-05 1.9571037e-05
2735000 6.7846282e-05 3.1360807e-05
2735200 5.8978681e-05 1.2150397e-05
2735400 6.7555159e-05 2.5542147e-05
2735600 9.08236e-05 7.2415088e-06
2735800 7.4284095e-05 3.1944952e-05
2736000 7.9472962e-05 1.8870839e-05
2736200 6.9140632e-05 1.4432778e-05
2736400 7.0365788e-05 1.9179171e-05
2736600 6.961876e-05 5.0000411e-06
2736800 5.1855601e-05 2.5393768e-05
2737000 7.3560232e-05 2.5414549e-05
2737200 6.7147311e-05 1.344994e-05
2737400 5.6393402e-05 1.9774657e-05
2737600 6.0344252e-05 3.3361062e-05
2737800 6.3668387e-05 7.2226875e-06
2738000 6.3208639e-05 3.5376082e-05
2738200 7.7198774e-05 2.5924295e-05
2738400 6.3305358e-05 2.074674e-05
2738600 8.0561048e-05 1.8900081e-05
2738800 9.0103293e-05 5.9661398e-06
2739000 7.1318922e-05 2.4848733e-05
2739200 7.2294824e-05 7.2772354e-06
2739400 8.2453626e-05 2.8354342e-05
2739600 6.794707e-05 1.6725488e-05
2739800 6.9487913e-05 2.8033798e-05
2740000 6.7190845e-05 1.9478894e-05
2740200 8.3846131e-05 2.1239335e-05
2740400 6.1362736e-05 2.1011159e-05
2740600 8.6604214e-05 2.515497e-05
2740800 7.3959172e-05 2.7080343e-05
2741000 7.6720889e-05 1.6581341e-05
2741200 7.515838e-05 1.8281632e-05
2741400 6.4660534e-05 1.8176508e-05
2741600 4.9425208e-05 3.0463365e-05
2741800 4.4322639e-05 1.3650792e-05
2742000 7.0344324e-05 3.4872312e-05
2742200 9.1120375e-05 3.0504211e-05
2742400 7.8778317e-05 1.7119054e-05
2742600 7.3602016e-05 1.8086853e-05
2742800 6.492156e-05 2.3277438e-05
2743000 7.938603e-05 2.2333585e-05
2743200 7.3860682e-05 2.937201e-05
2743400 8.7803817e-05 4.1335199e-05
2743600 8.6312873e-05 1.6667078e-05
2743800 8.000036e-05 1.7520916e-05
2744000 7.7911524e-05 3.9648394e-05
2744200 7.6196004e-05 1.9463653e-05
2744400 8.3299845e-05 1.4185435e-05
2744600 7.8041387e-05 1.4065608e-05
2744800 7.0733648e-05 6.5613642e-06
2745000 7.6401199e-05 2.3629276e-05
2745200 6.4428795e-05 1.0859639e-05
2745400 7.4221021e-05 2.5590193e-05
2745600 7.9493435e-05 1.4507803e-05
2745800 7.5057508e-05 1.2136495e-05
2746000 6.3831937e-05 1.1482993e-05
2746200 8.3829144e-05 1.6414875e-05
2746400 9.1421435e-05 2.9984606e-05
2746600 7.7343996e-05 2.3417305e-05
2746800 7.5535785e-05 1.1157595e-05
2747000 7.0262273e-05 1.5715555e-05
2747200 7.0172262e-05 1.1020141e-05
2747400 6.122545e-05 2.6192747e-05
2747600 7.9641327e-05 2.3253206e-05
2747800 9.3854824e-05 2.8613495e-05
2748000 7.55624e-05 1.0310665e-05
2748200 8.89066e-05 1.2674933e-05
2748400 0.00010255675 1.8509314e-05
2748600 8.469934e-05 1.680314e-05
2748800 8.4384248e-05 1.2285499e-05
2749000 6.8784877e-05 2.8653377e-05
2749200 6.5548142e-05 1.83293e-05
2749400 8.8500575e-05 1.0356538e-05
2749600 6.1979927e-05 2.8911286e-05
2749800 6.9372535e-05 3.80867e-05
2750000 7.7728202e-05 3.2123756e-05
2750200 7.5027954e-05 3.1110396e-05
2750400 5.7047772e-05 2.575859e-05
2750600 8.7977276e-05 2.1189748e-05
2750800 6.5088974e-05 1.6867999e-05
2751000 6.8070844e-05 1.5267247e-05
2751200 8.257133e-05 2.0044136e-05
2751400 7.444007e-05 1.8101215e-05
2751600 7.5521878e-05 1.2230041e-05
2751800 8.3840614e-05 1.2790585e-05
2752000 6.8864902e-05 2.2877319e-05
2752200 6.4513777e-05 1.0020841e-05
2752400 6.2196277e-05 1.4865772e-05
2752600 6.1611107e-05 1.7719342e-05
2752800 6.637974e-05 1.8840575e-05
2753000 8.1120504e-05 2.2452236e-05
2753200 8.6566674e-05 3.7818045e-05
2753400 7.3311903e-05 9.8064467e-06
2753600 6.9684818e-05 1.9739029e-05
2753800 7.8682068e-05 2.1226423e-05
2754000 6.8666599e-05 1.5655385e-05
2754200 8.2580575e-05 2.3601127e-05
2754400 5.0946631e-05 1.8312638e-05
2754600 6.3235639e-05 4.6936855e-05
2754800 6.3302178e-05 2.3330335e-05
2755000 7.0018477e-05 1.6071519e-05
2755200 7.8758414e-05 2.7838858e-05
2755400 7.7988356e-05 2.5400644e-05
2755600 6.7407462e-05 2.7173642e-05
2755800 6.202945e-05 3.182622e-05
2756000 6.4316889e-05 3.3678876e-05
2756200 7.0032271e-05 3.8912482e-05
2756400 7.8233485e-05 2.8150624e-05
2756600 7.4704942e-05 3.7651161e-05
2756800 7.0440743e-05 2.5850538e-05
2757000 7.5472866e-05 2.14733e-05
2757200 7.0333177e-05 1.5949054e-05
2757400 6.7385569e-05 3.0173585e-05
2757600 6.886538e-05 3.2677815e-05
2757800 7.4709078e-05 2.56249e-05
2758000 7.545827e-05 1.2391835e-05
2758200 7.2109179e-05 1.6503325e-05
2758400 7.5693798e-05 2.6264842e-05
2758600 7.6152221e-05 3.2096244e-05
2758800 5.0626553e-05 8.0143854e-06
2759000 5.1323043e-05 2.2572881e-05
2759200 7.6417759e-05 1.9296079e-05
2759400 5.5435855e-05 2.9577686e-05
2759600 8.1959318e-05 2.2483789e-05
2759800 7.8059739e-05 3.6223648e-05
2760000 7.8218917e-05 4.5352471e-05
2760200 7.0651786e-05 3.6387607e-05
2760400 6.7908611e-05 3.104968e-05
2760600 6.2727446e-05 3.7570204e-05
2760800 7.4290127e-05 2.3848339e-05
2761000 7.7139644e-05 3.4841424e-06
2761200 8.9571242e-05 1.6830324e-05
2761400 6.3784676e-05 2.8077384e-06
2761600 6.0279117e-05 1.8528857e-05
2761800 7.5084287e-05 1.7439313e-05
2762000 6.6529318e-05 1.8429714e-05
2762200 6.916364e-05 2.1112808e-05
2762400 5.9092596e-05 2.5625248e-05
2762600 7.8361771e-05 1.4926114e-05
2762800 7.0879116e-05 2.6683507e-05
2763000 6.4681098e-05 3.3509274e-05
2763200 8.0402093e-05 3.25859e-05
2763400 6.5939207e-05 1.2885075e-05
2763600 7.0893045e-05 1.0929345e-05
2763800 6.5129477e-05 1.2367129e-05
2764000 6.7386795e-05 2.8393679e-05
2764200 6.7434901e-05 9.5836333e-06
2764400 8.51683e-05 2.9858664e-05
2764600 8.4401043e-05 1.9980202e-05
2764800 7.4569739e-05 1.9190816e-05
2765000 7.5506788e-05 1.5816011e-05
2765200 8.1587215e-05 2.6804713e-05
2765400 7.4175777e-05 1.7940159e-05
2765600 8.9953669e-05 5.4350696e-06
2765800 7.0811593e-05 2.889325e-05
2766000 8.0298668e-05 1.9910796e-05
2766200 7.2752692e-05 1.7375074e-05
2766400 8.3995463e-05 1.6645504e-05
2766600 7.6653435e-05 7.72714e-06
2766800 7.374598e-05 2.5834621e-05
2767000 8.3832738e-05 3.2227559e-05
2767200 6.4894953e-05 2.6668023e-05
2767400 7.473963e-05 2.0669981e-05
2767600 8.1376488e-05 1.9922543e-05
2767800 6.6013516e-05 9.1427086e-06
2768000 9.0915364e-05 7.2112619e-06
2768200 6.2641283e-05 1.5796359e-05
2768400 8.774489e-05 2.4956279e-05
2768600 9.2620225e-05 1.7647688e-05
2768800 6.423211e-05 1.9873278e-05
2769000 8.1746774e-05 1.3140706e-05
2769200 6.957626e-05 8.8401327e-06
2769400 8.5230323e-05 9.5542805e-06
2769600 9.0161939e-05 1.3037834e-05
2769800 7.8610561e-05 1.5274109e-05
2770000 7.672256e-05 8.5565911e-06
2770200 7.5590163e-05 2.3912663e-05
2770400 8.0161219e-05 1.9329119e-05
2770600 6.7265836e-05 1.6788021e-05
2770800 8.4395516e-05 7.7810654e-06
2771000 7.1465974e-05 1.9120429e-05
2771200 8.1664487e-05 4.3311117e-05
2771400 7.6811684e-05 2.5190998e-05
2771600 7.4969612e-05 2.3703784e-05
2771800 7.3289883e-05 8.6589165e-06
2772000 6.6634262e-05 2.5518363e-05
2772200 5.6338197e-05 2.1768947e-05
2772400 6.8141198e-05 1.3065199e-05
2772600 7.1040857e-05 1.5248558e-05
2772800 5.4083042e-05 1.7818869e-05
2773000 7.1300962e-05 1.9662996e-05
2773200 7.5096648e-05 3.3775662e-06
2773400 9.3460949e-05 6.4376453e-07
2773600 8.6850249e-05 7.9442601e-07
2773800 7.6837598e-05 2.4003237e-05
2774000 6.3480837e-05 2.5303065e-05
2774200 6.8509357e-05 2.6872282e-05
2774400 6.4416214e-05 1.8431866e-05
2774600 6.1124644e-05 3.577844e-05
2774800 7.9961641e-05 1.4123699e-05
2775000 7.8553991e-05 1.9534429e-05
2775200 7.7132505e-05 3.1473333e-06
2775400 6.938691e-05 1.7649497e-05
2775600 5.1682637e-05 2.031596e-05
2775800 6.5415175e-05 1.0486241e-05
2776000 6.4360611e-05 1.2977204e-05
2776200 6.9108605e-05 8.2440786e-06
2776400 5.7364455e-05 1.6388104e-05
2776600 6.9226009e-05 2.2549483e-05
2776800 7.486147e-05 8.6165975e-06
2777000 5.6843e-05 1.1545516e-05
2777200 6.4523574e-05 1.5244124e-05
2777400 5.854602e-05 1.8133543e-05
2777600 8.8101444e-05 6.7091595e-06
2777800 7.237703e-05 1.8736288e-05
2778000 8.3061317e-05 2.3170725e-05
2778200 8.8455651e-05 2.9030647e-05
2778400 9.0030713e-05 1.9690933e-05
2778600 8.9987035e-05 5.7396754e-06
2778800 8.2251569e-05 1.4293909e-05
2779000 8.418868e-05 4.1160459e-06
2779200 6.1566023e-05 1.7882065e-05
2779400 8.1189215e-05 1.4884626e-05
2779600 7.5810182e-05 2.7347895e-05
2779800 6.9508785e-05 3.9968238e-05
2780000 7.619437e-05 1.3030024e-05
2780200 7.8801343e-05 2.4841228e-05
2780400 9.0183316e-05 4.4083762e-06
2780600 8.2286452e-05 1.9326786e-05
2780800 7.9212497e-05 1.3096149e-05
2781000 9.3364304e-05 1.8756867e-05
2781200 8.1045276e-05 3.6885737e-05
2781400 7.4683681e-05 1.6382094e-05
2781600 8.3622705e-05 2.731239e-05
2781800 8.96921e-05 1.3982771e-05
2782000 8.9026331e-05 4.9641695e-06
2782200 9.3358063e-05 7.472989e-06
2782400 7.4663099e-05 1.8311704e-05
2782600 7.6613897e-05 3.1593781e-05
2782800 8.8577023e-05 1.8575476e-05
2783000 9.0536253e-05 1.7475373e-05
2783200 7.5252989e-05 1.8071671e-05
2783400 6.1899445e-05 2.6376784e-05
2783600 6.5977079e-05 2.2785751e-05
2783800 7.4562065e-05 1.5781569e-05
2784000 5.756906e-05 1.7531694e-05
2784200 5.8925332e-05 7.70981e-06
2784400 6.9996408e-05 2.547408e-05
2784600 7.6591018e-05 3.5238336e-06
2784800 6.6645086e-05 2.0716162e-05
2785000 7.1586184e-05 2.4680146e-05
2785200 8.183154e-05 2.7399697e-06
2785400 6.2955872e-05 1.6515707e-05
2785600 7.5077396e-05 1.9491277e-05
2785800 6.9426521e-05 2.3444759e-05
2786000 6.6816031e-05 2.1035613e-05
2786200 7.1948767e-05 1.1610003e-05
2786400 7.3648054e-05 1.3507357e-05
2786600 6.443834e-05 1.4349054e-05
2786800 8.1872261e-05 1.1076983e-05
2787000 6.9774378e-05 2.5589415e-05
2787200 6.5888154e-05 2.4974153e-05
2787400 6.5664475e-05 9.0077046e-06
2787600 6.234488e-05 1.4312341e-05
2787800 5.8655342e-05 1.1270478e-05
2788000 6.4384563e-05 2.1733211e-05
2788200 8.0900814e-05 2.0944536e-05
2788400 5.9249113e-05 1.0341876e-05
2788600 6.8323964e-05 1.1912285e-05
2788800 9.0877575e-05 2.0586722e-05
2789000 7.3792624e-05 2.2119102e-05
2789200 6.4838941e-05 1.3840027e-05
2789400 4.9723789e-05 2.9238049e-05
2789600 7.8811149e-05 1.5556745e-05
2789800 6.2349724e-05 3.3269734e-05
2790000 8.041988e-05 1.7297155e-05
2790200 7.1432092e-05 1.6337832e-05
2790400 6.6204608e-05 2.7380414e-05
2790600 7.3814648e-05 2.4202612e-05
2790800 6.4560739e-05 1.6130033e-05
2791000 7.2838478e-05 7.4805332e-06
2791200 9.8482861e-05 8.4125045e-06
2791400 8.528269e-05 2.2424552e-05
2791600 9.6178706e-05 2.8179397e-05
2791800 8.8614823e-05 1.0774069e-05
2792000 0.000108909 1.5159376e-05
2792200 9.8037192e-05 1.002212e-05
2792400 0.00011389702 2.1571097e-05
2792600 9.1514106e-05 1.3975777e-05
2792800 9.2014294e-05 1.0580267e-05
2793000 8.5879137e-05 8.2539598e-06
2793200 8.6445134e-05 8.9151e-06
2793400 8.1340999e-05 1.8441338e-05
2793600 8.9307476e-05 1.6189558e-05
2793800 9.7677324e-05 1.866437e-05
2794000 9.2578834e-05 1.93173e-05
2794200 8.4237633e-05 1.6306675e-05
2794400 8.208529e-05 4.4422651e-06
2794600 9.4345109e-05 5.3459148e-06
2794800 0.00010466239 1.4430959e-05
2795000 7.8393908e-05 8.785005e-06
2795200 7.2583049e-05 1.0935901e-05
2795400 0.00010414842 5.0537164e-06
2795600 0.00010129295 1.5379415e-05
2795800 9.1448282e-05 1.0090042e-05
2796000 8.3795685e-05 1.4369727e-05
2796200 0.00010094093 1.6853418e-05
2796400 8.8109774e-05 7.2381243e-06
2796600 9.3223975e-05 1.2964763e-05
2796800 7.4900474e-05 4.483338e-06
2797000 8.929813e-05 5.0593771e-06
2797200 0.00010863852 1.5007939e-05
2797400 7.8356625e-05 3.1287242e-05
2797600 9.3657328e-05 1.2044644e-05
2797800 9.0495767e-05 7.306449e-06
2798000 7.8830793e-05 1.6416536e-05
2798200 9.6721498e-05 1.2412006e-05
2798400 9.0705746e-05 1.3535943e-06
2798600 8.8989105e-05 9.1872437e-06
2798800 7.1257639e-05 2.8137564e-06
2799000 9.2620338e-05 8.1168261e-06
2799200 8.888259e-05 7.0596201e-06
2799400 8.711834e-05 1.7405409e-05
2799600 8.7770117e-05 1.3975301e-05
2799800 8.2999431e-05 7.6923818e-06
2800000 7.1723151e-05 1.8634136e-05
2800200 9.4761935e-05 6.0652626e-06
2800400 8.9743845e-05 6.0174543e-06
2800600 8.9486346e-05 1.7742186e-05
2800800 8.9206461e-05 3.7307744e-06
2801000 9.3130749e-05 1.4300007e-05
2801200 8.9549547e-05 1.8424248e-05
2801400 9.6143789e-05 1.1562961e-05
2801600 9.8956899e-05 1.1092818e-06
2801800 0.0001037974 1.8649388e-05
2802000 0.00010204822 2.9565174e-05
2802200 8.8665221e-05 1.2578077e-05
2802400 7.8817646e-05 1.098691e-05
2802600 8.0537588e-05 2.8581406e-05
2802800 8.3991352e-05 4.3760684e-06
2803000 8.6082302e-05 1.1685215e-05
2803200 9.0166262e-05 4.2278653e-06
2803400 9.0573851e-05 1.5760337e-05
2803600 9.564452e-05 1.4544877e-05
2803800 8.8441395e-05 2.4366387e-06
2804000 8.7950599e-05 2.1904621e-05
2804200 8.053978e-05 1.0541093e-05
2804400 8.3042695e-05 7.7193628e-06
2804600 6.7564713e-05 1.6008368e-05
2804800 8.6499828e-05 2.7497406e-06
2805000 6.8351472e-05 2.1651727e-05
2805200 7.7233041e-05 9.7932803e-06
2805400 6.7294064e-05 4.9851168e-06
2805600 5.4702014e-05 8.0149043e-06
2805800 7.4648516e-05 8.4914242e-06
2806000 9.346215e-05 2.3126869e-05
2806200 6.8586742e-05 2.1237822e-05
2806400 7.8204793e-05 1.5392472e-05
2806600 7.615013e-05 1.2378e-05
2806800 9.364177e-05 1.4807236e-05
2807000 7.5410822e-05 1.0278884e-05
2807200 7.9211729e-05 4.1211214e-06
2807400 7.4338612e-05 2.5664128e-05
2807600 7.5385373e-05 9.5808945e-06
2807800 0.00011322028 1.370622e-05
2808000 0.00010593264 1.4513091e-05
2808200 8.7443489e-05 1.4615223e-05
2808400 9.6762424e-05 3.6586217e-06
2808600 0.0001174925 1.4906778e-05
2808800 0.00010320708 1.8380244e-05
2809000 9.2787461e-05 5.6044585e-06
2809200 9.0803307e-05 3.8352366e-05
2809400 8.9681232e-05 2.99155e-05
2809600 9.7033786e-05 4.6496542e-06
2809800 9.1907077e-05 7.0489656e-06
2810000 9.1876964e-05 1.653233e-05
2810200 8.2601987e-05 3.2976375e-06
2810400 7.4979369e-05 1.7083986e-05
2810600 0.00010475152 1.8145549e-05
2810800 0.00010471008 5.8452875e-06
2811000 0.00010411506 2.8584402e-05
2811200 7.5765329e-05 3.6807763e-05
2811400 9.2122473e-05 1.0243897e-05
2811600 7.9281481e-05 9.2898498e-06
2811800 8.5633112e-05 3.5301698e-05
2812000 7.2778372e-05 1.5122004e-05
2812200 6.2444663e-05 1.3580904e-05
2812400 7.6085155e-05 7.1911117e-06
2812600 9.4810532e-05 1.779026e-05
2812800 9.482062e-05 1.1774667e-05
2813000 0.00011026518 1.328457e-05
2813200 8.8806729e-05 3.8750032e-05
2813400 9.0508139e-05 1.6882857e-05
2813600 9.3017955e-05 1.7849765e-05
2813800 7.6809196e-05 4.6673456e-06
2814000 9.9602664e-05 1.0771289e-05
2814200 8.764926e-05 1.3380061e-05
2814400 0.0001034465 3.1636598e-06
2814600 9.2424406e-05 6.660283e-06
2814800 9.8848845e-05 1.4337661e-05
2815000 9.773158e-05 2.1448385e-05
2815200 0.00010756451 1.5584454e-05
2815400 0.00010181256 1.8713729e-05
2815600 9.510649e-05 2.0699382e-05
2815800 0.00010249724 1.9933386e-05
2816000 7.7934315e-05 9.4888857e-06
2816200 8.9087129e-05 4.2811852e-06
2816400 9.2881603e-05 2.3881394e-05
2816600 8.1695391e-05 2.2856983e-05
2816800 0.00010616594 1.7202512e-05
2817000 0.00010301049 1.4122551e-05
2817200 0.0001107336 2.8536081e-05
2817400 9.4895729e-05 2.9145346e-05
2817600 0.00011016622 3.1196474e-05
2817800 8.5654271e-05 1.9888744e-05
2818000 7.6841171e-05 2.8888214e-05
2818200 8.0957964e-05 3.1987704e-05
2818400 0.00012599017 7.5631227e-06
2818600 0.00011911919 1.5719639e-05
2818800 0.00011141656 1.7184296e-05
2819000 0.0001029306 2.5899289e-05
2819200 9.13151e-05 2.1909337e-05
2819400 9.188612e-05 3.046759e-05
2819600 9.9522523e-05 4.0976507e-06
2819800 9.033756e-05 5.0886662e-06
2820000 0.00010264521 4.0278018e-06
2820200 8.6821397e-05 3.3737355e-05
2820400 9.6960687e-05 2.2606912e-05
2820600 9.8339664e-05 2.4665198e-05
2820800 9.1020935e-05 3.083753e-05
2821000 8.2151619e-05 2.663974e-05
2821200 0.00010011661 1.3429079e-05
2821400 9.1044339e-05 3.7060714e-05
2821600 7.8881106e-05 2.2470236e-05
2821800 0.00010178217 2.0899e-05
2822000 0.00010924474 1.9555259e-05
2822200 0.00010919761 1.9644827e-05
2822400 0.00011957912 1.0732408e-05
2822600 0.00010871975 5.3963294e-06
2822800 9.4442657e-05 6.1877967e-06
2823000 0.00010146918 3.2225065e-05
2823200 0.00010754684 1.4260186e-05
2823400 0.0001183993 1.5753737e-05
2823600 9.818609e-05 2.3523574e-05
2823800 9.3148194e-05 1.7157326e-05
2824000 8.7519001e-05 7.0949732e-06
2824200 9.6135164e-05 1.1724895e-05
2824400 9.4961711e-05 2.3137536e-05
2824600 0.00010458283 2.9299605e-05
2824800 0.00011731997 1.8081842e-05
2825000 0.00010535691 2.5976702e-05
2825200 8.2952459e-05 2.307286e-05
2825400 0.00010361075 1.4572621e-05
2825600 0.00010894483 1.1800232e-05
2825800 9.9532611e-05 1.2123964e-05
2826000 0.00010377724 8.2110564e-06
2826200 0.00010060178 6.3356081e-06
2826400 9.5465421e-05 1.1793713e-05
2826600 9.5205474e-05 1.000962e-05
2826800 9.5430257e-05 1.6877421e-05
2827000 9.3430999e-05 1.140347e-05
2827200 8.992336e-05 1.4209707e-05
2827400 9.0246437e-05 1.14579e-05
2827600 8.9272088e-05 2.7466459e-05
2827800 7.2776081e-05 2.2268325e-05
2828000 9.2084186e-05 7.2720441e-06
2828200 8.0549023e-05 1.3120494e-05
2828400 9.2634004e-05 1.2601069e-06
2828600 8.9480861e-05 8.1660053e-06
2828800 9.271037e-05 2.7308528e-05
2829000 8.0163767e-05 8.7648278e-06
2829200 9.7144181e-05 2.2275523e-05
2829400 8.7759596e-05 1.8102732e-05
2829600 8.5976069e-05 1.6002283e-05
2829800 8.4689221e-05 2.2176899e-05
2830000 9.4736313e-05 1.746655e-05
2830200 0.00010922842 2.4291239e-05
2830400 7.9534016e-05 9.8567969e-06
2830600 9.8254038e-05 4.9683724e-06
2830800 8.9601017e-05 1.1382317e-05
2831000 9.1441578e-05 1.3382535e-05
2831200 7.5735522e-05 1.7357931e-05
2831400 8.2237742e-05 2.2274947e-05
2831600 9.4842726e-05 1.341405e-05
2831800 8.9033513e-05 9.267447e-06
2832000 8.6717682e-05 1.4725905e-05
2832200 9.5154787e-05 1.6870779e-05
2832400 0.00010053878 1.1830409e-05
2832600 6.6479794e-05 3.9136711e-05
2832800 8.2162369e-05 7.1893645e-06
2833000 9.4848377e-05 3.0611684e-05
2833200 8.8812904e-05 1.7824572e-05
2833400 9.9466789e-05 3.7474481e-05
2833600 8.42917e-05 2.0418394e-05
2833800 0.00011710614 3.0340153e-05
2834000 9.4647435e-05 1.2172135e-05
2834200 9.4630791e-05 3.1868114e-05
2834400 8.7285848e-05 4.3129515e-05
2834600 0.00010503366 3.4469963e-05
2834800 0.00011380131 1.0861645e-05
2835000 8.8849642e-05 3.465128e-05
2835200 0.0001033476 2.9821199e-05
2835400 9.5528663e-05 3.2121156e-05
2835600 0.00010254948 2.0583506e-05
2835800 9.6665497e-05 2.2622718e-05
2836000 0.00011671404 2.7650008e-05
2836200 8.353661e-05 3.4378902e-05
2836400 9.9667268e-05 1.2882152e-05
2836600 0.00010131032 1.778249e-05
2836800 9.4675861e-05 2.2170066e-05
2837000 8.1777822e-05 1.7248131e-05
2837200 8.7235302e-05 2.7429947e-05
2837400 0.00010473569 4.9064033e-05
2837600 0.00010963336 3.0604252e-05
2837800 0.00010054534 2.9081373e-05
2838000 0.00010694359 4.0877503e-05
2838200 9.5147237e-05 4.146082e-05
2838400 9.0731928e-05 3.3519586e-05
2838600 0.00011117472 3.1025357e-05
2838800 0.00012602739 1.4417337e-05
2839000 0.00011067416 1.7996843e-05
2839200 0.00012059264 2.0063448e-05
2839400 0.00010746163 3.4398441e-05
2839600 0.00011603696 2.9540816e-05
2839800 0.00010470957 2.8510891e-05
2840000 0.00012674019 1.413907e-05
2840200 0.00010179807 1.4388278e-05
2840400 0.00010815112 1.4718326e-05
2840600 0.00011681421 1.6638606e-05
2840800 0.00010621299 3.1792763e-05
2841000 0.00010003622 2.3745696e-05
2841200 0.00011479737 2.2631407e-05
2841400 9.6494842e-05 2.9585441e-05
2841600 9.9091919e-05 3.8689017e-05
2841800 9.8282545e-05 2.9094814e-05
2842000 0.00010772038 2.8450728e-05
2842200 9.48875e-05 2.841866e-05
2842400 0.00010633523 2.7518038e-05
2842600 0.00010700426 3.1867018e-05
2842800 0.00010248662 2.2649963e-05
2843000 0.00010511242 3.2486662e-05
2843200 0.00010332489 1.5574847e-05
2843400 0.00011541337 9.7543203e-06
2843600 0.00010153404 1.8033925e-05
2843800 0.00010428837 2.9791933e-05
2844000 0.00010102429 1.4079474e-05
2844200 9.2388191e-05 3.1472265e-05
2844400 9.7165068e-05 4.6189014e-05
2844600 0.00010068289 3.1754239e-05
2844800 0.00010673972 1.4812561e-05
2845000 0.00011146166 1.4271444e-05
2845200 0.00012534963 1.7420742e-05
2845400 0.00012490628 2.414694e-05
2845600 0.00010900793 1.3405126e-05
2845800 9.3408679e-05 3.0195094e-05
2846000 9.253519e-05 2.2317654e-05
2846200 0.00010007026 2.5197891e-05
2846400 0.00010510517 1.7185696e-05
2846600 9.8772132e-05 2.9133957e-05
2846800 8.9319038e-05 2.8545882e-05
2847000 9.5980523e-05 3.6221993e-05
2847200 8.1635388e-05 2.8260576e-05
2847400 8.5873782e-05 4.1803614e-05
2847600 0.00010389918 3.2917108e-05
2847800 0.0001031224 2.8705482e-05
2848000 9.5962959e-05 1.1217739e-05
2848200 8.3820223e-05 3.9269622e-05
2848400 9.4285536e-05 2.6830381e-05
2848600 9.3186491e-05 2.6706024e-05
2848800 9.7580067e-05 3.1552331e-05
2849000 8.3849315e-05 3.7645262e-05
2849200 0.00010639368 2.3832459e-05
2849400 9.6208816e-05 2.2738948e-05
2849600 9.4492302e-05 2.2552919e-05
2849800 9.5070398e-05 2.1017664e-05
2850000 8.4721352e-05 3.1027831e-05
2850200 9.6539064e-05 2.5200051e-05
2850400 8.882059e-05 3.1393361e-05
2850600 0.00010288363 2.5342167e-05
2850800 9.9840749e-05 2.669474e-05
2851000 0.00010548813 1.1525876e-05
2851200 0.00010127748 2.9124556e-05
2851400 0.0001029117 1.1748122e-05
2851600 9.8357537e-05 1.835135e-05
2851800 9.0085143e-05 3.2148317e-05
2852000 7.7591458e-05 1.5450334e-05
2852200 0.00011094969 3.8251979e-06
2852400 0.00010075152 3.879571e-05
2852600 0.00010839751 3.468664e-05
2852800 9.1341355e-05 2.2946027e-05
2853000 0.00010688716 1.2653053e-05
2853200 0.00011320259 3.1058444e-05
2853400 0.00012599172 1.594361e-05
2853600 9.2201036e-05 1.5883002e-05
2853800 0.00011244085 2.1541982e-05
2854000 0.00011651856 2.0816695e-05
2854200 0.00010053337 3.8497058e-05
2854400 0.00010811079 2.8709403e-05
2854600 0.00010397108 1.9845474e-05
2854800 9.8200578e-05 3.25314e-05
2855000 0.00010567484 3.0659127e-05
2855200 0.00010530999 3.0611673e-05
2855400 0.00010390631 3.7550181e-05
2855600 0.00010265949 1.4846144e-05
2855800 0.00010148269 4.2597846e-05
2856000 0.00010918479 2.779898e-05
2856200 0.00010704227 2.2401041e-05
2856400 0.00011405054 3.3000352e-05
2856600 9.7783178e-05 3.6852102e-05
2856800 0.00011218767 1.5114505e-05
2857000 8.9668807e-05 2.270024e-05
2857200 8.4759883e-05 3.2806704e-05
2857400 8.4721831e-05 3.5577614e-05
2857600 9.3448193e-05 2.2496539e-05
2857800 9.8409773e-05 2.5261664e-05
2858000 9.8862075e-05 3.6317709e-05
2858200 9.047115e-05 3.7795122e-05
2858400 0.00010736955 1.6389827e-05
2858600 0.0001010037 3.206815e-05
2858800 8.841949e-05 4.4243715e-05
2859000 9.689807e-05 2.8214751e-05
2859200 8.6038641e-05 3.6633572e-05
2859400 9.8913392e-05 3.2144978e-05
2859600 0.0001028977 2.5675574e-05
2859800 8.7588975e-05 2.335794e-05
2860000 8.85085e-05 3.685348e-05
2860200 0.0001046201 3.2193997e-05
2860400 0.00011368482 2.7844574e-05
2860600 9.1041e-05 2.9272078e-05
2860800 8.9790343e-05 3.5758118e-05
2861000 9.8739699e-05 2.7036641e-05
2861200 8.7289859e-05 3.2114987e-05
2861400 8.9449444e-05 3.2933048e-05
2861600 0.00010934151 2.4421438e-05
2861800 0.00010281566 2.2332383e-05
2862000 0.00010459284 3.4750207e-05
2862200 0.00010909594 3.4181422e-05
2862400 0.00012614469 3.2888126e-05
2862600 0.0001241147 2.7989686e-05
2862800 0.00011023255 2.2462525e-05
2863000 9.4280085e-05 2.5032955e-05
2863200 9.4281541e-05 4.4957172e-05
2863400 9.7281386e-05 2.1454417e-05
2863600 9.5305959e-05 2.4431446e-05
2863800 9.3130348e-05 4.4374242e-05
2864000 9.7019257e-05 2.1846064e-05
2864200 0.0001063271 2.6516785e-05
2864400 0.00010762634 3.0510625e-05
2864600 0.00011314015 3.7379167e-05
2864800 8.9985233e-05 5.2192439e-05
2865000 0.00010523394 4.6052107e-05
2865200 9.3596238e-05 3.241817e-05
2865400 7.9051107e-05 4.4081732e-05
2865600 8.2216749e-05 3.6945644e-05
2865800 9.8618269e-05 4.8400582e-05
2866000 9.0390435e-05 2.6547973e-05
2866200 9.9881292e-05 2.037207e-05
2866400 8.8128467e-05 4.2433952e-05
2866600 9.8148349e-05 4.6356797e-05
2866800 8.765479e-05 5.1057679e-05
2867000 0.00010458411 5.0678713e-05
2867200 8.5762026e-05 2.5549353e-05
2867400 9.8166947e-05 3.5825781e-05
2867600 0.00010680697 2.5153376e-05
2867800 0.00010184249 2.2772089e-05
2868000 0.0001134252 2.9443384e-05
2868200 0.00010972365 3.3618003e-05
2868400 9.8866691e-05 3.5952374e-05
2868600 9.1072047e-05 3.6436884e-05
2868800 9.6701706e-05 2.9070971e-05
2869000 8.1846988e-05 3.7800438e-05
2869200 8.9730753e-05 2.0800766e-05
2869400 9.8211962e-05 2.99659e-05
2869600 0.00010402546 4.6293601e-05
2869800 0.00010093546 3.6960893e-05
2870000 0.0001003227 3.3142052e-05
2870200 9.5794225e-05 4.9073148e-05
2870400 0.00010521578 4.227806e-05
2870600 0.00012768989 2.2763343e-05
2870800 0.00010253879 1.8357948e-05
2871000 9.6525139e-05 2.5072819e-05
2871200 0.00010452134 1.8095736e-05
2871400 0.00010727319 3.4041512e-05
2871600 0.00010351924 3.5819668e-05
2871800 0.00010413541 4.2314151e-05
2872000 0.00010454948 3.9823665e-05
2872200 7.8520337e-05 3.982078e-05
2872400 8.188375e-05 5.1528955e-05
2872600 0.00010394283 4.139155e-05
2872800 8.0102216e-05 4.2772495e-05
2873000 7.7269731e-05 3.4733421e-05
2873200 9.5859529e-05 3.5600307e-05
2873400 9.6108434e-05 5.1187676e-05
2873600 9.1571917e-05 3.9652488e-05
2873800 9.1391849e-05 4.2769134e-05
2874000 9.3030269e-05 4.1253246e-05
2874200 9.4628853e-05 3.1967626e-05
2874400 9.0074975e-05 5.0603377e-05
2874600 8.7408233e-05 3.5943618e-05
2874800 9.7225587e-05 4.516736e-05
2875000 7.2782435e-05 4.007071e-05
2875200 8.6800864e-05 3.1694975e-05
2875400 8.7940911e-05 4.6381561e-05
2875600 0.00010723112 4.8705787e-05
2875800 0.00011813284 2.4771014e-05
2876000 9.4601286e-05 4.3436267e-05
2876200 9.5992052e-05 4.9412505e-05
2876400 0.00011653902 4.5482043e-05
2876600 0.00010281955 4.0006798e-05
2876800 9.7655379e-05 4.6714364e-05
2877000 9.5767047e-05 5.6810693e-05
2877200 0.00010690497 3.2324116e-05
2877400 0.00012289185 3.9488374e-05
2877600 0.00012334975 3.5581153e-05
2877800 0.00011190118 5.8074464e-05
2878000 9.8906004e-05 3.3069246e-05
2878200 0.00010293916 3.6017992e-05
2878400 0.00010551417 4.1875604e-05
2878600 0.00010337425 4.4578626e-05
2878800 0.0001019705 4.1187287e-05
2879000 0.00011637274 2.3642663e-05
2879200 0.0001093129 4.0838874e-05
2879400 9.2800709e-05 4.2426437e-05
2879600 0.00011893737 5.4039295e-06
2879800 8.5060088e-05 3.1712556e-05
2880000 9.5120725e-05 3.0393506e-05
2880200 8.6456451e-05 3.9717338e-05
2880400 9.5755514e-05 4.6784847e-05
2880600 8.58952e-05 3.0939275e-05
2880800 9.5671601e-05 4.0155166e-05
2881000 8.7739111e-05 3.8969915e-05
2881200 0.00011080003 3.2861986e-05
2881400 0.00010925724 2.5837171e-05
2881600 9.0833821e-05 3.3472754e-05
2881800 9.7512486e-05 5.2411931e-05
2882000 0.00010279003 3.4758406e-05
2882200 0.0001063927 3.9099041e-05
2882400 9.0910222e-05 3.9257194e-05
2882600 9.8484867e-05 4.58468e-05
2882800 9.6142069e-05 3.6356513e-05
2883000 0.00010298211 4.1207217e-05
2883200 9.0189663e-05 3.5335762e-05
2883400 9.3716592e-05 4.0699821e-05
2883600 9.2015645e-05 7.1545291e-05
2883800 0.00010065409 4.4309194e-05
2884000 9.7231504e-05 2.828851e-05
2884200 9.6977159e-05 3.7434131e-05
2884400 8.5263023e-05 3.5258414e-05
2884600 7.9972628e-05 3.3896909e-05
2884800 0.00011072438 2.3989062e-05
2885000 0.00010922279 3.7252187e-05
2885200 0.00011716567 4.5666765e-05
2885400 9.9765904e-05 3.7238173e-05
2885600 9.7989079e-05 4.492615e-05
2885800 0.00010310321 3.5631373e-05
2886000 0.00010140133 4.1645015e-05
2886200 0.00010584462 4.2302367e-05
2886400 8.7204763e-05 2.7414593e-05
2886600 8.4322796e-05 3.7285596e-05
2886800 9.907404e-05 3.3586723e-05
2887000 0.00011544035 2.1955296e-05
2887200 0.00010587084 2.8107578e-05
2887400 9.3479282e-05 3.0171862e-05
2887600 9.3758326e-05 4.0122338e-05
2887800 8.5779777e-05 3.4466995e-05
2888000 9.1593914e-05 3.3853291e-05
2888200 9.746159e-05 4.5469866e-05
2888400 0.00010012769 5.1677343e-05
2888600 8.6372612e-05 4.840349e-05
2888800 0.00010014864 5.0352485e-05
2889000 9.8823834e-05 3.9207291e-05
2889200 8.1740376e-05 4.1828493e-05
2889400 9.6063968e-05 3.9412642e-05
2889600 9.2835351e-05 2.4081642e-05
2889800 8.3503683e-05 3.6621556e-05
2890000 9.7837072e-05 3.98943e-05
2890200 9.5559199e-05 3.5724139e-05
2890400 9.3157705e-05 2.3133855e-05
2890600 0.00010156917 3.7081065e-05
2890800 0.00011705913 2.979562e-05
2891000 0.00011050182 3.8448275e-05
2891200 9.574366e-05 4.0871903e-05
2891400 0.00012025625 2.7960514e-05
2891600 8.9499461e-05 3.4740637e-05
2891800 0.00010725418 2.8159543e-05
2892000 0.00010484139 2.9136024e-05
2892200 9.1463967e-05 4.605998e-05
2892400 7.8874034e-05 4.6749265e-05
2892600 0.00010129535 4.4458348e-05
2892800 0.00011191262 3.3318407e-05
2893000 9.8448993e-05 3.0746899e-05
2893200 0.00010738506 2.0832582e-05
2893400 8.6962383e-05 3.7176653e-05
2893600 0.00010904466 3.4323499e-05
2893800 0.00010203407 2.7830048e-05
2894000 9.1747593e-05 4.6842669e-05
2894200 0.00011377062 4.0796515e-05
2894400 0.00010879815 2.680244e-05
2894600 0.00010361524 2.4957852e-05
2894800 9.1754347e-05 6.893812e-06
2895000 8.8132451e-05 3.3541043e-05
2895200 0.0001070409 3.1779281e-05
2895400 9.9331401e-05 2.799953e-05
2895600 0.00011709813 3.1066737e-05
2895800 0.00011068084 3.7719754e-05
2896000 0.00010460222 7.7060416e-06
2896200 0.00010689659 2.7878975e-05
2896400 0.00011015003 2.2333206e-05
2896600 0.00010070749 4.2747875e-05
2896800 9.3360489e-05 3.3889491e-05
2897000 9.3969442e-05 4.4752732e-05
2897200 0.00010490641 3.5458376e-05
2897400 0.00010155895 3.6801853e-05
2897600 0.00012175186 3.8015626e-05
2897800 9.4257427e-05 4.5946876e-05
2898000 0.00010481738 4.6213202e-05
2898200 0.00010969291 3.7744898e-05
2898400 9.6848669e-05 4.4908822e-05
2898600 9.2184446e-05 2.8959451e-05
2898800 0.00011048963 4.0202607e-05
2899000 0.00011773026 2.1229517e-05
2899200 0.00010819494 3.6606886e-05
2899400 0.0001236922 3.2280427e-05
2899600 0.00011773913 3.1665157e-05
2899800 9.7121074e-05 4.3810846e-05
2900000 0.00010489236 3.3463208e-05
2900200 9.009183e-05 3.1646154e-05
2900400 0.00010963809 2.0989888e-05
2900600 0.00011029736 2.8412091e-05
2900800 0.00010508983 3.1475455e-05
2901000 0.00011320343 4.0709995e-05
2901200 0.00011282845 2.3807044e-05
2901400 0.00011565285 2.5403219e-05
2901600 0.00011092979 3.6697924e-05
2901800 0.00011128187 2.9843119e-05
2902000 0.00011650859 9.2646682e-06
2902200 0.00011743345 1.9791514e-05
2902400 9.1746781e-05 2.7975836e-05
2902600 0.00010742878 1.9184206e-05
2902800 0.00011477161 2.5311719e-05
2903000 0.00010516 3.5652672e-05
2903200 0.00010686027 1.5698842e-05
2903400 0.00010574366 3.0897039e-05
2903600 0.00010256623 2.8294986e-05
2903800 0.00010096903 2.8893574e-05
2904000 0.00011836474 8.5872855e-06
2904200 0.00011006231 1.2528999e-05
2904400 0.00010713884 1.8482226e-05
2904600 0.00010828602 2.9152428e-05
2904800 0.00011166692 1.4272168e-05
2905000 9.789996e-05 2.8664527e-05
2905200 0.00010161316 3.8429916e-05
2905400 0.00011371198 3.419209e-05
2905600 0.00011122417 3.0326179e-05
2905800 0.00010739744 3.2900147e-05
2906000 0.00010098615 4.2070847e-05
2906200 9.3830667e-05 2.8217217e-05
2906400 0.00010958562 2.3651299e-05
2906600 0.00010535972 3.0870287e-05
2906800 0.00012061127 3.0861696e-05
2907000 9.9400591e-05 3.9620146e-05
2907200 0.00011246354 1.5314348e-05
2907400 9.5896229e-05 1.7663273e-05
2907600 0.00010612684 4.761457e-05
2907800 0.00010620019 2.9739479e-05
2908000 0.00010864563 2.9277402e-05
2908200 9.054491e-05 3.041386e-05
2908400 0.00010797846 2.1138892e-05
2908600 0.00010709302 1.8406574e-05
2908800 9.6451752e-05 1.6364882e-05
2909000 9.9726279e-05 2.7725819e-05
2909200 0.00011970283 2.4832459e-05
2909400 0.00011898478 1.2683144e-05
2909600 0.00011588699 3.0740289e-05
2909800 0.00012223365 2.8292598e-05
2910000 0.00012647252 3.6816487e-05
2910200 0.00010713342 4.8684771e-05
2910400 0.00010113553 2.8356689e-05
2910600 0.0001224445 1.3611064e-05
2910800 0.00012995955 2.4453324e-05
2911000 0.00010655545 3.8490411e-05
2911200 0.00011022189 1.3816901e-05
2911400 0.00011637198 3.2934022e-05
2911600 0.000105002 2.7510316e-05
2911800 0.00010221167 1.9359022e-05
2912000 8.9537042e-05 1.3662165e-05
2912200 0.0001064745 1.8519923e-05
2912400 0.00012243702 2.6563194e-05
2912600 0.00011028134 1.1081554e-05
2912800 0.00011288764 2.6194141e-05
2913000 0.00011124042 2.7808091e-05
2913200 0.00011269897 2.7943725e-05
2913400 0.00012170578 2.9646983e-05
2913600 0.00012014217 2.6789773e-05
2913800 0.00012305998 3.7689789e-05
2914000 0.00011746484 4.817026e-05
2914200 0.00010106067 4.4612888e-05
2914400 0.0001082676 3.2905316e-05
2914600 0.0001152082 2.4514983e-05
2914800 0.00012582681 1.1078784e-05
2915000 0.00012075376 3.4379778e-05
2915200 8.1991953e-05 4.3143244e-05
2915400 0.00010155746 4.0574392e-05
2915600 0.00011456802 3.1941836e-05
2915800 0.00012401045 3.2985986e-05
2916000 0.00010222715 2.7263895e-05
2916200 0.00012340165 3.4493244e-05
2916400 0.00011045255 2.3661765e-05
2916600 0.00010263256 2.1598279e-05
2916800 0.00010186782 3.9263596e-05
2917000 0.00010948532 3.0036086e-05
2917200 0.00010520196 3.6492289e-05
2917400 0.00012072018 2.7279214e-05
2917600 0.00012320892 3.0982047e-05
2917800 0.00011902679 1.8617865e-05
2918000 0.00011525733 1.9944292e-05
2918200 0.00012237068 3.2025066e-05
2918400 9.9387007e-05 2.3058326e-05
2918600 0.00011754906 1.6283245e-05
2918800 9.2572441e-05 2.4392086e-05
2919000 9.9145371e-05 2.4742954e-05
2919200 9.7836913e-05 2.4449729e-05
2919400 9.7226421e-05 1.9627969e-05
2919600 0.00010354745 1.6518961e-05
2919800 0.00010341445 2.595749e-05
2920000 0.00011706153 2.6517178e-05
2920200 0.00012402201 5.9125682e-06
2920400 0.00010946557 3.0793886e-05
2920600 0.00012164506 2.1464516e-05
2920800 0.00010169057 1.7434244e-05
2921000 0.00012369409 1.550729e-05
2921200 0.00013677447 2.8614686e-05
2921400 0.00012545026 2.1516919e-05
2921600 0.00011329378 2.0547004e-05
2921800 0.0001126102 2.2484113e-05
2922000 0.00011895626 2.6939798e-05
2922200 0.00012041839 2.391729e-05
2922400 0.00010929407 2.7635265e-05
2922600 0.00010972577 3.5520424e-05
2922800 0.00013025999 2.167424e-05
2923000 0.00011804786 1.9639682e-05
2923200 0.0001087196 2.106747e-05
2923400 0.00013702573 2.6546333e-05
2923600 0.00011631485 2.6321611e-05
2923800 0.00011028538 2.5635223e-05
2924000 0.00010804373 2.1228707e-05
2924200 0.00010975589 2.8876661e-05
2924400 0.00011413685 2.6016704e-05
2924600 0.00012551683 3.6377031e-05
2924800 0.00010288342 2.2836481e-05
2925000 0.00011176963 3.0227556e-05
2925200 0.00011576865 3.3189522e-05
2925400 0.00010751723 3.1063752e-05
2925600 0.00010958206 2.8332807e-05
2925800 9.7244844e-05 3.1269891e-05
2926000 0.00012360732 2.238714e-05
2926200 0.00011549095 2.6611927e-05
2926400 0.00011119374 3.606247e-05
2926600 0.00011441869 1.9105129e-05
2926800 0.00011524581 1.6788618e-05
2927000 9.7007954e-05 2.2983267e-05
2927200 9.5879164e-05 2.4426845e-05
2927400 9.6006118e-05 3.7239824e-05
2927600 0.00011795385 3.1019217e-05
2927800 9.8232049e-05 2.4499531e-05
2928000 0.00010823568 4.1301465e-05
2928200 0.0001179872 2.2776701e-05
2928400 0.00012925868 1.3540495e-05
2928600 0.00011419396 2.6000941e-05
2928800 0.00012245296 2.8395945e-05
2929000 0.00010779295 4.5165693e-05
2929200 0.00010715674 3.2479548e-05
2929400 0.00010362705 3.0451811e-05
2929600 9.9934597e-05 3.9321786e-05
2929800 9.8840564e-05 3.4596523e-05
2930000 0.00010929861 3.1532443e-05
2930200 0.00010159877 3.0028136e-05
2930400 0.00010104137 2.3186079e-05
2930600 0.00012086736 1.3639451e-05
2930800 0.00012254053 3.5232e-05
2931000 0.00010741737 3.0167889e-05
2931200 0.00010497073 3.2204874e-05
2931400 0.00011595112 4.1280969e-05
2931600 0.00011760278 2.1402309e-05
2931800 0.00010582917 4.0646358e-05
2932000 0.00012209069 3.7942566e-05
2932200 0.00011046252 2.5159671e-05
2932400 0.00012735094 3.1014709e-05
2932600 0.00012818599 3.6420443e-05
2932800 0.00012687259 2.9899406e-05
2933000 0.00011554835 3.1567721e-05
2933200 0.00012651748 2.6015686e-05
2933400 0.00013101172 3.5213338e-05
2933600 0.00012567331 2.4879515e-05
2933800 0.00010358161 2.6883895e-05
2934000 0.00011163204 4.5593628e-05
2934200 0.00012940441 3.5046557e-05
2934400 0.00012977712 2.8168356e-05
2934600 0.00012898661 3.453467e-05
2934800 0.00013171709 3.4705306e-05
2935000 0.00011137774 2.5212066e-05
2935200 0.00011873887 2.7809142e-05
2935400 9.5086199e-05 3.4119246e-05
2935600 0.00010970901 4.2211861e-05
2935800 0.00011734764 2.9876556e-05
2936000 0.00011209938 4.2964525e-05
2936200 0.00010622899 3.669694e-05
2936400 0.00011887043 3.1676549e-05
2936600 9.7803382e-05 4.263035e-05
2936800 0.00012940687 3.1936638e-05
2937000 0.00011726005 4.631629e-05
2937200 0.00011914792 3.3497177e-05
2937400 0.00012791821 1.9953342e-05
2937600 0.0001177459 4.1929096e-05
2937800 0.00011239741 4.9298459e-05
2938000 0.0001249214 3.2224699e-05
2938200 0.00012603217 3.2712532e-05
2938400 0.00010512486 3.0251392e-05
2938600 0.00011337537 2.9907158e-05
2938800 0.00011853397 3.2777033e-05
2939000 0.00010535586 2.454142e-05
2939200 0.00012242046 1.4956973e-05
2939400 0.00011752265 3.1373288e-05
2939600 0.00011477367 3.3707835e-05
2939800 0.00010636613 6.4967577e-05
2940000 0.00012007183 4.6985838e-05
2940200 0.00012504069 2.1921192e-05
2940400 0.00012389644 3.4518541e-05
2940600 0.00010987057 1.8036743e-05
2940800 0.00010538248 5.1740299e-05
2941000 0.00011211023 2.0129122e-05
2941200 0.00013341428 2.3588938e-05
2941400 0.00011456203 4.5642067e-05
2941600 0.00010359398 4.264186e-05
2941800 0.00011873691 4.1558474e-05
2942000 0.00011883023 2.7687925e-05
2942200 0.00012403461 2.0943414e-05
2942400 0.00010005368 1.9752913e-05
2942600 0.00014179774 2.9232305e-05
2942800 9.5776586e-05 2.9240093e-05
2943000 0.00011532711 1.6581139e-05
2943200 0.00011759902 3.776886e-05
2943400 0.0001068182 3.9190383e-05
2943600 0.00012307923 3.7698787e-05
2943800 0.00011103082 4.5078241e-05
2944000 0.00010715331 4.3429143e-05
2944200 0.00010340401 3.8235867e-05
2944400 0.00011452469 2.8155112e-05
2944600 0.00011339552 3.5803643e-05
2944800 0.0001126023 3.6946302e-05
2945000 0.00011319312 3.2576235e-05
2945200 0.00012366523 2.6916764e-05
2945400 0.00010555206 4.4984217e-05
2945600 0.00010768482 3.909755e-05
2945800 0.00011062999 4.5014228e-05
2946000 0.00012166801 4.4149301e-05
2946200 0.00010367008 5.2651037e-05
2946400 0.00011123058 3.4380486e-05
2946600 0.00011226939 4.3176034e-05
2946800 0.00010135387 2.7745853e-05
2947000 0.00010786497 2.9897057e-05
2947200 0.0001234312 4.6327478e-05
2947400 0.00012065835 3.1061683e-05
2947600 0.0001139852 3.7620863e-05
2947800 0.00010183987 4.8071406e-05
2948000 0.00010092026 3.1217097e-05
2948200 0.00011848678 3.6796118e-05
2948400 0.00012271458 4.2546381e-05
2948600 0.0001161173 3.5928694e-05
2948800 0.0001159679 3.2460779e-05
2949000 0.00010113099 3.8458576e-05
2949200 0.00011068503 4.1817375e-05
2949400 0.00011483388 3.2326784e-05
2949600 0.00012692247 2.0992908e-05
2949800 0.00012682958 3.9763933e-05
2950000 0.00011459307 3.0649023e-05
2950200 0.00010929377 3.7327448e-05
2950400 0.00011828988 3.1944261e-05
2950600 0.00012662274 2.6666488e-05
2950800 0.00012312021 3.4830804e-05
2951000 0.000112347 5.1303886e-05
2951200 0.00012059118 4.5267692e-05
2951400 0.00011383084 3.4136411e-05
2951600 0.0001101643 2.143069e-05
2951800 0.00012247154 4.1559567e-05
2952000 0.0001199965 2.4629651e-05
2952200 0.00012205414 3.208607e-05
2952400 0.00012479086 2.6755546e-05
2952600 0.00014315682 2.6108528e-05
2952800 0.00011861808 3.1144686e-05
2953000 0.0001018017 3.2782354e-05
2953200 0.00011322336 3.5231781e-05
2953400 0.00011809325 2.9879882e-05
2953600 0.00010821113 4.4366352e-05
2953800 0.00010011617 3.5849648e-05
2954000 0.00011502906 3.1351471e-05
2954200 0.00011968766 3.8746325e-05
2954400 0.00011439632 2.6587158e-05
2954600 0.00012890416 4.7386139e-05
2954800 0.00011548983 4.0011234e-05
2955000 0.00010605963 3.8624166e-05
2955200 0.00010905116 3.5106361e-05
2955400 0.00011825225 4.396402e-05
2955600 0.00012541881 3.2822682e-05
2955800 0.00012350508 3.1338193e-05
2956000 0.00011393709 2.632201e-05
2956200 0.00012244548 4.0150953e-05
2956400 0.00012455474 4.4347833e-05
2956600 0.0001174959 3.9582671e-05
2956800 0.0001057525 4.0341434e-05
2957000 0.00012057335 5.2345498e-05
2957200 0.00010365741 3.825586e-05
2957400 0.00010059138 5.317167e-05
2957600 0.00010716161 4.2482327e-05
2957800 0.0001051574 5.2023732e-05
2958000 9.6853514e-05 5.528375e-05
2958200 0.00012212117 3.5774288e-05
2958400 0.00012637167 3.7285485e-05
2958600 0.0001162137 4.1831476e-05
2958800 0.00012270399 4.1262172e-05
2959000 0.00010021343 5.4885913e-05
2959200 0.00011799863 2.5680416e-05
2959400 0.0001145323 4.362227e-05
2959600 0.00011129066 4.662715e-05
2959800 0.00011063638 3.8722923e-05
2960000 0.00011754311 3.8657184e-05
2960200 0.00010936213 3.7464343e-05
2960400 9.6799781e-05 5.0003009e-05
2960600 0.00011531296 4.0532254e-05
2960800 0.00010966389 3.8085942e-05
2961000 0.00012260223 3.6788121e-05
2961200 0.00011291201 5.4282736e-05
2961400 0.0001131395 3.3481085e-05
2961600 0.00010584419 5.2733128e-05
2961800 0.00011530264 5.013017e-05
2962000 0.00010537484 4.9209426e-05
2962200 0.00010477747 5.1748333e-05
2962400 0.00011701375 4.0165082e-05
2962600 0.00012152441 4.0746614e-05
2962800 0.00011129283 3.7388604e-05
2963000 0.00011857938 2.4736563e-05
2963200 0.00011375665 3.2763061e-05
2963400 0.00012758099 3.7221964e-05
2963600 0.00011715489 3.1988468e-05
2963800 0.00010578769 3.7376224e-05
2964000 9.896082e-05 4.7185809e-05
2964200 0.00010533527 5.6150449e-05
2964400 0.00010273391 3.0641254e-05
2964600 0.00011526552 3.9717516e-05
2964800 0.00012469509 4.4681e-05
2965000 0.00010611494 4.3760978e-05
2965200 0.00010373182 4.116218e-05
2965400 0.00011390549 3.7870474e-05
2965600 0.00011796573 4.5019158e-05
2965800 0.00011643245 3.6321506e-05
2966000 0.00011669687 4.5437917e-05
2966200 0.00011833295 2.2087394e-05
2966400 0.00012337722 4.2593162e-05
2966600 0.00012051263 3.5399409e-05
2966800 0.00011118649 5.5655131e-05
2967000 0.00010982918 3.3423242e-05
2967200 0.00011620643 5.4202667e-05
2967400 0.00010612641 4.1432121e-05
2967600 0.00013026854 3.9808936e-05
2967800 0.00011665102 4.4761468e-05
2968000 0.00011722837 3.6653606e-05
2968200 0.00011390708 4.4124631e-05
2968400 0.00012130869 3.2559228e-05
2968600 0.00012475063 3.0725221e-05
2968800 0.00012569393 2.1394976e-05
2969000 0.00012002957 3.4612818e-05
2969200 0.00011780904 4.0130677e-05
2969400 0.00011832956 4.0907943e-05
2969600 0.00010871882 3.623935e-05
2969800 0.00012836376 4.3593463e-05
2970000 0.00012629778 3.111314e-05
2970200 0.00012105218 5.3198937e-05
2970400 0.0001200361 4.0324704e-05
2970600 0.0001161275 4.4276615e-05
2970800 0.00010425358 5.0942556e-05
2971000 0.0001081688 5.7226602e-05
2971200 0.00012369022 4.5072295e-05
2971400 0.00010542058 3.4399176e-05
2971600 0.00011354221 5.9774967e-05
2971800 0.00012173576 3.2407917e-05
2972000 0.00010565855 2.8234625e-05
2972200 0.00011895364 4.2269713e-05
2972400 0.00011531286 3.6016582e-05
2972600 0.00010836396 4.0529275e-05
2972800 0.00010682087 4.6728558e-05
2973000 0.00010093417 5.2789673e-05
2973200 0.00010588635 4.8134478e-05
2973400 0.00011235712 5.5151308e-05
2973600 0.00011761166 3.3565438e-05
2973800 0.00011128976 4.3774375e-05
2974000 0.00012147427 5.1874637e-05
2974200 0.00011237529 3.6330026e-05
2974400 0.00011035615 4.4563713e-05
2974600 0.00011968236 5.5232292e-05
2974800 0.00010975673 5.1993958e-05
2975000 0.00010230576 5.4885302e-05
2975200 0.00011555516 4.3197331e-05
2975400 0.00011748393 3.4313036e-05
2975600 0.00012298609 3.9089155e-05
2975800 0.00010746841 3.2629303e-05
2976000 9.3475157e-05 3.5315375e-05
2976200 0.00011073921 3.9686584e-05
2976400 0.00010899446 3.4451025e-05
2976600 0.00011076791 2.5614e-05
2976800 9.6145927e-05 4.730954e-05
2977000 0.00011096674 4.6217499e-05
2977200 0.00011595851 3.1381472e-05
2977400 0.0001124285 4.8222032e-05
2977600 0.00010834187 3.4224544e-05
2977800 0.00010570723 3.1037662e-05
2978000 0.00010393248 3.4931337e-05
2978200 0.00011140502 4.2507011e-05
2978400 0.00010755556 3.2856836e-05
2978600 0.00010675337 3.7904141e-05
2978800 0.00011775069 4.9373682e-05
2979000 0.00010926616 4.4159012e-05
2979200 0.00010730934 5.3104563e-05
2979400 9.6612498e-05 3.8932575e-05
2979600 0.00010472891 6.231617e-05
2979800 0.00010958559 4.3672778e-05
2980000 9.1792508e-05 5.4150884e-05
2980200 0.0001028885 3.7110625e-05
2980400 0.00011106784 4.0158913e-05
2980600 0.00011846399 4.2581965e-05
2980800 0.00011866294 4.1149763e-05
2981000 0.00011648229 3.8506072e-05
2981200 0.00013422791 4.3147038e-05
2981400 0.00011361271 4.5682014e-05
2981600 0.00010952181 5.4634579e-05
2981800 0.00010943248 3.3710546e-05
2982000 0.00012126023 3.2162952e-05
2982200 0.00011932565 3.9235169e-05
2982400 0.00011564605 4.6074269e-05
2982600 0.00012150065 4.2250482e-05
2982800 0.00011868134 4.7183297e-05
2983000 0.00011536724 3.0660448e-05
2983200 0.00010507496 5.242502e-05
2983400 0.00010273305 5.7563764e-05
2983600 0.000121486 2.481144e-05
2983800 0.00010645704 6.1144025e-05
2984000 0.00010638451 5.3773169e-05
2984200 0.00011074143 4.7121771e-05
2984400 0.00010816162 4.2701358e-05
2984600 0.00010561954 5.0925231e-05
2984800 0.0001033194 4.0612206e-05
2985000 0.00010702205 2.6838751e-05
2985200 9.9950459e-05 5.1289085e-05
2985400 0.00011905742 3.2448416e-05
2985600 0.00011279841 4.4335788e-05
2985800 0.00010112135 4.4880914e-05
2986000 0.00010243278 4.3108213e-05
2986200 0.00010477719 4.0681768e-05
2986400 0.00011173643 4.8164141e-05
2986600 0.00011804794 5.5664724e-05
2986800 0.00011301176 3.6029096e-05
2987000 9.8889839e-05 5.9331053e-05
2987200 0.00010884647 3.5694863e-05
2987400 0.00011046204 4.6684549e-05
2987600 0.00011823484 5.4465213e-05
2987800 0.00011098415 4.0218597e-05
2988000 0.00011928809 3.3007005e-05
2988200 0.00011069796 5.2176218e-05
2988400 0.00011938671 5.6580242e-05
2988600 0.00011361502 4.9854363e-05
2988800 0.00010297857 3.409333e-05
2989000 0.00012014175 4.0520712e-05
2989200 0.0001009954 5.4184518e-05
2989400 0.00010528678 5.015096e-05
2989600 0.00012117256 4.723631e-05
2989800 9.8120971e-05 5.26614e-05
2990000 0.00010728842 4.5774211e-05
2990200 0.00012099261 3.4813593e-05
2990400 0.00010814973 3.5649919e-05
2990600 0.000106519 3.55476e-05
2990800 0.00010384674 4.6334497e-05
2991000 0.00011630737 5.4047175e-05
2991200 0.00010793731 4.2856866e-05
2991400 0.00012535402 4.2869946e-05
2991600 0.00012483814 3.6915338e-05
2991800 0.00011285144 3.4935927e-05
2992000 0.00012064789 4.2672957e-05
2992200 0.00011278047 4.0184783e-05
2992400 0.00010688983 3.1822917e-05
2992600 0.00011627219 4.1729179e-05
2992800 0.00011101759 4.0985865e-05
2993000 9.9848135e-05 5.5873777e-05
2993200 0.00011088149 4.2579975e-05
2993400 0.0001136602 2.7788018e-05
2993600 0.00010082325 4.062536e-05
2993800 0.00011200102 3.7442857e-05
2994000 9.477822e-05 4.7331007e-05
2994200 0.00010480365 4.7499884e-05
2994400 0.00011287403 5.4670329e-05
2994600 0.0001173207 3.855391e-05
2994800 0.00010796011 3.278932e-05
2995000 9.9724111e-05 4.5864724e-05
2995200 0.0001088015 5.4492047e-05
2995400 0.0001209753 4.5281664e-05
2995600 0.00010315905 6.6073692e-05
2995800 0.00010938327 3.2548328e-05
2996000 0.00011766512 4.3458663e-05
2996200 0.00011654382 5.5776556e-05
2996400 0.00011555653 4.0124076e-05
2996600 0.00010118646 4.1201863e-05
2996800 0.00011350483 3.8632927e-05
2997000 9.894561e-05 4.0298968e-05
2997200 0.00011412759 2.7253997e-05
2997400 0.00010124871 3.5151276e-05
2997600 0.00010060581 4.1831568e-05
2997800 0.00011645489 3.2121433e-05
2998000 0.00010889252 5.0232757e-05
2998200 9.986053e-05 4.376638e-05
2998400 0.00010105131 4.079217e-05
2998600 0.00010165951 4.2241366e-05
2998800 0.00012276383 4.1835325e-05
2999000 0.00011845913 4.2158948e-05
2999200 0.00010190875 4.3819841e-05
2999400 0.00011404118 4.5277623e-05
2999600 0.00011037533 4.2689781e-05
2999800 9.9981807e-05 4.844644e-05
3000000 0.00010439661 3.7763307e-05
3000200 0.00012030436 4.1403234e-05
3000400 9.7503263e-05 4.6151235e-05
3000600 9.165448e-05 5.6998534e-05
3000800 9.7226958e-05 4.970484e-05
3001000 9.0905221e-05 4.0260447e-05
3001200 0.0001059684 3.7934921e-05
3001400 0.00010397502 5.8384402e-05
3001600 0.00011592605 4.2462499e-05
3001800 9.9731195e-05 4.6245852e-05
3002000 0.00012202171 5.6929372e-05
3002200 0.00011447375 3.4795654e-05
3002400 0.0001072729 2.85735e-05
3002600 0.00010991949 4.2183907e-05
3002800 0.00012242225 3.8165922e-05
3003000 0.00011778516 3.9312849e-05
3003200 9.5327396e-05 4.92649e-05
3003400 0.00010751127 5.403513e-05
3003600 0.00010576177 4.7202612e-05
3003800 9.6021272e-05 4.2652994e-05
3004000 0.00010700301 4.4191156e-05
3004200 0.00010371355 5.3327718e-05
3004400 0.00010290627 5.0860599e-05
3004600 0.00012290353 4.9880599e-05
3004800 0.00011795504 4.8822713e-05
3005000 0.00012568912 3.0563397e-05
3005200 0.00010179238 3.6818856e-05
3005400 9.6410183e-05 3.4740379e-05
3005600 0.00010625494 4.7959164e-05
3005800 9.9838609e-05 4.451825e-05
3006000 8.9967722e-05 4.0659976e-05
3006200 0.00011024394 3.6741788e-05
3006400 0.00010632075 4.7525689e-05
3006600 9.7504109e-05 5.140957e-05
3006800 0.00010288268 3.9494553e-05
3007000 0.00010548696 4.9425512e-05
3007200 0.0001241658 3.8761874e-05
3007400 0.00010726805 3.1412918e-05
3007600 0.00010660348 2.8115704e-05
3007800 9.5774845e-05 4.6473749e-05
3008000 0.00011217888 3.3687301e-05
3008200 9.9290619e-05 4.0461392e-05
3008400 0.00012389508 3.9316194e-05
3008600 0.00010456019 3.3541987e-05
3008800 0.00011263008 2.1222888e-05
3009000 0.00011162631 5.1115766e-05
3009200 0.00010844206 3.4064154e-05
3009400 0.00011885369 4.0050712e-05
3009600 0.00011562627 5.3769366e-05
3009800 0.00010867696 3.9396565e-05
3010000 0.00011293199 4.1531505e-05
3010200 0.00010733185 5.4234062e-05
3010400 0.00011881982 4.9947328e-05
3010600 8.9645081e-05 5.5234667e-05
3010800 9.2127187e-05 5.2196992e-05
3011000 0.00010019233 6.2068096e-05
3011200 0.00010792985 5.9689224e-05
3011400 0.00010795746 5.6705195e-05
3011600 9.7837596e-05 6.7471238e-05
3011800 0.0001017285 4.4960161e-05
3012000 0.00010837763 4.688949e-05
3012200 9.0620522e-05 5.5608783e-05
3012400 0.0001099927 3.6974202e-05
3012600 0.00010936437 4.4968308e-05
3012800 0.00010290144 3.6049854e-05
3013000 0.00010255713 2.6044262e-05
3013200 0.00012040554 4.9528045e-05
3013400 0.0001128481 5.2038676e-05
3013600 9.9544835e-05 4.7944998e-05
3013800 0.00010509258 6.387752e-05
3014000 0.00010973417 4.5886555e-05
3014200 0.0001034823 3.0667616e-05
3014400 0.00011029631 4.2925468e-05
3014600 0.00010875419 4.7045831e-05
3014800 0.00010324323 4.2791216e-05
3015000 9.7916088e-05 3.6108558e-05
3015200 9.9462674e-05 4.6697656e-05
3015400 8.0638841e-05 4.4416298e-05
3015600 8.2385408e-05 5.6662256e-05
3015800 8.9677042e-05 3.7748184e-05
3016000 0.00010322623 3.9645281e-05
3016200 0.00010577076 4.8051856e-05
3016400 8.430806e-05 4.0809005e-05
3016600 9.1029439e-05 3.8032319e-05
3016800 0.0001090947 4.5975366e-05
3017000 8.5843977e-05 3.6586683e-05
3017200 0.00011019448 3.7138248e-05
3017400 8.3722451e-05 3.6613182e-05
3017600 0.00010175835 4.2116752e-05
3017800 0.00010704969 3.8242731e-05
3018000 0.00010290004 5.0157212e-05
3018200 0.00010598273 3.8865959e-05
3018400 0.00010014931 4.0850543e-05
3018600 0.00011373406 3.8296097e-05
3018800 0.00012399049 3.6797482e-05
3019000 0.00010357488 3.7372868e-05
3019200 0.00011388044 3.8262215e-05
3019400 0.00011190814 3.4671062e-05
3019600 9.9957143e-05 5.0258232e-05
3019800 8.7110169e-05 2.1171646e-05
3020000 0.00011789476 3.4790298e-05
3020200 0.00010913309 4.4115229e-05
3020400 0.00010716558 4.2366617e-05
3020600 0.00010857013 5.0276797e-05
3020800 0.00012961454 3.9164238e-05
3021000 0.00010163782 3.9861713e-05
3021200 9.9804128e-05 4.2574337e-05
3021400 0.00010434919 2.7856153e-05
3021600 9.8696251e-05 4.1647797e-05
3021800 0.00010435633 4.2376399e-05
3022000 9.2958718e-05 4.7796736e-05
3022200 8.4860592e-05 5.493506e-05
3022400 9.5935135e-05 3.9278465e-05
3022600 9.8021245e-05 4.5095504e-05
3022800 0.00011361683 3.9289334e-05
3023000 0.00011815847 3.2832891e-05
3023200 0.00011008808 3.9439148e-05
3023400 0.00010692093 4.0102419e-05
3023600 0.00010562769 3.853398e-05
3023800 0.00012019483 3.7069633e-05
3024000 0.00010473887 3.9077632e-05
3024200 0.00011223938 4.3328292e-05
3024400 0.0001235274 1.9439693e-05
3024600 0.00011814208 3.3284468e-05
3024800 0.00010354243 4.7473465e-05
3025000 0.00011154057 4.2071934e-05
3025200 0.00011749131 4.0113796e-05
3025400 0.00011300867 4.5345115e-05
3025600 0.00011622679 3.9028188e-05
3025800 0.00010248892 4.7490191e-05
3026000 0.00012187599 3.9171549e-05
3026200 0.00011637817 3.7332114e-05
3026400 0.00010338805 3.6847304e-05
3026600 0.00011295116 2.9284448e-05
3026800 0.00011472471 3.5604921e-05
3027000 0.00010926205 4.4994689e-05
3027200 0.00011930166 3.0070712e-05
3027400 0.00010367781 2.2783321e-05
3027600 8.7768593e-05 2.9279544e-05
3027800 9.6723072e-05 3.4200116e-05
3028000 0.00011220358 3.7752924e-05
3028200 0.00011654424 2.7762799e-05
3028400 0.00011199755 3.875752e-05
3028600 0.00010077486 3.6593066e-05
3028800 0.00010510665 2.416252e-05
3029000 0.00010006948 3.3390004e-05
3029200 9.3927064e-05 4.9943705e-05
3029400 9.5276381e-05 2.7763308e-05
3029600 0.00011138442 3.1032308e-05
3029800 0.00010881155 4.5881005e-05
3030000 0.0001203539 4.2415753e-05
3030200 8.9447744e-05 3.5660392e-05
3030400 0.00010389918 3.6414571e-05
3030600 0.00011535499 3.5346782e-05
3030800 0.00010154744 2.3306792e-05
3031000 0.00011157705 3.5830991e-05
3031200 0.00010390863 4.0444802e-05
3031400 0.00010319714 4.2002959e-05
3031600 0.00013024559 4.6795524e-05
3031800 0.00010858723 3.3397926e-05
3032000 9.2602571e-05 4.3787799e-05
3032200 0.00010077758 4.7453638e-05
3032400 0.00010415821 3.659237e-05
3032600 0.00010007433 3.2730045e-05
3032800 0.00011648403 3.4353792e-05
3033000 9.8268184e-05 3.7141844e-05
3033200 0.00011522709 3.4684618e-05
3033400 0.00010624506 4.5907115e-05
3033600 0.00010630913 4.6067893e-05
3033800 0.00012007486 3.6367605e-05
3034000 0.00010769565 2.5248223e-05
3034200 0.00010884529 3.3279146e-05
3034400 0.00011729731 2.758334e-05
3034600 0.00011313459 4.8117532e-05
3034800 0.00011307715 4.3053214e-05
3035000 0.00010565091 4.1815285e-05
3035200 9.0568848e-05 4.7686607e-05
3035400 8.5969835e-05 4.3983627e-05
3035600 0.00010119068 4.1739452e-05
3035800 0.00010872591 2.4275137e-05
3036000 0.00011771773 2.8320049e-05
3036200 0.00012120795 3.6547031e-05
3036400 0.00010781305 4.1616136e-05
3036600 0.00010466023 4.1653691e-05
3036800 0.0001062804 5.3696202e-05
3037000 0.00011873908 5.2805344e-05
3037200 0.00011381861 4.3924404e-05
3037400 9.4121061e-05 4.8890992e-05
3037600 9.4173447e-05 3.3768698e-05
3037800 0.00010885623 3.8983e-05
3038000 0.0001085789 3.8462971e-05
3038200 0.00010432277 4.2454058e-05
3038400 0.00010689062 3.9245843e-05
3038600 0.00011196267 2.8015853e-05
3038800 0.00012442231 3.4323078e-05
3039000 0.00012396671 4.2740027e-05
3039200 9.8963392e-05 3.5654455e-05
3039400 0.00010567526 3.8351924e-05
3039600 0.00011383483 4.2111216e-05
3039800 0.00011434551 4.4583572e-05
3040000 0.00010530947 4.1246113e-05
3040200 9.886392e-05 4.3758482e-05
3040400 0.00011158795 3.2831633e-05
3040600 9.9553836e-05 4.0079818e-05
3040800 0.00011024459 2.3473683e-05
3041000 0.00011039245 2.96659e-05
3041200 9.4082388e-05 3.8894175e-05
3041400 0.00011183775 4.7309181e-05
3041600 0.00011460275 3.7076515e-05
3041800 0.00010232612 4.8839186e-05
3042000 0.00011869783 3.6932083e-05
3042200 0.00010482597 4.9123204e-05
3042400 9.2834568e-05 4.4261323e-05
3042600 0.00011882266 5.2220667e-05
3042800 0.00012627527 3.6727126e-05
3043000 0.00010875272 3.1878599e-05
3043200 0.00010963807 4.9870032e-05
3043400 0.00010339557 4.3545842e-05
3043600 0.00010967444 2.9666888e-05
3043800 9.8527041e-05 5.2587161e-05
3044000 0.00010080067 4.033311e-05
3044200 0.00011328151 3.2737362e-05
3044400 0.00011121505 3.713928e-05
3044600 0.0001065123 2.4351972e-05
3044800 0.00011691821 4.6358503e-05
3045000 0.00011652155 3.315556e-05
3045200 9.6220369e-05 3.2995503e-05
3045400 9.0007823e-05 5.0015281e-05
3045600 0.00010317059 4.9551596e-05
3045800 9.8042147e-05 4.1368907e-05
3046000 0.00010502678 2.8240368e-05
3046200 0.00010304475 4.7048134e-05
3046400 0.00010376731 3.8346804e-05
3046600 0.00010874431 2.3753244e-05
3046800 0.00011081622 4.6632604e-05
3047000 9.7049405e-05 5.7543658e-05
3047200 9.5952167e-05 3.5326116e-05
3047400 9.4876551e-05 2.3156132e-05
3047600 9.1518679e-05 4.9326899e-05
3047800 9.4071975e-05 3.8712092e-05
3048000 9.5554341e-05 5.6705022e-05
3048200 0.00011159514 5.3213835e-05
3048400 0.00011018279 4.6198167e-05
3048600 0.00010860557 4.6246619e-05
3048800 9.3365001e-05 3.2506342e-05
3049000 0.00011295132 5.3211495e-05
3049200 0.00011594914 4.0929698e-05
3049400 0.00010069904 3.0870115e-05
3049600 9.1401349e-05 4.4863306e-05
3049800 9.7144642e-05 2.9508748e-05
3050000 0.00011143244 2.2578569e-05
3050200 9.8655396e-05 3.3060009e-05
3050400 0.00010281348 3.0733431e-05
3050600 8.7329626e-05 4.7910078e-05
3050800 9.230062e-05 3.6527916e-05
3051000 9.7281073e-05 5.307501e-05
3051200 9.7254823e-05 4.2038309e-05
3051400 7.2684263e-05 3.6751047e-05
3051600 9.8843339e-05 4.846556e-05
3051800 9.0032122e-05 3.1921651e-05
3052000 0.00011026888 3.461704e-05
3052200 0.0001079341 3.8709981e-05
3052400 0.00011300445 3.5442846e-05
3052600 9.0090282e-05 3.0773214e-05
3052800 0.00010642969 3.3505478e-05
3053000 0.00010455832 2.0597391e-05
3053200 0.00010309449 3.7367747e-05
3053400 9.9415841e-05 5.1584562e-05
3053600 0.00011526924 3.6309601e-05
3053800 9.2108182e-05 3.1841016e-05
3054000 0.00011922164 3.2458223e-05
3054200 9.946592e-05 2.6953665e-05
3054400 9.7146561e-05 3.3431531e-05
3054600 0.00011099941 1.6111565e-05
3054800 9.703083e-05 4.3818928e-05
3055000 0.00011567068 3.8248839e-05
3055200 0.00010529 4.5208869e-05
3055400 0.00011834497 3.3463992e-05
3055600 0.00010139957 4.5196391e-05
3055800 9.5447047e-05 3.8176259e-05
3056000 9.9658967e-05 3.932959e-05
3056200 0.00011448389 3.1261032e-05
3056400 0.00010116301 3.8304476e-05
3056600 9.8165989e-05 4.6120205e-05
3056800 0.0001052161 3.447094e-05
3057000 9.934425e-05 3.4850604e-05
3057200 9.1523971e-05 3.8677548e-05
3057400 0.00010523635 3.3153913e-05
3057600 0.00010120451 3.0804544e-05
3057800 7.85364e-05 3.5856375e-05
3058000 8.1665929e-05 2.7957214e-05
3058200 0.00010135676 3.190638e-05
3058400 0.00010004711 1.0387548e-05
3058600 0.00010447204 4.3074013e-05
3058800 9.7357646e-05 3.088351e-05
3059000 9.5134554e-05 3.3533082e-05
3059200 0.00010221556 4.1604479e-05
3059400 9.914855e-05 2.9223212e-05
3059600 9.1356999e-05 3.6533741e-05
3059800 9.0196123e-05 3.4871853e-05
3060000 9.1140177e-05 3.7495381e-05
3060200 0.00010370034 4.397802e-05
3060400 0.00010344553 3.4981114e-05
3060600 8.9438593e-05 4.2534257e-05
3060800 9.993451e-05 4.0900562e-05
3061000 0.00010163382 4.1957663e-05
3061200 9.143782e-05 4.3525865e-05
3061400 9.5769356e-05 3.4852831e-05
3061600 0.00010026257 5.8343906e-05
3061800 0.00010363724 3.4949437e-05
3062000 0.00010438903 4.9840437e-05
3062200 8.5621693e-05 4.3558826e-05
3062400 8.6832709e-05 4.5280397e-05
3062600 0.00010370785 3.3946964e-05
3062800 9.0921487e-05 4.032765e-05
3063000 0.00010629594 3.7529937e-05
3063200 9.3370353e-05 4.4803468e-05
3063400 9.8617047e-05 4.9070661e-05
3063600 0.00010013371 3.5760293e-05
3063800 9.4755124e-05 3.6546954e-05
3064000 7.9433791e-05 4.4027632e-05
3064200 8.4121693e-05 3.8458103e-05
3064400 9.7523621e-05 2.9006398e-05
3064600 9.5090247e-05 3.0887593e-05
3064800 9.5080588e-05 3.5231854e-05
3065000 8.5817173e-05 4.1976538e-05
3065200 9.4933113e-05 3.4030206e-05
3065400 0.00010004914 3.7726573e-05
3065600 0.00010494899 4.4021473e-05
3065800 9.1861376e-05 2.9459273e-05
3066000 8.0275274e-05 5.2607414e-05
3066200 8.384016e-05 3.8712048e-05
3066400 9.3314405e-05 5.6949578e-05
3066600 9.346097e-05 4.0806506e-05
3066800 8.6959221e-05 5.2521366e-05
3067000 7.3985865e-05 4.7142865e-05
3067200 7.4487943e-05 4.3600654e-05
3067400 9.4316019e-05 4.5958318e-05
3067600 0.00010159785 4.5198572e-05
3067800 0.00010620278 3.6528363e-05
3068000 9.7614494e-05 4.0328235e-05
3068200 8.9522175e-05 3.5132523e-05
3068400 9.6131846e-05 4.0890372e-05
3068600 8.5585082e-05 5.277945e-05
3068800 0.00010087964 3.6031725e-05
3069000 9.5463607e-05 5.1100117e-05
3069200 9.3321794e-05 3.3952548e-05
3069400 9.4724646e-05 4.3175658e-05
3069600 9.7683295e-05 4.3072421e-05
3069800 0.00010135324 3.8219472e-05
3070000 9.8607675e-05 4.2610796e-05
3070200 0.00010776995 1.9897542e-05
3070400 9.5308867e-05 4.2356927e-05
3070600 0.00010701193 3.1165722e-05
3070800 0.00010594932 3.9357908e-05
3071000 9.7046478e-05 4.2652942e-05
3071200 9.5759588e-05 3.3164186e-05
3071400 8.805094e-05 4.470671e-05
3071600 0.00012541805 3.5211008e-05
3071800 9.3153553e-05 5.6115327e-05
3072000 8.6996889e-05 3.6630818e-05
3072200 0.00010132875 3.2978552e-05
3072400 0.00011062766 3.5411828e-05
3072600 0.00011509137 3.6784093e-05
3072800 0.00010791955 4.1229433e-05
3073000 0.0001008701 3.142819e-05
3073200 9.8993616e-05 3.0783374e-05
3073400 9.8555709e-05 3.9500027e-05
3073600 0.00011183322 3.0283748e-05
3073800 9.0120221e-05 4.5656513e-05
3074000 0.00010319216 4.087416e-05
3074200 9.104455e-05 2.76772e-05
3074400 8.6790664e-05 4.8231649e-05
3074600 0.00011141495 3.0008102e-05
3074800 8.2451831e-05 3.7792827e-05
3075000 0.00011039507 3.7672302e-05
3075200 0.00010412436 2.995107e-05
3075400 8.9651996e-05 1.3690655e-05
3075600 9.7721528e-05 2.3140765e-05
3075800 9.3350403e-05 3.0472938e-05
3076000 9.8268739e-05 2.7585479e-05
3076200 0.00010374192 1.9204963e-05
3076400 9.5226473e-05 3.120393e-05
3076600 0.00010325334 1.95962e-05
3076800 9.8517229e-05 2.1954162e-05
3077000 0.00010550025 3.6465555e-05
3077200 9.4475671e-05 3.3858988e-05
3077400 9.6897498e-05 2.625637e-05
3077600 0.00011213903 2.7502317e-05
3077800 9.3482858e-05 1.9101163e-05
3078000 0.00012816347 2.8835755e-05
3078200 0.000103091 1.9334139e-05
3078400 0.00010865071 2.2429706e-05
3078600 9.5404493e-05 2.1904917e-05
3078800 0.00010417431 1.9541451e-05
3079000 9.3730037e-05 2.9977204e-05
3079200 0.0001133155 2.2621352e-05
3079400 0.00012993758 3.1930859e-05
3079600 9.2568263e-05 3.7103773e-05
3079800 0.00012239734 3.3172917e-05
3080000 0.00010730455 2.7939789e-05
3080200 0.00011930459 5.0324093e-05
3080400 0.00012309359 3.1245489e-05
3080600 0.00011011354 2.1805123e-05
3080800 0.00010069562 2.4965417e-05
3081000 0.00010388734 1.5329397e-05
3081200 0.00011084178 1.410932e-05
3081400 0.00011678504 2.318938e-05
3081600 0.00011584568 1.8565566e-05
3081800 0.00010969181 2.949649e-05
3082000 0.00011860147 1.5517502e-05
3082200 0.00012116513 2.1260979e-05
3082400 0.00012471887 3.3881646e-05
3082600 0.00011322896 2.0012194e-05
3082800 9.0360769e-05 2.4204083e-05
3083000 0.0001151097 2.5340355e-05
3083200 0.00011207905 1.9506451e-05
3083400 0.00011538621 2.302208e-05
3083600 0.00010878508 2.3410029e-05
3083800 9.5621217e-05 1.903642e-05
3084000 9.9214883e-05 3.2365275e-05
3084200 0.00010896022 2.5262578e-05
3084400 9.7815885e-05 1.5879452e-05
3084600 0.00010587388 2.8227138e-05
3084800 0.00011391146 2.5117735e-05
3085000 0.0001039975 3.2072778e-05
3085200 9.6649793e-05 2.677008e-05
3085400 0.00010744926 2.9451697e-05
3085600 0.00010931472 2.4576392e-05
3085800 9.9392732e-05 3.5893995e-05
3086000 0.00012075337 2.1297521e-05
3086200 0.00010620631 2.4446853e-05
3086400 0.0001119497 3.1874178e-05
3086600 9.4777916e-05 4.1619878e-05
3086800 0.00010325491 1.305554e-05
3087000 0.0001086145 4.0195386e-05
3087200 0.00011095036 2.5940707e-05
3087400 0.00011488589 1.9035515e-05
3087600 0.00010174156 3.3050324e-05
3087800 0.00010027476 3.5220147e-05
3088000 0.00010029481 3.074584e-05
3088200 9.9093167e-05 3.1473378e-05
3088400 0.0001145615 3.405817e-05
3088600 0.00010733357 2.2708164e-05
3088800 8.5704056e-05 2.8881124e-05
3089000 9.8424301e-05 3.1257711e-05
3089200 0.00010955729 2.6716995e-05
3089400 0.00011603961 2.7384801e-05
3089600 0.00012566358 2.9579341e-05
3089800 0.00010935375 2.1691359e-05
3090000 0.00010184999 2.655823e-05
3090200 0.00011043059 3.9412379e-05
3090400 0.00011180351 2.4635296e-05
3090600 0.00012928133 2.7037674e-05
3090800 9.897615e-05 3.8248365e-05
3091000 0.0001052963 1.7754562e-05
3091200 0.0001082132 3.2221284e-05
3091400 0.00010477821 4.0007976e-05
3091600 0.00010067927 2.3534529e-05
3091800 9.7205464e-05 3.6727629e-05
3092000 0.00010747995 2.4497266e-05
3092200 9.8933451e-05 2.3281733e-05
3092400 0.00011769724 2.8847291e-05
3092600 0.00011560745 2.8649762e-05
3092800 0.00010676103 1.9669581e-05
3093000 0.00010606501 3.3268807e-05
3093200 0.00011257435 3.7383309e-05
3093400 0.00012713755 3.1265961e-05
3093600 0.00012462795 3.5462506e-05
3093800 0.00011263172 2.9688267e-05
3094000 9.9886251e-05 3.3481492e-05
3094200 0.00011607452 3.3276173e-05
3094400 0.00010076355 1.745127e-05
3094600 0.00011791013 1.6620273e-05
3094800 0.00010796405 3.0828843e-05
3095000 0.00011349607 2.9891808e-05
3095200 0.00011288956 3.2486485e-05
3095400 0.00010806305 2.826066e-05
3095600 0.000109564 5.2599416e-05
3095800 9.0893702e-05 3.8594142e-05
3096000 0.00010749504 2.6168289e-05
3096200 0.00010663399 3.7241363e-05
3096400 0.00010737353 2.7908213e-05
3096600 0.00010157688 3.7643146e-05
3096800 0.00011197801 2.7539001e-05
3097000 9.4410628e-05 2.317732e-05
3097200 0.00010618784 2.8283762e-05
3097400 0.00010591108 2.6434427e-05
3097600 9.6354921e-05 3.349821e-05
3097800 0.00010892666 2.760691e-05
3098000 0.00010792775 2.7269343e-05
3098200 0.00010703481 2.6319456e-05
3098400 0.0001013795 3.4926251e-05
3098600 0.00012778292 3.0004772e-05
3098800 0.00010180484 2.6009396e-05
3099000 9.181477e-05 2.7638658e-05
3099200 0.0001082423 3.6980042e-05
3099400 9.6937244e-05 3.1643116e-05
3099600 0.00013464518 2.1912062e-05
3099800 0.00011262934 1.7213065e-05
3100000 0.00010509559 1.1742419e-05
3100200 0.00011164431 2.7650487e-05
3100400 0.00010055331 3.5796495e-05
3100600 0.00011906655 2.3565059e-05
3100800 0.00011309377 2.3429309e-05
3101000 0.00010933395 3.28047e-05
3101200 0.00010301393 2.1568309e-05
3101400 0.00010337685 2.9789644e-05
3101600 0.00011699759 2.9171226e-05
3101800 0.00011606906 3.5601513e-05
3102000 0.00011409823 3.4431987e-05
3102200 0.00010532995 3.3672243e-05
3102400 0.00010956937 2.0264504e-05
3102600 0.00011877802 3.3094184e-05
3102800 0.00011213999 2.9431585e-05
3103000 0.00011308785 6.911593e-06
3103200 0.00010221177 2.6099586e-05
3103400 0.00010868693 3.5380246e-05
3103600 0.00013210608 2.8199052e-05
3103800 0.0001175461 2.6673758e-05
3104000 0.00011454475 2.2717294e-05
3104200 0.00010980971 2.5699718e-05
3104400 0.00011945978 2.5703731e-05
3104600 0.00010303391 3.7249997e-05
3104800 0.0001258279 2.2027161e-05
3105000 0.00011449131 2.2759277e-05
3105200 0.00011550419 2.6286725e-05
3105400 0.00012445507 2.3621145e-05
3105600 0.00010431493 2.2647564e-05
3105800 9.8681094e-05 3.2400109e-05
3106000 0.00011761003 3.0581911e-05
3106200 0.00012030759 2.7748566e-05
3106400 0.00012861406 3.7021333e-05
3106600 0.0001165819 2.417734e-05
3106800 0.00011704479 2.2879284e-05
3107000 0.00011476399 2.2156236e-05
3107200 0.00010165455 3.8338698e-05
3107400 0.00012526712 2.9942449e-05
3107600 0.00010438147 2.6761455e-05
3107800 0.00010199425 4.1349158e-05
3108000 0.00010731602 8.4208543e-06
3108200 0.00010790686 3.2625469e-05
3108400 0.00012094487 3.9438297e-05
3108600 0.00010479458 3.3926992e-05
3108800 0.00010722502 3.3510944e-05
3109000 0.00010867356 4.1767599e-05
3109200 0.00010238794 3.5806336e-05
3109400 0.00010374691 4.0625908e-05
3109600 0.00010279192 3.3477912e-05
3109800 0.00011738399 3.4357717e-05
3110000 0.00011618237 2.9261782e-05
3110200 0.00012290267 3.0956065e-05
3110400 9.5868357e-05 4.2731658e-05
3110600 0.00011493964 3.2878882e-05
3110800 0.00012183551 3.5993509e-05
3111000 0.00010977563 4.3588068e-05
3111200 0.00010988002 3.7667436e-05
3111400 0.00013261377 2.3439319e-05
3111600 0.00012028645 2.227057e-05
3111800 0.00013324212 2.6221255e-05
3112000 0.00012317029 4.0811171e-05
3112200 0.00012757314 2.5429394e-05
3112400 0.00010611928 5.5335777e-05
3112600 0.00010442099 3.643688e-05
3112800 0.00010554331 4.2332325e-05
3113000 0.00010959284 1.6370998e-05
3113200 0.0001178134 2.0122688e-05
3113400 0.00010485998 3.5313818e-05
3113600 0.00011050385 2.8352784e-05
3113800 0.0001201749 2.1222059e-05
3114000 0.00012131526 3.6258401e-05
3114200 0.00012230195 3.4744091e-05
3114400 0.00011543992 2.7887447e-05
3114600 0.00011733155 3.8108073e-05
3114800 0.00011521187 3.4703757e-05
3115000 0.00012825323 2.7545896e-05
3115200 0.00011436725 3.104374e-05
3115400 0.00010165625 2.945888e-05
3115600 0.00011823487 3.315311e-05
3115800 0.00011997219 6.9302704e-06
3116000 0.00011475914 3.9358401e-05
3116200 0.00011457779 2.2777848e-05
3116400 0.00011940229 2.9437196e-05
3116600 0.00012781312 3.7803761e-05
3116800 0.00011216905 2.2444019e-05
3117000 0.00012377974 3.4769497e-05
3117200 0.00011750318 1.6742189e-05
3117400 0.00010791538 2.1210198e-05
3117600 0.00011246691 3.3947021e-05
3117800 0.00010553332 4.4426414e-05
3118000 0.00011393431 3.9719734e-05
3118200 0.00012736083 3.785902e-05
3118400 0.00012629103 4.1308009e-05
3118600 0.00011802598 3.5640666e-05
3118800 0.00011968771 3.6985137e-05
3119000 0.00012892317 4.106364e-05
3119200 0.00012959854 1.9928108e-05
3119400 0.00011509728 2.4751018e-05
3119600 0.00011433941 2.9426635e-05
3119800 0.00012919884 2.2460752e-05
3120000 0.00012959237 1.8539912e-05
3120200 0.00013285549 2.3001211e-05
3120400 0.00012239808 2.736527e-05
3120600 0.00013712355 3.1299546e-05
3120800 0.00012923512 2.1109627e-05
3121000 0.00012669357 3.4700968e-05
3121200 0.00013530217 2.7559381e-05
3121400 0.00010674588 3.6451366e-05
3121600 0.00011900829 2.9466995e-05
3121800 0.00011565088 3.2527406e-05
3122000 0.00012928265 1.9424094e-05
3122200 0.0001333496 1.2805246e-05
3122400 0.00012767068 1.8994484e-05
3122600 0.00013041048 2.4571261e-05
3122800 0.00012090021 1.8499497e-05
3123000 0.00012645892 6.8169636e-06
3123200 0.00013025235 2.8745061e-05
3123400 0.00013438936 2.4199036e-05
3123600 0.00012874555 2.0376449e-05
3123800 0.0001411025 2.3091066e-05
3124000 0.00014029524 2.0811e-05
3124200 0.00012891226 1.1934691e-06
3124400 0.00013411955 1.2116871e-05
3124600 0.00013853793 1.3972891e-05
3124800 0.00014066108 1.5666504e-05
3125000 0.00015043562 1.5003132e-05
3125200 0.00014063036 1.9871423e-05
3125400 0.00014889738 6.9647964e-06
3125600 0.00013663263 2.0584248e-05
3125800 0.0001340399 2.3108671e-05
3126000 0.00013398231 3.0392681e-05
3126200 0.0001376589 3.0200187e-05
3126400 0.00014917326 2.7279979e-05
3126600 0.00014325889 2.3949186e-05
3126800 0.00012709873 1.6129737e-05
3127000 0.00014519656 1.2503948e-05
3127200 0.00012885238 9.1426881e-06
3127400 0.00012522632 1.2535629e-05
3127600 0.00012654599 1.8590063e-05
3127800 0.00014187019 2.542158e-05
3128000 0.00013638723 1.8729038e-05
3128200 0.00012357459 2.4802176e-05
3128400 0.00014659887 2.0474456e-05
3128600 0.00013014481 2.6641576e-05
3128800 0.00014815576 2.2257493e-05
3129000 0.00015024767 1.1604364e-05
3129200 0.00014060448 4.4852235e-06
3129400 0.00013527359 2.7008344e-05
3129600 0.00014708366 8.4755162e-06
3129800 0.00012943923 1.3394292e-05
3130000 0.00012589899 3.3080682e-05
3130200 0.00013842062 1.7628151e-05
3130400 0.00012768737 1.5566556e-05
3130600 0.00012509147 1.6579598e-05
3130800 0.00013723746 1.431213e-05
3131000 0.00012421665 2.6755304e-05
3131200 0.00013310846 3.1930509e-05
3131400 0.00014042079 4.0557115e-05
3131600 0.00012986507 2.3199362e-05
3131800 0.00012619949 3.5401111e-05
3132000 0.0001290893 1.5533765e-05
3132200 0.00013351383 8.378675e-06
3132400 0.00012872647 1.9353386e-05
3132600 0.00012297862 4.0642682e-05
3132800 0.0001222929 2.4073121e-05
3133000 0.00013199583 2.0602474e-05
3133200 0.00013226984 2.3318393e-05
3133400 0.00013241981 1.6217154e-05
3133600 0.00014382908 2.2365156e-05
3133800 0.00012354382 1.8623568e-05
3134000 0.00012668148 2.372866e-05
3134200 0.00012306219 2.902034e-05
3134400 0.00015264215 1.7316633e-05
3134600 0.00015312402 2.0917289e-05
3134800 0.00015459534 8.2975822e-06
3135000 0.00014008246 3.3523428e-05
3135200 0.00013735632 3.5330997e-05
3135400 0.00012519617 2.8934917e-05
3135600 0.00014746086 1.5639781e-05
3135800 0.00014565028 2.3616626e-05
3136000 0.0001398088 2.8162985e-05
3136200 0.00016141637 9.7963851e-06
3136400 0.00015145634 1.7701272e-05
3136600 0.00014025783 1.3248249e-05
3136800 0.000127699 2.6200829e-05
3137000 0.00013254881 1.4691666e-05
3137200 0.00012800448 1.6403777e-05
3137400 0.00014014745 3.3561251e-05
3137600 0.00015345865 1.4802148e-05
3137800 0.000125182 3.5461831e-05
3138000 0.00012661756 3.6771151e-05
3138200 0.00013952945 6.8876206e-06
3138400 0.00014415413 2.1531437e-05
3138600 0.00012151186 2.4660002e-05
3138800 0.00013226911 3.6479937e-05
3139000 0.00013794975 3.2006577e-05
3139200 0.00013316928 2.9757237e-05
3139400 0.0001124955 2.4952146e-05
3139600 0.00013226174 2.9322955e-05
3139800 0.00014607302 1.7185462e-05
3140000 0.00012805257 3.5155781e-05
3140200 0.00013343885 4.1897168e-05
3140400 0.00013485699 3.2926223e-05
3140600 0.00013807308 1.8576801e-05
3140800 0.00013131939 2.9190213e-05
3141000 0.00012063957 2.8332265e-05
3141200 0.00013335954 1.1625535e-05
3141400 0.00012832869 2.3456518e-05
3141600 0.00013431353 3.2744513e-05
3141800 0.00014511219 2.7017469e-05
3142000 0.00013307469 1.9651617e-05
3142200 0.00014034228 2.3037995e-05
3142400 0.00013063841 3.2290639e-05
3142600 0.00013142077 3.3231618e-05
3142800 0.00012057123 2.4717402e-05
3143000 0.00012180544 2.7648957e-05
3143200 0.00013518673 1.979006e-05
3143400 0.00013408243 1.7117971e-05
3143600 0.00012933985 5.91627e-06
3143800 0.00012522717 2.6842485e-05
3144000 0.00012840178 3.3866418e-05
3144200 0.00013872546 2.8940575e-05
3144400 0.00014241727 3.0801557e-05
3144600 0.00012995394 3.0077835e-05
3144800 0.00013031733 1.5948401e-05
3145000 0.00014145016 1.4955546e-05
3145200 0.00013732589 2.7846576e-05
3145400 0.00013740319 2.0049946e-05
3145600 0.0001296854 1.2979375e-05
3145800 0.00012510644 1.8683968e-05
3146000 0.00015013259 7.814527e-06
3146200 0.00014126203 1.6634911e-05
3146400 0.00012433446 1.0953653e-05
3146600 0.00013606899 1.7357477e-05
3146800 0.0001385762 3.4387624e-05
3147000 0.00012242987 7.5090127e-06
3147200 0.00012914155 1.6740711e-05
3147400 0.00011971525 1.7919497e-05
3147600 0.00012525236 2.6680257e-05
3147800 0.00012288147 4.0765669e-05
3148000 0.00012217545 2.3818857e-05
3148200 0.00012717301 3.165317e-05
3148400 0.00012765543 2.489952e-05
3148600 0.0001325298 3.2104488e-05
3148800 0.00013134105 2.1466691e-05
3149000 0.00012483794 2.5655928e-05
3149200 0.0001273292 2.7696015e-05
3149400 0.00012189183 7.2586878e-06
3149600 0.00011892003 2.4975634e-05
3149800 0.00012646695 3.2376575e-05
3150000 0.00012011706 2.5532204e-05
3150200 0.00012145327 1.2175029e-05
3150400 0.00011748951 2.8158119e-05
3150600 0.00013022051 2.8748607e-05
3150800 0.00012482215 2.0024123e-05
3151000 0.00012468878 3.3761048e-05
3151200 0.00011795277 2.5569079e-05
3151400 0.00012637236 2.045754e-05
3151600 0.00013573785 1.7902171e-05
3151800 0.00014520346 1.6088011e-06
3152000 0.00014723196 1.8321229e-05
3152200 0.0001393683 1.8890294e-05
3152400 0.00013617986 1.8643419e-05
3152600 0.00012570323 3.1738771e-05
3152800 0.00014583455 8.3587432e-06
3153000 0.00014748899 6.3010542e-06
3153200 0.00012961661 1.5240656e-05
3153400 0.00013869272 2.2100742e-05
3153600 0.00010937462 2.2390691e-05
3153800 0.0001159412 2.4354214e-05
3154000 0.00013731864 1.1287706e-05
3154200 0.00013909319 2.3903391e-05
3154400 0.00013362352 2.6968315e-06
3154600 0.00012858909 2.9793864e-05
3154800 0.000133628 1.0452103e-05
3155000 0.00013653695 2.0409022e-05
3155200 0.00012396179 3.6353937e-05
3155400 0.00014896791 2.6229243e-05
3155600 0.00014456826 1.918831e-05
3155800 0.00013278852 2.7419309e-05
3156000 0.00012599766 3.561804e-05
3156200 0.00013621842 2.1147904e-05
3156400 0.00013288613 2.4387769e-05
3156600 0.00012368983 1.5873925e-05
3156800 0.00012485683 7.3023496e-06
3157000 0.00012209235 3.8252168e-05
3157200 0.00013586411 1.3225616e-05
3157400 0.00013397952 2.5427304e-05
3157600 0.00013066148 1.274396e-05
3157800 0.00012837151 3.1507976e-06
3158000 0.00012687016 1.1728797e-05
3158200 0.00012784297 2.4138659e-05
3158400 0.00011597416 9.6800521e-06
3158600 0.00012261851 2.0964281e-05
3158800 0.00012899801 5.1721541e-06
3159000 0.00012811745 1.8722055e-05
3159200 0.00012561996 2.5488274e-05
3159400 0.00013777415 8.1752758e-06
3159600 0.00012066154 3.3909136e-05
3159800 0.00012577147 7.7559946e-06
3160000 0.00013674352 8.8506518e-06
3160200 0.00013381251 3.0212582e-05
3160400 0.00014068943 2.1409387e-05
3160600 0.00013425925 2.0818338e-05
3160800 0.00014316368 2.2616157e-05
3161000 0.00013723264 1.8237645e-05
3161200 0.0001342705 2.3393119e-05
3161400 0.00013527791 2.5242731e-05
3161600 0.00012748587 5.896056e-06
3161800 0.00013480316 2.8467456e-05
3162000 0.00013044493 2.0179528e-05
3162200 0.00014512714 1.7502849e-05
3162400 0.0001224956 1.8299188e-05
3162600 0.00014267641 1.6852782e-05
3162800 0.00014618892 2.2337818e-05
3163000 0.00013374427 1.0551716e-05
3163200 0.00013359421 1.741146e-05
3163400 0.00013245665 6.7051032e-06
3163600 0.00012451554 2.3059831e-05
3163800 0.00013348579 1.4962813e-05
3164000 0.00013444527 2.8428107e-05
3164200 0.00013391131 3.6528877e-06
3164400 0.00012736085 8.607091e-06
3164600 0.00014888934 9.0465964e-06
3164800 0.00013789597 9.9438781e-06
3165000 0.00014582431 9.6956301e-07
3165200 0.00013459 1.6635595e-05
3165400 0.00013848466 1.2377151e-05
3165600 0.00013796009 1.8491213e-05
3165800 0.00013856249 7.5413913e-06
3166000 0.00013611931 1.8525822e-05
3166200 0.00012806244 1.6225353e-05
3166400 0.000110458 2.6285728e-05
3166600 0.00012658868 1.7795249e-05
3166800 0.00011198068 1.4839759e-05
3167000 0.00012032442 2.4608399e-05
3167200 0.00012128747 9.2958497e-06
3167400 0.00012358868 1.7847517e-05
3167600 0.00012637963 2.0738151e-05
3167800 0.00014686005 1.1469654e-05
3168000 0.00014014664 1.3872709e-05
3168200 0.00012824675 2.2944896e-05
3168400 0.00011746279 2.9700383e-05
3168600 0.00014468944 1.2082489e-05
3168800 0.00012347955 6.8880986e-06
3169000 0.00012773554 2.4682019e-05
3169200 0.00012081269 5.08787e-06
3169400 0.00013874019 1.4082332e-05
3169600 0.00013218546 1.8152966e-05
3169800 0.00014220553 1.6072762e-05
3170000 0.00013564331 1.8378639e-05
3170200 0.00013723723 1.4994061e-05
3170400 0.00013100362 2.0968879e-05
3170600 0.00011978069 1.7639738e-05
3170800 0.00012305037 1.376107e-05
3171000 0.00013022777 1.5173424e-05
3171200 0.00014082076 1.6730319e-05
3171400 0.00013407362 2.1759817e-05
3171600 0.00012278338 1.7113466e-05
3171800 0.0001315992 4.0584057e-05
3172000 0.0001280809 1.5624021e-05
3172200 0.00012842511 2.6464505e-05
3172400 0.00011372218 2.8305776e-05
3172600 0.00012478031 1.5558876e-05
3172800 0.00010303213 3.0777295e-05
3173000 0.00011257985 9.987476e-06
3173200 0.00011762823 2.2218728e-05
3173400 0.0001099112 2.5678763e-05
3173600 0.00012343894 2.0029983e-05
3173800 0.00012600079 2.5486432e-05
3174000 0.00011400154 2.1149871e-05
3174200 0.00012415307 2.35095e-05
3174400 0.00012907515 2.1061263e-05
3174600 0.00012923125 1.1705165e-05
3174800 0.00011336939 2.056978e-05
3175000 0.0001408242 1.2715151e-05
3175200 0.00011365479 2.5297178e-05
3175400 0.00013489812 1.5998289e-05
3175600 0.00011733523 1.7355383e-05
3175800 9.3938898e-05 2.1719128e-05
3176000 0.000122271 2.1857867e-05
3176200 0.00012531558 2.8882697e-05
3176400 0.00011791783 1.1922359e-05
3176600 0.00011870458 7.8352245e-06
3176800 0.00014343544 1.8883461e-05
3177000 0.00013151853 1.9428456e-05
3177200 0.00012250214 2.27231e-05
3177400 0.00013000887 1.7187962e-05
3177600 0.00012840361 2.7116658e-05
3177800 0.00013893346 2.2381764e-05
3178000 0.00013673004 1.5865018e-05
3178200 0.00012860353 8.7286199e-06
3178400 0.00012922958 1.3725714e-05
3178600 0.00013169601 1.9708462e-05
3178800 0.00014040355 1.6403121e-05
3179000 0.00014576699 1.9758795e-05
3179200 0.0001317683 2.4562832e-05
3179400 0.00012695985 3.0897458e-05
3179600 0.000118686 1.9623309e-05
3179800 0.00013380253 1.0425479e-05
3180000 0.00012543237 1.95576e-05
3180200 0.00014045459 1.2697517e-05
3180400 0.00012874534 1.1347643e-05
3180600 0.00013424622 1.1083922e-05
3180800 0.00012209116 1.7567759e-05
3181000 0.00011432719 2.5447213e-05
3181200 0.00014579422 1.6330592e-05
3181400 0.00013676736 1.5397356e-05
3181600 0.00012980783 2.5801918e-05
3181800 0.00013189588 1.2425983e-05
3182000 0.00012899323 7.9527609e-06
3182200 0.00013384424 2.3990412e-05
3182400 0.00013486215 2.5851158e-05
3182600 0.00013260228 1.4517833e-05
3182800 0.00011456513 2.797077e-05
3183000 0.00012663549 1.4814902e-05
3183200 0.00012177104 3.2372905e-05
3183400 0.00013029086 2.5282686e-05
3183600 0.00011677341 3.8180211e-05
3183800 0.00012938154 2.8316947e-05
3184000 0.00013508357 8.9958998e-06
3184200 0.00012264984 3.0288364e-05
3184400 0.00013924344 3.0992122e-05
3184600 0.00012112494 1.7487018e-05
3184800 0.00012825098 3.9698262e-05
3185000 0.00013912551 2.2057548e-05
3185200 0.0001338867 1.6835486e-05
3185400 0.0001218701 1.0704445e-05
3185600 0.000123439 1.4287583e-05
3185800 0.00012794574 1.6709612e-05
3186000 0.00013733922 2.3899872e-05
3186200 0.00012577975 2.869985e-05
3186400 0.00013256971 1.8096261e-05
3186600 0.00012472101 2.8747579e-05
3186800 0.0001234937 2.4726327e-05
3187000 0.00011805698 1.9757425e-05
3187200 0.00013248966 2.3244728e-05
3187400 0.00014684873 4.9639942e-06
3187600 0.00011976401 6.0194857e-06
3187800 0.00012671722 2.0602716e-05
3188000 0.00012783538 2.8302392e-05
3188200 0.00012855195 3.1183118e-05
3188400 0.00012725248 1.9927338e-05
3188600 0.00012249444 2.7454857e-05
3188800 0.00012942092 1.7408224e-05
3189000 0.00012224467 1.5243199e-05
3189200 0.00011678456 1.9854847e-05
3189400 0.00014198042 1.7599267e-05
3189600 0.00012356405 2.0704055e-05
3189800 0.00013600936 8.4186394e-06
3190000 0.00013286194 1.5554173e-05
3190200 0.00014058898 3.2727399e-05
3190400 0.00013456655 2.5794381e-05
3190600 0.00012974046 1.7093775e-05
3190800 0.00015113829 2.9307592e-05
3191000 0.00012286337 2.7338175e-05
3191200 0.00012483155 3.4486169e-05
3191400 0.00012835023 2.2799772e-05
3191600 0.00011976538 2.6704205e-05
3191800 0.0001166757 1.8440547e-05
3192000 0.0001274608 1.8163353e-05
3192200 0.00012293929 3.2810578e-05
3192400 0.00014160553 2.0002228e-05
3192600 0.00011939035 1.4659551e-05
3192800 0.00012931299 2.3750816e-05
3193000 0.00013308499 2.4323401e-05
3193200 0.00013865641 1.7878125e-05
3193400 0.00013191249 2.083377e-05
3193600 0.00011711442 3.0044195e-05
3193800 0.00012608781 1.9681966e-05
3194000 0.00012639043 2.7475883e-05
3194200 0.00012329045 1.6292734e-05
3194400 0.00013111586 3.2506607e-05
3194600 0.00013462412 1.0990757e-05
3194800 0.00013526146 2.0051217e-05
3195000 0.00012513118 1.0662952e-05
3195200 0.00012827215 1.498466e-05
3195400 0.00012165895 1.494938e-05
3195600 0.00013717554 2.1103191e-05
3195800 0.00013094423 1.1897894e-05
3196000 0.00012252194 1.0087148e-05
3196200 0.00012651876 2.1333432e-05
3196400 0.00012250368 1.302882e-05
3196600 0.00013081679 3.6701704e-06
3196800 0.00014127085 7.192447e-06
3197000 0.00013276749 1.3824423e-05
3197200 0.00011276884 1.8524958e-05
3197400 0.00013317306 2.4851901e-05
3197600 0.0001215721 5.5243364e-06
3197800 0.0001458633 7.1384649e-06
3198000 0.00013847621 2.5615346e-06
3198200 0.00013232348 1.5213079e-05
3198400 0.00013004589 1.3612526e-05
3198600 0.00014483877 1.0039222e-05
3198800 0.00013860574 1.9558181e-05
3199000 0.00012371911 1.4564411e-05
3199200 0.00012941985 1.5695332e-05
3199400 0.00014873734 2.9897273e-06
3199600 0.00013824117 5.0492726e-06
3199800 0.00014160854 1.1677199e-05
3200000 0.00013650292 1.7823542e-05
3200200 0.00013384184 2.55642e-05
3200400 0.00013692016 1.2126739e-05
3200600 0.00014118859 1.1359975e-05
3200800 0.00013887637 5.8532182e-06
3201000 0.00011984423 9.8411953e-06
3201200 0.0001447228 6.5624094e-06
3201400 0.00014251619 1.2424387e-05
3201600 0.00014181269 1.9733488e-05
3201800 0.00013881382 1.2201983e-05
3202000 0.00014065324 2.1072453e-05
3202200 0.00012665498 6.5317042e-06
3202400 0.00014410344 9.8025849e-06
3202600 0.00014744718 8.0747269e-06
3202800 0.00013842044 7.0653341e-06
3203000 0.00013694055 9.3133365e-07
3203200 0.00013697091 8.2016626e-06
3203400 0.00014308236 6.8652834e-06
3203600 0.00012961003 9.1362429e-06
3203800 0.00011741381 2.1763408e-05
3204000 0.00013312475 1.2918898e-05
3204200 0.00013104357 1.4627913e-05
3204400 0.00013485788 7.3699563e-06
3204600 0.00013633951 5.2567196e-06
3204800 0.00012301544 3.6722391e-06
3205000 0.00013455931 4.7280992e-06
3205200 0.00015404142 9.2163722e-06
3205400 0.00012971335 9.328684e-06
3205600 0.00012872904 2.772328e-05
3205800 0.00013544064 3.031262e-05
3206000 0.00013693112 1.0187408e-05
3206200 0.00012159115 1.191809e-05
3206400 0.00013264607 1.3395439e-05
3206600 0.00013903891 2.6235755e-05
3206800 0.00013289496 2.5729629e-05
3207000 0.00013594651 9.8702458e-06
3207200 0.00014031446 2.0800323e-05
3207400 0.00014534552 1.4719502e-05
3207600 0.00013500557 6.7684328e-06
3207800 0.0001410609 1.7115568e-05
3208000 0.00013928443 7.8921415e-06
3208200 0.00013293516 2.6605021e-05
3208400 0.00012679309 2.2450824e-05
3208600 0.00012920719 1.769901e-05
3208800 0.0001364694 1.7501789e-05
3209000 0.00012369945 2.5798635e-05
3209200 0.0001325908 1.7008014e-05
3209400 0.00012372607 2.051403e-05
3209600 0.00013539047 1.4234445e-05
3209800 0.00014239533 1.7952547e-05
3210000 0.00012602226 2.947456e-05
3210200 0.00011256698 1.992263e-05
3210400 0.00015192701 5.3259843e-06
3210600 0.00014197642 3.2825131e-06
3210800 0.00014327301 1.4071889e-05
3211000 0.00014281102 4.4926774e-06
3211200 0.00014047973 1.7745544e-05
3211400 0.00015783533 1.4323495e-05
3211600 0.0001247188 2.5154869e-05
3211800 0.00012886949 2.0866028e-05
3212000 0.00014069251 1.5052203e-05
3212200 0.000135312 1.0329861e-05
3212400 0.00013974517 1.9923192e-05
3212600 0.00014370851 1.8980447e-05
3212800 0.00014250615 9.9760579e-06
3213000 0.00013632047 9.375766e-06
3213200 0.00012582915 1.0359131e-05
3213400 0.00012744326 4.206664e-06
3213600 0.00014579464 2.7193499e-05
3213800 0.00013890846 1.3018929e-05
3214000 0.000140518 1.6575423e-05
3214200 0.00013795705 2.2803186e-05
3214400 0.00013582411 1.7953898e-05
3214600 0.00013816743 1.6326209e-05
3214800 0.00014759421 2.0863019e-05
3215000 0.00013742351 2.2253168e-05
3215200 0.00013334763 2.552286e-05
3215400 0.00013902902 2.0621063e-05
3215600 0.00013371545 3.8312142e-05
3215800 0.00014000323 2.7960626e-05
3216000 0.0001300374 3.6889244e-05
3216200 0.00014081215 2.6620183e-05
3216400 0.00014709438 2.6288426e-05
3216600 0.00015536907 2.3773261e-05
3216800 0.00014425983 1.5327901e-05
3217000 0.00013943054 2.4782245e-05
3217200 0.00012793255 2.2358765e-05
3217400 0.00013108784 2.8228652e-05
3217600 0.00013620978 2.4402973e-05
3217800 0.0001398161 1.2041486e-05
3218000 0.00015163217 1.6570131e-05
3218200 0.00014198857 5.0109619e-06
3218400 0.00013054243 1.653346e-05
3218600 0.00013252463 2.7410501e-05
3218800 0.00014316336 1.9000606e-05
3219000 0.00013872788 1.7637224e-05
3219200 0.00014302217 7.5144435e-06
3219400 0.00013123191 1.3364939e-05
3219600 0.00014251375 1.8297814e-05
3219800 0.00015318274 1.9675881e-05
3220000 0.0001332593 1.595463e-05
3220200 0.00015285994 1.8557008e-05
3220400 0.00012729816 9.2690413e-06
3220600 0.0001486316 6.8790709e-06
3220800 0.00015352729 2.0068952e-05
3221000 0.00013625919 2.1521683e-05
3221200 0.00014820158 6.6091161e-06
3221400 0.00012859032 1.5077488e-05
3221600 0.00014851118 1.5265905e-05
3221800 0.0001445314 1.2023584e-05
3222000 0.0001414908 2.3504669e-05
3222200 0.00013728952 7.4482196e-06
3222400 0.00013683353 7.1920963e-06
3222600 0.0001528815 1.3628298e-05
3222800 0.00014169299 2.9050414e-05
3223000 0.00014252467 2.4486263e-05
3223200 0.00014794268 2.5207321e-05
3223400 0.00015539467 2.6486468e-05
3223600 0.00013064837 2.1177357e-05
3223800 0.00014178013 2.7003981e-05
3224000 0.00013723872 3.4156162e-05
3224200 0.00013506448 2.0104054e-05
3224400 0.00014172778 1.7606305e-05
3224600 0.00014038263 3.4647951e-05
3224800 0.00014142971 1.8848316e-05
3225000 0.00015698257 1.1157861e-05
3225200 0.00014600102 5.1992983e-06
3225400 0.00014364607 1.7157412e-05
3225600 0.00014585998 9.8528281e-06
3225800 0.00014937063 3.5139896e-06
3226000 0.00014535904 1.9372141e-05
3226200 0.00014339697 2.3481369e-05
3226400 0.00013722704 2.4169736e-05
3226600 0.00013291471 1.2449274e-05
3226800 0.00014152022 2.7019322e-05
3227000 0.00012446951 1.9259759e-05
3227200 0.00012472976 2.443741e-05
3227400 0.00012902776 1.5330057e-05
3227600 0.00014986061 2.6219144e-05
3227800 0.00014003648 2.0370373e-05
3228000 0.00013418275 1.3333649e-06
3228200 0.00013637585 1.8746281e-05
3228400 0.0001490521 9.8965717e-06
3228600 0.00013693654 1.258993e-05
3228800 0.00013630533 2.7135626e-05
3229000 0.00013844344 2.1773018e-05
3229200 0.00014423402 1.325418e-05
3229400 0.00012406046 1.6049845e-05
3229600 0.00013022625 2.5370534e-05
3229800 0.00013806828 2.3454179e-05
3230000 0.00014711604 1.0905293e-05
3230200 0.000134428 1.7472747e-05
3230400 0.00013472492 3.1416459e-05
3230600 0.00013061648 1.5893805e-05
3230800 0.00012920457 1.3308868e-05
3231000 0.00013277854 3.2148237e-05
3231200 0.00013049693 1.2505859e-05
3231400 0.00013074167 9.3457671e-06
3231600 0.00011705567 2.5138656e-05
3231800 0.00013891572 2.4511134e-05
3232000 0.00014287087 1.4908893e-05
3232200 0.0001409879 1.9842921e-05
3232400 0.00012788544 2.0273471e-05
3232600 0.00014099521 1.0210533e-05
3232800 0.00013320655 2.4767818e-05
3233000 0.00012930128 3.2976682e-05
3233200 0.00014786545 2.2804204e-05
3233400 0.00013577425 3.3141643e-06
3233600 0.0001401919 2.3243889e-05
3233800 0.00014422292 2.3433731e-05
3234000 0.00012704556 2.645916e-05
3234200 0.00013306995 2.0596449e-05
3234400 0.000125756 2.9070367e-05
3234600 0.00013248252 3.0915383e-05
3234800 0.00013073273 3.4071606e-05
3235000 0.00012914554 2.432995e-05
3235200 0.0001284962 3.4444888e-05
3235400 0.00013600906 1.6412338e-05
3235600 0.00013473469 1.3506851e-05
3235800 0.00013660679 1.7861702e-05
3236000 0.00012576869 3.554459e-05
3236200 0.00014054325 2.4737644e-05
3236400 0.00012748354 1.4707357e-05
3236600 0.00013449166 9.5733924e-06
3236800 0.00012922798 1.7025614e-05
3237000 0.00013472644 1.7316512e-05
3237200 0.00014223827 2.4347176e-05
3237400 0.00012113825 1.827447e-05
3237600 0.0001382092 1.6638224e-05
3237800 0.0001363635 1.9983293e-05
3238000 0.00013405992 1.8680627e-05
3238200 0.0001329153 2.5549917e-05
3238400 0.00013559598 1.3905018e-05
3238600 0.00013912229 2.0732335e-05
3238800 0.000137526 2.2381421e-05
3239000 0.00014243733 2.2994202e-05
3239200 0.00013472118 1.5898711e-05
3239400 0.00013717425 2.6313936e-05
3239600 0.00013655496 1.3512307e-05
3239800 0.00014530358 1.4135034e-05
3240000 0.00013481969 2.3455797e-05
3240200 0.00015520657 2.7714334e-05
3240400 0.00013256863 2.1986472e-05
3240600 0.00013815955 2.6573763e-05
3240800 0.00013160561 1.9345075e-05
3241000 0.00013507106 2.8625574e-05
3241200 0.00013502512 3.2009589e-05
3241400 0.00015074919 1.6514777e-05
3241600 0.00012891324 4.4778486e-05
3241800 0.00012895676 2.9621096e-05
3242000 0.00013457663 3.5652451e-05
3242200 0.00011687691 2.7098228e-05
3242400 0.00013868679 1.5087737e-05
3242600 0.0001456666 2.7030078e-05
3242800 0.00012765588 2.0401768e-05
3243000 0.00012162449 2.2310788e-05
3243200 0.00013526312 3.7670251e-05
3243400 0.00014198512 2.0321249e-05
3243600 0.00015312839 1.967116e-05
3243800 0.00013855009 2.7687919e-05
3244000 0.00013677228 1.2547471e-05
3244200 0.0001217624 3.0653982e-05
3244400 0.00013992197 2.0108721e-05
3244600 0.00013652784 2.5500338e-05
3244800 0.00013596437 1.3535735e-05
3245000 0.000144487 1.3246072e-05
3245200 0.00013418164 1.9166818e-05
3245400 0.00013702627 1.3811906e-05
3245600 0.00013316326 2.9802432e-05
3245800 0.00014848549 5.9753455e-06
3246000 0.00013650193 1.7524287e-05
3246200 0.00015403807 1.4821371e-05
3246400 0.00015592322 1.2157823e-05
3246600 0.00014180096 1.1830385e-05
3246800 0.00016083219 1.0745242e-05
3247000 0.000148923 2.1552171e-05
3247200 0.00013601467 3.0819864e-05
3247400 0.00014934797 3.2292878e-05
3247600 0.00013218403 3.4788291e-05
3247800 0.0001320956 3.2416796e-05
3248000 0.00012686417 4.3768096e-05
3248200 0.00011785811 3.5340679e-05
3248400 0.00014368041 1.3139959e-05
3248600 0.00014138317 2.4043337e-05
3248800 0.00013970466 1.8491842e-05
3249000 0.00014390324 2.0390634e-05
3249200 0.0001384204 3.0781235e-05
3249400 0.00015064538 2.8734238e-05
3249600 0.00013461192 3.3759203e-05
3249800 0.00015706865 3.2126371e-05
3250000 0.00013823612 1.8924379e-05
3250200 0.00015730567 1.4906249e-05
3250400 0.00014439896 3.3131118e-05
3250600 0.00012928558 3.7627772e-05
3250800 0.00015006807 2.4852875e-05
3251000 0.00014980809 1.5007274e-05
3251200 0.00015679754 1.2373485e-05
3251400 0.00015757841 1.4825987e-05
3251600 0.00014373835 1.7779887e-05
3251800 0.00014709745 2.2811946e-05
3252000 0.00014025722 2.6598011e-05
3252200 0.00015378517 2.1733481e-05
3252400 0.0001506316 3.0335885e-05
3252600 0.00015130145 3.1011455e-05
3252800 0.00015721436 2.4677801e-05
3253000 0.00014755563 1.9554863e-05
3253200 0.00015625461 3.3630042e-05
3253400 0.00015042064 2.7240197e-05
3253600 0.00014753914 2.0340255e-05
3253800 0.0001436982 2.4523282e-05
3254000 0.00013902079 2.0960226e-05
3254200 0.00014439883 2.8670136e-05
3254400 0.00014529686 1.6957212e-05
3254600 0.00012691688 1.2721023e-05
3254800 0.00013354287 2.9847025e-05
3255000 0.00012914076 3.4362657e-05
3255200 0.00013655012 3.0718393e-05
3255400 0.00014460659 1.9691149e-05
3255600 0.0001504962 7.4174098e-06
3255800 0.00014276975 1.9221324e-05
3256000 0.0001290978 1.9555255e-05
3256200 0.00012496277 2.4106228e-05
3256400 0.00014747476 2.8829453e-05
3256600 0.00013455009 2.7389505e-05
3256800 0.0001451106 1.1628395e-05
3257000 0.00014336646 2.4244304e-05
3257200 0.00015278744 3.4003367e-05
3257400 0.0001327634 2.6055456e-05
3257600 0.00013100607 3.630047e-05
3257800 0.00013456317 1.9868963e-05
3258000 0.00012644635 2.2426074e-05
3258200 0.00015413638 1.5922552e-05
3258400 0.00013969266 2.0550054e-05
3258600 0.00015215465 2.0028669e-05
3258800 0.00016581564 2.7398123e-05
3259000 0.00014299004 3.9406178e-05
3259200 0.00013352612 3.9433807e-05
3259400 0.00014434965 3.1320389e-05
3259600 0.00015490027 2.7894669e-05
3259800 0.00015768193 2.8736933e-05
3260000 0.00012664325 3.0462352e-05
3260200 0.00013255636 3.0911958e-05
3260400 0.00013011063 4.701574e-05
3260600 0.00014501883 3.2684719e-05
3260800 0.00014180166 4.9912964e-05
3261000 0.00013106421 3.8480529e-05
3261200 0.0001543063 3.9233841e-05
3261400 0.00014307691 4.1730268e-05
3261600 0.00013950383 3.0918701e-05
3261800 0.00014448942 2.3003941e-05
3262000 0.00015183182 3.0139498e-05
3262200 0.00014699784 3.283646e-05
3262400 0.00014097493 3.5105474e-05
3262600 0.00015354141 1.6600351e-05
3262800 0.00015727132 3.2529062e-05
3263000 0.00014398421 3.2209404e-05
3263200 0.00015568241 1.5070091e-05
3263400 0.00014739817 3.380523e-05
3263600 0.00014272272 2.7806587e-05
3263800 0.00014010664 4.8694996e-05
3264000 0.00015498697 4.3265402e-05
3264200 0.00015444998 1.2135717e-05
3264400 0.00014184986 2.4712721e-05
3264600 0.00014665461 2.771722e-05
3264800 0.00015523465 2.6730764e-05
3265000 0.0001465988 2.5307127e-05
3265200 0.00015157333 4.2193179e-05
3265400 0.00013636607 1.0095087e-05
3265600 0.00014316431 4.5459089e-05
3265800 0.00013689615 2.7972228e-05
3266000 0.000149236 2.7689784e-05
3266200 0.00012340743 3.250436e-05
3266400 0.00013226459 3.0586352e-05
3266600 0.00015714767 3.260052e-05
3266800 0.00014396251 2.9418271e-05
3267000 0.00014297083 4.9679123e-05
3267200 0.00016047547 3.0063132e-05
3267400 0.0001410639 2.9773231e-05
3267600 0.00014095788 2.225577e-05
3267800 0.00015304279 2.1974661e-05
3268000 0.00013994706 3.9762097e-05
3268200 0.0001470205 2.6753533e-05
3268400 0.00013680378 2.9616985e-05
3268600 0.00015538313 5.506773e-05
3268800 0.00016254767 3.4200897e-05
3269000 0.00015113909 2.6891393e-05
3269200 0.00013571459 4.1543812e-05
3269400 0.00015210622 4.3275306e-05
3269600 0.00014537657 4.7227389e-05
3269800 0.00016877803 3.5743795e-05
3270000 0.00015606637 4.0408346e-05
3270200 0.00015360623 3.5626999e-05
3270400 0.00014040243 4.4583358e-05
3270600 0.00014263741 3.7479926e-05
3270800 0.00015973891 2.6008004e-05
3271000 0.00016128272 3.6330371e-05
3271200 0.00016168388 2.9988592e-05
3271400 0.00016469922 3.8315271e-05
3271600 0.00015450942 3.2213964e-05
3271800 0.00015819724 3.4948475e-05
3272000 0.00015874925 4.7998702e-05
3272200 0.00014520014 4.3682673e-05
3272400 0.00014027997 5.4086418e-05
3272600 0.00016909107 4.0516986e-05
3272800 0.00016419339 4.3389496e-05
3273000 0.00015275296 5.4200608e-05
3273200 0.00015157011 5.2369442e-05
3273400 0.00015632627 5.9156287e-05
3273600 0.0001610154 3.9875922e-05
3273800 0.00014613681 3.9859093e-05
3274000 0.00016510408 2.521633e-05
3274200 0.00017020401 3.6294756e-05
3274400 0.00016208257 3.8660214e-05
3274600 0.00015714958 4.5288047e-05
3274800 0.00015152189 4.0205764e-05
3275000 0.00015993638 3.1369967e-05
3275200 0.00016315721 3.5230848e-05
3275400 0.00015045604 3.7088723e-05
3275600 0.00014649339 4.6918503e-05
3275800 0.00015753353 4.0571178e-05
3276000 0.00014675723 3.8504388e-05
3276200 0.00014819498 5.1657231e-05
3276400 0.00014690799 3.780422e-05
3276600 0.00016324439 5.0352312e-05
3276800 0.00015014377 4.3291114e-05
3277000 0.00014646899 5.6471808e-05
3277200 0.00016582855 4.9811898e-05
3277400 0.00014662527 5.6836417e-05
3277600 0.00017115986 4.6520171e-05
3277800 0.00016947805 4.7005813e-05
3278000 0.00014742736 5.2194792e-05
3278200 0.00014925872 5.1696565e-05
3278400 0.00014421014 5.3161642e-05
3278600 0.00014897965 5.3717052e-05
3278800 0.00015073406 4.8995485e-05
3279000 0.00016139927 4.6752895e-05
3279200 0.00015518873 4.1000826e-05
3279400 0.00015172917 5.4063889e-05
3279600 0.00016630569 4.5120927e-05
3279800 0.00016163675 4.5256623e-05
3280000 0.00015862171 4.0360749e-05
3280200 0.00016622854 6.2052712e-05
3280400 0.00014141496 6.2232038e-05
3280600 0.00014420068 4.6772272e-05
3280800 0.00015160409 5.0301569e-05
3281000 0.00015284542 5.6646362e-05
3281200 0.00015899402 4.274113e-05
3281400 0.00015880855 4.0898778e-05
3281600 0.00014765345 4.262651e-05
3281800 0.00015229634 4.2510401e-05
3282000 0.00016637403 4.0912067e-05
3282200 0.00016365041 6.0257619e-05
3282400 0.00015529494 4.1335547e-05
3282600 0.00015320878 5.8959743e-05
3282800 0.00016003864 3.8980517e-05
3283000 0.0001617531 5.2879565e-05
3283200 0.00016047662 5.1098173e-05
3283400 0.00016089366 4.9842264e-05
3283600 0.00016316852 5.9930387e-05
3283800 0.00016907242 5.695249e-05
3284000 0.00016320278 5.3302672e-05
3284200 0.00016391291 3.0001224e-05
3284400 0.00016990741 4.4482989e-05
3284600 0.00017258018 4.3389747e-05
3284800 0.00016945419 5.2500163e-05
3285000 0.00015612933 5.0360894e-05
3285200 0.00016058525 3.0571675e-05
3285400 0.00015339752 4.9681645e-05
3285600 0.00016117332 3.7311023e-05
3285800 0.00016362439 4.3193114e-05
3286000 0.00015282334 4.5511593e-05
3286200 0.00016374587 5.230659e-05
3286400 0.00016535718 4.2709127e-05
3286600 0.00017228184 3.3241531e-05
3286800 0.00017081149 4.3816329e-05
3287000 0.00017117333 5.305352e-05
3287200 0.00016997857 4.5231344e-05
3287400 0.00017576772 4.3261989e-05
3287600 0.00015694108 5.2376489e-05
3287800 0.00015653844 3.590629e-05
3288000 0.00017489155 3.5353273e-05
3288200 0.00016656973 3.7455407e-05
3288400 0.00015925529 4.2878791e-05
3288600 0.00015956158 4.3562987e-05
3288800 0.00016133016 5.1948963e-05
3289000 0.00018372677 4.0174821e-05
3289200 0.00017434711 4.9679496e-05
3289400 0.00017604965 3.6749174e-05
3289600 0.00017117998 5.2031828e-05
3289800 0.00016698748 5.487935e-05
3290000 0.00017622948 5.5081324e-05
3290200 0.00017197951 4.8284669e-05
3290400 0.00015180408 5.8768517e-05
3290600 0.0001567303 5.8287503e-05
3290800 0.00015790468 5.0466715e-05
3291000 0.00015911326 7.0061717e-05
3291200 0.00016077584 5.7938192e-05
3291400 0.00015993552 6.2721799e-05
3291600 0.00014801731 5.4675063e-05
3291800 0.00016200911 6.1137876e-05
3292000 0.00016791549 5.0122162e-05
3292200 0.00015576407 5.9616795e-05
3292400 0.00016811516 6.1096253e-05
3292600 0.00018756153 5.2467809e-05
3292800 0.00017447982 4.7089411e-05
3293000 0.00017665564 5.561231e-05
3293200 0.00016385388 6.0031951e-05
3293400 0.00016616831 6.5376323e-05
3293600 0.00016783349 5.2569415e-05
3293800 0.00016072213 5.1035042e-05
3294000 0.00016286716 7.043812e-05
3294200 0.00017162561 5.6964453e-05
3294400 0.00016018658 6.2334337e-05
3294600 0.0001723159 5.5689813e-05
3294800 0.00015507523 5.4072469e-05
3295000 0.00015564709 4.5754985e-05
3295200 0.00016029842 4.4591208e-05
3295400 0.00016068231 6.0325247e-05
3295600 0.00014531235 5.2240001e-05
3295800 0.00015473319 4.4448062e-05
3296000 0.00014797525 3.782775e-05
3296200 0.00017374042 6.6480266e-05
3296400 0.00014876524 7.1751548e-05
3296600 0.00016295987 6.8043175e-05
3296800 0.00016061295 5.5837951e-05
3297000 0.00014989592 5.6441039e-05
3297200 0.00015882506 4.8912916e-05
3297400 0.00016540254 4.5205876e-05
3297600 0.0001708703 5.4150366e-05
3297800 0.00017429772 6.5515661e-05
3298000 0.00015778573 7.5026525e-05
3298200 0.00016772765 5.7448487e-05
3298400 0.00017590324 4.4034716e-05
3298600 0.00015344094 5.2999609e-05
3298800 0.00015585016 5.1820336e-05
3299000 0.00016232635 5.3581741e-05
3299200 0.00016658632 5.2241139e-05
3299400 0.00015849815 5.2001796e-05
3299600 0.00015062319 6.7218722e-05
3299800 0.00015177791 6.4059269e-05
3300000 0.0001673561 6.619217e-05
3300200 0.00016060097 5.4742985e-05
3300400 0.00016844553 4.649697e-05
3300600 0.0001870329 4.3831708e-05
3300800 0.00016401711 5.8513416e-05
3301000 0.00017068764 5.0052975e-05
3301200 0.00018059094 5.3562317e-05
3301400 0.00016102282 7.4249355e-05
3301600 0.00015183418 6.1714566e-05
3301800 0.00015945125 6.3924778e-05
3302000 0.00015746859 4.5955854e-05
3302200 0.00015316477 7.4996215e-05
3302400 0.00016555515 4.6275081e-05
3302600 0.0001664233 3.4010697e-05
3302800 0.00018067874 4.1141183e-05
3303000 0.00016684468 4.5516382e-05
3303200 0.00016367814 5.1998708e-05
3303400 0.00017728839 5.2823314e-05
3303600 0.00016789103 5.9543177e-05
3303800 0.00014089738 5.4642188e-05
3304000 0.00015187775 7.1158201e-05
3304200 0.00016547396 6.4122638e-05
3304400 0.00015713892 4.9803745e-05
3304600 0.00015867826 5.3868485e-05
3304800 0.00015446637 6.7148414e-05
3305000 0.00016250164 5.0277421e-05
3305200 0.0001685762 6.8012724e-05
3305400 0.00017142317 4.8348136e-05
3305600 0.00015414744 4.664827e-05
3305800 0.00015379553 5.0378159e-05
3306000 0.00015670734 5.7642067e-05
3306200 0.00014705939 5.6315592e-05
3306400 0.00017126092 4.4528403e-05
3306600 0.00016996836 5.9405946e-05
3306800 0.00015546809 5.5585006e-05
3307000 0.00017069287 5.2595031e-05
3307200 0.00016948965 4.4450852e-05
3307400 0.00015828907 4.2900325e-05
3307600 0.00015876307 5.2182557e-05
3307800 0.00017999192 4.921458e-05
3308000 0.00016309137 4.5084735e-05
3308200 0.00017142505 4.200316e-05
3308400 0.00018246562 5.4454989e-05
3308600 0.00015953915 4.0990674e-05
3308800 0.00015936065 5.8368569e-05
3309000 0.00014817458 5.3786212e-05
3309200 0.00015776907 4.9953754e-05
3309400 0.00015192218 5.7947853e-05
3309600 0.00016395532 4.5857003e-05
3309800 0.00016097747 4.9412294e-05
3310000 0.0001577786 6.2674736e-05
3310200 0.00016587511 4.6740892e-05
3310400 0.00016224815 5.7844113e-05
3310600 0.00015496792 5.5336013e-05
3310800 0.00016599893 5.4596168e-05
3311000 0.00015942908 5.8077861e-05
3311200 0.00016165502 5.3596014e-05
3311400 0.00016523834 4.7166864e-05
3311600 0.00015957269 6.372189e-05
3311800 0.00014929167 5.1366711e-05
3312000 0.00015900203 6.4236766e-05
3312200 0.00015584903 6.0193547e-05
3312400 0.00015055894 6.4306475e-05
3312600 0.00015826162 6.3022202e-05
3312800 0.00015334074 4.8790376e-05
3313000 0.00014479025 5.730987e-05
3313200 0.00015181157 4.3670964e-05
3313400 0.000148711 5.5461242e-05
3313600 0.00015629956 4.667611e-05
3313800 0.0001604257 6.2668842e-05
3314000 0.00015378771 6.9182212e-05
3314200 0.00016393801 6.328433e-05
3314400 0.00016133958 6.6805588e-05
3314600 0.00015919779 7.6733344e-05
3314800 0.00016033102 5.0923814e-05
3315000 0.00015939094 5.9987184e-05
3315200 0.00015689935 5.2726337e-05
3315400 0.00016823597 3.7703281e-05
3315600 0.00014363272 5.8096387e-05
3315800 0.00015779261 5.6288103e-05
3316000 0.00015410831 5.6809712e-05
3316200 0.00014837467 6.7025811e-05
3316400 0.00014311947 4.788628e-05
3316600 0.0001528052 4.6132419e-05
3316800 0.00015040435 6.7885292e-05
3317000 0.00015534091 5.1939063e-05
3317200 0.00016969174 5.4519685e-05
3317400 0.0001695784 5.4622333e-05
3317600 0.00016843793 4.938056e-05
3317800 0.00017210249 5.2458089e-05
3318000 0.00016761956 4.584513e-05
3318200 0.00015636742 5.9243704e-05
3318400 0.00014532653 5.1722644e-05
3318600 0.00016046463 4.4046074e-05
3318800 0.00016950002 4.3174786e-05
3319000 0.00015236842 4.7629989e-05
3319200 0.00014864407 6.2364451e-05
3319400 0.00016653897 6.6309416e-05
3319600 0.0001655545 5.4978722e-05
3319800 0.00015612801 6.1400393e-05
3320000 0.00016930752 5.6426736e-05
3320200 0.00016305665 5.3791596e-05
3320400 0.00015358748 4.4921031e-05
3320600 0.00015155608 6.2951641e-05
3320800 0.00014470335 5.2781677e-05
3321000 0.00016198579 6.0543219e-05
3321200 0.00014170745 5.185067e-05
3321400 0.00014562859 5.9075635e-05
3321600 0.00014015558 6.6253279e-05
3321800 0.00015144848 4.0908993e-05
3322000 0.00015389142 5.7183802e-05
3322200 0.00015144687 5.6764527e-05
3322400 0.00016196809 4.1375459e-05
3322600 0.00016603496 4.3851535e-05
3322800 0.0001546399 4.2790125e-05
3323000 0.00016047816 5.6070584e-05
3323200 0.00017261739 5.1746462e-05
3323400 0.00017057281 4.5195169e-05
3323600 0.00015037913 5.6303267e-05
3323800 0.00015400762 6.5736086e-05
3324000 0.00013759547 6.0506831e-05
3324200 0.00014981805 6.6444668e-05
3324400 0.00015606821 4.4530623e-05
3324600 0.00015285363 6.2219784e-05
3324800 0.00015798868 6.2932238e-05
3325000 0.00016802119 5.1338317e-05
3325200 0.00016074868 5.1746458e-05
3325400 0.00015773285 5.234139e-05
3325600 0.00017069936 4.4573947e-05
3325800 0.00015415046 4.4549236e-05
3326000 0.00016276567 4.7823351e-05
3326200 0.000159109 5.556879e-05
3326400 0.00015464755 3.7102947e-05
3326600 0.00015196108 5.4454301e-05
3326800 0.00014963761 4.7751289e-05
3327000 0.00014701472 6.1823808e-05
3327200 0.00014821742 5.3285662e-05
3327400 0.00014952409 5.0199594e-05
3327600 0.00015392119 4.5038218e-05
3327800 0.000164245 5.5775286e-05
3328000 0.00014221068 6.0634032e-05
3328200 0.0001520585 5.8199924e-05
3328400 0.00015136106 4.9854635e-05
3328600 0.000149848 4.264715e-05
3328800 0.00015017958 5.374993e-05
3329000 0.00015351213 4.7279027e-05
3329200 0.00015913297 5.2799817e-05
3329400 0.00014758888 4.2261711e-05
3329600 0.00014603463 5.0346521e-05
3329800 0.00014240909 5.5303181e-05
3330000 0.00014009523 5.3202529e-05
3330200 0.00016928664 3.5083584e-05
3330400 0.00016747843 4.6127136e-05
3330600 0.00016115675 5.2716487e-05
3330800 0.00015649845 4.9421149e-05
3331000 0.00014878371 6.2332031e-05
3331200 0.0001547171 5.3748167e-05
3331400 0.0001575013 4.0362297e-05
3331600 0.00015410902 5.2189416e-05
3331800 0.00015952216 4.5485833e-05
3332000 0.00015845085 5.6470832e-05
3332200 0.00013740005 5.822375e-05
3332400 0.00015695331 6.0418479e-05
3332600 0.0001581031 5.4182403e-05
3332800 0.0001611053 4.978127e-05
3333000 0.00014926317 6.3870408e-05
3333200 0.00016474737 6.2799372e-05
3333400 0.0001672537 5.7313074e-05
3333600 0.00017228787 5.8544034e-05
3333800 0.00016038436 6.3934477e-05
3334000 0.00016000293 4.3724658e-05
3334200 0.00016559965 4.6516977e-05
3334400 0.00016307634 5.060909e-05
3334600 0.00017478317 4.3773561e-05
3334800 0.00015873627 3.2905003e-05
3335000 0.00014703669 5.3321129e-05
3335200 0.00017219147 5.896672e-05
3335400 0.00015577832 5.0099658e-05
3335600 0.00013472317 5.97522e-05
3335800 0.00015777574 6.3727595e-05
3336000 0.00014784464 6.0333196e-05
3336200 0.00014489135 5.2581055e-05
3336400 0.00016399712 5.5079956e-05
3336600 0.00015552285 5.1687144e-05
3336800 0.00014982428 4.468035e-05
3337000 0.00014799222 3.8740282e-05
3337200 0.0001646044 5.6412067e-05
3337400 0.00014426947 6.20169e-05
3337600 0.00015747391 5.9237219e-05
3337800 0.00015481038 6.2170368e-05
3338000 0.00014663409 5.0354739e-05
3338200 0.00016429836 5.6308189e-05
3338400 0.00014667137 7.3241992e-05
3338600 0.00014105497 6.8551202e-05
3338800 0.00014411226 5.6342981e-05
3339000 0.00015837782 5.8997421e-05
3339200 0.00013692583 6.1725245e-05
3339400 0.00013898029 5.3782695e-05
3339600 0.00014370457 5.7822198e-05
3339800 0.00014894334 4.4612889e-05
3340000 0.00014888542 5.8203767e-05
3340200 0.00015251113 6.1704299e-05
3340400 0.00016268768 5.1536709e-05
3340600 0.00014924479 4.8743365e-05
3340800 0.0001571205 4.7108367e-05
3341000 0.00014881497 4.7085814e-05
3341200 0.00014487781 5.601689e-05
3341400 0.00014160014 5.3772813e-05
3341600 0.00013951822 4.4619821e-05
3341800 0.00014593462 3.210523e-05
3342000 0.00014815377 5.7615345e-05
3342200 0.00014372626 6.5253273e-05
3342400 0.00015812868 5.5860576e-05
3342600 0.00016711883 4.7906091e-05
3342800 0.00014110854 6.3485026e-05
3343000 0.00015618189 4.9023496e-05
3343200 0.00015192937 6.2112066e-05
3343400 0.00014043878 4.3771721e-05
3343600 0.00015901443 5.8557206e-05
3343800 0.00015239192 5.3927828e-05
3344000 0.00013842387 4.7994083e-05
3344200 0.00014583943 5.3388672e-05
3344400 0.00013259309 6.5212608e-05
3344600 0.00014357769 3.7812006e-05
3344800 0.00016591362 4.1741256e-05
3345000 0.00016274152 4.0690053e-05
3345200 0.00014109371 6.1071373e-05
3345400 0.00014973356 5.2971932e-05
3345600 0.00014957503 5.7851327e-05
3345800 0.00015382574 5.2135683e-05
3346000 0.00015180837 4.9888592e-05
3346200 0.00014672362 6.0339906e-05
3346400 0.00015086487 4.4978038e-05
3346600 0.00014388968 5.237428e-05
3346800 0.00015410005 4.246468e-05
3347000 0.000140154 4.2278006e-05
3347200 0.0001490318 6.2251265e-05
3347400 0.00015003803 5.763174e-05
3347600 0.00015026394 5.6598553e-05
3347800 0.00014014376 5.9975413e-05
3348000 0.00015571141 5.1471501e-05
3348200 0.00016204326 6.0769727e-05
3348400 0.00016557216 4.4716657e-05
3348600 0.00016375933 5.8683789e-05
3348800 0.00014895407 4.4946418e-05
3349000 0.0001431878 4.5968998e-05
3349200 0.0001531607 4.9928237e-05
3349400 0.00014345808 4.6982231e-05
3349600 0.00016595556 5.3436321e-05
3349800 0.00017306117 4.655413e-05
3350000 0.00014095251 4.9804148e-05
3350200 0.00016280454 5.7901942e-05
3350400 0.00015365763 4.9801973e-05
3350600 0.0001467516 5.9512606e-05
3350800 0.00015598452 5.3705014e-05
3351000 0.00014767693 5.3929573e-05
3351200 0.000141734 4.5402368e-05
3351400 0.00015126696 5.6933039e-05
3351600 0.00015295936 4.8048685e-05
3351800 0.00013975039 5.1088346e-05
3352000 0.0001552301 3.5491314e-05
3352200 0.00014673215 4.990087e-05
3352400 0.00014952368 4.3783306e-05
3352600 0.00015207053 4.7873073e-05
3352800 0.00014803769 5.5268754e-05
3353000 0.00015683337 3.6991437e-05
3353200 0.00014432248 3.1535371e-05
3353400 0.00013515317 4.724813e-05
3353600 0.00015577815 4.390888e-05
3353800 0.00014950673 3.9795162e-05
3354000 0.00016075043 4.6100407e-05
3354200 0.00015427887 3.7977945e-05
3354400 0.00014515252 4.7238033e-05
3354600 0.00016004589 4.5775888e-05
3354800 0.0001650382 4.2209808e-05
3355000 0.00016149528 2.9172594e-05
3355200 0.00015426545 3.9118099e-05
3355400 0.00014010215 6.6083032e-05
3355600 0.00013831771 5.8151992e-05
3355800 0.00014335076 6.4218017e-05
3356000 0.00015313863 5.9386811e-05
3356200 0.00015623305 4.9646577e-05
3356400 0.00014388179 5.2937347e-05
3356600 0.00013323034 6.3647672e-05
3356800 0.00013419261 4.8615182e-05
3357000 0.00015634987 6.0659845e-05
3357200 0.00014396569 5.481095e-05
3357400 0.00014166555 6.6108307e-05
3357600 0.00014411735 5.33742e-05
3357800 0.00014876609 5.3511738e-05
3358000 0.00015895072 5.2416402e-05
3358200 0.00014984572 4.1579423e-05
3358400 0.00014342908 4.4219693e-05
3358600 0.00014529767 5.1013935e-05
3358800 0.00015280123 4.5892135e-05
3359000 0.00014439625 4.4224663e-05
3359200 0.00014801927 4.951806e-05
3359400 0.00014890936 5.5817202e-05
3359600 0.00014681424 4.1467416e-05
3359800 0.00016810283 3.4006896e-05
3360000 0.00014578181 4.5814756e-05
3360200 0.000149795 4.8423372e-05
3360400 0.00015284302 4.2811424e-05
3360600 0.00015737581 5.135281e-05
3360800 0.00015850479 4.3223278e-05
3361000 0.00015804355 4.3718633e-05
3361200 0.00016658612 6.2505846e-05
3361400 0.00016028733 4.6269873e-05
3361600 0.00016787716 4.1114081e-05
3361800 0.00016086746 4.8896821e-05
3362000 0.00015380961 4.2250269e-05
3362200 0.00015329915 4.1075727e-05
3362400 0.00015019069 4.6773209e-05
3362600 0.00015245581 5.3299244e-05
3362800 0.00016474853 4.0323639e-05
3363000 0.00017623542 4.5763393e-05
3363200 0.00015418082 4.4427747e-05
3363400 0.00014437998 4.2108242e-05
3363600 0.00014025275 6.203856e-05
3363800 0.00014403282 3.8223671e-05
3364000 0.00015624565 4.3476865e-05
3364200 0.00014804794 4.928804e-05
3364400 0.00015600735 4.1855613e-05
3364600 0.00015520921 4.6912981e-05
3364800 0.00015699594 4.7878549e-05
3365000 0.00014053191 5.4174423e-05
3365200 0.0001491938 5.4648597e-05
3365400 0.00014378936 5.0171401e-05
3365600 0.00013707916 4.8342169e-05
3365800 0.0001554789 5.0489869e-05
3366000 0.00013677674 5.1173193e-05
3366200 0.00016223991 5.4139213e-05
3366400 0.00017538554 3.0239288e-05
3366600 0.00016485635 3.7676086e-05
3366800 0.00014854117 5.4813778e-05
3367000 0.00014076548 5.4311525e-05
3367200 0.00015530633 5.0530768e-05
3367400 0.00015959133 5.6729757e-05
3367600 0.0001500035 5.1230207e-05
3367800 0.00014032296 5.6069346e-05
3368000 0.00014577464 4.2320494e-05
3368200 0.000157598 4.7985254e-05
3368400 0.00015133768 5.6816675e-05
3368600 0.00013818178 4.8905622e-05
3368800 0.00015607249 4.4793241e-05
3369000 0.00013214622 5.9936656e-05
3369200 0.00014911797 5.256138e-05
3369400 0.00013149192 6.04997e-05
3369600 0.00013954762 5.5140579e-05
3369800 0.00014028344 5.9314493e-05
3370000 0.00015617785 4.2616544e-05
3370200 0.00014362664 4.6403513e-05
3370400 0.00015212394 4.9696085e-05
3370600 0.00014619311 5.2382318e-05
3370800 0.00014232117 4.5633575e-05
3371000 0.00012802988 5.2294139e-05
3371200 0.00014626593 4.4812224e-05
3371400 0.00015674258 4.6477982e-05
3371600 0.00014841982 5.6788406e-05
3371800 0.00015533449 4.8348367e-05
3372000 0.00014567488 4.2726796e-05
3372200 0.00015423487 4.1226141e-05
3372400 0.00015367065 5.1571858e-05
3372600 0.00016019018 4.8233877e-05
3372800 0.0001431137 4.9510262e-05
3373000 0.00015120076 4.7129332e-05
3373200 0.00015530248 5.2414111e-05
3373400 0.00016261134 4.8304529e-05
3373600 0.00016859588 4.8030915e-05
3373800 0.00015783738 4.3869431e-05
3374000 0.00015488229 4.3319037e-05
3374200 0.00015208588 4.2777402e-05
3374400 0.00016018827 5.2102091e-05
3374600 0.00015094553 3.9683953e-05
3374800 0.00014046296 6.1065074e-05
3375000 0.00015325054 5.3716571e-05
3375200 0.00015832822 4.941284e-05
3375400 0.00015167184 6.8035108e-05
3375600 0.00015386118 5.1069657e-05
3375800 0.00015490996 4.4507616e-05
3376000 0.00015852479 5.1365627e-05
3376200 0.00016936868 5.3623653e-05
3376400 0.00016590049 4.7046364e-05
3376600 0.00016499473 4.8680453e-05
3376800 0.00016728395 3.2250461e-05
3377000 0.00016665739 4.2560153e-05
3377200 0.0001553133 6.30886e-05
3377400 0.00015415902 4.2726528e-05
3377600 0.00016077433 4.1406833e-05
3377800 0.00016453498 4.3352749e-05
3378000 0.00016199871 6.0586462e-05
3378200 0.00015395533 5.676836e-05
3378400 0.00014662538 4.8146248e-05
3378600 0.00014497494 5.8018531e-05
3378800 0.00015545356 3.4792e-05
3379000 0.00014647666 5.24828e-05
3379200 0.0001534497 5.1795044e-05
3379400 0.00015414019 3.6704863e-05
3379600 0.0001626007 4.1997202e-05
3379800 0.00014291419 5.4352103e-05
3380000 0.00015616027 4.0841935e-05
3380200 0.00014698315 5.1340357e-05
3380400 0.00015946145 4.2707967e-05
3380600 0.00015317817 4.2461599e-05
3380800 0.00015526416 4.6841662e-05
3381000 0.0001666764 3.9097156e-05
3381200 0.0001625297 4.3262336e-05
3381400 0.00016383245 3.8646521e-05
3381600 0.00016143271 5.4932751e-05
3381800 0.00015461613 5.5314439e-05
3382000 0.00016323904 4.7712064e-05
3382200 0.00015076879 5.4419414e-05
3382400 0.00014730378 5.6769288e-05
3382600 0.00014487506 4.6395953e-05
3382800 0.00013433579 5.9242968e-05
3383000 0.00015288048 6.2847574e-05
3383200 0.00016061057 4.631827e-05
3383400 0.00014842836 5.5629065e-05
3383600 0.00016039714 6.2719321e-05
3383800 0.00016096559 4.7103111e-05
3384000 0.00015023939 5.0327782e-05
3384200 0.00016796924 5.0024866e-05
3384400 0.00014683649 4.8544627e-05
3384600 0.00014808862 4.8432726e-05
3384800 0.00016087924 4.2278468e-05
3385000 0.00015959447 4.6552468e-05
3385200 0.00015796685 4.9647588e-05
3385400 0.00015246477 4.7549788e-05
3385600 0.00014907176 5.3407063e-05
3385800 0.00016370178 4.5194943e-05
3386000 0.00015906278 4.3855338e-05
3386200 0.00014618363 5.2947237e-05
3386400 0.00015034819 6.3954876e-05
3386600 0.00016558963 5.581232e-05
3386800 0.0001500961 5.4314072e-05
3387000 0.00015449492 5.5367838e-05
3387200 0.00016149473 3.4992403e-05
3387400 0.0001416529 4.8120912e-05
3387600 0.00014330519 5.2575866e-05
3387800 0.00014412573 4.8505886e-05
3388000 0.00014457548 5.3182189e-05
3388200 0.00015797816 5.7613609e-05
3388400 0.00016063557 6.9987197e-05
3388600 0.00015786335 6.2998794e-05
3388800 0.00015590452 5.0829869e-05
3389000 0.00014230804 5.6432613e-05
3389200 0.00014487262 5.2450376e-05
3389400 0.00015802106 5.2692332e-05
3389600 0.0001538655 5.2148638e-05
3389800 0.00014867866 4.3990122e-05
3390000 0.00016807864 5.5115192e-05
3390200 0.00016424517 5.8232128e-05
3390400 0.0001709078 4.578599e-05
3390600 0.00016204381 5.0614099e-05
3390800 0.00016389117 4.1975693e-05
3391000 0.0001591983 4.1638961e-05
3391200 0.00015855897 4.3881324e-05
3391400 0.0001488554 3.5502175e-05
3391600 0.00014199482 5.5576681e-05
3391800 0.00015827075 6.3024331e-05
3392000 0.00016322717 4.7070151e-05
3392200 0.00015013084 4.8768327e-05
3392400 0.00015933273 5.6175581e-05
3392600 0.00015311127 5.8764522e-05
3392800 0.00016547309 4.2498324e-05
3393000 0.00017008335 4.7233984e-05
3393200 0.00016913026 5.0066186e-05
3393400 0.00016310648 5.4969296e-05
3393600 0.00015921992 4.4287781e-05
3393800 0.0001711417 5.0079905e-05
3394000 0.00016220523 4.4392048e-05
3394200 0.00016472214 3.840781e-05
3394400 0.00016972116 4.4575295e-05
3394600 0.00016887188 4.8443478e-05
3394800 0.00016509462 5.1026693e-05
3395000 0.00017963562 4.682818e-05
3395200 0.00016988937 5.7231713e-05
3395400 0.00016584271 6.0463869e-05
3395600 0.00014129738 6.5074329e-05
3395800 0.00015423193 6.3551786e-05
3396000 0.0001657061 5.9337405e-05
3396200 0.00016453627 7.4766909e-05
3396400 0.00016338512 5.0031229e-05
3396600 0.00016130316 6.4816052e-05
3396800 0.00018177847 5.580983e-05
3397000 0.00017658386 5.2110391e-05
3397200 0.00015634742 4.9732317e-05
3397400 0.00015841522 5.0759735e-05
3397600 0.00015620243 4.4455998e-05
3397800 0.00015554602 4.3250878e-05
3398000 0.00016226148 5.7188285e-05
3398200 0.00017809526 4.857804e-05
3398400 0.00016186026 4.5579015e-05
3398600 0.00016432147 4.8072003e-05
3398800 0.00014761053 6.5216891e-05
3399000 0.00017063798 4.8906961e-05
3399200 0.00016533908 5.8588122e-05
3399400 0.0001757261 5.0579567e-05
3399600 0.00014387525 5.3082472e-05
3399800 0.00015983048 6.0265494e-05
3400000 0.0001481953 6.5543143e-05
3400200 0.00015209509 6.7416859e-05
3400400 0.00016099877 4.5505409e-05
3400600 0.00016245086 5.6851566e-05
3400800 0.00017142921 5.388862e-05
3401000 0.00016286789 6.9432545e-05
3401200 0.00015403155 5.8091537e-05
3401400 0.00015133721 5.7212479e-05
3401600 0.00015885478 5.5099296e-05
3401800 0.00016731651 7.2632827e-05
3402000 0.00017758071 7.1962577e-05
3402200 0.0001667078 6.5403414e-05
3402400 0.0001593248 6.0234595e-05
3402600 0.00016461034 6.6077291e-05
3402800 0.00016483103 7.400983e-05
3403000 0.00017119005 7.2733908e-05
3403200 0.00016278729 6.3787234e-05
3403400 0.0001653225 5.4516745e-05
3403600 0.00015876563 5.0407404e-05
3403800 0.0001565342 5.7509305e-05
3404000 0.00014624396 6.4149925e-05
3404200 0.00016132214 6.0979406e-05
3404400 0.00015722883 6.2013092e-05
3404600 0.00015282539 6.2550923e-05
3404800 0.00013933575 6.6326706e-05
3405000 0.00016038067 5.9802197e-05
3405200 0.00015161668 5.8919614e-05
3405400 0.00015037747 6.0085668e-05
3405600 0.00016306026 4.9303593e-05
3405800 0.00015998827 5.4264721e-05
3406000 0.00015706725 4.9492531e-05
3406200 0.00016481888 7.439081e-05
3406400 0.0001490533 6.8103382e-05
3406600 0.00015705907 5.9833966e-05
3406800 0.00016041304 6.4128395e-05
3407000 0.00014364244 6.3974646e-05
3407200 0.00014145421 6.3782751e-05
3407400 0.00016154789 5.9143573e-05
3407600 0.00016007009 6.8360445e-05
3407800 0.00016042367 6.166504e-05
3408000 0.0001609826 6.4634107e-05
3408200 0.00015258954 6.1555615e-05
3408400 0.00016262233 5.2704855e-05
3408600 0.00016633488 4.9677571e-05
3408800 0.00017207674 5.697128e-05
3409000 0.00018016631 5.5262109e-05
3409200 0.00016656685 5.7279741e-05
3409400 0.00016331426 6.5739091e-05
3409600 0.00017763226 7.3026419e-05
3409800 0.00016720895 6.7037943e-05
3410000 0.00015486835 5.9088795e-05
3410200 0.00016487679 5.3083977e-05
3410400 0.0001756359 4.8419077e-05
3410600 0.00017012351 6.0897264e-05
3410800 0.0001765619 6.0081563e-05
3411000 0.00015086124 5.4971901e-05
3411200 0.00014607648 7.3256166e-05
3411400 0.00015810248 7.0258751e-05
3411600 0.00016489619 5.7928405e-05
3411800 0.00016307188 6.5701937e-05
3412000 0.0001663792 5.3806577e-05
3412200 0.00017382009 6.5084333e-05
3412400 0.00017144231 6.9459421e-05
3412600 0.00016917046 5.2725727e-05
3412800 0.00016553791 5.6951394e-05
3413000 0.00016452808 4.9985977e-05
3413200 0.00015769996 6.0625572e-05
3413400 0.00016902712 4.7093503e-05
3413600 0.00015023985 5.7073996e-05
3413800 0.00015408755 5.9818381e-05
3414000 0.00015822397 5.0982347e-05
3414200 0.00015889491 6.1305821e-05
3414400 0.00017788528 4.3877656e-05
3414600 0.00015690333 5.8682407e-05
3414800 0.00015506949 6.6372866e-05
3415000 0.00017026514 5.7800384e-05
3415200 0.00014692827 4.9407134e-05
3415400 0.00015605107 4.6716336e-05
3415600 0.00017194435 6.1629377e-05
3415800 0.00015517574 5.9929268e-05
3416000 0.00016021977 5.6179864e-05
3416200 0.00017756592 7.1134629e-05
3416400 0.00017128376 6.0709643e-05
3416600 0.00015349675 7.7867641e-05
3416800 0.0001564283 5.4668054e-05
3417000 0.00015198246 5.8067057e-05
3417200 0.00014834892 6.3453454e-05
3417400 0.00015927016 5.1086959e-05
3417600 0.00016880131 4.940126e-05
3417800 0.00015661266 5.8534409e-05
3418000 0.00016444647 4.7736974e-05
3418200 0.00016372515 6.9325086e-05
3418400 0.00015486853 6.5584258e-05
3418600 0.00015683825 7.3233814e-05
3418800 0.00015928024 5.5503205e-05
3419000 0.00017001347 4.4860617e-05
3419200 0.0001778594 5.4770388e-05
3419400 0.00015372314 7.3585241e-05
3419600 0.00017183346 6.2396727e-05
3419800 0.00015409554 6.6280017e-05
3420000 0.00016344808 5.2985896e-05
3420200 0.00015571454 7.0279804e-05
3420400 0.00015699217 5.2143575e-05
3420600 0.00016058858 4.7754827e-05
3420800 0.00015571417 5.2708864e-05
3421000 0.00016223603 4.2458839e-05
3421200 0.00015323965 5.1313678e-05
3421400 0.00016354266 4.8561259e-05
3421600 0.00016226736 6.9336859e-05
3421800 0.00016520164 5.5255501e-05
3422000 0.00016383074 5.7541633e-05
3422200 0.00015703164 5.7110108e-05
3422400 0.00015659837 5.928782e-05
3422600 0.00015424617 5.5375535e-05
3422800 0.00015504348 6.578051e-05
3423000 0.0001518324 7.0535529e-05
3423200 0.00016204824 5.3846152e-05
3423400 0.00015975686 5.7556803e-05
3423600 0.00015926758 5.1091256e-05
3423800 0.00016354716 5.4449263e-05
3424000 0.00016467554 5.7029193e-05
3424200 0.00016036579 6.8552618e-05
3424400 0.00016501028 6.303142e-05
3424600 0.00017550437 6.226463e-05
3424800 0.00017756546 5.4008507e-05
3425000 0.00015873161 5.9889322e-05
3425200 0.00017206566 6.1435936e-05
3425400 0.00015575131 6.4152986e-05
3425600 0.00017262288 4.7087691e-05
3425800 0.00015901872 6.1903862e-05
3426000 0.00015838089 6.5311457e-05
3426200 0.0001664342 7.0851567e-05
3426400 0.00016460995 6.4618644e-05
3426600 0.00015842862 7.0964095e-05
3426800 0.00016418399 6.1409734e-05
3427000 0.00017094405 5.9438321e-05
3427200 0.00016532692 6.4082748e-05
3427400 0.00017137305 6.2816738e-05
3427600 0.00016370844 6.3969768e-05
3427800 0.00017047216 6.4931285e-05
3428000 0.00017067735 5.6531133e-05
3428200 0.00015885047 6.520636e-05
3428400 0.00017094858 6.3435665e-05
3428600 0.0001567519 7.7090384e-05
3428800 0.00016039927 7.3798242e-05
3429000 0.00016218129 7.1771033e-05
3429200 0.00016307978 8.1404434e-05
3429400 0.00016727617 9.1224015e-05
3429600 0.00017019745 6.7185883e-05
3429800 0.00016250424 7.2310519e-05
3430000 0.00016409581 6.4776781e-05
3430200 0.00017060434 6.8836942e-05
3430400 0.00015891385 7.7605327e-05
3430600 0.00016157819 7.2022967e-05
3430800 0.00017625381 6.1545094e-05
3431000 0.00017097016 7.1797142e-05
3431200 0.00016699745 6.8897931e-05
3431400 0.00017038895 7.2157934e-05
3431600 0.00018209708 7.6428848e-05
3431800 0.00016873452 7.2158413e-05
3432000 0.00016442793 8.2799537e-05
3432200 0.00015726115 9.033679e-05
3432400 0.00015981287 7.0545909e-05
3432600 0.0001769929 8.215117e-05
3432800 0.00016028437 9.5194594e-05
3433000 0.00016888509 7.0837082e-05
3433200 0.00017128565 6.68031e-05
3433400 0.00017824815 7.4207719e-05
3433600 0.00017633592 6.1738718e-05
3433800 0.00016244612 7.4084668e-05
3434000 0.00015917496 7.8637433e-05
3434200 0.00017312327 7.6092628e-05
3434400 0.00017259666 8.3803231e-05
3434600 0.00017425221 7.9045257e-05
3434800 0.00017764436 6.3231556e-05
3435000 0.00017212873 7.5564953e-05
3435200 0.00016542418 7.4457113e-05
3435400 0.00018077494 8.3646819e-05
3435600 0.00015815127 8.3953442e-05
3435800 0.00016994989 8.85596e-05
3436000 0.00018228849 7.4590381e-05
3436200 0.0001707932 6.6998285e-05
3436400 0.00017189481 5.8075414e-05
3436600 0.00017685361 6.8752867e-05
3436800 0.00017239705 6.1210086e-05
3437000 0.00016342442 7.8698051e-05
3437200 0.00017936199 7.6953421e-05
3437400 0.00017405781 7.066473e-05
3437600 0.00016372151 8.2085336e-05
3437800 0.00016483209 8.2863599e-05
3438000 0.00017919519 7.9732288e-05
3438200 0.00017911553 7.1341552e-05
3438400 0.00016202462 7.2235715e-05
3438600 0.00017266663 8.1285964e-05
3438800 0.00016733015 7.699204e-05
3439000 0.00017879552 8.0681672e-05
3439200 0.00015074187 9.0866525e-05
3439400 0.00016485181 8.0848887e-05
3439600 0.0001730788 7.834221e-05
3439800 0.00016652721 6.5321517e-05
3440000 0.00017510977 7.1924321e-05
3440200 0.00017743789 8.5456497e-05
3440400 0.00017391147 7.7351839e-05
3440600 0.00015695309 7.4736759e-05
3440800 0.00015967028 7.4901484e-05
3441000 0.00017060328 8.6298462e-05
3441200 0.00014829669 8.9030244e-05
3441400 0.00017171051 7.9575215e-05
3441600 0.00017200947 7.360101e-05
3441800 0.00016291517 7.6178819e-05
3442000 0.00017333276 9.966531e-05
3442200 0.00016212264 9.0227119e-05
3442400 0.00016937896 8.2969152e-05
3442600 0.00016956836 7.3480033e-05
3442800 0.0001707801 6.7069204e-05
3443000 0.00016386059 8.4313929e-05
3443200 0.00017298083 7.8431054e-05
3443400 0.00016381262 7.8092343e-05
3443600 0.0001743556 7.9050733e-05
3443800 0.00016198376 8.4319328e-05
3444000 0.00017667189 8.0637991e-05
3444200 0.00017954449 7.0340605e-05
3444400 0.00015480084 7.9916717e-05
3444600 0.00015608228 8.1767717e-05
3444800 0.00017076808 8.3530681e-05
3445000 0.00016753647 7.6446384e-05
3445200 0.00017021772 8.2282325e-05
3445400 0.00017138117 7.3307799e-05
3445600 0.00016907777 7.7222893e-05
3445800 0.00017560942 6.8747795e-05
3446000 0.00016542261 8.0549072e-05
3446200 0.00016721388 7.5103562e-05
3446400 0.00017918717 6.7249607e-05
3446600 0.0001645925 8.7100501e-05
3446800 0.00017493224 6.9442315e-05
3447000 0.00017688457 7.6942561e-05
3447200 0.00018169632 7.3222913e-05
3447400 0.00015559702 7.5330622e-05
3447600 0.00018526672 6.7707908e-05
3447800 0.00015686475 7.8142973e-05
3448000 0.00017309638 7.7073165e-05
3448200 0.00016273806 8.8344878e-05
3448400 0.00017724162 7.176628e-05
3448600 0.00017289008 7.2891388e-05
3448800 0.00016369079 8.4865753e-05
3449000 0.00017451557 6.9942492e-05
3449200 0.00016371237 7.7926629e-05
3449400 0.00016975066 7.3843388e-05
3449600 0.00016932541 6.5655044e-05
3449800 0.00016529397 7.0553706e-05
3450000 0.00016890094 7.8092735e-05
3450200 0.00016381197 8.9707367e-05
3450400 0.00017883925 7.6037767e-05
3450600 0.00016709227 7.5402798e-05
3450800 0.00017426261 8.0840694e-05
3451000 0.00016697538 8.984047e-05
3451200 0.00016371295 8.8452183e-05
3451400 0.00016537972 7.8390198e-05
3451600 0.00017222338 7.9104377e-05
3451800 0.00017268396 8.7865029e-05
3452000 0.00016264427 8.7336644e-05
3452200 0.00017049201 7.3778397e-05
3452400 0.00016197809 9.1524479e-05
3452600 0.00017362925 8.4524469e-05
3452800 0.0001722406 8.9201597e-05
3453000 0.00017535487 8.6299713e-05
3453200 0.00017427092 8.1830965e-05
3453400 0.00015237952 7.643376e-05
3453600 0.00015715668 8.6899004e-05
3453800 0.00016043678 7.9440906e-05
3454000 0.00017392012 8.0234245e-05
3454200 0.00016986481 8.0317273e-05
3454400 0.00016896231 8.7289573e-05
3454600 0.00015805312 9.2232537e-05
3454800 0.00015974478 8.2266106e-05
3455000 0.00017814926 8.105775e-05
3455200 0.00017124206 7.9964432e-05
3455400 0.00016647447 8.9256757e-05
3455600 0.00017970464 9.814035e-05
3455800 0.00016225001 9.3362547e-05
3456000 0.00016696492 9.2190401e-05
3456200 0.00018008441 7.274337e-05
3456400 0.00017423784 8.4230801e-05
3456600 0.0001646825 8.9486068e-05
3456800 0.00017716577 8.2545194e-05
3457000 0.00016576 8.8999055e-05
3457200 0.00017126844 8.3944361e-05
3457400 0.00016896037 8.9925393e-05
3457600 0.00018860749 8.7887818e-05
3457800 0.00017555114 8.0803024e-05
3458000 0.00016230666 7.9755822e-05
3458200 0.00017577362 8.1653534e-05
3458400 0.00016838997 8.6085731e-05
3458600 0.00016298989 9.1352236e-05
3458800 0.00017246192 8.5284127e-05
3459000 0.00017936187 8.6501326e-05
3459200 0.00017238071 8.6927495e-05
3459400 0.00017420788 9.6272446e-05
3459600 0.00018000009 9.1035396e-05
3459800 0.00018702368 8.1803297e-05
3460000 0.00017819779 7.8164432e-05
3460200 0.00017006946 7.5812412e-05
3460400 0.0001716596 7.7954147e-05
3460600 0.00017478168 8.4432236e-05
3460800 0.00016662963 8.0877272e-05
3461000 0.00018162941 6.70545e-05
3461200 0.00016703545 9.139275e-05
3461400 0.00016293387 9.1146421e-05
3461600 0.00016498959 8.4952451e-05
3461800 0.00015599374 8.3801212e-05
3462000 0.00016398463 8.184714e-05
3462200 0.00016170654 0.00010152351
3462400 0.00016241151 8.2123965e-05
3462600 0.00015489296 8.6107025e-05
3462800 0.00018138238 7.3214825e-05
3463000 0.0001719514 7.6797502e-05
3463200 0.00017126283 8.3014319e-05
3463400 0.00016961091 8.4784613e-05
3463600 0.00016808382 8.5587137e-05
3463800 0.0001686799 8.6915578e-05
3464000 0.00016903166 8.4379636e-05
3464200 0.000168445 7.5645837e-05
3464400 0.00017320565 8.8544711e-05
3464600 0.00017436319 8.0057743e-05
3464800 0.00017658756 8.779238e-05
3465000 0.00017348328 7.6513747e-05
3465200 0.00016700912 9.4835664e-05
3465400 0.00015532886 0.00010392998
3465600 0.00016417292 8.9211313e-05
3465800 0.00016566823 7.8928093e-05
3466000 0.00017005588 8.0864671e-05
3466200 0.00017812975 8.3680654e-05
3466400 0.00017503731 8.6218903e-05
3466600 0.00016439848 8.4172381e-05
3466800 0.00016923126 8.8181117e-05
3467000 0.000166536 9.1018726e-05
3467200 0.00018057171 8.6628242e-05
3467400 0.00017240685 8.2760793e-05
3467600 0.00016950121 7.6179978e-05
3467800 0.00016969615 9.057002e-05
3468000 0.00016879343 8.8837142e-05
3468200 0.00016747043 8.8920531e-05
3468400 0.00016679628 8.9727916e-05
3468600 0.00016791939 9.2306233e-05
3468800 0.00016154836 8.4624199e-05
3469000 0.00016293736 0.00010186057
3469200 0.0001567785 9.0128103e-05
3469400 0.00016888802 7.2495514e-05
3469600 0.00016149302 8.362255e-05
3469800 0.00017293454 8.493131e-05
3470000 0.00017242932 8.8365361e-05
3470200 0.00017663045 7.380629e-05
3470400 0.00016590513 7.9020565e-05
3470600 0.00019369032 6.9321171e-05
3470800 0.00017855581 7.2323875e-05
3471000 0.00017711464 7.7345579e-05
3471200 0.00017375639 7.7948883e-05
3471400 0.00018332525 7.3296748e-05
3471600 0.00017549915 7.4188941e-05
3471800 0.00018137729 7.0344883e-05
3472000 0.00017180745 7.381357e-05
3472200 0.00017438165 7.5856262e-05
3472400 0.0001791493 7.4855776e-05
3472600 0.00017367177 6.3298589e-05
3472800 0.00017121662 7.475225e-05
3473000 0.00016713142 7.9198532e-05
3473200 0.00017367727 7.9479348e-05
3473400 0.00016779454 8.5914311e-05
3473600 0.00017065894 8.17583e-05
3473800 0.00016776679 6.8339825e-05
3474000 0.00016277897 7.658143e-05
3474200 0.00018835706 7.9228213e-05
3474400 0.00018483895 7.5430098e-05
3474600 0.00017706613 7.9438556e-05
3474800 0.0001961506 7.0867203e-05
3475000 0.00018395834 6.7653492e-05
3475200 0.00017500208 8.0202781e-05
3475400 0.00018566556 7.50749e-05
3475600 0.00017800276 7.4730695e-05
3475800 0.00017250708 7.0904755e-05
3476000 0.00018651316 8.0578047e-05
3476200 0.00017109842 8.1104388e-05
3476400 0.00018921143 7.8400999e-05
3476600 0.00018650828 9.754274e-05
3476800 0.0001721023 8.4307894e-05
3477000 0.00017095191 8.566818e-05
3477200 0.00016573452 9.711839e-05
3477400 0.00017952175 8.7470594e-05
3477600 0.00018070548 8.603319e-05
3477800 0.00017411523 7.3869027e-05
3478000 0.00017622318 7.8948335e-05
3478200 0.00017565816 7.5817e-05
3478400 0.00017827997 7.1750555e-05
3478600 0.000168253 7.9211484e-05
3478800 0.00017247342 8.9218093e-05
3479000 0.00017963525 8.1646541e-05
3479200 0.0001727011 7.6740379e-05
3479400 0.00017698061 7.860913e-05
3479600 0.00019560371 8.0229566e-05
3479800 0.00018625377 8.6481568e-05
3480000 0.00018041849 8.0403655e-05
3480200 0.00017862875 7.4803038e-05
3480400 0.00018200964 8.3878959e-05
3480600 0.00018898273 8.0577214e-05
3480800 0.00016917882 9.0411994e-05
3481000 0.00016944371 7.5714511e-05
3481200 0.00017382048 7.8657802e-05
3481400 0.00017529972 8.435067e-05
3481600 0.00017749655 7.446546e-05
3481800 0.00017210057 7.976337e-05
3482000 0.0001718346 8.8972215e-05
3482200 0.00017724868 8.5759279e-05
3482400 0.00017327213 7.6509121e-05
3482600 0.00016063735 9.1396315e-05
3482800 0.00017747382 8.2634276e-05
3483000 0.00017977318 7.2877927e-05
3483200 0.00018284652 8.9189206e-05
3483400 0.00017829457 7.7417393e-05
3483600 0.00016750601 8.1723443e-05
3483800 0.00018278666 7.9936341e-05
3484000 0.00018787013 7.8398938e-05
3484200 0.00018043262 8.2439019e-05
3484400 0.00016586668 7.4272222e-05
3484600 0.00017528071 8.4026794e-05
3484800 0.00017942077 8.4592086e-05
3485000 0.00017896297 8.4430063e-05
3485200 0.00016935977 8.2327893e-05
3485400 0.00017559624 7.8395301e-05
3485600 0.00018463063 7.5024695e-05
3485800 0.00017832814 8.6796114e-05
3486000 0.00017436986 7.754597e-05
3486200 0.00017884987 7.3824301e-05
3486400 0.00018189725 8.8108884e-05
3486600 0.00016880581 8.2357326e-05
3486800 0.00017193683 8.219876e-05
3487000 0.00018817191 7.1223773e-05
3487200 0.00018103876 6.7036804e-05
3487400 0.00018537985 7.953997e-05
3487600 0.00018562784 7.888218e-05
3487800 0.00017398128 7.9955708e-05
3488000 0.0001823617 7.4235504e-05
3488200 0.00017389898 7.7707785e-05
3488400 0.00017923765 8.9286974e-05
3488600 0.00018383567 8.4215626e-05
3488800 0.00017432078 9.7493133e-05
3489000 0.00015675766 8.965808e-05
3489200 0.00016670475 7.3013157e-05
3489400 0.00018017847 8.6309326e-05
3489600 0.00019048211 7.8504351e-05
3489800 0.00018339857 8.3246058e-05
3490000 0.00016667147 9.165694e-05
3490200 0.00017307412 8.2582875e-05
3490400 0.00017204417 8.4379173e-05
3490600 0.00017773612 7.3557603e-05
3490800 0.00018020553 8.1720308e-05
3491000 0.00016735803 8.0488751e-05
3491200 0.00018759629 7.1650969e-05
3491400 0.0001897007 7.114862e-05
3491600 0.00017717287 8.8903913e-05
3491800 0.00018167028 8.1825631e-05
3492000 0.00017745261 8.2313938e-05
3492200 0.00017647478 8.5917019e-05
3492400 0.00016962981 8.5717001e-05
3492600 0.00017482345 8.6664489e-05
3492800 0.00018099513 7.9979216e-05
3493000 0.00016078351 7.8682069e-05
3493200 0.00017274523 8.9957927e-05
3493400 0.00017611986 7.6165148e-05
3493600 0.00016821317 8.3127184e-05
3493800 0.00017432454 8.3856956e-05
3494000 0.00017321185 7.7440671e-05
3494200 0.000188016 7.4201572e-05
3494400 0.00018069424 8.3916109e-05
3494600 0.00017208909 8.1974986e-05
3494800 0.00018464154 8.6881736e-05
3495000 0.000184852 7.7297062e-05
3495200 0.00017805238 9.2441603e-05
3495400 0.00017683217 8.6932558e-05
3495600 0.00018122584 9.1152756e-05
3495800 0.0001893941 8.3919705e-05
3496000 0.00018531943 8.1872833e-05
3496200 0.00020310479 7.8902419e-05
3496400 0.00019212708 8.243402e-05
3496600 0.0001829069 7.5882509e-05
3496800 0.00016982739 8.6370232e-05
3497000 0.00016938674 8.7544037e-05
3497200 0.00017825766 8.2439792e-05
3497400 0.00018312157 8.6740847e-05
3497600 0.00018904596 6.925415e-05
3497800 0.00017806345 8.3184873e-05
3498000 0.00017717499 7.7648399e-05
3498200 0.00018491009 8.5684178e-05
3498400 0.00018455026 8.3233869e-05
3498600 0.00018339629 8.2433589e-05
3498800 0.00017881508 7.5500895e-05
3499000 0.00019511276 7.1105917e-05
3499200 0.00017596452 8.9475405e-05
3499400 0.00017250902 8.7331801e-05
3499600 0.00017184774 8.967865e-05
3499800 0.00019209891 7.7572346e-05
3500000 0.00017852349 8.6757728e-05
3500200 0.00017020863 8.2106589e-05
3500400 0.00017230319 9.8592342e-05
3500600 0.00017671669 7.7967753e-05
3500800 0.00018381289 7.9543205e-05
3501000 0.0001742238 9.0603344e-05
3501200 0.00017251762 8.2010709e-05
3501400 0.0001767527 7.728015e-05
3501600 0.00017559788 8.2047261e-05
3501800 0.00017812773 8.160694e-05
3502000 0.00018447666 7.7235043e-05
3502200 0.00018892395 7.3183045e-05
3502400 0.0001833228 7.4888199e-05
3502600 0.00017884429 7.3880617e-05
3502800 0.00018428263 6.1440656e-05
3503000 0.00018056549 6.4986183e-05
3503200 0.00018411188 7.9580479e-05
3503400 0.00018113608 7.9822696e-05
3503600 0.00017189984 8.9291042e-05
3503800 0.00017522216 6.7704029e-05
3504000 0.00016582447 7.9370678e-05
3504200 0.00016818993 8.5027981e-05
3504400 0.00016965808 7.5311926e-05
3504600 0.00016991564 8.8066749e-05
3504800 0.00017276679 7.4004449e-05
3505000 0.00016716864 8.5842292e-05
3505200 0.00018232958 8.2475247e-05
3505400 0.00017756108 7.8957892e-05
3505600 0.00018050207 7.9705846e-05
3505800 0.00016458983 7.8178133e-05
3506000 0.00016197579 7.4747957e-05
3506200 0.00016279368 7.4871376e-05
3506400 0.00017332155 9.4796735e-05
3506600 0.00016136322 7.3553917e-05
3506800 0.0001724397 8.0398405e-05
3507000 0.00017689279 8.1489864e-05
3507200 0.00016518285 8.289309e-05
3507400 0.00016267459 8.0903103e-05
3507600 0.00017239073 7.3360668e-05
3507800 0.00016838454 9.3411146e-05
3508000 0.00017439736 8.67687e-05
3508200 0.00016687886 8.7147439e-05
3508400 0.00016281816 0.00010058732
3508600 0.0001701822 9.4078347e-05
3508800 0.00016541199 9.0455748e-05
3509000 0.00016848925 8.6962643e-05
3509200 0.00017580668 8.1780025e-05
3509400 0.0001778687 7.6922625e-05
3509600 0.0001759244 8.1937566e-05
3509800 0.00016836539 8.6197423e-05
3510000 0.0001725648 8.4339529e-05
3510200 0.00017435416 8.1149601e-05
3510400 0.00015790655 8.4116469e-05
3510600 0.00016058401 8.7727547e-05
3510800 0.00016232857 7.9241649e-05
3511000 0.00016581832 8.1408972e-05
3511200 0.00017350932 8.7041038e-05
3511400 0.00017240112 8.0310652e-05
3511600 0.00017335971 8.8790746e-05
3511800 0.00017366138 8.4325328e-05
3512000 0.00017158403 9.5369426e-05
3512200 0.00017352838 8.0048754e-05
3512400 0.00016836021 8.280964e-05
3512600 0.0001693083 8.0214306e-05
3512800 0.00017068445 7.8434166e-05
3513000 0.00016293734 7.7965422e-05
3513200 0.00017166548 8.4941105e-05
3513400 0.00016511023 8.7618673e-05
3513600 0.00018445103 8.2209699e-05
3513800 0.00016309788 9.8992248e-05
3514000 0.00017167743 7.1611354e-05
3514200 0.00018179748 8.2485522e-05
3514400 0.00017602944 9.007672e-05
3514600 0.00017474368 8.5110277e-05
3514800 0.00017626385 7.6906584e-05
3515000 0.00017786017 9.1235981e-05
3515200 0.00018067033 8.1970145e-05
3515400 0.00017299386 8.7918698e-05
3515600 0.00017637252 8.6730079e-05
3515800 0.00017854868 7.3435532e-05
3516000 0.00018108457 7.2842204e-05
3516200 0.00017769567 8.9829652e-05
3516400 0.00019510523 7.6363704e-05
3516600 0.00019585019 7.6044868e-05
3516800 0.00019073213 7.6656331e-05
3517000 0.0001670225 8.1695525e-05
3517200 0.00019042187 9.0195511e-05
3517400 0.00018174706 9.0962953e-05
3517600 0.00019928191 7.3431045e-05
3517800 0.00017454488 8.0581126e-05
3518000 0.00018898382 7.336841e-05
3518200 0.00018485956 8.6946592e-05
3518400 0.00018568542 7.6830257e-05
3518600 0.00016938369 8.7964711e-05
3518800 0.00017942715 7.7526757e-05
3519000 0.00017387944 8.9311654e-05
3519200 0.00018883203 8.3766459e-05
3519400 0.00020055406 6.6485531e-05
3519600 0.00017831178 7.9432005e-05
3519800 0.00017839358 8.6501262e-05
3520000 0.00018716043 7.9693678e-05
3520200 0.0001877569 7.8970573e-05
3520400 0.00019248254 8.1842288e-05
3520600 0.00019301688 7.8523216e-05
3520800 0.00019939436 7.4052657e-05
3521000 0.00017933206 6.602159e-05
3521200 0.00019124837 7.9819357e-05
3521400 0.00018234567 7.760158e-05
3521600 0.00018158907 8.4219185e-05
3521800 0.00016984093 8.9391151e-05
3522000 0.00017595071 8.4475758e-05
3522200 0.00017151204 8.5531197e-05
3522400 0.00017984362 8.0116629e-05
3522600 0.00018067349 7.2005011e-05
3522800 0.00017690579 7.1391547e-05
3523000 0.00017700535 8.056765e-05
3523200 0.00016645721 9.4718181e-05
3523400 0.00019002688 8.1211903e-05
3523600 0.0001785794 8.7414991e-05
3523800 0.00018308675 9.1246327e-05
3524000 0.00016695916 8.4361512e-05
3524200 0.00017593894 8.311832e-05
3524400 0.00016808305 9.2161607e-05
3524600 0.00018370932 8.5575273e-05
3524800 0.00018035044 8.2154613e-05
3525000 0.00016409982 8.4411833e-05
3525200 0.00017251643 9.3228764e-05
3525400 0.00017692048 8.4376223e-05
3525600 0.00017628903 7.8491159e-05
3525800 0.00018613317 8.5353487e-05
3526000 0.00017370845 9.1788979e-05
3526200 0.00016415814 8.4154811e-05
3526400 0.00017447093 7.3861053e-05
3526600 0.00017893648 7.7765783e-05
3526800 0.00017992762 7.5546623e-05
3527000 0.00017612888 8.7472402e-05
3527200 0.00017403659 7.9929962e-05
3527400 0.00017248565 7.8920388e-05
3527600 0.00017235953 7.4246544e-05
3527800 0.00018257051 8.1839354e-05
3528000 0.00017887984 8.7361666e-05
3528200 0.00018773938 8.9588298e-05
3528400 0.00018257551 8.2574388e-05
3528600 0.00017902929 8.0690927e-05
3528800 0.00016700901 8.5533468e-05
3529000 0.00017268093 8.8052861e-05
3529200 0.00018005079 7.0560099e-05
3529400 0.00017384729 7.3370823e-05
3529600 0.00017515898 7.551922e-05
3529800 0.00016735968 7.4269091e-05
3530000 0.0001934397 7.7360145e-05
3530200 0.0001921411 7.8970382e-05
3530400 0.00018091165 8.3903248e-05
3530600 0.0001689014 7.3450105e-05
3530800 0.00019056843 6.875672e-05
3531000 0.00018116852 7.4326674e-05
3531200 0.00017948051 7.6070147e-05
3531400 0.0001733314 8.5708327e-05
3531600 0.0001693529 8.5239995e-05
3531800 0.0001907475 7.0331165e-05
3532000 0.00017782248 8.2093381e-05
3532200 0.00016832728 8.8969311e-05
3532400 0.00017119301 7.6442592e-05
3532600 0.00018059335 7.8625813e-05
3532800 0.00017905758 7.733301e-05
3533000 0.00017550656 7.290284e-05
3533200 0.00017916347 8.4129126e-05
3533400 0.00017489249 8.1652025e-05
3533600 0.00016835942 7.3825023e-05
3533800 0.0001930739 7.3112391e-05
3534000 0.00018529026 7.9053496e-05
3534200 0.00018028125 8.1114388e-05
3534400 0.00017747561 7.3970946e-05
3534600 0.00017125597 8.441292e-05
3534800 0.00017912346 8.684844e-05
3535000 0.00018477318 7.9688379e-05
3535200 0.00016447706 8.7740561e-05
3535400 0.00016333571 7.8700051e-05
3535600 0.00016653239 8.0880684e-05
3535800 0.00017668538 9.0212478e-05
3536000 0.0001715405 0.00010057705
3536200 0.00017404854 7.9905005e-05
3536400 0.0001777025 8.5373824e-05
3536600 0.00017096208 7.2657246e-05
3536800 0.00018248083 6.9982189e-05
3537000 0.00018343286 6.8101009e-05
3537200 0.00017108391 8.5959679e-05
3537400 0.00017844632 7.7842607e-05
3537600 0.00017881161 8.2438807e-05
3537800 0.0001833147 7.2492083e-05
3538000 0.00017499423 7.9916769e-05
3538200 0.00018811601 7.5103869e-05
3538400 0.00017697639 7.9483556e-05
3538600 0.00017334305 8.1234701e-05
3538800 0.00017376106 7.9479038e-05
3539000 0.00017981929 7.7888661e-05
3539200 0.00017546379 8.0401136e-05
3539400 0.00018219339 7.3182893e-05
3539600 0.0001860292 9.00034e-05
3539800 0.00016515337 8.632715e-05
3540000 0.00018034761 7.5451098e-05
3540200 0.00020008436 6.6526231e-05
3540400 0.0001901332 7.0511917e-05
3540600 0.00018298722 8.7643669e-05
3540800 0.00018729286 8.3373344e-05
3541000 0.00017954628 8.0980728e-05
3541200 0.00019003246 8.4772584e-05
3541400 0.00017645461 7.1718154e-05
3541600 0.00018493318 7.0638101e-05
3541800 0.00018462671 8.4164646e-05
3542000 0.00018162685 7.4177369e-05
3542200 0.00017872973 7.0914649e-05
3542400 0.00017424643 7.9064885e-05
3542600 0.00017592627 8.1713922e-05
3542800 0.00019644994 7.7150233e-05
3543000 0.00019061692 7.5148736e-05
3543200 0.00018174528 8.3407302e-05
3543400 0.00019348319 7.8417711e-05
3543600 0.00018354975 8.0684027e-05
3543800 0.00018337742 8.2041602e-05
3544000 0.00017591278 8.2259621e-05
3544200 0.00018234277 8.2730644e-05
3544400 0.00018832637 7.6460294e-05
3544600 0.00018883189 7.5698102e-05
3544800 0.00019186986 6.9972377e-05
3545000 0.00018948572 6.9434599e-05
3545200 0.00018310053 6.4246992e-05
3545400 0.00017313946 7.6720062e-05
3545600 0.00018744333 8.3207631e-05
3545800 0.00016922343 7.6013055e-05
3546000 0.00016948776 7.3892683e-05
3546200 0.00017587096 7.4730261e-05
3546400 0.00016872447 8.2367562e-05
3546600 0.00017642563 8.5745324e-05
3546800 0.00016612394 9.4124115e-05
3547000 0.00016448245 7.3797934e-05
3547200 0.00017084849 8.4724595e-05
3547400 0.00019479628 7.4945049e-05
3547600 0.00017786375 8.0092704e-05
3547800 0.00016572848 9.1269136e-05
3548000 0.00016736329 8.2911428e-05
3548200 0.00016287378 7.5461418e-05
3548400 0.0001750613 7.7453237e-05
3548600 0.00017433706 7.7993709e-05
3548800 0.0001667339 6.6354618e-05
3549000 0.00016373718 7.1713802e-05
3549200 0.00017823288 8.2100522e-05
3549400 0.00017617274 7.3234558e-05
3549600 0.00018286045 6.7815847e-05
3549800 0.00017298589 6.9404368e-05
3550000 0.00016922281 7.85713e-05
3550200 0.00018145874 7.7414871e-05
3550400 0.00017883943 9.1111628e-05
3550600 0.00018396409 7.6724894e-05
3550800 0.00016168676 8.3019118e-05
3551000 0.00017972092 7.9057489e-05
3551200 0.00017205546 7.8137053e-05
3551400 0.00017826188 8.0965291e-05
3551600 0.00018677351 8.3840143e-05
3551800 0.0001794427 8.2592732e-05
3552000 0.00019073829 7.0693542e-05
3552200 0.0001982613 8.097376e-05
3552400 0.00019137192 7.5256367e-05
3552600 0.00018565676 7.7712546e-05
3552800 0.00015706223 6.99011e-05
3553000 0.00016763804 7.8627324e-05
3553200 0.00018861016 7.8085157e-05
3553400 0.00018467525 7.2923142e-05
3553600 0.00017719106 7.2688314e-05
3553800 0.00017412967 8.3029708e-05
3554000 0.00016483406 8.2855689e-05
3554200 0.00018049146 7.0886959e-05
3554400 0.0001841014 8.4535364e-05
3554600 0.0001779168 7.9437319e-05
3554800 0.00016996251 6.7571596e-05
3555000 0.00018866777 6.7200817e-05
3555200 0.00017522978 7.0483725e-05
3555400 0.00017629164 7.1620786e-05
3555600 0.00018082392 5.9405846e-05
3555800 0.00018721384 6.6571827e-05
3556000 0.00017235436 7.4511824e-05
3556200 0.00017726635 7.2818596e-05
3556400 0.00017674151 5.874905e-05
3556600 0.00018722367 8.262212e-05
3556800 0.00018400396 7.3000314e-05
3557000 0.00017517402 7.3850267e-05
3557200 0.00017801089 7.8928761e-05
3557400 0.0001754459 9.1009543e-05
3557600 0.00017386529 7.4879483e-05
3557800 0.00017894011 7.9945928e-05
3558000 0.00017707613 8.205783e-05
3558200 0.00016067956 7.443483e-05
3558400 0.00016593565 7.9413707e-05
3558600 0.00017294607 7.8793184e-05
3558800 0.00017362412 8.549446e-05
3559000 0.0001721978 8.1128211e-05
3559200 0.00017110308 8.2133785e-05
3559400 0.00018033059 8.3603728e-05
3559600 0.00018852236 7.0616666e-05
3559800 0.00018148639 6.3017971e-05
3560000 0.00018814374 7.2363186e-05
3560200 0.00016983747 6.7967878e-05
3560400 0.00018179145 8.238702e-05
3560600 0.00017959957 7.2620447e-05
3560800 0.00018183768 7.8522213e-05
3561000 0.00017614464 7.1528565e-05
3561200 0.00018860161 8.7225028e-05
3561400 0.0001761516 7.8415349e-05
3561600 0.00017101315 7.0808537e-05
3561800 0.00018594248 7.0993126e-05
3562000 0.00017668078 6.6469036e-05
3562200 0.00017832079 7.1767363e-05
3562400 0.00016590355 8.8492893e-05
3562600 0.00016634766 9.359586e-05
3562800 0.00018118861 8.0393202e-05
3563000 0.00019041326 8.1786288e-05
3563200 0.00017599028 7.8982562e-05
3563400 0.00017008467 9.1468255e-05
3563600 0.00017606535 8.2603957e-05
3563800 0.00018555206 7.7163446e-05
3564000 0.00018020311 6.9405314e-05
3564200 0.00018835792 6.8553072e-05
3564400 0.00018578603 7.9409546e-05
3564600 0.00018176866 7.9406758e-05
3564800 0.0001862673 7.8032578e-05
3565000 0.00018369213 7.7107376e-05
3565200 0.00017921471 8.1733278e-05
3565400 0.0001803645 7.3133069e-05
3565600 0.00017830344 7.1323542e-05
3565800 0.00018529039 8.1574889e-05
3566000 0.00017449078 8.1851464e-05
3566200 0.00017380591 7.4552281e-05
3566400 0.0001754712 7.1290528e-05
3566600 0.00018186415 7.7796845e-05
3566800 0.00017999374 7.9595092e-05
3567000 0.00016520268 8.0955071e-05
3567200 0.0001779047 7.5970925e-05
3567400 0.00016349164 8.0244521e-05
3567600 0.0001748204 8.6314859e-05
3567800 0.00018337761 8.0388439e-05
3568000 0.00018978384 8.3842884e-05
3568200 0.00016972763 8.315043e-05
3568400 0.00016646858 7.1384437e-05
3568600 0.00018536713 7.0629403e-05
3568800 0.00018241336 7.6164941e-05
3569000 0.00017221927 7.130369e-05
3569200 0.00017686816 7.8314695e-05
3569400 0.00016510011 8.627027e-05
3569600 0.00016968482 6.831789e-05
3569800 0.00016439654 8.20461e-05
3570000 0.00016404468 9.0790815e-05
3570200 0.00017203591 8.1001935e-05
3570400 0.00017103583 6.9523177e-05
3570600 0.00019085696 7.8509587e-05
3570800 0.00017329059 7.4589758e-05
3571000 0.00017770686 8.0645599e-05
3571200 0.00016474761 7.7899336e-05
3571400 0.00016490281 7.7386675e-05
3571600 0.00017472397 7.8959315e-05
3571800 0.00018616871 7.6676124e-05
3572000 0.00018270446 7.5087109e-05
3572200 0.00016741677 7.6874544e-05
3572400 0.00017553845 6.8017657e-05
3572600 0.00017048089 6.5215168e-05
3572800 0.00017683481 9.0164763e-05
3573000 0.00017245986 6.9113727e-05
3573200 0.00018226634 6.9712941e-05
3573400 0.00015897204 8.4714409e-05
3573600 0.00016683404 7.1916082e-05
3573800 0.00016758152 8.4208808e-05
3574000 0.00017050998 8.1683988e-05
3574200 0.00017364565 7.2372745e-05
3574400 0.00016628545 8.0683938e-05
3574600 0.00016722527 6.705795e-05
3574800 0.00017002901 8.6017087e-05
3575000 0.00017080531 8.5515291e-05
3575200 0.00017626177 8.8619439e-05
3575400 0.00017077776 8.9009909e-05
3575600 0.00017348562 7.7726391e-05
3575800 0.00018030327 6.5584377e-05
3576000 0.00017646852 8.2490932e-05
3576200 0.00018205598 7.1591212e-05
3576400 0.00016937375 8.7174554e-05
3576600 0.00016960321 8.792731e-05
3576800 0.00016669678 7.9379067e-05
3577000 0.00017069089 8.3207177e-05
3577200 0.00017823263 7.4355865e-05
3577400 0.00017618029 7.5792394e-05
3577600 0.00017880743 7.4354422e-05
3577800 0.00018074657 8.3536836e-05
3578000 0.00018660036 6.4276429e-05
3578200 0.000193619 5.869225e-05
3578400 0.00018682672 7.7556096e-05
3578600 0.00018582991 6.5383325e-05
3578800 0.00017330557 7.7407097e-05
3579000 0.00016395517 7.7101138e-05
3579200 0.00017702898 7.7248568e-05
3579400 0.00017671187 6.7487309e-05
3579600 0.00018641638 7.1487321e-05
3579800 0.0001804887 7.2404629e-05
3580000 0.00018663364 7.319207e-05
3580200 0.00017797875 6.5223322e-05
3580400 0.0001758769 7.6405139e-05
3580600 0.00016350493 8.0908647e-05
3580800 0.0001761549 7.5022816e-05
3581000 0.00017383108 7.6911412e-05
3581200 0.00017738137 6.1835659e-05
3581400 0.00017064818 7.2750129e-05
3581600 0.00017938489 7.1883117e-05
3581800 0.00015686666 8.7683587e-05
3582000 0.00017253074 6.9552277e-05
3582200 0.00016403848 8.1036765e-05
3582400 0.00017222055 8.4528279e-05
3582600 0.00017487383 7.5858254e-05
3582800 0.00017024638 6.9695662e-05
3583000 0.0001735554 6.809934e-05
3583200 0.00017367617 7.4077822e-05
3583400 0.00018310307 7.5373277e-05
3583600 0.00017334083 6.3724511e-05
3583800 0.00018358778 5.4085872e-05
3584000 0.00016482245 8.01327e-05
3584200 0.00017839207 6.0507553e-05
3584400 0.00018317539 5.942762e-05
3584600 0.00017754529 7.6235589e-05
3584800 0.00017829953 6.9801812e-05
3585000 0.00018404497 6.7186015e-05
3585200 0.00018524029 6.6478461e-05
3585400 0.00017631075 7.9501821e-05
3585600 0.00017535059 5.9049367e-05
3585800 0.00018157578 7.461087e-05
3586000 0.00018270711 6.6941171e-05
3586200 0.00017383278 7.8111732e-05
3586400 0.00017783874 7.9597868e-05
3586600 0.00018661051 6.7150296e-05
3586800 0.00017930292 6.3764343e-05
3587000 0.00018226556 6.3001143e-05
3587200 0.0001712558 8.0719198e-05
3587400 0.00017950801 7.2678154e-05
3587600 0.00017899872 7.6240535e-05
3587800 0.00017112226 8.0137078e-05
3588000 0.00017818189 8.4864199e-05
3588200 0.00018333149 7.7350077e-05
3588400 0.00017147881 7.5197059e-05
3588600 0.0001727684 6.5897811e-05
3588800 0.00017360425 7.8689908e-05
3589000 0.00017835871 7.3615393e-05
3589200 0.00017303258 7.1280643e-05
3589400 0.00016976356 7.2780816e-05
3589600 0.00018271466 6.7873817e-05
3589800 0.00019347612 6.1667863e-05
3590000 0.00017845598 7.305281e-05
3590200 0.00017169336 7.3394545e-05
3590400 0.00017948468 6.9218683e-05
3590600 0.00017291676 6.4737095e-05
3590800 0.00018745714 6.1070949e-05
3591000 0.00018467474 6.4082564e-05
3591200 0.00018293145 6.8001309e-05
3591400 0.00018287449 7.3628147e-05
3591600 0.00017862175 7.4600543e-05
3591800 0.00017644234 7.5762877e-05
3592000 0.0001744194 7.3699858e-05
3592200 0.00018275693 7.2578921e-05
3592400 0.00018449194 7.768547e-05
3592600 0.00018711565 8.1802137e-05
3592800 0.00018148668 7.7379597e-05
3593000 0.00016630313 6.8826983e-05
3593200 0.00018660539 7.6534896e-05
3593400 0.00018496885 6.8286479e-05
3593600 0.00016991281 8.1775361e-05
3593800 0.00017199272 8.0850303e-05
3594000 0.00017257898 7.2014391e-05
3594200 0.00018817571 6.4684359e-05
3594400 0.00018238206 6.3404939e-05
3594600 0.0001936248 5.5085473e-05
3594800 0.00018063598 6.6272454e-05
3595000 0.00018713067 7.3934422e-05
3595200 0.00018352111 6.6486536e-05
3595400 0.00018034958 7.2232449e-05
3595600 0.00018396762 7.6051589e-05
3595800 0.00018482392 7.7917572e-05
3596000 0.00018764557 6.801967e-05
3596200 0.00018394407 6.5869689e-05
3596400 0.00018017411 6.9190857e-05
3596600 0.00018230357 7.6363576e-05
3596800 0.00018483691 7.9864765e-05
3597000 0.00019231385 7.2671594e-05
3597200 0.00019591893 7.7588967e-05
3597400 0.00019051307 7.138569e-05
3597600 0.00019245154 7.0007223e-05
3597800 0.00018663779 7.3613808e-05
3598000 0.00018651304 7.0810346e-05
3598200 0.0001972347 7.3463862e-05
3598400 0.0001896548 7.7810847e-05
3598600 0.00018790276 7.359275e-05
3598800 0.00018130791 8.1147634e-05
3599000 0.00018168559 7.3116391e-05
3599200 0.00018829779 8.0465675e-05
3599400 0.00018595596 8.2067264e-05
3599600 0.00018427096 7.5254095e-05
3599800 0.00018439771 6.6403378e-05
3600000 0.00018580168 6.7345981e-05
3600200 0.00019849323 7.2103707e-05
3600400 0.00018253217 7.7073247e-05
3600600 0.00018260557 7.3390183e-05
3600800 0.00019609419 6.8176072e-05
3601000 0.00019454372 6.9549461e-05
3601200 0.00019818276 6.7069366e-05
3601400 0.00019141794 6.9125253e-05
3601600 0.00019239253 7.5837913e-05
3601800 0.00019173942 7.1137057e-05
3602000 0.00017412415 6.6325369e-05
3602200 0.00017763349 8.1643543e-05
3602400 0.00018537762 6.8416514e-05
3602600 0.00019481934 6.7610917e-05
3602800 0.000196345 5.8062308e-05
3603000 0.00018597639 5.5282597e-05
3603200 0.00017837812 7.0628803e-05
3603400 0.00017969518 8.1017059e-05
3603600 0.0001869665 7.0773456e-05
3603800 0.0001935137 7.6714559e-05
3604000 0.00017248723 7.7221134e-05
3604200 0.00019228237 6.513468e-05
3604400 0.00018503868 7.180153e-05
3604600 0.00017681861 6.8137807e-05
3604800 0.00017590209 6.8666353e-05
3605000 0.00017384466 6.9677429e-05
3605200 0.00020038256 6.4305229e-05
3605400 0.00018822774 7.5001744e-05
3605600 0.00018110801 7.1301282e-05
3605800 0.00019259677 6.9263174e-05
3606000 0.00019246346 5.9461467e-05
3606200 0.00018989501 8.0250687e-05
3606400 0.00017563161 6.6821933e-05
3606600 0.00018253298 6.7396503e-05
3606800 0.00017767916 6.1508825e-05
3607000 0.00018956946 6.7296643e-05
3607200 0.00020343468 6.7242863e-05
3607400 0.00018978747 7.6527293e-05
3607600 0.00018876256 7.456143e-05
3607800 0.00017519167 7.3756656e-05
3608000 0.00017884826 7.3199606e-05
3608200 0.00016908239 7.7815131e-05
3608400 0.00017539489 7.0810705e-05
3608600 0.00017758171 6.5359589e-05
3608800 0.00017025342 7.1564553e-05
3609000 0.00017395019 7.4387946e-05
3609200 0.00018472747 7.4343287e-05
3609400 0.00017246481 7.8999055e-05
3609600 0.00018542154 8.2126656e-05
3609800 0.00017752868 7.4264318e-05
3610000 0.00018874778 8.2971217e-05
3610200 0.00016320253 7.2325478e-05
3610400 0.00016383041 7.6893193e-05
3610600 0.0001758804 7.4486532e-05
3610800 0.00017709481 6.4102785e-05
3611000 0.00017856344 7.4634646e-05
3611200 0.00018423099 6.4946987e-05
3611400 0.00018623474 6.7830358e-05
3611600 0.0001840943 7.2752826e-05
3611800 0.00017851702 8.2220368e-05
3612000 0.00017831554 7.8426596e-05
3612200 0.00017697484 6.699953e-05
3612400 0.00017184723 7.3367242e-05
3612600 0.00017914721 7.0073588e-05
3612800 0.00017364393 7.1748335e-05
3613000 0.0001731887 7.2426236e-05
3613200 0.00017751173 6.7691253e-05
3613400 0.00019065958 7.8565791e-05
3613600 0.00018104266 8.5479956e-05
3613800 0.00017959549 7.5462606e-05
3614000 0.00017075917 8.1759242e-05
3614200 0.00017577421 7.207479e-05
3614400 0.0001706422 7.9579676e-05
3614600 0.00017476878 7.3074885e-05
3614800 0.00016345621 7.4865746e-05
3615000 0.00017860307 9.0820441e-05
3615200 0.0001783563 7.0224135e-05
3615400 0.00017077746 8.0020982e-05
3615600 0.00017592463 7.8320031e-05
3615800 0.00019436248 7.6189667e-05
3616000 0.00018439954 7.6694709e-05
3616200 0.00017488448 7.518111e-05
3616400 0.00018317098 7.5512507e-05
3616600 0.00017381287 8.5197516e-05
3616800 0.00016992958 8.7130521e-05
3617000 0.00016905537 7.9960223e-05
3617200 0.00016575149 8.6303286e-05
3617400 0.00016493309 8.9717347e-05
3617600 0.00018054744 8.4874725e-05
3617800 0.00018737159 7.78906e-05
3618000 0.00017928635 7.4630196e-05
3618200 0.00015992487 7.9275554e-05
3618400 0.00017016616 6.6564739e-05
3618600 0.00018587448 7.465137e-05
3618800 0.00018147148 7.7393539e-05
3619000 0.00018629863 7.3854448e-05
3619200 0.00019683158 6.6228838e-05
3619400 0.00019007443 6.7128091e-05
3619600 0.00018125499 7.2494737e-05
3619800 0.00018216071 8.0987182e-05
3620000 0.00019078461 7.3218696e-05
3620200 0.00018690366 6.6019849e-05
3620400 0.00018304664 7.169492e-05
3620600 0.00016601518 7.1128444e-05
3620800 0.00017288344 8.1275564e-05
3621000 0.00018441792 7.34193e-05
3621200 0.00018813352 6.8197399e-05
3621400 0.00018171891 6.4003232e-05
3621600 0.00017773027 7.194443e-05
3621800 0.00019481777 6.2301804e-05
3622000 0.00017738569 6.5702084e-05
3622200 0.00018533482 7.3937498e-05
3622400 0.00017590031 8.1374881e-05
3622600 0.00019803498 6.9113135e-05
3622800 0.00019015675 6.057674e-05
3623000 0.00018650245 6.582745e-05
3623200 0.00019933442 6.0419261e-05
3623400 0.00018484052 6.4792556e-05
3623600 0.00018478984 6.4901593e-05
3623800 0.00019397352 6.1846838e-05
3624000 0.00019320886 7.0821346e-05
3624200 0.0001907861 6.9882563e-05
3624400 0.00018490615 6.6522446e-05
3624600 0.00017882356 7.5472279e-05
3624800 0.00018262706 6.8985391e-05
3625000 0.00018258497 7.6262225e-05
3625200 0.00019637339 6.9376151e-05
3625400 0.00017818576 7.0454184e-05
3625600 0.00017611866 7.3051591e-05
3625800 0.00019150003 6.8343404e-05
3626000 0.00018854812 6.1792138e-05
3626200 0.00019972592 7.1985062e-05
3626400 0.00020060821 6.3556761e-05
3626600 0.00019765135 6.0552528e-05
3626800 0.00019888188 6.2318323e-05
3627000 0.00018869269 5.8487895e-05
3627200 0.00019227802 6.0057686e-05
3627400 0.00019140984 5.5587245e-05
3627600 0.00019359485 6.7455331e-05
3627800 0.00019225204 6.9360072e-05
3628000 0.00018431656 5.6576602e-05
3628200 0.00018537606 6.8948768e-05
3628400 0.00017743717 6.7080249e-05
3628600 0.00019256072 5.7043965e-05
3628800 0.00019323306 7.1435406e-05
3629000 0.00020442823 6.6710415e-05
3629200 0.00019210828 6.3918595e-05
3629400 0.00018936885 6.4874448e-05
3629600 0.00018839875 6.5867704e-05
3629800 0.00017894666 6.9502587e-05
3630000 0.00018431494 6.9343985e-05
3630200 0.0001838215 6.3877832e-05
3630400 0.0001954085 6.8830872e-05
3630600 0.00018130809 7.5018867e-05
3630800 0.00018973806 7.0873959e-05
3631000 0.00018310442 6.9247229e-05
3631200 0.0001857604 6.4140524e-05
3631400 0.00018168327 6.8193846e-05
3631600 0.00018059779 7.364735e-05
3631800 0.0002019578 6.6065872e-05
3632000 0.00018998692 5.4687792e-05
3632200 0.00018189756 7.8501269e-05
3632400 0.00016946233 7.4506488e-05
3632600 0.0001793881 6.5549582e-05
3632800 0.00019047708 6.9793613e-05
3633000 0.00017288445 7.3196523e-05
3633200 0.00016319972 8.7555216e-05
3633400 0.00018098705 6.4644986e-05
3633600 0.00019307147 5.6239967e-05
3633800 0.00019076746 6.7100498e-05
3634000 0.00018907102 6.2382139e-05
3634200 0.00017938089 7.7457428e-05
3634400 0.00019748836 5.8907732e-05
3634600 0.00019149415 6.3426851e-05
3634800 0.00019654252 5.2299823e-05
3635000 0.00020181262 5.9071707e-05
3635200 0.00018871184 5.548413e-05
3635400 0.00019456034 6.2313073e-05
3635600 0.00019141786 5.9603954e-05
3635800 0.00018989331 6.454081e-05
3636000 0.00019134101 6.1802458e-05
3636200 0.00019018354 5.581349e-05
3636400 0.00018139636 6.3674593e-05
3636600 0.00019065419 5.5565799e-05
3636800 0.00018280942 6.3054894e-05
3637000 0.00018429825 5.3419076e-05
3637200 0.00018988585 5.7892904e-05
3637400 0.00018646697 5.92382e-05
3637600 0.00019432098 6.3971422e-05
3637800 0.00019396313 6.158926e-05
3638000 0.00020095699 6.1981254e-05
3638200 0.000180439 6.3853409e-05
3638400 0.00018550844 5.5527144e-05
3638600 0.00019473809 5.4501375e-05
3638800 0.00019466159 6.6916152e-05
3639000 0.00019006027 5.2490945e-05
3639200 0.00018158438 6.1226007e-05
3639400 0.00017910664 6.2007467e-05
3639600 0.00018267449 6.2518402e-05
3639800 0.00018643327 6.4095238e-05
3640000 0.00018764687 6.4424704e-05
3640200 0.00018748459 7.1652884e-05
3640400 0.00018080547 6.7054259e-05
3640600 0.00019244031 6.0978582e-05
3640800 0.00019942748 5.7604967e-05
3641000 0.00018559072 5.9576303e-05
3641200 0.00017548593 6.7581377e-05
3641400 0.00018652515 5.2790902e-05
3641600 0.00017522826 6.1473168e-05
3641800 0.00019413722 5.432698e-05
3642000 0.00018027853 5.6643945e-05
3642200 0.00018778929 4.8372917e-05
3642400 0.00017617822 6.5413463e-05
3642600 0.00018265188 6.3482858e-05
3642800 0.0001925751 7.0601671e-05
3643000 0.00018494827 6.1838441e-05
3643200 0.00019340458 5.5297865e-05
3643400 0.00018097311 6.6572824e-05
3643600 0.00017778816 5.9639381e-05
3643800 0.00018133388 6.3211439e-05
3644000 0.00018873282 6.3802837e-05
3644200 0.00018673595 6.3292253e-05
3644400 0.00018251906 6.4585542e-05
3644600 0.00018226212 5.8529574e-05
3644800 0.00016929078 5.9298841e-05
3645000 0.00017887317 6.2087053e-05
3645200 0.00018871246 6.7608027e-05
3645400 0.00019177403 6.4266861e-05
3645600 0.00019326143 6.0669819e-05
3645800 0.00017842289 5.5721224e-05
3646000 0.00018394124 5.7753408e-05
3646200 0.00018803521 5.9022256e-05
3646400 0.00018865274 5.1479963e-05
3646600 0.0001891182 6.8655625e-05
3646800 0.00019408609 5.7485899e-05
3647000 0.00018050394 6.5284321e-05
3647200 0.00018041896 5.4370864e-05
3647400 0.0001730842 6.5456109e-05
3647600 0.00016112396 6.5097707e-05
3647800 0.00017940302 6.2828379e-05
3648000 0.00017898552 6.7408087e-05
3648200 0.00016588026 6.8129004e-05
3648400 0.00017690332 6.2872143e-05
3648600 0.00018623939 6.4723496e-05
3648800 0.00018827288 5.9603103e-05
3649000 0.00017542356 6.7612295e-05
3649200 0.00018483549 4.3917145e-05
3649400 0.00018745858 5.618758e-05
3649600 0.00018479243 5.8585487e-05
3649800 0.000175328 6.0875156e-05
3650000 0.00017395247 5.7749186e-05
3650200 0.0001841857 6.8512496e-05
3650400 0.00018052594 6.8773965e-05
3650600 0.0001877022 5.766039e-05
3650800 0.00017284374 7.0302674e-05
3651000 0.00018005868 5.5139111e-05
3651200 0.00018190674 5.8297009e-05
3651400 0.00018415796 5.7212122e-05
3651600 0.0001769171 6.1347537e-05
3651800 0.00019927891 5.9207769e-05
3652000 0.00019771754 5.4013193e-05
3652200 0.00019428764 5.8882549e-05
3652400 0.00019524672 6.2975755e-05
3652600 0.00018740827 6.2377714e-05
3652800 0.00018847267 6.9614622e-05
3653000 0.00018368148 6.2063049e-05
3653200 0.00018870494 6.6773009e-05
3653400 0.00018790264 6.8343425e-05
3653600 0.00018525806 5.9846765e-05
3653800 0.00017065619 5.8062414e-05
3654000 0.00016972309 5.8244347e-05
3654200 0.00017859484 6.5049903e-05
3654400 0.00017934399 7.5230479e-05
3654600 0.00017697429 5.974058e-05
3654800 0.00017927378 6.2128128e-05
3655000 0.00019655061 5.0891529e-05
3655200 0.00018040577 6.0703186e-05
3655400 0.00018549252 7.4509877e-05
3655600 0.00017991704 6.0313728e-05
3655800 0.00017929088 6.26459e-05
3656000 0.00017199082 5.9079323e-05
3656200 0.00017614767 6.9849924e-05
3656400 0.00017988538 5.0043448e-05
3656600 0.00017592997 5.524415e-05
3656800 0.00017226652 6.3444971e-05
3657000 0.0001800755 5.8580425e-05
3657200 0.00018774102 5.0138102e-05
3657400 0.00017181235 5.6368328e-05
3657600 0.00018204817 5.7426828e-05
3657800 0.00017522791 6.3246403e-05
3658000 0.00018968024 6.1135378e-05
3658200 0.00018599426 5.451881e-05
3658400 0.00017994861 6.5603604e-05
3658600 0.00019363752 5.8940755e-05
3658800 0.0001802094 6.4979915e-05
3659000 0.00017560003 6.4930683e-05
3659200 0.00017935501 6.7258658e-05
3659400 0.0001887467 6.4157753e-05
3659600 0.0001918123 5.0153078e-05
3659800 0.00017687854 6.5717481e-05
3660000 0.00019200701 5.8056502e-05
3660200 0.00018712992 6.0437235e-05
3660400 0.00017190544 5.2383384e-05
3660600 0.00019085286 6.1223258e-05
3660800 0.00017606628 6.5077017e-05
3661000 0.00017125367 6.0205358e-05
3661200 0.00017493357 5.5861303e-05
3661400 0.00018924778 4.7912462e-05
3661600 0.00018258698 6.2987842e-05
3661800 0.00018458533 5.0901092e-05
3662000 0.00019315845 5.7245971e-05
3662200 0.00020242365 3.3679871e-05
3662400 0.00019747756 5.3359127e-05
3662600 0.00018036413 6.1113391e-05
3662800 0.00017863083 5.2790417e-05
3663000 0.00019317198 5.4034774e-05
3663200 0.00018921258 5.6503907e-05
3663400 0.00019025575 5.0709453e-05
3663600 0.00018735545 5.6179284e-05
3663800 0.00016995041 6.4629275e-05
3664000 0.00018458547 5.9394974e-05
3664200 0.00017027548 6.397456e-05
3664400 0.00018214831 5.2835669e-05
3664600 0.0001855654 6.090913e-05
3664800 0.00018427438 5.7370228e-05
3665000 0.00019936432 4.8946447e-05
3665200 0.0001872902 5.6663303e-05
3665400 0.00018286821 6.2059773e-05
3665600 0.00018525122 5.5977451e-05
3665800 0.00019337262 5.7220538e-05
3666000 0.00018500127 5.5866327e-05
3666200 0.00017794796 6.0107676e-05
3666400 0.00018939427 4.284233e-05
3666600 0.00018545323 5.0708092e-05
3666800 0.0001817126 6.0380114e-05
3667000 0.00018804798 4.8200574e-05
3667200 0.00019075719 5.4786417e-05
3667400 0.00018992262 5.5590536e-05
3667600 0.00018870602 4.9499034e-05
3667800 0.00016992616 5.755912e-05
3668000 0.00018367938 5.5506118e-05
3668200 0.0001761822 5.3189216e-05
3668400 0.00018511132 6.6146322e-05
3668600 0.00017681259 6.4601217e-05
3668800 0.00016901461 6.550084e-05
3669000 0.00016893973 5.9471478e-05
3669200 0.00016755003 5.384163e-05
3669400 0.00018063723 5.2124409e-05
3669600 0.00018429638 5.2616723e-05
3669800 0.00018116047 5.9294445e-05
3670000 0.00018931344 5.1976418e-05
3670200 0.00018921092 5.3511694e-05
3670400 0.00018159504 5.5705899e-05
3670600 0.00019833593 5.5394249e-05
3670800 0.0001813479 6.5348091e-05
3671000 0.00018581311 6.1969861e-05
3671200 0.00017702441 6.6000585e-05
3671400 0.00019400332 5.7361861e-05
3671600 0.00018646635 6.5915412e-05
3671800 0.00018192517 5.5676969e-05
3672000 0.00018470444 5.5446186e-05
3672200 0.00018321329 5.5632207e-05
3672400 0.00017194664 6.1900757e-05
3672600 0.00017883028 5.4771104e-05
3672800 0.00018106601 5.6972194e-05
3673000 0.00019282169 5.3289113e-05
3673200 0.00019231964 6.1336105e-05
3673400 0.00018201003 5.2815787e-05
3673600 0.00019184644 4.9957419e-05
3673800 0.00018483632 6.0359559e-05
3674000 0.0001976904 4.5787642e-05
3674200 0.00018387981 5.7127613e-05
3674400 0.00018317156 6.252087e-05
3674600 0.00018255354 6.0340907e-05
3674800 0.00017735822 6.2075471e-05
3675000 0.00019256387 5.0529059e-05
3675200 0.00018766373 4.9879396e-05
3675400 0.00018895075 5.2748002e-05
3675600 0.0001916351 5.1948935e-05
3675800 0.0001797508 5.7841087e-05
3676000 0.00018200157 5.4458555e-05
3676200 0.00018241942 5.4376259e-05
3676400 0.00018495472 5.2447453e-05
3676600 0.00019631536 5.3801413e-05
3676800 0.00018539619 5.3195384e-05
3677000 0.00018822404 5.3245238e-05
3677200 0.00019518343 5.1770439e-05
3677400 0.00018593606 4.8068309e-05
3677600 0.00019000996 5.7562455e-05
3677800 0.00017620257 6.3833283e-05
3678000 0.00018836651 5.1011797e-05
3678200 0.00018817499 4.4649791e-05
3678400 0.00018129006 6.3070064e-05
3678600 0.00019202902 6.3175627e-05
3678800 0.00019809894 4.8807848e-05
3679000 0.00018965994 6.7603074e-05
3679200 0.00018898894 5.9101458e-05
3679400 0.00019269904 5.7067061e-05
3679600 0.00017661521 6.5924987e-05
3679800 0.00020514326 5.0592047e-05
3680000 0.00019757449 5.2031721e-05
3680200 0.00019965463 4.9144987e-05
3680400 0.00019376075 3.7651291e-05
3680600 0.00018432256 4.9565287e-05
3680800 0.00018638166 5.5973935e-05
3681000 0.0001854003 5.1136619e-05
3681200 0.00018855711 5.5076477e-05
3681400 0.00018138949 4.8007407e-05
3681600 0.00018501158 5.4574571e-05
3681800 0.00017736168 5.5882038e-05
3682000 0.0001920877 5.1168431e-05
3682200 0.0001872946 5.609382e-05
3682400 0.00019016742 3.9059844e-05
3682600 0.00018596608 5.9742525e-05
3682800 0.00018952392 5.7542514e-05
3683000 0.00017602799 4.9925234e-05
3683200 0.00018654218 5.3540857e-05
3683400 0.00019163008 5.6835668e-05
3683600 0.00017787567 6.2007204e-05
3683800 0.00020175856 4.691604e-05
3684000 0.00019056548 5.3901534e-05
3684200 0.00017437044 5.2159534e-05
3684400 0.00018783611 4.9317949e-05
3684600 0.00018581509 5.6980604e-05
3684800 0.00018091042 5.3672479e-05
3685000 0.0001826278 5.7219515e-05
3685200 0.00019742081 5.5090322e-05
3685400 0.00018229391 4.7326613e-05
3685600 0.00019301258 4.8088754e-05
3685800 0.00019803263 4.726215e-05
3686000 0.00017981851 6.0747397e-05
3686200 0.00019171839 5.9871244e-05
3686400 0.00018500172 5.8025118e-05
3686600 0.00019130113 5.7108021e-05
3686800 0.00018300369 4.7938333e-05
3687000 0.00019589496 3.7200288e-05
3687200 0.00019176035 5.4451378e-05
3687400 0.0001827419 5.3967207e-05
3687600 0.00018380224 5.2357085e-05
3687800 0.00018213742 6.2425347e-05
3688000 0.00019517375 4.6949829e-05
3688200 0.00019606939 5.2448917e-05
3688400 0.00019513979 4.7912477e-05
3688600 0.0002014789 5.1688474e-05
3688800 0.00019638426 4.8561129e-05
3689000 0.00020400896 4.503471e-05
3689200 0.00020142968 5.0276539e-05
3689400 0.00019511016 5.8285057e-05
3689600 0.00018794577 4.3396735e-05
3689800 0.00019344892 4.8671155e-05
3690000 0.00018977134 5.5524576e-05
3690200 0.00019071109 5.2881769e-05
3690400 0.00018986978 5.7178234e-05
3690600 0.0002039023 5.4213628e-05
3690800 0.00019852321 5.7960248e-05
3691000 0.00019331148 5.3711725e-05
3691200 0.00019955526 4.3924739e-05
3691400 0.00020785501 5.0464136e-05
3691600 0.00020613994 4.9669758e-05
3691800 0.00020333352 4.6897037e-05
3692000 0.00019028754 5.2779944e-05
3692200 0.00019926712 3.4502856e-05
3692400 0.00020196894 3.7871766e-05
3692600 0.00020124581 5.009919e-05
3692800 0.00018594349 4.7271012e-05
3693000 0.00020553898 4.550721e-05
3693200 0.00019861854 5.4371464e-05
3693400 0.0001908051 4.1761007e-05
3693600 0.0001953508 4.9639407e-05
3693800 0.00019653772 5.4505039e-05
3694000 0.0001960471 4.9095854e-05
3694200 0.00019619771 5.4305596e-05
3694400 0.00020464354 5.7565531e-05
3694600 0.00020513323 3.5977701e-05
3694800 0.00019225458 4.1274827e-05
3695000 0.00020375882 5.1958907e-05
3695200 0.00019435581 5.4031955e-05
3695400 0.00019562194 5.1576816e-05
3695600 0.00019509542 5.1287447e-05
3695800 0.00019897251 4.5515339e-05
3696000 0.00019160134 5.4939217e-05
3696200 0.00017925862 4.0966908e-05
3696400 0.00020749138 4.9560047e-05
3696600 0.00019734942 4.5944307e-05
3696800 0.00020209358 4.7535324e-05
3697000 0.00020571 5.2257269e-05
3697200 0.00020861274 3.4578332e-05
3697400 0.00019998179 4.243907e-05
3697600 0.000215478 4.0886474e-05
3697800 0.00020847384 3.7253139e-05
3698000 0.00020526232 5.2308149e-05
3698200 0.0002106344 4.5920677e-05
3698400 0.00019902635 5.1930468e-05
3698600 0.00020538047 5.3475476e-05
3698800 0.00019408891 4.6544395e-05
3699000 0.00020205929 5.1037639e-05
3699200 0.00019772293 4.7680352e-05
3699400 0.00019960741 4.1662177e-05
3699600 0.00020135367 5.4166775e-05
3699800 0.00019736392 3.7438066e-05
3700000 0.0001981206 3.3745476e-05
3700200 0.00020438635 4.3648002e-05
3700400 0.00020325713 4.8452773e-05
3700600 0.00019830306 4.8862787e-05
3700800 0.00020094522 4.3593775e-05
3701000 0.00019551066 3.902755e-05
3701200 0.00019476399 5.2681044e-05
3701400 0.0002030861 5.0891817e-05
3701600 0.00020626507 4.7525006e-05
3701800 0.00020546841 4.3702974e-05
3702000 0.00019409081 4.4154584e-05
3702200 0.00020564305 4.324727e-05
3702400 0.00021190997 4.4033017e-05
3702600 0.00019825502 4.4997944e-05
3702800 0.0002071506 4.6817765e-05
3703000 0.0002027194 4.4004714e-05
3703200 0.00021405108 3.8355687e-05
3703400 0.00018888886 5.0125469e-05
3703600 0.00019925553 5.0404454e-05
3703800 0.00018592192 5.5291502e-05
3704000 0.00019274472 5.411455e-05
3704200 0.00018944559 5.9575301e-05
3704400 0.00020287284 4.5124448e-05
3704600 0.00020609553 4.4349227e-05
3704800 0.0002026551 5.2569988e-05
3705000 0.00020137305 3.8592987e-05
3705200 0.00020138274 4.6644563e-05
3705400 0.00019383611 5.620834e-05
3705600 0.00020642021 4.4415184e-05
3705800 0.00020030206 3.6540568e-05
3706000 0.00019500477 4.3335149e-05
3706200 0.00020386693 4.7238347e-05
3706400 0.00020901053 5.0875975e-05
3706600 0.00020606015 4.4005083e-05
3706800 0.000201139 4.4996765e-05
3707000 0.00020203546 4.6555724e-05
3707200 0.00021029609 3.3702069e-05
3707400 0.00021391512 4.1860686e-05
3707600 0.00020160758 3.113311e-05
3707800 0.00019605979 5.5705223e-05
3708000 0.00019725142 4.2508144e-05
3708200 0.00021071642 3.4222555e-05
3708400 0.00021553632 4.798759e-05
3708600 0.00020005304 4.5966267e-05
3708800 0.00020357698 4.4069121e-05
3709000 0.00019806147 4.0781549e-05
3709200 0.00019701871 4.5703042e-05
3709400 0.00021235895 3.7714186e-05
3709600 0.00020570317 5.526953e-05
3709800 0.00020205476 4.3682257e-05
3710000 0.0002082468 3.9353952e-05
3710200 0.00020329735 4.3236915e-05
3710400 0.0001989648 4.4631256e-05
3710600 0.00019875683 4.3046602e-05
3710800 0.00020924717 3.847996e-05
3711000 0.00020227535 3.9382479e-05
3711200 0.00020375905 4.9394952e-05
3711400 0.00018960794 6.1278367e-05
3711600 0.00020635648 4.7718457e-05
3711800 0.00020191407 4.1452435e-05
3712000 0.00019506193 4.6676448e-05
3712200 0.00020646689 4.6244546e-05
3712400 0.00019932709 4.73872e-05
3712600 0.00020018471 3.6688772e-05
3712800 0.00021817058 2.8742416e-05
3713000 0.00020825111 4.9018689e-05
3713200 0.0002014342 3.8697724e-05
3713400 0.00020662127 3.698831e-05
3713600 0.00020370804 4.0820882e-05
3713800 0.00020133605 4.3663066e-05
3714000 0.00021411213 4.4185049e-05
3714200 0.00020867159 4.5247772e-05
3714400 0.00020118327 4.3375268e-05
3714600 0.00020884775 4.0477205e-05
3714800 0.00020713361 5.448784e-05
3715000 0.00020678822 3.4817017e-05
3715200 0.00019917477 3.5571587e-05
3715400 0.00020035281 4.2407855e-05
3715600 0.00020846436 3.8857103e-05
3715800 0.0002022107 4.6737457e-05
3716000 0.00019372864 4.9125235e-05
3716200 0.00019961219 4.1239348e-05
3716400 0.00020654088 3.6300078e-05
3716600 0.00021237315 3.6713146e-05
3716800 0.00019376023 4.3366435e-05
3717000 0.00019561499 5.2346504e-05
3717200 0.00019920983 4.380681e-05
3717400 0.00020139231 4.8880476e-05
3717600 0.00020362942 4.5400617e-05
3717800 0.0001834479 5.4560239e-05
3718000 0.00018402657 4.9248681e-05
3718200 0.00019012774 4.334908e-05
3718400 0.00019051868 4.405522e-05
3718600 0.00020222071 4.2788675e-05
3718800 0.00021947788 3.370334e-05
3719000 0.00021285169 3.7519576e-05
3719200 0.00020881216 3.3639852e-05
3719400 0.00019776888 4.1657408e-05
3719600 0.00020197582 4.2159851e-05
3719800 0.00019177976 4.6107816e-05
3720000 0.00021330405 3.9039188e-05
3720200 0.00019737902 4.5503691e-05
3720400 0.00020241067 3.5753256e-05
3720600 0.00019353928 4.2991838e-05
3720800 0.00020070331 4.2235349e-05
3721000 0.00018914924 4.7490915e-05
3721200 0.0001970315 3.0867985e-05
3721400 0.00020009243 3.6393448e-05
3721600 0.00019878852 4.583627e-05
3721800 0.00018783879 4.9865221e-05
3722000 0.00020347812 4.2940291e-05
3722200 0.00020190025 3.7397921e-05
3722400 0.00019792091 5.4215255e-05
3722600 0.00018607467 5.114463e-05
3722800 0.00020473591 4.7061977e-05
3723000 0.00020354418 5.1235692e-05
3723200 0.00020806797 3.5634401e-05
3723400 0.00020389358 4.3233094e-05
3723600 0.00019547552 5.4884863e-05
3723800 0.00018527899 4.8297346e-05
3724000 0.00019309013 4.1260937e-05
3724200 0.00019182871 4.1106953e-05
3724400 0.00018998663 5.7201216e-05
3724600 0.00019353463 5.0672389e-05
3724800 0.00020203164 4.3787126e-05
3725000 0.00019846787 3.06082e-05
3725200 0.00019540444 4.7221086e-05
3725400 0.0002081404 4.1850161e-05
3725600 0.00020726239 4.8787448e-05
3725800 0.00020602731 3.8379756e-05
3726000 0.00020986682 3.9478242e-05
3726200 0.0002070405 4.2601544e-05
3726400 0.0002064025 4.168499e-05
3726600 0.00020371027 4.6986944e-05
3726800 0.00020010325 3.9105902e-05
3727000 0.00020106113 3.7775407e-05
3727200 0.00020179064 5.35981e-05
3727400 0.0002045069 4.8855785e-05
3727600 0.00020128086 4.5935211e-05
3727800 0.00020244271 4.8163265e-05
3728000 0.00020591393 3.495894e-05
3728200 0.00020002631 3.0203307e-05
3728400 0.00020479038 3.5008402e-05
3728600 0.00021035959 3.1163759e-05
3728800 0.00020389695 3.3375269e-05
3729000 0.00020383334 3.3042565e-05
3729200 0.00020897098 4.3979764e-05
3729400 0.00019995783 4.3686497e-05
3729600 0.00021004728 3.1981865e-05
3729800 0.00019496727 4.0962278e-05
3730000 0.00020633145 4.4645831e-05
3730200 0.00020666681 4.4312127e-05
3730400 0.00020309032 2.9757313e-05
3730600 0.0001907362 4.7210677e-05
3730800 0.00019157966 4.4823696e-05
3731000 0.00021017294 3.525345e-05
3731200 0.00021039792 3.7746674e-05
3731400 0.00020673446 3.0846438e-05
3731600 0.00021379632 3.5111286e-05
3731800 0.00020568388 4.1111944e-05
3732000 0.00020758474 4.211501e-05
3732200 0.0002056978 4.2490674e-05
3732400 0.00020597005 4.439441e-05
3732600 0.00019958108 4.5233911e-05
3732800 0.00019202866 4.3035987e-05
3733000 0.00020442367 4.397471e-05
3733200 0.0002041355 4.3661757e-05
3733400 0.00020455125 4.2367459e-05
3733600 0.00020040795 2.6763058e-05
3733800 0.00019778147 3.4832845e-05
3734000 0.0002087226 2.9472911e-05
3734200 0.00019222377 4.1999485e-05
3734400 0.00020345606 4.1949096e-05
3734600 0.00020316024 4.3701686e-05
3734800 0.0002000002 3.5980318e-05
3735000 0.00020477361 3.7164377e-05
3735200 0.00019788968 2.5699305e-05
3735400 0.00021119134 2.1201647e-05
3735600 0.00020517777 3.1067079e-05
3735800 0.00018930218 5.5882787e-05
3736000 0.0002071612 4.0300994e-05
3736200 0.00019569628 4.1122584e-05
3736400 0.00019090712 4.7516271e-05
3736600 0.00020112631 3.9601399e-05
3736800 0.00020685193 4.7397057e-05
3737000 0.00021292946 3.7132514e-05
3737200 0.00021461965 3.2749043e-05
3737400 0.00020454079 3.8744196e-05
3737600 0.00020038366 2.3718784e-05
3737800 0.00019897524 2.8878326e-05
3738000 0.00018620685 3.9458733e-05
3738200 0.00021271944 3.2490132e-05
3738400 0.00020338374 3.1152887e-05
3738600 0.00019422905 4.2934412e-05
3738800 0.00020200137 3.399815e-05
3739000 0.00020014758 2.9112551e-05
3739200 0.00020061363 3.5434454e-05
3739400 0.00020767408 3.3632565e-05
3739600 0.0002013576 4.2765047e-05
3739800 0.00020554748 4.6658786e-05
3740000 0.00020643028 4.9076393e-05
3740200 0.00021169386 3.4646301e-05
3740400 0.0002005311 2.8301353e-05
3740600 0.00019823999 3.2621511e-05
3740800 0.00019410265 4.5265727e-05
3741000 0.00020838473 3.5189808e-05
3741200 0.00020563123 3.3420624e-05
3741400 0.00020093777 3.3711727e-05
3741600 0.00021167832 3.3224303e-05
3741800 0.00020558362 3.3492434e-05
3742000 0.00020130991 3.2374178e-05
3742200 0.00021049324 2.2260692e-05
3742400 0.00019779872 3.0105721e-05
3742600 0.00019555975 3.9619815e-05
3742800 0.00020093838 3.8311499e-05
3743000 0.00020784994 4.4192485e-05
3743200 0.00019713044 3.4478114e-05
3743400 0.00019445044 4.0074792e-05
3743600 0.00019093568 4.8894004e-05
3743800 0.00020274305 3.4972581e-05
3744000 0.00018392825 4.1902044e-05
3744200 0.00020198678 2.9667705e-05
3744400 0.00019484804 3.9861118e-05
3744600 0.00018997291 4.7881456e-05
3744800 0.00021184469 3.7170933e-05
3745000 0.00020323631 3.5394373e-05
3745200 0.00019353642 3.9578207e-05
3745400 0.0002013909 3.4376314e-05
3745600 0.00020044562 4.0207461e-05
3745800 0.00019793286 2.8380918e-05
3746000 0.00020238583 4.3936599e-05
3746200 0.00020584999 3.6416848e-05
3746400 0.00019748255 2.9586366e-05
3746600 0.00019306247 3.6677e-05
3746800 0.00019194678 4.5060805e-05
3747000 0.00020370989 4.3126343e-05
3747200 0.00019595763 3.9425573e-05
3747400 0.00020253893 4.235651e-05
3747600 0.00020004732 5.3382259e-05
3747800 0.00018906748 3.8020542e-05
3748000 0.00020256066 3.3838068e-05
3748200 0.00020087369 2.5511711e-05
3748400 0.00019934991 3.6203163e-05
3748600 0.00019417531 3.2574764e-05
3748800 0.00019866965 3.6817501e-05
3749000 0.00020042378 3.7256334e-05
3749200 0.00019638645 4.1111724e-05
3749400 0.0001933855 3.9314026e-05
3749600 0.00020164028 2.8041664e-05
3749800 0.00020311403 3.8529275e-05
3750000 0.00018653396 3.4439853e-05
3750200 0.00020200139 2.870727e-05
3750400 0.00019736418 3.5511586e-05
3750600 0.00019840988 4.0402526e-05
3750800 0.00018465863 4.3516427e-05
3751000 0.00019860736 2.947945e-05
3751200 0.00019874667 3.9537896e-05
3751400 0.00020025558 2.6860393e-05
3751600 0.00019259767 3.6912601e-05
3751800 0.00019938415 3.5172076e-05
3752000 0.00020935537 3.0787275e-05
3752200 0.00021699699 2.3819446e-05
3752400 0.00020260305 3.5800638e-05
3752600 0.00019899193 3.1382797e-05
3752800 0.00018808703 3.7729145e-05
3753000 0.00019037805 3.9565535e-05
3753200 0.00020650362 3.4278709e-05
3753400 0.00020787843 2.7048368e-05
3753600 0.00019206358 3.3781895e-05
3753800 0.00019407645 2.9089639e-05
3754000 0.00019099828 2.7367479e-05
3754200 0.00019742913 3.9727828e-05
3754400 0.00019725258 3.8792678e-05
3754600 0.00019829787 4.7632785e-05
3754800 0.00019294362 4.6620828e-05
3755000 0.00019993608 4.2104363e-05
3755200 0.00019811743 2.7314e-05
3755400 0.0001961604 4.9760251e-05
3755600 0.0001931515 3.4764988e-05
3755800 0.00020624999 4.234313e-05
3756000 0.0002086716 2.8585779e-05
3756200 0.00019901997 3.3727024e-05
3756400 0.00019051129 3.7054163e-05
3756600 0.00018381176 4.2073199e-05
3756800 0.00020293469 3.6468203e-05
3757000 0.00020411215 3.5535012e-05
3757200 0.00020136075 3.612698e-05
3757400 0.00020303133 2.8329646e-05
3757600 0.0002023063 3.2399265e-05
3757800 0.00020915198 3.1030645e-05
3758000 0.00020724472 2.435233e-05
3758200 0.00020381703 2.9997354e-05
3758400 0.00019754688 3.4390704e-05
3758600 0.00018901899 3.2169166e-05
3758800 0.00020041012 3.4458838e-05
3759000 0.00019781121 4.1539323e-05
3759200 0.0002006966 2.981638e-05
3759400 0.00019646349 2.5790522e-05
3759600 0.00019698038 3.0283426e-05
3759800 0.00020781289 2.6465831e-05
3760000 0.00020116979 3.1923069e-05
3760200 0.00019182986 3.9356432e-05
3760400 0.00019697179 3.2422666e-05
3760600 0.00019527848 2.3223615e-05
3760800 0.00018705783 4.4932755e-05
3761000 0.00019137573 4.7693304e-05
3761200 0.00018898063 3.8146862e-05
3761400 0.00018952424 3.4134601e-05
3761600 0.00018619304 4.244483e-05
3761800 0.00018753579 4.3047448e-05
3762000 0.0001990789 3.7951946e-05
3762200 0.00020231664 3.577884e-05
3762400 0.00019985902 4.4546279e-05
3762600 0.000201178 3.9940311e-05
3762800 0.00020587338 2.9628272e-05
3763000 0.00019493887 2.5785757e-05
3763200 0.00019554954 3.8856661e-05
3763400 0.00019917429 3.6311706e-05
3763600 0.00020226771 2.5178855e-05
3763800 0.00019381313 3.9905196e-05
3764000 0.00019952522 3.8925756e-05
3764200 0.0002019418 3.883521e-05
3764400 0.00020621174 3.2652967e-05
3764600 0.00020532278 2.1231437e-05
3764800 0.00020368269 3.8841918e-05
3765000 0.0002008362 4.788295e-05
3765200 0.00019013544 4.3996432e-05
3765400 0.00020387892 3.5854881e-05
3765600 0.0001995373 3.5066061e-05
3765800 0.00019857059 4.4732408e-05
3766000 0.00019967462 4.5490288e-05
3766200 0.00020676271 2.9759919e-05
3766400 0.00020851876 3.0436533e-05
3766600 0.00019850856 3.2464007e-05
3766800 0.00020386033 3.6287513e-05
3767000 0.0001941227 3.1592083e-05
3767200 0.00020179315 4.7013373e-05
3767400 0.00019424868 3.5057584e-05
3767600 0.00018704222 4.017189e-05
3767800 0.00020315118 2.6128808e-05
3768000 0.00020684242 3.1112568e-05
3768200 0.0001983257 2.9921058e-05
3768400 0.0001940135 3.9315241e-05
3768600 0.00018673759 4.4438322e-05
3768800 0.00020077227 3.0132373e-05
3769000 0.00019433039 3.2865485e-05
3769200 0.00020794417 3.9031716e-05
3769400 0.00019457281 3.4759385e-05
3769600 0.00019124977 3.6336931e-05
3769800 0.00020054996 3.4500586e-05
3770000 0.00019949214 3.4972523e-05
3770200 0.00020014058 2.92391e-05
3770400 0.00021576038 3.1926106e-05
3770600 0.00021008947 2.8831393e-05
3770800 0.00020601535 2.634032e-05
3771000 0.00020791441 3.4503412e-05
3771200 0.00021390828 2.8925932e-05
3771400 0.00020096891 3.7925452e-05
3771600 0.00019773513 3.9137874e-05
3771800 0.00021893541 2.5987617e-05
3772000 0.00021110554 2.9349631e-05
3772200 0.00019423787 4.3894047e-05
3772400 0.00021465576 4.0550416e-05
3772600 0.0002152482 2.6528528e-05
3772800 0.00020432092 3.4072611e-05
3773000 0.00020146351 4.2183778e-05
3773200 0.00020393738 2.6489674e-05
3773400 0.0002033934 3.3947021e-05
3773600 0.0002039193 2.3244131e-05
3773800 0.00019887948 4.0607974e-05
3774000 0.00019511363 4.0824394e-05
3774200 0.00020516198 3.2214189e-05
3774400 0.00021020248 3.1981168e-05
3774600 0.00020629319 4.328453e-05
3774800 0.00019669366 3.6743393e-05
3775000 0.00020376206 3.7057119e-05
3775200 0.00019957674 3.5594662e-05
3775400 0.00019834434 3.948126e-05
3775600 0.00020084782 3.4244035e-05
3775800 0.00020056718 3.4992478e-05
3776000 0.0002052404 3.0495257e-05
3776200 0.00019642939 3.6387436e-05
3776400 0.00021397829 3.8094796e-05
3776600 0.00020177549 3.7041472e-05
3776800 0.00019858043 4.1221066e-05
3777000 0.00019585247 3.1583831e-05
3777200 0.00019844126 4.0938791e-05
3777400 0.00020007368 3.3881084e-05
3777600 0.00019241414 3.2635712e-05
3777800 0.00019079199 4.095323e-05
3778000 0.00020394887 3.5439039e-05
3778200 0.00019475285 3.9660457e-05
3778400 0.00020841479 3.22396e-05
3778600 0.00020735748 3.221124e-05
3778800 0.00020364953 2.7891746e-05
3779000 0.00020273098 4.562296e-05
3779200 0.00020120799 2.8051003e-05
3779400 0.00019849352 5.0250349e-05
3779600 0.00020794935 3.8181942e-05
3779800 0.00019505511 4.2767779e-05
3780000 0.00020040561 3.4906794e-05
3780200 0.0002020869 3.2464672e-05
3780400 0.00019360802 2.5397768e-05
3780600 0.00018726663 3.9792664e-05
3780800 0.00021168421 2.9503042e-05
3781000 0.00020387328 3.377066e-05
3781200 0.00019871446 3.525405e-05
3781400 0.00019448003 3.0228682e-05
3781600 0.00020578576 2.6490142e-05
3781800 0.00020069061 3.6986697e-05
3782000 0.00020253214 3.1288958e-05
3782200 0.0001964182 2.4997232e-05
3782400 0.00020887335 2.3644056e-05
3782600 0.00019700681 3.6300454e-05
3782800 0.00021923448 3.0865813e-05
3783000 0.00021406591 2.6759252e-05
3783200 0.00020263741 3.0896993e-05
3783400 0.00021479404 3.8083334e-05
3783600 0.00018920674 3.8440569e-05
3783800 0.00020405954 2.9989301e-05
3784000 0.000208351 2.4611931e-05
3784200 0.00020013076 3.566762e-05
3784400 0.00019768251 3.7275719e-05
3784600 0.00020063117 3.0403286e-05
3784800 0.00019645287 3.9917464e-05
3785000 0.00020062632 2.6673857e-05
3785200 0.00020286701 3.2105379e-05
3785400 0.00021027072 2.5426591e-05
3785600 0.00019845592 2.3206717e-05
3785800 0.00020364124 3.7168696e-05
3786000 0.00019055517 3.6062498e-05
3786200 0.00019804123 2.876017e-05
3786400 0.0001982748 3.0700265e-05
3786600 0.00020791441 2.9195597e-05
3786800 0.00019704064 2.6617829e-05
3787000 0.00020533777 2.4238041e-05
3787200 0.00019868904 4.0398153e-05
3787400 0.00019287799 4.1996575e-05
3787600 0.00019577687 5.3950123e-05
3787800 0.00020054616 3.1099789e-05
3788000 0.00020683044 4.7204549e-05
3788200 0.00019842609 4.4369179e-05
3788400 0.00020184851 2.9487073e-05
3788600 0.00021306813 4.0750829e-05
3788800 0.0002176409 4.1709629e-05
3789000 0.00021115295 4.1601338e-05
3789200 0.00021363633 3.5717859e-05
3789400 0.00020689969 3.3578976e-05
3789600 0.00019979585 3.559918e-05
3789800 0.00020430109 2.8057842e-05
3790000 0.00021406854 3.1101784e-05
3790200 0.00021037875 3.1900295e-05
3790400 0.00020550407 3.7034059e-05
3790600 0.00019944497 4.5182107e-05
3790800 0.00019844113 4.3005903e-05
3791000 0.00020878215 4.2938532e-05
3791200 0.0001831334 4.3279621e-05
3791400 0.00021036245 3.2035193e-05
3791600 0.00019926455 4.5041598e-05
3791800 0.0001880392 4.1413892e-05
3792000 0.00020768735 3.7237903e-05
3792200 0.00019472964 3.7460311e-05
3792400 0.00020520083 4.123629e-05
3792600 0.00019722009 4.7942968e-05
3792800 0.00019471333 3.2937313e-05
3793000 0.00021300605 4.0584354e-05
3793200 0.00020041702 5.1233951e-05
3793400 0.00021498447 4.3757812e-05
3793600 0.00019671392 4.9560631e-05
3793800 0.00019907902 3.5976382e-05
3794000 0.0002011428 4.2894414e-05
3794200 0.00018550533 4.3508195e-05
3794400 0.00021068647 5.5060055e-05
3794600 0.00020989564 3.9107526e-05
3794800 0.00019331892 4.4171167e-05
3795000 0.00019847504 4.0607073e-05
3795200 0.00021007816 3.6508904e-05
3795400 0.00019700592 4.43944e-05
3795600 0.00020325599 4.5075628e-05
3795800 0.00020423827 4.2340348e-05
3796000 0.00019449087 3.3272856e-05
3796200 0.0002043693 4.2331026e-05
3796400 0.00020177565 3.850387e-05
3796600 0.00020407102 4.450811e-05
3796800 0.00019410631 3.9667086e-05
3797000 0.00019879525 4.704434e-05
3797200 0.00019164275 4.6547553e-05
3797400 0.00020347825 3.9024535e-05
3797600 0.00020552923 4.3641901e-05
3797800 0.00020512397 4.5453774e-05
3798000 0.00019596497 4.0729127e-05
3798200 0.00020869809 3.8841148e-05
3798400 0.00020410336 3.9929051e-05
3798600 0.00019900526 4.4287948e-05
3798800 0.00020426069 4.0882879e-05
3799000 0.00020398256 5.0581941e-05
3799200 0.00020008304 4.4515103e-05
3799400 0.00020617797 4.0384821e-05
3799600 0.00019922072 3.778707e-05
3799800 0.00021928199 3.8019555e-05
3800000 0.00021599138 3.9898399e-05
3800200 0.0002193219 3.6078304e-05
3800400 0.00020558735 4.0935426e-05
3800600 0.00019842607 3.2954371e-05
3800800 0.0002148911 3.7522537e-05
3801000 0.00021456879 3.752389e-05
3801200 0.00020748244 4.0773969e-05
3801400 0.00019886343 3.6052746e-05
3801600 0.00021344315 3.5782833e-05
3801800 0.00020929711 4.0732954e-05
3802000 0.0002157608 2.8708215e-05
3802200 0.00021849286 4.6154075e-05
3802400 0.00020300957 4.4327362e-05
3802600 0.00020684725 3.9810571e-05
3802800 0.00019996016 3.8912411e-05
3803000 0.00021104721 3.8092092e-05
3803200 0.00020797256 4.2495754e-05
3803400 0.00020727375 4.007171e-05
3803600 0.00020602429 4.6984606e-05
3803800 0.00020038527 4.2583296e-05
3804000 0.00019979691 3.9411607e-05
3804200 0.00021168045 3.6779262e-05
3804400 0.00020160191 4.7696615e-05
3804600 0.0002133767 3.7268483e-05
3804800 0.0002011407 4.957719e-05
3805000 0.00020939331 4.4984739e-05
3805200 0.00020772054 4.0230149e-05
3805400 0.00020133 4.7946457e-05
3805600 0.00020389942 4.3945213e-05
3805800 0.00021163776 4.4036734e-05
3806000 0.00020900617 4.6136758e-05
3806200 0.00021461862 3.6954245e-05
3806400 0.00020312167 3.7646757e-05
3806600 0.00020183636 3.3742017e-05
3806800 0.00020435091 3.8960396e-05
3807000 0.00020573771 5.3345269e-05
3807200 0.00020351552 5.4896976e-05
3807400 0.00021332804 4.9589386e-05
3807600 0.00020812792 5.2619497e-05
3807800 0.0002011156 3.9560587e-05
3808000 0.00020549215 4.1644789e-05
3808200 0.00021178705 3.7042803e-05
3808400 0.0002085568 3.9713932e-05
3808600 0.00020465284 4.4193485e-05
3808800 0.00021821313 2.9397534e-05
3809000 0.00020948992 3.5783915e-05
3809200 0.00021466697 4.7715521e-05
3809400 0.00021179546 4.0944626e-05
3809600 0.00020659726 3.9522366e-05
3809800 0.00022085968 4.235566e-05
3810000 0.00021298816 4.6417577e-05
3810200 0.00020915811 5.9147516e-05
3810400 0.00020444426 4.5557125e-05
3810600 0.00020797555 5.083711e-05
3810800 0.00021135309 4.3170536e-05
3811000 0.00020391598 4.7239531e-05
3811200 0.00021491258 3.5050448e-05
3811400 0.00019402432 4.9234003e-05
3811600 0.00020625547 4.6043709e-05
3811800 0.00019839111 4.3480319e-05
3812000 0.00020640811 5.1986655e-05
3812200 0.00020438375 5.1875902e-05
3812400 0.00020389886 4.8399226e-05
3812600 0.00020823331 4.6677214e-05
3812800 0.00020493307 5.5296818e-05
3813000 0.00021291489 4.3547838e-05
3813200 0.00020912154 4.7763883e-05
3813400 0.00021541665 4.4413671e-05
3813600 0.00020791019 4.4000634e-05
3813800 0.00019879007 4.8043153e-05
3814000 0.00020539645 4.0747005e-05
3814200 0.00020415654 4.5725808e-05
3814400 0.00020323821 5.3938637e-05
3814600 0.00020765611 3.915272e-05
3814800 0.00020604421 5.0604108e-05
3815000 0.00021321638 3.8663401e-05
3815200 0.00021969704 4.3346615e-05
3815400 0.00020984871 5.7394708e-05
3815600 0.0002059794 5.2172125e-05
3815800 0.00021816716 4.2087077e-05
3816000 0.00020580576 5.1915554e-05
3816200 0.00020105607 5.0448917e-05
3816400 0.00020388461 4.6917017e-05
3816600 0.00020963733 3.1436978e-05
3816800 0.00022060847 3.8028766e-05
3817000 0.00020584013 4.6167904e-05
3817200 0.00021102079 4.1421653e-05
3817400 0.00020828096 3.814127e-05
3817600 0.00021253666 4.8426365e-05
3817800 0.00021289956 3.7628501e-05
3818000 0.00021653349 4.3182742e-05
3818200 0.00021519608 3.8658265e-05
3818400 0.00021681123 5.0902452e-05
3818600 0.0002160743 3.9067654e-05
3818800 0.00021246719 4.0233566e-05
3819000 0.00019722343 4.8682538e-05
3819200 0.00021097169 5.5161161e-05
3819400 0.00021182912 4.790525e-05
3819600 0.00021486936 5.0840191e-05
3819800 0.00021036648 5.8248548e-05
3820000 0.00022018616 3.532498e-05
3820200 0.00020719402 4.9717729e-05
3820400 0.00021176457 4.5128739e-05
3820600 0.00021554805 5.0668556e-05
3820800 0.0002121019 4.3470697e-05
3821000 0.00022246983 4.1436161e-05
3821200 0.00021457293 4.7105329e-05
3821400 0.00021579712 5.2092251e-05
3821600 0.00021532566 5.3168646e-05
3821800 0.00020809926 5.907208e-05
3822000 0.00021258855 4.8246803e-05
3822200 0.00021278635 4.2749323e-05
3822400 0.0002075186 5.9960305e-05
3822600 0.00020614677 4.9307459e-05
3822800 0.00020900013 4.9636211e-05
3823000 0.00019623539 4.6648515e-05
3823200 0.0001999344 5.5987868e-05
3823400 0.0002080575 4.6763533e-05
3823600 0.0002245817 3.83986e-05
3823800 0.00022234742 3.4662375e-05
3824000 0.00021797969 4.3804129e-05
3824200 0.00020879889 4.0992786e-05
3824400 0.00020063966 5.2912949e-05
3824600 0.00020133411 4.8422904e-05
3824800 0.00021069701 5.2186746e-05
3825000 0.00020161747 6.279161e-05
3825200 0.00020016721 5.8514348e-05
3825400 0.00019278103 5.3444535e-05
3825600 0.00020804439 3.8848044e-05
3825800 0.00021170799 3.81298e-05
3826000 0.00021162365 4.8174546e-05
3826200 0.00020980051 5.5447036e-05
3826400 0.00020082083 5.6189872e-05
3826600 0.00022101535 4.9942719e-05
3826800 0.00021466873 4.446991e-05
3827000 0.00020985031 4.5141612e-05
3827200 0.00020190432 4.943848e-05
3827400 0.00021572783 3.9385729e-05
3827600 0.00020062775 4.4482256e-05
3827800 0.00021223839 4.2815812e-05
3828000 0.00021486648 3.9879967e-05
3828200 0.00020197158 5.1636568e-05
3828400 0.00021364139 4.8030426e-05
3828600 0.00021975806 4.0642757e-05
3828800 0.00021304105 4.2209566e-05
3829000 0.00020138195 4.2280006e-05
3829200 0.00021766923 4.1959462e-05
3829400 0.0002236132 3.5114638e-05
3829600 0.00021028463 4.0357196e-05
3829800 0.0002151303 5.3411621e-05
3830000 0.0002197733 4.6826305e-05
3830200 0.00021132381 4.3953887e-05
3830400 0.00020505942 5.1238528e-05
3830600 0.00020974717 3.6875849e-05
3830800 0.00021603641 4.0406822e-05
3831000 0.00020470525 4.8936801e-05
3831200 0.00021980762 3.7759158e-05
3831400 0.00021882979 4.9368982e-05
3831600 0.00021329452 4.8999301e-05
3831800 0.00021333828 4.4875751e-05
3832000 0.000200257 5.1047342e-05
3832200 0.00021093554 5.1400112e-05
3832400 0.00022543867 3.1316239e-05
3832600 0.00020656062 4.7543101e-05
3832800 0.0002148806 4.9912842e-05
3833000 0.00020821058 4.9841865e-05
3833200 0.00021030642 4.862108e-05
3833400 0.00021058215 4.736934e-05
3833600 0.00020759666 5.7522325e-05
3833800 0.00021546466 3.7303626e-05
3834000 0.0002186974 3.9771789e-05
3834200 0.00019929433 4.8469775e-05
3834400 0.00021678629 4.4338282e-05
3834600 0.00021165333 4.2791416e-05
3834800 0.00020777564 4.4730547e-05
3835000 0.00022188948 4.1919337e-05
3835200 0.00021409769 3.4255196e-05
3835400 0.00021113455 4.1655815e-05
3835600 0.00022617911 3.3164121e-05
3835800 0.00021807419 3.6461482e-05
3836000 0.00021666602 4.1177649e-05
3836200 0.00020927468 4.5398101e-05
3836400 0.00021413335 4.4502176e-05
3836600 0.00021539322 5.1203563e-05
3836800 0.00021693471 3.8402009e-05
3837000 0.00020443043 4.5879438e-05
3837200 0.000216023 3.841689e-05
3837400 0.00022312663 3.0726878e-05
3837600 0.00022112142 5.3380087e-05
3837800 0.00020537306 4.4545395e-05
3838000 0.00022703172 3.3437079e-05
3838200 0.00022045138 4.1286214e-05
3838400 0.00021734462 2.9269589e-05
3838600 0.00022714721 3.227058e-05
3838800 0.00021974903 4.6912725e-05
3839000 0.00021854987 3.7411419e-05
3839200 0.00022048288 4.4135478e-05
3839400 0.00021825274 3.0152239e-05
3839600 0.00022906268 4.021159e-05
3839800 0.00021309694 3.1816026e-05
3840000 0.00023001705 3.5755502e-05
3840200 0.00022408902 4.0212824e-05
3840400 0.00022559734 4.4891709e-05
3840600 0.00023450031 3.397456e-05
3840800 0.0002257768 4.3032034e-05
3841000 0.00023048352 3.1716719e-05
3841200 0.00021758785 4.2584508e-05
3841400 0.0002266889 4.0634498e-05
3841600 0.00021900994 3.7089045e-05
3841800 0.00023115691 3.4545382e-05
3842000 0.00023297008 4.4410224e-05
3842200 0.0002153337 4.063826e-05
3842400 0.0002294333 3.1760015e-05
3842600 0.0002266755 4.3012393e-05
3842800 0.00023685795 4.0402859e-05
3843000 0.00021904847 2.9387425e-05
3843200 0.00023079711 2.8413321e-05
3843400 0.00021717372 3.5961915e-05
3843600 0.00022589102 2.5027429e-05
3843800 0.00022269078 3.4553324e-05
3844000 0.00023233631 4.1913289e-05
3844200 0.00024748948 3.5362535e-05
3844400 0.00022924719 3.1167187e-05
3844600 0.00023303298 3.199504e-05
3844800 0.00022721206 3.6032516e-05
3845000 0.00022495278 4.2494833e-05
3845200 0.00022455157 4.4394179e-05
3845400 0.00022792248 3.2257477e-05
3845600 0.00022244025 3.7625755e-05
3845800 0.00023141443 3.8939307e-05
3846000 0.00021218468 4.8344793e-05
3846200 0.00021274832 4.6665849e-05
3846400 0.00022091591 4.0786032e-05
3846600 0.00022572783 4.583071e-05
3846800 0.0002244134 4.0447517e-05
3847000 0.00023160362 3.896193e-05
3847200 0.0002201595 4.4120555e-05
3847400 0.00021849647 4.816092e-05
3847600 0.00022292354 4.218538e-05
3847800 0.00023469662 3.976938e-05
3848000 0.00022291044 4.7814429e-05
3848200 0.00022255558 4.1114387e-05
3848400 0.00023048032 4.1532958e-05
3848600 0.00023586837 3.6725004e-05
3848800 0.00022975076 3.8207523e-05
3849000 0.00022439866 3.6793241e-05
3849200 0.00022693257 3.6197826e-05
3849400 0.00022830713 4.5178231e-05
3849600 0.00022814263 3.6324497e-05
3849800 0.00022806134 3.9874618e-05
3850000 0.00022462733 3.027783e-05
3850200 0.00022138782 4.2909109e-05
3850400 0.00022522886 3.9641217e-05
3850600 0.00022478617 3.4806618e-05
3850800 0.00022693862 3.6225198e-05
3851000 0.00020925009 4.4026859e-05
3851200 0.00022563419 4.2413579e-05
3851400 0.00022903 4.1026183e-05
3851600 0.00023806673 3.8874509e-05
3851800 0.00023741712 3.1590283e-05
3852000 0.00022399076 4.6204483e-05
3852200 0.00022994257 4.1018742e-05
3852400 0.00023234609 3.7075469e-05
3852600 0.00023039375 3.3383315e-05
3852800 0.00022604525 4.0828733e-05
3853000 0.00021957356 4.2668844e-05
3853200 0.00023206738 2.7204393e-05
3853400 0.0002300277 3.3713996e-05
3853600 0.00023018916 3.4029432e-05
3853800 0.00023200728 3.9420877e-05
3854000 0.00022777004 2.0494963e-05
3854200 0.00023089861 3.3984188e-05
3854400 0.00022685979 4.0253296e-05
3854600 0.00022580902 3.3980502e-05
3854800 0.0002236025 4.0939769e-05
3855000 0.00023362143 2.982706e-05
3855200 0.00023561758 3.3344845e-05
3855400 0.00022795727 3.3545212e-05
3855600 0.00023495582 3.8310089e-05
3855800 0.00023152893 3.3894941e-05
3856000 0.00023381598 3.6719272e-05
3856200 0.00022918716 3.8903986e-05
3856400 0.00023382157 3.3336513e-05
3856600 0.00022999215 3.2508936e-05
3856800 0.00022599269 2.5975307e-05
3857000 0.00022698964 3.6052402e-05
3857200 0.00023417374 3.8570454e-05
3857400 0.00023187956 3.1442229e-05
3857600 0.00022183489 3.5507994e-05
3857800 0.00023423715 3.5558615e-05
3858000 0.00023692581 3.8205581e-05
3858200 0.00023147 3.6336337e-05
3858400 0.00022300432 4.7482617e-05
3858600 0.00022430567 3.4751029e-05
3858800 0.00023205453 4.0371899e-05
3859000 0.00021678883 4.0401724e-05
3859200 0.00022548446 4.2318608e-05
3859400 0.00022904445 4.1964068e-05
3859600 0.00021645193 4.4209316e-05
3859800 0.00022965505 3.7919566e-05
3860000 0.00022526016 4.104213e-05
3860200 0.0002269107 4.5317051e-05
3860400 0.00023366137 3.382778e-05
3860600 0.00023350989 3.4647553e-05
3860800 0.00022563381 4.0461903e-05
3861000 0.00023799565 3.1358696e-05
3861200 0.00023266856 3.6137441e-05
3861400 0.00023779185 3.4262779e-05
3861600 0.00022419323 2.772446e-05
3861800 0.00022468158 3.1137652e-05
3862000 0.0002265628 3.6118991e-05
3862200 0.00022815402 3.8643468e-05
3862400 0.00022543205 3.5772158e-05
3862600 0.0002252057 3.1940651e-05
3862800 0.00023269787 3.1611307e-05
3863000 0.00022693942 4.3714311e-05
3863200 0.00022148235 3.2427496e-05
3863400 0.00023128105 3.5171322e-05
3863600 0.00021692821 3.2017432e-05
3863800 0.00023258866 3.1641967e-05
3864000 0.00022163263 4.0909956e-05
3864200 0.00022482986 3.8912232e-05
3864400 0.00021995912 3.1854962e-05
3864600 0.0002239311 3.5313989e-05
3864800 0.00023862264 3.1274071e-05
3865000 0.00022781227 3.4990281e-05
3865200 0.00023153686 3.8207857e-05
3865400 0.00022960012 3.2036639e-05
3865600 0.00022061608 2.9139264e-05
3865800 0.00023095477 3.5808098e-05
3866000 0.00022685331 3.2761909e-05
3866200 0.00022922766 3.2824467e-05
3866400 0.00022997781 3.5962211e-05
3866600 0.00023908925 2.5026771e-05
3866800 0.00022477351 3.8353086e-05
3867000 0.00023891525 4.1440411e-05
3867200 0.00024098116 3.1386167e-05
3867400 0.0002275338 3.261571e-05
3867600 0.0002227617 2.9372104e-05
3867800 0.0002209604 3.6949273e-05
3868000 0.00023352171 3.2734761e-05
3868200 0.00023213321 3.0324953e-05
3868400 0.0002286456 3.6062778e-05
3868600 0.00022836303 3.0672121e-05
3868800 0.00022740149 3.2036127e-05
3869000 0.00022852398 3.885769e-05
3869200 0.00022264636 3.22433e-05
3869400 0.00023614189 3.377031e-05
3869600 0.00024115606 2.8810188e-05
3869800 0.00022792857 3.4997709e-05
3870000 0.00021852983 4.8024709e-05
3870200 0.00023014092 4.0640179e-05
3870400 0.00023656007 4.2098215e-05
3870600 0.00023292257 3.028436e-05
3870800 0.00023541355 4.0718079e-05
3871000 0.00023257097 4.3482545e-05
3871200 0.00023374526 4.2203482e-05
3871400 0.00023353167 4.3798995e-05
3871600 0.00023315029 4.1092874e-05
3871800 0.00023064249 3.8805794e-05
3872000 0.00022644978 3.9963199e-05
3872200 0.00023540298 4.2526094e-05
3872400 0.00022887302 4.2908635e-05
3872600 0.00023238964 3.8852838e-05
3872800 0.00024149888 4.0709297e-05
3873000 0.00022619307 4.210219e-05
3873200 0.00021704076 4.3293755e-05
3873400 0.00022797451 3.9133692e-05
3873600 0.00023688482 3.8908591e-05
3873800 0.00023398587 4.0148571e-05
3874000 0.00022943903 4.2969211e-05
3874200 0.00023107166 3.1472774e-05
3874400 0.00022742708 4.730795e-05
3874600 0.00023137639 4.2236817e-05
3874800 0.00022083722 4.1858073e-05
3875000 0.00023084391 4.112687e-05
3875200 0.00023655239 3.7591379e-05
3875400 0.00023093644 4.3895605e-05
3875600 0.00022740533 5.0586105e-05
3875800 0.00023592557 4.3213874e-05
3876000 0.00023314429 4.5523185e-05
3876200 0.00022536224 5.6967584e-05
3876400 0.00023433343 4.4373366e-05
3876600 0.0002365939 4.5098519e-05
3876800 0.00022653847 4.7049152e-05
3877000 0.00023238745 4.206365e-05
3877200 0.00024843303 2.9422501e-05
3877400 0.0002375555 4.9050929e-05
3877600 0.00022755459 4.4083696e-05
3877800 0.00023953634 3.0961057e-05
3878000 0.00023316655 3.8251437e-05
3878200 0.00021619933 4.1923878e-05
3878400 0.00023632168 4.385463e-05
3878600 0.00023174422 4.359382e-05
3878800 0.00024235649 3.5611496e-05
3879000 0.00023647326 4.2241216e-05
3879200 0.00024563159 3.1487153e-05
3879400 0.00023256573 3.771353e-05
3879600 0.00025091502 3.8118757e-05
3879800 0.00023352613 3.5211486e-05
3880000 0.00023638127 3.4150158e-05
3880200 0.00023406095 3.8834279e-05
3880400 0.00023810162 3.9975213e-05
3880600 0.0002411013 3.4201042e-05
3880800 0.00024171772 3.8533693e-05
3881000 0.00023728379 3.4785601e-05
3881200 0.00023791936 3.7264691e-05
3881400 0.00023880409 3.4957819e-05
3881600 0.00023482385 4.1975717e-05
3881800 0.00024881074 3.5907357e-05
3882000 0.00023945425 3.8924021e-05
3882200 0.00023299098 4.5969136e-05
3882400 0.00022754095 4.0691009e-05
3882600 0.00024314399 3.3594021e-05
3882800 0.00024532715 3.6484568e-05
3883000 0.00023417067 4.141651e-05
3883200 0.00023700004 3.8432092e-05
3883400 0.00024040595 3.7246882e-05
3883600 0.00023934199 5.3420221e-05
3883800 0.00024733977 3.3283831e-05
3884000 0.0002380417 3.4555861e-05
3884200 0.00024010945 3.6320841e-05
3884400 0.00024893554 3.3284292e-05
3884600 0.00023350024 3.563967e-05
3884800 0.00022621708 3.6744823e-05
3885000 0.00023847705 4.0584367e-05
3885200 0.00022631301 4.8435895e-05
3885400 0.00024751064 3.8461246e-05
3885600 0.00024386491 4.1222855e-05
3885800 0.00023841299 3.9967062e-05
3886000 0.00023059833 3.9461872e-05
3886200 0.00023821969 3.5012172e-05
3886400 0.00024120637 4.2155179e-05
3886600 0.00024044891 3.9138868e-05
3886800 0.00022923806 4.8603646e-05
3887000 0.00024954083 2.6927751e-05
3887200 0.00023921593 3.8452553e-05
3887400 0.00023737301 4.2167061e-05
3887600 0.00024261486 4.2088032e-05
3887800 0.00024499582 3.0327929e-05
3888000 0.00023104567 4.6825442e-05
3888200 0.00024328266 4.0239855e-05
3888400 0.00024533555 3.7520445e-05
3888600 0.00025004137 3.3251798e-05
3888800 0.00024926813 3.7166097e-05
3889000 0.00024083326 3.685486e-05
3889200 0.00023917966 4.0680407e-05
3889400 0.00024001172 3.4487175e-05
3889600 0.00024203084 2.7258312e-05
3889800 0.00025181772 4.3257933e-05
3890000 0.00024004279 4.0864691e-05
3890200 0.00024450087 3.3547121e-05
3890400 0.0002396937 3.5414351e-05
3890600 0.0002423684 4.2299966e-05
3890800 0.00024231278 4.518162e-05
3891000 0.0002410566 3.0711789e-05
3891200 0.000234848 3.8971445e-05
3891400 0.00023788948 4.0515952e-05
3891600 0.00024734142 4.200852e-05
3891800 0.00023258673 4.0251501e-05
3892000 0.00023964429 3.4425494e-05
3892200 0.00024090215 4.0120755e-05
3892400 0.00024034474 3.7505534e-05
3892600 0.00024877599 2.9731506e-05
3892800 0.00022780905 3.4485689e-05
3893000 0.00024201588 3.5076155e-05
3893200 0.00024099314 3.8174549e-05
3893400 0.00024191115 3.6314055e-05
3893600 0.00024043988 3.3931244e-05
3893800 0.00024717166 3.646964e-05
3894000 0.00024070609 2.8937254e-05
3894200 0.00024085359 3.9336772e-05
3894400 0.00023989049 3.6081643e-05
3894600 0.00024490872 3.7539016e-05
3894800 0.00023480486 3.7550671e-05
3895000 0.00024243268 4.2742797e-05
3895200 0.00024344432 3.1996642e-05
3895400 0.000240347 3.3933729e-05
3895600 0.00022526367 3.7407285e-05
3895800 0.00024439376 4.4658786e-05
3896000 0.00024050136 3.2000043e-05
3896200 0.00024304208 3.9376849e-05
3896400 0.00025248828 2.3268468e-05
3896600 0.00023348451 3.5284895e-05
3896800 0.00024638802 3.858807e-05
3897000 0.00024463852 3.5170363e-05
3897200 0.00023869918 4.1593989e-05
3897400 0.00024423189 3.8037644e-05
3897600 0.00023533925 3.6062376e-05
3897800 0.00024146775 3.2663368e-05
3898000 0.0002455037 3.2216358e-05
3898200 0.00024041097 3.4538813e-05
3898400 0.00023184289 4.166282e-05
3898600 0.00026018948 3.2902012e-05
3898800 0.0002404475 3.3479288e-05
3899000 0.00023856666 3.0787768e-05
3899200 0.0002475129 3.5052132e-05
3899400 0.0002416979 3.1378273e-05
3899600 0.00023395433 4.3590021e-05
3899800 0.00023794067 3.7273894e-05
3900000 0.00024055257 3.6919232e-05
3900200 0.00024939 4.2013209e-05
3900400 0.00024518985 3.5886324e-05
3900600 0.00024544448 3.0925049e-05
3900800 0.00024691648 3.6736673e-05
3901000 0.00024442498 3.6981727e-05
3901200 0.00024598633 3.4028408e-05
3901400 0.00024329363 3.6283415e-05
3901600 0.00023944791 4.2967305e-05
3901800 0.00024210257 3.473268e-05
3902000 0.0002440744 4.0253192e-05
3902200 0.00024638099 4.0871876e-05
3902400 0.00024035289 3.8397544e-05
3902600 0.00025357932 3.2282276e-05
3902800 0.00025611781 3.3992204e-05
3903000 0.00024924169 3.3872586e-05
3903200 0.00024657239 4.40319e-05
3903400 0.00024897963 4.1844626e-05
3903600 0.00023475447 4.3541791e-05
3903800 0.00023738756 4.1530647e-05
3904000 0.00024577404 4.4767117e-05
3904200 0.00025369372 5.0604766e-05
3904400 0.00024400736 4.6427542e-05
3904600 0.00023588252 4.067963e-05
3904800 0.00024705076 3.9177919e-05
3905000 0.00025650167 3.8192153e-05
3905200 0.00024651308 4.402357e-05
3905400 0.00024460032 4.6499896e-05
3905600 0.00024111606 4.9813858e-05
3905800 0.00024937626 4.4285945e-05
3906000 0.00025148555 4.2109092e-05
3906200 0.00023936063 4.6223089e-05
3906400 0.00024802612 3.9543773e-05
3906600 0.00024816926 4.67527e-05
3906800 0.00023715099 3.6232953e-05
3907000 0.00023828985 4.7208357e-05
3907200 0.00024802959 4.564316e-05
3907400 0.00024224087 3.8417035e-05
3907600 0.0002474757 3.5834946e-05
3907800 0.00024084571 4.2721221e-05
3908000 0.00025357676 4.9118218e-05
3908200 0.00024515066 4.1337334e-05
3908400 0.00024351586 4.9707034e-05
3908600 0.0002420644 4.461057e-05
3908800 0.00024570084 4.4842478e-05
3909000 0.00024994109 4.4789179e-05
3909200 0.00024043214 3.8810152e-05
3909400 0.00024186104 4.1401497e-05
3909600 0.00024952872 3.1714917e-05
3909800 0.00025007582 4.120067e-05
3910000 0.00025884083 3.8361131e-05
3910200 0.00023436456 4.5761267e-05
3910400 0.00024276901 4.6420471e-05
3910600 0.00023658968 4.0165941e-05
3910800 0.00024590571 4.0651212e-05
3911000 0.0002384194 5.4369153e-05
3911200 0.00023270188 4.8793842e-05
3911400 0.00024069875 4.1557999e-05
3911600 0.00024245394 4.0084966e-05
3911800 0.00024830845 5.2288783e-05
3912000 0.00024584498 3.8925432e-05
3912200 0.00024759527 4.2964027e-05
3912400 0.00024660034 5.8258542e-05
3912600 0.00024687145 3.934991e-05
3912800 0.00023576858 4.8972386e-05
3913000 0.00024065708 4.9064626e-05
3913200 0.00024241765 4.8368727e-05
3913400 0.00023326297 4.3564835e-05
3913600 0.00024675318 3.7140842e-05
3913800 0.00023855157 5.342368e-05
3914000 0.00024955118 4.2299461e-05
3914200 0.00023542592 4.9858982e-05
3914400 0.00023690288 5.1610907e-05
3914600 0.00023987154 4.0646524e-05
3914800 0.00024392471 5.3257787e-05
3915000 0.00023647283 4.2838327e-05
3915200 0.00022084071 5.0480916e-05
3915400 0.00022912832 4.4840533e-05
3915600 0.00023854035 5.4116247e-05
3915800 0.00023590903 5.571792e-05
3916000 0.00024411665 4.2895209e-05
3916200 0.0002461394 4.789041e-05
3916400 0.00023307707 6.0669035e-05
3916600 0.00023768995 4.5021332e-05
3916800 0.0002420915 3.6524934e-05
3917000 0.00024044228 3.4075641e-05
3917200 0.00023417985 4.7886099e-05
3917400 0.00024143887 4.8612571e-05
3917600 0.0002398981 3.9267033e-05
3917800 0.00024560036 4.1432662e-05
3918000 0.00024855854 3.8500418e-05
3918200 0.00023715804 4.6358083e-05
3918400 0.0002430104 4.2909618e-05
3918600 0.00024920149 3.7286936e-05
3918800 0.00026109184 3.2088074e-05
3919000 0.00024198558 4.3649524e-05
3919200 0.00025166432 3.8232275e-05
3919400 0.00024110946 4.5818137e-05
3919600 0.00024597228 4.8979418e-05
3919800 0.00024140009 4.8919905e-05
3920000 0.00024752952 4.3373746e-05
3920200 0.00023875206 4.7833049e-05
3920400 0.00023987911 5.1456094e-05
3920600 0.00024628223 4.4028122e-05
3920800 0.00024095614 3.7015118e-05
3921000 0.00025336256 4.4389319e-05
3921200 0.00025434427 3.0935013e-05
3921400 0.0002501421 4.8314584e-05
3921600 0.00024648315 4.0341921e-05
3921800 0.00025430911 3.9165765e-05
3922000 0.00025207102 3.2541694e-05
3922200 0.00025995508 3.5692825e-05
3922400 0.00025082908 4.720282e-05
3922600 0.00025092743 3.8526119e-05
3922800 0.00025262843 3.6240415e-05
3923000 0.00025348768 4.0320989e-05
3923200 0.0002472004 4.1087391e-05
3923400 0.00024667301 4.2816889e-05
3923600 0.00025350674 3.5865483e-05
3923800 0.00025360365 3.8661292e-05
3924000 0.00025088353 4.1932353e-05
3924200 0.00025010656 4.5201199e-05
3924400 0.00024787299 4.2750857e-05
3924600 0.00025167457 3.896999e-05
3924800 0.00024262465 4.7052778e-05
3925000 0.00024718691 4.5349887e-05
3925200 0.00024602092 3.5740978e-05
3925400 0.00024408663 4.3561448e-05
3925600 0.00025462399 4.3891273e-05
3925800 0.00024505075 4.3526074e-05
3926000 0.00025141489 4.1712445e-05
3926200 0.00024794621 4.5024394e-05
3926400 0.00024715967 4.8180754e-05
3926600 0.00025432918 3.6930523e-05
3926800 0.00024359012 3.7099264e-05
3927000 0.00024735058 4.3165831e-05
3927200 0.00025067778 4.5329011e-05
3927400 0.00024141506 3.9208917e-05
3927600 0.00025406585 4.0907527e-05
3927800 0.00024078092 4.1098074e-05
3928000 0.00025695551 3.4225951e-05
3928200 0.00025161846 3.7017437e-05
3928400 0.00024778663 3.8495413e-05
3928600 0.0002527223 4.8882231e-05
3928800 0.00024718598 4.7885317e-05
3929000 0.00025950198 4.2272219e-05
3929200 0.00024416679 3.5005591e-05
3929400 0.00025461364 4.1520307e-05
3929600 0.00025483694 4.4120656e-05
3929800 0.00025319176 3.9680829e-05
3930000 0.00025531013 4.4337278e-05
3930200 0.00024912072 4.7027758e-05
3930400 0.00024871622 3.6479643e-05
3930600 0.00024356694 4.3268182e-05
3930800 0.00024901415 4.5403828e-05
3931000 0.00025223503 5.0800224e-05
3931200 0.00026852211 4.1656261e-05
3931400 0.0002566826 6.0987549e-05
3931600 0.00025595957 4.6428102e-05
3931800 0.00025023966 5.7154975e-05
3932000 0.00025659934 4.3900977e-05
3932200 0.00023963988 4.5176782e-05
3932400 0.00025010447 3.9909937e-05
3932600 0.00025213262 3.4399632e-05
3932800 0.00026062798 4.5804049e-05
3933000 0.00025832181 3.3372323e-05
3933200 0.00026018829 4.2365094e-05
3933400 0.00026405273 3.8809412e-05
3933600 0.00025477856 4.1603153e-05
3933800 0.00024456734 5.2165446e-05
3934000 0.00024359923 5.3626517e-05
3934200 0.00024893897 4.2340255e-05
3934400 0.00024263118 4.8985272e-05
3934600 0.00025352124 4.6674553e-05
3934800 0.0002408979 4.9675071e-05
3935000 0.00025788808 3.6714487e-05
3935200 0.00024563126 3.7929302e-05
3935400 0.00026215777 4.5545392e-05
3935600 0.00025362872 4.1038585e-05
3935800 0.00024882431 4.2518854e-05
3936000 0.00025846541 3.45511e-05
3936200 0.00025763832 3.727509e-05
3936400 0.00024930176 4.7169363e-05
3936600 0.00024310465 4.7104176e-05
3936800 0.00025347552 4.3665757e-05
3937000 0.00023140531 5.8564495e-05
3937200 0.00024041863 5.6797069e-05
3937400 0.0002452255 5.4364198e-05
3937600 0.00025016317 4.2173315e-05
3937800 0.00024479219 5.2217359e-05
3938000 0.00025287504 5.0987251e-05
3938200 0.0002464786 5.4411436e-05
3938400 0.00025035212 5.0964959e-05
3938600 0.00024818361 5.5638678e-05
3938800 0.00024715618 5.3447158e-05
3939000 0.0002520039 4.4505801e-05
3939200 0.00024735061 5.213557e-05
3939400 0.0002387215 5.0881218e-05
3939600 0.00025862441 4.4810482e-05
3939800 0.00024848357 4.4721459e-05
3940000 0.00024397843 4.7394282e-05
3940200 0.00024693461 4.9669627e-05
3940400 0.00024518463 4.8812522e-05
3940600 0.00023548254 5.5433904e-05
3940800 0.00025753704 4.6976859e-05
3941000 0.00023992819 5.4954276e-05
3941200 0.00024480945 4.9630577e-05
3941400 0.0002473685 4.6343457e-05
3941600 0.0002555697 4.5397006e-05
3941800 0.000260055 3.6411317e-05
3942000 0.00024863194 5.2066804e-05
3942200 0.0002587902 4.1069263e-05
3942400 0.00025198699 5.0157144e-05
3942600 0.00024029393 5.2979011e-05
3942800 0.00024352212 4.691993e-05
3943000 0.00024282969 4.5002909e-05
3943200 0.00024842844 4.7874047e-05
3943400 0.00025175306 3.9292184e-05
3943600 0.00025090276 4.7318527e-05
3943800 0.00024994081 5.1022299e-05
3944000 0.00024086365 5.5843856e-05
3944200 0.00024151511 4.7522165e-05
3944400 0.00025754662 4.5815723e-05
3944600 0.00024995586 5.0876975e-05
3944800 0.00024039116 4.3261177e-05
3945000 0.00025680791 5.1153899e-05
3945200 0.00024653491 5.1725717e-05
3945400 0.00024078017 5.1426051e-05
3945600 0.00025146317 3.6757794e-05
3945800 0.00025070352 4.0399169e-05
3946000 0.00025197029 5.0855274e-05
3946200 0.00024992194 4.2610527e-05
3946400 0.00024825492 5.1556795e-05
3946600 0.00025429759 4.1342625e-05
3946800 0.00024191663 4.8249132e-05
3947000 0.00024243942 5.56072e-05
3947200 0.00025428703 5.6361431e-05
3947400 0.00025439206 4.911225e-05
3947600 0.00023366536 5.5479099e-05
3947800 0.00024013983 5.1707816e-05
3948000 0.00024413453 4.7415899e-05
3948200 0.00024552965 4.6050242e-05
3948400 0.0002369168 5.1377746e-05
3948600 0.00023621629 6.7609613e-05
3948800 0.00024918032 4.8617671e-05
3949000 0.00025727472 5.1746984e-05
3949200 0.00023653214 4.2930297e-05
3949400 0.00024115839 5.5675687e-05
3949600 0.00025768174 5.0652723e-05
3949800 0.00023819892 4.5918309e-05
3950000 0.00024889514 4.852208e-05
3950200 0.00023981842 5.1863138e-05
3950400 0.00023339589 5.5105717e-05
3950600 0.0002433017 4.3212415e-05
3950800 0.0002500611 4.0721727e-05
3951000 0.00023671721 5.3660528e-05
3951200 0.00023554008 6.0431609e-05
3951400 0.00024674375 5.4052216e-05
3951600 0.00024152632 5.2274149e-05
3951800 0.00024460682 5.2823067e-05
3952000 0.00023733884 4.7749773e-05
3952200 0.00025396763 5.1308227e-05
3952400 0.00024183222 5.1950651e-05
3952600 0.00023461744 4.9869256e-05
3952800 0.00023940841 5.6779237e-05
3953000 0.00023868046 5.669994e-05
3953200 0.00024214713 5.1801468e-05
3953400 0.00025813601 4.4496915e-05
3953600 0.00024996694 4.9929354e-05
3953800 0.00024910096 5.3891797e-05
3954000 0.00024444387 4.7176559e-05
3954200 0.00023106971 5.9248335e-05
3954400 0.0002399212 6.1549361e-05
3954600 0.00024275253 5.4755399e-05
3954800 0.00024485045 4.451873e-05
3955000 0.00025014037 4.6120723e-05
3955200 0.00024321362 4.8248152e-05
3955400 0.00024196904 5.9118817e-05
3955600 0.00023750097 5.687598e-05
3955800 0.00023303382 5.2002443e-05
3956000 0.00024762568 5.6929211e-05
3956200 0.00023898524 6.0021243e-05
3956400 0.00023848599 5.3002628e-05
3956600 0.00024658709 4.3003777e-05
3956800 0.00024774485 4.1417607e-05
3957000 0.00024384385 5.9215877e-05
3957200 0.00024892988 5.9595766e-05
3957400 0.00024473923 5.0644945e-05
3957600 0.00023923865 5.1947469e-05
3957800 0.00023703745 5.0063857e-05
3958000 0.00024256217 4.9806561e-05
3958200 0.00024165337 5.3045225e-05
3958400 0.00024545143 5.8461202e-05
3958600 0.00024197836 5.1810668e-05
3958800 0.00025092508 4.7355133e-05
3959000 0.00023516128 5.821146e-05
3959200 0.00023652472 5.4933048e-05
3959400 0.00023908567 5.0774544e-05
3959600 0.00024469275 5.8063032e-05
3959800 0.00024543035 5.8337794e-05
3960000 0.00023550883 5.4009652e-05
3960200 0.00024803442 4.5718079e-05
3960400 0.00025596897 4.3659857e-05
3960600 0.0002426319 5.8069463e-05
3960800 0.0002399267 5.1770635e-05
3961000 0.00024055916 5.679347e-05
3961200 0.00024865197 5.4935135e-05
3961400 0.00024170366 6.8051883e-05
3961600 0.00025102431 4.9375092e-05
3961800 0.00023723205 5.3770014e-05
3962000 0.00024463543 5.1524272e-05
3962200 0.00023370825 5.6933206e-05
3962400 0.0002386799 5.8980794e-05
3962600 0.00024196641 5.156836e-05
3962800 0.00025587165 5.0605668e-05
3963000 0.00024423157 5.7091317e-05
3963200 0.00025109675 5.1237805e-05
3963400 0.00024719994 4.6538587e-05
3963600 0.00022873679 6.1415071e-05
3963800 0.00024671465 4.2715283e-05
3964000 0.00023744995 5.3296755e-05
3964200 0.00023982071 5.2493451e-05
3964400 0.00025341063 4.7391241e-05
3964600 0.00023988866 4.9252508e-05
3964800 0.00024689686 4.9797673e-05
3965000 0.00024186842 5.6728055e-05
3965200 0.00023548781 5.7202019e-05
3965400 0.00024050024 5.9301869e-05
3965600 0.00023880482 5.0324353e-05
3965800 0.00023806069 6.2808967e-05
3966000 0.00024873657 5.5817134e-05
3966200 0.00024580198 5.9400529e-05
3966400 0.00023653876 6.2567801e-05
3966600 0.00023662533 5.7121313e-05
3966800 0.00023912414 6.1704288e-05
3967000 0.00024702097 4.8706789e-05
3967200 0.00023435183 6.6098892e-05
3967400 0.00024391738 5.1680641e-05
3967600 0.00024577001 5.7590034e-05
3967800 0.00023671894 6.3604718e-05
3968000 0.0002364296 5.6825966e-05
3968200 0.00023856841 7.136093e-05
3968400 0.00024066105 5.7001701e-05
3968600 0.00024541856 5.3069638e-05
3968800 0.00023539369 5.9949437e-05
3969000 0.00023025449 4.9595043e-05
3969200 0.00025919262 4.4111546e-05
3969400 0.00024110528 5.7142377e-05
3969600 0.00025042101 5.2541216e-05
3969800 0.00024295221 5.1595405e-05
3970000 0.00024354859 5.2675136e-05
3970200 0.0002427438 5.0951041e-05
3970400 0.00023928089 5.4764483e-05
3970600 0.00025106247 5.7983808e-05
3970800 0.00024413355 4.870383e-05
3971000 0.00025610325 4.7893158e-05
3971200 0.00025071269 5.1695061e-05
3971400 0.00024193594 5.0337884e-05
3971600 0.00024131793 5.9624564e-05
3971800 0.00023379088 5.894016e-05
3972000 0.00024197816 5.3554666e-05
3972200 0.00023667774 6.1214975e-05
3972400 0.00024263898 5.3809039e-05
3972600 0.00023611408 5.1646279e-05
3972800 0.00023510003 5.2817105e-05
3973000 0.00023712376 4.8094777e-05
3973200 0.00024803167 5.0302516e-05
3973400 0.00025166368 4.7095829e-05
3973600 0.00023595358 4.0721999e-05
3973800 0.0002357176 5.3811247e-05
3974000 0.00024307168 5.017657e-05
3974200 0.00024544956 4.540627e-05
3974400 0.00024687914 5.2179929e-05
3974600 0.00024501399 5.5130728e-05
3974800 0.00025091393 5.1363339e-05
3975000 0.00024258761 5.8979835e-05
3975200 0.0002466326 6.123497e-05
3975400 0.00024317405 6.2982509e-05
3975600 0.00024262909 7.3378772e-05
3975800 0.00024238174 5.5960338e-05
3976000 0.00024962879 5.2364907e-05
3976200 0.00024535045 5.1743477e-05
3976400 0.00023619919 5.436453e-05
3976600 0.00023792974 5.9025339e-05
3976800 0.00023042088 5.5570211e-05
3977000 0.00023877408 5.5123257e-05
3977200 0.0002532403 5.7222506e-05
3977400 0.00023966504 5.2799951e-05
3977600 0.00024293194 5.1196844e-05
3977800 0.00024896627 4.8842769e-05
3978000 0.0002422615 5.2931147e-05
3978200 0.00024815582 6.2636772e-05
3978400 0.00024059645 5.9133979e-05
3978600 0.00024569776 5.7398877e-05
3978800 0.00024231105 4.8827842e-05
3979000 0.00023760805 5.6048367e-05
3979200 0.00024096927 5.7830472e-05
3979400 0.00023688697 5.6464977e-05
3979600 0.0002350375 6.0951091e-05
3979800 0.00023916567 6.2123449e-05
3980000 0.00025046356 5.3798032e-05
3980200 0.00023189142 5.8848318e-05
3980400 0.00023731314 6.0150285e-05
3980600 0.00023868742 5.903933e-05
3980800 0.0002377599 5.8902839e-05
3981000 0.00025065807 4.3679095e-05
3981200 0.00025333765 5.2789041e-05
3981400 0.00024859691 6.071573e-05
3981600 0.00023668647 5.3424177e-05
3981800 0.00023229047 5.2809753e-05
3982000 0.00023717453 4.9098278e-05
3982200 0.0002426142 5.2578907e-05
3982400 0.00024606508 5.9281557e-05
3982600 0.00024430243 6.2904587e-05
3982800 0.00023941305 5.6429956e-05
3983000 0.00023650335 5.2292684e-05
3983200 0.0002332696 6.555135e-05
3983400 0.00023381255 6.6956528e-05
3983600 0.00024515348 5.3903763e-05
3983800 0.00024485926 5.8208597e-05
3984000 0.00024811597 5.3139052e-05
3984200 0.00024277079 5.7139574e-05
3984400 0.00024777012 4.8700792e-05
3984600 0.0002267874 6.9558622e-05
3984800 0.00024164543 5.3058009e-05
3985000 0.00025177016 5.1728742e-05
3985200 0.00023891293 5.2234346e-05
3985400 0.00025721821 5.2175549e-05
3985600 0.00024465133 5.6812582e-05
3985800 0.00024223263 4.9360002e-05
3986000 0.00022749161 6.1391483e-05
3986200 0.00023546117 5.7268252e-05
3986400 0.00023617004 5.6183092e-05
3986600 0.00025475191 4.9960475e-05
3986800 0.00025265571 5.576358e-05
3987000 0.00024871053 5.0275876e-05
3987200 0.0002462438 5.5557039e-05
3987400 0.00024091152 5.9187552e-05
3987600 0.00024520604 5.8954808e-05
3987800 0.00024031836 5.465307e-05
3988000 0.00024984681 5.4549244e-05
3988200 0.00025141124 5.7073269e-05
3988400 0.00024678068 5.5845177e-05
3988600 0.00024233203 5.699689e-05
3988800 0.00024055816 5.5922513e-05
3989000 0.00024178339 5.7619094e-05
3989200 0.00024173844 5.3961887e-05
3989400 0.00023795566 6.4087959e-05
3989600 0.00024619257 4.9401067e-05
3989800 0.00023675743 5.5065616e-05
3990000 0.00023101453 5.2487512e-05
3990200 0.00023249738 6.4362512e-05
3990400 0.00023466836 6.187436e-05
3990600 0.00023991399 5.7635244e-05
3990800 0.0002414951 5.6283813e-05
3991000 0.00023276863 6.0467297e-05
3991200 0.00024152506 5.0360107e-05
3991400 0.00023395171 6.0866023e-05
3991600 0.00023608273 6.1096429e-05
3991800 0.00024218024 6.1323955e-05
3992000 0.00024306875 5.6237337e-05
3992200 0.0002466277 5.8668675e-05
3992400 0.00023993987 5.7868962e-05
3992600 0.00023862488 6.195786e-05
3992800 0.0002301307 6.1063605e-05
3993000 0.00025401661 4.4866315e-05
3993200 0.00024530491 5.1286593e-05
3993400 0.00023988381 5.4046822e-05
3993600 0.00024071486 6.0582065e-05
3993800 0.00023614633 6.6028292e-05
3994000 0.00021959587 6.2465477e-05
3994200 0.00023199825 5.8493839e-05
3994400 0.00022998335 6.1109505e-05
3994600 0.00023402571 6.6194805e-05
3994800 0.00024009636 6.1336155e-05
3995000 0.00024238983 4.6126908e-05
3995200 0.00024136776 5.6192268e-05
3995400 0.00024424222 5.232179e-05
3995600 0.0002421876 5.3418559e-05
3995800 0.00024684874 5.404832e-05
3996000 0.00023993807 5.0954018e-05
3996200 0.00024454287 5.9759961e-05
3996400 0.0002484981 5.3759499e-05
3996600 0.00024584746 6.0268434e-05
3996800 0.0002486793 5.4291589e-05
3997000 0.00023895726 5.6953641e-05
3997200 0.0002438219 6.250439e-05
3997400 0.00023961824 5.83262e-05
3997600 0.00024519395 5.5142755e-05
3997800 0.00023737275 5.3847794e-05
3998000 0.00023643711 6.0419092e-05
3998200 0.00023893647 5.6541307e-05
3998400 0.0002443536 5.5173315e-05
3998600 0.00024378584 5.0137026e-05
3998800 0.00023865228 5.4920034e-05
3999000 0.00024178969 5.1932598e-05
3999200 0.00024594852 5.1863142e-05
3999400 0.00024082759 6.0289909e-05
3999600 0.00025245856 5.1711749e-05
3999800 0.00023885955 5.5476242e-05
4000000 0.00024788371 5.1684532e-05
4000200 0.00023864394 5.7917695e-05
4000400 0.00024574621 5.353861e-05
4000600 0.0002348127 5.822359e-05
4000800 0.0002370709 5.8106489e-05
4001000 0.00024929388 5.3309088e-05
4001200 0.00024097718 5.5746758e-05
4001400 0.0002452456 4.883626e-05
4001600 0.00023827344 6.0091463e-05
4001800 0.00023815309 5.2796682e-05
4002000 0.00023416208 5.725729e-05
4002200 0.00024183061 5.2111736e-05
4002400 0.00023380964 6.7770817e-05
4002600 0.00024161037 5.8036278e-05
4002800 0.00023708629 5.4668593e-05
4003000 0.00024533476 5.0270685e-05
4003200 0.00023753579 5.3856472e-05
4003400 0.00024923689 4.5283531e-05
4003600 0.00024756449 4.2258113e-05
4003800 0.00024478432 5.8679439e-05
4004000 0.0002331929 5.6806601e-05
4004200 0.00024238002 5.1653696e-05
4004400 0.00024319284 4.7822871e-05
4004600 0.00024203333 4.8935365e-05
4004800 0.00025563554 4.8559667e-05
4005000 0.00023982278 5.6434725e-05
4005200 0.00025254853 4.9735769e-05
4005400 0.00025415818 5.1419656e-05
4005600 0.00023776938 4.9292252e-05
4005800 0.00023768786 5.5623839e-05
4006000 0.00024638056 5.1918096e-05
4006200 0.0002483307 5.2531231e-05
4006400 0.00024602491 5.3036922e-05
4006600 0.00024082633 5.5674724e-05
4006800 0.00024293148 5.2015585e-05
4007000 0.00025444291 4.763097e-05
4007200 0.00025297234 5.8079582e-05
4007400 0.00023737013 5.7435971e-05
4007600 0.00023512634 6.8451529e-05
4007800 0.00023596409 5.3984388e-05
4008000 0.00024212101 5.9752794e-05
4008200 0.00024473599 5.5386231e-05
4008400 0.00024641883 5.9324499e-05
4008600 0.00025032761 4.795276e-05
4008800 0.0002363495 5.9499018e-05
4009000 0.00024452235 5.2677874e-05
4009200 0.00024091411 6.1716944e-05
4009400 0.00023606708 5.6897855e-05
4009600 0.00024214286 5.8899926e-05
4009800 0.00024791337 6.2708987e-05
4010000 0.00023618844 6.096507e-05
4010200 0.00024527899 5.3425474e-05
4010400 0.00023975532 6.129975e-05
4010600 0.00023993763 5.3364344e-05
4010800 0.00024043351 5.8616256e-05
4011000 0.00023937071 5.8845478e-05
4011200 0.0002353011 5.6450608e-05
4011400 0.0002553724 5.2070156e-05
4011600 0.00025407729 5.3550241e-05
4011800 0.00024333473 5.0170943e-05
4012000 0.00022976464 6.0949217e-05
4012200 0.00024258735 5.6972566e-05
4012400 0.00024490251 5.8608145e-05
4012600 0.00024805757 5.3339947e-05
4012800 0.00024291828 6.2647883e-05
4013000 0.0002547787 5.9209877e-05
4013200 0.00024182059 5.5668218e-05
4013400 0.00024753505 5.8472388e-05
4013600 0.00024452166 5.384704e-05
4013800 0.00024661306 5.6560523e-05
4014000 0.00024109921 5.6472205e-05
4014200 0.00024320362 5.3916869e-05
4014400 0.00024645135 5.1812324e-05
4014600 0.00024815711 5.0784649e-05
4014800 0.00024177723 5.6944602e-05
4015000 0.00024052509 5.775442e-05
4015200 0.00024402734 6.1495125e-05
4015400 0.00024030414 6.039505e-05
4015600 0.00024691452 5.3057928e-05
4015800 0.00024710284 5.5744171e-05
4016000 0.00023866508 6.0325841e-05
4016200 0.00023416212 5.8204542e-05
4016400 0.0002574887 4.9226641e-05
4016600 0.00024418162 5.5398647e-05
4016800 0.00024012677 4.6819153e-05
4017000 0.00023367984 6.5693263e-05
4017200 0.00023127821 5.9978515e-05
4017400 0.00024742163 5.2519007e-05
4017600 0.00025077086 4.8785231e-05
4017800 0.00024613043 5.6735619e-05
4018000 0.00026148215 5.1673921e-05
4018200 0.00024596721 5.3046067e-05
4018400 0.00024061373 6.2919952e-05
4018600 0.00024495152 5.3999393e-05
4018800 0.00023681676 5.7406888e-05
4019000 0.00025083586 6.0034382e-05
4019200 0.00024834106 5.5806466e-05
4019400 0.00024359265 5.8388447e-05
4019600 0.00024446334 6.1384677e-05
4019800 0.00024546375 5.7038758e-05
4020000 0.00024407059 5.6078104e-05
4020200 0.00024135555 5.4878596e-05
4020400 0.00025031389 5.6261615e-05
4020600 0.00024656166 5.4693707e-05
4020800 0.00025112303 5.5925011e-05
4021000 0.00023777668 5.7729769e-05
4021200 0.0002424873 5.0415653e-05
4021400 0.00025133323 4.8424145e-05
4021600 0.0002544522 5.7448539e-05
4021800 0.00024885229 5.3280569e-05
4022000 0.00024862827 5.0679299e-05
4022200 0.00024649501 5.5078919e-05
4022400 0.00024268782 5.3421568e-05
4022600 0.00024783962 4.387848e-05
4022800 0.00025499562 4.75856e-05
4023000 0.00025135452 5.1392428e-05
4023200 0.00025233752 4.4613083e-05
4023400 0.00024679708 5.1160356e-05
4023600 0.00024639248 5.3037975e-05
4023800 0.00024691389 4.541052e-05
4024000 0.00024915932 5.707432e-05
4024200 0.00025144791 5.0874017e-05
4024400 0.0002485665 4.5074509e-05
4024600 0.00024167528 5.165615e-05
4024800 0.0002395574 5.844312e-05
4025000 0.00024615907 5.3380958e-05
4025200 0.00024687361 5.7170705e-05
4025400 0.00025232847 4.8435263e-05
4025600 0.00024437315 5.812679e-05
4025800 0.00023568886 6.2979609e-05
4026000 0.00024980395 5.7405615e-05
4026200 0.00024717853 6.2715512e-05
4026400 0.00024890682 5.8116016e-05
4026600 0.0002445864 4.3783173e-05
4026800 0.00024173792 5.2133871e-05
4027000 0.00023821521 5.6108213e-05
4027200 0.00025042186 5.6963173e-05
4027400 0.00025059571 5.4164466e-05
4027600 0.00024260263 5.824603e-05
4027800 0.00025011309 5.3893562e-05
4028000 0.00024566642 5.4627442e-05
4028200 0.00023866196 6.047293e-05
4028400 0.00025105772 5.6307371e-05
4028600 0.00025446744 5.3082304e-05
4028800 0.0002441276 5.4768008e-05
4029000 0.00024853915 5.5806447e-05
4029200 0.00024495174 5.6675915e-05
4029400 0.00024727497 6.2774546e-05
4029600 0.00025332397 5.2666975e-05
4029800 0.00023940446 5.4153426e-05
4030000 0.00024372975 5.1646596e-05
4030200 0.0002401306 5.4131613e-05
4030400 0.00023316284 5.6219546e-05
4030600 0.00023517499 6.305961e-05
4030800 0.00024321476 5.9301528e-05
4031000 0.0002430812 6.1994008e-05
4031200 0.0002378253 6.2714768e-05
4031400 0.00024229982 5.6886036e-05
4031600 0.00024987447 4.9855215e-05
4031800 0.00024519907 5.5375131e-05
4032000 0.00025105096 5.0905963e-05
4032200 0.00024611212 5.4474412e-05
4032400 0.00025131623 5.6495567e-05
4032600 0.00024361255 4.9915653e-05
4032800 0.00024690377 5.6832536e-05
4033000 0.00024852433 5.6062526e-05
4033200 0.00024572644 5.5206706e-05
4033400 0.00024748629 5.5116794e-05
4033600 0.00024483442 5.8600754e-05
4033800 0.00024905778 5.5025421e-05
4034000 0.00023666378 5.7011255e-05
4034200 0.00025617812 4.6568694e-05
4034400 0.00024398632 6.3937128e-05
4034600 0.00024783908 6.096566e-05
4034800 0.00024980461 4.9276972e-05
4035000 0.0002446252 5.412983e-05
4035200 0.00024957068 6.0416107e-05
4035400 0.00024604037 5.7186437e-05
4035600 0.00023641304 5.6722126e-05
4035800 0.00023938418 5.7349063e-05
4036000 0.00025103638 5.863575e-05
4036200 0.00024196029 6.4757793e-05
4036400 0.00024404776 6.7751698e-05
4036600 0.0002418705 6.5626581e-05
4036800 0.00024080779 6.0993263e-05
4037000 0.00024212538 5.9650865e-05
4037200 0.00024190022 5.904902e-05
4037400 0.00024289757 6.4515885e-05
4037600 0.00023568056 6.8304417e-05
4037800 0.0002408486 5.6758036e-05
4038000 0.00024469478 6.2144763e-05
4038200 0.00023759419 5.9818075e-05
4038400 0.00024449091 6.461868e-05
4038600 0.00023519724 5.9694805e-05
4038800 0.00025036644 5.3636226e-05
4039000 0.00023331774 6.581832e-05
4039200 0.0002382157 6.0958806e-05
4039400 0.00023276923 5.7572557e-05
4039600 0.0002422345 6.1088453e-05
4039800 0.00025340885 6.1350253e-05
4040000 0.00024297415 5.6077771e-05
4040200 0.00024200466 5.9713494e-05
4040400 0.00024449863 5.2120664e-05
4040600 0.00025212591 5.568171e-05
4040800 0.00024090732 6.2383422e-05
4041000 0.00025050227 5.736653e-05
4041200 0.00024110418 5.7050779e-05
4041400 0.00023471876 6.5926354e-05
4041600 0.00023801973 6.2284447e-05
4041800 0.0002357424 6.4523958e-05
4042000 0.00024280398 5.7098707e-05
4042200 0.00024200459 5.3504421e-05
4042400 0.0002383662 6.6286556e-05
4042600 0.00024024801 5.7500988e-05
4042800 0.0002381175 6.357305e-05
4043000 0.00024159536 5.6968942e-05
4043200 0.00023453829 6.1245017e-05
4043400 0.00024407918 6.2820083e-05
4043600 0.00024047947 5.5048201e-05
4043800 0.0002387808 6.3536614e-05
4044000 0.00024137635 6.3013706e-05
4044200 0.00023667093 5.8410146e-05
4044400 0.00023885968 6.2746639e-05
4044600 0.00023578626 6.0729373e-05
4044800 0.00024923721 5.3465251e-05
4045000 0.00023876358 6.7081034e-05
4045200 0.00023196213 6.7240768e-05
4045400 0.00024245774 5.9020766e-05
4045600 0.00024099973 6.2735887e-05
4045800 0.00024129961 6.2481817e-05
4046000 0.00024571524 6.2021328e-05
4046200 0.00024765745 6.5759434e-05
4046400 0.00024579117 6.157871e-05
4046600 0.00024082231 6.5066695e-05
4046800 0.00024149712 6.2018692e-05
4047000 0.00023927219 5.7779905e-05
4047200 0.00023738848 6.0751013e-05
4047400 0.00024141063 6.1776654e-05
4047600 0.00024476244 5.4763138e-05
4047800 0.00023910323 6.1735418e-05
4048000 0.00023257463 6.2919742e-05
4048200 0.00024500348 5.9803505e-05
4048400 0.00023988518 7.4565575e-05
4048600 0.00024482048 6.842207e-05
4048800 0.00024096898 6.5926422e-05
4049000 0.00022696851 6.8669009e-05
4049200 0.00023168009 6.5222094e-05
4049400 0.00023709125 6.3332848e-05
4049600 0.00024144623 7.1802957e-05
4049800 0.00024288617 5.7085819e-05
4050000 0.00023315315 6.9916238e-05
4050200 0.00024324519 6.4691287e-05
4050400 0.00023462883 6.5219992e-05
4050600 0.00023035317 6.4318126e-05
4050800 0.00024377293 5.5566838e-05
4051000 0.000229884 7.0919963e-05
4051200 0.00022816266 7.1303364e-05
4051400 0.00023365645 6.4738674e-05
4051600 0.00023950493 5.5634456e-05
4051800 0.00024283891 5.6946412e-05
4052000 0.00023946928 6.8343514e-05
4052200 0.00024338187 6.1470734e-05
4052400 0.000235303 5.9377324e-05
4052600 0.00023799897 5.8795188e-05
4052800 0.00023990083 6.1777262e-05
4053000 0.00023601047 6.0709139e-05
4053200 0.00024006555 6.4874372e-05
4053400 0.0002370083 5.9547629e-05
4053600 0.0002411467 5.7602484e-05
4053800 0.00024348898 6.3683378e-05
4054000 0.00025316704 5.4601205e-05
4054200 0.00024485129 6.5382083e-05
4054400 0.00023638575 5.5229397e-05
4054600 0.00022355644 6.6438815e-05
4054800 0.00025121508 6.5627894e-05
4055000 0.0002340913 5.1973304e-05
4055200 0.00025127787 5.6808529e-05
4055400 0.00024021957 6.1160582e-05
4055600 0.00024251401 6.2862345e-05
4055800 0.00024503532 5.4834621e-05
4056000 0.00023934807 6.0571068e-05
4056200 0.0002428278 6.0689185e-05
4056400 0.00023356348 6.3523407e-05
4056600 0.0002365672 6.5017386e-05
4056800 0.00023652125 5.8105722e-05
4057000 0.0002305793 6.0805352e-05
4057200 0.00023958566 5.8679715e-05
4057400 0.00024675059 6.0742022e-05
4057600 0.00023745445 6.2640106e-05
4057800 0.00024753373 6.4451464e-05
4058000 0.00024450544 5.5944376e-05
4058200 0.00024009908 6.3092403e-05
4058400 0.00024736248 6.2296553e-05
4058600 0.00024134367 6.0726334e-05
4058800 0.00024144379 6.6912882e-05
4059000 0.00023920723 6.3690361e-05
4059200 0.00024154915 6.1199876e-05
4059400 0.00024200642 6.331156e-05
4059600 0.00024345639 6.9366073e-05
4059800 0.00024166327 7.0088737e-05
4060000 0.00024038588 6.3411711e-05
4060200 0.00023965277 6.3965892e-05
4060400 0.00024203066 5.7415933e-05
4060600 0.00023890794 6.534656e-05
4060800 0.00022966472 6.8670185e-05
4061000 0.00024617424 7.3373274e-05
4061200 0.00023585168 6.8439904e-05
4061400 0.00024489588 6.7080821e-05
4061600 0.00023395395 5.9262206e-05
4061800 0.00023067153 6.271341e-05
4062000 0.0002408034 6.7251013e-05
4062200 0.00022921815 6.6411284e-05
4062400 0.00024661366 6.3667096e-05
4062600 0.00023592931 6.4838192e-05
4062800 0.00023521664 6.5274872e-05
4063000 0.00024286294 6.3473002e-05
4063200 0.00024309126 5.7053846e-05
4063400 0.00023124857 7.1663248e-05
4063600 0.00023372963 6.899272e-05
4063800 0.00024195803 5.6334621e-05
4064000 0.00023760079 6.2805538e-05
4064200 0.00024206252 6.164443e-05
4064400 0.00024166426 6.4566119e-05
4064600 0.00023976421 6.8379093e-05
4064800 0.00023473504 6.3055326e-05
4065000 0.00023683042 5.924199e-05
4065200 0.00024374898 5.6480554e-05
4065400 0.00024029655 6.1596383e-05
4065600 0.00023914815 6.7570683e-05
4065800 0.00023841496 6.2493101e-05
4066000 0.00022991213 7.4119029e-05
4066200 0.00023781022 6.9428295e-05
4066400 0.00023549753 7.0585458e-05
4066600 0.00024790555 6.1799077e-05
4066800 0.0002291246 7.38991e-05
4067000 0.00023670698 6.2470108e-05
4067200 0.00023142601 6.1699958e-05
4067400 0.0002431142 6.9783099e-05
4067600 0.00024050242 6.9714917e-05
4067800 0.00023461981 6.2627921e-05
4068000 0.00022920131 7.2746072e-05
4068200 0.00023922804 6.9918189e-05
4068400 0.00024547638 6.4663502e-05
4068600 0.00024326421 7.1576459e-05
4068800 0.00024002244 7.2212106e-05
4069000 0.00024079911 6.0801483e-05
4069200 0.00023624352 6.2006538e-05
4069400 0.00024299028 6.3820224e-05
4069600 0.00023346801 6.2481347e-05
4069800 0.00023315857 6.9719106e-05
4070000 0.00022852897 6.7033522e-05
4070200 0.00023520809 6.9562509e-05
4070400 0.00022947219 7.3908718e-05
4070600 0.00023690811 7.0449031e-05
4070800 0.00024601782 6.063844e-05
4071000 0.00023137811 6.7696782e-05
4071200 0.00022789492 5.979015e-05
4071400 0.00024636425 5.7870615e-05
4071600 0.00023019844 7.3636404e-05
4071800 0.00024506492 6.227019e-05
4072000 0.00023251043 6.0814699e-05
4072200 0.00023970279 6.0810091e-05
4072400 0.00024032278 6.9811077e-05
4072600 0.00023917419 6.4786445e-05
4072800 0.0002429615 6.1829451e-05
4073000 0.00024105978 6.1831909e-05
4073200 0.00023902994 6.0587879e-05
4073400 0.0002411324 6.9233958e-05
4073600 0.00023338392 7.0126535e-05
4073800 0.00024638914 5.6128283e-05
4074000 0.00024353214 6.8511347e-05
4074200 0.00024069551 6.3808504e-05
4074400 0.00025470234 5.4793455e-05
4074600 0.00023701337 6.4187811e-05
4074800 0.0002310658 7.4231628e-05
4075000 0.00022436128 7.7236653e-05
4075200 0.00023973863 6.3120205e-05
4075400 0.00023454737 6.5457776e-05
4075600 0.00023155908 7.1692195e-05
4075800 0.00023840979 6.7691618e-05
4076000 0.00023061493 7.3681004e-05
4076200 0.00023855151 6.7730152e-05
4076400 0.00023414439 6.8185338e-05
4076600 0.00024238329 6.9093443e-05
4076800 0.00024374403 6.8832943e-05
4077000 0.0002401495 7.1462977e-05
4077200 0.00023502717 6.449557e-05
4077400 0.00024821962 6.605673e-05
4077600 0.00023530825 6.5317603e-05
4077800 0.00023884783 7.0490134e-05
4078000 0.0002363428 6.7255978e-05
4078200 0.00023845877 6.3133569e-05
4078400 0.00022868335 7.2828552e-05
4078600 0.00022839003 6.7351625e-05
4078800 0.00023450505 5.8848033e-05
4079000 0.00022964394 7.0662197e-05
4079200 0.00024091105 6.7671228e-05
4079400 0.00024883224 6.1889856e-05
4079600 0.00023759378 7.5616182e-05
4079800 0.00023223307 7.4203405e-05
4080000 0.00023765449 6.4740588e-05
4080200 0.00023713668 6.5319284e-05
4080400 0.00023758588 7.1820537e-05
4080600 0.00023104953 6.5350274e-05
4080800 0.00022596361 6.8214411e-05
4081000 0.00023819378 6.3474977e-05
4081200 0.00023936663 6.293148e-05
4081400 0.00024179877 7.0051784e-05
4081600 0.00023085729 6.5203151e-05
4081800 0.00022697116 7.4787625e-05
4082000 0.00022558629 7.2578226e-05
4082200 0.00023699318 7.1102381e-05
4082400 0.00023373175 7.1901222e-05
4082600 0.00022769376 7.2875937e-05
4082800 0.00023301147 6.9909101e-05
4083000 0.00023725025 7.0123333e-05
4083200 0.00024466943 6.6412097e-05
4083400 0.00023844956 7.0484086e-05
4083600 0.00023614965 7.2528298e-05
4083800 0.00024017835 6.7620917e-05
4084000 0.0002311571 7.2660963e-05
4084200 0.00024522071 5.9072184e-05
4084400 0.00023699997 7.0885585e-05
4084600 0.00023825444 6.9613832e-05
4084800 0.00023165273 7.8164858e-05
4085000 0.00023413352 7.0948835e-05
4085200 0.00024269528 7.4324013e-05
4085400 0.00023686226 6.4573136e-05
4085600 0.00022860604 6.9028279e-05
4085800 0.00023639371 6.9284248e-05
4086000 0.00023414185 6.1753086e-05
4086200 0.00023678351 6.9284534e-05
4086400 0.00022547494 6.7131048e-05
4086600 0.00023837309 6.4601355e-05
4086800 0.00023424849 7.3384747e-05
4087000 0.00023105548 6.6671087e-05
4087200 0.00022486582 7.1661175e-05
4087400 0.00023524666 7.1732055e-05
4087600 0.00023956882 6.8025455e-05
4087800 0.00024092404 6.2214687e-05
4088000 0.00023927082 7.1332102e-05
4088200 0.00024036254 7.0950899e-05
4088400 0.00024144027 6.7524316e-05
4088600 0.00023506419 7.3047081e-05
4088800 0.00025224633 6.2091618e-05
4089000 0.0002452546 6.707176e-05
4089200 0.00024014778 7.5658642e-05
4089400 0.00023557483 7.2396084e-05
4089600 0.00024601084 6.3766156e-05
4089800 0.00023764287 6.7800664e-05
4090000 0.00023616221 6.4597583e-05
4090200 0.00023243811 6.1698633e-05
4090400 0.00023043466 7.0434105e-05
4090600 0.00024629576 6.770271e-05
4090800 0.00025070239 6.3009089e-05
4091000 0.00024679359 5.9763313e-05
4091200 0.00024166041 6.5946784e-05
4091400 0.00023246129 8.1825043e-05
4091600 0.00023679119 6.1325982e-05
4091800 0.0002267352 6.2377609e-05
4092000 0.00023408175 6.189036e-05
4092200 0.00023194745 6.5974638e-05
4092400 0.00024010409 6.9566199e-05
4092600 0.00023173845 6.4190556e-05
4092800 0.00023137224 6.5762025e-05
4093000 0.00023904362 6.5334823e-05
4093200 0.00024150645 6.9834911e-05
4093400 0.00023874025 6.4748795e-05
4093600 0.00024044837 6.0527319e-05
4093800 0.00023732282 6.4595534e-05
4094000 0.00023308377 7.125597e-05
4094200 0.00024749396 6.0130645e-05
4094400 0.00024408378 6.6287466e-05
4094600 0.0002373348 7.065932e-05
4094800 0.00023321744 6.8088657e-05
4095000 0.00025253453 5.6058255e-05
4095200 0.0002440039 5.1143119e-05
4095400 0.00023937971 6.0662474e-05
4095600 0.00023527294 6.3956472e-05
4095800 0.00024438233 6.1283868e-05
4096000 0.00023203847 5.692711e-05
4096200 0.00023179677 6.7038295e-05
4096400 0.00023335594 6.2416427e-05
4096600 0.0002351255 6.7537171e-05
4096800 0.0002281033 7.0523022e-05
4097000 0.0002322489 6.5805069e-05
4097200 0.00022863638 6.7819969e-05
4097400 0.00023755171 6.8720234e-05
4097600 0.0002318811 7.102525e-05
4097800 0.0002272127 7.6611918e-05
4098000 0.00022217524 6.868707e-05
4098200 0.00023171226 5.830876e-05
4098400 0.00023374196 6.2834314e-05
4098600 0.00022320518 6.9221531e-05
4098800 0.00022806716 6.7031562e-05
4099000 0.000231864 7.03905e-05
4099200 0.00023529222 6.1978359e-05
4099400 0.00023971217 5.842651e-05
4099600 0.00023187999 6.1385362e-05
4099800 0.00024293962 6.0093131e-05
4100000 0.00023236894 6.1588211e-05
4100200 0.00023850237 6.5011535e-05
4100400 0.00024362206 7.1813642e-05
4100600 0.00023342527 6.6900474e-05
4100800 0.00023411405 6.719189e-05
4101000 0.00023801885 7.0842999e-05
4101200 0.00023979813 6.2653675e-05
4101400 0.00022150707 7.0691541e-05
4101600 0.00023322956 6.8466638e-05
4101800 0.00023620341 6.4203227e-05
4102000 0.00023112912 6.6916503e-05
4102200 0.00023506118 6.6365044e-05
4102400 0.00023678551 7.3075458e-05
4102600 0.00022548139 7.2494778e-05
4102800 0.00022734209 6.9288525e-05
4103000 0.0002225643 7.25963e-05
4103200 0.00023067883 5.7592144e-05
4103400 0.00023899995 6.5949767e-05
4103600 0.00023787533 6.136994e-05
4103800 0.00024492779 6.2396395e-05
4104000 0.00023678374 6.6137271e-05
4104200 0.0002266328 7.2181499e-05
4104400 0.0002209115 6.9094934e-05
4104600 0.00023395242 6.4923511e-05
4104800 0.00022781115 7.0085112e-05
4105000 0.00023901175 5.9662681e-05
4105200 0.00023511983 6.1072405e-05
4105400 0.0002425982 5.7230913e-05
4105600 0.00023355175 6.6281211e-05
4105800 0.00023184058 6.9990175e-05
4106000 0.0002403066 6.273133e-05
4106200 0.00022992305 6.9566769e-05
4106400 0.00024724663 6.3222552e-05
4106600 0.00023660542 6.8616194e-05
4106800 0.00024204001 5.6585361e-05
4107000 0.00023198216 6.7270767e-05
4107200 0.00024156928 6.1112103e-05
4107400 0.00022713702 6.9544854e-05
4107600 0.00022949557 7.0831567e-05
4107800 0.00023400784 6.646098e-05
4108000 0.00024154655 5.9428064e-05
4108200 0.00024658947 6.0327399e-05
4108400 0.00023855159 6.7644231e-05
4108600 0.00022856476 7.1716795e-05
4108800 0.00023857618 6.2450803e-05
4109000 0.00023361728 6.8881117e-05
4109200 0.00023469511 6.7322241e-05
4109400 0.00023759614 6.3360461e-05
4109600 0.00022790554 6.1365633e-05
4109800 0.00023537164 7.4128586e-05
4110000 0.00023289901 6.8014816e-05
4110200 0.00023762496 7.0096622e-05
4110400 0.00023592296 6.7518325e-05
4110600 0.00023706522 6.6761521e-05
4110800 0.0002379042 6.0195733e-05
4111000 0.00023954742 6.5247571e-05
4111200 0.00023267042 6.5543767e-05
4111400 0.00023251314 7.2120634e-05
4111600 0.00023990401 6.5329668e-05
4111800 0.00023797538 7.1580544e-05
4112000 0.0002438649 6.6375629e-05
4112200 0.00023859349 6.4060276e-05
4112400 0.00023485116 7.2377468e-05
4112600 0.0002367405 5.6253952e-05
4112800 0.0002364339 6.0689924e-05
4113000 0.00023038394 6.0995961e-05
4113200 0.00023672337 6.499467e-05
4113400 0.00024083112 6.7940768e-05
4113600 0.00022746973 6.8627139e-05
4113800 0.00023118099 7.1170114e-05
4114000 0.00022812535 6.6942454e-05
4114200 0.00023921826 6.0446173e-05
4114400 0.00023405593 6.7991441e-05
4114600 0.00023500839 6.561422e-05
4114800 0.00024012997 6.6533132e-05
4115000 0.00023601226 7.1867706e-05
4115200 0.00024029044 6.7278519e-05
4115400 0.00023623379 6.8030557e-05
4115600 0.00023256772 6.4596148e-05
4115800 0.00023018369 6.8738075e-05
4116000 0.00022705148 7.467919e-05
4116200 0.00023589314 7.252704e-05
4116400 0.00023650588 6.2231653e-05
4116600 0.00023272587 7.0456146e-05
4116800 0.00023735887 6.8057125e-05
4117000 0.00023319973 7.4154295e-05
4117200 0.00023834062 6.8838184e-05
4117400 0.0002222384 6.9798764e-05
4117600 0.00022669917 7.4692255e-05
4117800 0.00023288738 7.9286166e-05
4118000 0.00023532997 6.4800701e-05
4118200 0.00022584251 6.6478402e-05
4118400 0.00022881119 7.6001107e-05
4118600 0.00023413287 7.6192038e-05
4118800 0.00022737931 6.6822006e-05
4119000 0.00022519952 7.4533145e-05
4119200 0.00022898949 6.9186908e-05
4119400 0.00023639896 7.3976611e-05
4119600 0.00024544186 6.3265206e-05
4119800 0.00022852834 7.0867194e-05
4120000 0.00023382921 6.9968775e-05
4120200 0.00024007753 7.0249872e-05
4120400 0.00023519778 6.8863161e-05
4120600 0.00023779685 6.809256e-05
4120800 0.00023478786 7.0046915e-05
4121000 0.00023304532 6.6652371e-05
4121200 0.00022850048 6.5824806e-05
4121400 0.00023181627 6.9982965e-05
4121600 0.00022859348 6.0426166e-05
4121800 0.00023081752 7.4468767e-05
4122000 0.0002203316 7.3737129e-05
4122200 0.00022852995 6.6082718e-05
4122400 0.00023434456 7.2115241e-05
4122600 0.00023150286 6.7809137e-05
4122800 0.00022430677 7.4850462e-05
4123000 0.00022593143 6.3090507e-05
4123200 0.000230171 6.1243411e-05
4123400 0.00023655863 6.7729122e-05
4123600 0.00022741488 5.9902916e-05
4123800 0.00023169352 6.7521783e-05
4124000 0.00022926099 6.5442079e-05
4124200 0.00022484434 7.3853285e-05
4124400 0.00023755079 6.4473417e-05
4124600 0.00024009071 6.2262744e-05
4124800 0.00023118637 6.1566142e-05
4125000 0.00023737543 6.4330538e-05
4125200 0.00023998351 7.0999359e-05
4125400 0.00023424107 6.2521612e-05
4125600 0.00022758397 7.1971611e-05
4125800 0.00023694699 6.7360635e-05
4126000 0.00023402436 7.4912281e-05
4126200 0.00023591799 6.4690833e-05
4126400 0.0002430566 6.3805414e-05
4126600 0.00023526488 7.4127727e-05
4126800 0.0002318339 7.0156629e-05
4127000 0.00023738025 6.9724113e-05
4127200 0.00023920326 6.5239837e-05
4127400 0.00024023304 6.0381319e-05
4127600 0.00024209853 5.9008283e-05
4127800 0.00024458687 5.8381877e-05
4128000 0.00023585047 6.4712454e-05
4128200 0.00024131537 6.1749871e-05
4128400 0.00023446927 5.7895529e-05
4128600 0.00025256174 5.5123866e-05
4128800 0.00024795967 5.8319599e-05
4129000 0.00024328684 6.4949227e-05
4129200 0.0002355952 5.6606448e-05
4129400 0.00025339226 6.3709041e-05
4129600 0.0002455111 5.6211264e-05
4129800 0.00024590745 5.7899393e-05
4130000 0.00024458731 5.9902496e-05
4130200 0.00024925348 6.1046937e-05
4130400 0.00025087453 6.1974591e-05
4130600 0.00025391652 6.1390962e-05
4130800 0.00024366603 6.0453022e-05
4131000 0.0002496653 5.7126192e-05
4131200 0.00024352842 6.060098e-05
4131400 0.0002408146 6.5209442e-05
4131600 0.0002457591 5.1331214e-05
4131800 0.00024048074 7.3823441e-05
4132000 0.00023607037 5.1552514e-05
4132200 0.00024116243 6.5169118e-05
4132400 0.00024448911 6.1785866e-05
4132600 0.0002433941 6.510419e-05
4132800 0.00024673974 6.6964456e-05
4133000 0.00024414078 6.4142516e-05
4133200 0.00025138511 6.3396652e-05
4133400 0.00024426231 5.6064908e-05
4133600 0.00024703636 6.0112525e-05
4133800 0.00026181121 4.9639371e-05
4134000 0.00024218569 6.3780687e-05
4134200 0.00024226801 5.9202275e-05
4134400 0.00023839143 6.3264595e-05
4134600 0.00024690865 6.1969348e-05
4134800 0.00025293008 5.3807475e-05
4135000 0.00023571738 5.6661754e-05
4135200 0.00024266864 6.571426e-05
4135400 0.00023469568 6.1292439e-05
4135600 0.00023478964 6.8895233e-05
4135800 0.00023763844 6.4894611e-05
4136000 0.00023962613 5.877913e-05
4136200 0.00024498218 5.9877766e-05
4136400 0.00023677863 6.1468147e-05
4136600 0.00023757546 6.726814e-05
4136800 0.00024090672 5.5654384e-05
4137000 0.000241673 5.6826228e-05
4137200 0.00024682135 6.0885666e-05
4137400 0.00024364039 6.0862154e-05
4137600 0.00024718697 6.0719017e-05
4137800 0.00024443659 5.961031e-05
4138000 0.00024225172 6.2667881e-05
4138200 0.00023724467 6.6175869e-05
4138400 0.00024224903 6.0411051e-05
4138600 0.00025729173 5.5404073e-05
4138800 0.00024648779 6.5281999e-05
4139000 0.00025072868 4.8254974e-05
4139200 0.00024583647 5.3344552e-05
4139400 0.00024325621 5.4068803e-05
4139600 0.00024823169 6.2420418e-05
4139800 0.00024586529 5.7155408e-05
4140000 0.00024715577 6.1920156e-05
4140200 0.00025306399 5.5935529e-05
4140400 0.00026456364 5.8076004e-05
4140600 0.00025276015 6.1084476e-05
4140800 0.00024992251 6.2202797e-05
4141000 0.00025314975 6.9926781e-05
4141200 0.00024838076 6.0925059e-05
4141400 0.00025646584 5.8916323e-05
4141600 0.00025163256 6.8540513e-05
4141800 0.00024874342 7.0498341e-05
4142000 0.0002435216 6.5368947e-05
4142200 0.0002455571 6.3270849e-05
4142400 0.00025075057 6.1281287e-05
4142600 0.00025309429 6.3316789e-05
4142800 0.00024613036 6.4399642e-05
4143000 0.00024242117 7.0044459e-05
4143200 0.00024909766 6.4870926e-05
4143400 0.00024646599 6.3538342e-05
4143600 0.00025398976 5.4129101e-05
4143800 0.00025497639 5.6897393e-05
4144000 0.00024653515 7.905011e-05
4144200 0.00023529054 7.4437301e-05
4144400 0.00024290708 6.9586653e-05
4144600 0.00024937625 7.0500986e-05
4144800 0.00025250964 6.6630889e-05
4145000 0.00024656428 7.156491e-05
4145200 0.00023997405 7.4388373e-05
4145400 0.00024055984 6.87216e-05
4145600 0.00025546768 6.1097903e-05
4145800 0.0002558287 5.5992743e-05
4146000 0.00025242729 6.4752961e-05
4146200 0.00025422199 5.9672003e-05
4146400 0.00025641506 6.4384142e-05
4146600 0.00025396733 5.8477794e-05
4146800 0.0002570488 6.2451667e-05
4147000 0.00024822281 5.7999804e-05
4147200 0.00025014887 5.8157763e-05
4147400 0.00026079689 6.6147083e-05
4147600 0.00024984119 6.9344852e-05
4147800 0.00025411729 6.7558965e-05
4148000 0.00024502032 7.3140403e-05
4148200 0.00024623171 6.7127941e-05
4148400 0.00025207478 5.7509664e-05
4148600 0.00024917154 6.3452994e-05
4148800 0.0002515904 5.7441422e-05
4149000 0.00024948596 6.385298e-05
4149200 0.00025434696 6.5912547e-05
4149400 0.00025367726 6.5287267e-05
4149600 0.00025510114 6.5680088e-05
4149800 0.0002478004 6.254239e-05
4150000 0.00025208316 6.7073956e-05
4150200 0.00024965839 6.7478322e-05
4150400 0.00025467523 5.8083746e-05
4150600 0.0002596801 6.8858782e-05
4150800 0.00025393194 6.6433457e-05
4151000 0.00026156329 7.0368347e-05
4151200 0.00025463913 6.98344e-05
4151400 0.00025954592 5.9532711e-05
4151600 0.00025384683 6.2698385e-05
4151800 0.00025691521 6.924582e-05
4152000 0.00024551364 6.8684249e-05
4152200 0.00025922354 7.1327052e-05
4152400 0.00025235695 7.0613968e-05
4152600 0.00024659256 7.7466133e-05
4152800 0.00026138876 7.3074289e-05
4153000 0.00026110253 6.2576475e-05
4153200 0.00025781998 7.2269418e-05
4153400 0.00025212599 7.1379362e-05
4153600 0.00025987875 7.2566926e-05
4153800 0.0002495035 6.8636116e-05
4154000 0.00025219257 6.847328e-05
4154200 0.00024976399 6.1214513e-05
4154400 0.00025400736 6.4205556e-05
4154600 0.00025764861 7.1319924e-05
4154800 0.00025753699 6.7467466e-05
4155000 0.00024897024 7.0023507e-05
4155200 0.00025824216 6.1673605e-05
4155400 0.00025952213 6.4160138e-05
4155600 0.00024561052 7.7845254e-05
4155800 0.0002565164 6.8201661e-05
4156000 0.00026753456 5.8000423e-05
4156200 0.00025773689 6.5098319e-05
4156400 0.00025454606 6.8292895e-05
4156600 0.00025806181 6.8614162e-05
4156800 0.00025503066 7.1983413e-05
4157000 0.0002581918 6.3750727e-05
4157200 0.00025220606 7.6350727e-05
4157400 0.00025184307 7.1164132e-05
4157600 0.00025600999 6.0734144e-05
4157800 0.0002537418 7.3066073e-05
4158000 0.00025640249 6.4569883e-05
4158200 0.00026328846 7.0308378e-05
4158400 0.0002567658 6.9472467e-05
4158600 0.0002626375 6.3509847e-05
4158800 0.00024720851 7.2296724e-05
4159000 0.00025726468 7.0779827e-05
4159200 0.00025140641 7.4323481e-05
4159400 0.00025775808 6.8157254e-05
4159600 0.00025433678 6.8767651e-05
4159800 0.00025964552 5.7785426e-05
4160000 0.00026113259 7.0320414e-05
4160200 0.00025147718 7.2583365e-05
4160400 0.00025601082 6.5263713e-05
4160600 0.00026864319 5.9971114e-05
4160800 0.00025537161 6.1550049e-05
4161000 0.00026416798 6.4875509e-05
4161200 0.00026028176 7.2919377e-05
4161400 0.00024794396 6.8293623e-05
4161600 0.0002481377 7.3108253e-05
4161800 0.00025803072 6.2286638e-05
4162000 0.00025445807 6.970962e-05
4162200 0.00026419676 5.7947453e-05
4162400 0.00025700058 7.0007147e-05
4162600 0.00025197258 6.9236927e-05
4162800 0.00025652717 6.4412005e-05
4163000 0.00025065961 7.5415613e-05
4163200 0.00025351931 7.0614372e-05
4163400 0.00025659707 6.7669239e-05
4163600 0.00025179948 7.4577825e-05
4163800 0.000255052 6.5363652e-05
4164000 0.00025631478 6.719835e-05
4164200 0.00026451848 6.2286461e-05
4164400 0.00024740741 7.0611382e-05
4164600 0.00025108384 6.6779269e-05
4164800 0.00025401418 6.4800612e-05
4165000 0.00025585544 6.0178528e-05
4165200 0.00025120127 6.8482702e-05
4165400 0.00025899564 6.3205058e-05
4165600 0.00025997615 6.5773206e-05
4165800 0.00026121585 7.467614e-05
4166000 0.00025442653 6.7145811e-05
4166200 0.00024830112 6.4987322e-05
4166400 0.00025607917 6.115354e-05
4166600 0.00025424978 6.9224096e-05
4166800 0.0002594074 6.5843736e-05
4167000 0.00026050251 5.3088498e-05
4167200 0.00025451055 6.614409e-05
4167400 0.00026185514 6.6515646e-05
4167600 0.00025984676 6.4790653e-05
4167800 0.00025597152 7.0897752e-05
4168000 0.00025720846 6.4728371e-05
4168200 0.00025880878 6.6184213e-05
4168400 0.0002600667 6.2247857e-05
4168600 0.00026435492 6.5929886e-05
4168800 0.00025764806 7.2446509e-05
4169000 0.00025156857 7.0121293e-05
4169200 0.00027102911 6.2491572e-05
4169400 0.00026224674 6.5666368e-05
4169600 0.00026227486 6.9970983e-05
4169800 0.00025799575 7.5207477e-05
4170000 0.00026225459 6.8218621e-05
4170200 0.00026191899 6.2894409e-05
4170400 0.0002629512 6.6818757e-05
4170600 0.00026438025 6.6291818e-05
4170800 0.00025843884 7.4698028e-05
4171000 0.00026896903 6.8368799e-05
4171200 0.00026443987 6.6307287e-05
4171400 0.00025735504 6.5307256e-05
4171600 0.00026226595 6.900933e-05
4171800 0.00025065424 6.9280265e-05
4172000 0.00025786654 6.6029876e-05
4172200 0.00025898088 6.5089008e-05
4172400 0.00025138817 7.3217077e-05
4172600 0.00026372275 6.8733175e-05
4172800 0.00026817282 5.9874782e-05
4173000 0.00026062416 6.4215023e-05
4173200 0.00026029489 6.4159427e-05
4173400 0.00026504342 6.6199986e-05
4173600 0.00025694875 7.3607467e-05
4173800 0.00026270473 7.1724618e-05
4174000 0.0002628165 6.6203804e-05
4174200 0.00026518397 6.7564182e-05
4174400 0.00027081884 6.398223e-05
4174600 0.00026893729 6.5453398e-05
4174800 0.00026525493 6.6890891e-05
4175000 0.00025766841 7.318018e-05
4175200 0.00026980583 5.3808567e-05
4175400 0.00027052152 6.5223226e-05
4175600 0.00026917803 6.1219823e-05
4175800 0.00026821018 6.7360445e-05
4176000 0.00027590834 6.3144279e-05
4176200 0.00026742135 6.1307836e-05
4176400 0.00026437969 7.0659732e-05
4176600 0.00026780675 6.7235356e-05
4176800 0.00025897951 6.8402757e-05
4177000 0.00026249168 6.6673452e-05
4177200 0.00026781229 7.3681318e-05
4177400 0.00025245325 7.7717714e-05
4177600 0.00027485501 6.4740967e-05
4177800 0.00026847233 5.693069e-05
4178000 0.00026368107 6.5669381e-05
4178200 0.00027770076 5.9389654e-05
4178400 0.00027270362 7.0788115e-05
4178600 0.0002682662 7.1549027e-05
4178800 0.00026468682 6.945274e-05
4179000 0.00026775883 6.472663e-05
4179200 0.00026769615 5.8898444e-05
4179400 0.00027743402 5.9037325e-05
4179600 0.00027145055 6.6854977e-05
4179800 0.00027069928 6.4104647e-05
4180000 0.00027386993 6.111742e-05
4180200 0.0002708655 6.5600516e-05
4180400 0.00026441609 6.9550556e-05
4180600 0.00026409839 7.2305157e-05
4180800 0.00026642474 7.6419782e-05
4181000 0.00025910546 7.7100569e-05
4181200 0.00026305478 7.5158244e-05
4181400 0.00025555723 6.8336852e-05
4181600 0.00026301038 6.9001629e-05
4181800 0.00026516765 7.1586158e-05
4182000 0.00026305591 7.1724961e-05
4182200 0.00027081894 7.0132051e-05
4182400 0.00027947466 6.003352e-05
4182600 0.00027601065 6.9452987e-05
4182800 0.00026250632 7.0480471e-05
4183000 0.00026983664 6.6170195e-05
4183200 0.00026969644 6.2734693e-05
4183400 0.0002689136 6.3268567e-05
4183600 0.00027354952 5.5754353e-05
4183800 0.000272633 7.010661e-05
4184000 0.00027221079 6.6460735e-05
4184200 0.00026811714 7.2541027e-05
4184400 0.00027758216 6.5885814e-05
4184600 0.00027081101 6.9618985e-05
4184800 0.00026821708 5.9250325e-05
4185000 0.00027088583 5.6358077e-05
4185200 0.00026871539 6.0737854e-05
4185400 0.00026447857 7.6070065e-05
4185600 0.00025308224 7.7476801e-05
4185800 0.00026563912 7.4633064e-05
4186000 0.00027326745 6.0726358e-05
4186200 0.0002692525 6.2939843e-05
4186400 0.00027359728 6.821296e-05
4186600 0.00026353994 7.3624169e-05
4186800 0.00026387774 7.3026065e-05
4187000 0.00027039573 6.836322e-05
4187200 0.00026747978 7.4660073e-05
4187400 0.00026499678 6.8788807e-05
4187600 0.0002740167 7.3419664e-05
4187800 0.00027505332 7.6801251e-05
4188000 0.00026996073 6.6679165e-05
4188200 0.00027010463 6.4165729e-05
4188400 0.00027682537 6.7006548e-05
4188600 0.00026735603 6.2986372e-05
4188800 0.00026819756 6.8406751e-05
4189000 0.00027904566 5.9934442e-05
4189200 0.00027065462 6.3635754e-05
4189400 0.00028594471 6.5407626e-05
4189600 0.00026816088 5.7525151e-05
4189800 0.00028410385 5.9000617e-05
4190000 0.00027967106 6.8500252e-05
4190200 0.00026581788 7.495165e-05
4190400 0.00026653092 6.8312299e-05
4190600 0.00027512622 6.433847e-05
4190800 0.00028147318 6.5012539e-05
4191000 0.00027213032 6.7540072e-05
4191200 0.00027572485 6.9455486e-05
4191400 0.00027263154 6.3878231e-05
4191600 0.00027931803 5.8921523e-05
4191800 0.00027103318 6.6977186e-05
4192000 0.00027213383 6.5347455e-05
4192200 0.00027313577 7.6455498e-05
4192400 0.00026832925 7.0129488e-05
4192600 0.00026953669 6.9685787e-05
4192800 0.00027392752 6.4185671e-05
4193000 0.00027203392 6.0149322e-05
4193200 0.00026226286 7.0218783e-05
4193400 0.00026588108 6.5340169e-05
4193600 0.00028329496 5.2953853e-05
4193800 0.0002762733 6.2273458e-05
4194000 0.00027092679 6.9035163e-05
4194200 0.00027212797 7.1727073e-05
4194400 0.00027341154 6.6322396e-05
4194600 0.0002725011 6.8714408e-05
4194800 0.00027986953 6.0926662e-05
4195000 0.00027668766 7.1647146e-05
4195200 0.00028082494 6.2381091e-05
4195400 0.0002812418 6.1923655e-05
4195600 0.00027738703 6.7213193e-05
4195800 0.00027380306 6.0668869e-05
4196000 0.00028501879 6.0621713e-05
4196200 0.00027450968 6.412018e-05
4196400 0.00027863291 5.9956695e-05
4196600 0.00027468608 6.0794955e-05
4196800 0.00028700318 6.3473516e-05
4197000 0.00027799825 6.2238176e-05
4197200 0.00026874382 7.2048347e-05
4197400 0.00027474938 6.2660667e-05
4197600 0.0002831444 5.3570986e-05
4197800 0.00027852743 5.7615427e-05
4198000 0.00027410152 6.8497007e-05
4198200 0.00027503925 6.9655819e-05
4198400 0.0002775628 6.0163719e-05
4198600 0.00027749757 6.5670082e-05
4198800 0.00027589994 6.5360115e-05
4199000 0.00026786612 7.2596717e-05
4199200 0.00027965866 6.0630201e-05
4199400 0.00028376897 6.2052726e-05
4199600 0.00027493949 5.7508487e-05
4199800 0.00027235603 6.0469048e-05
4200000 0.0002786286 6.2265161e-05
4200200 0.00028419841 5.9292993e-05
4200400 0.00027509586 6.1029151e-05
4200600 0.00028176872 5.6747236e-05
4200800 0.00027710766 5.8950205e-05
4201000 0.00027863901 6.3853865e-05
4201200 0.0002871383 5.0431204e-05
4201400 0.00028311637 6.7006358e-05
4201600 0.00027185814 5.8596313e-05
4201800 0.00027958647 6.4740117e-05
4202000 0.00027475951 7.3103538e-05
4202200 0.00026865896 6.7564383e-05
4202400 0.00027442339 6.6187417e-05
4202600 0.00027347994 6.7862903e-05
4202800 0.00027769675 6.2149273e-05
4203000 0.00027989493 7.0404157e-05
4203200 0.0002802685 6.0402885e-05
4203400 0.00027480927 6.871083e-05
4203600 0.00027328156 6.7699412e-05
4203800 0.00027819957 6.5499864e-05
4204000 0.00027382008 5.6838527e-05
4204200 0.00026853685 7.2103292e-05
4204400 0.0002760131 7.178451e-05
4204600 0.00026674645 6.6423124e-05
4204800 0.00027135419 7.368811e-05
4205000 0.00027470123 6.6305548e-05
4205200 0.00027835062 5.9709851e-05
4205400 0.00027088338 6.7446745e-05
4205600 0.00027523961 6.24359e-05
4205800 0.00027059476 6.8504288e-05
4206000 0.00027659837 6.6116369e-05
4206200 0.00027285541 6.2187728e-05
4206400 0.00027991175 5.9473568e-05
4206600 0.00027403848 6.7626861e-05
4206800 0.0002674904 6.6628359e-05
4207000 0.00027036162 7.0676184e-05
4207200 0.00027421419 7.1826769e-05
4207400 0.00027583188 6.4820631e-05
4207600 0.00027406451 6.4594935e-05
4207800 0.00028063588 6.2646585e-05
4208000 0.00026397374 7.0117189e-05
4208200 0.00027531288 6.7253433e-05
4208400 0.00027445926 6.8669726e-05
4208600 0.00028403112 6.1917143e-05
4208800 0.00027836224 5.785506e-05
4209000 0.00027643064 5.9873163e-05
4209200 0.00027724613 6.0266877e-05
4209400 0.00027769432 5.7250316e-05
4209600 0.00027715883 6.463009e-05
4209800 0.00027641996 5.9876307e-05
4210000 0.00026984377 6.3929216e-05
4210200 0.00026607017 6.5837616e-05
4210400 0.00028379443 6.1727028e-05
4210600 0.00027694709 6.0056886e-05
4210800 0.00028254784 5.455213e-05
4211000 0.00028013277 6.7847471e-05
4211200 0.00026898894 7.0081825e-05
4211400 0.00028269189 5.9578565e-05
4211600 0.00028327985 6.8807008e-05
4211800 0.00028279759 5.7764251e-05
4212000 0.00027916313 5.929019e-05
4212200 0.00027658014 6.6688065e-05
4212400 0.00027027591 6.7378717e-05
4212600 0.00027314405 6.3869461e-05
4212800 0.00027233548 6.6670727e-05
4213000 0.0002728316 6.7554491e-05
4213200 0.00027388609 6.6141853e-05
4213400 0.00027018573 6.5591219e-05
4213600 0.00027439551 5.9875291e-05
4213800 0.00027349122 6.3985366e-05
4214000 0.00027531585 6.3091031e-05
4214200 0.00027463617 5.7422939e-05
4214400 0.00028021722 6.3473774e-05
4214600 0.00028090194 6.1793435e-05
4214800 0.00027235857 6.1426506e-05
4215000 0.0002751149 7.5279797e-05
4215200 0.00026637527 6.4719754e-05
4215400 0.00027956606 5.8455995e-05
4215600 0.00027660151 5.5741256e-05
4215800 0.00026856767 6.3124253e-05
4216000 0.00027772012 5.9691683e-05
4216200 0.00027732224 6.1911181e-05
4216400 0.00028056934 6.1219693e-05
4216600 0.00027162712 6.1958457e-05
4216800 0.00027377142 6.1573659e-05
4217000 0.0002634971 7.4786116e-05
4217200 0.00027091072 6.6710778e-05
4217400 0.00027231743 6.351035e-05
4217600 0.00026748238 6.2251536e-05
4217800 0.00027449107 5.5718634e-05
4218000 0.0002674259 6.1582106e-05
4218200 0.00027442769 6.3034974e-05
4218400 0.000275216 6.2939785e-05
4218600 0.00027980581 5.4307397e-05
4218800 0.00027471366 6.3625413e-05
4219000 0.00027843889 6.2356626e-05
4219200 0.00028373664 5.6537289e-05
4219400 0.00027903178 6.5223019e-05
4219600 0.00028190731 5.6809824e-05
4219800 0.00027408873 6.0960998e-05
4220000 0.00027437227 6.3130595e-05
4220200 0.00027972254 6.4424273e-05
4220400 0.00027902415 6.1466111e-05
4220600 0.00027797101 5.9831091e-05
4220800 0.00027891015 6.1306047e-05
4221000 0.00027833617 6.5952387e-05
4221200 0.00027304099 6.5784677e-05
4221400 0.00027345519 6.2591226e-05
4221600 0.00028057387 6.2457129e-05
4221800 0.00028111798 6.352525e-05
4222000 0.00027989557 6.1906495e-05
4222200 0.00027804044 6.613832e-05
4222400 0.00028608432 6.1676123e-05
4222600 0.00027700262 6.1963764e-05
4222800 0.00028245427 6.161226e-05
4223000 0.00027159444 6.4483903e-05
4223200 0.0002825317 5.783104e-05
4223400 0.00027707206 5.8468124e-05
4223600 0.00028557486 5.3584663e-05
4223800 0.00028349453 6.0835567e-05
4224000 0.00027898389 7.178232e-05
4224200 0.00027939738 6.2497892e-05
4224400 0.00027513391 6.5405144e-05
4224600 0.00027724008 6.1269401e-05
4224800 0.0002838462 5.8192745e-05
4225000 0.00028421686 5.3002428e-05
4225200 0.00027722693 6.0599073e-05
4225400 0.00028091947 5.584288e-05
4225600 0.00028293851 6.1782453e-05
4225800 0.00029245537 5.6935755e-05
4226000 0.00029061426 6.4731583e-05
4226200 0.00028151868 6.4376753e-05
4226400 0.00028023967 5.5120521e-05
4226600 0.00028088933 5.6085097e-05
4226800 0.00028707894 5.4851955e-05
4227000 0.00028025193 5.8298611e-05
4227200 0.00028137454 5.503296e-05
4227400 0.00028350387 6.2389315e-05
4227600 0.00027873105 6.101529e-05
4227800 0.00027937781 5.3982861e-05
4228000 0.0002760055 5.8884268e-05
4228200 0.00029333998 4.8333969e-05
4228400 0.00028785579 6.4673081e-05
4228600 0.00028409565 5.9968888e-05
4228800 0.00028200127 5.1381935e-05
4229000 0.00028359976 5.4803844e-05
4229200 0.00027935935 5.9370652e-05
4229400 0.00027927704 5.4574978e-05
4229600 0.00028118276 5.4246051e-05
4229800 0.00027591496 5.8126498e-05
4230000 0.00028522048 5.5947001e-05
4230200 0.00028403303 5.8084912e-05
4230400 0.00028261421 5.6487448e-05
4230600 0.00027866368 5.9653482e-05
4230800 0.0002751009 6.3182354e-05
4231000 0.00028026745 4.8842296e-05
4231200 0.00028369706 5.5089772e-05
4231400 0.00027978884 5.6828858e-05
4231600 0.00027293113 6.4935637e-05
4231800 0.00028791783 5.3688126e-05
4232000 0.00027257562 5.7535137e-05
4232200 0.00026755258 6.9096826e-05
4232400 0.00028493888 5.9196094e-05
4232600 0.00027651521 5.4178831e-05
4232800 0.00028024103 5.8882771e-05
4233000 0.00027559553 6.0664159e-05
4233200 0.00027838334 5.8645478e-05
4233400 0.00027393805 6.1388711e-05
4233600 0.00027893188 5.6468849e-05
4233800 0.00027838429 5.8517436e-05
4234000 0.00028182403 5.686443e-05
4234200 0.00027873523 6.1416439e-05
4234400 0.00028145395 5.546911e-05
4234600 0.00028549102 5.8770613e-05
4234800 0.00027806528 6.0097386e-05
4235000 0.00028230739 6.1266856e-05
4235200 0.00028746615 4.9313066e-05
4235400 0.00027367212 6.1431428e-05
4235600 0.00028754869 5.7330504e-05
4235800 0.0002832189 5.7843246e-05
4236000 0.00028488773 5.3520415e-05
4236200 0.00028051647 5.5781346e-05
4236400 0.00028276078 5.9578101e-05
4236600 0.00027946256 5.5224653e-05
4236800 0.00027484688 6.0238452e-05
4237000 0.00027453856 6.6152585e-05
4237200 0.00027888718 5.9867304e-05
4237400 0.0002829189 5.6743089e-05
4237600 0.0002770728 5.78139e-05
4237800 0.00028117208 5.3309409e-05
4238000 0.00028688184 5.5201036e-05
4238200 0.00028407555 5.9185614e-05
4238400 0.00027960449 6.0675444e-05
4238600 0.00027631307 6.1413309e-05
4238800 0.0002834981 5.4698755e-05
4239000 0.00027702183 6.1518933e-05
4239200 0.00027900104 5.7211411e-05
4239400 0.00027852883 6.4976661e-05
4239600 0.00028511633 5.3484585e-05
4239800 0.00028711858 5.8014702e-05
4240000 0.00028923214 5.5763479e-05
4240200 0.00028012644 5.9826173e-05
4240400 0.00027418312 5.8185129e-05
4240600 0.00028748898 5.9896857e-05
4240800 0.00028617316 5.2968665e-05
4241000 0.00028313473 4.7332709e-05
4241200 0.00028687853 4.7458173e-05
4241400 0.00028890951 5.6205808e-05
4241600 0.00028125796 5.5326604e-05
4241800 0.00028747625 5.7493983e-05
4242000 0.00028653944 5.3316725e-05
4242200 0.00027743221 6.3235867e-05
4242400 0.00029134115 5.3680291e-05
4242600 0.00029253966 5.5632523e-05
4242800 0.00028493622 5.5555738e-05
4243000 0.0002804866 5.4431877e-05
4243200 0.00028321803 5.868477e-05
4243400 0.00028593147 5.4268223e-05
4243600 0.00027919911 5.986611e-05
4243800 0.00028421727 5.9521211e-05
4244000 0.00027808517 5.5438943e-05
4244200 0.00027841636 6.262764e-05
4244400 0.00028311754 5.8063841e-05
4244600 0.00027232259 4.9225429e-05
4244800 0.00027913499 5.7548527e-05
4245000 0.00028441833 5.4687048e-05
4245200 0.0002781594 5.3517995e-05
4245400 0.00028620989 6.302959e-05
4245600 0.0002832011 6.0863297e-05
4245800 0.00028112287 5.5661761e-05
4246000 0.00028067089 5.4669353e-05
4246200 0.0002799869 6.2108989e-05
4246400 0.00027391801 6.0257007e-05
4246600 0.00028033268 5.7977688e-05
4246800 0.00027591404 5.8722249e-05
4247000 0.00028567647 5.9335465e-05
4247200 0.00028955899 5.4508744e-05
4247400 0.00028914549 5.6840896e-05
4247600 0.00028853062 5.6732651e-05
4247800 0.00028540691 5.6124553e-05
4248000 0.0002776544 6.2032459e-05
4248200 0.0002844104 5.2750096e-05
4248400 0.00028327147 5.2091767e-05
4248600 0.00027550786 6.4813395e-05
4248800 0.00028946882 5.1470463e-05
4249000 0.00028164735 6.0886494e-05
4249200 0.00028920947 5.5457143e-05
4249400 0.00028382692 5.4124945e-05
4249600 0.00028306625 6.2564936e-05
4249800 0.00028786681 6.557971e-05
4250000 0.00028675215 5.9885732e-05
4250200 0.00029045185 6.0294727e-05
4250400 0.00028556007 5.966049e-05
4250600 0.00028445846 5.7364518e-05
4250800 0.00029896969 5.6214255e-05
4251000 0.00028126516 6.3854445e-05
4251200 0.00029538862 5.8279009e-05
4251400 0.00027988134 6.1980007e-05
4251600 0.00027682124 5.8780928e-05
4251800 0.0002902479 5.485468e-05
4252000 0.00028776942 5.0757962e-05
4252200 0.00028641252 5.7028551e-05
4252400 0.00028003712 5.3170705e-05
4252600 0.00028996414 5.8577269e-05
4252800 0.00027657949 5.6086556e-05
4253000 0.00028282155 5.551609e-05
4253200 0.00028606156 5.4343105e-05
4253400 0.00028712885 5.5199822e-05
4253600 0.00027854004 6.0456994e-05
4253800 0.0002815216 5.3487869e-05
4254000 0.00028675326 5.2219515e-05
4254200 0.00028451751 5.6086168e-05
4254400 0.00029095429 5.1817296e-05
4254600 0.00028498008 5.4423628e-05
4254800 0.0002799758 6.1979221e-05
4255000 0.00028760646 5.3349109e-05
4255200 0.00028214213 5.9102327e-05
4255400 0.00028900664 5.4091546e-05
4255600 0.00028084966 5.9241265e-05
4255800 0.00028777808 5.4760494e-05
4256000 0.00027431605 6.5569425e-05
4256200 0.00028245648 5.8176377e-05
4256400 0.0002819793 5.732682e-05
4256600 0.00028369137 5.9633501e-05
4256800 0.00028424094 5.5986889e-05
4257000 0.00029220266 5.9110597e-05
4257200 0.00028523727 5.7697343e-05
4257400 0.00027747963 5.6467509e-05
4257600 0.00028231415 5.9628318e-05
4257800 0.00028546731 5.4647701e-05
4258000 0.00028804466 5.2204317e-05
4258200 0.00028260731 5.60476e-05
4258400 0.00027989146 5.5194959e-05
4258600 0.00028236952 5.2878639e-05
4258800 0.00028137251 5.5464446e-05
4259000 0.00029402499 5.1732418e-05
4259200 0.00028603267 5.2206949e-05
4259400 0.00028573774 5.9839135e-05
4259600 0.00028903974 5.4482564e-05
4259800 0.0002770323 6.6673903e-05
4260000 0.00028144275 5.6686253e-05
4260200 0.00028348697 5.6940211e-05
4260400 0.00028665664 6.1074282e-05
4260600 0.00028663381 5.5478335e-05
4260800 0.00028738468 5.6457866e-05
4261000 0.00029506917 5.0950026e-05
4261200 0.00028451229 5.6221854e-05
4261400 0.00028276029 5.8160375e-05
4261600 0.00028357881 5.2885362e-05
4261800 0.00027720624 5.9868403e-05
4262000 0.00028857513 5.6646688e-05
4262200 0.0002821418 5.3621767e-05
4262400 0.00028390251 5.2771742e-05
4262600 0.00028618187 5.5189536e-05
4262800 0.00028091221 6.1547047e-05
4263000 0.00028145522 5.9439275e-05
4263200 0.00028692571 5.2143692e-05
4263400 0.00027980972 5.4186577e-05
4263600 0.00028759436 5.0805539e-05
4263800 0.00027615802 6.3966332e-05
4264000 0.00028321059 5.4840679e-05
4264200 0.00028581932 5.4935835e-05
4264400 0.00028384596 5.7929612e-05
4264600 0.00028429887 5.6504771e-05
4264800 0.00028542001 5.7735886e-05
4265000 0.00028087343 5.6449026e-05
4265200 0.00029410277 4.8957898e-05
4265400 0.00027873462 5.6576278e-05
4265600 0.00028054855 5.4748596e-05
4265800 0.00028554859 5.6708382e-05
4266000 0.00027643494 5.0634601e-05
4266200 0.00028382533 5.7159661e-05
4266400 0.00028384264 5.6216117e-05
4266600 0.00028087508 5.3111474e-05
4266800 0.00029401206 4.8626981e-05
4267000 0.00028175651 5.2736741e-05
4267200 0.00027693431 4.9274938e-05
4267400 0.00029088414 5.0720936e-05
4267600 0.00028968279 5.0574484e-05
4267800 0.00028770167 6.4746353e-05
4268000 0.00028470443 5.8495056e-05
4268200 0.00028867071 4.9820548e-05
4268400 0.00028818294 5.7466124e-05
4268600 0.00028497655 5.291699e-05
4268800 0.00028222996 5.7467968e-05
4269000 0.00028284851 5.6036385e-05
4269200 0.00028501001 5.4105162e-05
4269400 0.00028610797 6.1753469e-05
4269600 0.000281052 5.4481634e-05
4269800 0.00028772221 5.8658218e-05
4270000 0.00029108684 5.4764015e-05
4270200 0.00029054298 5.5893603e-05
4270400 0.00027662301 6.2055999e-05
4270600 0.00027877963 5.5998223e-05
4270800 0.00028179739 6.0608856e-05
4271000 0.00028608613 5.6958223e-05
4271200 0.00028170581 5.7053927e-05
4271400 0.00029500725 5.6040977e-05
4271600 0.00028413265 5.8202519e-05
4271800 0.00027686546 6.4326596e-05
4272000 0.00028528765 5.0591377e-05
4272200 0.00028560211 6.1259683e-05
4272400 0.00028219702 5.7190602e-05
4272600 0.00027941206 6.2168467e-05
4272800 0.00027751487 5.6678842e-05
4273000 0.00028149568 6.0391864e-05
4273200 0.00028411948 6.0891865e-05
4273400 0.00028197413 5.792334e-05
4273600 0.00027956399 6.1078668e-05
4273800 0.00029039297 5.5600791e-05
4274000 0.00028602412 5.9647788e-05
4274200 0.00028044769 6.4132869e-05
4274400 0.00028585629 6.0371044e-05
4274600 0.00028615028 6.408117e-05
4274800 0.00029000112 5.7851824e-05
4275000 0.00028249995 5.340871e-05
4275200 0.00028472839 5.237378e-05
4275400 0.00028885905 5.3354399e-05
4275600 0.00028644142 5.527298e-05
4275800 0.00028762563 4.9915396e-05
4276000 0.00027917252 5.9239985e-05
4276200 0.00028485717 4.7219635e-05
4276400 0.00028249574 5.5092016e-05
4276600 0.0002879206 5.5890377e-05
4276800 0.00028238781 5.9564072e-05
4277000 0.00028137875 5.3042845e-05
4277200 0.00027043298 6.764817e-05
4277400 0.00028118219 5.7920102e-05
4277600 0.00028091546 5.4380249e-05
4277800 0.00028196115 5.8427873e-05
4278000 0.00027670535 5.6400201e-05
4278200 0.00027375749 6.1405786e-05
4278400 0.00028164309 4.8697558e-05
4278600 0.00029116075 5.4326738e-05
4278800 0.00027811212 5.188959e-05
4279000 0.00028471859 5.761481e-05
4279200 0.00029108745 5.1977689e-05
4279400 0.0002818763 5.590205e-05
4279600 0.00028981798 5.6686422e-05
4279800 0.00028498999 5.9139876e-05
4280000 0.00027903613 6.2375371e-05
4280200 0.00029028641 5.9433311e-05
4280400 0.00028010271 6.1184505e-05
4280600 0.0002719643 6.1017396e-05
4280800 0.00028305197 5.5985557e-05
4281000 0.00028184401 5.7774436e-05
4281200 0.00027842094 5.1690642e-05
4281400 0.00029142113 5.0877481e-05
4281600 0.00028253556 5.7746122e-05
4281800 0.00028138754 6.1547633e-05
4282000 0.00028981019 5.4445806e-05
4282200 0.00028746963 4.9212485e-05
4282400 0.00028275665 5.8267233e-05
4282600 0.00029441594 4.9213117e-05
4282800 0.00029299574 4.9412537e-05
4283000 0.00028128845 6.2221247e-05
4283200 0.00028602735 5.4699154e-05
4283400 0.00028112975 5.7092122e-05
4283600 0.00028738053 5.5850622e-05
4283800 0.00029092246 5.0999425e-05
4284000 0.00028467013 5.924053e-05
4284200 0.00028539718 6.1695973e-05
4284400 0.00028022905 5.7792982e-05
4284600 0.00027675104 6.5474689e-05
4284800 0.00028362048 6.1785909e-05
4285000 0.00028671494 6.2791222e-05
4285200 0.00029168548 5.4118507e-05
4285400 0.00029044779 5.4905066e-05
4285600 0.00027958486 5.7681192e-05
4285800 0.00029187235 5.7236033e-05
4286000 0.00028704789 5.6752001e-05
4286200 0.00028183768 5.9557862e-05
4286400 0.00028863577 5.1910606e-05
4286600 0.00028414704 5.6598278e-05
4286800 0.00028496228 5.4348145e-05
4287000 0.00028685033 5.66628e-05
4287200 0.00028946644 5.8025566e-05
4287400 0.00028952857 5.9594512e-05
4287600 0.00027446854 6.1417855e-05
4287800 0.00028407408 5.345132e-05
4288000 0.00028362159 6.0594117e-05
4288200 0.00029246034 4.8320383e-05
4288400 0.00028403927 6.4038827e-05
4288600 0.00028726783 5.7257901e-05
4288800 0.00028087596 5.9143456e-05
4289000 0.00028402865 6.1115724e-05
4289200 0.00028629734 5.4461419e-05
4289400 0.00028696596 5.6762901e-05
4289600 0.00029242027 5.3091567e-05
4289800 0.00028967387 6.2171548e-05
4290000 0.0002925367 5.4505056e-05
4290200 0.00029166338 5.9435391e-05
4290400 0.00028803221 5.8428907e-05
4290600 0.00029364387 5.4559789e-05
4290800 0.00028902964 6.3380843e-05
4291000 0.00028213287 6.0587878e-05
4291200 0.00029085493 5.6928026e-05
4291400 0.00028499857 6.1003502e-05
4291600 0.00028432649 6.4460538e-05
4291800 0.00028499297 5.8985163e-05
4292000 0.00028601755 5.808238e-05
4292200 0.0002916848 5.3643511e-05
4292400 0.00028682651 5.7447176e-05
4292600 0.00028504014 5.7240849e-05
4292800 0.00028630133 5.6269559e-05
4293000 0.00029031981 4.8784258e-05
4293200 0.00028950658 5.5347828e-05
4293400 0.00029566156 5.1228834e-05
4293600 0.00029173321 5.406472e-05
4293800 0.00028827768 5.8926407e-05
4294000 0.00028517301 6.3926958e-05
4294200 0.00028907114 6.402783e-05
4294400 0.00029701024 5.4799833e-05
4294600 0.00029339599 5.7262519e-05
4294800 0.00028474781 6.1226522e-05
4295000 0.00029010273 5.7542456e-05
4295200 0.00028510967 5.8678389e-05
4295400 0.00028586562 5.1259959e-05
4295600 0.00028520605 5.5872322e-05
4295800 0.00028746179 5.8366262e-05
4296000 0.00028843839 6.1846173e-05
4296200 0.00028624419 5.6930389e-05
4296400 0.00029042066 5.4652571e-05
4296600 0.00028658982 6.4558336e-05
4296800 0.00027794542 6.195588e-05
4297000 0.00029073479 5.7449467e-05
4297200 0.00028446047 6.2706874e-05
4297400 0.00028729932 5.6519191e-05
4297600 0.00028926991 5.6309302e-05
4297800 0.00028917533 5.8536537e-05
4298000 0.00028846432 6.0547842e-05
4298200 0.00028089371 6.7914642e-05
4298400 0.00028301731 6.279462e-05
4298600 0.00026619335 6.4411928e-05
4298800 0.00028000832 6.2011354e-05
4299000 0.00028339512 5.5641694e-05
4299200 0.00028263112 5.9057878e-05
4299400 0.00027827356 6.4704302e-05
4299600 0.00028477677 6.1333286e-05
4299800 0.00028062265 5.9818806e-05
4300000 0.00028503002 5.9935837e-05
4300200 0.00027704651 6.6255354e-05
4300400 0.00027755496 6.7869415e-05
4300600 0.00027972872 6.3243349e-05
4300800 0.00028151684 6.1947994e-05
4301000 0.00027399785 6.103189e-05
4301200 0.00028042639 6.1364574e-05
4301400 0.00028269825 7.0160505e-05
4301600 0.00028149462 6.6911604e-05
4301800 0.00029175179 5.6441053e-05
4302000 0.00028894367 5.5670283e-05
4302200 0.00029056734 5.7558597e-05
4302400 0.00029215253 5.9185421e-05
4302600 0.00027990795 6.5336561e-05
4302800 0.00029148884 5.733793e-05
4303000 0.00028184076 6.0679039e-05
4303200 0.00029195563 5.2833573e-05
4303400 0.00029484206 5.4383343e-05
4303600 0.00029487274 5.1669741e-05
4303800 0.00028885941 5.7375165e-05
4304000 0.00028454948 6.016393e-05
4304200 0.00028216476 6.1108342e-05
4304400 0.00028336071 5.9988572e-05
4304600 0.00028750267 5.6201251e-05
4304800 0.00028068673 6.0108265e-05
4305000 0.00028119623 6.1119909e-05
4305200 0.00028055862 5.887634e-05
4305400 0.00028234914 6.0086689e-05
4305600 0.00028306631 5.9675353e-05
4305800 0.00028480436 5.7502156e-05
4306000 0.00028646911 5.7159094e-05
4306200 0.00028919144 5.903159e-05
4306400 0.00028850703 6.4445478e-05
4306600 0.00028578882 5.9866616e-05
4306800 0.00028435354 6.632476e-05
4307000 0.00028885503 6.260592e-05
4307200 0.00028880063 6.093185e-05
4307400 0.00028131217 6.7395114e-05
4307600 0.0002949373 6.8359826e-05
4307800 0.00029705351 4.9462468e-05
4308000 0.00029563549 5.4264058e-05
4308200 0.00028922646 6.2736485e-05
4308400 0.00028830964 6.0037602e-05
4308600 0.00028732977 6.0166001e-05
4308800 0.00028692529 6.153254e-05
4309000 0.00028639427 5.6519766e-05
4309200 0.00028329819 5.8277258e-05
4309400 0.00028734046 6.0273479e-05
4309600 0.00028723648 6.1073773e-05
4309800 0.00028848802 5.2579289e-05
4310000 0.00029376331 6.1488981e-05
4310200 0.00028612857 6.5688487e-05
4310400 0.0002912117 6.0730456e-05
4310600 0.00029904771 5.1582338e-05
4310800 0.00029192129 5.7341026e-05
4311000 0.00028914424 5.7919901e-05
4311200 0.00028154108 6.1405143e-05
4311400 0.00028764974 5.3525295e-05
4311600 0.00029034654 5.0428672e-05
4311800 0.00028551274 6.5691222e-05
4312000 0.00029305323 5.7765315e-05
4312200 0.00029109086 6.0593778e-05
4312400 0.00028287388 6.1590933e-05
4312600 0.00028966487 5.6340569e-05
4312800 0.00028883114 5.905766e-05
4313000 0.0002883204 5.2791107e-05
4313200 0.00028736885 5.4410783e-05
4313400 0.00028832335 5.7076488e-05
4313600 0.00029802579 5.6731492e-05
4313800 0.00028839286 5.1926407e-05
4314000 0.00030240695 4.9557429e-05
4314200 0.0002921795 5.6950887e-05
4314400 0.00028844286 6.1789442e-05
4314600 0.00028941587 6.1541658e-05
4314800 0.00029248948 5.7111457e-05
4315000 0.00028910197 6.0810806e-05
4315200 0.00028955877 5.781745e-05
4315400 0.00028599206 5.3914297e-05
4315600 0.00028755459 5.6024516e-05
4315800 0.0002919994 5.619119e-05
4316000 0.00028376689 5.9151069e-05
4316200 0.00028625442 5.7486742e-05
4316400 0.00028911725 4.8151299e-05
4316600 0.00028231597 5.1207181e-05
4316800 0.00028942855 6.0890036e-05
4317000 0.00028808427 5.9988086e-05
4317200 0.00029213516 5.0341444e-05
4317400 0.00029002252 5.4827758e-05
4317600 0.00029357214 5.5406785e-05
4317800 0.000289078 5.776447e-05
4318000 0.00029100759 6.1880723e-05
4318200 0.00028874923 5.4478614e-05
4318400 0.00028998784 5.3220844e-05
4318600 0.00029024333 5.1992664e-05
4318800 0.00029064935 5.7195647e-05
4319000 0.00029626389 5.3075945e-05
4319200 0.00029141905 5.2968191e-05
4319400 0.00028559602 6.2500947e-05
4319600 0.00029070105 5.0000097e-05
4319800 0.00028871354 5.3077988e-05
4320000 0.00029712166 5.6862858e-05
4320200 0.00030069844 5.0702471e-05
4320400 0.0002890992 5.1865529e-05
4320600 0.00028664121 6.1680263e-05
4320800 0.00028640502 5.6193889e-05
4321000 0.00030233632 4.9026523e-05
4321200 0.00029106474 5.0580738e-05
4321400 0.00029122694 4.7735265e-05
4321600 0.00029546063 5.3163873e-05
4321800 0.00029742003 5.2994031e-05
4322000 0.00029113586 5.8898259e-05
4322200 0.00029069473 5.2948913e-05
4322400 0.00028941145 5.2487453e-05
4322600 0.00029102413 5.7529193e-05
4322800 0.0003027806 5.2455707e-05
4323000 0.00029627051 5.138368e-05
4323200 0.00029618133 5.5390612e-05
4323400 0.00029588457 5.3060396e-05
4323600 0.00029525414 5.7027163e-05
4323800 0.00030458861 4.8225574e-05
4324000 0.00029702971 5.265469e-05
4324200 0.00028928544 6.1794783e-05
4324400 0.00029153189 6.0864939e-05
4324600 0.00029322699 5.0703221e-05
4324800 0.00028954811 5.8606251e-05
4325000 0.00028557215 5.5893215e-05
4325200 0.00029246849 5.8732192e-05
4325400 0.00028770269 5.8835834e-05
4325600 0.00029530916 5.6119361e-05
4325800 0.0002978363 5.5683629e-05
4326000 0.00028237834 6.1194008e-05
4326200 0.00029544028 5.5827884e-05
4326400 0.00029403902 5.1434954e-05
4326600 0.00030210837 5.6126747e-05
4326800 0.00029584923 4.8981133e-05
4327000 0.00028190534 5.7026026e-05
4327200 0.00029107177 5.5926045e-05
4327400 0.00029103635 5.9099042e-05
4327600 0.00028786181 6.0336685e-05
4327800 0.00028762517 5.9839446e-05
4328000 0.00029453996 5.8937683e-05
4328200 0.00029030809 5.2857557e-05
4328400 0.00029474344 4.9398371e-05
4328600 0.00029732177 4.4257927e-05
4328800 0.00030074297 6.0240591e-05
4329000 0.00029527711 5.5995685e-05
4329200 0.00028641363 5.4475486e-05
4329400 0.00029007472 5.4103541e-05
4329600 0.00029419362 5.2805527e-05
4329800 0.00029839029 5.3221726e-05
4330000 0.00030353924 4.4952847e-05
4330200 0.00029169041 5.6476694e-05
4330400 0.00029215683 5.2595929e-05
4330600 0.00028975754 5.2809878e-05
4330800 0.00029951091 5.111565e-05
4331000 0.00029691833 4.965475e-05
4331200 0.00029758748 5.882085e-05
4331400 0.00030745878 4.7843915e-05
4331600 0.00029930542 4.7741262e-05
4331800 0.00029823456 5.5678398e-05
4332000 0.00030446249 4.6326384e-05
4332200 0.00029184374 6.1078488e-05
4332400 0.00029830611 5.4849761e-05
4332600 0.0002980585 5.8035285e-05
4332800 0.00028722173 5.6152591e-05
4333000 0.00029175365 5.7480232e-05
4333200 0.00029834363 5.0877996e-05
4333400 0.00030024351 5.2810975e-05
4333600 0.0003051262 4.6185533e-05
4333800 0.00029958219 5.3664859e-05
4334000 0.00029601388 4.9258005e-05
4334200 0.0003092542 4.96232e-05
4334400 0.00030416931 4.2443466e-05
4334600 0.00029689692 5.3678765e-05
4334800 0.0003024987 5.5064495e-05
4335000 0.00029852517 5.6726341e-05
4335200 0.00029869728 5.9061237e-05
4335400 0.00029116705 6.4695905e-05
4335600 0.00029016849 5.1242629e-05
4335800 0.00030305408 5.1316441e-05
4336000 0.00029563604 5.386808e-05
4336200 0.00029442842 5.6258911e-05
4336400 0.00029575255 5.6067365e-05
4336600 0.00029720991 5.1985598e-05
4336800 0.00029390226 5.2823812e-05
4337000 0.00029898237 4.8944931e-05
4337200 0.00030382261 5.7889391e-05
4337400 0.00029891264 5.5923751e-05
4337600 0.00029965993 5.7800637e-05
4337800 0.00030437794 5.4896563e-05
4338000 0.00029909322 5.1426814e-05
4338200 0.00029783611 5.4994456e-05
4338400 0.00029737054 5.258008e-05
4338600 0.00029284151 5.7537691e-05
4338800 0.00030005961 4.9276857e-05
4339000 0.00029428287 5.4088877e-05
4339200 0.00031006804 5.7145819e-05
4339400 0.00029807074 5.3693377e-05
4339600 0.00029985338 5.7808058e-05
4339800 0.00029468293 5.0580653e-05
4340000 0.00030177169 5.250156e-05
4340200 0.00030273072 5.2465271e-05
4340400 0.00030085228 4.4275861e-05
4340600 0.00030291723 5.0427818e-05
4340800 0.00030024332 5.3990147e-05
4341000 0.0002973983 4.3584744e-05
4341200 0.00028648329 5.7787903e-05
4341400 0.00029825893 5.0417796e-05
4341600 0.00028989697 5.5773076e-05
4341800 0.0002973167 5.406651e-05
4342000 0.00029423111 5.2676698e-05
4342200 0.00029748116 5.6076935e-05
4342400 0.00030244593 4.8830897e-05
4342600 0.0002890816 5.2300355e-05
4342800 0.00029497208 5.3559326e-05
4343000 0.00028889898 5.5594099e-05
4343200 0.00030116039 4.7436486e-05
4343400 0.0002990878 5.4474853e-05
4343600 0.0002961944 4.6896059e-05
4343800 0.00028868819 5.7851277e-05
4344000 0.00030507855 5.0252982e-05
4344200 0.00030058701 4.7760356e-05
4344400 0.00029070358 5.1252217e-05
4344600 0.00029744609 5.5645863e-05
4344800 0.00028861507 5.1181408e-05
4345000 0.00029772337 5.4960314e-05
4345200 0.00030199304 5.5542374e-05
4345400 0.00029556616 4.8009463e-05
4345600 0.00029482944 5.7315946e-05
4345800 0.00030000716 4.3605001e-05
4346000 0.00029306978 4.9544496e-05
4346200 0.00029884778 5.3397052e-05
4346400 0.00029205689 4.8792882e-05
4346600 0.00029469113 6.1693925e-05
4346800 0.00030443966 5.2784594e-05
4347000 0.00029084206 5.9939623e-05
4347200 0.00030257823 5.1059189e-05
4347400 0.00028969216 4.9915198e-05
4347600 0.00030188969 4.976247e-05
4347800 0.00029052494 5.4445453e-05
4348000 0.0002947803 5.5727716e-05
4348200 0.00029159318 5.2474758e-05
4348400 0.00029644294 5.1798281e-05
4348600 0.00029625853 5.7557822e-05
4348800 0.00029667358 5.9388207e-05
4349000 0.00029819479 5.3465485e-05
4349200 0.00029699182 5.6375662e-05
4349400 0.0002956038 5.4637502e-05
4349600 0.00029775258 4.9421832e-05
4349800 0.00029133978 5.0585263e-05
4350000 0.00029319776 4.8176485e-05
4350200 0.0002974269 5.4632777e-05
4350400 0.00030078723 5.214485e-05
4350600 0.0002969592 4.8986691e-05
4350800 0.00029105668 5.8594491e-05
4351000 0.00029323515 5.3297911e-05
4351200 0.00029369962 5.6353243e-05
4351400 0.00029553355 5.6791374e-05
4351600 0.00029171808 6.0603392e-05
4351800 0.00029314677 5.6556633e-05
4352000 0.00029747593 5.3380758e-05
4352200 0.00029379862 5.3265234e-05
4352400 0.00029859433 4.9907826e-05
4352600 0.00029407824 5.5176262e-05
4352800 0.00029334613 6.0186586e-05
4353000 0.00030011707 5.0156203e-05
4353200 0.00029517108 5.7728778e-05
4353400 0.00030684951 4.988141e-05
4353600 0.00030009999 4.6409206e-05
4353800 0.00030110118 5.1045392e-05
4354000 0.00029901474 5.6721754e-05
4354200 0.00029839263 5.4160187e-05
4354400 0.00029092609 5.642662e-05
4354600 0.00029519031 5.6179668e-05
4354800 0.00029688052 5.608354e-05
4355000 0.00029275627 5.7623584e-05
4355200 0.00029671705 5.7721696e-05
4355400 0.00029363769 5.3349511e-05
4355600 0.00030333843 5.0686797e-05
4355800 0.00029611467 5.602529e-05
4356000 0.00028928119 5.0126251e-05
4356200 0.00029111646 5.6292223e-05
4356400 0.00030417925 5.2733381e-05
4356600 0.00029237439 5.4523629e-05
4356800 0.00029859494 4.862549e-05
4357000 0.00029780791 5.2428171e-05
4357200 0.00029588287 5.9739452e-05
4357400 0.00029389683 5.5075489e-05
4357600 0.00029675555 5.613819e-05
4357800 0.00029009876 5.6941964e-05
4358000 0.00029698649 4.8955666e-05
4358200 0.00029158058 5.2358816e-05
4358400 0.00029723869 5.0168186e-05
4358600 0.00029446969 5.2139767e-05
4358800 0.00028710296 5.248441e-05
4359000 0.00029241173 6.0178373e-05
4359200 0.00028482711 5.8792165e-05
4359400 0.00028736219 6.0144163e-05
4359600 0.00030320109 5.3683718e-05
4359800 0.00029294207 5.6404544e-05
4360000 0.00029852682 5.4923582e-05
4360200 0.00029494986 5.1024657e-05
4360400 0.00030122646 5.6362439e-05
4360600 0.00029747383 4.8160113e-05
4360800 0.00028532607 6.0983593e-05
4361000 0.00029528626 5.2297082e-05
4361200 0.00029924884 5.7821966e-05
4361400 0.00029596743 5.2987737e-05
4361600 0.00029476513 5.5506594e-05
4361800 0.0002957652 5.3949251e-05
4362000 0.00029685594 5.0383264e-05
4362200 0.0002986371 4.9304701e-05
4362400 0.00029107734 5.7074167e-05
4362600 0.00029990779 5.2988163e-05
4362800 0.0002968516 5.3319998e-05
4363000 0.00029594895 4.8085924e-05
4363200 0.00029256602 6.0153452e-05
4363400 0.00029896165 5.4987335e-05
4363600 0.00029637701 4.6038188e-05
4363800 0.00029546653 5.6654286e-05
4364000 0.00029993747 5.5187633e-05
4364200 0.00028965967 5.1093907e-05
4364400 0.00029697901 5.3641356e-05
4364600 0.00029318194 4.9838304e-05
4364800 0.00029461151 5.5742299e-05
4365000 0.00029551672 5.3185554e-05
4365200 0.00028867436 5.6363003e-05
4365400 0.00029614156 4.4583826e-05
4365600 0.00028694801 5.5801691e-05
4365800 0.00029072871 4.8460029e-05
4366000 0.00029364211 4.5647575e-05
4366200 0.00029822077 5.3145633e-05
4366400 0.00029216938 5.2599208e-05
4366600 0.00029291863 5.1159675e-05
4366800 0.00029842155 5.0471046e-05
4367000 0.00030573651 4.0296754e-05
4367200 0.00030297755 4.6061113e-05
4367400 0.00029708066 4.8956361e-05
4367600 0.00029751398 5.5820111e-05
4367800 0.00029125815 5.2038643e-05
4368000 0.00030399105 4.7855274e-05
4368200 0.00029463351 4.4937542e-05
4368400 0.00029374971 4.8006144e-05
4368600 0.0002946061 4.772057e-05
4368800 0.00029787206 4.8629094e-05
4369000 0.00030191371 5.0503424e-05
4369200 0.00029696183 5.1085207e-05
4369400 0.00030105495 4.9514857e-05
4369600 0.00030194833 5.4123591e-05
4369800 0.00029890422 5.2853895e-05
4370000 0.00030156732 5.3395009e-05
4370200 0.00029514297 5.2163233e-05
4370400 0.00030175205 4.7257509e-05
4370600 0.00029368783 5.2668184e-05
4370800 0.00030432602 4.6472205e-05
4371000 0.00029555486 4.7729041e-05
4371200 0.00030654947 5.0470902e-05
4371400 0.0003002189 5.143862e-05
4371600 0.00030592332 4.928499e-05
4371800 0.00030079477 5.0759974e-05
4372000 0.00029798076 5.3514203e-05
4372200 0.00029892674 4.8967777e-05
4372400 0.00029946763 5.1002969e-05
4372600 0.0002989457 4.872216e-05
4372800 0.00029524337 4.5611187e-05
4373000 0.00029924825 5.3569858e-05
4373200 0.00030236641 4.6583155e-05
4373400 0.00030255241 4.9929185e-05
4373600 0.00029766318 4.9925346e-05
4373800 0.00030144092 4.960893e-05
4374000 0.00030375946 5.339932e-05
4374200 0.0003027271 5.1483946e-05
4374400 0.00030019059 5.4579263e-05
4374600 0.00030002769 5.1429263e-05
4374800 0.00030096372 5.1014677e-05
4375000 0.00029992193 4.5672099e-05
4375200 0.00030094294 5.1170754e-05
4375400 0.0002988134 4.6609335e-05
4375600 0.00029751992 5.1734924e-05
4375800 0.00030336963 4.6039964e-05
4376000 0.00029900163 4.6746994e-05
4376200 0.0002981107 4.5909917e-05
4376400 0.00030283733 4.3682903e-05
4376600 0.00030738799 4.9117003e-05
4376800 0.00030431199 3.9937362e-05
4377000 0.00029503488 4.4654058e-05
4377200 0.00030130095 5.0633681e-05
4377400 0.00029215773 5.4518687e-05
4377600 0.00030353401 4.6452338e-05
4377800 0.00030277993 5.0985781e-05
4378000 0.0002948482 5.6011521e-05
4378200 0.00030066039 5.0992354e-05
4378400 0.0002990074 5.0211564e-05
4378600 0.00030199833 4.4617626e-05
4378800 0.00030400957 5.3265342e-05
4379000 0.00029950643 5.2423422e-05
4379200 0.00030657117 4.9249058e-05
4379400 0.00029722407 5.3485175e-05
4379600 0.00029948348 5.502801e-05
4379800 0.0002937727 5.6464336e-05
4380000 0.00029156896 5.7053195e-05
4380200 0.00030538851 4.0154939e-05
4380400 0.00029651744 4.9763506e-05
4380600 0.00030774137 4.396827e-05
4380800 0.00030406592 4.3260367e-05
4381000 0.00030466331 4.1353122e-05
4381200 0.00030230407 4.7481151e-05
4381400 0.0002947441 4.8058904e-05
4381600 0.00030266642 4.7718414e-05
4381800 0.0003008399 4.9830964e-05
4382000 0.00030239584 5.1557766e-05
4382200 0.00029785751 4.8064885e-05
4382400 0.00030438179 4.8317994e-05
4382600 0.00029980985 5.1327659e-05
4382800 0.0003068263 4.7738565e-05
4383000 0.00029827591 5.0799489e-05
4383200 0.00030098883 4.9602313e-05
4383400 0.00030273865 4.6370111e-05
4383600 0.00029956887 5.2091818e-05
4383800 0.00030151138 4.6473137e-05
4384000 0.00030340859 5.1564647e-05
4384200 0.00030672585 4.8922659e-05
4384400 0.00030612198 5.3429511e-05
4384600 0.00030480838 4.6239082e-05
4384800 0.00029441352 5.1729735e-05
4385000 0.00030118824 4.1282061e-05
4385200 0.00030068603 5.4598198e-05
4385400 0.00030163582 4.2052216e-05
4385600 0.00029983414 4.9823465e-05
4385800 0.00029326387 4.9880158e-05
4386000 0.00030138374 5.065863e-05
4386200 0.00030089729 5.1590832e-05
4386400 0.00029297906 5.593419e-05
4386600 0.00029809323 4.3697831e-05
4386800 0.0003035556 4.6651787e-05
4387000 0.00030548105 5.2603889e-05
4387200 0.00029248031 5.6599047e-05
4387400 0.0003024981 4.8901386e-05
4387600 0.00029701826 4.6462451e-05
4387800 0.00030316346 4.4031665e-05
4388000 0.00029263719 5.3854719e-05
4388200 0.00029999513 4.4463405e-05
4388400 0.00030466248 4.8991121e-05
4388600 0.0003130959 4.3487841e-05
4388800 0.00029845201 4.9912842e-05
4389000 0.00030450108 4.2187633e-05
4389200 0.00029897251 4.8339343e-05
4389400 0.00028553196 6.0821304e-05
4389600 0.00030435187 4.8366744e-05
4389800 0.00030529293 4.330113e-05
4390000 0.00030504477 4.262719e-05
4390200 0.0002984352 4.9135188e-05
4390400 0.00030779108 4.2661645e-05
4390600 0.00030501334 4.6228206e-05
4390800 0.00030024838 4.0826174e-05
4391000 0.00030627161 4.7048155e-05
4391200 0.00030195039 4.3748097e-05
4391400 0.00030152473 4.8435336e-05
4391600 0.00029722864 4.9264608e-05
4391800 0.00029672992 4.3680346e-05
4392000 0.00030727341 5.1051933e-05
4392200 0.00030846313 3.7656852e-05
4392400 0.00030495773 4.59119e-05
4392600 0.00031373441 4.7351017e-05
4392800 0.00030103184 4.7170177e-05
4393000 0.00030786118 4.5300239e-05
4393200 0.00031065038 4.2093e-05
4393400 0.00029794931 5.1809997e-05
4393600 0.00030112025 4.5503592e-05
4393800 0.00031345828 4.5151832e-05
4394000 0.0003073604 4.5037272e-05
4394200 0.00029687134 5.1296985e-05
4394400 0.00029882489 4.9656511e-05
4394600 0.00030357837 4.416436e-05
4394800 0.00030244955 4.7706913e-05
4395000 0.00030028392 4.4393125e-05
4395200 0.00029723181 4.7426221e-05
4395400 0.00030220427 5.1414004e-05
4395600 0.00029970407 4.6156664e-05
4395800 0.00030072458 4.7226173e-05
4396000 0.00030728043 4.7137729e-05
4396200 0.00029908092 4.903756e-05
4396400 0.00030847417 3.9902539e-05
4396600 0.00030687037 4.2140256e-05
4396800 0.00029718889 4.9059046e-05
4397000 0.00030589411 4.1632327e-05
4397200 0.00030519318 4.9472001e-05
4397400 0.00030978108 4.6727994e-05
4397600 0.00030564919 4.8552126e-05
4397800 0.00030662233 4.5121523e-05
4398000 0.0003029585 4.3990309e-05
4398200 0.00030083516 4.9307943e-05
4398400 0.00030781405 4.5224652e-05
4398600 0.0003090106 4.5063559e-05
4398800 0.00031034664 4.4788786e-05
4399000 0.0003085977 5.0932585e-05
4399200 0.00031824909 4.1602984e-05
4399400 0.00031148703 4.2155803e-05
4399600 0.00030271085 4.1788383e-05
4399800 0.00030984879 4.6270377e-05
4400000 0.00030228566 4.3673798e-05
4400200 0.00031378038 4.9228079e-05
4400400 0.00030383465 5.113312e-05
4400600 0.00030494396 4.8462854e-05
4400800 0.00031424246 4.7621178e-05
4401000 0.0003067209 4.6461844e-05
4401200 0.00030518135 4.9113661e-05
4401400 0.00031012482 4.5443358e-05
4401600 0.00030618628 4.207356e-05
4401800 0.00029401421 4.9337136e-05
4402000 0.00029623295 5.2854799e-05
4402200 0.0003012297 5.0865176e-05
4402400 0.00029785414 5.4928295e-05
4402600 0.00030853031 4.5308955e-05
4402800 0.00031615816 4.3740322e-05
4403000 0.00030273368 5.2981961e-05
4403200 0.00030192391 4.2837633e-05
4403400 0.00030713889 4.5780386e-05
4403600 0.00031226771 4.4295321e-05
4403800 0.00029970567 5.1050161e-05
4404000 0.0003157518 4.39209e-05
4404200 0.00030192265 4.612781e-05
4404400 0.0003134889 4.5456181e-05
4404600 0.00030307047 4.8594013e-05
4404800 0.00030673892 4.6117246e-05
4405000 0.00030771037 4.9732544e-05
4405200 0.00031828884 4.3416581e-05
4405400 0.00031099276 4.2965104e-05
4405600 0.0003099743 4.2491855e-05
4405800 0.00030508373 4.7308822e-05
4406000 0.00029903271 5.2413516e-05
4406200 0.00031147563 4.3290501e-05
4406400 0.00030178661 5.0237173e-05
4406600 0.00030311673 5.0270722e-05
4406800 0.00030550273 5.2319706e-05
4407000 0.0003039687 4.8816219e-05
4407200 0.00030838951 5.6209042e-05
4407400 0.00030281966 4.5241934e-05
4407600 0.0003083358 4.4835403e-05
4407800 0.0003089251 4.6053392e-05
4408000 0.00030950554 5.099222e-05
4408200 0.00031299475 4.7238299e-05
4408400 0.00030617724 5.0396994e-05
4408600 0.00031697436 4.2839138e-05
4408800 0.00030516032 5.0543108e-05
4409000 0.00030744636 4.7325092e-05
4409200 0.00029945038 5.2445436e-05
4409400 0.00030137214 4.7852691e-05
4409600 0.00030624996 4.6353698e-05
4409800 0.0003023667 5.4093269e-05
4410000 0.00030811871 4.8508103e-05
4410200 0.00030814335 4.6849768e-05
4410400 0.00030644195 3.9383149e-05
4410600 0.00030488949 4.7626782e-05
4410800 0.00031318444 4.7067533e-05
4411000 0.00030356542 4.9603529e-05
4411200 0.00031378194 4.490514e-05
4411400 0.00031264029 4.5367319e-05
4411600 0.00031565092 4.4727051e-05
4411800 0.00031301907 4.7077741e-05
4412000 0.00030559297 4.5995918e-05
4412200 0.00030981948 5.4498355e-05
4412400 0.00030643813 4.83408e-05
4412600 0.00030274289 4.9246424e-05
4412800 0.00030598636 5.0205888e-05
4413000 0.00030160115 5.0302306e-05
4413200 0.00029914834 5.2472923e-05
4413400 0.00030347949 4.9737588e-05
4413600 0.00030117647 5.5590754e-05
4413800 0.00030860525 4.5310569e-05
4414000 0.00030671746 4.3961724e-05
4414200 0.00030840927 4.9932082e-05
4414400 0.00031353989 4.5032835e-05
4414600 0.00030981527 4.8729147e-05
4414800 0.00031090789 4.5848546e-05
4415000 0.00031826956 4.666914e-05
4415200 0.00031685731 4.6337982e-05
4415400 0.00030350745 4.9161328e-05
4415600 0.00030780523 4.6925157e-05
4415800 0.00032198774 4.5902549e-05
4416000 0.0003081748 4.5877227e-05
4416200 0.00030125581 5.0072747e-05
4416400 0.00031691979 4.5108777e-05
4416600 0.00031037002 4.4121075e-05
4416800 0.00031344882 4.5427081e-05
4417000 0.00030819376 4.7678747e-05
4417200 0.00030441684 4.8025275e-05
4417400 0.0003125279 4.7803907e-05
4417600 0.00030677192 5.2954948e-05
4417800 0.00031028443 4.1001758e-05
4418000 0.00030513525 5.3745965e-05
4418200 0.00031350033 4.9870771e-05
4418400 0.00030535068 5.1887636e-05
4418600 0.00030209455 4.8526152e-05
4418800 0.00031302338 5.1023152e-05
4419000 0.00030800901 4.535237e-05
4419200 0.00031201464 4.442829e-05
4419400 0.00031253043 4.2724031e-05
4419600 0.00030284259 4.3154856e-05
4419800 0.00030727856 4.8711318e-05
4420000 0.00030370762 5.1600942e-05
4420200 0.00030951698 4.5840093e-05
4420400 0.00031387577 4.6670675e-05
4420600 0.00031163817 4.8871221e-05
4420800 0.00031212614 4.8213937e-05
4421000 0.00032007718 4.4365721e-05
4421200 0.00031325641 4.4383513e-05
4421400 0.00031347396 4.3272061e-05
4421600 0.00030182972 5.0251704e-05
4421800 0.00031179738 4.5028221e-05
4422000 0.00031217078 4.5400055e-05
4422200 0.00031265775 4.6284082e-05
4422400 0.00031936794 4.0479429e-05
4422600 0.00030812354 4.4932488e-05
4422800 0.00031525914 4.7734601e-05
4423000 0.00031288255 4.8412134e-05
4423200 0.00030550138 4.9977874e-05
4423400 0.00031182576 4.6802456e-05
4423600 0.00031953522 4.5360407e-05
4423800 0.00030967858 4.8292742e-05
4424000 0.00030699167 5.3237865e-05
4424200 0.00031428321 4.3646455e-05
4424400 0.00031759103 4.3977996e-05
4424600 0.0003072668 4.608027e-05
4424800 0.00032138756 4.4422849e-05
4425000 0.00031513354 4.4919796e-05
4425200 0.00031585757 4.1579624e-05
4425400 0.00030868703 4.7186474e-05
4425600 0.000318295 4.1687387e-05
4425800 0.00031468075 4.5665899e-05
4426000 0.00031174564 5.074511e-05
4426200 0.00031388419 4.2167344e-05
4426400 0.00031219504 4.6509484e-05
4426600 0.00032105099 4.7720442e-05
4426800 0.00031262104 4.6696144e-05
4427000 0.00031123303 4.995424e-05
4427200 0.00031611623 4.9366485e-05
4427400 0.00030866464 4.7901982e-05
4427600 0.00031906572 4.0709494e-05
4427800 0.00031249019 4.1652416e-05
4428000 0.00031512319 4.3302809e-05
4428200 0.000311614 5.0073652e-05
4428400 0.00031120955 5.3092413e-05
4428600 0.00031163652 4.3534515e-05
4428800 0.00031239243 4.5152356e-05
4429000 0.00031751094 5.220224e-05
4429200 0.00031001766 4.8356186e-05
4429400 0.00031290522 4.7864061e-05
