step etot ke peBond peAngle temp press stressX stressY stressZ AvBondForce
414120 21418.0641867454 18822.7616140318 1768.31068494844 2150.35383746687 0.995518265980789 0.189786282735828 -1673.41138256037 -989.036749442575 -1557.97168804024 -1.05664380233889
414160 21627.4581582773 18894.2051625899 1762.84652050219 2181.28500797352 0.999296848477581 0.181983129187599 -951.576213922709 -1110.85735967968 -910.015512610349 -1.16770957707356
414200 21815.953425944 18981.6555798405 1797.17512740527 2187.02970485342 1.00392201929607 0.188527264100821 -893.948135424293 -1354.92779845084 -1675.70499228403 -1.11274276959433
414240 21719.4179352464 18911.0001860643 1803.84246632876 2188.46433086536 1.00018512156892 0.183209719444159 34.4670445294334 -1887.16273026921 -1220.66963048942 -1.1508688211167
414280 21617.0854253754 18879.1893499134 1710.90271745687 2226.32940437499 0.998502676182116 0.188227777775756 -1314.02627354892 -1386.92867397703 -1378.35588977555 -1.03078788579214
414320 21691.8285511365 18980.5869595547 1785.39453778351 2208.70899080728 1.00386550096812 0.173521982943971 -720.244137854015 -415.670621994055 -358.617471740399 -1.25594642033947
414360 21675.5270940598 18891.9278098911 1787.30241013821 2246.49209098277 0.999176401422246 0.164286045652117 -883.136972670849 671.188504694143 529.399438296271 -1.44859992398855
414400 21728.7008156751 18844.8823632087 1808.75548379632 2238.44494015401 0.996688211725966 0.181222237255311 -827.966113050853 -316.367844572903 -1496.83382889454 -1.20842920674861
414440 21553.8944544247 18894.5420222735 1839.55562644572 2198.81020241923 0.999314664671346 0.156674731016286 -77.1274223503372 1189.70790219404 554.66742725482 -1.62109282381468
414480 21737.2664014859 19016.2028015725 1856.36581991979 2174.11572429288 1.00574918955824 0.158241065751282 641.597073207753 665.515123008087 -53.6907263329248 -1.61142801360423
414520 21708.2605560858 18940.4709234915 1847.71630000011 2200.59053335146 1.00174380132178 0.168393114134658 -560.122291212211 80.4106284605095 -204.668764177132 -1.42842618721282
414560 21766.9907436848 18979.5180724633 1813.16529928893 2199.38727970612 1.00380896852906 0.148946192332601 132.51649102626 2193.95878593664 567.093850938108 -1.72204891166077
414600 21663.102391292 18940.0478975265 1791.57247457203 2160.59038271246 1.00172142787394 0.175075358675314 -1084.238949604 -480.431292756446 -219.307592834094 -1.24451248930054
414640 21629.8849248222 18877.5150510726 1742.52604525992 2221.20121577118 0.998414124081584 0.174984409021671 30.0061868449168 -931.887159379398 -826.875800121987 -1.21706361044561
414680 21604.5321154807 18873.8446476753 1795.56987598003 2209.02179002624 0.998219999877046 0.154027393417794 830.492352459402 873.423255373189 403.359184614955 -1.60785749189702
414720 21646.3265039756 18835.8372862455 1835.84233913232 2225.66636141672 0.996209826060848 0.151302971630008 767.698520997757 1575.63701556132 237.460544434132 -1.68118466968566
414760 21635.8279915654 18858.2570215608 1837.66935206598 2191.36311442617 0.99739558490339 0.177346550321465 -936.435265401983 -231.77776005194 -947.395823954899 -1.27515793495067
414800 21640.9913895081 18825.7295542921 1779.34384807457 2197.0455331045 0.995675237566684 0.170690247062404 -330.969526638804 -228.866452691874 -498.976180054884 -1.30885848641083
414840 21720.0299784729 18916.2254353982 1878.89086513757 2242.06766550384 1.00046148012155 0.167449423777554 1264.47740229936 -912.844642368758 -702.652745746995 -1.43116666904557
414880 21819.87530681 18983.9074227985 1841.24086722539 2264.56863938438 1.00404111716507 0.176777759063087 -376.066767931822 -598.260278590359 -932.724361030165 -1.31415735755917
414920 21861.8700866743 19006.5609580147 1856.01847213503 2213.38425966937 1.0052392414658 0.162077486565656 792.629273257364 -228.051729117622 169.432473879946 -1.59200102634023
414960 21708.9400463771 18907.4067766694 1815.32760160282 2220.48080224887 0.999995069505192 0.174342699174839 -104.024641494581 -290.450094950096 -1450.46076115647 -1.2409738791562
415000 21800.0963027341 18916.5835048321 1809.84319511591 2206.55537022555 1.00048041807918 0.170112198401618 75.915845946536 -53.0883003110034 -996.867639420738 -1.37023739797826
415040 21693.4441853789 18821.5514054683 1839.81215653904 2216.63357657256 0.995454259181187 0.177572990456669 68.2054222775115 -676.382818441058 -1536.01554709265 -1.25319306634894
415080 21626.0301232187 18873.3600441001 1743.97666512322 2232.74856429544 0.998194369646973 0.163206439103949 441.889543536743 308.201665470833 -251.733788677022 -1.49299820791354
415120 21544.7096770085 18821.0537600477 1801.28438176035 2154.95361878227 0.995427939180098 0.158724608953783 71.1750045614103 1409.15596640124 -361.694437173778 -1.54104289494378
415160 21547.0930438072 18889.2901093205 1740.14223412045 2136.66862881799 0.999036895904825 0.165999966756943 -227.845424214602 513.359302014142 -560.553218757251 -1.39127784372411
415200 21749.5446024442 18911.475778857 1887.87865731595 2190.64085020233 1.00021027522713 0.164976186824685 -174.540778315556 288.636752750708 8.04084079677889 -1.49305919547346
415240 21855.3398709982 18980.9454527585 1803.05931331169 2202.51085812661 1.00388446133854 0.179344755384811 -1130.33356361714 -436.307619649435 -780.739222393133 -1.19586017287325
415280 21736.6639916979 18874.1932375213 1870.09779554766 2187.27308780887 0.998238436468138 0.158731686050094 486.998761615672 1044.47654825821 -245.796142225793 -1.54937718221731
415320 21690.1303876036 18881.9136520322 1862.33091142708 2217.76350095128 0.998646761974467 0.179943713775031 100.71927268626 -1938.5492644427 -629.566763855434 -1.27709169184482
415360 21572.2950370766 18752.9165854406 1831.11770131288 2209.80029655553 0.991824227710729 0.183577190636668 -924.383751197673 120.339711715949 -2400.39817077535 -1.10385742447791
415400 21696.771699953 18915.0555529364 1801.52608459573 2246.52242292909 1.00039960613177 0.153738013645383 1150.80918559435 1108.09080553335 -189.491923900936 -1.64098789926385
415440 21888.6934451732 19017.2636420719 1813.49401907335 2226.34692660561 1.00580529642057 0.179855385617869 -1809.22589290921 -392.419121927774 -410.985884038794 -1.23675530659563
415480 21856.5311241888 18959.9180829463 1729.86568954261 2233.67424584243 1.00277234340586 0.172852494541999 -385.187073871501 -687.088058016141 -236.878341635975 -1.31254654179067
415520 21712.1391748765 18813.8759075339 1792.23466100829 2239.83600531576 0.995048309270602 0.1713656934656 -320.346702245149 -636.316599145148 -151.496361951745 -1.31911139615879
415560 21831.7707377431 18889.7608147384 1864.07718596042 2200.16371416671 0.999061791074356 0.175639738065881 -166.09977757587 -696.605514532717 -1063.69545177346 -1.27578421442352
415600 21874.9892497688 18979.088794013 1819.56241235112 2205.91337313275 1.00378626439312 0.164671197225019 148.485126783582 -319.219038513422 228.975324500754 -1.45345898555259
415640 21869.417795752 18922.0446271111 1858.41515346668 2224.95004035937 1.00076925173138 0.170767707548147 -539.357649275944 -333.82316771986 -117.647049707564 -1.36858335005112
415680 21950.9416998174 18953.3365761142 1868.74213610913 2222.96705606173 1.002424253662 0.161376647390998 236.809308918191 -167.946749960494 560.966491959036 -1.52786681993196
415720 21788.136907968 18908.6454533267 1819.60521270326 2215.06618506727 1.00006058195566 0.176638626399354 -193.461547626844 -408.393571721411 -1007.39823036357 -1.30418828421193
415760 21600.0239625337 18831.7961472161 1811.00241532204 2225.4428578617 0.995996093995297 0.171103937163126 41.7141193792699 -413.455183205777 -524.58982489919 -1.3906667982009
415800 21705.5410802585 18847.9122192714 1837.58827910742 2234.78177926706 0.996848457980772 0.162625712643054 538.535459612978 346.285021381115 -353.943064457337 -1.50455749583143
415840 21692.9460708796 18866.4783326495 1860.53321511805 2255.9987982395 0.99783040236147 0.153337968341202 592.810094296589 1368.59557109281 114.376397262219 -1.66094899810628
415880 21785.8921701911 18967.8048138439 1821.42776357862 2209.08738261547 1.0031894652304 0.178242021822073 -1244.90023442478 -412.702709514106 -451.31084242894 -1.32530002568829
415920 21753.8405637139 18820.4894005856 1860.70948078201 2253.47608821134 0.995398090735718 0.16660812191927 214.511049296387 -59.881302194908 -256.259782230758 -1.46675492893788
415960 21817.4553994574 18909.1029520566 1847.97242605859 2204.17731790226 1.00008477863581 0.171897568955375 325.996316643344 -852.323677075659 -508.150394483996 -1.41361754632651
416000 21679.006337155 18893.5653219195 1776.77449878238 2167.46476542061 0.999263007902656 0.166180617356813 595.658642679833 401.159497124727 -1115.67601900946 -1.42296734661527
416040 21788.7455559603 18973.1207271975 1774.21296417224 2194.54075725227 1.00347061891829 0.16059390705232 660.046099772059 1125.6063128275 -1034.60764197025 -1.49752779507393
416080 21860.1520979893 18983.2871289657 1829.51003612992 2247.8813225949 1.00400831040411 0.169389295619576 325.957152048859 -458.533121321629 -451.740555043291 -1.45733708461217
416120 21817.715407591 18905.2557120941 1851.65980265406 2169.69187212176 0.99988130171065 0.183862484349313 -1689.30025844247 -1041.9923147479 -424.65875344586 -1.19193982451009
416160 21718.126339783 18846.1254320285 1730.35474912646 2223.63463046997 0.996753956473805 0.169765729948056 -883.28939333807 66.4287395893047 28.5160293247466 -1.37474947007659
416200 21939.9411573992 18905.2456425994 1852.50945919403 2242.15983865925 0.999880769144489 0.174110200761199 -1051.42602228705 10.2227914442746 -415.300899813055 -1.30276357444025
416240 21832.4963255207 19012.9103165522 1786.40254700885 2268.34218357166 1.00557505310338 0.164775463660203 528.347445354884 242.036469878315 -703.109389485865 -1.45311591679082
416280 21740.6994209176 19023.2849647244 1759.46404832166 2226.15274489089 1.00612375854684 0.173728885152084 -700.67233690271 -611.709427846249 -182.502325058512 -1.31734346574535
416320 21418.1328979305 18802.9280951235 1754.47036894868 2241.98440070873 0.994469289706386 0.161175927606069 348.106002159332 -37.1663946253194 643.745174209849 -1.52069262926983
416360 21658.5693713736 18977.7379074756 1821.10621955314 2239.86613353594 1.00371481726699 0.15486745114246 331.60628860603 1270.40673387712 364.882551201476 -1.64918396481383
416400 21628.563258991 18928.3695657482 1745.60585465151 2245.46696440278 1.00110377182325 0.155464060926945 1052.32108627119 636.995922840341 -21.0942389476003 -1.55927503902393
416440 21735.8994389362 18946.3026055472 1780.4476860782 2188.04742789833 1.00205223353416 0.183111329212876 -767.62319312292 -1477.57283615625 -804.47241879988 -1.16778803748094
416480 21502.5703140415 18816.1634059121 1800.76968197188 2188.3592747594 0.995169292921436 0.175158110894649 -1129.8836370217 335.722418035488 -819.92067171001 -1.27417939973688
416520 21485.9949798874 18854.9307699888 1751.94105946824 2220.37926485173 0.997219662567169 0.171349022708446 338.376907047091 -594.672543316778 -445.953565779252 -1.40240252310187
416560 21501.5922779553 18811.7719004456 1791.12702091589 2187.38543934993 0.994937030302558 0.164414746255641 355.03955317117 -315.816029139786 14.5665353940731 -1.40751175862926
416600 21763.4180944121 18990.7253303525 1833.60964178597 2204.438468268 1.00440170992212 0.166130046730725 837.635522130947 -294.0854732721 -622.836377913208 -1.48214107173653
416640 21605.4711160826 18827.8043304674 1813.4569551266 2221.13251396278 0.995784970539066 0.16914404636344 -45.0961140502974 4.77678167362869 -526.655778492611 -1.36646196108015
416680 21922.1868910065 18966.0906240075 1900.67451175152 2251.52446025804 1.00309880333241 0.163585260020173 -298.196579534927 875.849636749812 -362.382873004062 -1.50597452477303
416720 21937.5301361945 18971.2485571908 1878.7436557303 2233.18399674109 1.00337160159676 0.170603593386737 -161.156680002417 -315.722572718713 -445.940424683076 -1.37698870541718
416760 21770.4230145953 18925.7789738079 1739.25433974268 2188.96121746001 1.00096675783726 0.170983084180233 56.1575626042928 -470.213617597071 -578.160367340634 -1.35802740311319
416800 21736.8050464576 18872.5033287785 1816.29615988894 2166.60962709493 0.998149058774479 0.170178851861596 473.439946366031 -899.767625507534 -349.317186268977 -1.36384610865215
416840 21673.697120766 18850.8954920106 1917.64992959718 2137.97587047701 0.997006240487141 0.169854444576254 307.416362251153 -801.745621527515 -185.301070815484 -1.4129752883753
416880 21817.1235475555 18919.762705239 1905.17699057932 2176.08206503553 1.00064856301674 0.171454121090657 212.013265786628 242.433992210456 -1464.83516027041 -1.3823751034011
416920 21696.952016043 18793.0593749588 1857.0558315148 2200.65465438941 0.993947342322298 0.131459095881205 2227.62109143811 2512.50613363366 1399.25922109699 -2.01149443885185
416960 21863.6125452527 18872.4301180505 1877.64953026657 2182.40971743479 0.998145186727517 0.180227987377643 -910.922569271003 -740.325211806252 -1056.87892550017 -1.24667777558141
417000 21690.0963341086 18864.6615139834 1819.53042722327 2158.66343690462 0.99773431252061 0.155552978261105 689.274098666556 1148.25567543469 85.692919568639 -1.66046536304795
417040 21674.5081257314 18810.7865916945 1831.4228563684 2190.61016020699 0.99488491824379 0.172681574152633 -505.2217924929 -290.600359166502 -412.429697714388 -1.3319690437915
417080 21792.7074893365 18926.598028634 1860.09831097535 2195.51930239772 1.00101007688134 0.155154890914645 722.959042993086 873.710670807806 99.0889047648771 -1.63480941326119
417120 21797.8402547929 18901.4186806751 1841.05399183132 2219.7505909787 0.999678364705809 0.169760209229792 -157.413650760814 -112.123666613683 -428.969913821027 -1.41850938774766
417160 21937.7552516807 18895.2597303856 1842.05194549678 2287.29006358521 0.99935262358247 0.181164635076506 -875.609170039033 -1401.45725690324 -576.077548104611 -1.21188899557924
417200 21850.7880563053 18887.8425231943 1793.9767633668 2204.50623647615 0.998960334427834 0.169328297225918 -306.571823510513 -287.106785862542 -46.5413077795704 -1.38151373264079
417240 21865.2397120728 18878.856001931 1824.90618996108 2178.72030101971 0.998485045718947 0.18762919918568 -1378.6170465188 -774.829631520025 -1709.56320442007 -1.07430790930792
417280 21891.8576083813 18945.4760306381 1738.13637372541 2204.03963608852 1.00200851675992 0.169102370075242 -6.76447249657829 674.52560163633 -1323.55187240845 -1.34696207171576
417320 21641.0343575891 18808.9230202121 1744.56637549831 2207.21853936706 0.994786355690183 0.156762007500338 296.034761886649 1107.84255415355 102.624335940384 -1.53969179295512
417360 21865.2123099336 18804.5162218999 1821.76992949724 2243.99699938266 0.994553284246989 0.166301205744059 702.799022243274 -417.395784561517 -496.705119650408 -1.37815812057982
417400 22078.4702263186 18997.3846187713 1855.7949368386 2243.9403382237 1.0047539134614 0.171361235942096 -169.864414746849 -131.794631603731 -879.842543266136 -1.33828145540519
417440 21501.9909295272 18771.0560187113 1815.85544971528 2211.04896151664 0.992783605379417 0.160279391252771 341.972169003636 228.763883429657 448.647070885748 -1.52138305404092
417480 21581.7298462123 18881.0758190106 1787.83761002856 2141.30605386174 0.998602449769171 0.176062738316876 -181.094987393955 -941.747129524768 -758.389886968407 -1.26584837794575
417520 21812.8194565908 18963.3380983712 1802.83191420599 2158.14074741767 1.00295322482461 0.179690273809871 -836.602964457859 -833.967933167773 -936.311038281819 -1.20820253167328
417560 21767.6596651021 18905.3922299576 1802.3041750831 2179.58006722765 0.999888522012829 0.168028870022412 423.940678001977 -48.0964423803419 -874.390672591558 -1.39659200598889
417600 21687.6517729834 18847.6871645772 1791.70472938459 2184.245935669 0.996836555048376 0.154667205555444 237.112342644714 598.22158293001 1097.99479331079 -1.59845091590879
417640 21866.4901887326 18916.2943867897 1831.92640544923 2195.22368878712 1.00046512689619 0.183459681166 -1405.47458790192 -1410.53036138228 -478.094965917771 -1.11854894213625
417680 21941.3896923024 19003.2823826051 1843.82119808886 2191.27681171147 1.00506584067725 0.154031305205064 88.7882483292613 1060.0780641123 853.871531298521 -1.67485128195931
417720 21806.3244696528 18920.7252264469 1838.10098205685 2208.25556562394 1.00069946986365 0.164319392191792 -158.703336488056 499.381653818242 -180.37269351577 -1.48725393785057
417760 21856.847098744 18997.0894133229 1852.08416127494 2246.03473615446 1.00473830032119 0.175157546414914 -1438.45363536897 380.328845161564 -529.15176458764 -1.38064567589502
417800 21656.8213011875 18886.4604375168 1781.88816726183 2207.8429559409 0.998887237208346 0.161779373635933 -346.842528216256 282.670841077582 824.33038964888 -1.50579077729921
417840 21651.4947978829 18784.9998991588 1782.64457106299 2184.91579939062 0.993521084181344 0.154024229467495 -560.716310223769 2122.16816044525 421.649052267258 -1.59306638480205
417880 21789.7858683519 18853.0761357613 1754.90507664962 2218.81982979825 0.997121572696616 0.181164421467701 -676.893523222739 -836.1300683721 -1108.72112186811 -1.23210898604931
417920 21787.2402210704 18799.7926727996 1811.15130359763 2199.58812918382 0.994303460150715 0.172062843382705 -921.241535996784 286.441610006014 -603.082900092223 -1.30696701859085
417960 21844.9413582648 18886.5619413426 1783.93482127099 2169.81862101789 0.998892605650808 0.166878908685014 -237.944028734601 738.500692748723 -965.811615063147 -1.36020462278941
418000 21782.9435151778 18815.0069549278 1834.23260342522 2204.21844596914 0.995108129309946 0.149601786975915 2137.03044404132 455.775265066592 234.73308027691 -1.65743937130635
418040 21725.9745157829 18847.8582608934 1791.5194589858 2180.50109696645 0.996845604172599 0.160818934542575 216.519730844684 641.630498303324 -52.4850495351105 -1.5120106058882
418080 21929.2646865259 18896.7768099998 1814.15319816554 2269.30034159873 0.999432860505079 0.178483790099627 -1723.58569753619 -47.911419437598 -642.344060500802 -1.23519539375129
418120 22084.293829006 19040.6531425537 1817.40583916555 2233.29060558992 1.00704234523621 0.161411458021043 628.30800647449 -328.800474220112 345.190682123576 -1.52859660990317
418160 21749.6951797928 18877.3730222039 1851.82897402221 2177.82674682334 0.998406612307491 0.170599002451725 254.353577855466 -687.293276963055 -393.012263600814 -1.38739842772347
418200 21951.9746326332 18920.1885544011 1834.57110541356 2200.58811946553 1.00067108578083 0.170893485480805 -1179.03575375508 175.618280961934 -25.9508482258227 -1.33703256271555
418240 21621.3000160205 18860.6988594582 1736.49894091133 2152.30523685111 0.997524731427116 0.168645348592345 45.3563666551292 -348.353649282275 -421.606483577825 -1.36909920316894
418280 21551.5094358221 18882.2360586401 1794.2135745533 2155.05711427601 0.998663813758565 0.179987884890715 -454.524863171742 -729.750124323786 -1427.82590053954 -1.21166803148107
418320 21658.1709903293 18824.4355330519 1891.65634460524 2168.66029260078 0.99560679799296 0.17691072722118 -508.179918537931 -625.665626033161 -1085.42014680049 -1.20807398767635
418360 21627.6213665657 18867.7275032928 1822.2177174805 2173.23192071424 0.997896469829054 0.15922158727074 321.549886927965 514.415595135559 267.057583766559 -1.53598566434914
418400 21678.4983481222 18778.0833164409 1815.06400003781 2198.18194774468 0.993155272587114 0.153340724963325 1704.32980825632 121.356229193526 261.185882806589 -1.60865623137266
418440 21775.0417869824 18979.1667204418 1803.53064320207 2181.35900806423 1.00379038584909 0.169551191448197 -299.093602327797 -63.4724862330376 -306.739544499595 -1.39129324692405
418480 21617.4446596871 18948.2399508692 1805.85799258829 2145.4174591913 1.00215469791719 0.182628916994428 -1843.86741757924 -473.62027937433 -717.002242804592 -1.12861203988401
418520 21958.8790865248 18995.7627342144 1902.80886940897 2164.28087542136 1.00466813350334 0.160249891222905 594.123932207056 770.916786485856 -447.924601814617 -1.53179966537541
418560 21642.8771902393 18909.4556997583 1755.08133849799 2183.16051645366 1.000103435132 0.172136719893788 72.949539810441 -609.793441453799 -604.144861320606 -1.33890676837522
418600 21735.8999182717 18878.0231902553 1805.86471507778 2205.20687752664 0.998440999087941 0.170572239154977 -131.10669383063 -410.853143239694 -453.304533329354 -1.34427146438149
418640 21693.7292699305 18889.6283466916 1842.93540210093 2203.30919954975 0.999054784963194 0.197764411721532 -2569.2321310809 -1188.15831774775 -2047.83383184538 -0.910904952945924
418680 21753.7236978295 19057.6066918984 1711.72486379601 2170.66495492344 1.00793900261263 0.170054945557969 -298.087700967306 139.013530482087 -701.987971267712 -1.33514424785794
418720 21661.8110700274 18869.3405995072 1729.69638569541 2225.09497479998 0.997981784979885 0.167872394978393 331.994111625614 -624.018225358785 -221.244151541524 -1.31876399191815
418760 21727.1339084714 18845.1130500837 1762.66477125763 2213.59398351126 0.996700412539135 0.170400093492674 209.798758784494 -822.845902922742 -314.464176007499 -1.28485354997967
418800 21660.1982003946 18845.8263039663 1809.17850153115 2168.57642190321 0.996738135870228 0.16801184704246 235.382891978329 -5.45013018693829 -703.143698730965 -1.34974610009794
418840 21649.6669935974 18934.9018363543 1744.94302178393 2143.05543194425 1.00144925750915 0.171184108442341 -334.907885458235 46.4642514453106 -733.294392962337 -1.34827534315959
418880 21648.2255053511 18756.268187246 1863.70409689121 2163.75831779797 0.992001490797093 0.164458544907454 1257.67891208542 -726.633913142554 -318.72161836574 -1.50459685767523
418920 21729.8112068166 18809.7212101523 1826.1262236947 2209.03776179289 0.99482857120996 0.167605508559418 176.963319227648 -389.078510629677 -142.142789618307 -1.42632300809787
418960 21826.1045720945 18872.2327345151 1848.43253349745 2243.74144191403 0.998134747296845 0.171539375750812 28.8231609466751 -193.377203322001 -743.307750357024 -1.42418632035395
419000 21948.9239739489 18988.7467824191 1830.53288259822 2232.80808134897 1.0042970663715 0.155293896804023 958.767434693254 38.7292817355283 750.569928857837 -1.65154958005546
419040 21825.3834527449 18866.5013904669 1805.31084576567 2196.34216773805 0.997831621867876 0.178305976154591 -479.557440321651 -1335.63251405479 -397.623929245405 -1.18603853816676
419080 21679.9446337879 18819.4565496533 1753.03122988241 2172.29138821272 0.995343464215431 0.178894615000219 -1149.83376016847 -294.203070323703 -910.509617135777 -1.20637460523962
419120 21919.7491789059 18888.3813134403 1811.41237209693 2221.33354989065 0.998988830540276 0.164281379523032 1209.6908025533 -293.777574522975 -835.562582786123 -1.42356499166564
419160 21751.341129823 18789.3903477608 1793.82951664083 2191.5372497444 0.993753290903652 0.16692796105082 217.016833593574 -224.301204414938 -395.232901857357 -1.34988468871138
419200 21694.7377897303 18860.1351294638 1770.24452840866 2188.20028979112 0.997494916274693 0.165280688516164 33.1104794659393 399.112443511306 -301.375045433263 -1.46527105564572
419240 21837.5135198099 18918.5995994038 1773.52748731623 2200.71064672449 1.0005870474364 0.163194275044671 -405.54617054336 911.491233462211 11.8931356680883 -1.50848480546963
419280 22004.823247117 18940.6458303312 1843.26095100778 2227.48017874038 1.00175305198102 0.168841097843213 -188.565506720009 367.322124127869 -806.680727814892 -1.40616999201629
419320 21905.6914030542 18825.0126934776 1872.6102826877 2217.74975092231 0.995637323468339 0.153805086351693 707.026532796977 858.33204071762 492.943456894357 -1.61066586083109
419360 21663.5325099915 18837.8543628822 1800.46861462593 2206.76493330547 0.996316507358575 0.166387551195274 -400.465974165262 718.729813274081 -391.439895445852 -1.43704306550172
419400 21790.1517346677 19016.5724378684 1824.21574990292 2185.44739719248 1.00576873927639 0.177516870834097 -1342.74092897176 -365.35020193546 -420.343498400607 -1.2661706095592
419440 21906.1759844252 18850.8281875839 1821.3242594416 2193.49906572383 0.99700268081893 0.154189015917852 806.017012186896 867.898255841177 442.682327075755 -1.63839221985133
419480 22013.7833427566 18964.9146775454 1876.19178556239 2230.88589375531 1.00303660862332 0.182066077795813 -637.969790933957 -855.672156880668 -1521.69974840467 -1.18898022221725
419520 21736.4526138684 18893.9827210872 1762.65167573277 2167.66853344335 0.999285083754445 0.166937112795545 -346.742785953155 -187.195530588213 403.893329002945 -1.39416662446802
419560 21846.5811900049 18945.651772941 1767.20600104833 2190.07179073452 1.00201781160603 0.173067453558892 -1123.63918657665 108.344952541327 -337.041897039729 -1.30750602949265
419600 21733.1582653943 18839.4707295587 1772.13059607614 2237.84115085554 0.99640199548109 0.160166594213779 -176.780825785616 1337.7683359254 -106.057199995224 -1.54738661652398
419640 21675.8264417181 18764.2505098988 1755.45299021887 2151.94553950717 0.99242366838021 0.177502058450917 -131.681969236294 -913.503716944241 -1230.92165812133 -1.21904531642205
419680 21770.0334112124 18913.4713621865 1726.90766086109 2192.7063018776 1.00031581976393 0.177859321934475 -74.9005050300506 -1111.04081341784 -997.751852565414 -1.26301158989151
419720 21795.3018924032 18930.7557699521 1821.49662041433 2194.90592822829 1.00122997593294 0.175744682068452 -229.070030417705 -1502.61318083593 -184.460045819777 -1.27444525752856
419760 21756.6887682021 18885.6618348688 1795.32181031186 2149.44685139793 0.998844999860836 0.159278313865848 1353.62932954827 124.613106044627 -372.323623062232 -1.53488143261861
419800 21706.3167240566 18772.006495117 1832.45117788134 2174.11886407677 0.992833875187995 0.175930532954095 -880.753533721304 438.114722135839 -1182.33132761682 -1.28444794588342
419840 21756.3136692401 18858.1205461799 1870.12835723228 2163.55553392052 0.997388366848073 0.160257156507106 20.1822134239665 270.462276771051 678.332672300154 -1.52538818531099
419880 21832.3333387642 18896.6235611378 1836.10313235357 2198.4742510175 0.999424755316028 0.174889624468225 -75.6665814396847 -817.156463505321 -652.288470842178 -1.36056694036025
419920 22035.609597456 18969.8264500505 1873.55944847413 2205.4927783482 1.00329638767952 0.161304381151206 -25.0258271933744 1312.93724607461 -602.470871502344 -1.52587428633026
419960 21640.6520415608 18835.4383840732 1748.46697907492 2173.58210748665 0.996188728497855 0.170403164735638 68.2763054150174 -347.458537161332 -709.886539999745 -1.31038438569036
420000 21605.0562911493 18751.3261128449 1796.93109507087 2172.49996793713 0.99174010910194 0.168107300609039 -633.501145955363 -160.804518786501 243.37766074918 -1.35466009514202
420040 21962.088906775 18967.765878886 1884.49048840625 2189.00853338668 1.00318740599688 0.173298403922475 -196.343533394438 -1094.91011630179 -299.530943988979 -1.31377072046769
420080 21917.4389930102 18974.5003980143 1877.78886654056 2191.86627114794 1.00354358841805 0.17094705505105 67.9936513316037 -406.898498766883 -738.882915431731 -1.34673513533497
420120 21760.3065759519 18910.4255646253 1797.46275305948 2176.53420896199 1.00015473037817 0.186280777763285 -1647.15057710906 -1041.55347138447 -907.428950801909 -1.08399250749965
420160 21900.044419479 18935.5002914969 1819.65588128991 2202.17614627896 1.0014809092422 0.160015430623549 -550.743823953737 995.927818942249 444.694095274423 -1.51817763060071
420200 21813.8001342002 18966.4346261376 1780.29944418691 2191.13640154558 1.00311699728349 0.185052217839551 -1492.95186909665 -690.348276386375 -1206.94092769044 -1.12866349135454
420240 21691.4172846058 18831.2674518668 1741.3679307893 2269.69029639353 0.995968131792504 0.181376490541414 -1630.32742022342 -367.927484522522 -715.874379107269 -1.19354081374359
420280 21917.0188298662 18876.1514568508 1843.914324111 2320.03909929031 0.998342004857902 0.169373891902888 281.982622430423 934.147239501598 -1879.52382274097 -1.3862500535096
420320 21758.8943142833 18989.6870507364 1803.3790418336 2228.66378110071 1.00434679628382 0.165314081431249 71.3107303925058 585.963507394855 -371.319006259686 -1.50411465111397
420360 21931.982460127 18965.9845408204 1724.45162717684 2263.56852015993 1.00309319269181 0.156673658748085 98.8441182246216 1127.25732684476 263.89036368234 -1.55351196393826
420400 21848.3191727013 18892.6874348495 1817.96229781116 2185.12222240851 0.999216577276189 0.165778829870704 123.629635317928 -80.1988116217792 -5.72214796892507 -1.42688124604417
420440 21833.6056669468 18816.2596245639 1827.34089529067 2208.57622018123 0.995174381835985 0.156663367910748 230.310840167763 1561.6805271921 -427.022887582595 -1.51865552350647
420480 21783.9591826069 18805.5091903304 1835.3267524768 2204.18440900153 0.994605801419034 0.185218465056286 -1990.42804267152 -327.683270316306 -1216.98290660846 -1.11134262924407
420520 21827.6221902514 18867.4400970388 1860.6343443308 2229.62755836808 0.997881269180952 0.171913736786562 -585.857037649877 457.5067393046 -1153.66864622559 -1.29150544912128
420560 21775.5635958502 18825.5918477798 1760.35905282697 2236.72468128839 0.995667954397979 0.177038047758665 -111.065646266662 -603.577425516028 -1236.38953975527 -1.26077011398351
420600 21814.0994351748 18879.5476052237 1859.95420698239 2215.34278849509 0.99852162397058 0.163322153062598 1038.48699712111 -425.117316897668 13.1205180978748 -1.48755234809522
420640 21840.8680683334 18926.0732789472 1747.48972946698 2234.14903199979 1.00098232336095 0.164426843617622 193.293863228394 -148.498125149199 293.179718628094 -1.43842804946067
420680 21725.334469556 18847.8832482485 1743.39697866532 2243.32555497302 0.99684692573045 0.172346891315108 -53.1955285959309 -1518.27070301242 214.051104060472 -1.28787405684689
420720 21645.2014080005 18737.0408641149 1777.96965856311 2247.87065516461 0.990984575650664 0.170351993410622 -204.800698248853 -355.65391792907 -256.567438423397 -1.3383725171528
420760 21851.012130904 18836.879731553 1743.08978783277 2242.30951740629 0.99626496001867 0.170375649815865 -1071.54276702692 954.063136040919 -883.128365406587 -1.33375878286529
420800 21907.5330487556 18929.8335116097 1774.79494886861 2196.74068812479 1.00118119855135 0.154948560971085 582.997762513233 170.396903842525 1203.27628314354 -1.58734867474308
420840 21988.4076009149 18908.1747659091 1789.66281960971 2253.03585288712 1.00003568773815 0.168247541162604 -862.463205590349 780.246280574943 -353.525346689809 -1.36910734157379
420880 21933.2214513078 18932.4272153472 1798.50990058602 2228.51519913629 1.0013183771174 0.175760845642981 -469.770715076338 -849.009399936886 -625.649954159942 -1.24801322463043
420920 22044.1902139146 18952.0823004667 1764.51837600154 2223.84204128296 1.00235791619551 0.175287954929383 -700.63150532908 -104.910770648248 -1101.20852656852 -1.26237532063267
420960 21914.822827014 18875.2592912303 1749.71357534786 2236.19653731767 0.998294819052243 0.171894808252312 -730.143496952259 454.864058814459 -809.224447232234 -1.29064411764631
421000 21963.1295068992 18801.7584109454 1819.99347819933 2201.30158926046 0.994407426203645 0.15287785406775 901.881922882493 25.1293267233513 1274.06323309722 -1.61616443265208
421040 22154.5583291563 18823.2377666301 1927.90801925509 2189.31777314146 0.995543449246598 0.179235051335742 -1102.14193346103 -59.6561583498539 -1100.87717888381 -1.24759757331412
421080 22005.4706759092 18969.6989185884 1745.66334657203 2177.07680580419 1.00328964265971 0.170847268959855 185.151792067967 -398.1798486736 -986.727290737025 -1.29669368131775
421120 21833.2502801492 18794.4880696657 1763.66454214682 2241.49883088614 0.994022904649778 0.158800261848184 127.317389925331 485.975409020174 365.465771561515 -1.50256493138191
421160 21767.6592011855 18821.2654707218 1763.78657386979 2190.15383539239 0.995439136359742 0.158261988547321 820.09279967072 609.244629587538 -243.385807381595 -1.50674705323025
421200 22059.4900131771 19019.4799796266 1807.85246062394 2151.93839606353 1.00592251644197 0.189550513367237 -1980.45198608609 -994.382495257895 -1254.19532870787 -1.09215355342912
421240 21824.8278114038 18862.0060837334 1751.11486199437 2170.65278465415 0.997593869297018 0.173784209286017 -319.047049047763 -245.044104679468 -940.109873909409 -1.25721263488674
421280 21956.569803717 18850.2938015996 1764.65677906443 2241.6470384551 0.996974417643771 0.142981083019685 1808.81100844517 1647.58537878555 475.366078956477 -1.75347080851213
421320 21759.3914538981 18766.9950336354 1852.05481545384 2239.86850595001 0.992568823675017 0.173390874341355 -234.77966795029 -389.538748959125 -694.727791178326 -1.36037438743939
421360 21905.9183344917 18924.0102752075 1816.188127294 2227.48581418755 1.00087321302168 0.168605551481239 -144.030123894485 154.652059843736 -748.273252936798 -1.39341482557672
421400 21819.2352388911 18873.5399708936 1782.92803688702 2229.81890939506 0.998203885806881 0.16791058139288 -81.0225914397622 -828.155709868307 506.891543652669 -1.40724440338264
421440 21877.0449241623 18952.1480435471 1757.93759756307 2208.57968796171 1.00236139328558 0.174625073157224 -201.464123980334 -279.98550460583 -1106.24695350713 -1.29137063684345
421480 21807.2289915326 18821.812510494 1817.00763137082 2210.80839529016 0.99546806878191 0.17175719662934 -466.127115320583 -505.911128450121 -119.600659368079 -1.32598678361935
421520 21880.7035993166 18974.3413863891 1808.62181501704 2231.06203477645 1.00353517844184 0.164623599963333 561.830053993971 -196.231133120323 -281.609917325055 -1.46948792025481
421560 21865.6569199349 18912.850866108 1773.40694633138 2254.17142238987 1.00028300230638 0.169477523106699 -44.3125833763208 -63.6771424329252 -562.215756908215 -1.40769407036685
421600 22020.4992649521 18983.0356611788 1846.8426427974 2232.06610393773 1.00399501050794 0.158772126045218 889.741383282859 201.269540083574 178.795732622879 -1.59665246428398
421640 21961.3441359685 18905.8478016956 1797.93168599331 2240.28533373482 0.999912616776177 0.169969716322121 -197.140327977483 156.632207616316 -975.565965266877 -1.31455077620992
421680 21956.9438739917 19005.8012462683 1774.34894003224 2225.2780830874 1.00519906102173 0.166017616744054 -652.651259075964 418.955469853129 57.9786628635215 -1.40680312974777
421720 21871.3053661342 18810.3881994178 1814.10704001998 2212.36249831111 0.9948638476487 0.168686542985246 -296.103467728878 -61.6849398819734 -248.192002702436 -1.34915024002994
421760 21858.063906929 18827.6379052964 1791.29097648723 2219.75331818891 0.99577616846735 0.178599698604791 -820.958277205922 -676.131487572785 -794.490035916156 -1.20823704214075
421800 21703.651031524 18906.1123523022 1798.84000772449 2209.07130791331 0.999926608610457 0.187452205768527 -1603.87201888811 -1190.15043705724 -1028.65222999575 -1.0924755234816
421840 21757.7517736231 18968.6055607163 1830.2531222415 2232.44355816549 1.00323181598394 0.169573905357432 -1010.91663426757 839.736020689431 -236.650356951526 -1.42369109375018
421880 21821.3489235918 18943.7851178923 1818.35217952635 2202.2476837713 1.00191908596548 0.176176376794879 -811.488865507388 -689.2544447049 -127.989526760939 -1.32178166958908
421920 21648.2601661567 18874.7466443596 1812.21914295877 2213.56436180736 0.998267705638485 0.161710860937308 -193.158179983862 784.665513454256 117.181167564915 -1.49973979704919
421960 21785.3276861038 18927.1607943027 1827.43568605068 2211.03309479379 1.00103984103148 0.174792984112527 -92.8308842462138 220.837949203983 -1822.32470764514 -1.28552613376191
422000 21801.3569902076 18944.608096549 1795.13905780686 2174.99446145413 1.0019626125373 0.182037535346911 -1055.27746603066 -620.702344410693 -1018.83000668732 -1.2155225455752
422040 21721.9710649695 18824.5097696398 1790.3440705065 2198.31266896234 0.995610724296699 0.156326046585863 786.775160254686 -81.8816979452995 786.223540894138 -1.57435978219951
422080 21932.8985653742 18923.5238918951 1810.56056780043 2198.98080439272 1.00084748866297 0.162920607554119 133.693458499064 -172.975990803211 352.487667883192 -1.46393360181634
422120 21943.4594454716 19004.9749345248 1788.17242086513 2173.77716301506 1.00515535816606 0.172026716488485 -113.824883340186 175.377877708169 -1293.70238518939 -1.29327173974896
422160 21735.0154709345 18841.9250607875 1858.54316606895 2218.76589012389 0.996531802765437 0.163938629690528 -1256.2888090761 1269.2146830042 747.36165657659 -1.5122355818956
422200 21704.0041841157 18925.2601277954 1804.09261825367 2178.61986729307 1.00093931655668 0.171106259943088 420.512774774006 -1075.81785446877 -399.108793395162 -1.36956589169204
422240 21615.7451228383 18865.5992885425 1745.91795688817 2188.0452629699 0.997783910540393 0.169323830395564 -251.433292624915 -271.763844794523 -134.622992898456 -1.39423243377754
422280 21810.0878975246 18857.869446478 1878.08506259187 2248.53249777198 0.997375086419571 0.175010426709259 -938.743851759681 -137.250078537122 -606.208768218462 -1.29561012034924
422320 21843.3539537384 18889.3259806585 1840.37676779163 2243.61241826318 0.999038793106359 0.163386371490728 582.423797391206 530.11527843597 -640.384292404571 -1.46076788348032
422360 21855.5909873576 18878.9864644335 1815.44492194065 2275.5580071853 0.998491945758746 0.177473267352242 -609.876952880404 -463.706333300839 -987.356407205795 -1.30474040415688
422400 21877.9896928841 18923.3003768579 1834.1929921573 2268.5751621149 1.0008356671616 0.17793123537349 56.7218838042317 -940.633231131659 -1294.92789611383 -1.26728142416678
422440 21696.4895395187 18892.3011813688 1744.70265857061 2246.92014671989 0.999196148690666 0.161862222232916 1063.02200688344 -193.455906328565 -108.451858247311 -1.50077685499003
422480 21800.238411432 18955.5239389644 1759.85607538152 2209.54752118848 1.00253994123836 0.173743519079693 -696.528859543151 -101.583579528418 -640.839009482457 -1.31938605497931
422520 21828.7089831564 18902.0751002187 1787.99221074961 2288.73761338513 0.999713082121841 0.147454822051516 1011.42127357298 1321.09383998126 692.26210378299 -1.71369906644569
422560 21549.4054918455 18859.4681182594 1726.71425122288 2221.34833247247 0.997459638675628 0.160671374422097 1266.2273963212 -1016.47376119663 692.198130474057 -1.46182055116489
422600 21756.1777725599 18849.5851341824 1792.44639470526 2232.24166403729 0.996936936886549 0.179695616742145 -1243.7378783515 -356.738524643325 -936.25573302944 -1.15542093909989
422640 21708.0363752175 18774.0240307303 1822.45906909531 2221.49938718295 0.992940580760563 0.178356958209733 -908.897530296601 -440.715030564884 -736.261621651622 -1.20196882696161
422680 21820.321234641 18916.3093980232 1713.64116683797 2215.09008577453 1.0004659208263 0.17777457770746 -769.740401074111 -697.981131114252 -679.983845077679 -1.19705890490541
422720 21921.6746939555 18885.9772875785 1774.04442449196 2213.03976154343 0.998861683859767 0.158022387994104 412.483319464433 892.882401877179 191.906225626418 -1.53875329411982
422760 21948.3791085899 18859.2982124383 1869.00947574906 2273.26863769119 0.997450652515581 0.1716531476361 346.987241130917 -557.369955878199 -957.422320541162 -1.36078940550242
422800 21964.5953709284 18956.5270835763 1843.54378421363 2257.05669749395 1.00259299661913 0.172031223228629 -765.070514360967 635.690583937297 -886.346817370871 -1.39754751014089
422840 21764.1375839408 18889.502225507 1824.05110966955 2230.54725503451 0.999048114531643 0.154442227758662 420.266922335442 1641.36889555976 -35.2350700619129 -1.61610624415028
422880 21957.0574827272 18950.6458555503 1847.37087099693 2231.70707420258 1.0022819439667 0.168957201426436 -477.148621700448 -597.662186541323 594.832767670025 -1.44802653193018
422920 21877.3966437994 18831.8741848034 1797.36158049242 2248.58097812801 0.996000221330338 0.174063806939859 -530.268033259636 -621.818320155937 -433.883746939005 -1.31856397174039
422960 22011.1316675346 18822.2553574796 1849.87056849529 2254.49677794249 0.995491490545003 0.163435672978755 457.060637030704 614.024434357263 -705.906822286794 -1.48095599749328
423000 21950.0059316503 18916.6605980864 1808.24807631823 2225.84655740314 1.00048449546933 0.162648230838056 -542.456249208398 1510.13737465282 -458.804309000305 -1.5036058346426
423040 21674.6320400335 18835.54014518 1760.854809661 2197.32941525628 0.996194110547667 0.172347123054739 -1008.54128609555 355.728569802032 -542.65966329448 -1.31710754162024
423080 21928.5284845288 18860.0008968015 1860.71043044449 2202.43148316298 0.997487816834668 0.176273119601614 -741.992846879028 -435.562226090768 -711.452302471163 -1.2932374948884
423120 22054.4875671714 18978.2276969177 1817.23030926464 2235.92011387599 1.00374072177272 0.156155795726944 770.208770615254 -66.032074653133 1029.40903803715 -1.60166418725961
423160 21889.7139567917 18856.4271246784 1752.03874050367 2250.46957170531 0.997298803367888 0.156933360289435 -371.40659104626 1561.88002814945 274.835932461519 -1.5600381236337
423200 22088.8291239385 18949.1835087119 1763.10640225462 2277.08480482628 1.00220460180944 0.180746234708801 -283.448099585119 -1796.27273304313 -655.20634651411 -1.18702371855777
423240 21944.5435200559 18901.5655660907 1744.3139878501 2252.61064283951 0.999686133338131 0.159629647329335 601.616395625433 436.291132299805 21.2324148166033 -1.52872141822914
423280 21942.0795597745 18972.8460166958 1773.54890710744 2169.43332843403 1.00345608973666 0.180085977753532 -656.367308293524 -584.276636335631 -1304.81942374081 -1.18590420903889
423320 21938.8267794615 18882.1734237919 1836.58523119404 2206.78780061677 0.998660501059996 0.173886346500848 376.026275009771 -742.293944979969 -1219.85368182724 -1.28525347463362
423360 21998.2860566249 18864.7852444745 1781.72696931133 2216.66703296233 0.99774085651062 0.177736805166587 -243.043249836029 -693.767561225752 -1316.91761214167 -1.18972501934872
423400 22032.2166898735 18919.5323754367 1802.1867111283 2201.8284410101 1.00063638108881 0.180184665108195 -770.734090251841 -448.461325103918 -1361.39370295451 -1.18920227926019
423440 22064.4806188637 18956.9273980301 1803.0228156265 2232.81786132993 1.00261416887638 0.171838967313842 -396.899454383354 -168.821662838605 -512.618132827605 -1.33586357894244
423480 22094.9209953741 18985.3584965571 1757.13577254903 2211.6151447814 1.00411786309967 0.170636750278212 713.272860557656 -802.15906849419 -859.532172460609 -1.36611763168673
423520 22037.7581748553 18902.5723993063 1819.4717177973 2234.15516251902 0.999739383805703 0.155666509787043 -5.42048284735775 1694.15466896159 -49.4324459305083 -1.59754275734273
423560 21860.3232916971 18837.515292285 1800.83730204545 2233.48507409795 0.996298574231654 0.17207071102078 -152.942734162146 251.040071973096 -1305.19885362594 -1.32634002245622
423600 21934.3337600557 18956.4478310977 1754.71761087113 2225.66855406453 1.00258880502963 0.175225699127263 -558.890280988434 -260.619298244512 -1056.1280129521 -1.30693433151457
423640 22011.9865795683 18869.8093894801 1857.61213409222 2291.39940980372 0.998006578843323 0.193992740551393 -1424.3139465574 -1506.39915486852 -2107.15865559079 -0.999081643349869
423680 21901.4370110099 18884.9339937589 1772.92215577452 2292.44381126099 0.998806505024934 0.172894324744106 -205.574351380953 -241.250018526825 -843.255229537127 -1.32545740884492
423720 21770.2037910078 18773.0191280887 1811.51810159668 2191.77803797159 0.992887432399245 0.160390147529581 600.537220852346 -111.119343244103 456.414206466888 -1.45065470693493
423760 21877.0784222606 18893.0668010299 1784.63738962423 2245.05744180693 0.999236641598831 0.177582785081945 725.604386950298 -1466.99092719262 -1461.91232100482 -1.20640148509419
423800 21770.600379027 18846.7664824362 1814.7836373781 2269.0635908182 0.996787861030607 0.167894682617334 -1201.88698002401 749.91962932075 -170.060718384269 -1.40241226171172
423840 21689.4746452538 18881.0148592646 1820.20167693322 2269.74617572248 0.998599225665191 0.17418827967559 -575.056534048158 885.14544641256 -1618.65187886121 -1.30468515363957
423880 21634.4883396239 18735.5178793351 1790.65791143593 2266.60088275249 0.990904026409366 0.176964376894726 -289.826910731841 -106.909760919834 -1516.48745791518 -1.25003196815781
423920 21761.3987948878 18883.6283114773 1829.18095009046 2232.30944878484 0.998737448709629 0.182235083893534 -1145.99926394204 -614.04334314122 -997.899207323957 -1.20513894885077
423960 21891.3935956183 18911.3165633105 1755.3362362484 2240.44056111703 1.00020185446571 0.164360750184813 637.712908783314 -132.303325944142 -388.462436102613 -1.37666088000703
424000 21899.4683650104 18961.1965193638 1814.02193345946 2197.09464008711 1.00283995871288 0.16472562484206 -363.925319435785 1392.92929450283 -964.456268136558 -1.41736991694669
424040 21904.8929342147 18928.7985697232 1818.80325848007 2222.74436501849 1.00112646144246 0.159885444188172 76.7458989558054 912.064144560667 -46.5793858476174 -1.51485685356279
424080 21744.7141314986 18906.1145176665 1687.33773382446 2239.35525723041 0.999926723134551 0.162190454177796 551.045084336418 -75.4156431086813 192.277740331985 -1.50748501268612
424120 21806.0901784909 18954.4343425749 1805.79498996502 2158.10400034527 1.0024823135039 0.177551149705543 -628.734345783498 -491.279821610429 -949.140320220498 -1.23588648569216
424160 21796.3797998942 18856.3514738021 1815.4445888377 2188.43176601628 0.997294802263761 0.141669680508266 2001.37519805478 551.621620204292 1153.37160334205 -1.77213148897278
424200 21925.5591928818 18898.806869288 1827.89928831556 2180.38108094849 0.999540228443106 0.150885852519207 1753.43895702808 590.560612608203 -619.079874703787 -1.66406896790754
424240 22170.7968648599 18936.5196228054 1967.36648621634 2150.53559947713 1.00153482072222 0.150455956019872 1173.0403206266 697.607383113096 -304.919309287216 -1.64811716346534
424280 21977.2866415557 18908.6010657728 1930.99829480902 2156.69603196089 1.00005823433943 0.149147594241587 1162.60129932823 414.686677909232 -125.371445148129 -1.65185760462918
424320 22157.2218766458 18914.2797544594 1977.10485711556 2152.24863036711 1.00035857487555 0.14877055287516 1375.67610360852 -8.14545854698737 -179.500796884081 -1.6205216032547
424360 22128.8231970965 18885.3045276755 1942.59215307555 2144.39862541935 0.9988261022174 0.150115348560477 630.538695118592 150.998055967663 -125.52715254772 -1.61804254546446
424400 22123.4319363619 18840.0306797056 1929.35932799729 2122.69876127612 0.996431610720912 0.156116044129916 907.765746976813 -436.261116634146 -1083.61515944398 -1.50124966304183
424440 22170.4579144774 18806.6317743763 2001.95971449053 2104.189926827 0.994665173839817 0.136248474088048 2635.91607466741 134.900619932182 3.67768628338328 -1.77237300884493
424480 22174.3019280716 18847.1734846127 1981.11716859032 2117.49998997303 0.996809386995252 0.126640435161018 2842.82761220082 1076.1079745605 450.475769842847 -1.89863812768935
424520 22321.0561899083 18972.6014997786 1954.51693002375 2115.06698984757 1.00344315746548 0.132507839275851 1957.16829792376 1192.20226037435 -209.132663209787 -1.80034303002691
424560 22254.3236196057 18874.3052558138 1931.88892010829 2086.1961470246 0.998244361010909 0.146524599412739 1173.54093523433 -1124.69181735762 -315.944605546199 -1.46671996392038
424600 22215.8491266977 18983.6027026201 1975.54239975348 2091.47064265353 1.00402500079969 0.135266363204449 1799.45771771116 444.060808531803 -387.875941872996 -1.65528977487778
424600 22217.0744009186 18983.60270262 1976.7481949213 2091.48443579415 1.00402500079969 0.133940803942391 1966.11669731816 495.877497808224 -344.620928750378 -1.6785457776998
424640 22055.1710592857 18937.3288585209 1948.42045909365 2051.46416002602 1.00157762044273 0.125561306348524 749.015113329464 2332.5597159241 558.517005934634 -1.87092407874955
424680 22246.7815375992 18977.266892359 2003.73788362257 2003.82498144167 1.00368990571779 0.126928860887369 1654.10926182314 303.53582911133 1130.04969206107 -1.83074757595846
424720 22241.8741383015 18941.9333205317 1942.66416527583 2042.45339344758 1.00182114613417 0.121930010996304 2445.03686534434 1165.89894466091 162.998716463446 -1.8619982074395
424760 22111.3893546987 18878.6568610091 1897.11721153367 2035.61846135204 0.998474513341751 0.118753572129758 1060.88742688376 2767.0760888782 72.7591428047748 -1.83748871337394
424800 22393.4816934501 18988.5399763655 1959.10418024882 2077.34004419859 1.00428612859265 0.118946376758371 1190.54453838181 2403.11674269924 77.9464345101927 -1.9093390816898
424840 22289.5325696285 18850.8341099652 1976.93339794437 2068.4445613899 0.997002994048141 0.112664726128149 2473.11290428376 2457.77081223207 -140.961348757386 -1.9582719482765
424880 22186.6609138731 18845.2241921792 1965.10541321759 2054.16768490142 0.996706290740669 0.106895640845056 1034.3881884111 3945.64986344891 692.687848986807 -2.01367587195049
424920 22259.9400530176 18838.1200965612 1956.57583107074 2056.10462475665 0.996330561764443 0.11482763680706 1472.8440206493 1774.31505941701 492.368117148263 -1.86726402865752
424960 22485.2638906152 18923.3160146247 2005.11362743773 2029.48761832199 1.00083649422846 0.113642800679082 1826.12198125392 1415.70890017606 344.598339038305 -1.8263921655413
425000 22493.9789264288 18979.8525051907 2058.83987326998 2010.0190043101 1.00382665636339 0.119133980543991 1033.38762986224 2191.64673067546 -874.520556214457 -1.79301078291001
425040 22447.1521151109 18931.7804131843 2009.43900835443 2073.93135569412 1.00128416835564 0.102992598402417 2661.33313062046 2120.94155775108 795.059988176208 -2.06278398287516
425080 22542.3097968422 18941.2831483454 2111.51702755041 2043.01258272475 1.00178675913502 0.10425189640408 1303.5701406741 2581.4345768313 1175.68652889556 -2.03659087071804
425120 22293.5130891585 18785.9687831554 1955.52503769758 2035.43261305322 0.993572327550201 0.0995781753194541 2735.75694176578 2868.73930446301 235.289035683634 -2.08338851246977
425160 22406.7161457684 18834.4742330914 1983.24323627934 2002.06946288017 0.996137735453728 0.105858392640465 1921.49475603918 1478.16262448355 659.711268780943 -1.89555138318713
425200 22468.5433614319 18859.3013421458 2024.7196431753 2042.77645981744 0.997450818042884 0.117141151443387 657.350912651011 664.75199213386 -61.2685551297582 -1.71117520053075
425240 22595.4269856762 19013.772936958 1972.73181780096 1998.96439307799 1.00562067629026 0.0964246707996682 2516.23189206429 2853.56574757438 551.131274119291 -2.08429956314359
425280 22662.8730091891 19069.6161978951 1997.85309377373 1977.79317283372 1.00857417415814 0.0953943094006362 3790.08450628323 1824.53127169999 437.907694004801 -2.08154667244243
425320 22500.4875894543 18914.9181934279 1975.71099467455 2014.34258216496 1.00039234131577 0.0982389251023559 3019.84526888428 2374.27001339211 -285.824293633869 -2.04510707751368
425360 22453.4853961551 18881.1167914274 1940.61929727142 2051.14621538629 0.998604616761994 0.104538147883601 2837.56458679256 248.897348333184 72.0470447581043 -1.8263770894006
425400 22492.793083972 18844.2572391927 2060.10689531379 2010.99386824723 0.996655149501136 0.0957722031086143 3585.96630119251 1753.95943675571 -62.3243181760876 -2.05207990961737
425440 22506.3351261653 18876.4968974083 2076.72110620408 1989.75636450599 0.998360274886068 0.0917043668427062 3301.82621209011 2279.25041388731 352.887826720753 -2.08281689890731
425480 22589.5798008178 18925.1814743456 2049.28839970218 2009.43795824011 1.00093515664924 0.0967968208557681 2930.80225432144 1496.39243918324 84.1138098279782 -1.97780363881249
425520 22620.0769149231 18908.5183048921 2119.62282526249 2024.16913915238 1.00005385719381 0.0944047337981482 3908.79718782478 985.659780895725 34.8673458693207 -2.03279807574041
425560 22642.1411051634 18976.1754494307 2058.05752837898 2053.46563137199 1.0036321803216 0.101039108491862 3054.24275853792 938.370554973572 -1102.23016609216 -1.89697800222269
425600 22685.7415530492 18952.0914756312 2109.94055334086 2034.15301585112 1.00235840146139 0.0910323491921576 3398.09208071954 1419.95967976491 624.735826518851 -2.08750091503752
425600 22687.2159001458 18952.0914756312 2111.4115378042 2034.15171491084 1.00235840146139 0.0901187417642807 3550.03958126718 1468.1178561699 660.130078887879 -2.1084145054485
425640 22606.4818976955 18895.4025683499 2099.52999419774 1998.00190556737 0.999360178148876 0.0833181170572745 4169.42112709828 2775.43336635724 188.863473260965 -2.2138281546008
425680 22529.1804514066 18869.4036040057 2097.23963901844 1964.82988509329 0.997985117228913 0.0825358174145528 3435.62817458584 2397.81819808968 1343.70279890777 -2.26786825029217
425720 22680.1191317831 18925.4997182753 2105.07834133485 2017.60661283367 1.00095198827319 0.091377889477871 2061.06640505085 1318.47386086011 1138.75842031562 -2.06962747926811
425760 22619.2039584515 18946.3924698117 2107.84528703134 1957.78484890209 1.00205698637111 0.0765636209604572 3758.57207755141 4555.01482096251 0.539624928082653 -2.35262757764688
425800 22465.6897860762 18802.0064077052 2103.07574601472 1948.24954334743 0.994420542520437 0.088070160872515 2487.25787867106 2550.10586675167 -112.579099683577 -2.05304275361812
425840 22508.7552882819 18845.8562034095 2134.47601524553 1965.97920498578 0.996739717223829 0.078636183971804 2863.65739179251 3888.06792215527 574.487754860739 -2.2409357185955
425880 22604.4180983742 18909.8482144462 2112.06627001577 1938.27335483674 1.00012419486692 0.0841886513709324 3726.13371675145 1758.8194541916 102.630487193664 -2.12774437678558
425920 22553.8117418612 18840.7455232622 2077.83099470294 1959.61206422863 0.996469418128375 0.0890605630033011 1630.88420352944 3073.25095527244 -801.949377333993 -1.9630368577606
425960 22736.1596643949 18840.5073376456 2251.28196535361 1952.50148980283 0.996456820713768 0.0751000803204382 2903.52069965928 4154.04046181573 499.347591094375 -2.31538405092654
426000 22625.7974266791 18871.6741238855 2204.58650088596 1891.3103513507 0.998105202902841 0.0801553250420916 1376.00704387984 4402.61266703048 263.21154770348 -2.18034249225379
426040 22658.6843694244 18932.4202502782 2129.75186851915 1921.04260082259 1.00131800874141 0.0692754309367694 3885.76979805879 4620.29762400388 517.293476925638 -2.44101889497296
426080 22673.9805994888 18862.1768470053 2175.54594003155 1937.97818152007 0.997602900806838 0.0678068574138807 3190.44752490547 5136.81623420784 954.080921467158 -2.4825162310099
426120 22830.8679024627 18938.0391548984 2232.5916779174 1950.64808278104 1.00161518735414 0.0791249587083808 2102.64719972969 4076.0578727573 -484.068814319879 -2.18679667347779
426160 22750.9925105059 18862.5866163864 2242.36804642068 1941.72007747249 0.997624573126345 0.0769433066220584 4033.6831243336 2031.28935700166 12.2926043512955 -2.19341569660534
426200 22701.2992486229 18900.5044075472 2209.80620996995 1897.48257244947 0.999630009654749 0.0735115366069853 3591.38940151137 2560.37108614641 856.119035192028 -2.28104525376151
426240 22653.331882515 18883.5601063202 2165.58814247683 1887.12373109787 0.998733841402626 0.0744340146347464 3089.74547103575 3434.10630100173 -137.685530855787 -2.19186549830032
426280 22761.4862121449 19021.7893663214 2142.03572302011 1878.8420527685 1.00604465774541 0.0776242325518153 2938.90963484218 2665.49158598043 -315.037432157492 -2.13323561923972
426320 22666.859203938 18826.1486756103 2250.26994961383 1893.43932470839 0.995697404501402 0.0677200819179762 3958.54948788134 3693.13410063714 570.841804469483 -2.3428296526057
426360 22621.124118032 18910.5239011 2140.36025097682 1896.31227918264 1.00015993130239 0.0724341948222894 3221.61241934305 3511.21072243299 -290.082058240463 -2.23351854334297
426400 22630.7135861686 18946.9690533489 2136.13937615199 1894.50562279442 1.00208748133539 0.0772310684903312 2710.26485396304 1674.57184969997 383.148596852556 -2.06440240313724
426440 22608.2142445472 18859.9104077035 2194.11560399472 1867.15795227112 0.997483030950864 0.0676906225920231 3899.6221071098 3814.25480361589 -99.035935546861 -2.30746067945922
426480 22473.9529148335 18796.9025264295 2135.21184329352 1823.05983088706 0.994150603010947 0.0676590843698101 3149.53114682334 3553.46177388448 661.852773779521 -2.26788799475654
426520 22646.0827044278 18878.692195481 2185.74154319284 1859.93663506186 0.998476382148936 0.075456360616035 2160.54856243132 2384.00571771536 65.6241543979457 -2.08448742792842
426560 22576.9625112866 18800.0449455689 2198.09297897648 1852.22596074749 0.994316802621651 0.0715741911887573 4727.48343255949 1575.75963989246 -609.567609014339 -2.1796406389541
426600 22728.5995027747 18937.4168740301 2202.17091044062 1862.48729475176 1.00158227550073 0.0685774615205181 4426.78426431243 2715.37475527132 -577.804731186475 -2.23969039097273
426600 22730.103569646 18937.4168740301 2203.66112476001 1862.4927461938 1.00158227550073 0.0679108653946427 4569.76148489093 2759.89741198519 -548.482126506009 -2.25894693168182
426640 22581.2830696473 18797.0487560601 2199.11419012931 1843.15298691193 0.994158336959411 0.0674717169885083 3907.49169968098 2455.11675851734 348.168154758778 -2.26975586902752
426680 22758.1575947068 18854.7858786355 2293.23856507131 1853.78422655766 0.997211999398942 0.0662997569820496 3735.19157910444 2823.26897722789 348.866830252509 -2.3136920884969
426720 22794.9281631588 18812.6438852986 2317.74308814548 1889.59535004299 0.994983148766287 0.0656090191199867 3407.28478106708 3672.35157610267 -93.0854957581278 -2.29702540157836
426760 22957.1859253758 18914.4663811797 2365.66886934399 1897.40699644125 1.00036844538832 0.0557541991833472 3887.66781732114 5216.21549549778 976.014320325785 -2.55451540897273
426800 22847.6175586573 18817.170038283 2345.91136408464 1871.77399452908 0.995222532766522 0.0588384112773641 3691.78482211793 4772.76637306634 431.580259100813 -2.48527914111162
426840 22967.410895827 18917.7276570803 2355.04908293746 1900.57490001531 1.00054093122202 0.0604387536757726 3519.69861798294 3942.93337366163 690.966749497406 -2.417125955273
426880 22889.1123592372 18895.7929868147 2282.60513804211 1885.99896395016 0.99938082701651 0.0619271549746312 2941.58487125795 4321.44029343405 276.645915463551 -2.38432583449586
426920 22929.2543457779 18924.6456926181 2355.75365892255 1868.23592858926 1.00090681965454 0.0614375776618466 2846.10993932056 3841.73784550557 655.965923224057 -2.36099413220227
426960 22903.6016246362 18909.0554788324 2336.01806448575 1878.95714851963 1.00008226782136 0.0608705917922556 2402.12277266008 4864.82409677069 156.259841825608 -2.37035330647519
427000 22769.2306430018 18844.5060657863 2327.4303211497 1820.46331785548 0.996668309707065 0.0614043650801803 3161.27400010072 3883.65389132549 82.0923392303706 -2.3547129107618
427040 22862.2324695739 18844.2451226676 2378.24992988311 1828.91809946809 0.996654508669449 0.0539582966734857 4505.32501513788 4577.92916837247 500.582339345604 -2.58027216076742
427080 22894.353519402 18863.9749772023 2411.94219315865 1791.97393192301 0.997698002232039 0.0584934705416764 3393.43015222782 4095.26240912059 358.917090342015 -2.41974822126316
427120 22779.9907316547 18804.1291297257 2368.83892292798 1788.78069831465 0.994532811303754 0.0541503480958483 3896.40659656877 4529.95351348825 783.301043940185 -2.51988873985929
427160 22911.3527568861 18899.7673801046 2360.80696972318 1818.35792444288 0.999591028962295 0.048556918855432 4555.5936285966 5849.76602970327 795.974695295336 -2.73047016196768
427200 22849.8161901824 18880.8400660577 2339.86328926287 1803.99740050498 0.998589981015879 0.0514000658090689 4851.39268273609 3848.7144412475 1215.79421597677 -2.60670467401469
427240 22919.2410058341 18831.0594697188 2478.26021563315 1845.53210871133 0.995957131811122 0.0559733379835949 3828.80254818377 3210.18349524441 966.790757604179 -2.4453019583874
427280 22822.7081578897 18920.0765472868 2310.8008058849 1826.21952443879 1.00066516182926 0.0495182149482894 5399.17228238671 4169.69920719397 763.606627811867 -2.61529153756516
427320 22955.1322583834 18916.6533283523 2411.44416972965 1814.25120869534 1.00048411097989 0.0566846294546158 3921.27685394711 3727.50793094601 -278.320238653926 -2.36761595495347
427360 22854.6086204 18953.3031785698 2332.67251170168 1797.1029995362 1.00242248729709 0.0563438541288764 4678.32704788063 2309.60853666192 317.972199443602 -2.38985041120188
427400 22853.3862740767 18899.0919043438 2404.73230471325 1787.90170967776 0.999555303680749 0.0555028984100187 3919.78498891555 3190.43116435615 549.637841920338 -2.41893125124442
427440 22980.4717283477 18983.9566739781 2426.74548790643 1805.28562645113 1.00404372201391 0.0480610629064084 5343.86644977906 4571.95851285208 366.232632884886 -2.65167387549446
427480 22945.0503094828 18952.0163770838 2426.03617636954 1787.99337934038 1.00235442956942 0.0563948110753365 4236.2639447974 3225.37230629644 -616.657521544676 -2.34606867894043
427520 23019.4383888712 18971.8679079779 2444.83253618232 1805.43302471114 1.00340435848091 0.0473572051842217 5974.5332623972 3970.15314243085 435.915151412166 -2.66640633908625
427560 23006.1893786736 18910.6144626348 2497.60030420499 1792.6687136745 1.00016472101731 0.0527294653110243 5261.6645326567 3569.15977173395 -825.256023444862 -2.41735991491266
427600 23035.9385811858 18963.1033993311 2460.52164963797 1815.93306693695 1.00294081181177 0.0537179087141734 4226.03524319161 3335.11563410101 -96.6030216568964 -2.42627293019518
427600 23037.2887948025 18963.1033993311 2461.86866559979 1815.93728533416 1.00294081181178 0.0532209350732512 4356.77538978931 3377.67328994265 -71.0080544369601 -2.4439564598013
427640 23043.9424021926 18845.6315181477 2494.01994230126 1862.06883263552 0.99672783383037 0.0513786924894532 3675.06634797962 4426.74843462638 69.0384143771462 -2.4337426856998
427680 23083.9246992731 18924.6456531565 2428.49895441009 1843.48081662132 1.00090681756745 0.0515608239512264 5306.6963577962 2672.84508935915 -28.3605526379252 -2.4325158510073
427720 23116.6684048692 18991.7512472606 2481.74034283863 1808.01798738373 1.00445596970835 0.0525144868562743 3493.13994225919 3783.27288719002 252.453288624159 -2.45995015471338
427760 22991.7947324085 18884.3096044555 2444.73249469622 1796.12083745319 0.998773481658365 0.0429683331061691 4644.34109282771 6222.61161808478 379.071284200056 -2.72670385386485
427800 22962.1017380945 18886.5618301867 2467.06645996777 1799.54578441435 0.998892599771876 0.0430695221271715 4536.3397038519 5881.60855305119 645.144459060538 -2.72801030777054
427840 22980.7747369678 18894.8451272803 2488.77128326677 1800.62314681193 0.999330695611808 0.0377483662699611 5715.59171427635 6513.03784115521 1015.35793386274 -2.89473435634797
427880 23000.4991448048 18911.4660607948 2482.46551706073 1795.46195929423 1.00020976124791 0.0456205396419864 5050.0707216701 5046.63145985167 -457.218716708256 -2.59571396542047
427920 23128.9543659002 18956.6868843604 2519.95934903389 1817.49363853044 1.00260144833322 0.045768304190116 3706.35667708032 5998.55893640787 -216.215072520622 -2.63659015982281
427960 23075.3052815489 18938.8398550854 2537.43795018851 1754.83849471283 1.00165753563853 0.043361478583291 4945.60146046274 5252.64258138599 145.999017345888 -2.65768761685903
428000 22999.1424141232 18898.0717475876 2528.40124253969 1753.70146486338 0.999501348543574 0.0443120625326932 2947.51497262304 6798.47827517451 56.6251546101635 -2.66805291946612
428040 23028.7754994351 18873.5345277387 2541.14344915715 1785.39858803144 0.998203597923506 0.0373718612179167 5201.52619690063 6673.22260477771 881.736941783804 -2.88853613869246
428080 23073.9303610098 18865.9384604569 2612.69492051988 1797.69320972561 0.997801849025884 0.0473288365699703 2348.3882888923 5742.49734162266 98.8924517518913 -2.54447450050565
428120 22996.1256817845 18811.512558638 2611.80976698404 1761.06333081775 0.994923313956789 0.0369657795237062 5174.66623378919 6600.30178955609 962.271457444122 -2.93005820357141
428160 23077.1311141122 18862.1890231606 2659.41486064691 1737.84243379538 0.997603544792308 0.0395689099159705 5100.80805281055 5942.15640688239 277.984520475077 -2.76377738303208
428200 23204.1154478525 18949.3266915428 2655.49606349967 1765.77051141459 1.00221217461551 0.0415102856603176 4488.08223565667 6277.44733060643 -427.154797895935 -2.73531219335561
428240 23189.3071084642 18918.394290949 2694.55643098653 1778.58730544244 1.00057618886415 0.0402537659597764 5201.46683206248 5317.67414611086 268.221700455606 -2.76178419385145
428280 23312.4905082955 19041.1686201577 2701.93608262677 1760.34131971113 1.00706960836481 0.0351596748501178 6157.26433465692 6478.17403926965 455.589319052424 -2.98836704886527
428320 22993.625312363 18825.6316906376 2672.24248342179 1733.59512818643 0.995670061649485 0.0395632397231001 6463.51485910831 4307.39146998104 180.636507635475 -2.82612548300409
428360 23165.2038861575 18953.9121146775 2697.48766765674 1743.68260137448 1.00245469335859 0.0284363439297788 8005.5990159716 7182.80588042376 776.082006780954 -3.24796403455033
428400 23168.3028449646 18853.3715899147 2824.49097486181 1709.24473158673 0.997137198990597 0.0373665342668118 5442.97802937635 4991.38879147828 1243.55983614233 -2.88124317058655
428440 23312.3333617722 18913.2864715754 2823.17274481843 1776.08860972279 1.00030604107235 0.0323798449253922 6983.20431477129 5854.8576862342 1028.02977098995 -3.08396784121961
428480 23305.6129538149 18912.4460574936 2802.52456528652 1772.08638137555 1.00026159235719 0.0349752687181866 6761.71842843432 5628.36530684587 72.0822242316525 -2.96117002739734
428520 23347.6417561201 18938.7716082109 2814.61869908417 1792.47358086422 1.00165392612513 0.0252150322688616 9550.59196199513 6615.41601764976 1001.85876900934 -3.36046947148814
428560 23218.5056530455 18886.6746599789 2777.02368807104 1737.21233493911 0.998898567234108 0.0322982313462811 7020.47180820699 5758.05577489439 817.633145706387 -3.03480724557159
428600 23318.3747990968 18879.6659503904 2890.28356462566 1719.79738903637 0.998527883135811 0.0324203984549689 7549.72784084911 5178.51906334246 729.757948965176 -3.06911020174491
428600 23320.1627924754 18879.6659503903 2892.07425327327 1719.79921660049 0.998527883135811 0.0320463328895267 7670.59469045687 5218.7066413397 750.165155443344 -3.08516738312802
428640 23349.6436767552 18959.935607413 2863.19436502659 1744.13005030575 1.00277327025852 0.0308087032893156 6781.55234263031 6665.47398740473 645.790887866177 -3.11448981959688
428680 23365.8108895141 18947.4714252219 2841.39746198749 1759.98763937404 1.00211405131413 0.0302976709614645 7421.17818741993 5628.32140667401 1206.83562174769 -3.16877537173585
428720 23330.9694634381 18942.6299336957 2836.8754640091 1766.58371438807 1.0018579893532 0.0353775254108723 5656.47061409552 5751.73305491612 202.116626840639 -2.85975866986706
428760 23182.0327248785 18795.0834602704 2797.15163462204 1776.12749115945 0.994054394302281 0.0340669730901447 5879.83196721387 6070.22800740351 213.271772445994 -2.89193587647284
428800 23400.5623260226 18897.5762669193 2925.44797779732 1739.01929813684 0.999475143034208 0.0355044501471723 5495.88691493506 5644.75913182385 78.5680638107613 -2.85298200377133
428840 23393.362612467 18849.7761263048 2985.99457103168 1748.08486424053 0.996947038281357 0.0337821809772586 5392.26714083316 6507.05216146617 178.336113385872 -2.95748636872035
428880 23557.7053321857 19003.8740075947 3006.00710676188 1722.4268252913 1.00509713116989 0.0299231766302862 5773.64607901579 7636.29277518978 565.613535529205 -3.16391655836102
428920 23332.4085381437 18798.6345594861 2997.53277844476 1685.7469429127 0.994242208620182 0.0278224489844173 7164.18898714975 7231.04413490804 519.130989693915 -3.20320692462936
428960 23407.3629440919 18847.5691726395 3065.28235071918 1677.25785389424 0.996830314565095 0.0254875865524262 6907.7222785077 8368.31530611782 779.899607403054 -3.35059734814119
429000 23415.6744183167 18927.3362757198 3034.11226335513 1669.30134497085 1.00104912207959 0.023163266824292 7090.55406491683 9339.68570358203 799.795776992311 -3.46491242056594
429040 23358.5642677824 18800.304337424 3016.44555823186 1694.36911453198 0.994330521614386 0.0271655289402432 6888.25872232668 7332.56731755724 674.388923965831 -3.16316310004305
429080 23496.4743807777 18909.5146348363 3065.82397309725 1696.88422399876 1.00010655215319 0.0289430787508595 5264.45679341118 7829.3925806714 844.382887534323 -3.19154058394236
429120 23481.686158821 18889.4345249913 3032.31721907278 1715.6176148495 0.999044533914656 0.0228352404407652 7142.78967011514 9360.84548481855 545.660874602524 -3.41886655776292
429160 23518.5691109482 18970.1223420915 2966.68720043411 1730.18178658018 1.00331203713296 0.0267045812037489 5961.64065826164 8722.57403838511 199.609377832768 -3.22170238190184
429200 23517.1310547058 18832.9333523913 3104.32987008434 1735.56550644382 0.996056239713937 0.0298250167327173 5407.10772125016 7256.69228182426 349.284976304691 -3.04527966475856
429240 23689.7249691847 18975.8465204358 3152.71930495307 1727.30149959933 1.00361478357455 0.0238575075743394 6667.01252375043 8968.84289620647 679.044931226816 -3.42670383471928
429280 23593.4218177467 18859.0098188823 3178.51103075245 1704.84507759246 0.997435399649998 0.0217005949365576 7692.40094678221 8422.11017363186 1214.51925097608 -3.454899285325
429320 23670.8827601911 18938.4315227608 3181.13505248327 1701.19165998035 1.00163593932359 0.018878578548438 10177.8320592361 8499.02693733915 150.213569370449 -3.55225797226019
429360 23593.6380189097 18860.8258325551 3166.504048921 1695.90966776435 0.997531446915515 0.0297450099218525 7633.44318154146 5323.58241575027 -257.342628622812 -3.0057997307861
429400 23617.5389946154 18858.9716178143 3225.73727494167 1666.97044302839 0.99743337923122 0.0288355622022602 7254.67069747795 6153.72693655535 -323.881496499616 -3.07984354042475
429440 23595.2615932539 18800.2707519699 3250.10504573711 1695.574223391 0.994328745311117 0.02364149994247 8096.09082326146 6928.85084010122 839.969442894001 -3.33070734433927
429480 23577.8109709454 18860.0145570148 3198.38389098986 1669.82703457371 0.997488539310579 0.0223953097120256 8682.05176833041 7500.89661664656 311.004890394055 -3.38580196642085
429520 23864.7319276308 19019.7509889003 3278.9886871406 1700.82703941538 1.00593684986911 0.024894398871603 8175.88551656923 6870.63173445353 -25.7137171751159 -3.30919803984397
429560 23839.802122262 18906.2051962708 3342.55637644057 1713.25516207978 0.999931519041164 0.0217924844458465 8413.90949006212 7874.30407740181 478.863049601605 -3.44180148527807
429600 23855.6943299249 18787.2758221472 3431.68627008521 1760.95776331823 0.993641455620638 0.013349613976824 11981.8679923991 8598.60121819567 1020.08551439146 -3.90446956942561
429600 23858.0281087217 18787.2758221472 3434.02089661425 1760.96015542243 0.993641455620638 0.0130504203733921 12100.4461451901 8636.04115770903 1037.662172757 -3.91973433218098
429640 23730.9507813361 18778.4233184546 3333.25387770867 1705.48237301374 0.993173254975783 0.0217894429709029 9412.69750046441 7360.0861969276 -285.945936188574 -3.37462311971297
429680 23894.1706689522 18955.1577009654 3403.91272950303 1640.99865176295 1.00252057125296 0.0156612778986006 9777.95924068088 9470.0820144287 848.749410188178 -3.73635435781925
429720 23812.4806085661 18913.2525745958 3365.20327960854 1631.06995456509 1.00030424829278 0.0200776350148647 8299.61378853859 8657.68442129823 439.93630772907 -3.47250759228347
429760 23591.7309621709 18739.6919898358 3347.08004767131 1635.44073754455 0.991124791211733 0.0159524030280717 9425.09760009916 9655.43080043039 761.212014948096 -3.66261806275532
429800 23995.4200004267 19031.9438611099 3445.4422474941 1662.16714007117 1.00658171948221 0.0224322650447898 8894.42152667161 7123.68483553895 -98.9019809367439 -3.37072840994967
429840 23676.1562945417 18770.8282877935 3391.9282721395 1660.38538333322 0.99277156090406 0.0194312272121086 8258.06436401179 8467.26995336415 816.258574077681 -3.51107966426075
429880 24047.0667718274 18882.8556733982 3584.78832492227 1701.04629598839 0.998696584603897 0.0144601946001603 10101.343185353 9645.02609645723 815.227617188718 -3.80045770969947
429920 24023.6880950002 19039.827198868 3406.45704493429 1695.94655497649 1.00699866184678 0.0219903703284233 7643.03959546513 8254.40152200195 -85.1240600597347 -3.39826874315125
429960 24069.1789189876 18957.1252053863 3529.07364520519 1709.33141245511 1.00262463072253 0.01777856888548 8132.01482625863 10223.8894838051 42.5862232848224 -3.64703001446415
430000 24107.4348195099 19041.3488803857 3481.63719564097 1682.35745474843 1.00707914215976 0.0186839570603933 7843.02845092263 9307.20543950214 546.516104111435 -3.56440773298273
430040 23912.8023399893 18751.3264029316 3551.14612697926 1737.58281385988 0.991740124444352 0.013800512890547 9013.61940350016 11065.0867943708 604.069715478212 -3.78425561751791
430080 24097.0866585717 18999.824324782 3497.57860628108 1702.23559583496 1.00488294723163 0.0169279937511837 7783.29224767695 10228.3600284521 711.391272091003 -3.72161544169487
430120 23954.2108762775 18794.6896574998 3600.26505389904 1647.31194475382 0.994033566441877 0.0191064398004577 8131.9615309287 9018.19023053169 172.224590225893 -3.50035851603828
430160 24081.2947395305 18752.7947589627 3676.18256062982 1748.41170105239 0.991817784422199 0.0086161094148763 11285.7991670704 11720.096777016 980.811770685244 -4.12675395329351
430200 24008.0708019782 18868.055365216 3568.10634062291 1671.43940912146 0.997913810139679 0.0202425717589393 8374.96347232715 8325.77433550659 -353.508535877271 -3.45210230716736
430240 24158.154976944 18915.8200952543 3646.73547856401 1685.55575945921 1.00044004206026 0.0142413928975783 8959.05470868105 11130.8777348215 144.591341820547 -3.80348032156394
430280 24073.9386038326 18800.6539407586 3692.60671422885 1705.30738700087 0.994349011807938 0.0168816006968 9200.11714727825 8953.00558561315 230.164000553096 -3.61658777715892
430320 24237.400699456 18977.3185842027 3651.54332818919 1717.31599549279 1.00369263965108 0.00949165908068223 10039.4969768101 12458.6217016306 729.025949177453 -4.08472811003381
430360 24269.1424789281 18965.9268982004 3721.13454412172 1704.27184636842 1.00309014402753 0.0110721801345791 10889.1215021396 11045.0199598192 176.611979314279 -3.99002338534408
430400 24129.8181660836 18872.4620071786 3711.27169534888 1681.35622258451 0.998146873313692 0.0125515644361217 10679.5885136797 10181.2487119257 277.090479714414 -3.84349601546799
430440 24414.6752933387 19017.7375774557 3828.10364795697 1708.10844758991 1.00583036241997 0.0146090447814546 10158.6024574029 9231.70617444819 300.795660009924 -3.76460350866721
430480 24256.5816751333 18886.5972292123 3797.52937483123 1708.5695169582 0.998894471993248 0.00755891942470736 12082.8608207741 11061.4839204009 1198.20838503649 -4.18784569850995
430520 24297.1583390534 18948.9829314786 3814.89934050675 1681.35785777761 1.00219399346707 0.0106403626676918 11042.5992778374 10316.6174729421 816.495465220705 -4.02436166865953
430560 24480.2165971687 18998.8669949613 3918.70290631951 1680.78611876787 1.00483231495234 0.0151563318072099 9900.16732259084 9053.58608774699 162.577452832891 -3.77186183203813
430600 24389.6410555012 18901.0822856159 3916.08232906958 1688.89670601019 0.999660573085597 0.0128318229137203 11560.5239976487 8854.03205413148 237.566426294435 -3.86676276230387
430600 24391.7315861162 18901.0822856159 3918.174271319 1688.89700462448 0.999660573085597 0.012593647448014 11671.1200407434 8888.93680315724 253.677884066038 -3.8809972020492
430640 24368.9171281531 18860.7374780844 3957.19658246988 1657.51299256339 0.997526773930154 0.00904540351999457 11721.7785779259 11815.8355158286 -333.935877952771 -4.09204889169652
430680 24422.8740903426 18883.1845635605 3960.37923142308 1691.03272495497 0.998713979297129 0.0149564587095333 9641.3170094269 9219.06096939907 206.314724415747 -3.74693558495532
430720 24470.770421909 18897.626638161 4010.76832934614 1670.06733800859 0.999477807122097 0.0107191736610103 10168.1083196295 10835.058115668 911.748199448768 -3.96274682666611
430760 24576.8028193136 18928.9853412112 4060.39869427211 1697.41549292667 1.00113633961186 0.0124077174440872 10608.9498007914 9516.94093225451 635.046368452964 -3.89166750663379
430800 24568.8560073824 18870.7149454968 4080.48769162737 1712.59436083072 0.99805447285452 0.00950917448693566 11759.3985173437 9797.98928070745 1070.6962867854 -4.03869814419456
430840 24601.9749875631 18903.9189579741 4107.34592369487 1684.69023244136 0.999810602034858 0.00885897595363005 10423.2941792035 12423.1105109199 289.712880922975 -4.12744080306368
430880 24454.0597269262 18870.6066148562 4032.52474877085 1652.87863728712 0.998048743348207 0.009197351746444 10114.295657381 12482.8432938493 253.127381813757 -4.07498137841112
430920 24551.478502747 18812.2466835697 4157.96918086662 1691.3960727437 0.994962141138158 0.015570069019245 8915.40820873289 9787.00206839001 -325.56215440849 -3.71006661069918
430960 24600.9084970374 18834.0547510743 4199.01876694828 1663.46024499358 0.996115549441985 0.00792659885420866 12042.9808967202 11808.6775108218 -163.085461026548 -4.16898740230889
431000 24598.7522953794 18781.7171317337 4201.46151177662 1702.45161552337 0.993347461681012 0.00650171114934999 10445.024207386 13460.6202120134 801.067249515228 -4.23692640012085
431040 24699.8591822822 18837.6935051388 4254.33965299762 1693.19875748735 0.996307999742898 0.00790298314833541 10059.4711716393 12990.3889335703 601.853153302963 -4.14498769232567
431080 24806.8006951296 18901.6493869901 4321.12708226565 1674.13792254307 0.999690566547144 0.00733481080952875 10297.5799534545 12638.204765987 1087.85887695306 -4.22272033219121
431120 24736.4926455389 18864.1171136879 4325.6842799491 1648.48250300612 0.997705519697894 0.00825412675439162 10807.7277499732 12414.3069150609 81.0817871020807 -4.15272532549263
431160 24827.5233545715 18887.8673007341 4387.87204314487 1649.28948144445 0.998961644888755 0.0055008789746019 12375.3623408348 12525.0412160481 429.934875447816 -4.32162718849619
431200 24858.6184086176 18970.9993788354 4347.88851763914 1668.07568321529 1.00335842278648 0.00686339370437208 10990.123771192 12364.298873594 857.642068279644 -4.25364976536125
431240 24797.8762926148 18852.1171030521 4354.32487173663 1708.91261198626 0.997070850353147 0.00905146450204988 10574.3450784912 11827.5237766338 160.896907407506 -4.06049249331888
431280 24822.0970930342 18903.3716344686 4381.03318815989 1664.88875145682 0.999781654606297 0.00698240707325805 11367.9900086484 12361.062842356 403.239959371243 -4.21610952131594
431320 24913.0464315304 18893.034672854 4473.60186839636 1672.98527763121 0.999234942369644 0.00836571087593639 11812.286194251 11047.7279755536 251.984196509292 -4.11484888940213
431360 24928.2971085455 18910.8641144826 4438.21558176033 1687.35013560232 1.00017792487016 0.00557203221036285 12516.6073412083 12237.1603285914 414.695298504016 -4.31998428006801
431400 25085.4110778593 18919.8411326996 4625.40598763102 1707.6892904541 1.00065271097181 0.0104333418302036 9958.02592427126 11360.4052354813 41.6770264944852 -3.99242946013963
431440 25011.815509111 18826.2342745697 4636.60933758627 1693.47380278726 0.995701931750347 0.0059784197001822 12353.0052789688 12352.325659797 213.062426562451 -4.26583579167208
431480 25057.3958684667 18923.6850728831 4581.35877758274 1656.56532990968 1.00085601337475 0.00564610153043124 12857.510583616 11321.5824099389 775.190718461981 -4.32145627498928
431520 25116.2197736143 18960.8820226824 4637.8205133621 1661.27014956992 1.0028233252774 0.00029487957288862 14627.9869035928 13551.8680724603 1024.37766880795 -4.71576777267009
431560 25251.9893618002 19027.2634367783 4684.94876362053 1684.79746723491 1.00633417621464 0.00578637969814991 13128.3971190493 12107.7667202322 -396.935225369708 -4.34962130720262
431600 25128.1277922647 18844.752454698 4704.84347483321 1706.07986956679 0.996681340986277 0.0020230077427771 12318.4473449943 14175.4593820612 1278.2328144101 -4.58564315463203
431600 25130.1945254089 18844.752454698 4706.90693763878 1706.08250064686 0.996681340986277 0.00183078817397587 12422.7706287557 14208.9214759533 1292.36810337362 -4.59902866254063
431640 25146.0715478749 18926.8566819395 4702.50087978837 1640.79762684897 1.00102375681288 0.00463806754021711 12274.0843750116 13394.2308431877 22.5155285956462 -4.36617828056607
431680 25301.2131063838 18935.4934711441 4811.21937693953 1666.08821387425 1.00148054852012 0.00386632624083372 13663.4578330103 11873.4704893746 744.293643318283 -4.43697607219518
431720 25408.5915325112 18995.2673167532 4858.94964916266 1670.09166360642 1.00464193133694 0.000904256583171383 14084.0911834362 13759.341924684 818.825550838851 -4.65241697613282
431760 25357.4335707752 18969.7108269937 4824.99175592871 1667.34967291069 1.00329027248413 0.00347342062679775 12469.1419626568 13557.460549022 531.511834281199 -4.50223399502656
431800 25344.2592544118 18856.2343778956 4891.69578927488 1690.71376296861 0.997288609170732 0.00333723266130769 12457.7169867118 14113.3800403995 122.729235551603 -4.48882364596844
431840 25465.3529305825 18892.4146493902 4994.78441644969 1688.10508774633 0.999202149908248 0.00511052028651094 12376.8159786 12608.5965233961 219.105283073801 -4.39824550819254
431880 25491.8306983677 18920.1538615182 4990.48975764066 1675.65888835388 1.00066925090669 0.00288490875520127 13012.9893940585 13776.9319162257 235.287909114241 -4.53800811097581
431920 25554.8205570521 18959.190191276 5022.00245051786 1651.56603906336 1.00273384589586 0.000902742061438532 13170.3014040194 15475.2961719949 26.9837123665833 -4.69406552749683
431960 25484.5382577503 18863.6765727928 5045.09198427993 1658.77357220343 0.997682219901773 0.00129773321744016 12164.5351117238 15769.1256604232 358.054457952938 -4.65654400284354
432000 25738.5017359952 18973.0409882464 5154.81664579074 1694.20800251936 1.0034664015997 0.00195290815907063 11939.3366348475 15712.6629614523 113.801170054618 -4.6334675295811
432040 25644.4280649417 18907.6100970081 5138.39573660512 1706.88100677381 1.00000582292784 -0.00210634466825076 13473.2227372987 17724.981794053 42.2465851377056 -4.95173663536891
432080 25747.8699134203 18880.2427975105 5287.86064642048 1681.9282278054 0.998558392040751 -0.000892132064474567 12817.1492808117 16664.5837708414 726.778461989491 -4.86007175930773
432120 25796.3749623316 18941.323078903 5282.57697355272 1685.61289769164 1.00178887102488 -0.000393368863175959 12777.5711355895 16319.347396979 690.711029490835 -4.83242979745619
432160 25814.5585709623 18897.9769694491 5329.28238094766 1701.79251237597 0.999496335816429 -0.00193251553059421 14320.6542498842 16285.4124804834 435.760272592349 -4.92027959118716
432200 25822.6776536484 18859.4921800901 5398.643552985 1670.59864376974 0.997460911283359 -0.00249215717488228 14077.1798490084 16358.8983396701 1118.10896313065 -4.98030966526016
432240 25858.8450695566 18846.28472326 5401.84116327937 1703.07018322455 0.996762381238132 -0.00214778378964573 13813.5329972805 16513.3746012529 1010.67688979835 -4.97004563851354
432280 25872.1090157256 18854.6249224374 5439.6462146613 1671.39056153265 0.99720348657609 -0.00350682295987613 15321.4477005364 16229.8936975697 919.11493064891 -5.04367022747979
432320 26007.2447933675 18900.3835291053 5510.98394952512 1676.43025621316 0.999623616506956 -0.00219119172541659 15765.103195456 15097.6106283805 418.60122484497 -4.94663482215045
432360 26001.5860385185 18912.5038552648 5527.06814277201 1642.80363980213 1.00026464922728 -0.00378471983014128 16329.7209181107 16017.0723320731 465.953229933547 -5.05338814304535
432400 25960.9134615142 18817.6836098347 5578.68138870131 1646.38707492544 0.995249695085796 -0.0025419680967594 16149.4397514414 15484.2183665891 27.0178721189198 -4.96396650144224
432440 26110.2688717804 18924.0236444938 5615.55814432286 1662.75283264957 1.00087392011074 -0.00304016620490005 16304.2859153028 15663.2164657807 244.855588603173 -5.06124345643563
432480 26114.2795015936 18902.0875519828 5625.97855136175 1673.99991104345 0.999713740684004 -0.00357468622013978 16481.2176359645 15595.325875812 577.478853013105 -5.11442755793119
432520 26161.9443182007 18907.4508353136 5730.90612293255 1632.48770841099 0.999997399725695 -0.0056394018594559 17411.3415176266 17100.1015460757 0.1757976443695 -5.2671589245771
432560 26155.1786015536 18916.1593072349 5673.5068115972 1672.84604697419 1.00045798266481 -0.00263366581301304 16849.3032318139 14726.8882269843 237.399253062946 -5.00529592135889
432600 26269.9700034221 18837.2056457953 5889.45964886875 1660.49809487379 0.996282197318274 -0.00177389651455124 15425.5429192743 15210.7606762529 427.995374433133 -4.92652105331604
432600 26272.2896180594 18837.2056457953 5891.77213300231 1660.50812355622 0.996282197318274 -0.0019347048455691 15527.2537801195 15241.8730526032 441.144896897002 -4.93933204294485
432640 26249.2643399071 18892.5109914325 5821.34735966965 1640.06477025686 0.999207245348805 -0.00257644510259852 16939.8749892327 15049.1975126638 -244.437937139662 -4.99930491741278
432680 26355.8390426265 18995.3567941194 5835.50158179739 1641.58013305638 1.00464666371119 -0.0030752226140968 15873.8744442744 16694.6822858594 -293.750445508792 -5.08655099740672
432720 26379.9113403499 18930.950365586 5916.09637302429 1649.14498609878 1.00124026791411 -0.00343210560017002 16159.9755821486 16376.454599591 138.904486399153 -5.13580921618311
432760 26450.8936638728 18956.6504700447 5974.64056207424 1632.50282109192 1.00259952241411 -0.00571385696091954 17330.220232563 16807.5405407216 741.62921228755 -5.3393923633399
432800 26469.8038424054 18909.582998968 6003.77207427398 1675.27674973407 1.0001101678682 -0.00593604809899517 16520.7123939002 18141.3200788917 299.507654280536 -5.29108385616171
432840 26545.6531374531 18944.6974989576 6025.12548036282 1692.82266248877 1.00196734094712 -0.00947740715830549 18541.7240719208 18756.5744859219 1076.49577561466 -5.60182270742978
432880 26518.5885847868 18834.1492796507 6125.58814927325 1690.28698112745 0.996120548970023 -0.00292884951037656 15668.0245168437 16325.407529627 223.479306851492 -5.05777402320401
432920 26594.3642610145 18862.3270584597 6179.12596153622 1688.53697320024 0.99761084535024 -0.00688800877648406 15988.1466059995 19233.2576629153 787.84883467575 -5.41127221359309
432960 26760.9124558701 19000.0439631104 6203.48478265114 1684.21032116213 1.00489456369749 -0.00741311003102607 16694.4645491566 19184.2369546015 630.433094240377 -5.45064241783265
433000 26709.2726024008 18855.8656184614 6245.61306213635 1719.62825048932 0.997269105828976 -0.00707823233088833 16166.1255459959 19441.5120948929 583.536754277048 -5.43923108969695
433040 26735.619726237 18850.1878613612 6263.53734642423 1736.83506941844 0.996968814563596 -0.00277126143912423 14793.9980860043 17293.6178873754 26.3735195034906 -5.10775574771465
433080 26833.8039189874 18939.5410710039 6323.59965500833 1670.45111213317 1.00169462229295 -0.010151989226947 17817.946815953 20619.8257371115 714.995163835996 -5.65742547827639
433120 26763.6494200501 18881.9283866581 6284.77305278843 1695.97301950593 0.998647541275057 -0.00752442290433897 17087.641677891 19244.8819190456 385.673110964578 -5.43851278255303
433160 26907.3991800484 18882.6499372272 6414.35796981353 1697.26620525421 0.998685703410138 -0.00786134548696133 16921.1051548852 19841.8673848125 277.134654776584 -5.45243803384435
433200 26865.3883166375 18926.062801926 6354.25973078209 1673.41541841479 1.0009817692411 -0.00545323762814554 16366.1660133017 17969.2255870358 489.639232706064 -5.31679659476363
433240 26991.424659644 18914.6482499363 6463.24751459602 1694.57179985129 1.00037806425685 -0.00651809022240689 16915.1830223481 18549.9784502404 347.217577857576 -5.40813950479266
433280 27001.9732805863 18929.5884346375 6490.60316407282 1678.64008332578 1.0011682366594 -0.00884980774557838 17779.5005940033 19692.5865058779 661.589776281079 -5.54439112338657
433320 27253.7823626234 18996.3546823806 6698.00759009954 1666.26053138264 1.00469944108849 -0.00785820467520129 17658.2475154887 18983.4449498386 641.268387431097 -5.55907763482237
433360 27061.0072265632 18833.9458199752 6666.25352556732 1659.28425617754 0.996109788177981 -0.00774249251807264 18425.6283756463 19059.0895403436 -268.163501625357 -5.48740807176489
433400 27242.2966049083 18899.2543100111 6752.36365882862 1687.17190019612 0.999563893164676 -0.00731945128078861 18156.9431820222 18461.3369953862 148.533613659196 -5.51043287359871
433440 27278.3619697415 18905.968609522 6771.1760568451 1692.42502853371 0.999919006189182 -0.00964191799202586 18922.4341098745 19782.2907194633 480.87000016343 -5.72057705326234
433480 27369.0933529303 18868.7246579037 6894.74106845214 1699.27104311904 0.997949208404271 -0.00922251571829195 18168.8599725769 20047.1378312972 541.193976282721 -5.64864085979859
433520 27404.5469276846 18893.5470151942 6947.39833938713 1646.53131722726 0.999262039677071 -0.00827681223863261 18854.078788179 18869.1175103263 196.506564278303 -5.65358172610069
433560 27512.2067542048 18950.6568099609 6983.92010886878 1661.92191265415 1.00228252333523 -0.00985083778039289 20109.7292049469 19180.2907386222 176.622065698948 -5.73938810381524
433600 27492.9944138427 18808.9753005303 7103.25075708564 1668.58954922184 0.99478912074734 -0.0123791154171158 21709.1027651708 19628.1773681418 773.840946380076 -5.98073188330792
433600 27495.9235110416 18808.9753005303 7106.17713626728 1668.59234630483 0.994789120747339 -0.0125130634626759 21807.0518687255 19657.6462562494 785.895780203814 -5.99286367841859
433640 27606.2821246553 18896.0621096689 7110.1631205339 1699.3235552533 0.999395060672689 -0.0110235288800811 20077.5185017826 20063.1695718681 686.210992166832 -5.84827757095041
433680 27689.3099659138 18832.8312273233 7256.54091484005 1708.71576834666 0.99605083841456 -0.00669264067580818 18253.0484915475 18389.8490764748 -255.58951530855 -5.47252510609592
433720 27729.3528270731 18889.6259580384 7268.11839524691 1661.35374321448 0.999054658629562 -0.00971716144572952 19921.1014569442 19348.7393898095 368.185466432552 -5.7336773447787
433760 27782.12942175 18908.1360927835 7292.37092716364 1669.85199322021 1.00003364235269 -0.0100221521970621 19484.6172743581 20062.793293579 348.854971306373 -5.75215845664831
433800 27918.3224230085 18898.4475373368 7434.70810143678 1681.27085311831 0.999521223712113 -0.0129755127405523 20332.4358330551 22567.6654712625 247.597266620292 -6.09308879581344
433840 28025.1844313868 18956.3997703667 7479.36777933547 1686.55030653796 1.00258626314249 -0.00779200220263079 17771.2635185161 20063.4624796114 -101.009843635671 -5.6159184853411
433880 27952.6933608805 18896.4610459405 7509.76991953751 1649.31064171793 0.999416160039163 -0.0119964333478459 20858.7022223744 21073.6540838097 274.922272941541 -5.99118849411365
433920 27924.8259652802 18813.9042752428 7558.59062324044 1670.98104478482 0.995049809612206 -0.0118639608828229 19824.5532732453 21616.8087845914 624.484652618775 -5.97286450673237
433960 28046.6571078755 18805.1002734364 7628.41548263334 1708.19219035711 0.994584174186773 -0.0113809683602616 20180.723931225 21246.6419080024 235.504608801578 -5.89674335557797
434000 28183.8626324193 18871.7047472662 7739.22251942154 1662.71567482195 0.998106822544819 -0.0106730646614989 19022.9113699888 21161.2387000557 751.158671801982 -5.85960934766088
434040 28134.4626371781 18848.8260324081 7784.00076329939 1613.12928087151 0.996896788703327 -0.0120195652799022 20308.5041482968 22157.0247717459 7.7292149754655 -5.96927599264031
434080 28284.3740677506 18816.6179486457 7914.54927766623 1643.65438524743 0.995193333261706 -0.0102810261574869 18876.4373028622 22161.331546781 -395.113397552504 -5.84507499099975
434120 28511.1441751509 18955.0234977014 7976.0816177492 1680.61265040311 1.00251347336779 -0.0120832826414607 19867.9520845171 21734.5306452792 1077.42101894282 -6.09564195884782
434160 28504.9503836407 19017.1938339598 7906.74593465216 1677.82533542257 1.00580160433478 -0.0106704721534817 19719.3748709509 21039.4668007126 393.314321662411 -5.90076209626569
434200 28528.1487652798 18886.8405076629 8042.23940799673 1713.85634611545 0.99890733876308 -0.010666395418759 19233.9559929157 21694.3695239313 270.367280667914 -5.92241949499013
434240 28601.6301776308 18933.535191914 8062.21986449585 1688.63230189082 1.00137697696226 -0.0140834609835872 22309.5000719466 22792.927997847 14.4103871000535 -6.22454510827397
434280 28640.7402225676 18888.9169416591 8149.29286404395 1694.08223983678 0.999017159416056 -0.0117190502289798 20204.672315927 22616.5149860311 -280.170390595334 -5.98592516054704
434320 28753.5509747033 18824.9772598177 8307.25057373473 1702.60074702089 0.995635449415189 -0.0127984709258715 21616.4378864192 22301.3084915809 -119.284456591573 -6.09323337485635
434360 28920.5416155875 18941.1894731174 8361.49394550752 1690.86583593808 1.00178180473978 -0.0136530323307966 21207.6618668226 23285.4553803138 425.807036017705 -6.26509223190035
434400 28861.2589579227 18912.8442042366 8344.88657791165 1678.59108933975 1.00028264996624 -0.01177834322216 20953.5101035485 21757.6628078782 65.2363949462737 -6.03930259961757
434440 28967.2310919837 18947.0126163924 8447.82132770771 1668.63310195646 1.00208978534404 -0.0174594162044921 24663.1053888424 23795.1086265235 835.671219853214 -6.62094480983562
434480 29074.9947261414 18956.1155455682 8544.12924600114 1668.60734956754 1.0025712307586 -0.0141398591184276 22584.529668125 22581.650127985 496.944792252677 -6.32877645210753
434520 29034.5809646721 18844.9557208162 8574.86245402231 1713.22401655531 0.996692091541251 -0.0131558901823622 22138.8063877402 22224.6628467584 232.094484501939 -6.20851415504412
434560 29263.7596835855 19015.2368884298 8651.25049734677 1690.10158780716 1.00569810331508 -0.0167682068679302 24444.9758699342 23396.6419789583 957.219843335585 -6.59823011880526
434600 29231.5226812911 18890.7830139384 8707.71055403695 1725.30160668208 0.999115854234479 -0.0186197759887932 25135.0966292474 24871.8771874026 977.133407449086 -6.75458871116333
434600 29234.6789416497 18890.7830139384 8710.86334340105 1725.30575951033 0.999115854234479 -0.0187317985062387 25228.0944494756 24901.0478132042 987.423227638658 -6.76606178839378
434640 29208.9519476275 18838.7482353509 8744.43216309233 1708.97394754121 0.996363783437838 -0.0155571753834404 23507.2259672536 23819.7022990688 217.073965219873 -6.45933984067003
434680 29277.9019116056 18914.5703965949 8785.83173601793 1674.30373640396 1.0003739466664 -0.0153119953075074 23241.9947983039 23326.0264021188 777.667285548889 -6.46866800750176
434720 29335.0306646665 18888.400864267 8840.72996246841 1690.05832053132 0.998989864565228 -0.0161945487161003 23183.4953656286 25057.4415613769 251.978416834428 -6.53839172157384
434760 29655.0430467596 18956.7473910541 9059.28299498547 1736.02892138527 1.00260464847569 -0.0185871715809343 25138.9171439416 26037.1143652137 260.818125381643 -6.84757440917607
434800 29623.2762624734 18879.5079252948 9105.72356179763 1707.08584951493 0.998519525336233 -0.017281748085041 23885.237173157 24945.914286392 1093.63181785785 -6.67782319322863
434840 29663.9660784992 18976.2694804944 9073.19975985027 1701.44172390355 1.00363715353666 -0.0160916858435292 23462.9664111306 25038.4965824099 72.8671837044951 -6.5531337061281
434880 29878.5390590238 19046.1764934309 9191.15170756174 1726.31267392468 1.0073344701008 -0.018607237625617 24340.9942574477 27001.5838275196 414.490075952199 -6.88099998840763
434920 29957.6939623797 18973.2256241974 9334.43696174353 1721.06138094175 1.00347616682255 -0.016445598478028 23092.6504597049 25801.341523076 300.049391627672 -6.63187218432084
434960 29995.1588345586 18999.1249526233 9414.2402847956 1669.90079463227 1.00484595809194 -0.0144174562610134 21767.4946354434 25564.7630118913 -441.539556282458 -6.45278145454388
435000 29936.0019905564 18892.272430364 9432.59675100078 1686.4505607093 0.999194628076901 -0.0159251677364012 23092.6412086735 25612.5232524825 66.203858202808 -6.57312411705448
435040 30293.7490552265 19155.7677045321 9492.54671484639 1717.19811071429 1.01313064680852 -0.0147677482271121 22464.9763824978 25316.3901021371 -266.80485870163 -6.46226303757764
435080 30210.2546604404 18910.7163222946 9675.51034712261 1692.64608286691 1.0001701082795 -0.0167125448263912 22472.54550356 27006.8063471078 474.726804737681 -6.6786594195822
435120 30147.7310548614 18839.2394465488 9688.25171867163 1684.93479298511 0.996389763138904 -0.016545716926009 22652.0602867634 26788.1987142068 348.591000755022 -6.60912499851292
435160 30284.9672222566 18936.3202019471 9748.31575128294 1679.85701231033 1.00152427353945 -0.0164712053550865 23618.0816914329 27035.0703566685 -678.973254579892 -6.66936653257424
435200 30309.9413277515 18884.4709218193 9770.41200330978 1742.74155947886 0.998782013582931 -0.0185652574777715 24530.5050385374 27663.8817830883 336.557458702652 -6.89671566329739
435240 30307.9409326724 18850.8712716053 9823.53172845974 1730.47268467223 0.997004959492545 -0.0187411148313822 25317.2604943468 26601.7650647994 896.198694501876 -6.93409193298965
435280 30449.8374931451 18805.1673999674 10069.0341344156 1674.54312603008 0.994587724446249 -0.0194608810148125 26714.726092256 26967.7054022236 134.525204464253 -6.98223101274431
435320 30702.3364959308 18996.3995424983 10131.7008297283 1665.29331263644 1.00470181369818 -0.0192323090110521 25691.5767779896 27665.2794792189 326.276272309757 -7.03673405177465
435360 30719.5139800728 18854.5850558189 10299.904234401 1676.58364305038 0.997201378067903 -0.0202639870219561 26462.0620748224 28177.082503829 458.669883354311 -7.11373012133849
435400 30688.4571496734 18901.8726058746 10233.6764621887 1687.55843342017 0.999702372385275 -0.0196367562792836 25553.5920393852 28618.4928673861 247.337068759449 -7.08660100094303
435440 30760.1674001169 18881.9435620907 10300.9119957268 1691.20739959366 0.998648343889502 -0.0199327982493438 27678.8821359414 26673.7150075438 541.412804624411 -7.15775788550657
435480 30998.1586983302 18907.3675795915 10483.696668966 1707.73321145879 0.999992996408385 -0.0194931732316153 27534.0891331843 26955.7634170057 -64.8419591175737 -7.09111623342117
435520 30904.6323501383 18846.0524824189 10467.7440644051 1693.70138516173 0.996750098237151 -0.0208032328191006 28026.5620025349 27562.1518575721 591.837498579422 -7.21204962370918
435560 30972.6959882318 18897.2877757409 10535.4894342367 1644.94242237956 0.999459885005471 -0.0188803071550561 26696.1442282853 27165.903500392 81.2124740162958 -7.05224725897366
435600 31281.3157950295 18988.4049702961 10716.2676863351 1686.62942019598 1.00427898824785 -0.0204055029386166 27899.7658852421 27456.3590351546 587.41653478836 -7.25387042905524
435600 31284.6011375033 18988.4049702961 10719.5464424947 1686.63655516935 1.00427898824785 -0.0205015071216139 27990.3790234808 27483.7237724405 597.020631007735 -7.26490070113427
435640 31282.5542132062 18906.4438873044 10773.7156052787 1702.81517513809 0.9999441431868 -0.0231412059715905 30019.7438579512 29131.5947315199 510.079038445323 -7.48696194011767
435680 31500.5784619888 18990.9127189047 10872.0362181043 1715.47197594676 1.00441162072748 -0.0205156877952515 27464.3648475047 28877.3986658399 -105.623917390448 -7.25694262321195
435720 31591.179521017 18968.9693134366 10985.3651872671 1733.06648193147 1.00325105452527 -0.0223046709896245 28724.2218552727 29588.4854014876 499.706804647554 -7.482061833614
435760 31562.6337310649 18909.5865166584 11047.421650891 1714.87556452771 1.00011035391556 -0.0234172445488085 29692.904570664 29974.8578241382 752.730830569372 -7.58079161023286
435800 31618.9724783111 18880.8568996642 11139.4072918744 1699.44101898041 0.99859087132959 -0.02148726824197 28153.266603179 29959.1607614451 -60.6726026999509 -7.40586809761801
435840 31888.5079788476 18959.6867102005 11324.9490180114 1685.70516758312 1.00276010631762 -0.021713266165545 27148.9659424629 30797.0182315059 453.852789051634 -7.41329677713684
435880 31928.93431079 19013.9260097797 11325.3835836798 1690.67007620165 1.0056287721687 -0.0221742872429689 28452.8974871668 30399.7838339817 312.476386287921 -7.4965395352276
435920 31899.2534631115 18848.1869672654 11434.4563681397 1740.11719064489 0.996862989145335 -0.0226880668200529 28017.3700249946 30885.702666786 1102.85046687288 -7.54579550401885
435960 32035.1872331857 18930.4712979877 11543.1746023482 1696.44074645588 1.00121493047667 -0.0234426386907283 27844.3240129118 33214.8883007708 78.7550703278504 -7.63701753918428
436000 32135.3887315665 18878.4885582579 11649.6557333506 1724.94637659365 0.998465611966568 -0.0218413292918924 28569.9431666591 30260.1561299423 317.414981116102 -7.51784676196942
436040 32146.8560400816 18868.8800291497 11691.8603855889 1697.79095770933 0.997957425844224 -0.0231456209745514 28940.899968394 32158.1184167419 -86.4823799797298 -7.62182119867935
436080 32339.6278731283 18927.1465215947 11834.0186933745 1689.18104960093 1.0010390861613 -0.0233590662877902 28777.6187281598 32459.4583938233 243.046096385695 -7.69506606412573
436120 32481.1092116579 18923.5343087628 11961.6130751831 1713.36755051097 1.00084803960136 -0.0226486452813189 28008.9914256298 32034.4593527161 529.866872198171 -7.57772063751209
436160 32555.3926179464 18870.528316816 12073.8112668478 1730.97364588328 0.998044602238054 -0.0242802586747029 28926.2188067794 33682.299329576 413.956147455823 -7.8018490337738
436200 32555.6251100684 18881.8587372597 12066.1753690315 1732.33911538477 0.998643857583485 -0.0222200134784519 28455.8910744701 32479.9394187937 -653.250777868175 -7.55461899530048
436240 32841.7515469425 18946.2060963204 12315.9718987494 1692.39991824228 1.00204712925138 -0.0240158455918139 30039.5928000187 32251.033054986 644.007313336249 -7.79962269957991
436280 32917.2382395126 18907.4703018497 12359.2179640731 1753.85216016246 0.999998429292593 -0.0237496912030849 30428.269709266 32004.7779950691 238.133751836356 -7.76879008884275
436320 33093.4260572721 18980.5108148783 12449.2590003636 1751.41161086059 1.00386147374737 -0.0237437501540518 30869.9274837689 31285.773191441 701.346693185354 -7.79179558702115
436360 33009.8894965991 18868.1429333563 12457.0133415724 1761.3102609399 0.997918441536762 -0.0248415821642205 30219.4253418562 34133.2915810176 237.568156600621 -7.93754468851169
436400 33148.2188773555 18876.7900233191 12608.2795652127 1741.15774791657 0.99837577804147 -0.0265191110603735 32022.5018392917 33348.6072476941 1610.7087592478 -8.13767146160401
436440 33202.6120211229 18832.5021420988 12747.3387127889 1727.18474890727 0.996033433404668 -0.0245400272509996 31179.2463182322 32434.5861168868 723.101792068515 -7.94158799810604
436480 33399.4802964943 18978.8250073062 12810.1842148752 1714.82168986157 1.0037723129608 -0.0246324600166988 32547.1572024665 32198.0314346103 -30.0936982661799 -7.972863155707
436520 33310.7725836562 18841.9033674157 12824.5841343192 1740.48640612622 0.996530655423281 -0.0239857374923557 32251.6833301914 31898.4197756177 -374.975637415075 -7.81165096403415
436560 33542.205618717 18906.4519225158 12960.2253924358 1755.2594154094 0.999944568161618 -0.0260281267045583 32761.3322652366 33798.3636662962 421.637712488296 -8.10962681957818
436600 33533.0630050395 18817.6063266225 13080.7189417595 1737.08817973271 0.99524560764895 -0.0262604152468306 33394.4478472031 33613.8529383256 466.459230449477 -8.14699462047931
436600 33536.7232666471 18817.6063266225 13084.3838575754 1737.09047778749 0.99524560764895 -0.0263441577108129 33484.214310998 33639.9578015288 475.435770722716 -8.15770101109703
436640 33616.3615919235 18817.5627569374 13152.6078005064 1741.63059959363 0.995243303289035 -0.0266167647092591 34398.5951662437 33119.6181988192 600.539003427354 -8.20245835752993
436680 33858.074694054 18962.7140795304 13254.0183857502 1735.72744142315 1.00292022105146 -0.0255420032202927 32824.6757616929 33441.0571502813 387.603765061568 -8.0780502166166
436720 33926.8773112061 18936.6611199549 13350.637438273 1728.28806355712 1.00154230437418 -0.0254291773629497 33547.8448909959 33071.0521754085 101.479229144091 -8.08344730107824
436760 33985.0864723618 18876.3400187483 13480.2957905238 1728.50988610506 0.998351977720391 -0.027388033964186 34120.0635197144 35214.1330968026 422.439198921861 -8.33633098341037
436800 34188.2755898158 18858.369124823 13690.2506199082 1750.4659486162 0.997401513940131 -0.0265418844202701 33680.4762531197 34826.2947953239 185.235745045341 -8.25122606457075
436840 34275.0500040838 18858.8078499548 13792.8280132783 1710.35723952245 0.997424717702224 -0.0269442412090651 32769.6931226077 35876.6583332283 806.085902406879 -8.30616116715485
436880 34380.718333403 18910.1427512029 13826.5252790242 1744.42095330941 1.00013977264064 -0.0263086536112374 31961.6746493115 36339.0842072265 343.913245590694 -8.25387673821898
436920 34433.0670913846 18890.0591611986 13916.5613437312 1732.2881131583 0.99907757033974 -0.0264982040281671 32905.296832395 35273.7133685072 878.626555296105 -8.25371309158162
436960 34512.9496572915 18803.2748753231 14040.2133303648 1751.06007187058 0.994487630586966 -0.027486531277329 33977.4615992442 36608.5762358836 155.417643429321 -8.38261225797115
437000 34826.7966932879 18918.7350669079 14238.2451586995 1755.80113061936 1.00059421218606 -0.0276326913083124 32539.7563015287 38175.8097285945 416.601157126186 -8.42920530050813
437040 34743.7162688891 18908.3946089671 14172.8446155963 1737.75608408499 1.00004731503198 -0.0282415770684021 33537.1030235656 38150.8315852079 612.365364094554 -8.56049123502499
437080 35029.9209781049 18986.1037525373 14389.279599962 1741.38676762449 1.00415727899179 -0.0277864001846625 32805.4362776779 38621.3094402351 211.451578225598 -8.49503625630186
437120 34941.0649767733 18894.4188875586 14410.5580050477 1731.23959898916 0.999308152191383 -0.0278421909716575 33122.2266931541 38716.3649396085 87.6311147291279 -8.50950255301422
437160 35129.2288283613 19018.9705443382 14439.9978255327 1763.08371348243 1.00589557288579 -0.0279220302948181 33799.055737733 38495.2294543166 -37.4337523443482 -8.55203953709813
437200 35258.9183862147 18859.4339905573 14707.7420256156 1773.804260776 0.997457833693366 -0.0280773433572532 35172.7624672215 36873.7099261273 568.594726535878 -8.55009733965637
437240 35384.143672342 18887.8386572853 14789.5304824749 1771.82717591359 0.998960129963524 -0.0276241665616404 35566.6516910471 36334.2403356785 187.048638435739 -8.47720067511036
437280 35493.7497754339 18908.2050611663 14867.5453850331 1783.47094977909 1.00003729002598 -0.0287901332555827 35355.8580269099 38219.7361595223 503.387768304511 -8.63747154882812
437320 35660.8350441452 19016.0031221549 14952.7989602436 1771.72687146032 1.00573862870051 -0.0282058268398772 35372.6825212397 37529.6456432104 408.152332003977 -8.62908789903256
437360 35646.1403859161 18874.8105378773 15094.3995738064 1756.63471709127 0.998271084906904 -0.0292489672113855 36366.0366508272 38549.3479601865 268.42365413067 -8.76527770694613
437400 35738.0722930104 18848.3868062323 15234.337338638 1734.65910413271 0.99687355844148 -0.0283540550829909 36080.3609695233 37385.9677266822 449.58705184255 -8.64006561473727
437440 35870.412546729 18855.9012871545 15368.6532502512 1726.78916922889 0.997270992312813 -0.0279735376425717 36612.4554065521 37025.0945147833 -85.5739291600392 -8.6273923671258
437480 35972.8042028447 18906.5442683957 15381.1006243139 1755.90999869028 0.999949452248883 -0.0292302743506221 36998.3450659626 38086.3561897523 657.233482317638 -8.83083053176597
437520 36238.0762800221 18952.9857851284 15587.8674102603 1771.20192702868 1.00240570065468 -0.0278071603678921 36750.96518381 36450.7006251314 431.906928197715 -8.63154787380975
437560 36174.9371001062 18872.9715256375 15623.0716938164 1775.15968430991 0.998173821268676 -0.0286568749505517 37763.5285945553 37789.8209066017 -348.293775934906 -8.71290599037395
437600 36403.0418487581 18948.4136800865 15789.3912713783 1759.64214559994 1.00216388629308 -0.0293346235802452 39313.4761336618 37415.7721534119 -235.793994463405 -8.8380950796608
437600 36407.1049659389 18948.4136800865 15793.4542391331 1759.65133290737 1.00216388629308 -0.0294083029153338 39402.4967268907 37440.9587247593 -227.660858742713 -8.84851381010106
437640 36492.0904925294 18952.407875668 15910.1033418374 1728.27107037557 1.00237513556356 -0.0290154773567544 38289.3031699915 38171.6563590752 -331.555904774599 -8.83628420089836
437680 36462.6724389923 18786.0154871449 16035.237064519 1751.6707971054 0.993574797680546 -0.0293712264138482 37533.4152319697 38704.5892593285 583.785267341126 -8.86493010258802
437720 36652.5153343601 18920.1390150981 16110.6172869881 1724.35544623659 1.00066846569341 -0.0310270128974892 38633.2365738967 40739.4732574884 323.637108899092 -9.11900875418888
437760 36861.3222097731 18874.748471183 16335.3980253817 1748.90861922327 0.998267802257464 -0.0308760048907487 39348.4046882282 39427.4775147005 829.155512763071 -9.09332164233097
437800 36938.9854551197 18896.9403299765 16366.2428875091 1759.52522923711 0.999441508923786 -0.0298587969485083 37444.3673397596 40371.8464513626 355.568144605153 -8.94250592312179
437840 37104.1124011738 18880.139683538 16562.1541055829 1750.5114473341 0.99855293843914 -0.0286373067367203 36809.298931522 39625.9353337905 -47.8438759802038 -8.77641360793816
437880 37149.3901348538 18865.2443219734 16564.5135315029 1796.57992778031 0.997765136690384 -0.0294589978788625 36605.9819329637 40474.407660368 807.712416077249 -8.91692501046752
437920 37311.6179893384 18879.7423767344 16724.3877016582 1787.46717603183 0.998531925253706 -0.0301948533813034 37858.9604487664 41425.8475322269 83.2388522993526 -9.0425802228617
437960 37552.9665870483 19018.0023658068 16868.627090933 1765.95656181146 1.00584436682834 -0.0308407930573711 37281.2377281044 42275.0999469524 1031.08632340744 -9.15300857043037
438000 37468.7935960933 18794.7843712869 17018.7852386626 1750.75419583863 0.994038575765537 -0.0294470428647159 35743.1024060886 42654.2231828328 104.882457493438 -8.93233262933214
438040 37716.0735173748 18913.315418316 17128.5601582131 1776.38999041775 1.0003075720384 -0.0305572980658436 37088.0955382343 42632.7894638036 859.354707619174 -9.12959681161155
438080 37986.2993179073 18862.5230815949 17375.736175528 1844.30635124068 0.997621212830617 -0.0318257281688143 38569.699022064 43868.0586004479 470.083385055975 -9.32797674312152
438120 37928.4170589263 18884.0536138205 17365.3525477644 1797.2348560709 0.99875994255298 -0.0317122622184711 39042.0291850405 44038.2893267268 -172.855752982376 -9.2765195878558
438160 38157.8420249144 18930.1640725623 17542.3391983142 1768.32582318927 1.00119868161112 -0.0307823287942439 39135.8393336691 41858.8799990341 524.858988730615 -9.14285445351048
438200 38452.1942926666 19054.7119981547 17763.6856314425 1738.17574601848 1.00778590496653 -0.0308262343804937 38550.766835042 43240.1713636814 35.0719617106387 -9.23148447687082
438240 38262.298978528 18886.343870731 17730.6513933633 1742.24979084384 0.998881072100014 -0.03285754050797 41244.4483558939 43166.5119190483 1014.72127008496 -9.52346483831274
438280 38464.431445479 18983.4274313509 17860.6346512884 1724.90107212817 1.00401573086611 -0.0307979567773419 38526.9324542089 43293.846452222 366.242841851083 -9.27570648495631
438320 38502.8983434944 18852.7610594705 18007.7057205294 1749.05071997449 0.997104908606138 -0.03205012891502 40123.73542414 43926.6633607241 473.734270375811 -9.42771368661503
438360 38791.2710030132 18917.629066589 18224.7897301889 1742.57752879138 1.00053571686309 -0.0318765338837638 40658.1305230417 43222.6666922066 499.234960866631 -9.40423787765729
438400 38821.375806024 18824.276932083 18291.5421576123 1775.69718226883 0.995598409735979 -0.0305511845885658 40507.6680010385 41483.054761111 265.7523788866 -9.19075737663535
438440 38936.5698503088 18878.1499929701 18371.7702589697 1755.73471641283 0.998447705564993 -0.0313076170313366 40683.8717850062 43518.3660051466 -394.115937244685 -9.34979111047035
438480 39100.9641275736 18976.0579254167 18481.2544557881 1735.72077630494 1.00362596458637 -0.0322362412754898 42900.7550061522 42616.1537779724 152.218767931972 -9.50374144451487
438520 39261.3872453314 18958.2087351553 18588.5456281347 1793.46827303773 1.00268193759912 -0.0345689131783003 44658.1363823071 44794.9600285474 481.967489147597 -9.8597512300996
438560 39449.0158567249 18884.8448113628 18789.906321489 1842.53281210384 0.998801788251372 -0.0336190118068297 43903.5261580815 43619.4077544161 943.937090827769 -9.73616239406436
438600 39638.3644162585 18985.7232742368 18948.2396806975 1802.55669929318 1.00413715585016 -0.0337103210238505 43547.7675280158 44657.3065116553 724.688218432799 -9.77443605302722
438600 39642.6418205476 18985.7232742368 18952.5168141763 1802.56516520428 1.00413715585016 -0.0337728433457902 43631.3108042629 44681.6386770476 732.379639311301 -9.78422614409206
438640 39587.5975199192 18871.1227551116 18961.0247828487 1818.73553760609 0.99807604152382 -0.0328753234416477 44076.094418064 43668.8207111615 -29.556258621899 -9.64252550636296
438680 39857.5384555073 18990.9662741382 19157.149369435 1792.72260329014 1.00441445321371 -0.0337690509809493 43917.9300575 44882.8558954075 589.569556875048 -9.79633073131501
438720 39928.383253286 18895.5703814494 19304.319210433 1808.66813156595 0.999369053626837 -0.0346326059482101 45069.0689241589 45985.4171595588 206.064765013395 -9.96612357251253
438760 39986.3468088294 18805.1127558537 19506.6547973703 1781.14647988181 0.994584834370157 -0.0348862916658673 45535.0913256228 45950.1203751856 383.074073264796 -9.97461782272538
438800 40267.1664704414 18937.6518013874 19616.6346039194 1773.16519622709 1.00159470058905 -0.0343922272099698 43974.7404029408 46843.4170159101 408.252320340212 -9.91975750210216
438840 40251.9864671727 18852.7220109708 19703.7134989567 1766.70815048863 0.997102843367488 -0.034067391012533 42956.5756850708 47522.9024270917 446.576037696971 -9.91345721665315
438880 40437.8812457454 18955.7368596618 19841.0393170326 1719.23515767732 1.00255120241501 -0.03336824258179 43571.8061820895 46514.6670941499 -190.751235858732 -9.83812483466344
438920 40594.014726213 18894.9118985964 20023.2143610064 1762.62463621981 0.999334227084301 -0.0342935735787957 43305.9546398674 48127.5495338235 376.082211041315 -9.99172980855168
438960 40710.4214118491 18907.5940787633 20141.4268610312 1748.92246394444 1.00000497573785 -0.0334982728308273 42205.1927035653 48490.5691956947 -68.1270111965282 -9.89277055383862
439000 41076.6927051894 19012.4762653119 20376.1696477005 1766.29308019748 1.00555209653904 -0.0355737707102059 43504.7020890316 50075.2320781631 1046.14169872939 -10.2515266982644
439040 41131.2978724437 18953.4299558616 20492.1186910875 1787.94071448612 1.00242919242955 -0.0348445240998713 44710.334241114 48276.6566505161 430.808712503792 -10.080983020073
439080 41134.4924810132 18810.903278012 20591.2061419906 1808.62777591892 0.994891089674045 -0.035477908137396 43860.1218111913 50862.6688195936 201.162917911937 -10.2126028725926
439120 41219.3591887467 18863.5587767091 20690.6578079492 1769.81734593211 0.997675989777023 -0.0350532450201132 42833.0169154627 51303.8257814058 182.091823110924 -10.1307246127969
439160 41374.4700846731 18911.8012691145 20789.9307846766 1780.32925304835 1.00022749010258 -0.0348145159278806 43291.5906291691 50336.5482005644 493.271551918672 -10.1239607376049
439200 41542.9134467747 18889.4579927906 20973.1139432879 1781.46993062589 0.999045775104619 -0.0353259906733696 45425.7383013989 49570.8021710364 327.051704457667 -10.2102133592454
439240 41688.1364316606 18960.6188673976 21031.1188672651 1792.96927259525 1.00280940724038 -0.0351786659851417 45493.2982328319 49535.0909947628 275.77681665514 -10.2087929520548
439280 41973.6503703292 18969.079715429 21278.0913943687 1822.35356703415 1.00325689358344 -0.0345461264491994 45649.0474017687 48849.6949415252 -172.532974962373 -10.0995212592342
439320 42037.0552510782 18951.9563361215 21391.2654512908 1792.18895789363 1.00235125405905 -0.0351077683970064 46368.6470330158 48991.1673261064 418.879424152771 -10.2591579398957
439360 42059.0182499294 18862.6626214519 21490.5607541867 1799.41976722359 0.997628592963211 -0.0351324238391961 46853.6957112568 48810.719287523 337.539459876551 -10.2397983106079
439400 42383.401902413 19003.5085212789 21728.7689949638 1761.62869681788 1.00507780094031 -0.0368270243093482 48093.4834206078 50181.5110265053 1134.94385227228 -10.5548756685991
439440 42391.7491530789 18903.8129893079 21847.3994508026 1745.52449398174 0.999804997451167 -0.0348895546350955 47448.7400463832 48089.6242440933 396.86233021025 -10.2060508023908
439480 42450.2177022031 18883.5907387679 21892.9371220812 1773.29436416152 0.99873546152415 -0.0385412890058058 50839.5482814257 51950.8398820236 447.841334596279 -10.8298088000864
439520 42681.7571361337 18972.1201103672 22060.3449193226 1767.81731885979 1.00341769722952 -0.0367454882349436 49197.1783694567 50430.4992267615 502.668900578905 -10.6307704628268
439560 42802.1897512978 18884.6337489962 22279.7734401166 1751.23921243217 0.998790625360108 -0.0365034730670625 48950.872063119 50712.1537475543 51.7890837641053 -10.5318157814699
439600 42904.661283765 18888.2719914382 22374.5859056513 1745.43971343276 0.998983048601783 -0.0366873074103662 50428.2674042743 50110.3544917752 -139.32769915573 -10.550952835542
439600 42909.340160779 18888.2719914382 22379.2591908185 1745.44983408188 0.998983048601784 -0.0367423260070686 50510.4901173803 50133.2115946499 -131.909434970083 -10.5604086567036
439640 94000.9159592419 18922.5918652991 73435.9541042273 1768.67646950884 1.00079819464758 -0.0898269488118713 152064.100753581 50903.4830759909 775.515117737719 -10.6410429547425
439680 64778.5497844153 20850.6252412405 42267.3161248255 1783.83088741225 1.10277007754809 -0.0546565769614508 84381.0610959145 51776.7309723022 -219.233339180618 -10.7069673154808
439720 57278.5733653232 19512.398662576 36094.1550348364 1780.75861379541 1.03199252479577 -0.0499871917206768 75897.2271388082 51080.9163441294 123.542796532297 -10.8289803077896
439760 54615.7240632143 19276.8483892581 33654.5630300332 1797.00387134076 1.01953449103573 -0.0506793426705788 73378.679605209 54456.9070638628 1006.47904556811 -11.3411920788309
439800 52740.6590210738 19120.7960169572 31929.0667563677 1808.89498047447 1.01128102694472 -0.0462616684670673 67482.8982761971 53102.729115466 17.762746479467 -10.9478522317286
439840 51432.7963332182 19015.7871491368 30762.4133962393 1762.74356090916 1.00572720608948 -0.0467013103648843 65811.3975952966 55074.4713990219 841.626754837645 -11.2497173682038
439880 50577.711559227 19010.5698436427 29913.7805231876 1758.29547920087 1.00545126767911 -0.0436674304125802 62573.2221687904 53401.5913899229 29.0621423154495 -10.8712160449322
439920 49786.969910091 18895.5741503594 29184.7151144243 1827.71873935962 0.999369252960964 -0.0443560923518759 62623.45611262 54428.5230843705 616.825888051389 -11.0841399233984
439960 49574.3439716889 19000.2347465866 28884.1883183814 1833.12401732358 1.00490465405721 -0.044242516216209 61941.6735269469 55168.7852210846 710.213733513163 -11.1968428539937
440000 49135.6926118768 18877.1180727855 28590.8180085467 1797.75716421507 0.998393128271085 -0.0419620468551303 59127.6659080513 54500.7501403037 -67.7291025090589 -10.895016990594
440040 48852.774105489 18913.1876852273 28232.1713690385 1811.74213213827 1.00030081635474 -0.0423065672785452 58181.6089309212 56387.0980989272 11.2175247304622 -10.9918073987338
440080 48581.6103704098 18883.9107397107 27952.6544152168 1842.49604760492 0.998752386074874 -0.041381086282256 56942.2698768151 56050.262995068 -32.501384198729 -10.9047170837491
440120 48490.2843549246 18920.3448336493 27874.7881304987 1823.42086493572 1.00067935124418 -0.0422697412897844 57423.810464027 56864.1129923749 751.971776895489 -11.1459974350824
440160 48352.7825394394 18975.7288197507 27726.0511060815 1783.90166143884 1.00360855849534 -0.0423765852842321 58542.81664344 56640.7616634611 368.341949350397 -11.1695303993886
440200 48416.1108731128 19072.3760935092 27634.7285313313 1823.22550000868 1.00872014245719 -0.0414375906063133 57139.0493273116 56782.2860283916 99.8516543694897 -11.1004541032365
440240 48049.5180921214 18927.8065725151 27437.0537981799 1806.47708212742 1.00107399563745 -0.0405477531006242 56500.8429226251 55572.0498048133 394.705318805356 -10.9734193451459
440280 48015.6584392442 18886.5350881423 27473.0277277359 1798.02502077674 0.998891185410146 -0.0403220206523711 57094.1408271058 55268.9249991142 -151.856107337677 -11.01005787321
440320 48011.3181868695 18966.9423997416 27388.763441707 1794.04490501569 1.00314385295473 -0.0398443091998088 56334.3583772855 55216.2437589029 -9.8082919677816 -10.9662976652058
440360 47871.3747325667 18805.7132025721 27366.049436956 1822.26264325748 0.994616591435783 -0.0407741827681218 56968.2751014469 56337.376891255 460.080496475425 -11.1395784124862
440400 47841.6621015354 18859.5390567989 27277.3717894774 1830.38403987727 0.997463390548665 -0.0413583264167856 57550.5344399105 57134.629866285 572.402722775282 -11.3044536891015
440440 47985.9577542508 18854.9096946838 27418.079781596 1830.78729837478 0.997218547913993 -0.0401324899404014 58071.1715466605 55379.5180231377 -427.825772590867 -11.1404382028345
440480 48109.5018012713 19031.8337936171 27418.0857268661 1770.64658774633 1.00657589811541 -0.0406897190531534 57977.0076160705 56640.4668336874 -64.4750326805127 -11.2880370318753
440520 48102.5213857766 19003.199713947 27398.3607235469 1804.67774569619 1.0050614684092 -0.0411648719577819 59861.2443418731 56224.6020938117 -258.547039237183 -11.4343839596246
440560 48054.1446100397 18933.4197897487 27449.9122859202 1787.58342166155 1.00137087344962 -0.0410135827532078 59097.8150287681 56701.82637071 -69.2537171056778 -11.3891169544902
440600 48135.5569590707 18954.4793791132 27508.7837873763 1796.12850534284 1.00248469544431 -0.0397508283752739 57368.8878106309 55695.4945286328 308.33430740211 -11.1873465482409
440600 48140.6273288935 18954.4793791132 27513.8507734829 1796.13596062231 1.00248469544431 -0.0397984186210836 57448.0837353823 55717.1722937494 314.906018554326 -11.196285943595
440640 47844.8174418167 18802.9080586868 27362.0067580567 1780.49640817711 0.994468229997981 -0.0407456815830261 58891.6052638393 56664.6501010256 282.177597038658 -11.4033943958459
440680 48055.8834809898 18882.5491964527 27492.8873508277 1785.83704247054 0.99868037532475 -0.0409135682713046 57680.9268130906 59071.8740743479 -309.665964933035 -11.4658039012683
440720 48337.7677669175 19017.3921153931 27580.0961390259 1830.32742753752 1.00581209125443 -0.0420710350269813 58944.8848886373 59676.0667506627 571.154177303456 -11.7372948595793
440760 48239.1325802112 18812.7338906817 27688.6825180386 1838.19169495795 0.99498790906686 -0.0400381956448812 56891.8783058021 57795.9158565819 425.410992084658 -11.3474322684338
440800 48363.5599235517 18855.4222365635 27755.1008643509 1843.30119256088 0.997245655774875 -0.0417382574932529 59390.6937510796 59613.3716134833 84.2737019575413 -11.6879803157009
440840 48603.6424498848 18934.7787329717 27928.084501744 1842.31926620445 1.00144274668633 -0.0397015703652849 56350.5153550676 58555.5328350458 92.9347765895805 -11.3653322283735
440880 48748.4306809718 18983.3885801775 28005.0589128595 1850.25006447216 1.00401367606386 -0.042372851319661 58969.3736876214 61792.6521581893 376.918571238547 -11.8617473584016
440920 48598.3675918325 18807.7790041772 28079.7140117626 1797.1964573412 0.99472584975154 -0.0414376688413045 57931.5242562008 61101.8908957674 410.439956536293 -11.763788041669
440960 48696.896725524 18826.0694378656 28164.6641794628 1803.73718567049 0.995693213691162 -0.0405400215953223 56227.1321606457 61264.7753220016 228.348814087155 -11.5572166199059
441000 48737.3139837111 18818.2728758423 28181.7282075099 1838.64013193295 0.995280860814085 -0.0411422745116863 57190.2378062202 61682.5085962097 429.61101977495 -11.6916057258464
441040 48850.4920100488 18836.9898521019 28325.2169482417 1787.65337339441 0.996270784191559 -0.040493197493864 56013.1044240341 62340.6077026859 -42.1320094503908 -11.5827935952321
441080 48910.099281455 18837.7762071604 28371.0286716001 1793.19241887275 0.996312373775505 -0.0413887593693736 55659.4289106654 64354.9493925608 442.894537693575 -11.7619901290695
441120 49248.8888957236 19005.7389685454 28528.5414981877 1831.53160294607 1.00519576721118 -0.0396962929490862 55038.0152529573 62079.2677937929 -74.3570374980954 -11.4468934636369
441160 49319.6715840139 18988.6129977217 28625.5700986224 1816.43232117795 1.00428999062392 -0.0409663016857032 55921.2735291885 63886.7062583455 335.927014130465 -11.7628390919115
441200 49435.7820324668 18947.7478025708 28756.2550369859 1833.9831697296 1.00212866865375 -0.0408849639879024 58427.0630422654 62335.2631355579 -428.433347924613 -11.7440102077198
441240 49555.5193626413 18866.3778942299 28983.9983981835 1816.59758410267 0.997825090267348 -0.0401545887730453 58016.4095569725 61537.0470541025 -417.535252004219 -11.6716109421298
441280 49605.7690069114 18945.306117242 28988.7785602005 1801.40866127243 1.00199953019923 -0.0423535422826551 59234.3703965017 64420.0664272695 528.997216945661 -12.0416165709122
441320 49668.1312384419 18928.0945204789 29032.1695293191 1829.98165216946 1.00108922493608 -0.0410157422694707 58289.1772656043 62866.8264616768 375.463396446899 -11.8476733643166
441360 49806.2396600976 18965.8613465835 29108.829989266 1832.65149380926 1.00308667706378 -0.0411147764449081 59399.8874686372 62743.1001773935 -52.2177404937623 -11.8672337206624
441400 49780.5131995121 18872.9241465978 29200.5870269081 1809.09964621364 0.998171315435557 -0.0406373323762828 58486.2664084169 63227.2335762428 -484.644303361857 -11.7194499758858
441440 49987.5754220649 18852.6389014195 29439.45705278 1820.07524002345 0.997098447781011 -0.0408311863561864 59676.8754066757 62258.0000121002 46.9442044823685 -11.840465304898
441480 49983.2585763657 18822.2177559292 29506.8669991805 1803.4086863581 0.99548950183415 -0.0405785113378652 60590.23329335 61635.2010981692 -423.066214173037 -11.8219168174091
441520 50224.9190401822 18865.8803615659 29698.8006270564 1795.13331462307 0.99779877622985 -0.0406379287146113 60328.2238344914 62084.2339163547 -238.822309026282 -11.8278250532558
441560 50303.0034011425 18894.0939441898 29760.0188003132 1779.84073443737 0.99929096624037 -0.0407917650696257 60166.7948291653 62744.9713710768 -66.033543896279 -11.8925655220837
441600 50420.3966508733 18884.8073338463 29878.1275837846 1804.16173288015 0.998799806100559 -0.0418388934223366 61666.8778820303 63847.2724304378 67.2647579700668 -12.124642819493
441600 50425.6130303542 18884.8073338463 29883.3397271193 1804.17087354212 0.99879980610056 -0.0418818825064538 61746.1453564937 63868.0797955037 73.5701350502512 -12.1334519713805
441640 50457.5929616046 18829.0046349976 29949.959095265 1815.75937329064 0.995848453523608 -0.0408237820318041 60094.3840906793 63846.1713948533 -375.178989858642 -11.9383067081999
441680 50752.0260585686 18904.9751954938 30155.3387822861 1841.16735845978 0.999866465449892 -0.0414024767294282 60120.8336844219 65145.7549141558 -126.787620225553 -12.0650081856603
441720 50864.016049066 18885.8764199101 30316.4975677184 1811.75390971352 0.998856349063078 -0.0406304081486892 60582.6109523061 62916.4562985999 267.920595584848 -11.99489199782
441760 50951.8744883598 18893.8014606564 30389.5257170092 1801.61792314177 0.999275497059705 -0.0421992675433434 61214.6236485386 65958.0880754421 475.200236108343 -12.2776230882199
441800 51077.3717212328 18832.9774833632 30586.1481471964 1799.49813312083 0.996058573759789 -0.0415493177943902 60852.9624776703 65443.141230664 97.3670156571295 -12.1267747351612
441840 51395.5069570597 18977.2709466146 30705.6181228763 1854.16556894756 1.00369012014357 -0.0421326085405691 60183.5410792792 68266.7198154555 -268.475779816519 -12.2761059090853
441880 51281.2842763196 18754.2978985784 30826.6684753749 1852.88806233187 0.991897284071315 -0.0409119998577008 59507.8199169291 66010.9902232487 106.729439932062 -12.007363463213
441920 51567.8889054105 18807.0970030061 31086.6828976626 1806.65707466455 0.994689779347144 -0.0413065416670574 59578.5869537554 67044.3903355418 284.799643524134 -12.1579472595839
441960 51766.5166412056 18883.8831080065 31211.7346039097 1804.37809216845 0.998750924659872 -0.0417694810330109 59904.381117648 67635.7926230481 787.447590887612 -12.2590967696964
442000 51877.2470326109 18814.2154656598 31353.3611904589 1843.52367117568 0.995066268182458 -0.0411188357298804 59107.096984911 68358.1325624059 -322.112593058458 -12.1029867765582
442040 52041.7029012814 18877.2682821208 31476.6181353648 1837.02516795999 0.998401072702412 -0.0409944599658404 58505.3409240458 68927.9136809461 -316.333063698214 -12.1133136756198
442080 52376.1823466585 18993.4953465232 31685.0121948731 1854.37578365474 1.00454821348794 -0.0423413488873142 60182.8180328482 70189.5346173409 225.625263144821 -12.3994703577521
442120 52377.9696896981 18891.4013151901 31773.1048146287 1850.26362632916 0.999148555609686 -0.0427108235132122 61884.3725090472 69856.7327706826 81.9476436164222 -12.4911170061789
442160 52598.9650546788 18848.6728212161 31985.3934893041 1880.86051067211 0.996888685506601 -0.0414390832113221 59363.518999829 69602.9836826558 118.465923574548 -12.2405250503684
442200 52673.3300016212 18886.7580197728 32054.6032415794 1852.49562265719 0.998902976055683 -0.0418693280142316 60818.4324864523 70163.6954219637 -465.139581313773 -12.3681864887128
442240 52838.0562945291 18906.5638465113 32204.8326969832 1835.30104105351 0.999950487717112 -0.0414384595985653 60888.2441655982 69127.4613955345 -182.623672205847 -12.2669555907666
442280 53158.5256897639 18970.1220798486 32451.2769368871 1842.49641427445 1.00331202326318 -0.0432676995006475 63525.1743311767 70527.7993141875 440.472981339073 -12.7050731343601
442320 53192.2938486499 18976.4789192511 32515.5697866841 1833.96354577962 1.00364823055672 -0.0420646792753696 61424.9019737992 70250.5197817181 211.852416452932 -12.4804146609171
442360 53196.5183803535 18898.7285549013 32616.6100634278 1821.94159608011 0.999536086468399 -0.0426793726092264 63606.1579125067 70125.407239469 76.1004204984792 -12.607550375142
442400 53317.9898160365 18818.6494574703 32825.9874621294 1821.46624002342 0.995300777864353 -0.0415275751792681 61599.3462468997 69622.2605298677 13.2717690158516 -12.356665474009
442440 53393.5101758885 18798.4237361097 32851.4458529486 1883.51284763467 0.994231058368887 -0.0431559970934984 64367.4465803206 70625.9194527289 533.604922882087 -12.7170299801138
442480 53640.1515621973 18829.3185924394 33100.6765182483 1856.86642358588 0.995865058439214 -0.0413337674705735 62409.0249963341 69195.2032721803 -181.256909646752 -12.3331077911329
442520 53808.112600946 18900.5826537429 33207.5572515578 1839.16018358183 0.999634148022894 -0.0423676718937952 63382.0109966646 70442.325994374 501.782355599246 -12.6095548041577
442560 53864.1589143755 18763.081451067 33372.6525048132 1843.74195337875 0.99236183795145 -0.0426285087855704 65186.3223326714 70025.1158982965 69.3288787214005 -12.6788964345551
442600 54160.367444287 18836.617280816 33584.331909574 1861.77514826158 0.996251079244532 -0.0422569007872276 64478.5413169155 69814.7064954145 398.692126634514 -12.6149837258543
442600 54165.6000193636 18836.617280816 33589.5581679463 1861.78439520712 0.996251079244531 -0.042295067204133 64556.0327037362 69834.1425309623 404.915164608621 -12.6235066347076
442640 54317.9884406545 18844.6593581461 33720.5909092043 1896.6374058405 0.996676417196671 -0.0427090391927809 65098.0133155349 71145.555975782 -71.6295902152923 -12.7394095179323
442680 54557.0471092395 18923.3640191493 33849.3083029041 1898.23882397342 1.0008390331429 -0.0422733398892099 64592.3385866133 71092.4131394138 -248.859721137392 -12.6724159064914
442720 54624.8816772336 18858.8799007474 34033.900918443 1867.7458923808 0.997428528401288 -0.044147929790531 66325.7953602379 73878.4068496435 272.139953185716 -13.0587659165961
442760 54965.6716527882 18950.5627136543 34252.7629795643 1883.35174928223 1.00227754666954 -0.0422419900091556 64099.9082946087 71864.7920736772 48.3798506789824 -12.6896961272431
442800 54975.7108848634 18907.5403512203 34367.8659105126 1834.37720398511 1.00000213413832 -0.0432045455595719 64014.436823915 74492.1991798259 341.344902270923 -12.8763699226685
442840 55143.8047493152 18806.8049478724 34583.2258306549 1887.95777716651 0.994674332824141 -0.0433721525618754 65682.4554187836 73998.0505026905 -29.4334131375088 -12.9408630193669
442880 55493.5641012469 18968.6347095871 34757.5205997084 1885.34022820257 1.00323335764047 -0.0432761846142423 65152.5207005273 74221.3153123991 271.153566841922 -12.9725588999556
442920 55454.0692484698 18797.9827376463 34894.6303458247 1883.14936698606 0.994207734372407 -0.0430890462972807 65946.2268845676 74011.4641196005 -372.796026689932 -12.9088018929326
442960 55783.738262607 18878.2161570774 35096.0553013616 1927.62967142401 0.998451204922776 -0.0436586588655153 65248.7936390894 75662.1849819866 488.991671451618 -13.0980373388115
443000 55913.496731542 18947.3748409918 35209.1697882432 1903.61415785753 1.00210894306449 -0.0436895307501633 63732.4726518875 77831.8210452426 265.998338154516 -13.1009259796158
443040 56118.6727284012 18833.7555836391 35510.7757323418 1906.03309032063 0.996099726756002 -0.0441972569267175 65091.934551316 77824.1123207788 535.858041656266 -13.2243938419986
443080 56269.2935260293 18930.1918413884 35578.0039483458 1876.11532615503 1.00120015027837 -0.0442811665028261 64750.6773729575 79197.2084693432 51.0522470935401 -13.2742633877223
443120 56416.3201287004 18839.7163949696 35822.3562320861 1877.82481045102 0.996414988495018 -0.0438426538366188 65087.5288099116 77651.0549829715 429.273490512501 -13.1529726674031
443160 56657.3767317398 18877.1144534098 35989.9025434289 1910.46881653665 0.998392936845687 -0.0443484377529478 64824.1264834772 79213.598294333 838.317502662373 -13.3218086973286
443200 56907.020137102 18958.7025826896 36131.165853676 1913.3392285292 1.00270805673355 -0.0435950961498695 64892.563839494 78093.8307165946 260.967017016386 -13.1915264405032
443240 56997.4633776847 18895.6977387648 36326.2233748824 1888.59515234759 0.999375789436193 -0.0449054716202148 67725.763739651 79511.0680485159 -226.340435681109 -13.450331376611
443280 57090.9909601254 18816.9358084046 36489.271952255 1891.04319641472 0.995210144567216 -0.0449160110145371 67663.2066281686 79388.8798813671 456.433530168719 -13.5237014765498
443320 57283.3004222912 18932.9225784681 36573.5239127996 1883.10981944598 1.00134457640979 -0.0444099150098883 68393.7722253443 77767.7434167154 247.861828678609 -13.3985678987171
443360 57422.6261306308 18850.0873470503 36789.045816584 1889.39421850494 0.996963498455654 -0.0453203245489289 70230.935364237 78728.9971793118 322.591225397025 -13.606884762383
443400 57609.6331237125 18984.8531933355 36827.5745432787 1903.82945346826 1.00409113808465 -0.0442441488739525 68958.8344153984 78090.6373221112 -250.137697559849 -13.4316123776052
443440 57649.933640079 18843.2390858271 37026.591278875 1880.34437609312 0.99660130032141 -0.0443190834897306 69156.6958410457 78078.5749562961 75.1940752159312 -13.4146250805063
443480 57936.4177402551 18996.7116947904 37163.8412261422 1872.20739344345 1.0047183231411 -0.0448885954839347 69611.2259235506 79474.0896073208 49.7955500826931 -13.5587204556535
443520 57997.3004325581 18776.3064541641 37472.8158277475 1847.03381846045 0.993061296002334 -0.0442518772192159 70021.150650894 77870.843490542 -94.5395063255156 -13.4192987244414
443560 58271.7880306 18992.4354094899 37510.7415520193 1880.57149046746 1.00449215440909 -0.0448412961949254 71360.8500754092 78472.0326905155 -20.6559252067556 -13.6189979690854
443600 58417.1914188942 18929.9494068219 37705.6433206943 1887.30009970018 1.00118732814078 -0.0438861450882701 69846.3865758837 77951.4971811414 -268.466312765805 -13.4001037225634
443600 58422.6323406304 18929.9494068219 37711.0759492638 1887.30965361067 1.00118732814078 -0.043920036458626 69921.7178634381 77970.5370168232 -262.839997470492 -13.4083086312524
443640 58676.8983280241 19020.6728231426 37896.853025685 1894.34161401592 1.00598560482045 -0.0452974299813531 72311.544307986 79013.3010291838 468.303012331779 -13.7745219411616
443680 58641.4660242199 18885.8108273063 38026.0729154928 1860.46526462553 0.998852879931576 -0.0446507948081729 71102.6674706986 78750.8374064581 513.675558462184 -13.622767338745
443720 58902.4518969104 18871.3793230408 38312.6412673275 1862.71733485592 0.998089611161751 -0.0458020673462873 72088.5821557018 81234.7672519961 520.372989109695 -13.8954561384435
443760 59085.4678904421 18828.0199082913 38530.7156757573 1863.27862008677 0.995796372248645 -0.0448652952302231 70292.5784770388 81172.6876677729 253.194088066224 -13.6725434268109
443800 59268.8612304933 18893.471008933 38620.559735344 1906.03994504638 0.999258019776967 -0.0451857494416536 71995.9295090677 81076.7952452296 -153.373279692066 -13.7405443069628
443840 59517.7088551204 18902.1811768765 38858.837079776 1888.95378766334 0.999718692417109 -0.0450294646566008 70178.7679556125 82642.2373166066 180.103089504562 -13.7697984609534
443880 59742.864221121 18937.720638561 39056.0422537529 1883.71941754462 1.00159834132281 -0.0440939164954697 69266.2151743801 81960.5835721911 -391.28306005574 -13.5511078962745
443920 59900.7985400313 18765.779174043 39416.7492756013 1879.82457380791 0.99250451799778 -0.0451969041470471 69694.4850344345 84245.6271550287 140.791057263341 -13.791073071624
443960 60207.3786289241 18888.4208772285 39557.5529474153 1899.72789812667 0.998990923032048 -0.0454996514038616 71288.8246700537 84067.9382382492 50.718180123208 -13.9253683677774
444000 60394.3578970866 18916.0266794279 39709.4315680356 1909.20208086327 1.00045096810408 -0.0455318508683282 70345.4744914744 85585.2162909968 -116.202562762558 -13.9300996391915
444040 60696.4394434241 18969.9820704276 39958.4700969778 1915.76399917367 1.00330461829578 -0.0458959846770099 71708.248637196 85569.4358378324 67.4697170906728 -14.0436444347436
444080 60750.0975450006 18882.2680659002 40129.1497355145 1894.50818632881 0.998665506592631 -0.0454066183154835 70362.4206717603 85316.0594298167 589.239223039311 -13.9389636797396
444120 60883.4936078731 19038.1553541641 40099.1856659528 1895.59839951316 1.00691023954326 -0.0451130787810647 70139.1563598042 85158.3780720281 360.782306520608 -13.900061947647
444160 60911.1456609329 18954.8759777916 40196.7637108501 1883.27117236837 1.00250567117766 -0.045540419336081 70351.2080498855 86908.4581394647 -473.72835224908 -13.9276032596329
444200 60985.1107379687 19093.151046691 40091.9503627044 1927.44062351615 1.00981891031025 -0.0455412824098043 69859.1904283926 86781.2511433235 197.657979045361 -13.9522302268987
444240 60754.8084460368 18839.4231309326 40121.1931623207 1925.79723858875 0.996399478034254 -0.0445689092201005 68786.0219385314 85195.600947771 77.6649956638313 -13.6718138316114
444280 60772.9154056742 18852.6834548068 40143.7718260898 1912.52894420362 0.997100804168017 -0.0445889861946481 67688.2605650341 86942.1120490039 -396.186277899932 -13.6873431882357
444320 60526.1953810706 18825.3169614019 39958.6884798525 1888.04679840245 0.995653415914421 -0.0453994974234822 70060.7620572965 86518.5956718684 -196.353998662368 -13.8694233514018
444360 60701.3953867929 19016.7408579165 39929.3289660701 1899.01216173988 1.00577764685529 -0.0444955576822897 69323.0761334058 84737.4683145541 -206.142034788739 -13.6920528014442
444400 60587.1523918341 18932.4402095478 39879.5606269306 1901.09842938236 1.00131906436852 -0.0442667409400105 67912.7333793089 84929.124709739 482.873531514214 -13.6725300688637
444440 60531.7818224247 18978.8138288848 39785.1094628897 1901.44160016444 1.00377172174454 -0.0448241159361864 69028.1850475573 85657.1724125793 180.038634376632 -13.7790983446009
444480 60404.3321694456 18808.977205171 39793.5583422406 1937.80491476808 0.994789221482004 -0.0442799362785701 68640.0985726217 84786.8921283685 -125.289659859828 -13.6201277053654
444520 60550.5168488219 18928.1451551518 39842.6674306309 1908.60818905563 1.00109190295659 -0.0438554253166568 68976.0737845398 83941.1370110505 -727.089429208924 -13.5770784675336
444560 60424.351129911 18810.7608428945 39873.5687855344 1903.73789378129 0.99488355641383 -0.0443493940878318 68316.6200281355 84836.2834330619 385.197760473274 -13.6639837366764
444600 60280.6051811543 18890.4895643714 39636.4661218456 1903.80010303362 0.999100333961198 -0.0450090747998244 69956.6673511572 85239.8858400239 140.496544200982 -13.8313870990225
444640 60241.4429527883 18822.0802396313 39682.66389635 1896.24898396267 0.995482228725709 -0.0436502207705487 68243.6636353506 83493.1566280397 -148.989544086389 -13.4552515688278
444680 60245.3657999321 18943.165523698 39568.3889326152 1885.03882692542 1.00188631620775 -0.0454193081913254 69663.3216358098 86534.9909578247 194.587380440984 -13.8998321354502
444720 60224.7062414374 18868.3714390992 39587.6869926172 1929.70952621057 0.997930526991894 -0.0445533545721474 68027.3491188796 85494.4227118288 482.474366986502 -13.6716175014652
444760 60178.1191577262 18914.9511216177 39518.7134500244 1890.76781126815 1.00039408285694 -0.0433367077844501 66696.0027195828 84461.4707071825 -525.716074766266 -13.3817971553733
444800 60007.5585714814 18856.1839056993 39427.7046133622 1870.87798376218 0.997285939743453 -0.0434857144337338 67501.4317030101 83930.1824521768 -297.646216561113 -13.4398088549094
444840 60015.9002951798 18845.5554598205 39410.723466671 1900.8517144993 0.996723811176543 -0.0444099023703286 68295.6019290796 85308.6064482188 81.983659844001 -13.6850831225013
444880 60091.7363125105 18969.4356278309 39359.572107501 1918.059582998 1.00327571745767 -0.043645723463105 66768.0252344748 84575.2820614487 96.3710731504322 -13.5042994861271
444920 60179.0580832402 18934.0596212217 39447.8326571053 1951.51821177411 1.0014047135381 -0.0435925722921024 67965.5563176227 83182.2855048661 221.327055193003 -13.5104792571879
444960 60038.9981302154 18854.2092877366 39377.7358318227 1937.29081887586 0.997181504045302 -0.043982279514938 68936.9209665251 83887.0393035401 -454.90084411888 -13.542073426178
445000 60072.063413943 18869.9760174805 39416.4761539464 1898.94104889943 0.998015391642497 -0.0435281403090994 67154.8323854184 84512.1803223645 -498.63299728835 -13.4338771220875
445040 60026.6125245006 18936.1844388829 39303.8593985816 1916.85488599071 1.0015170931579 -0.0445863430243432 69161.4673595026 84545.2313626051 393.379608194409 -13.6941373672503
445080 60157.077282421 18966.4211714837 39426.7132289165 1889.79309743982 1.00311628567942 -0.0428379710571579 66708.7842341391 83156.962564663 -619.003881875537 -13.3019860155044
445120 59866.7449103421 18734.1472566464 39328.6087000972 1928.75430734574 0.990831535456638 -0.0436518542740944 67556.9042143362 83932.5603152883 54.9114800351669 -13.4424712264631
445160 59976.3920417118 18854.7650933745 39318.4317820071 1929.81638765848 0.997210900085917 -0.0449069958928399 68506.3794512222 86681.2388011864 -116.218608050109 -13.7808861398942
445200 60046.2189631436 18915.2430474911 39304.3094668626 1946.59750503961 1.0004095225435 -0.0433858885918413 67338.0366634138 83804.8832602608 -329.237004513353 -13.4177572656778
445240 59848.7455477031 18964.5837060835 39144.2444184877 1901.55086166822 1.00301910385209 -0.0431060173593479 66426.2050554656 83939.7891760994 -325.250493875682 -13.3775781591215
445280 59729.3946053733 18812.4052210794 39151.6942811198 1908.79380052594 0.99497052603884 -0.0443035597892259 67855.7435061287 85532.2568503952 -68.8008280470148 -13.6222560859797
445320 59803.4964788554 18856.5661362978 39220.0342108601 1884.22706264391 0.997306155562493 -0.0439298755761707 67792.3326965995 84387.467785598 144.002889841365 -13.5372995512456
445360 59749.5969778603 18847.2355758958 39168.946577041 1888.5642776463 0.996812670945172 -0.0437778902816591 67056.8000400697 84457.4673300998 309.423607192268 -13.5088623886112
445400 59712.1146014183 18852.1653127356 39118.8907001335 1898.84022501919 0.997073400118239 -0.0430993287560601 66405.4554436401 83431.2469353062 126.440251447052 -13.3390516167549
445440 59738.5453611055 18956.9780317756 39051.766875954 1898.4696537893 1.00261684684784 -0.043199210332724 67680.6173167676 82758.8619334178 -208.749738269737 -13.3988451961102
445480 59624.3451584721 18838.8835411832 39053.4937296814 1900.22345207582 0.99637093963682 -0.0445024748266925 68856.0453003448 84940.1402600525 148.792301120492 -13.6872981716249
445520 59649.3907569576 18851.5696690495 39028.0550768385 1942.86520148379 0.997041897080496 -0.04367134701783 67721.9285468706 83800.9245505955 25.5523945362603 -13.4861492065001
445560 59520.020076687 18812.2674854744 38969.9768185775 1912.37439436419 0.994963241331451 -0.0425835477135098 65661.1188719453 83290.6932262337 -398.765191821972 -13.2259315022252
445600 59762.9835716644 19010.2497404973 39055.1362250498 1897.29619788275 1.00543433772298 -0.043862801387244 67297.2383867644 85137.4104784185 -293.585232195109 -13.5482929499738
445640 59467.1879007509 18886.7347792742 38847.7535938258 1887.69621398295 0.998901746887437 -0.0427197878608612 66650.2449392006 82505.1623348105 -80.7080466970781 -13.3326466101575
445680 59565.6922446824 18934.279448512 38904.4564211799 1887.98811787329 1.00141633999799 -0.0424818218363609 66200.4801517901 82436.5095509283 -348.012863075563 -13.2414587719939
445720 59537.9387801267 18853.4951879872 38896.4935842227 1945.88454973956 0.99714373597711 -0.0429949895209532 66736.6398740572 82994.4629085732 13.1730962419 -13.3345141216214
445760 59515.4345053928 18908.6307258689 38916.7401536985 1887.71929877702 1.00005980303419 -0.0426956498367962 65595.2459101044 83488.3824168987 -221.241479248192 -13.2319101442218
445800 59514.3999413933 18880.5796172042 38908.2286038139 1911.38175862897 0.998576206119486 -0.0430064630600553 66784.5549811119 83356.4789288175 -414.144940445474 -13.3233565050233
445840 59532.7942629648 18812.6011567613 38923.9370202696 1949.10056390687 0.994980888893896 -0.0428879547908718 66041.3745054975 83809.1202174558 -486.703245053039 -13.2699417564379
445880 59422.007878974 18840.332376295 38821.0828615893 1929.05752939955 0.996447567171491 -0.0428878114777769 65920.2087809552 83499.5804124074 -35.6660768223383 -13.2808725061784
445920 59369.3709211368 18826.9025139408 38806.5392853158 1875.3137227274 0.995737274306005 -0.0438353201779734 67829.5313214056 83825.0926852549 400.861794485875 -13.5196875909879
445960 59497.8371208539 18888.4761366153 38839.7934749251 1913.88470565803 0.998993845649364 -0.042468974973491 64793.4770652088 83646.6769132519 -261.078921538345 -13.1735427791884
446000 59386.2777236922 18788.990162904 38865.9243930891 1909.55590314744 0.993732125500675 -0.0434221176432571 66578.1222627946 84476.1758055262 -89.679442986626 -13.3723013526045
446040 59462.7488233589 18921.8452293854 38817.1379998079 1910.41244207019 1.00075870577207 -0.0446900291032859 68061.1067340796 85682.194432025 691.503869421839 -13.756862531506
446080 59472.5963385038 18955.0757134436 38755.5499811722 1920.11391060503 1.00251623500958 -0.042270132184831 66674.22177784 81241.0874024859 -237.325582106315 -13.1921143098986
446120 59373.3872041615 18918.1897136963 38670.1913044385 1930.26753717832 1.0005653689645 -0.0425814813047289 66061.0573311911 82453.3315724241 85.4985538396764 -13.2538749043854
446160 59355.2471653132 18962.2677233217 38642.3490258125 1902.67823860644 1.00289661368884 -0.0438508137490096 67233.8150767188 85479.7296342711 -621.576373944771 -13.544718286509
446200 59258.4495752595 18903.0488358611 38663.0153722719 1876.42040733318 0.999764582089705 -0.0433620955383148 66319.0246615978 84659.2719314413 -216.168237801281 -13.4114093017133
446240 59282.6419759722 18852.9435667215 38653.2531111465 1955.67535122633 0.997114561244031 -0.0427820239821096 66891.6826084454 82348.060892159 -175.443915654894 -13.256157395821
446280 59379.0367577812 19026.441506668 38566.098055138 1934.79304935484 1.00629070509946 -0.0423850051235303 66038.825419402 82242.167714476 -240.583107421561 -13.2372794870551
446320 59223.6959572707 18903.7754008819 38568.0891171054 1931.8820327017 0.999803009434454 -0.0435187279818066 67800.7043206991 83375.3532623902 -16.747030398256 -13.4353845649258
446360 59234.2097840491 18932.3085301516 38548.9944474343 1908.18472499951 1.00131209996835 -0.0423599748131474 65560.6721065474 82606.0738721949 -269.95464994033 -13.2120985803968
446400 59134.4110132573 18879.0360796192 38520.1764915082 1922.80430057099 0.998494569859537 -0.043187034366704 67586.0320090354 82869.0910404057 -255.401631854755 -13.3617019878182
446440 58999.0892052694 18752.1930321474 38501.0468580442 1929.07731268989 0.991785959653439 -0.0426232776593677 65066.4641391373 83592.8167195042 110.802302898526 -13.2886549495646
446480 59042.1883166777 18843.2392648646 38470.1046527393 1924.01379134976 0.996601309790539 -0.0418554374374236 64204.1818570018 82844.0942711902 -571.228369381788 -13.0738639778146
446520 59186.7080991102 18942.1183403847 38516.9789261163 1933.12648265559 1.00183093166123 -0.0429005676650255 66105.9160737136 84001.5749185738 -640.914474131195 -13.3276582309735
446560 59079.7330727367 18846.3905820939 38518.6086492419 1933.87594835696 0.9967679800129 -0.0425388647658435 65693.7656760087 83211.3020112625 -473.801431513556 -13.2238778041341
446600 59013.8880835743 18924.9947043015 38319.0417443397 1956.05384866461 1.00092527855621 -0.0426715576453206 65453.5028820592 83210.7562452227 154.033907142597 -13.2722517203418
446640 59195.5743889743 19012.3666173273 38413.2750921581 1934.85512803194 1.00554629735963 -0.0420483011039994 64273.0194413374 83221.8860585485 -398.685455055874 -13.1431926732343
446680 59206.0534507205 18960.7340888712 38472.5627530659 1961.50949896828 1.00281550119641 -0.0425482299618077 65377.344122315 83263.6551309582 -61.3796913942895 -13.1950861282406
446720 59056.7235893501 18858.3455764733 38448.5914777203 1948.55463973125 0.997400268489927 -0.0430012576204362 66628.2672083208 83346.9723054099 -133.053127260027 -13.3258940676962
446760 58867.6385308914 18818.0152037371 38253.1787632615 1991.47757058122 0.995267232777313 -0.0435814288561084 66762.0451098526 83770.6991007893 859.018233027003 -13.4482201084222
446800 59033.595616645 18960.8042977713 38327.2552510158 1947.57867483443 1.00281921447951 -0.0425871868786594 66283.5438212367 82445.0124223596 -49.4944378793988 -13.2684445842364
446840 58860.1096265644 18792.2777273616 38318.8176246688 1962.71160733788 0.993906001711573 -0.042099444119678 66302.9147512051 82242.5031969678 -1287.96005654863 -13.0871306568407
446880 58921.8992541016 18873.6395272125 38294.0629684358 1935.12781595899 0.998209151247522 -0.0424852025390641 64719.386796137 83550.5661614587 141.874661479445 -13.2458429460075
446920 58794.3364791169 18742.3614243118 38310.644166217 1906.2166631712 0.991265975105739 -0.0423600621412622 65966.2756769599 82023.5210453815 -62.1075816636489 -13.135359747331
446960 58976.9893606854 18959.3734262125 38251.0054099558 1923.78721868424 1.00274353702036 -0.0415477629514296 63186.1716538425 82298.3674134352 215.515009037825 -12.9982432873567
447000 58960.2093842914 18982.2440870985 38212.3594312305 1936.07498561302 1.00395314489481 -0.0416837766553133 63905.0947183249 82150.4557331604 -38.7890639695595 -13.0162180525611
447040 58843.6331774678 18882.2326201091 38268.479990223 1892.60987348576 0.998663631897878 -0.0427554104335641 65711.7028315367 83560.6593628551 -149.097961409214 -13.3081260828388
447080 58822.9728268947 18940.1733175259 38162.9740019972 1943.89520534641 1.00172806122046 -0.0415647471754058 64018.6265533652 81798.7130270667 -113.163788099996 -13.0344700909742
447120 58770.7325215939 18908.4915633942 38093.0583755644 1939.0448217276 1.00005244286099 -0.0432598929270244 65951.907527902 84098.6445027849 386.287194120998 -13.3937963261899
447160 58702.241219048 18893.2010978965 38065.0168647686 1894.21653758685 0.999243744434561 -0.0414174055281192 63397.8316117043 82732.3516454488 -887.521776597161 -12.940840924424
447200 58692.8002974219 18775.1799949936 38191.0061610391 1907.35932807285 0.993001718629833 -0.0420765203795669 64909.4962994735 82214.9374132577 31.9211464159572 -13.0736152231596
447240 58724.6847076117 18846.7161205879 38181.3784872805 1892.98219159438 0.996785197439528 -0.0431122040950628 67442.7952476216 82679.3780098051 -64.6744441626374 -13.3530833615454
447280 58773.9727716922 18818.8377471552 38189.738831763 1949.8014841663 0.995310736329772 -0.0419551730474097 65214.5125943323 81917.5698569798 -272.107569939218 -13.074248954262
447320 58881.894657549 18986.7100205492 38133.2282161624 1962.57125601478 1.00418934394019 -0.0416603640140541 64926.9597966338 81673.3129280991 -553.53541960747 -13.0001355043809
447360 58706.7547654333 18803.1760733754 38146.6015337215 1965.47624127436 0.994482405044316 -0.0417138446409144 64806.5132976391 81775.2104680806 -272.530028900736 -13.0567413007927
447400 58752.6095370427 18873.6891428836 38136.9964819216 1939.15607269379 0.998211775373986 -0.0424102602208109 65365.3985851892 82693.2787035924 1.62926156667298 -13.198559304882
447440 58752.7138788214 18971.9750353163 38011.9782833282 1926.09924610137 1.0034100243457 -0.0421629020713318 65171.5136032635 82707.0246805395 -348.343140207411 -13.1424178695097
447480 58700.4258921144 18897.0182108572 38072.8578420622 1907.63723757181 0.999445627970761 -0.0422523634175933 65737.9594184591 81841.1379911452 132.500004449458 -13.1669836138192
447520 58684.365426195 18906.4857408056 38040.3455844829 1926.16741047943 0.999946356779351 -0.0428530697244027 65876.6876165817 83513.2765527607 -82.5404267874658 -13.3015704868482
447560 58511.5113643589 18808.9266282058 38007.0019088522 1897.36814214574 0.994786546513594 -0.0424039121648161 65491.4705173155 82523.0321089988 79.7801412451124 -13.1983863609833
447600 58605.1960844644 18835.6299185339 38048.9893408784 1924.66623562745 0.996198858576432 -0.0422416064115798 64634.3422341823 83407.5570501807 -378.537501548507 -13.1296019125331
447640 58535.9728183635 18846.9477188702 37963.5528611176 1930.89642295627 0.996797446456178 -0.0419811971661841 64769.6267993147 82229.9310602628 -126.94302840799 -13.101601701445
447680 58682.0938329396 19007.8655067188 37965.987434264 1903.05883387227 1.00530823782726 -0.0421403403725164 65540.1203330669 81494.2268109017 481.533537087022 -13.2334578380387
447720 58763.7220162368 18985.9765222982 37997.1068194814 1957.77185697256 1.00415054990338 -0.0424825595875866 65671.320504116 82556.7841486316 46.4817797436398 -13.2180342660806
447760 58572.552667284 18875.8888281206 37932.9583458311 1933.5690769988 0.998328114669872 -0.0426317545928802 65188.2246386087 84055.9738065062 -504.14942438178 -13.2679232205747
447800 58597.5225921356 18938.5928505594 37928.6448914436 1914.58453916449 1.00164447180005 -0.0417656242372462 64345.2821748077 81572.903696926 344.600486425434 -13.0670777055961
447840 58431.0538096078 18764.1227857378 37913.7981558162 1912.36182732507 0.992416913168731 -0.040766034741245 63110.6430229292 80743.3131556431 -303.602982722995 -12.8202273916987
447880 58566.5448260828 18841.9696220679 38014.53409246 1893.45296215823 0.996534159569901 -0.0421749287408848 65527.2972576555 82144.8204996643 -221.278303370434 -13.1246392017626
447920 58444.2323505121 18851.3930833941 37882.5714475377 1907.55077150635 0.997032557630257 -0.0416475824556064 63833.0662604954 82737.0821870732 -591.682223045284 -13.0018437126794
447960 58394.0518202145 18798.9890858148 37903.7740645564 1884.01526131379 0.99426095918629 -0.0414781463261823 64019.4433851765 80889.0945059436 564.095362523351 -12.9706510852503
448000 58469.795939105 18989.5317841186 37775.0214567808 1907.93806220348 1.00433858437755 -0.0408712903176854 62713.1250444327 81226.8106112442 -154.667547688751 -12.8296874577554
448040 58495.5956816524 18929.6476710936 37815.4841338715 1950.4269432019 1.00117136962018 -0.0417537878657393 65059.7310667353 81584.2833783451 -367.010030659342 -13.0619365796364
448080 58351.3146964605 18760.9503662766 37859.2178460127 1924.0260335945 0.992249126869055 -0.0423972960823853 65552.4200398425 83175.4040218486 -633.405708438922 -13.2118194189513
448120 58302.6733367041 18810.3961481687 37754.420838577 1935.32588258288 0.994864268050705 -0.0424819197976167 64831.2075135376 83319.9994449672 81.1786970933356 -13.2173707056235
448160 58351.4843234372 18927.5647993444 37714.1518127842 1934.07919426938 1.00106120848047 -0.0420390514591747 65538.1667036943 81652.5448448117 -197.748215605913 -13.1182741205796
448200 58456.7877064583 18920.9751953242 37769.4658431014 1963.22065430626 1.00071269048389 -0.0415704977712596 64117.5023373972 81336.6182299823 321.244509376817 -13.0095826051242
448240 58349.4118684398 18885.7926160813 37708.8944107667 1931.36373201962 0.998851916756911 -0.0403883282109233 63091.9383249419 79935.9901938431 -522.930215413167 -12.7330083778898
448280 58315.8680161791 18891.18860491 37651.3307081185 1962.85488812521 0.999137305561814 -0.0416299830155834 64237.2090051148 82184.1429005674 -467.971134283339 -13.0393918178963
448320 58461.2211982687 18929.6937763887 37803.8245808441 1918.55116437685 1.00117380808614 -0.041531081036971 63403.3681881718 81545.7707736575 628.889037910843 -12.9705821299482
448360 58147.6166899405 18658.5227508116 37699.3171554761 1949.21854574896 0.986831826037901 -0.0421302524328442 64849.3946524743 82373.3217869488 111.900628861971 -13.1036121492568
448400 58330.5269075844 18834.4797320372 37785.9513855882 1903.76064248705 0.996138026287832 -0.0415170275976686 63850.9330472967 81630.4674157361 109.274304522879 -12.9872101812953
448440 58358.7767211336 18849.7442577292 37786.1021397632 1897.36268017814 0.996945352782185 -0.0416212952932777 64355.6571170582 82064.4284176646 -474.312603837624 -13.0131519653065
448480 58304.6907502256 18920.4008436466 37645.6820717108 1931.11161399666 1.00068231356058 -0.0403599891937456 62258.7280560664 80567.8344211991 -469.171757070899 -12.7094014641525
448520 58220.1889606899 18799.2669440907 37689.7588512155 1931.89741583383 0.994275654850756 -0.0422822447354666 64063.7661036229 83759.4539080361 -42.7283236406805 -13.1640713007579
448560 58336.1755217907 18892.7698703397 37679.9234541731 1939.1311460256 0.999220937212204 -0.0406691405918771 63017.6250733648 80628.3508876558 -442.404108506786 -12.7807232863236
448600 58328.1483077708 18977.8561248315 37595.2909915661 1948.39202806062 1.00372106967243 -0.0408351959464888 63075.6182890841 81071.8826442237 -428.412102265034 -12.8248199376177
448640 58184.3392012404 18892.1734841091 37559.8420344821 1925.33092129776 0.999189394901976 -0.040005957014961 62826.0657988826 79392.8504539336 -847.49103782359 -12.5893799635267
448680 58268.3812198823 18869.3548143872 37662.5218815378 1941.87979583905 0.9979825367916 -0.0416074180372676 64548.1049491071 81288.2807541353 41.4668081864855 -13.0017278368914
448720 58363.2027575398 19027.3881169604 37610.175082096 1924.89211578211 1.00634077043292 -0.0408761314341299 63298.4988085683 80603.1551110476 8.77726373203494 -12.8794767879665
448760 58223.1180424115 18867.4365109069 37654.8451616896 1921.20828720998 0.997881079513785 -0.0416683296793728 64595.5621978551 81380.7411912327 45.444514182212 -13.0117448171177
448800 58122.8933803338 18841.4978860056 37626.6901444327 1899.93178831991 0.996509209890549 -0.0414430178487116 63798.5497740983 81934.5396801202 -417.609148243433 -12.9347471820988
448840 58243.0832107571 18876.1527770242 37629.7757404131 1942.49380558869 0.998342074680641 -0.0417732636475751 64241.88826217 82215.0139843683 -85.2766091920874 -13.0322348208873
448880 58171.3047293534 18879.33901248 37601.6371604666 1911.91629682553 0.998510591695359 -0.0409256710624991 63154.1232549662 80187.3972129849 584.315550083931 -12.8472871290513
448920 58224.4103626608 18886.8094608208 37612.41375693 1953.91453064612 0.998905696724623 -0.0411404410461561 62903.6698525593 82334.5752824639 -745.434493649524 -12.8750302668662
448960 58254.8727380826 18925.5103941252 37598.5880728567 1947.6954489234 1.00095255290891 -0.0415825141863126 63355.9869069072 82369.0937620305 46.9399835621578 -12.9925597875032
449000 58211.5826059897 18877.9418590642 37592.8317748563 1950.10881881677 0.998436697557278 -0.0410061315285507 63376.5224660977 81454.3976990425 -653.264872108938 -12.8608466377449
449040 58158.0440479158 18891.8908360386 37561.5453573479 1927.09505811602 0.99917444590975 -0.0402524597011903 63304.2795781474 79372.1884671328 -672.530059226991 -12.6508273959153
449080 58061.6548533925 18835.3761386229 37498.2131166259 1959.55829784157 0.99618543639418 -0.0412417320263978 62793.9713442156 82545.5080535585 -386.385090907668 -12.9209531545452
449120 58095.4370867833 18852.5422254723 37535.814383723 1944.95291782621 0.997093334680537 -0.0400998937116855 62312.1661802259 79966.186629446 -550.647920305993 -12.6356805904701
449160 58038.5902973331 18901.5483090326 37403.2309845155 1948.91044200391 0.999685220628458 -0.0400392854819117 63131.4829438429 78926.841760749 -564.435270660199 -12.640903451459
449200 58107.2955618879 18900.4733955163 37493.8653530264 1960.78945652849 0.999628369457427 -0.0415742073225204 64313.5908501674 82010.6514271448 -492.296520239636 -13.0377588275305
449240 58079.1285709139 18864.2246801271 37512.3800283244 1936.64100753266 0.997711208786305 -0.0396842987300495 62129.088183474 78401.6539511245 75.7543793999391 -12.5711084485085
449280 58217.9545211278 19042.3241309 37465.5985196806 1938.57710232041 1.00713072224778 -0.0399164077878725 61658.4036654215 79990.0771960922 -385.707212600961 -12.6272400768049
449320 58119.0671258853 18919.9052489402 37458.6446032975 1962.01450517486 1.00065610201984 -0.0410366793913324 63496.6912879337 80975.3087703424 -212.777640345414 -12.8450446499963
449360 58054.0966672326 18863.3421622234 37508.8625029779 1932.90630507634 0.99766453323937 -0.041101707555436 63757.6032596352 81529.2238325752 -636.646375278593 -12.8914549991518
449400 58087.8203042119 18960.0250242177 37456.5446806398 1914.72832713448 1.00277799942973 -0.0411753285539975 63216.0782460134 81011.8273444284 312.086654177724 -12.9194901870906
449440 57995.0485141266 18881.9772704143 37369.1296546125 1979.74607235483 0.998650126691222 -0.0407846033993842 62251.6318622785 81442.8750214475 -99.9903274876347 -12.7718336095896
449480 58047.4213436601 18877.3868284701 37413.7847848595 1987.54205220923 0.998407342508004 -0.0414228963411829 64281.2867892409 80802.6993136205 186.47209632327 -12.9626936154877
449520 58029.6526809374 18902.4290126019 37400.4344222919 1970.78801081497 0.999731800216946 -0.0407746859905201 62795.7050421789 80860.2124031658 -184.257993626931 -12.7848158884979
449560 58053.5547908861 18850.2943502894 37472.1698985194 1971.6210794036 0.996974446663463 -0.0406986107872002 62899.6333321454 80754.4430627578 -373.318532436785 -12.7641448857837
449600 57914.5984612162 18812.0587291018 37402.3738181127 1920.84540575477 0.99495220040205 -0.0401128448527005 62636.6276103931 79362.5266195345 -489.108060869708 -12.5903922155298
449640 57982.7930812128 18899.3283750298 37332.2614912415 1962.35507695502 0.999567810394276 -0.0405729713548427 61999.1015507896 81882.0394781354 -862.62864087441 -12.7565859720551
449680 58044.972382717 18953.8608048114 37331.1812709355 1957.50109986484 1.00245197962773 -0.0409704882184588 63352.8986640573 81224.1318442203 -553.742084827827 -12.8738220513971
449720 57924.7576172133 18902.0582734146 37316.9178693814 1900.31863053147 0.999712192167903 -0.0403485856388552 60578.5535781661 82313.7936366097 -575.376530832192 -12.685141098146
449760 57939.0268419534 18918.2332738213 37324.3933478763 1937.02895672156 1.00056767281879 -0.0414176505312233 63229.7140643286 81287.9272901335 837.485661884064 -12.9474827143091
449800 57868.7810240464 18892.7807498655 37252.3188815813 1942.86726832466 0.999221512620152 -0.0405714461763223 62595.0454021222 81104.0491713091 -760.557563205459 -12.7351371060403
449840 57734.2413653813 18825.2088480232 37236.1181479908 1897.95299330934 0.995647697898886 -0.0416383272759018 63320.7967227869 82554.5608192229 139.96541902038 -13.0510248787008
449880 57858.5866712248 18961.6483679504 37222.6363199738 1913.34377135893 1.00286385656223 -0.0409809685671103 63789.7833656604 81001.7433064237 -757.865651697875 -12.8926062074206
449920 57815.0440194947 18826.7219170566 37256.5426175327 1948.50811446587 0.995727722705623 -0.0403853350363031 62812.6904198959 79991.1471320087 -352.552560359429 -12.7109738404204
449960 57817.1225237866 18797.9448564815 37303.4094547921 1926.0245122056 0.994205730873011 -0.0407633426215188 62878.0559798508 80750.1468683959 -11.3503367800837 -12.8168567073234
450000 57876.5320884157 18990.147228432 37182.4885190296 1927.87729054166 1.00437113465196 -0.0406210571243624 61984.5674400057 80933.902153758 337.95775630255 -12.8585315667768
450040 57999.1839842779 18899.9967382978 37355.1993617416 1938.67499352163 0.999603159502728 -0.0404780717466995 61545.8689894507 81313.4669630295 -212.23776078193 -12.7475439357001
450080 57788.4174146368 18886.1610066163 37197.8019048682 1926.01778753824 0.99887140058793 -0.0393701697867701 60851.4831404963 79270.127071889 -625.296216247864 -12.4932918549681
450120 57839.6567767436 18881.8516620793 37212.6508158396 1934.76233623957 0.998643483383808 -0.041171625277328 63059.1309168544 80993.7063237669 619.951073523315 -12.8880615606452
450160 57852.0848601551 18844.4457082171 37272.8917090546 1927.44007203635 0.996665117451651 -0.0410555845730718 62575.8645078378 81168.4825323464 482.555446847049 -12.8525720288918
450200 57805.7232802856 18855.2992773703 37216.1778043989 1925.82830749373 0.997239152578092 -0.0406325937277901 62467.9281761833 80825.3088594377 -162.801675873433 -12.7166686479815
450240 57917.4128517682 18921.5259643501 37260.1232812566 1949.66614842628 1.00074182014281 -0.0401586506462556 62893.0989707788 79432.7332580544 -519.026812533267 -12.6241626453714
450280 57845.5658138755 18911.9903230346 37217.0425840715 1928.60466578945 1.00023748898768 -0.040496825845238 62902.4080455476 80210.0479266 -274.830463204958 -12.7094771571135
450320 57843.2970540047 18862.0665627772 37265.7063598769 1932.87191675867 0.99759706797711 -0.0396778086094429 61110.3856594214 79937.4991886135 -514.132941299805 -12.5236157615965
450360 57781.3443312582 18795.816850511 37228.9211263708 1954.67981775177 0.994093182626524 -0.0413285146282291 64178.8615172155 80977.1108318175 -33.8109614481565 -12.9383234676724
450400 57768.5380473522 18862.288945527 37189.396481629 1914.2666158358 0.997608829592861 -0.0400425302211142 62071.7164983424 79488.4254092954 -68.4255548747375 -12.6526789404254
450440 57771.3800225709 18846.4244719245 37166.7788617346 1945.75475400396 0.996769772414357 -0.040401800899509 61980.8734534742 80187.3092158709 315.67184349667 -12.6949967242541
450480 57845.9456286033 18923.9343380917 37155.745735088 1954.36490700415 1.00086919677862 -0.0397713907970182 61814.0060105198 79689.2510689408 -762.556743554042 -12.5922072294773
450520 57821.9501140191 18888.2600236175 37209.9046950699 1936.11003557166 0.998982415634933 -0.0407349021652459 63147.8987371707 80541.390164453 -226.362673487029 -12.7877703816536
450560 57785.197053661 18899.1487364041 37178.1149932827 1920.85824291028 0.999558309475293 -0.0415086085912997 63703.4101938651 81810.8948671852 69.4003756476812 -12.9815084698509
450600 57611.8450913662 18722.4884084808 37144.4071548281 1944.35115427156 0.990214909876016 -0.0407880387559169 62874.9098570364 81261.3935720992 -474.306168121066 -12.8264008169636
450640 57739.9865763134 18960.151742692 37070.824002557 1920.82639278458 1.00278470145138 -0.039655337629205 61516.0857254049 78920.6835569417 -107.092981989524 -12.5445877271629
450680 57695.3903224995 18829.3569480089 37142.6942526917 1935.92124927043 0.995867087029429 -0.040177140887193 61840.4429294858 80316.1972746965 -219.460469222562 -12.6585927137877
450720 57749.8115524585 18886.8249240634 37054.7909042018 1999.76385711734 0.998906514561071 -0.0400638965561147 62153.5904452927 79923.3398530067 -564.278341259848 -12.6089670716958
450760 57818.2677052282 18954.4960186327 37099.8360604968 1983.37892632163 1.00248557549294 -0.0395166259742162 60864.688264113 79847.9602148486 -789.833082580121 -12.4823041440779
450800 57697.7033905859 18844.7006468178 37086.7704979649 1967.24725326942 0.996678600915922 -0.0404843580575889 62418.5282997519 80131.1051237653 156.344338888827 -12.7582578786569
450840 57596.3317296272 18754.953007478 37049.1818757441 1978.53077165103 0.991931932168612 -0.0408174442064693 62755.306164625 80788.8317094464 173.328081636102 -12.7617729721488
450880 57687.736210808 18869.0857198112 37050.2668148323 1972.67502817747 0.99796830463103 -0.0405617974002952 62829.5987381811 79893.6937793928 216.847732442162 -12.7591121530608
450920 57742.1487865637 18916.2632551779 37032.9589535002 1975.56707686739 1.00046348037434 -0.0400319146222615 61221.7550386898 80246.3665650559 -29.5565705253492 -12.6607889898541
450960 57676.9129830079 18865.1616354135 37041.8199123569 1978.07129316618 0.997760763475527 -0.0394291260222652 61247.6674534855 78869.9011484563 -344.89468253065 -12.5259784130478
451000 57704.6831394139 18886.3551708051 37081.5037705795 1949.23416039637 0.998881669750369 -0.0398160720104194 61597.5589000354 79881.0594213193 -579.643964276749 -12.5957015861953
451040 57733.6282140014 18939.8317578973 37037.0087219011 1964.8292475775 1.001709996451 -0.0397722862944296 60711.348699268 80207.0458689281 -253.694206122807 -12.5531882010868
451080 57807.879184703 18962.7920784162 37086.3865942895 1965.39318608409 1.00292434633961 -0.0407304411030498 62143.8939611062 81190.4311171504 74.3629823497586 -12.81436348954
451120 57721.3028477804 18964.4525326907 37016.5445016899 1948.1341614423 1.00301216621397 -0.0402099880115175 61745.4735662071 80474.0120571982 -243.125705790776 -12.6823227921952
451160 57626.5660359591 18826.7568041694 37069.5461032405 1919.18746544728 0.99572956785241 -0.0404414601610771 61851.3567664655 81077.8619314282 -372.664618368702 -12.6815816503369
451200 57527.9887426399 18880.3576023655 36967.7254145511 1886.82729482956 0.998564463962213 -0.0404436054959578 61689.086965529 80359.4163993836 515.297511656203 -12.7410107641193
451240 57700.157890211 18948.663028953 37020.1838644141 1915.07536369054 1.00217707412154 -0.0408467266692917 62602.3943636899 81633.2918071732 -526.607218914814 -12.820812636386
451280 57563.1407946887 18849.3792064156 36982.4596991495 1914.45948952432 0.996926045559464 -0.0403904611421773 61901.3538419048 81152.1468339974 -663.973398716221 -12.6994872879697
451320 57696.2786301635 18868.4387094396 37084.054924283 1924.4092481623 0.99793408485731 -0.0408286968589046 62469.3563643479 82095.3506135097 -928.187985530089 -12.8150098817548
451360 57722.2174152637 18935.1083336667 37014.9156278708 1944.44955710903 1.00146017895897 -0.0410106759045079 64012.722234155 80146.4195523347 -5.69898192593257 -12.8918074271587
451400 57577.0609454429 18778.3998971011 37044.4420095248 1940.61774209379 0.993172016242292 -0.0410440725710115 63527.2473727778 80692.8435208881 47.9511468953732 -12.8727243064561
451440 57639.9816989587 18918.6508422776 36965.7457154076 1914.22167752087 1.0005897576241 -0.0410119450959174 63616.0993742619 80676.1629351184 -20.515523359804 -12.8675002327183
451480 57617.6832707386 18910.775124253 36978.1953856775 1921.05085776435 1.00017321826011 -0.0405954368541613 62580.9835737936 79443.4555186841 928.594593035755 -12.7780357325694
451520 57747.9809612161 19054.5752430071 36971.1102174177 1918.11476336433 1.00777867211461 -0.0404553201179176 62387.2200523429 80259.37865968 -16.9670408405869 -12.8051944051764
451560 57651.9683817479 18947.0105431208 36993.9823094783 1913.65313632949 1.00208967569064 -0.0402189716440872 61919.3166204196 80166.0790700145 -199.237927211559 -12.6440806106471
451600 57562.2214524728 18835.7498995512 37059.0332178642 1871.79837848877 0.996205204260277 -0.0400693084310833 61480.8732053769 79851.1925615715 208.51878324255 -12.6387783822939
451640 57597.502745739 18922.8431194575 36934.4820714911 1894.96476217104 1.00081148324514 -0.0410875906388121 62588.1241300086 81667.6024719684 133.375370166837 -12.8576755010438
451680 57576.5400050521 18918.1475258964 36950.5687112035 1923.37007642414 1.0005631376912 -0.0412378007385507 62647.1598883106 81914.0457930718 207.858160228013 -12.9193153399958
451720 57454.3521554981 18804.4076933417 36918.0023981494 1935.38074011479 0.994547544272999 -0.0410029231353119 62690.1335479 81569.6695412887 -106.274477238601 -12.8337369971856
451760 57686.0149456423 19018.0584986539 36956.8334121654 1901.63412036505 1.00584733564215 -0.039751231559887 60614.9971601586 81033.9908307394 -906.159374290393 -12.598942645056
451800 57795.5314729101 18983.0495968142 37108.2869402079 1897.69105631953 1.00399574755066 -0.0398744432425575 62095.8110557345 79365.9631129543 -403.228666738807 -12.6387247262547
451840 57690.0712881811 18919.1449714685 37021.2814578551 1928.05623805918 1.00061589165508 -0.0407391055049844 63552.624213083 79815.0592283731 169.901851949535 -12.8501339100655
451880 57593.5834649365 18890.3284074856 36957.7960816352 1936.36243217007 0.999091810524164 -0.0397039090097626 61320.4955884291 79484.253967617 -177.55158155204 -12.5809009904461
451920 57617.3749826674 18938.4988034601 36965.929622422 1906.31653689649 1.00163949773688 -0.0393968915945048 60671.7946208859 79140.7891242633 -161.888574850792 -12.4875763236567
451960 57480.8002860116 18804.7031234164 36946.785568061 1925.18477893344 0.994563169293479 -0.0398152993108984 61859.588475244 79581.6227697977 -533.665258979357 -12.5589605578544
452000 57614.6083164337 18919.1676432441 36966.4980919347 1923.96330329936 1.0006170907441 -0.0398499295557083 61465.1264903497 79777.3059433724 -398.888488817144 -12.5329340599433
452040 57460.3031961442 18866.459304295 36886.9106961581 1918.48830884165 0.99782939596959 -0.0399341364241226 60918.7887902843 80420.3030219592 -160.070792050716 -12.5955456587359
452080 57645.4835486305 18915.9607876602 36941.9838578943 1969.87584594781 1.00044748315008 -0.0399879076453853 63085.5057719612 78870.257577805 -490.249378774424 -12.6331031031444
452120 57696.5578875782 18962.4363383938 36955.7614580446 1953.23840165056 1.00290553158238 -0.0401484208849986 61665.1961830149 80161.3745568602 -79.8239230017777 -12.6699963138845
452160 57705.3180685671 19034.8627441022 36937.6790705242 1898.53620863094 1.00673609647506 -0.0402399218865421 61538.9774139597 80383.9668329615 135.950565234116 -12.6955468492816
452200 57493.0163512843 18791.4566730528 36940.0709086229 1959.38901176341 0.993862576916716 -0.0406220404134381 62207.9702751326 80594.0574684849 352.076074113746 -12.7117074135011
452240 57628.0067317333 18958.3458470502 36909.8755611323 1929.39807610501 1.00268918931906 -0.0392467378434728 60613.9337302626 79195.0524671558 -670.529014488342 -12.4464704371247
452280 57597.7591476361 18894.7760126373 36974.4178110361 1907.86464360733 0.999327040202952 -0.0401098526683219 62337.7983319594 79938.6345473896 -651.294436107385 -12.6707975854397
452320 57536.743223274 18883.2517284438 36929.9682989727 1914.91861994619 0.998717531585023 -0.0400063128053328 61284.0777518859 80053.6068850285 70.7269202874169 -12.6421559637565
452360 57660.4884823711 18888.4024564877 36988.9452010579 1974.1262311132 0.998989948776291 -0.0415131700084907 63732.2178298068 81728.5003030364 0.925836596977703 -12.9356923538635
452400 57441.2532350784 18818.4121239245 36870.9696784234 1929.54173365787 0.995288225514979 -0.039788337599484 61527.4648059011 80004.3386512716 -588.332425502183 -12.6016859458873
452440 57516.9531417503 18830.4459888213 36922.6785868049 1936.36545486904 0.995924685379945 -0.0397029940034291 60947.3025203515 79757.7038899559 -147.973380770117 -12.5221194003524
452480 57575.0385992217 18982.6767052869 36839.2585412575 1936.32621636405 1.00397602566637 -0.0396827105987271 60943.3296351845 80229.4300582436 -668.30567704424 -12.5642208843629
452520 57508.8353216217 18886.6079191475 36863.5355968092 1960.04527326461 0.998895037373926 -0.0410118507014525 63579.4588024446 80818.7836066656 -294.637178147124 -12.8608473370956
452560 57472.1223676164 18980.4947795845 36787.9738356015 1889.32314907746 1.00386062565567 -0.0401334749182545 61987.2983797244 79487.5985988731 310.282662578666 -12.6949491690944
452600 57320.3087446657 18800.3640507563 36766.1709929747 1915.62288438258 0.994333679796713 -0.0403613147928189 61725.9097148321 80194.2025703547 382.895519493712 -12.6755672331889
452640 57524.2359590374 18988.8247545028 36809.2280732579 1897.27689211647 1.00430119024211 -0.0389075245889374 60596.1860778304 78560.2521471793 -767.765225410141 -12.3581767017912
452680 57410.9376814618 18917.0600344928 36783.2510928065 1899.8055983614 1.00050562128747 -0.0396956217971822 60596.6489523103 79604.7533996319 304.603502828058 -12.5701731784099
452720 57464.1388556193 18876.6600598605 36843.7450814075 1923.37521275735 0.998368904395638 -0.0401856375623185 61269.8072515499 80706.4392175599 -2.36607076931817 -12.6574964077765
452760 57432.0306059361 18892.5489796746 36747.2238097794 1960.59765740736 0.999209254511414 -0.0397256094984916 61422.5094772589 79283.3531353703 -137.106612217771 -12.5570508899937
452800 57476.2667153554 18873.2820989674 36799.8299380689 1952.93639078906 0.998190247201764 -0.041036821663479 62708.3631520051 80928.1426034738 593.141662184024 -12.8489650330337
452840 57546.2223159408 18905.1067676338 36903.1926498151 1913.68381536782 0.999873424177379 -0.0395224347717672 61772.6446545982 78772.1622213977 -537.234315178487 -12.5252401261658
452880 57596.549473546 18983.137266345 36867.3776518701 1911.13384380545 1.0040003843102 -0.0388201164464715 60172.6708144982 78089.1682169936 -227.574598488422 -12.3789794277327
452920 57371.3863120377 18814.3681822526 36793.1490200267 1941.42848059036 0.995074345220286 -0.0398745223311738 60560.7637619441 79488.5803586184 919.349607350054 -12.5671995543171
452960 57481.9066088106 18928.7124678597 36764.0466646345 1977.08084252304 1.00112190759538 -0.0397295453326593 61924.4639642276 79570.4987562136 -875.145885048934 -12.5691605038986
453000 57572.7720137821 18917.3083064192 36870.9420039766 1944.66252443747 1.00051875215757 -0.0404744274636509 61167.0036927404 81243.4603486376 259.186809306506 -12.7434640473875
453040 57458.0592912731 18932.6093874752 36703.3731778175 1968.01969663223 1.00132801203095 -0.0395496350544362 60726.9731101917 79847.3524202053 -505.337255640954 -12.520623260522
453080 57403.5897763538 18847.4788928901 36780.7947775223 1945.96018179948 0.996825539753543 -0.040190278542441 61945.1342276333 79305.8232053125 624.004383998259 -12.6627448939094
453120 57312.7368725808 18928.2665067675 36637.5437712686 1935.31526568834 1.00109832113011 -0.0391566991990818 60126.8974398113 79121.1781269417 -343.134234651269 -12.4155573061081
453160 57429.1934298643 18832.5779549609 36839.1800664474 1939.81234561477 0.996037443076077 -0.0399178559414548 61002.9587382955 79591.1673268502 441.063208266368 -12.6015547608866
453200 57475.3270134521 18898.8111081107 36804.2848223634 1929.74207439316 0.999540452630475 -0.0405044031068205 60976.17391515 81506.4711007526 317.853431084371 -12.7935226650675
453240 57389.2941727832 18827.8774234937 36826.6236537156 1889.1816785275 0.995788836360898 -0.0396970500996037 60955.7538198053 79805.7787066008 -212.267402825255 -12.558108757665
453280 57407.0317221101 18929.4935150482 36756.9227364809 1917.04954602541 1.00116321645105 -0.0404799328902837 61597.2855659688 81175.8575579404 -55.9643604798357 -12.7375161904837
453320 57361.5297664875 18886.0970137132 36732.8140243079 1924.62115752227 0.998868016063106 -0.0394900109160885 61187.1248231089 79008.1088626199 -242.445547918025 -12.5259750933154
453360 57424.4944041002 18906.4765737406 36737.7299220919 1937.80321822859 0.999945871941856 -0.0395274764182601 61034.4476804841 78135.6157361953 828.400216967533 -12.5138851175963
453400 57509.2881162749 19031.8444337612 36669.8993328342 1958.52229018776 1.00657646086268 -0.0398770113719672 61129.3823878783 80440.3041547338 -515.210946330295 -12.6359228334473
453440 57460.6495125 18963.1240482385 36726.5206756483 1926.57628829748 1.00294190391318 -0.0394447387194138 61192.101236174 79667.7017380464 -1023.70532284384 -12.5409938515133
453480 57404.7769532708 18914.0201783243 36728.0766204468 1934.5653858156 1.00034484613641 -0.0392291008788185 60281.8744658622 79173.6858818687 -340.36112898452 -12.441279290706
453520 57296.987738151 18867.0311488815 36666.7332394332 1910.15449674734 0.997859640295202 -0.039585250102471 62042.7386762322 78288.020540144 -129.793344169943 -12.5406966027406
453560 57256.1444172324 18888.9818712137 36654.3092272317 1917.53067150845 0.999020593479503 -0.0393164061858934 59574.9147419561 79716.9178381536 149.435748483687 -12.4986222579009
453600 57448.0993421673 19033.2774254721 36659.7106317348 1921.33360947569 1.00665225045469 -0.0399955424198683 61279.8776496779 80345.4080168718 -290.436005540448 -12.6350306477186
453640 57486.0359874522 18940.3596808318 36855.6660722718 1900.4835357253 1.0017379178015 -0.039819152180203 62172.1189671329 79342.132710224 -683.565001412814 -12.5904806158435
453680 57423.6234503534 18947.4179112854 36715.5817016089 1928.57064639642 1.00211122101205 -0.0403752155965275 62187.3763822532 80207.708604807 53.4201538029026 -12.7111793145058
453720 57386.6701570398 18912.7109419626 36700.0755616187 1940.30448682514 1.00027560184914 -0.0390942359625192 60293.0549612889 78563.0649210977 -13.2925297028217 -12.4046311083239
453760 57251.9072289617 18896.1102674306 36613.841592398 1930.07687316948 0.999397607691688 -0.0389945278251625 60662.1863855594 78649.0899015842 -746.664359040288 -12.3801082262354
453800 57362.3544008059 18928.8357751644 36726.8677820011 1908.05407727106 1.00112842920346 -0.0400425179368864 61734.0970831475 79615.6418494416 17.0976084748818 -12.6068913802505
453840 57394.2932682705 19032.0398696966 36611.1315166923 1933.67405281142 1.00658679728661 -0.0396847021157418 60834.8365815612 79263.2241060416 364.183825186719 -12.5926706466827
453880 57317.6510615574 18900.0672150498 36676.7678005543 1916.07602163887 0.999606886952255 -0.0402691018085963 61910.1926955845 80296.6130295186 -88.5089681410671 -12.6882821263219
453920 57208.3611447459 18851.2917718735 36607.3493134576 1935.16782930255 0.997027199358641 -0.0391654133599394 60975.9040511143 78563.7359994435 -575.630831823137 -12.4189186316607
453960 57206.415667032 18780.1582756482 36647.4558192524 1944.47015088749 0.993265015239889 -0.0406099417853428 62520.3093405108 80327.5956081079 168.330463534196 -12.7685517324429
454000 57171.6991248344 18748.1160496304 36675.4713073331 1929.29844460187 0.991570331859335 -0.0398363060745065 61579.2128375889 79654.1923191797 -393.185551217606 -12.5955272440587
454040 57219.3858699222 18829.5336698788 36667.6800304155 1902.37951295309 0.995876433683925 -0.0392707359188505 60452.7189735464 78916.3491293653 -95.4062641916461 -12.4494759634916
454080 57158.6533694108 18773.2012085056 36612.5375983393 1945.80618297538 0.99289706246228 -0.040170275246653 61523.9762780803 80395.1324467912 -46.9650281532109 -12.6992312171254
454120 57269.8065641039 18915.4302012631 36594.6459739703 1934.33675276434 1.00041942093154 -0.0398249926078618 61510.5152722622 79945.0905549901 -642.762874174736 -12.6024582742318
454160 57263.7063733169 18968.2463142461 36556.162584366 1924.23527593004 1.00321281577396 -0.0397573225681639 61309.0590730929 79490.4160143284 -112.822083343558 -12.6312634228989
454200 57212.9746352185 18914.4478329679 36547.23281788 1922.07917153095 1.00036746439074 -0.040206534647976 61811.5472185793 79831.4951505913 331.182813356105 -12.7098974857122
454240 57306.9644403324 18927.277388571 36594.2813688496 1962.13775206179 1.00104600759334 -0.0385246302210547 60326.3233168477 77403.0994011436 -538.998792575839 -12.2966460132663
454280 57186.9102339078 18819.0230046953 36608.9094113408 1939.18726173604 0.995320534427888 -0.0396231164929991 61006.7598786638 79210.7425308773 95.723957493162 -12.5329256242571
454320 57240.6014711423 18869.6365519794 36627.0873505684 1902.65251269983 0.997997437629482 -0.039187747272545 62148.993280648 78465.8755540813 -1500.2251553628 -12.4194609214923
454360 57177.5166297228 18874.4590441602 36601.3526510999 1905.73310211515 0.99825249473279 -0.0383848736494063 60066.3924730616 76960.8618104279 -116.23551875876 -12.2191578688565
454400 57016.9706541522 18793.6108589768 36462.4107322288 1939.93858195179 0.993976509796471 -0.0399000027142996 60990.8682057691 79595.2519403863 418.863508020235 -12.5618419755125
454440 57274.341684122 18933.1445520569 36567.7235432973 1945.10322322375 1.0013563163854 -0.0391654253436534 60065.6281623252 79476.9163586805 -586.132326461909 -12.4500513858871
454480 57280.9846688241 18962.132896741 36572.2750726239 1929.33522303509 1.00288948283702 -0.0381925144718696 60359.8776452019 76806.6936510053 -837.136744895673 -12.2146353132243
454520 57150.7579079751 18883.2977352122 36473.7052195846 1953.56778344671 0.998719964839995 -0.0388927391033221 60188.7078288099 78723.3090895328 -680.140080428001 -12.3652854408833
454560 57216.9315496802 18922.1096182862 36516.1185220974 1942.42367442997 1.00077268905388 -0.0396350375043427 61242.1333964778 79299.9846554575 -174.847789547629 -12.5421769500337
454600 57262.7260446541 18881.5709151451 36581.5514686783 1949.876692131 0.998628634940899 -0.0393643508768255 61687.6691480211 78269.4604340034 -382.795610676106 -12.4697150187081
454640 57315.7080879565 18959.6721642317 36581.4080094656 1944.1383005003 1.00275933699493 -0.0386542319707613 60147.327674142 78091.6199218402 -714.197906522001 -12.3385827717625
454680 57210.1457044339 18916.438687717 36526.7068773416 1928.5971505816 1.00047275883734 -0.0388044102762951 60293.1044038155 78229.4653413321 -621.185336409088 -12.3132600223394
454720 57288.4864086026 18899.1664580611 36621.3340026149 1923.06348498441 0.999559246757163 -0.0402119911390452 61476.9580069912 80327.2138201158 39.3733198207208 -12.6580346335201
454760 57373.2471665313 18920.5948736062 36638.174650981 1957.00549752216 1.00069257562376 -0.0399714418128823 60634.238850945 80397.8376140738 235.236922234698 -12.5950833088606
454800 57227.9756547547 18974.0540139214 36461.4440779644 1953.60204233784 1.00351997958066 -0.0393707953516145 60897.8032247995 78669.499263848 -20.6041834306776 -12.4803067792341
454840 57257.6819946988 18932.7355543609 36490.6584470708 1969.65607469065 1.00133468487959 -0.0393779348893886 61342.9923846701 78701.408170881 -396.216402093341 -12.4876742194907
454880 57331.6002866223 18988.0840319013 36511.8273578697 1972.11500374655 1.00426201411616 -0.0394394904101373 60043.6884864305 79355.2299955463 403.869205449943 -12.5150763700483
454920 57062.7372428258 18878.1492481979 36406.1446482645 1930.24090836165 0.998447666174686 -0.0394562773696879 60411.7985498378 79867.3924236408 -393.614024227339 -12.4546246058322
454960 57149.6095283497 18877.8314720644 36499.4755983038 1922.76382118662 0.998430859292046 -0.0387515707270821 61156.4088981119 77801.6954617502 -1128.08380951487 -12.2979696013426
455000 57243.9901798818 18924.915042532 36564.6154875018 1917.30115843307 1.00092106531969 -0.0394065303454773 60399.645792564 79102.1759771598 138.545986487241 -12.514954103088
455040 57234.1831639184 18909.205133232 36568.6181455948 1938.7509495516 1.00009018290266 -0.0392346842697974 61598.518391889 77936.9311151904 -309.449709065621 -12.4524530466778
455080 57269.2615448759 18914.3518706292 36609.6465139592 1948.17318813358 1.00036238903235 -0.0397020419063007 61292.2397319539 78745.5109057434 404.687024656935 -12.5748251460276
455120 57253.0567610785 18916.9868207691 36565.9604565952 1952.14617257342 1.00050174908206 -0.0394672035728731 61334.4732503494 78541.707757759 15.1898398123051 -12.4997357944439
455160 57088.841472317 18827.7878307287 36465.1295307605 1956.73886585754 0.995784097883312 -0.0392758921057364 61686.3977296198 77808.394816126 -129.457081760235 -12.4667451696238
455200 57309.1416671153 19065.1989904702 36428.9071762386 1977.86879992545 1.00834055218671 -0.0394294113632343 61127.1041680787 78668.9792556565 -72.653387619791 -12.4958175637965
455240 57205.4774672988 18940.5513273077 36443.4251681749 2004.06907277481 1.00174805380445 -0.0392158044154732 60658.9421786056 78960.8796159472 -413.055060408406 -12.467389501571
455280 57208.916937084 18924.3145365035 36474.5469655847 1960.25393036593 1.0008893051172 -0.0394966256777943 60646.3807400573 79836.248316245 -505.803569910986 -12.5281813719712
455320 57041.8661822695 18796.120902825 36429.2346551119 1983.27125604234 0.994109263669176 -0.0395839005882259 61286.5116592565 79439.9795057459 -438.015183616624 -12.5149728604661
455360 57170.3445207623 18862.8515764068 36496.010572555 1984.06550663348 0.997638586614139 -0.0393741045011515 60740.5335216936 78829.8506346646 -2.93487931988149 -12.4531946248061
455400 57094.7983011578 18839.9071228238 36435.702671013 1991.6274241222 0.996425075912937 -0.0386787413631165 59661.5086946691 78035.6756587247 -33.6472173886157 -12.2678475395958
455440 57171.6980056558 18889.9135710851 36507.2012616206 1941.39104825935 0.999069870214733 -0.0410356814509075 63114.0812505148 80427.9165256946 725.146542773423 -12.8431478203335
455480 57110.6692688918 18893.9839911978 36460.1690157473 1936.81459460875 0.999285150929409 -0.0396146403971347 61032.4773264157 78923.1739859921 417.72696482597 -12.5383933481108
455520 57049.677671262 18860.1167414232 36438.6166293127 1949.79435614943 0.997493943748419 -0.0388423094421938 59700.8987458357 78400.6266076269 -53.1155670756057 -12.3349687290096
455560 57096.5462714046 18926.9791372687 36412.9543095954 1946.40785769781 1.00103023336077 -0.0399549283622172 61952.3397658401 79061.6527807879 308.782698192182 -12.6120346987526
455600 56983.7751698943 18875.5348989548 36403.9273530919 1915.05907866344 0.998309395687149 -0.0393218668855231 60694.6727929204 79308.3909811291 -600.735654326813 -12.441246801133
455640 56891.5338606954 18722.4948203646 36417.9180898294 1933.83262446677 0.990215248994556 -0.0403594873670097 63262.7707948979 78873.2994642451 275.69526736916 -12.6998208223964
455680 56996.221251544 18863.0976248003 36421.9283857807 1916.32744934873 0.997651599883663 -0.0402061770604268 61982.8430062607 79428.4628256917 407.145490785085 -12.7069698190935
455720 57165.7641300806 18932.2009779753 36488.5702323889 1927.02127564168 1.00130641163429 -0.0394353163860449 60827.4516330133 78935.9499550644 10.5768277719969 -12.5182975874611
455760 57005.2318392566 18841.1753340046 36419.9158887433 1910.94730040527 0.996492150416743 -0.0383677619406509 59708.4997670488 77269.506919723 -259.704192344856 -12.2007835474086
455800 57101.1563786781 18865.5472056137 36454.604383034 1954.64785078205 0.99778115592298 -0.0396671346477066 62282.6776158043 78102.770656561 59.4311272890763 -12.5680911305885
455840 57083.9952435572 18861.8756819006 36468.5734465495 1972.19767083172 0.997586972465983 -0.0389856326493171 61044.0829372432 77703.6490652254 -131.018128287883 -12.3800705491278
455880 57113.5466450011 18944.4550332781 36390.8095009631 1949.82222569491 1.00195451716399 -0.0384610635238302 59008.7732172413 78296.2186978284 -280.720795953358 -12.2870502339989
455920 57041.1871267711 18840.8048579595 36410.2301556748 1954.65797781365 0.996472556285044 -0.0399119154832816 59992.2080533063 80882.0681258563 173.962112109775 -12.5927622422536
455960 56894.351994219 18788.5437291404 36328.5677708881 1960.59807019965 0.99370851403625 -0.0386271120772871 59424.4744183897 78582.8098927589 -452.111667538581 -12.2839310586461
456000 57009.0943191604 18814.3098722732 36384.6497593768 1961.03914796244 0.995071261259984 -0.0389945798492774 59876.8838372308 79018.7631038322 -349.841763146705 -12.342756637198
456040 56922.0341345361 18814.0896627482 36352.4925549721 1946.67403749279 0.995059614584063 -0.0390680874878361 59655.1972650644 79033.0797833504 69.0271564756869 -12.3846543484803
456080 56903.3119656714 18827.3249702619 36315.3676513425 1932.24863283639 0.995759617625911 -0.039391177180943 60889.4996684074 78612.3753244898 121.591998525448 -12.4564410046728
456120 57195.3756491963 18985.5756424168 36434.6422104855 1931.17754281701 1.00412934774121 -0.0398777070911796 61102.9156410739 80126.7743400467 -113.208376798413 -12.6202033200559
456160 57081.3855257989 18875.5063419293 36438.2537121211 1954.49082829665 0.998307885332766 -0.03937077353932 60983.8266351455 78343.8767260249 304.639210989087 -12.483747423865
456200 57051.9639640719 18858.2399317965 36460.2523502056 1930.18560463794 0.99739468104173 -0.0395396137104944 60472.8191107149 79751.9839550324 -207.409436849282 -12.4758082720028
456240 57111.5609372235 18965.0042926165 36392.9093513649 1929.38097433208 1.00304134828066 -0.0389774000925576 60055.9770655751 79689.2439580998 -1215.06021337413 -12.3492684595487
456280 56999.2001931966 18839.4038251205 36400.8615195867 1930.97248647454 0.996398456967897 -0.038571439997464 60434.4238620654 77144.8699408157 -189.565853781251 -12.2715958798899
456320 57072.6730609789 18973.2563596135 36381.1892486522 1930.91402697885 1.00347779238998 -0.0390885851310051 60792.213092012 78220.6960637065 -216.611102972068 -12.4038154202901
456360 56879.6603391742 18863.5739638453 36295.49088201 1930.27796874233 0.997676793010461 -0.0393553712510562 61546.8282518853 78250.3062774567 -238.827272843872 -12.4566312259243
456400 56903.000547542 18912.0655153716 36251.0691001378 1925.65781004726 1.0002414658401 -0.0386102806568074 58722.0039964116 79408.2464836009 -622.847175303691 -12.2953162336967
456440 56925.2966927825 18905.2128747496 36332.255564124 1918.92523600187 0.999879036083543 -0.0393121381997752 60856.0527606629 79015.4504388306 -423.885647799666 -12.4474309441443
456480 57015.5460781748 18919.3126901989 36355.3215975274 1938.82145307644 1.00062476214195 -0.0408964140882609 62569.8195976487 80652.7299238111 686.58102293529 -12.8409442195433
456520 56982.8012912822 18886.1820176561 36296.6907297301 1964.06520162882 0.998872511842186 -0.0389395001299174 60381.910689086 77859.9246330672 223.223460911993 -12.3481332281176
456560 57047.0008723472 18878.2822672941 36372.7018841399 1978.40953802247 0.998454701430339 -0.0400448839132024 61681.829715743 79240.4030155066 470.823202831097 -12.613292861591
456600 57060.785448265 18918.4512682997 36364.9376508529 1944.45438090983 1.00057920234297 -0.0381460989723752 59609.3402999652 77287.1236167742 -753.082482876661 -12.1697030698589
456640 57221.1105195799 19042.9018426854 36459.9312183535 1934.26450897808 1.00716127688406 -0.039575117064769 60908.2023414792 79851.6581550438 -591.541289528393 -12.5655619041629
456680 57069.2057258905 18978.6856114354 36325.2367844606 1942.76387976838 1.0037649404435 -0.0386219962834656 58730.7484632643 78971.9807285897 -227.854899734388 -12.3042758292142
456720 56979.7346407886 18900.7290295269 36316.7159776241 1963.13924793777 0.999641889701277 -0.0388394948895592 60475.6848938418 77463.1500410838 189.95503092902 -12.3319964132684
456760 57003.6874661594 18842.6326673269 36396.47786229 1948.46234299668 0.996569227413826 -0.0388398165696593 59669.6597898515 78834.6573039742 -284.645794318925 -12.3305319119327
456800 57018.7871280871 18838.7940553084 36411.698857576 1965.74135224711 0.996366206812558 -0.0393533711611378 60766.7493688046 78473.8733481586 312.126447571935 -12.4745750638299
456840 57063.4825982342 18879.7808715729 36404.7297757607 1974.2558931175 0.998533961209727 -0.0392172391290299 61230.7734794661 78115.3286987898 -230.911769448276 -12.4308606728702
456880 57053.9313316536 18977.8849609883 36307.5768214257 1956.62440543283 1.00372259478981 -0.0389192706052954 59988.645733074 78509.5907460626 -34.1266903905898 -12.4142468223863
456920 57086.9175800481 18923.464545713 36419.5656408883 1940.29781519462 1.00084434989887 -0.0384925143625154 59829.1634835527 77238.9379164634 121.350433667784 -12.2669857512299
456960 57160.8355893764 18960.8778209827 36408.7158838261 1971.78495278586 1.00282310305343 -0.0382785803771594 58901.7788752047 78153.3231337214 -461.619734901044 -12.1957083048962
457000 56940.570865314 18822.2717347824 36318.5340689145 1972.35367818981 0.995492356725237 -0.0396255590312493 60412.9731295733 79836.9592935654 28.3279833393541 -12.4945258350174
457040 56984.5324083523 18773.0768960497 36408.5908476672 1954.98060316248 0.992890487692697 -0.0398740939616611 60336.2368389929 80066.6435375982 545.168978722658 -12.5777257270642
457080 56980.2540306813 18990.4192807762 36249.3105561831 1919.49330967815 1.00438552324613 -0.0390530743618346 60413.9316811365 78243.564573461 -34.9157107395218 -12.4214048086705
457120 56871.2000493354 18742.6643236743 36330.6197632489 1972.85465782118 0.99128199516987 -0.0391428073251505 60398.2229542065 78556.6919988138 9.82020059933557 -12.427950568634
457160 56918.463649785 18802.3890517904 36338.4879664823 1957.3985314457 0.994440780208404 -0.039092640391888 60847.4693842516 77843.5008020271 105.620392338819 -12.3931258536774
457200 57106.9094034579 18900.3705784837 36420.8123714922 1957.92852489933 0.999622931560689 -0.039466012674483 60594.539432783 79073.5436925259 114.042151191724 -12.4580806697766
457240 56960.7608935739 18893.5979131283 36272.046732627 1964.01597190505 0.999264731621227 -0.0389546482083555 60849.7793606488 77349.7731071072 231.261275266753 -12.3731297682926
457280 57015.584338156 18966.7418154036 36249.2410945452 1952.16798976762 1.00313324423661 -0.0379431640990551 59357.3193432507 77361.874297688 -1074.60951130889 -12.1344008061059
457320 56887.277690784 18834.0818291384 36271.6881872721 1940.8751560956 0.99611698157548 -0.0390916062741749 60515.4719151194 79221.0024304267 -1044.92529962367 -12.3577008431303
457360 57016.3302818673 18879.5982196793 36284.4019161218 2014.44628383389 0.998524300921821 -0.0390226067638927 59982.1811477212 78547.7807700071 85.6700754049826 -12.4008544751473
457400 56942.202814581 18825.2479344187 36288.8245392842 1987.06684163612 0.995649765141805 -0.039259143286605 59452.6829061738 79970.8523367142 -90.152322304746 -12.4382003242565
457440 56889.7948050189 18855.4050766169 36249.9724513968 1962.46088388625 0.997244748201346 -0.0390770850988118 59076.4855224022 79014.5915190307 638.017180011172 -12.3918676470522
457480 56905.1896898229 18884.8381170175 36279.1249666944 1918.9174373013 0.998801434193707 -0.0397524465352307 60166.5347964434 79629.7623902112 938.701106411671 -12.5439470640938
457520 56992.8596978773 18950.9836665095 36312.0893405914 1906.47326919298 1.00229981047254 -0.0390128790446355 59609.7258506055 78779.2306235912 208.019935731858 -12.3979656880767
457560 57033.8748463677 18938.5317744363 36310.7628900888 1942.45962800927 1.00164124154099 -0.0384413531402517 60286.2013054001 77774.1303128083 -1080.2753992198 -12.2324017309427
457600 56973.3722316966 18929.1206398171 36295.5124689562 1943.90014908195 1.00114349542864 -0.0395475477154997 60558.5150250907 79094.8386805749 394.181939983392 -12.5108703620755
457640 56866.6588742579 18860.884828231 36222.4254258328 1951.06275357082 0.997534567141663 -0.038667895037293 60947.6228029787 77575.4060166471 -777.876190288254 -12.3147378465317
457680 57042.4736234436 18957.3361646047 36312.8154228795 1948.33890282597 1.00263578815839 -0.0394260968348301 59469.8585670957 80133.1937597067 92.9550140970773 -12.4521685174494
457720 57075.8557001492 18960.9095830827 36344.0494774098 1967.82667890499 1.0028247829212 -0.0395454240560074 61416.3056961934 79316.6248229864 -505.14566459227 -12.560908998667
457760 56964.1402964928 18835.7070352348 36354.3315031812 1985.06304288981 0.996202937206653 -0.0390703855831869 59389.7699084597 78978.6822165841 333.458383168181 -12.3686562431984
457800 56903.232885615 18839.0862890815 36271.5171852228 1953.26838812811 0.996381662783632 -0.0391927245425496 60593.9929212851 79085.1057195858 -586.985871027955 -12.4532772521144
457840 56983.1616325089 18962.9854158584 36236.7033261391 1946.36987496306 1.00293457177619 -0.0392770961204561 60500.0363913932 78892.3890166271 -119.348821472433 -12.4409229261368
457880 57084.6433125866 19013.997010063 36280.0485936748 1956.08405925131 1.00563252730731 -0.0386266972902401 59407.6220369751 78593.3200255536 -492.882286853966 -12.2949752507601
457920 56946.9069387805 18926.5560728082 36210.6093105523 1964.6452326209 1.00100785787694 -0.0387746267456107 58835.8114453943 78747.1014316083 401.884159412412 -12.332324437214
457960 56844.5718677998 18881.0263246973 36191.8840866286 1961.57300598672 0.998599832061208 -0.0388118174574115 60106.018196147 78609.5842698414 -680.05039879845 -12.3172139839703
458000 57055.5789845466 18960.809733098 36322.4398741615 1961.37896350163 1.00281950194886 -0.0380344125441649 59252.2340573403 77417.7892913358 -748.616607621353 -12.1955601301724
458040 56894.3007711104 18827.5453726909 36273.9365458868 1980.97305103696 0.995771274504345 -0.0402385369668136 61319.1739623427 80483.4298387789 234.971754304051 -12.6539431476301
458080 56858.5830278429 18863.103137199 36247.2258664882 1939.69628901852 0.997651891429275 -0.0399245999820976 60981.1757258571 79329.2174808709 750.61479556359 -12.5582864618402
458120 56860.2998682498 18930.2863631827 36200.6228618682 1921.6557722592 1.00120514944771 -0.0392482983395047 61042.7749760483 78545.1367063173 -328.647668411499 -12.4364538094494
458160 56917.7945314035 18843.2847312038 36306.6739368755 1956.40938713241 0.996603714462714 -0.0388227051328196 60115.5431051771 77555.6895465838 337.021006585414 -12.3201775169533
458200 56969.150768333 18941.5068504201 36279.8449257744 1950.32758337699 1.00179859052863 -0.0393085143500426 59418.5159578809 79742.3842733862 290.03320492999 -12.4819738022003
458240 56835.0213390734 18880.6792285495 36205.195957483 1935.92122191151 0.998581474470422 -0.0385692367229822 59095.1624628134 78082.6323904517 113.023415077935 -12.2574750603563
458280 56880.0653178786 18928.5779968537 36216.2922825958 1921.41814234794 1.00111479554958 -0.0392799767214205 60551.9086740248 79303.4339667514 -476.137710524154 -12.432706113192
458320 56866.7941207992 18979.4690934058 36139.1980386758 1948.98221377814 1.0038063780725 -0.0385630279231363 58577.7539906895 78832.9490361921 -3.04184616866412 -12.2930419175956
458360 56835.7836211753 18870.5432366483 36204.6847533385 1937.96093617214 0.998045391334039 -0.0395928562494558 61533.8558867194 78714.9203246744 -55.4999600196226 -12.4808995928823
458400 57028.4898091826 19060.5973029945 36206.1707890348 1936.78154029703 1.00809717323784 -0.0388690098168179 59763.4543765789 79108.4196193695 -652.545494261221 -12.376015810406
458440 56885.8564986549 18922.532038334 36205.7181073151 1933.00193842836 1.00079503045532 -0.0386595222062386 58857.7892653232 78916.2285096011 -157.795672514437 -12.2928082395139
458480 56912.3687607667 18873.6278675846 36266.141498881 1943.22811351247 0.998208534580702 -0.0395434731779544 61019.995714521 78672.4115997441 322.341809762513 -12.5122543004197
458520 56818.8338497014 18834.1983017326 36204.5388197817 1948.83564256995 0.996123141702106 -0.0380900679702562 58245.1122231609 77936.239993882 -213.971762827932 -12.1442533815279
458560 56756.9190697791 18828.0010788113 36190.1171241407 1947.26374230681 0.995795376375054 -0.0388674314044969 59490.9524432236 78971.4294834064 -253.610717378507 -12.3541706830082
458600 56906.2324302469 18908.8321590242 36201.7957649682 1986.02692071219 1.00007045664547 -0.039435163397911 60702.5412448524 78794.2997554972 259.471761115929 -12.5199834657877
458640 57043.7325220264 18996.9340189276 36244.5803232321 1981.83833048066 1.00473008165689 -0.0404865818374507 61259.393405131 81058.0178360358 400.250414803536 -12.7549160093715
458680 56752.6164456739 18876.2857188575 36113.5799717591 1942.95146335261 0.998349105849928 -0.0396999299366055 60761.7810526258 79784.194672028 -126.604563611887 -12.5240234901663
458720 57004.9482412532 18940.4465897345 36267.3482955323 1938.18498042568 1.00174251433212 -0.0398383180035123 61448.2785361133 78867.3414746116 560.647405999282 -12.5835065696332
458760 56868.4177885407 18869.1601323893 36220.8966761147 1965.18741061181 0.997972240242725 -0.0380267365077308 58948.7804223782 77771.6389413705 -859.419746730733 -12.1631607309737
458800 56874.5639383615 18824.9095565479 36292.9182700643 1934.61625835904 0.995631868652541 -0.0389535640932635 60371.2313469181 78333.2425916732 -336.71493518169 -12.364208817771
458840 56836.6849826413 18939.0280020124 36156.8192479465 1931.95115250895 1.00166748655361 -0.0374853728519515 58518.2779448817 76989.5279940432 -1196.04499428446 -12.0110547318279
458880 56724.4895070361 18813.5152103029 36194.1078116277 1902.36449782831 0.995029232331241 -0.0387227023643366 59696.5617068035 78937.3463804524 -832.978774027918 -12.3493674437721
458920 56860.9698957318 18985.6595639322 36107.8917336058 1936.37583078694 1.0041337862717 -0.0388666393776267 59696.5357972604 79076.5168467939 -576.829071904591 -12.3840526148785
458960 56808.2808988184 18804.4025357281 36242.3878251768 1939.3109350664 0.994547271491635 -0.039532179053988 61859.9015799612 78405.0872020299 -141.031592343669 -12.4968263820994
459000 56860.1402821753 18879.239399718 36250.7593010219 1917.59436652932 0.998505323269498 -0.038356047774233 58903.0457712096 77859.1612433149 -74.3603568827393 -12.2368376482134
459040 56725.9630619024 18897.4683320946 36109.2558221716 1884.74776739522 0.99946943446223 -0.0383331864204566 59519.0744838825 77301.4376510565 -159.280502118872 -12.2340741719553
459080 56686.1506216791 18818.5878666218 36128.5829733589 1916.24035438287 0.995297520381955 -0.0393170725805199 60030.7796702372 78846.3131104148 591.439717957585 -12.4785417383536
459120 56752.6672080078 18856.2406933149 36177.088212363 1902.14086332742 0.997288943187352 -0.039083861578199 60337.6526522509 78689.7429084408 -303.225235737287 -12.3322842726962
459160 56818.1093603378 18916.8472296631 36145.4738763585 1922.08992832348 1.00049436623896 -0.039141843893147 60209.546660678 78695.5804667854 59.97006800454 -12.4151423559087
459200 56713.3382125926 18854.7912400654 36084.020874691 1938.35886479708 0.997212282959956 -0.0380441977509905 58404.215734228 78012.9088156017 -583.433583910266 -12.1179304780243
459240 56892.0961461375 18962.6761024263 36146.5022182429 1950.1684974288 1.00291821247792 -0.0397413953752994 61284.3424502205 79939.9340407852 -501.516314865307 -12.5882661086388
459280 56840.1703236291 18945.2299648009 36119.4810593211 1947.73774820902 1.00199550256781 -0.0391453732313862 59955.1335076217 79028.8904167492 25.282810036396 -12.4353819933538
459320 56876.4235299005 18946.9494273801 36207.8666579343 1910.57129868196 1.00208644333625 -0.0381975003777056 59638.1451145177 77047.6795083622 -361.193581858777 -12.2512765632109
459360 56747.7626910122 18877.5383990627 36088.1581312424 1955.57045284122 0.998415358934959 -0.039185605505574 59777.4596987704 78795.7384895262 558.46060440627 -12.4354056332716
459400 56749.3124235368 18913.8698543669 36069.2783826956 1935.79612176821 1.00033689564283 -0.0386069076993029 58994.6247691581 78683.9624325498 -179.811537923177 -12.3109418084298
459440 56614.6912523763 18769.8007441007 36066.083046397 1967.85042779305 0.992717215078712 -0.0397215849794269 60839.7594577906 79426.7159212432 370.056819885515 -12.5425831351683
459480 56879.0212234379 18867.9367947941 36177.8945794906 1990.25576432511 0.997907539060909 -0.0394518977135002 59683.0891317047 79289.6661331832 906.564475497941 -12.5241675558881
459520 56773.0972600905 18820.8080681412 36146.0967356602 1953.67917559739 0.995414944764837 -0.0390587452011964 59801.5798749398 78177.8558311421 791.100856527221 -12.3838409481668
459560 56802.0766213237 18862.2369403756 36178.7925325328 1936.33749957123 0.997606079089019 -0.0389717427548791 59942.5813303848 79119.8977671529 -552.019383654588 -12.3846029623481
459600 56752.2861895292 18835.5574820648 36141.4412537465 1947.60030988723 0.996195027479295 -0.0402062158376683 61251.8445239218 80315.7729095144 360.180462004827 -12.695320900501
459640 56730.2006953309 18816.8304175579 36112.1689031717 1966.66874610004 0.995204570543852 -0.0389912379103989 59969.3319252773 79130.7757402146 -509.080915672208 -12.4130411514785
459680 56769.5370451014 18927.6929431034 36114.8226812036 1907.29706491731 1.00106798588409 -0.0386798285063948 59593.171660583 78511.7444047917 -438.502110675043 -12.3051277569817
459720 56746.236861422 18870.5890436004 36109.0159581315 1931.96835921314 0.99804781402091 -0.0384610585942005 58155.9549800769 79000.3717811847 -187.313678599732 -12.2275687190563
459760 56750.1447764178 18817.5425178774 36166.7710502744 1937.92861571052 0.995242232864071 -0.0391616105048575 58391.2260360536 80096.3931375071 503.505781103546 -12.3961513808239
459800 56776.26460347 18869.7345627269 36115.0315183159 1951.48939261778 0.998002621326296 -0.0385120109367909 59114.2455451918 78405.4627006908 -361.572932299267 -12.2632482492937
459840 56972.755879308 18946.9106365985 36217.0675136382 1974.05321139236 1.00208439172807 -0.0386944958896084 59902.2242590438 77979.0851467097 -145.375613460338 -12.326013648127
459880 56824.2445153352 18799.5567539255 36171.8126365405 2006.42153022753 0.994290982622001 -0.0386392741599249 59769.3560859368 78245.5791950527 -429.597714388566 -12.3070958368323
459920 56804.6031017445 18919.4974733263 36020.9836161271 2007.64124285908 1.00063453514882 -0.03775139933848 58444.6700641085 77359.9542630986 -784.263679663928 -12.0418664677936
459960 56704.0567328432 18876.9800263473 36001.9017038448 1985.68355950173 0.998385827124012 -0.0382289039060614 59179.9601209381 77501.0398306087 -264.676463768094 -12.1824304985156
460000 56809.4848857075 18859.9809640456 36135.3425620374 1981.58390153813 0.997486762609842 -0.0389860408565375 59974.4154452581 78111.0614249968 373.62523243759 -12.3224767832693
460040 56730.3820941813 18828.9194270149 36067.0842996339 1999.14227650304 0.995843946953055 -0.0392688617604492 60672.2633287055 78442.7073938319 179.938222760116 -12.4387890954392
460080 56910.9190256835 18944.2035663841 36113.6049204596 2019.23002666044 1.00194121731504 -0.0379340771840436 58406.1934336572 77559.885386425 -339.625355997156 -12.1564031262338
460120 56920.2605542255 18898.9065660243 36176.2362610301 2019.00083296995 0.999545501310287 -0.0378123897668305 58815.9581596222 77342.2194409613 -882.114058553113 -12.0904183927601
460160 56880.8450990704 18922.1950323614 36111.3430268455 2022.86811654805 1.00077720652447 -0.0378125880599329 58825.2895948019 77327.9086535353 -881.998385169619 -12.1039451537636
460200 56971.3011211973 18944.5004685637 36205.4254463576 2012.57171387148 1.00195692019377 -0.0379552596023918 59639.9501374866 76793.2235141995 -646.425950046555 -12.1834914197062
460240 56808.9014551684 18857.7412408423 36125.9498157375 2017.07970386537 0.997368305743345 -0.0391851732645007 61130.7626843039 78244.294768446 -284.066509900354 -12.4486055276941
460280 56929.5076956774 18973.9518861415 36167.348658516 1986.53022515358 1.00351457813785 -0.0381225719111808 58471.2348375354 77924.769063725 -346.448860955941 -12.1626191715081
460320 56747.8845565842 18907.2892076799 36030.5231723679 2010.60950798065 0.999988851391239 -0.0395416455385307 60969.8487950876 78623.2530865447 448.001907762196 -12.4749313623393
460360 56765.1904895263 18802.6721998522 36172.2442216921 1978.51335465599 0.994455755644703 -0.0385820959791883 59929.850208407 77856.7884554583 -375.036511275283 -12.3132860421522
460400 56737.5463404363 18835.278624589 36078.3103141298 2004.74633321845 0.996180278968082 -0.0379760805154975 59078.456531127 76710.3983788472 -102.224660120393 -12.1125867061887
460440 56791.1017962353 18869.8263273111 36145.8627105888 1966.90388098993 0.998007474669368 -0.0385292116670154 58925.7189024651 78668.60247912 -421.948405605161 -12.2007897841013
460480 56812.8057308598 18861.1588962825 36205.8121013133 1933.53415194476 0.997549062344705 -0.0395819859476009 60565.1425323693 78994.53534949 576.145462641947 -12.5180534728819
460520 56784.2145136993 18877.7505339668 36148.6160644831 1944.05478252499 0.998426578551729 -0.0390237649983621 59881.8114666943 78689.506477464 7.26808936901319 -12.4239304133696
460560 56738.9958476876 18852.4948919547 36107.2968463081 1959.25570621205 0.997090831255043 -0.0383181155780589 59100.1368213381 77939.0810521328 -395.718822288436 -12.2244963552208
460600 56745.3068820748 18875.2309071221 36128.4483748985 1926.19883831038 0.998293317843294 -0.0387807633795848 60702.5538923059 78118.3534226436 -752.899440494071 -12.3267747940839
460640 56621.5517664489 18779.0027927523 36107.247240931 1927.65063722388 0.993203902829689 -0.0393023641487299 60124.7923128679 79044.1528148239 309.06017966278 -12.4698097735648
460680 56888.4196330963 18912.0443840036 36241.1884333837 1935.5203234625 1.0002403482218 -0.0387777177084259 58331.2096076018 79558.5608944828 35.9488699343935 -12.3533125525465
460720 56856.2501715779 18912.5389569739 36220.4931956914 1946.86126139153 1.00026650572386 -0.0380670191703696 58418.701277713 77333.6602166184 243.449142994233 -12.2133718999506
460760 56510.2471019458 18739.2028857241 36059.040246986 1949.31146726679 0.991098922952483 -0.0375891659091849 56948.6035368356 78183.8404199321 -403.991694960494 -12.0414167715792
460800 56635.2370444148 18860.0785180827 36055.3068179934 1949.80253508685 0.99749192215167 -0.0386909199124591 59622.1137659844 78083.8619026601 -41.4304898292547 -12.3338112126157
460840 56764.1818742448 18889.7881958818 36147.5971114805 1932.92863827646 0.999063239237433 -0.0383100390941556 58892.6619189443 78326.0739775944 -589.648876027733 -12.256410555131
460880 56627.3188362256 18791.7189737974 36082.7204540693 1975.21231585498 0.993876449757896 -0.0386791918841357 59986.5622212168 78161.5180705127 -398.986134521171 -12.3340162886996
460920 56826.3706522901 18919.3208261281 36158.8342232963 2006.32494689099 1.00062519244364 -0.0387540421284509 58535.0641311237 79451.1396833204 -121.284843449442 -12.3178743266867
460960 56873.1178437163 18966.7960900665 36191.4858820258 1921.58190030045 1.00313611477279 -0.0386017138353576 59439.5826143125 77918.0600266111 117.390332662743 -12.3243021127003
461000 56724.7954674775 18828.9351671451 36160.5496031116 1922.41254837858 0.995844779433828 -0.0385414963345776 58663.322243337 78154.3494033855 390.656299409527 -12.2568627025791
461040 56727.7504510232 18851.1422255952 36117.1678546479 1960.57985374325 0.997019289995781 -0.0378558308431597 58156.2824981093 77491.0187360399 -294.951824178769 -12.0584480496803
461080 56786.7842437178 18908.0944293166 36132.3449553116 1949.98245993341 1.00003143881088 -0.0393192800220312 59484.6825217876 79896.6018324978 78.614601985728 -12.5015112421851
461120 56812.9469460925 19050.0606674199 36003.9192931085 1944.11356704846 1.0075399004321 -0.0391893415355886 60344.1256882079 78816.9843228238 -125.219456839344 -12.4274439096952
461160 56617.4904119839 18860.336530853 35997.6303502178 1951.16829321211 0.997505568205896 -0.0383259785791368 59079.4366771447 78284.795680743 -585.84123580973 -12.2209855083865
461200 56670.9954783959 18902.8079063801 36034.9815199911 1932.05566710957 0.99975183955468 -0.0388468564319423 58957.8636559643 79991.7778310887 -857.556549624039 -12.3227265378822
461240 56750.8032067203 18932.3856434437 36023.085303908 1970.21098772933 1.00131617841829 -0.0384957873417783 59621.0622125063 77861.1900806524 -240.486248974783 -12.2794222384059
461280 56680.2251407391 18911.236906957 35960.4231021683 1983.08904987301 1.00019764151564 -0.0375440670689118 58461.7824677483 76904.7968528814 -835.078223843849 -12.0307747614232
461320 56762.7925179249 18982.5258556643 36037.6892961613 1959.36352390471 1.00396804737085 -0.0382857592345971 58971.7074883724 77658.4385076954 -63.7831355927514 -12.1861775638595
461360 56672.3489594022 18934.3988766932 35941.7605339694 1993.41919347145 1.00142265644285 -0.0381697620974868 59206.8612888148 77282.4327419841 -285.82936346912 -12.1605721578589
461400 56481.7962809134 18770.7439084159 35977.6419869121 1927.88501827851 0.992767098157659 -0.0391854293937524 60283.9950242024 79112.7028726674 -369.062101975161 -12.3677567881669
461440 56745.4905438542 18990.3752413011 36008.6174649726 1959.81620597974 1.00438319403946 -0.0386220863837111 59944.8538025181 78032.2049100383 -468.488882923334 -12.3038327955719
461480 56641.4641220281 18882.7885230834 36034.2565835794 1919.1769766995 0.998693033086523 -0.0383537614327755 59500.847727388 77188.6173956812 34.8355950975245 -12.2490490434035
461520 56637.6499709585 18815.1286069611 36029.8534488279 1976.07176587903 0.995114563372265 -0.0380499815189583 58663.6286534508 77442.3779519096 -298.133092380873 -12.1245289925971
461560 56674.4483329218 18879.7930205788 36040.0858245946 1954.23299212653 0.998534603759291 -0.0386604423252008 59064.6551077945 78733.0123885818 -158.370995282877 -12.3112226867288
461600 56851.8471389809 18957.7458055944 36150.2106228474 1957.27850373227 1.0026574536874 -0.0377148020755394 59088.7212275486 76156.3682164127 -174.186980518653 -12.1122724698656
461640 56550.9604914007 18834.4284735614 36014.6499364001 1922.21936667819 0.996135315274967 -0.0387959457095387 60582.3364935268 77721.2830721614 -389.098413439797 -12.3162948602442
461680 56582.4282682935 18881.4364780006 35950.6944437838 1950.10674373305 0.998621524686004 -0.0386382436212101 59221.7491471957 78632.3385532899 -278.483907581076 -12.2833268159692
461720 56656.5795093342 18897.1846720496 36008.4078234907 1944.29213192917 0.999454431947618 -0.0389476959011773 59886.5610751805 78416.0530378366 84.5838458087789 -12.3963140746565
461760 56830.5071436201 18957.1684713385 36095.6270767871 1954.0655131166 1.0026269190183 -0.0386426105341685 58727.5609891045 78988.8158317773 -174.638988876992 -12.3271904428722
461800 56764.8816431865 18872.4312545915 36097.7562346806 1991.30987824112 0.998145246838108 -0.0388466942128512 59785.6509306483 78174.1922122511 255.489645369005 -12.3559073498112
461840 56706.3619383628 18907.6320687524 36017.509497025 1965.15273476924 1.00000698499285 -0.0400301412288309 62210.5400528441 78958.6554204896 241.74616883176 -12.5958829918097
461880 56730.312269659 18891.5045187613 36114.121099248 1912.86301101047 0.999154013950088 -0.0397224758234049 60521.4647951041 80002.9574147498 28.5685830828187 -12.5456457969867
461920 56901.5298673613 18988.4974959631 36138.0284126147 1940.05165567113 1.00428388184388 -0.0387603947145434 60192.7481673812 77916.3061365066 -301.087117818518 -12.2984573168468
461960 56658.8636839684 18883.7791808436 36024.3530172408 1952.55849834024 0.998745428049378 -0.0389476270207855 59899.6628751113 78996.381486442 -537.794394489516 -12.3526356730037
462000 56663.9029787081 18881.4428042657 36049.8218539709 1941.38587673782 0.998621859276248 -0.0391206768216014 60806.8082798474 78000.4558714842 30.3426049758245 -12.3888907208272
462040 56785.2377982084 18958.4979463118 36051.4449960746 1944.12886490639 1.00269723370682 -0.0376470829055806 57785.5481955409 78075.1451914848 -909.082262627668 -12.0421924667546
462080 56741.0614492668 18962.1600933184 36006.6685878478 1966.69267393697 1.00289092123858 -0.0385935215197031 59550.7908973687 78161.6809564279 -293.709599166045 -12.2811745402093
462120 56762.6776007205 18946.5721364934 36083.7396664082 1931.16808150664 1.00206648877395 -0.0382487179316191 58524.9583242297 78521.8881629364 -463.482444589772 -12.2558944373584
462160 56768.6874176757 18933.8828301617 36092.2340662283 1950.94192382335 1.00139536322421 -0.0385956782653139 59026.7398477356 78393.7793033699 57.0573575869779 -12.3092512058244
462200 56643.5361392431 18928.1685546345 35998.9052399293 1951.38314879589 1.00109314053336 -0.0402811859042039 61659.7240612123 80098.7155159053 492.871249478784 -12.7195410965346
462240 56551.3581085666 18854.037977786 36005.4214341568 1942.89690705502 0.997172443622162 -0.0380527108699548 59805.3754011781 76812.9690109279 -725.576525828484 -12.1211164506819
462280 56711.8506817328 18919.7655649302 36078.2744875129 1964.7008567183 1.00064871426314 -0.0387847431832593 59385.0315959823 78795.7158391572 -220.484310802268 -12.3054725337654
462320 56550.9887142272 18793.9633073559 36055.9984114816 1939.2663922205 0.993995150461771 -0.0389033959860327 60220.1690802961 77905.51586348 222.422233447681 -12.312384658972
462360 56609.8701900787 18894.1472812546 36019.12746732 1940.45993312414 0.999293787187865 -0.0380160276476274 57906.4768686863 77891.0767037058 110.181602923247 -12.1202052018785
462400 56639.4917586849 18890.8119600548 36043.677868606 1935.53819009763 0.999117385167518 -0.0391479354539229 60321.2981582528 78375.6198207459 356.532185314669 -12.4107788980892
462440 56681.3885502732 18928.8304372223 36055.8623223683 1928.67479361672 1.00112814688469 -0.0389928344723718 58592.649003796 79454.4135274287 442.216610119467 -12.3599321927965
462480 56493.2423798844 18816.3111555335 35989.7854868906 1930.007656625 0.995177107260797 -0.0389682878784125 60636.490238345 77806.0445273832 40.5506123815874 -12.3501570385792
462520 56732.7729075829 18970.6871724596 36012.3343817334 1952.56349941176 1.00334191048312 -0.0383062371124674 59376.5904492666 77044.3293721887 223.624323326275 -12.2129147718754
462560 56683.3938206677 18906.6970372249 36038.6797550227 1958.67602824655 0.999957532049444 -0.0394337599981506 60055.6408721827 79114.2373408707 542.113092029398 -12.4365421770076
462600 56726.9898793299 18921.1112406776 36081.9493970574 1954.74213397309 1.00071988579546 -0.0391001712163622 59837.5311715074 78625.9830090851 423.722441118419 -12.399892936422
462640 56750.3814119878 18952.8235475228 36049.7254619835 1951.42035000682 1.00239712005938 -0.0377855761522937 57987.6873420568 77212.9706522011 -17.640930599806 -12.0800952604736
462680 56743.420257709 18918.4354414689 36022.1091809381 1981.69050518865 1.00057836527668 -0.0389287435501575 59690.6574630855 78411.5287459478 210.007096361297 -12.3383594443833
462720 56730.1548753367 18898.1800487069 36055.7840150473 1975.76034402477 0.999507076488532 -0.0381845938406155 60071.1088188219 76048.9049634655 182.11448626268 -12.1892725224242
462760 56624.5708895129 18796.0682294172 36095.4610663587 1967.14226221252 0.994106477821879 -0.0383499079816131 60148.1246002409 77630.4854237563 -1114.1352326693 -12.1981794050704
462800 56687.5840276568 18941.7667083581 35999.2064028394 1944.78370349482 1.00181233417205 -0.0383379339711345 59456.6284157615 77447.4168528607 -137.307825500957 -12.2128316419254
462840 56626.5115210003 18908.196257465 35935.4853064449 1998.55465679035 1.00003682440645 -0.0383739136186891 58692.4647310627 78245.0207722567 -148.128442320064 -12.156409863399
462880 56512.9771637492 18861.7941586137 35892.4307488366 1962.3415474786 0.99758266077555 -0.0382957724386065 59630.5982149827 77147.7359550562 -95.7338413916382 -12.1501910170332
462920 56673.6133595849 18940.3983864692 35950.8440933498 1983.61454271331 1.00173996490648 -0.0381770230267513 58164.7811630127 78957.6941754365 -802.307091311505 -12.1897481439798
462960 56628.1830259835 18857.8970475471 35987.1610134545 1983.68106179843 0.997376546214312 -0.0387534831109531 59733.6094794601 77962.687634053 220.440547912527 -12.3309657435935
463000 56571.8235698566 18735.6432977816 36126.2473151304 1927.36049372527 0.99091065967376 -0.0378900478249071 58328.7484003596 77230.0848461225 -135.566245096155 -12.0359773835012
463040 56699.0083080645 19003.5840691721 35938.9157952263 1966.2833102795 1.00508179659776 -0.0381458454911282 59605.6920143117 77029.4984589585 -536.850499924142 -12.1389687025132
463080 56692.589525907 18816.1557150901 36081.1562246013 1988.27931063327 0.995168886161053 -0.0388514728748044 60555.9793074295 77765.4796830283 -65.3089257186681 -12.3203423193232
463120 56692.7956592404 18908.238859006 35957.4078753165 1994.26131847741 1.00003907756213 -0.0382202939242352 59653.774775782 77152.2144363198 -388.770504514567 -12.1849451701025
463160 56580.5926900068 18855.3229973637 35944.5946359769 1966.05565747824 0.997240407106369 -0.0391261545269332 61020.0442185626 78060.8201532443 -167.596456246653 -12.3616802416056
463200 56686.777501059 18854.297034945 36038.3277645857 1962.63503056389 0.99718614491313 -0.0390357780354491 60183.1763145971 77949.3971539812 507.551028721787 -12.3429496081812
463240 56666.4462298672 18911.7175718971 36011.8065483071 1935.19114099437 1.00022306343499 -0.0382359101001426 58260.6529357656 78598.2397647713 -397.686418856162 -12.1827698360149
463280 56698.145438786 19002.2575065196 35981.3961325275 1927.31306002875 1.00501163593916 -0.0382493193751152 59237.0051072923 77207.5265527307 -64.3791205194134 -12.1986580611488
463320 56683.6571535309 18987.3790346254 35973.8704198229 1913.48654854383 1.00422472746928 -0.0388330151957952 58775.3430979659 79496.8952535231 -156.084462856804 -12.3319178041085
463360 56472.1421652997 18811.7318665423 35922.8367208403 1911.93802965473 0.994934912946838 -0.0388874889536881 60271.6239153676 78268.5290767432 -230.414710494622 -12.3329480476243
463400 56536.0825232667 18855.6836212717 35968.1302336496 1915.02953286632 0.99725948016775 -0.0382670976090185 58784.1760995382 77854.0511112035 -157.228267542954 -12.1457728018226
463440 56720.0664242911 18939.4783015255 35995.5468340646 1970.26767452834 1.00169130247391 -0.0380681618887267 59386.9617920674 76760.8567969325 -210.03981464304 -12.1427692328237
463480 56638.1428730768 18872.2375948225 35937.5200416665 1994.07319731252 0.998135004353959 -0.0386002924058916 60151.6346025758 77362.3527790299 -126.221539841793 -12.2601235919136
463520 56674.4628157516 18955.9477801802 35971.4058475927 1944.49333135102 1.00256235780406 -0.0382043235102013 59946.5605296275 76918.6590303939 -571.037266530923 -12.2090526426298
463560 56616.7461626173 18955.2281634844 35903.6166608931 1969.91110104926 1.00252429794972 -0.037715686979251 58919.0322849381 76698.9751619197 -588.812670189542 -12.0537062392472
463600 56454.5431998632 18814.9749712945 35855.4922795462 1985.15626045176 0.99510643772548 -0.038441599105775 58660.317822595 78071.6050071818 329.534947647651 -12.2115165616052
463640 56577.8149533757 18894.7801246593 35929.3016250776 1954.09513879322 0.999327257683953 -0.0384957720589592 59516.3008643156 77986.2990149972 -223.477003116398 -12.2692117714168
463680 56649.2739349847 18838.7390762578 36064.3327484649 1984.57540318947 0.996363299021967 -0.0383437157724861 58988.399268629 77320.856966924 460.639635002431 -12.2258355670108
463720 56607.4819735724 18870.9366280819 35984.962703313 1962.44467033369 0.998066197439212 -0.0392300931689475 60645.5338877651 78672.4520533046 -82.6589666106259 -12.4535605685335
463760 56629.7817652564 18935.8492852068 35977.6706053797 1948.06662284713 1.00149936719327 -0.0390832261672349 60381.764741501 78526.960800708 -88.3680423281395 -12.4296631246318
463800 56583.7700058803 19004.7527551632 35869.7696412124 1934.14111659482 1.00514360730732 -0.0382482020834267 60326.8922155889 76679.640349145 -576.274070635385 -12.2392238929018
463840 56441.856197861 18787.0334307234 35919.3799089075 1954.39372660069 0.993628635764825 -0.0386586958522669 59764.0093379272 77614.1848587818 186.352273264322 -12.2858710151055
463880 56608.0059442072 18940.4404121202 35905.4890009748 1967.09154649627 1.00174218760387 -0.0372211983038503 58565.7618908043 75768.8974195296 -722.42798382123 -11.9463662820152
463920 56620.1063132808 18977.381393046 35901.0794218679 1965.28221081266 1.00369596155208 -0.0383617320440357 59619.3416470626 78177.3673178632 -1004.63308830912 -12.2341611830911
463960 56452.0472365597 18844.4885858941 35895.8816510642 1940.92409393382 0.996667385211904 -0.0388230562211527 60164.6820432741 77176.7933390241 670.167041610262 -12.2770592023757
464000 56458.9292590912 18792.861653862 35966.3777222902 1935.89202118282 0.993936885038321 -0.0388587382526744 60465.1234813021 77877.4138428911 -128.207334243891 -12.3171535752639
464040 56559.6244955707 18888.0318045484 35955.6614581482 1949.80365449984 0.99897034534171 -0.0384237136539856 59902.5658409527 77106.6790937207 -65.4003926956798 -12.2378432864669
464080 56568.852073436 18950.6762055669 35944.1336006275 1915.90049934197 1.0022835491507 -0.0376844018356225 58886.0127481661 76613.7001587249 -523.481044039187 -12.0838057182583
464120 56587.2871038343 18873.096952671 36016.8381412362 1923.40112673724 0.998180454987226 -0.0382305367608449 59667.3762577017 76815.3250246503 -86.7186637014357 -12.160730813971
464160 56446.3988231261 18823.4528540565 35890.0424215454 1978.7577004997 0.995554825019519 -0.0374457851997315 57416.1547070621 77208.213033688 -417.721565022951 -12.0002872670988
464200 56500.533996007 18847.7416910736 35929.5870983007 1967.98517876671 0.996839438903799 -0.0384708729649364 60235.1380515365 77468.9079866454 -571.924641911671 -12.2607131830129
464240 56563.1431667384 18859.0865964207 35945.7008468993 1974.69659508114 0.997439460342227 -0.0392995365768051 60749.9259216835 78998.4973454774 -265.778431201255 -12.4501593088448
464280 56472.3942122191 18847.1292767713 35881.9566138892 1956.53966703095 0.996807048883844 -0.038941957757695 59801.1818709232 79106.5814979461 -500.693624536204 -12.3904987954377
464320 56385.525595342 18705.133789659 35910.291793171 1984.48431407092 0.989297040309876 -0.0385605512737721 59258.2625348759 78017.1812353653 163.430949362231 -12.2971729382804
464360 56712.3829981166 18973.1906270233 35974.1241037754 2001.21395222985 1.00347431585473 -0.0381805464733403 59002.8789039598 77430.6245185903 -206.207216203937 -12.1904823779542
464400 56591.4868210045 18840.1248471602 36012.4977442549 1953.45535787432 0.996436591149557 -0.0374687050177991 57855.7052623974 76515.4711580233 -3.39923852992987 -12.0005050278455
464440 56565.5240128358 18859.0089860283 36024.7497832666 1935.78838252839 0.997435355601126 -0.039146455117125 59943.5846864006 78763.9543546984 344.153791753715 -12.3716598534525
464480 56545.696397751 18846.1940752101 35969.6841516406 1958.31365791668 0.996757586947511 -0.038116484848291 58747.0784897582 76844.5823748391 601.809752462755 -12.1628049074379
464520 56507.3676542138 18894.2088614681 35879.633009712 1974.82558937447 0.999297044107791 -0.0383303449970988 58886.0641809902 77646.7190424061 131.883498726057 -12.2353591958117
464560 56576.9748220359 18876.9505449602 35973.7418928525 1947.17169612739 0.998384267881011 -0.0378270131270805 58607.6825617328 77031.513956456 -282.087926032019 -12.1189013298897
464600 56311.2530079491 18731.9457714452 35836.9495360905 1986.09212849742 0.990715100962327 -0.0377272694356945 58168.3686305236 76779.0101365955 11.0468484969656 -12.0456903150262
464640 56446.0877505509 18942.7653094185 35809.4465319413 1970.36785801307 1.00186514924863 -0.0385505668216886 59184.5581788991 78448.2472689486 -249.379919925408 -12.2839342786836
464680 56551.0659595169 18877.9533649558 35958.0237970924 1964.33928091474 0.998437306093126 -0.0386271968510463 59214.7682714112 78698.2762307164 -237.381588860255 -12.3172250939007
464720 56622.9287235009 18992.3656576732 35935.9044165488 1969.05735761134 1.00448846530071 -0.0377895790336932 59253.3429006147 76586.0373909896 -588.799526225676 -12.1282587884461
464760 56537.7926421907 18886.9592155196 35966.7110611709 1959.89953166406 0.998913617110647 -0.0388548218189869 60523.5447833503 77997.9587444396 -221.978845586921 -12.388255054644
464800 56642.9502294929 18957.7073885998 35926.1417063877 2017.18821234914 1.00265542184846 -0.0395497273295493 61034.3926293012 78928.5669636487 201.892412420784 -12.542906407168
464840 56631.365162737 18989.8770442319 35958.824822879 1943.08097910344 1.00435684486219 -0.0390563156835654 59994.8073483622 79032.5673497381 -220.553971250147 -12.4333341504824
464880 56482.6879957506 18849.3622906374 35896.4397843445 1964.59091668755 0.996925150899771 -0.0389716915782612 59751.6151990605 78426.592131105 450.00016361888 -12.4132981415247
464920 56516.6250308461 18892.3299937063 35871.495640421 1970.67338541005 0.999197672548262 -0.0393742253639175 59774.0643631291 79298.5851228352 559.002946316662 -12.4599660918226
464960 56583.2383260997 18866.2906536463 35928.1844008327 1980.3717443538 0.997820476194438 -0.0371043834906271 57242.3339641821 76206.589360858 -118.766965546123 -11.9511265847815
465000 56633.103718444 18916.2815537933 35950.11797306 1991.76570187521 1.00046444817101 -0.0395741896668914 60654.1987700685 79822.2447642791 -294.93704483554 -12.5525044741061
465040 56399.1660146224 18817.6556816087 35832.3495790987 1981.68852040514 0.995248217988033 -0.0383289267718349 59917.0152995001 78152.4765530341 -1333.56826078943 -12.2108254487645
465080 56366.6776667222 18763.6667143456 35859.3901854175 1956.95183788696 0.992392791979141 -0.0389229952445881 59534.0330657281 79074.7024849148 -98.6249676336218 -12.4053047034487
465120 56468.5324943015 18902.9135914757 35873.072174117 1934.64473854158 0.999757429140588 -0.0372331215204609 58567.1108361504 75726.5843162246 -669.490070387607 -11.9671992841663
465160 56543.3276413919 18960.0100615952 35876.785880079 1942.53336775339 1.00277720807062 -0.0384447888858913 59460.6693343836 78143.1277223378 -515.224088086985 -12.2099799446121
465200 56383.3682178299 18816.5354145455 35845.9155165158 1974.71124390502 0.9951889681103 -0.0382511436785491 59225.6349399447 77636.7819208711 -377.527396095264 -12.1828599808181
465240 56336.8809795602 18794.1745795351 35823.5534168432 1961.73458634853 0.994006324449827 -0.0386539135379312 59140.6292902224 78487.2757247696 -32.1223995544913 -12.3364663093086
465280 56581.9771826948 18997.3067574688 35840.7115133122 1973.35512372438 1.00474979544989 -0.037947440972894 58355.7289795349 77890.4285925851 -596.657721396116 -12.1326445507959
465320 56595.233874572 18897.7313886277 35926.4608550892 2007.86164106036 0.999483347276356 -0.0397279354435325 60643.8392787727 78521.5529370812 1326.1912790714 -12.5516118716479
465360 56534.1949491091 18883.0895561734 35885.7673611555 1997.43614145915 0.998708954445241 -0.0383949494977104 59493.5174251538 77896.3174403699 -381.594085695335 -12.2627607708193
465400 56491.4353077752 18906.0301742454 35844.3218227304 1993.66393000314 0.999922262289855 -0.0384193960590389 59114.8174716016 77997.4237021762 -104.517908807582 -12.2380728870329
465440 56612.4489758034 18892.2784691001 35962.4808197284 2002.36743373556 0.999194947460007 -0.0386686422225449 58992.8776230871 77908.0068114853 670.98688735727 -12.2771897455245
465480 56519.4369091942 18837.6922002642 35934.0047175791 1980.1718212746 0.996307930729298 -0.0391219984709643 59678.6149568289 78600.6688966598 661.271165231403 -12.3839662019608
465520 56572.649990619 18867.7179080871 35896.2779615555 1996.39159502899 0.997895962347593 -0.0375713040144636 58792.8849013603 76423.3916676262 -600.379017412548 -12.0271119552496
465560 56491.5447491362 18838.4143261845 35927.9405901337 1949.92877296796 0.996346123294169 -0.0390529026720461 60312.3616630662 77999.8227461513 347.025836588742 -12.3725947042555
465600 56531.6315807834 18935.7331899009 35857.3955056588 1968.65868834162 1.00149322702107 -0.0387334127367048 58782.7461783953 79336.9615473993 -306.708905741805 -12.3224425917912
465640 56697.2107975927 18931.374895174 36029.8572926022 1976.84299533719 1.00126272088716 -0.0381860967198577 58029.9830759672 77965.1137057149 391.987033193342 -12.2408638551208
465680 56638.0910104053 19041.7699876902 35864.6887946402 1984.18917919682 1.00710141413144 -0.0390331922721638 59755.0864973759 78633.9421255363 242.569699871106 -12.403644147065
465720 56395.7455604397 18808.0897298077 35877.3034836684 1964.2634236898 0.994742283739666 -0.0391662695419997 60553.7201431115 77685.5615955478 744.232712939656 -12.375166303496
465760 56515.9479937747 18801.5433364466 35948.2588083193 1963.92435070236 0.994396051114457 -0.0388059533306306 59957.7670196325 78449.8420170657 -226.638928743748 -12.3317421446653
465800 56548.9859130886 18935.879578577 35846.3474799138 1981.729019355 1.00150096938131 -0.0377455503082097 58304.0529715431 77740.4172620894 -904.487207846078 -12.0940140257835
465840 56542.9960928209 18922.548453442 35865.4404754728 1968.70365190141 1.00079589863504 -0.0388583918503209 59663.4267679195 78389.7150013947 96.3224318118068 -12.3256536995815
465880 56602.9129924618 18963.3446682735 35867.9479618176 1984.13960292461 1.00295357230059 -0.0383651960835896 59455.8904071254 77427.2269157145 -29.0540964701687 -12.275099740488
465920 56503.2810742154 18887.4721843654 35869.1988921556 1954.95980095889 0.998940747553371 -0.0382060287890957 60092.5869038477 76323.2110248419 -122.296948153625 -12.2017583635433
465960 56454.048095611 18765.5668839873 35940.4020813938 1968.28778614053 0.992493290175184 -0.0385071823420432 60029.8156666993 77282.0376027995 -210.035883675748 -12.2515472258176
466000 56617.1017823413 18988.6974469617 35860.5191286612 2004.20860376034 1.00429445706527 -0.0373287183376829 57910.6273121115 76556.7748509553 -521.276236276625 -11.9895703256627
466040 56586.8561433926 18913.4767334086 35925.509066886 1988.28641549004 1.00031610384284 -0.0394595332870855 59895.2668441415 79125.5590841294 894.912668103381 -12.4801968643417
466080 56429.1654979104 18773.3566606675 35886.7725221567 1971.77270925982 0.992905284181807 -0.0385674229282905 58725.3184160177 78977.3061413628 -231.960550017374 -12.2439982791925
466120 56308.6076533948 18785.3066866758 35768.1697507989 1950.35474313249 0.993537309886331 -0.0391421591958651 59798.7896704816 78710.2590630513 410.271352726915 -12.3749235690629
466160 56542.4389666675 18901.6513643396 35870.8611076189 1975.27332545598 0.99969067112731 -0.0373454303295906 57615.7138795304 76551.9945515665 -135.436601077198 -11.9573695468495
466200 56749.6981775928 18980.20500218 35956.8265219726 2007.90313020949 1.00384529959963 -0.03896278237008 59001.9684501084 78841.334718219 748.822178951272 -12.3791428102534
466240 56627.9800424524 18930.8135531427 35884.099986563 2017.82013203403 1.00123303203188 -0.0388751674621216 59487.5157152029 78163.9289024854 493.401630843265 -12.3325784309104
466280 56672.378312098 18969.3924635105 35909.9413631033 1990.35007352219 1.00327343453711 -0.0384050288753745 58385.1803166936 79001.3988760623 -561.843328619265 -12.2360181969603
466320 56544.999406804 18892.2619382918 35898.2861102203 1963.8854542004 0.999194073161009 -0.0389655543810025 59875.0813332959 79111.1684534014 -528.391144991477 -12.3633645458876
466360 56551.9020742228 18886.9377703709 35904.777353291 1969.53811595037 0.998912482896781 -0.0382675685798445 59208.2978060185 78032.8892461236 -654.84073274124 -12.1898576460827
466400 56619.3488306552 18944.4272568731 35870.3180387922 2019.97585212883 1.0019530480959 -0.0382833409850275 58480.3632546214 78642.1198999322 -605.55033788575 -12.2049668328556
466440 56700.8946215006 18973.4594202465 35945.3797629764 1984.45389990443 1.00348853207703 -0.0386630261295141 60527.2864942115 77829.9573910993 -685.550741996952 -12.2878556340059
466480 56668.5512180199 19037.5996533033 35881.5424754816 1947.02685398913 1.0068808490442 -0.0387884144146275 59900.4972376114 78188.9921592047 -98.4136454186336 -12.3193660445788
466520 56601.04543726 18900.5390254713 35957.1610189469 1939.2423564277 0.999631840564394 -0.0385189873556136 59887.580982132 78242.505401929 -735.186949811279 -12.2289118510438
466560 56537.5328186199 18874.2777909529 35865.4515643515 2002.19196783572 0.998242908420091 -0.0381375414312658 59206.1861383692 77280.0969000272 -351.144011583915 -12.1567319243018
466600 56649.6424245126 18971.3566198905 35885.2024835382 1996.31184286573 1.00337731693193 -0.0368305128047481 57904.2909641435 75781.6441891885 -1177.6199991907 -11.8230692966274
466640 56482.7698225058 18868.6745557419 35844.7617603066 1985.7138800413 0.997946558547767 -0.0375976807438875 57488.2025526336 77164.104644839 34.0116765038987 -12.0157072903373
466680 56627.9433263487 18905.987636734 35967.882636454 1963.47570311181 0.999920012520641 -0.038213670122778 59043.3649295524 78097.8447978218 -730.064371042131 -12.1669751782745
466720 56658.5987276698 18890.9278914159 35943.7661756197 2010.52083845875 0.999123516668828 -0.037846487687035 58680.8758529167 77156.1212760932 -435.012897226693 -12.0931282823016
466760 56615.7399425334 18927.6689663291 35884.5921435955 1995.53818317592 1.00106671777491 -0.0376552273088037 58783.7412932924 76153.4929762931 -90.4399580021941 -12.0755237417028
466800 56529.274719311 18855.4183472501 35855.6299182774 2015.88182569321 0.997245450072727 -0.0383586308524255 60139.4072413538 77198.8547799239 -635.619003809035 -12.2033366484392
466840 56559.386963498 18813.4370981719 35896.717774053 2047.23690503231 0.995025101053648 -0.0375852582937677 58411.2610670542 76623.3850671243 -351.481708346045 -11.9711472067821
466880 56566.2825764939 18959.7146106588 35807.8376006118 2000.4268581894 1.00276158194678 -0.0381193045428779 59681.0419579045 76927.3946625525 -473.026071248892 -12.1020068289549
466920 56577.7699901003 18913.9013935229 35858.9844275416 1999.15209565119 1.00033856371931 -0.0373693028197546 57774.6975093678 77260.2468431535 -1000.69189524334 -11.9596868080723
466960 56596.8147628348 18956.6093655088 35869.9438730758 1966.81548072474 1.00259734843363 -0.0391760871097248 60509.2896142842 78841.3850895183 -289.554660658027 -12.4007425015301
467000 56583.7671276484 18933.4078260311 35920.9491278559 1946.04303982294 1.00137024069978 -0.0390958511642676 60053.4338657114 78408.5279442784 334.830375740458 -12.3904940969522
467040 56488.0934767074 18827.0597690597 35878.0383505504 1971.39598769989 0.99574559138224 -0.037864502057271 58791.085937015 76551.6061160854 82.1217180594889 -12.0626413703453
467080 56473.6478914972 18904.1204658769 35760.7579716777 2010.3852037802 0.999821259599466 -0.038691574350469 60558.6827763081 77097.1401405985 139.882179814653 -12.2924373823776
467120 56545.0688238701 18908.1420611169 35805.6327820251 2023.70628534319 1.00003395801227 -0.0383779694017887 59118.9583180306 77605.0637585012 129.492379458352 -12.2427234006841
467160 56461.2835787792 18862.3354365463 35768.4307081581 2016.29061982566 0.99761128845941 -0.0374495596750463 57663.322210615 77162.3157085505 -535.511648058846 -12.0467613589932
467200 56464.2440649372 18892.6233241163 35745.6277839571 2005.54465021192 0.999213186519437 -0.0377829023270782 58231.0078519847 77550.6852820336 -601.258920594094 -12.1050015964735
467240 56420.9750229925 18851.3938866028 35779.119906148 2003.46368985833 0.997032600111213 -0.0380440439156387 58859.714327243 78309.6529187692 -1306.93051571418 -12.0960014471102
467280 56485.7622237325 18816.5123246232 35839.5741516882 2019.04998462182 0.995187746905894 -0.0386833577733034 58593.4699222611 79331.7160016887 -230.913102937449 -12.3044247324418
467320 56614.849555178 18900.9640000054 35917.2062339305 2012.26653231538 0.999654317070234 -0.0377328940890448 58646.4527446109 77060.9501319262 -636.557584488129 -12.0907941367087
467360 56587.9269010717 19013.0727469365 35757.1233834357 2028.87480007321 1.00558364389457 -0.0370302834036872 58534.2314467928 75375.0964721776 -840.766150001754 -11.9253761212779
467400 56649.4688487685 18894.8491281235 35956.9370913733 2020.33940346431 0.999330907212668 -0.0395654152997125 61063.0738900641 79438.3258571302 -314.647490018043 -12.5228020070256
467440 56446.7314143104 18873.7492850588 35801.712137739 1970.76218315414 0.998214956237407 -0.0389760199246892 60564.1349411984 77976.2309509022 28.7480744125416 -12.3377936388254
467480 56540.0409564803 18897.3698673712 35892.0162892461 1971.89390724402 0.999464226755054 -0.0385129431638949 59557.6655608065 77626.2155364048 30.5631207734017 -12.2535095040856
467520 56574.6449454408 18879.0886280422 35897.9557839643 1998.11927556623 0.998497349096508 -0.0388757926626311 59096.1264269903 78509.9901612116 569.815134931486 -12.3272285717039
467560 56413.3779748134 18860.7565500125 35743.5697403852 2011.36537352744 0.997527782626604 -0.0377798578710279 58113.6777798183 77459.7798462642 -372.371260577809 -12.104835633434
467600 56477.6019092742 18832.0612949146 35848.3233478177 2005.05053501221 0.996010117409209 -0.0386768986372128 58365.1117607715 78658.6649169137 623.502700289364 -12.2869365625115
467640 56499.0731667964 18896.8676052098 35882.1082886053 1949.37173914192 0.999437662578861 -0.0379069516956817 58618.8747348924 77803.7031742068 -916.154654491097 -12.1079828832565
467680 56530.573672984 18895.9061891984 35835.7545435727 2021.78428093505 0.999386814184765 -0.0385677260334096 58883.6926418765 78390.9915566417 247.886615267483 -12.3150670293353
467720 56338.7559698529 18711.4022008437 35850.3161519007 2009.71340853979 0.989628570717633 -0.0381594227843745 58279.4740416569 78098.8259278789 -81.9913036906491 -12.1696836969852
467760 56435.2307957663 18903.7365531156 35785.3917753159 1975.17644669389 0.99980095481241 -0.0385773263631302 58644.662506602 77898.8601004347 887.232725834499 -12.3083689904922
467800 56511.2536175907 18892.6089465522 35844.6366643252 1995.00547300953 0.999212426103517 -0.0366508860905669 58020.2568098486 75373.0308041551 -1282.22903080238 -11.8249979915571
467840 56593.9332353918 18965.0363777297 35815.2910565692 2024.10380601539 1.0030430452323 -0.0378064823349221 58452.9370427225 76992.0046428804 -161.725106966656 -12.0652271838245
467880 56502.4662856948 18947.6238494553 35754.9157149906 2012.2156788768 1.00212211288935 -0.0377248824237685 57010.7110548332 78200.7474144076 -136.620111789301 -12.0587576165772
467920 56539.1787798118 18920.9133761261 35810.067557585 2030.99515286461 1.00070942092429 -0.037806492786671 56976.9954210451 78607.7066128341 -204.875998780309 -12.1284928184537
467960 56570.3798563308 18926.22405408 35813.9300518238 2015.83380740142 1.00099029771678 -0.0386542963027097 60027.3988577446 77595.1284036878 59.8386785612004 -12.3257449108215
468000 56585.2563021071 18874.0410765874 35910.9595905389 2005.10061597536 0.998230388818584 -0.0384337610631836 58185.5148451672 78667.9688641061 162.195014830826 -12.2438735309893
468040 56561.5444747137 18999.2949212126 35769.909088929 1975.66528782454 1.00485494757174 -0.0378682311567113 58788.2283434602 76831.3302306424 -291.222953004991 -12.101156787373
468080 56484.9388537611 18851.1385327078 35871.4355239568 1953.55579110408 0.997019094682419 -0.0385582056098671 58546.4808236221 78883.5301386052 24.9373962707646 -12.2798370449941
468120 56497.1537800583 18884.1785876396 35879.3279974422 1962.5697568252 0.998766552301448 -0.0381947321626082 59285.7139909599 77279.893859311 -180.245835548121 -12.1418218925226
468160 56282.8884465821 18752.9119653793 35795.2092861465 1985.43071490105 0.991823983360006 -0.0373595931959602 58062.7867952041 76674.1098855982 -643.85415820603 -11.9835059841038
468200 56424.4783316048 18887.3800915317 35796.4595340328 1961.43477013851 0.998935876849486 -0.0389175069264844 59727.5989023647 78424.6604185705 151.247957258726 -12.3256133484794
468240 56553.5414020999 18935.7582812828 35888.5367135843 1964.39501891131 1.00149455408081 -0.0382648137587586 58082.9032228307 78389.9416318194 13.0806594867209 -12.182481833949
468280 56303.3721659469 18708.7210105573 35896.0543593754 1939.42787624004 0.989486765069803 -0.0379146784652243 57841.8556435032 78060.9394506511 -342.300283363216 -12.052490027531
468320 56442.7816507315 18788.9544344911 35939.3937784967 1953.12233305262 0.993730235858314 -0.0379971372198359 58936.5046969787 76740.7231396512 70.7047904880802 -12.0967315881658
468360 56543.8095589038 18946.6193295658 35852.0859162503 1999.48719564757 1.00206898477143 -0.0387948533827407 58102.6604941229 79869.3935582209 106.188532748581 -12.2912313189708
468400 56469.0187198197 18901.7320929199 35819.9537652611 1969.19490711071 0.999694940786456 -0.0377388465560432 58637.9686414491 77170.2728517583 -653.543453561953 -12.0933721785798
468440 56355.6967959214 18780.9377930969 35773.8773198982 2015.67102962215 0.993306243189049 -0.0373606623406162 57318.4584716745 77058.1574247617 -290.857571213669 -11.9849124826337
468480 56539.2132598416 18913.6214422289 35847.6677690291 1973.37860681921 1.00032375735708 -0.0382161755515969 59661.0975004861 76860.1552177876 17.3257230568273 -12.1977333882617
468520 56505.41768301 18890.4348867097 35840.1182195586 1988.14937652122 0.999097442110787 -0.038361104734782 59253.0126854025 77359.1843997921 253.262387768852 -12.2621222557284
468560 56598.0541318985 18921.788840434 35915.171772283 1965.23441465041 1.00075572341314 -0.038815309966041 59873.7461325867 77139.7695583428 1002.09089787032 -12.3180858971643
468600 56566.3107146231 18935.3035273436 35886.4344096213 1973.3348554418 1.00147050257007 -0.0376381306255312 58207.741679786 76959.7293489982 -304.91119471041 -12.0341268396852
468640 56497.1190602008 18902.0708301641 35844.0900322823 1970.04657722086 0.999712856282644 -0.036955537002822 57178.9110518979 76064.3417027568 -361.13707134424 -11.8463412222625
468680 56432.2717835067 18869.7483916643 35808.9884078418 2005.35530706632 0.998003352725864 -0.0383589594963366 59227.8770057556 77701.3573720167 -162.672817415427 -12.1853508429186
468720 56456.9013393344 18859.0560070577 35821.330733952 2007.56808349111 0.997437842499414 -0.0385075056244954 59447.9797999599 77804.1338728676 -152.624929225804 -12.2152965080861
468760 56392.2394669176 18899.6741621468 35705.6803875447 1990.76560160772 0.999586098751647 -0.038009048511427 58689.4040141317 77559.1909202693 -274.083246107665 -12.1733534654617
468800 56452.3887759536 18848.6695099478 35819.4922890266 2027.18702206253 0.99688851037672 -0.0391490145075047 59390.7542668618 79362.9865618921 211.364276458489 -12.433440207535
468840 56512.0793735366 18908.6097812906 35827.4426844586 2041.98378739382 1.00005869529502 -0.038788582173777 59359.5031040495 78408.0874618309 305.143650741886 -12.3507282668683
468880 56615.5718190766 18987.0405443241 35850.330249329 2026.13971118544 1.00420682503367 -0.0371667622149278 57398.8325832109 77022.4067569538 -1019.47405883122 -11.9640260509556
468920 56615.807295264 18957.1849611787 35871.1877787664 2008.99416086768 1.00262779115053 -0.0375374728272516 56994.4848774746 78100.5910087294 -476.334562611442 -12.0812819874805
468960 56505.0504836705 18879.6901864641 35816.7445734198 2044.28170176355 0.998529164959095 -0.0388363206450726 59352.4114554314 78359.3083272748 449.744196840138 -12.3354240818699
469000 56485.043114403 18916.9046245435 35775.0878469212 2008.23798576572 1.00049740180053 -0.037182159890392 57778.0063174405 76729.0643000881 -958.174645143643 -11.9690428936063
469040 56526.7305719139 18864.4058201677 35835.4323275607 2021.15260700303 0.997720789113724 -0.0376899193069981 57525.5364100321 77571.0137168858 -267.049528931345 -12.0541433691151
469080 56480.7891185296 18860.3173901188 35811.0750235695 2027.55211136051 0.99750455587036 -0.0381595668709676 58680.6092142889 78313.1872026135 -720.911583907612 -12.1543192048794
469120 56470.6546917839 18933.2518473506 35758.1249226433 2014.86813262112 1.00136199113318 -0.038601608172959 59507.0502401292 78270.1700913552 -351.907175573152 -12.2807645698856
469160 56420.8876945038 18773.010973094 35866.4697488072 2005.75613669934 0.9928870010892 -0.0373079448872982 57107.0118663475 77425.2673459854 -628.950336350278 -11.9129487584931
469200 56461.9629964068 18876.2902125781 35794.1968251696 2001.93685542758 0.998349343518607 -0.0388235596533978 59921.0176508334 78340.131410558 -6.27054687567209 -12.3124120064316
469240 56558.4319701692 18922.7706038036 35874.5406226935 1979.16795198278 1.00080764796 -0.037961101390777 57921.5110073946 77503.2119709056 292.485630625384 -12.1244392640559
469280 56554.353455858 18863.9548764135 35920.4566014209 1985.09145399133 0.997696939120112 -0.0393248086644846 60259.0031113099 79160.3354271199 38.0712816923251 -12.4285026551127
469320 56433.9355250784 18840.1084349288 35821.1430990573 2019.95721612768 0.996435723121976 -0.0383775625429074 58361.5272830476 78966.1094152209 -479.152696635458 -12.2269346785013
469360 56674.2129591935 18913.7320529048 35936.9744893729 1995.27061869135 1.00032960745232 -0.0385880157478328 58829.8480914052 77812.2868309052 699.261032683607 -12.2981663463515
469400 56570.3024820611 18922.687309428 35837.7280529487 2014.88861750292 1.00080324259833 -0.0384358244827462 59573.5880952427 77886.4565364414 -417.829047790842 -12.2466844994543
469440 56638.4750627148 18951.381537987 35861.1461126295 2040.78099308512 1.00232085352305 -0.037968251243169 57093.3236727067 78824.6952498034 -182.567107586074 -12.1389762842709
469480 56471.2183998374 18861.4921236764 35859.4092136358 1992.50380714543 0.997566686430063 -0.0374699732886245 57721.9880023889 77252.6163939917 -689.620541350996 -11.9774930959527
469520 56401.783456516 18787.8555317991 35822.0369600407 2024.8255612819 0.993672115922203 -0.0388817989887286 60391.5468456061 78064.8128958061 -137.727519210112 -12.3087592602281
469560 56637.0418603566 18930.7814060661 35928.9911218604 1999.10113456234 1.00123133180305 -0.0381049257097968 58087.9285865079 77638.8362839267 392.806963131186 -12.1585434924084
469600 56544.1292996484 18893.0977452066 35859.3978377769 2022.09382658566 0.999238278207408 -0.0378921912896548 58145.5758564178 77944.4937571067 -679.340180076221 -12.0977719758249
469640 56574.6976775691 18927.1887637749 35852.7224408915 2021.88560647867 1.00104132031072 -0.0383617531711289 58265.6983904932 79014.1942154405 -444.129070836461 -12.2145479523818
469680 56519.6559028359 18887.4229869177 35842.0172891172 2021.87279822426 0.998938145546353 -0.0389112956222378 59620.0232244046 77378.0362643667 1307.55378569601 -12.3348617605428
469720 56491.5928198012 18884.5630039578 35810.0681695028 2017.70676656042 0.998786883721157 -0.0379782342176576 58214.5656839134 78236.7666072944 -750.945398196873 -12.1091065217617
469760 56509.5932251154 18909.9681999053 35832.5938571421 2000.07626925966 1.00013054078569 -0.0383180883254951 58324.3956008618 78572.3727429769 -180.033790937058 -12.2140485775601
469800 56602.2173794904 18984.7166555777 35837.722388327 1991.33164713223 1.00408391673028 -0.0389034623668256 59701.3168146172 78431.3803458787 284.935380033488 -12.3673328442517
469840 56519.4878198685 18876.9645505506 35852.9320225097 1990.60521770342 0.998385008623596 -0.0389921185818295 59767.4953117296 78760.2973828521 10.1348301272847 -12.3804157175935
469880 56384.5138746592 18798.785418202 35793.3054082596 1988.94661835907 0.994250187396643 -0.0380924687301496 58497.0215000714 77368.6817059564 228.632029131118 -12.1921575498754
469920 56388.633907602 18817.4978723787 35807.5121474048 2007.84655222035 0.995239871605381 -0.0369808125833217 58624.8939824853 75280.3597078838 -932.713704895672 -11.8882493248524
469960 56501.1007090337 18882.9663928501 35811.5364055789 2024.54870059746 0.998702440452207 -0.037239834792177 57531.6034472206 76561.8727070545 -404.395288760777 -11.9396947226074
470000 56455.0168705598 18864.9332444993 35846.6449603166 1969.91588912468 0.997748684093574 -0.0380691434263508 58525.5330241557 77813.2254532085 -412.13134539734 -12.1070109647884
470040 56354.0810755576 18818.586497099 35795.5881116523 1975.24135618321 0.995297447949172 -0.0379936736444154 58293.3047235861 77651.4427527893 -125.716991739321 -12.1653406395703
470080 56547.0695958899 18960.4176493015 35829.0032708936 1972.49343799727 1.00279876500338 -0.0389154129324828 59783.3139773039 78077.5897362988 390.941831654085 -12.3548752572413
470120 56560.2394667967 18968.2606573212 35836.383585237 1983.7874444873 1.00321357436579 -0.036698780713478 57856.2252333586 74664.6740994128 -347.859615499429 -11.8555564440756
470160 56420.0398423197 18780.7044395002 35837.5987414531 2028.68852801344 0.99329390133546 -0.0390290205161926 59336.7159095022 77702.4038403052 1591.87788377569 -12.3809772846306
470200 56470.796533538 18950.7154749911 35709.5717101174 2020.51409045188 1.00228562607384 -0.0381828221457385 58873.8253393232 77945.9984518817 -541.981675172864 -12.2138559361947
470240 56544.349412304 18893.5171471598 35849.9890828382 2009.45697179904 0.99926045998465 -0.0381699433988486 56932.1254384613 79078.0943311775 282.843887305376 -12.1817775397034
470280 56620.927790668 19026.217945773 35808.3508863688 1995.68708812219 1.00627888117271 -0.0378617436732867 58685.5487893303 76982.7388664779 -103.261986850977 -12.153439098345
470320 56522.1602988027 18960.1107288319 35752.4731415284 1995.38097071655 1.00278253226666 -0.0372973435654981 58549.1225407383 76102.063345015 -862.497252483315 -11.9627900894707
470360 56556.526901841 18920.2001955975 35865.1101256788 1992.86659565966 1.00067170147283 -0.0385640132576644 58898.4825139085 77832.2263851212 590.10194944004 -12.2837391890791
470400 56370.2648886988 18860.01103566 35753.8310065989 1972.70655628359 0.997488353069417 -0.0379294563043782 58389.4290715273 77570.5625017304 -343.558174509502 -12.138287020617
470440 56383.0579008091 18897.2574278323 35725.2998184645 1976.91890819552 0.999458279932954 -0.0380241105377111 59322.3615840576 77004.4150118063 -393.004381318295 -12.2000877068887
470480 56249.466820849 18826.9367756807 35679.5129588948 1977.68347947083 0.995739086377399 -0.0386199858836952 59611.2379597016 78132.81883559 -216.439238919863 -12.2917399671958
470520 56475.3071401358 18896.6270138569 35810.4604604959 1985.63537832489 0.999424937927115 -0.038118225585305 58669.5962838381 77513.0567251482 -20.9562143265088 -12.197440218589
470560 56328.8839851849 18806.7175808302 35743.1000761471 1958.98149766883 0.994669712062947 -0.038956930959797 60652.6879618855 77769.7720404426 164.9591506734 -12.3475798905974
470600 56659.0004104192 19072.6428291303 35804.5077229478 1986.00494545299 1.00873424985484 -0.0375941873882438 58572.5601973987 77030.231148959 -936.034012550151 -12.0548915748864
470640 56452.3372357173 18896.1924808189 35734.2572318134 2006.81862268176 0.999401955880942 -0.0374605702127713 58192.9846592974 77364.4588688973 -1181.48707194451 -12.0155061364313
470680 56444.3040530003 18903.3171248407 35747.0516890346 1997.75068477448 0.999778771643034 -0.0391809619705341 60357.0461122245 79264.2101825131 -621.038730570984 -12.392115551561
470720 56476.7923795445 18976.7584953984 35704.6971101953 1987.35266466049 1.00366301707779 -0.0366746461379311 57181.0102878515 75792.9423595082 -852.516866271378 -11.8338251440427
470760 56440.0169215713 18869.2082187025 35747.8194782095 1994.64170382182 0.997974783482875 -0.0380427587079683 59162.4712058197 77109.8175474502 -278.871009025141 -12.150527274182
470800 56381.1153564704 18859.776869034 35696.2936099695 2016.71606653903 0.997475968215468 -0.0378510983523897 57906.9736809762 77619.3647984381 -121.105125964778 -12.1147896492389
470840 56464.1928811681 18915.2938240572 35748.6978311012 2024.56009795362 1.00041220806861 -0.0388515069595111 60234.2158631246 78487.4009768583 -561.768685366721 -12.3487325243503
470880 56376.9728506022 18889.3110691332 35756.1805991838 1963.83149561001 0.999038004449724 -0.0388477423701516 60604.6116129568 77932.512982547 -140.221845846852 -12.3616971214523
470920 56483.263504545 18901.9525669787 35845.0065819812 1963.50192771567 0.999706601453321 -0.0378622290971502 58876.5941107845 77479.1345080264 -877.940765484875 -12.1213369488207
470960 56513.7667703155 18968.5326653075 35791.2335345887 1968.74760720091 1.00322796061391 -0.0384202881207574 58836.2021477792 78154.19053022 -56.9962391667598 -12.2647468222708
471000 56564.5465815468 18923.0763891492 35873.5660665139 1971.64456054668 1.00082382066107 -0.0395374322945631 60153.9292552708 79367.8407108493 551.757923642492 -12.5189585697307
471040 56722.930160912 19043.0533210812 35889.6524951207 1994.2511871807 1.00716928843481 -0.0376896165447033 59148.9025117833 76226.1846693824 -391.747187124295 -12.1050987299964
471080 56466.8344730477 18902.3053029403 35791.2931280814 1977.08766962715 0.999725257328588 -0.0380518863315223 58805.3506900262 77429.4925589198 -184.372766465603 -12.1796836194419
471120 56337.2596891314 18852.2033804295 35776.2743776651 1933.57340172464 0.997075413482983 -0.0381940375823791 59035.7149260226 77733.053159299 -504.665946702101 -12.2040940218536
471160 56287.856865706 18764.2098991543 35798.3689599361 1957.28048602611 0.992421520515894 -0.0379149978864547 58285.3336534092 76967.6596170765 209.849826321245 -12.0884654876173
471200 56451.9420169165 18891.114344605 35843.2113645103 1939.15096067005 0.999133378003703 -0.0384024243208281 59020.15162344 77569.3105464155 303.48083479075 -12.2589284333553
471240 56334.4043532494 18802.1487334641 35744.9153401823 1984.61633167003 0.994428069996782 -0.0378813120789781 59038.4563251018 76023.3234892114 288.244891478254 -12.0890887197946
471280 56468.4165806879 18920.1285182802 35781.8834721289 1959.47712956647 1.00066791052652 -0.0381473628906246 58143.1215566818 77629.6492720214 475.611531404481 -12.1685171729812
471320 56322.544692661 18802.2539567613 35726.2501782264 1989.28016011549 0.994433635158602 -0.0381420922228262 59213.8682151969 76766.307605041 188.362146749574 -12.1770675690618
471360 56382.5226106958 18902.8259173993 35727.8396244898 1946.2384440502 0.999752792140647 -0.0386519122778898 60242.5630871753 77810.7527903593 -525.553766811246 -12.2913881235415
471400 56402.7988495765 18821.428196235 35775.1274112496 2003.25495423428 0.995447742760018 -0.0383114153845582 58915.6368919176 77709.0869993154 69.3589650643639 -12.2317811751786
471440 56574.8568431232 18909.3172861129 35857.3917995448 2005.34528775725 1.00009611456369 -0.0379017155404547 59323.2637771679 76736.3504741143 -553.203018327342 -12.1219404192536
471480 56618.2566775375 18973.1796755653 35822.3493661456 2006.5582312097 1.00347373664235 -0.038016325422638 58283.08573886 77962.4328584764 -449.829087999537 -12.1368476598633
471520 56338.0056814725 18841.5316845678 35684.8027830479 1995.12689921988 0.996510997464912 -0.0388744049076412 59454.1001132924 78544.6386381328 226.311165295325 -12.3523439344064
471560 56424.9764114385 18874.4721905425 35744.6965775877 1982.14737800422 0.99825319003266 -0.0375594822577038 58075.877370086 77113.5832232786 -669.786096481899 -12.0445622605964
471600 56452.6863184275 18806.9799786545 35876.4006934302 1968.7526705646 0.99468359003858 -0.0374124447695371 58723.2591949918 75973.1341202844 -515.715096114276 -11.9865238969964
471640 56321.4452536852 18872.5863183183 35680.4465483764 1963.57185037538 0.998153448013659 -0.0377913340144045 59012.1998825841 76268.0420505944 37.679823012964 -12.1022149162679
471680 56191.070240251 18817.8334828564 35627.3335239501 1965.84893501119 0.99525762172981 -0.0376130943991468 58736.2948009211 76030.5060217577 -132.432730947205 -11.9701911888981
471720 56356.9557435575 18881.4957123826 35668.9796644707 1997.85376819826 0.998624657537095 -0.0397406428974621 60133.2070817062 80012.0833062917 530.282390810992 -12.5692404936366
471760 56509.614616008 18882.6058979876 35842.1158376622 1984.73415150963 0.998683374215925 -0.0375501483339079 58683.9867583699 76920.841831002 -994.446995235909 -12.0463460310219
471800 56476.1567404546 18901.2182343815 35784.0772064151 1982.88388896041 0.999667763288721 -0.0383316313257569 59285.3638637064 77086.3182266174 363.099061535977 -12.2797211437887
471840 56427.7163193749 18966.552913172 35697.2179990826 1981.65231334947 1.00312325337416 -0.0374482636679755 58605.3113560166 75996.2473789877 -389.280817990455 -12.0504797495071
471880 56518.5828351635 18943.1685186109 35797.9173996495 1963.21960436731 1.00188647460589 -0.0391384222798394 60771.2362266329 77780.7002521179 425.846124097213 -12.420847049657
471920 56504.4497001862 18945.1352129113 35778.4884329577 1969.18140655067 1.00199049122895 -0.0377098115821769 58318.7686868023 76960.0806297326 -270.722437013336 -12.1396821385723
471960 56476.6768394861 18954.9980265964 35752.7862535551 1981.88099034826 1.00251212622485 -0.0375314691264037 57977.6507521094 77173.3103091276 -763.134290391263 -12.059326962555
472000 56472.0047470532 18851.828523029 35839.3941894434 1979.8075175938 0.997055587625491 -0.0381534529024539 58653.5918309257 77893.7101357324 -313.190664086883 -12.1831865012924
472040 56361.8390069752 18785.5930196785 35799.9233090431 1979.60531190831 0.993552453771176 -0.0386798575642186 59298.3464805453 78598.2313612906 -224.132489333506 -12.2830971187983
472080 56506.9867604495 18912.5267256834 35794.8130681012 1976.88242987248 1.00026585882234 -0.0380071013389501 58366.4853851797 77100.5130935089 486.64611224003 -12.1689719909086
472120 56567.353205837 18989.7049429265 35769.8369851957 2004.30547144696 1.00434774258503 -0.0380363880829359 58283.7965673796 77336.2920117222 215.267356136972 -12.1808651785076
472160 56494.3150511893 18853.9538932918 35808.7870794888 2029.23951481168 0.997167996471865 -0.0381849143284366 58624.9379055513 78092.6656965636 -445.112436914213 -12.1575976662139
472200 56465.0109702952 18888.3607831278 35825.6543095558 1973.46934793066 0.998987744711243 -0.0375644695459544 58248.9487366111 77023.0444489901 -689.708863134123 -12.01740565583
472240 56413.0277927479 18863.1816596143 35811.2371564334 1937.52427466148 0.997656044406416 -0.037567906931267 57092.8463039775 78013.2783647299 -512.113658549838 -12.004867038227
472280 56491.2524461548 18960.5095188505 35762.0062400809 1959.2132827118 1.00280362389795 -0.038327335070221 58970.1545271858 77763.7362241147 15.8239983270132 -12.2192282656696
472320 56481.995390485 18946.9897949297 35763.9056494162 1960.93408404386 1.00208857833821 -0.0377944082724312 57851.1221962978 77743.0505172749 -351.679382844604 -12.0888462699339
472360 56559.213387923 18989.4360255178 35797.7787603857 1965.66724814519 1.00433351979467 -0.0388551920539804 59009.6311200453 79167.3471989419 9.92657188717256 -12.3840890015908
472400 56477.1913335057 18937.203445914 35761.7945239626 1976.50851078881 1.00157098748719 -0.038474742241484 58818.1883279844 78488.047941078 -156.317493830605 -12.2868610968907
472440 56470.0809783101 18934.6974353243 35774.0583259961 1988.32299160466 1.00143844692975 -0.0382112627261964 59791.4905416695 76868.2632360355 -277.237813046991 -12.2137982884871
472480 56420.19219659 18868.9202795249 35787.1848961647 1987.33021059876 0.997959554648946 -0.0381124433593873 58835.644652982 77854.6886959629 -573.274498513671 -12.1688848934491
472520 56492.5255029741 18866.1532590682 35836.1501521683 1997.16983896045 0.997813209523638 -0.0392887076613682 60901.0189907295 78847.4175622014 -353.6910326102 -12.4377850094917
472560 56458.3479619282 18859.08742047 35829.6621175386 1998.136414039 0.997439503925426 -0.038272215791624 59094.2649576575 77164.4120716159 377.502806010972 -12.2259226550445
472600 56484.0281932673 18862.3529311482 35901.7181135875 1948.00998101814 0.997612213732551 -0.0379919984216457 58039.7784661677 77863.4270593575 -97.7702799606222 -12.1299454937726
472640 56348.5320860558 18804.6627657111 35801.596582939 1950.97356854626 0.99456103481217 -0.0387418415051573 60150.1813485392 77822.6103895954 -121.946267289997 -12.2793063284354
472680 56416.9938144406 18804.2208457316 35876.4552687346 1943.86179822339 0.994537662077565 -0.0380785989480208 58215.1396110521 78076.6772483597 -318.392101951188 -12.127289808409
472720 56407.0833196713 18885.548472365 35768.7270796645 1940.71648650027 0.998839004223984 -0.0380650953277618 57347.4635219483 78682.4236010881 0.221746089328988 -12.1358688669524
472760 56387.0797621702 18905.0342987468 35758.649376822 1929.02352785059 0.999869591365693 -0.0391913896103837 60632.4984833312 79065.5581483922 -481.307606585198 -12.4403997201623
472800 56319.3420889627 18789.2994795013 35794.2007602702 1923.35182622417 0.993748484966354 -0.0388731702038646 58775.8303710129 79748.632557088 -317.929827476871 -12.3226793014697
472840 56440.77591727 18886.3932659826 35770.1670503491 1972.35528971262 0.998883684568697 -0.0383478362200074 58537.831077358 78156.8555184813 73.8798489032429 -12.2315087698308
472880 56343.0163935267 18877.4822392101 35668.0332507057 1994.94498152936 0.998412388692851 -0.0382567861592816 57850.2210602405 79034.0020298951 -441.747920246856 -12.2168872747233
472920 56498.3319041771 18884.6724025766 35756.5156338096 2018.97612826141 0.998792669711837 -0.0380720457542824 58703.7271318555 77765.6921081686 -396.373080075669 -12.193155237334
472960 56443.8782945858 18867.6672343414 35801.7362769001 1974.12696505455 0.997893282260554 -0.0383328895761732 58825.7626423311 77217.6097670352 732.318690040591 -12.2455938641313
473000 56440.191948574 18869.3031599637 35790.1859096725 1984.33976061338 0.997979804837428 -0.0386287746971049 60066.1718232405 77283.4624585361 196.717817776095 -12.2960459438702
473040 56270.7375325872 18805.9957709527 35720.2241125079 1954.14680435448 0.994631536213283 -0.0376186321249434 58470.3188384715 76946.6240692362 -709.492152690679 -12.0086368219227
473080 56546.1247202842 18982.2835996805 35795.1939223117 1955.91881377896 1.00395523467833 -0.0390815481792554 58985.3929741853 79429.1129092278 333.908607478367 -12.4240932028276
473120 56427.6884361937 18880.674708563 35792.4371552593 1954.52967090418 0.998581235412563 -0.038148374869113 59463.8240848501 77060.2229611193 -355.429310949188 -12.1742379535911
473160 56338.0274377676 18818.8888823184 35757.5632552806 1948.07188230578 0.995313440820752 -0.0393400105643344 60512.4065345928 78568.9856603472 477.582471785845 -12.4267235710423
473200 56237.0320639581 18715.4875272381 35803.7305348513 1936.93787054153 0.989844639811615 -0.0380566839719859 58751.9318677675 77130.3448802379 52.0658335321403 -12.1433295364814
473240 56376.0600767823 18904.5200756756 35766.5652653308 1931.24513556108 0.999842394588159 -0.0381393652563635 59160.9701332896 77513.4120973538 -477.817461221463 -12.205950750144
473280 56441.0509353734 18926.0858851255 35774.5718358514 1944.25416625816 1.00098299008994 -0.0379622175047727 59231.9703118076 76891.8686923248 -362.233193906716 -12.1562323192434
473320 56455.1477076785 18976.0497755709 35787.2961572231 1939.38078432133 1.00362553354864 -0.0378238063954672 58775.1282138998 76600.2598581289 -122.264430384697 -12.1122955896062
473360 56210.3201567661 18828.3759097975 35675.2921565372 1960.03830525016 0.995815200835517 -0.0384407853545165 59406.8932734673 77343.6211742306 193.982530505836 -12.2590094230644
473400 56429.0317854828 18948.8723823633 35783.5511580696 1924.23638524011 1.0021881466277 -0.0390739756671265 60460.5338297569 78407.4460884564 -27.8996860561564 -12.4376924067502
473440 56286.8011830625 18888.0335745602 35682.0441274735 1934.83583738191 0.998970438955981 -0.0374918941451877 59171.3526917442 76409.6837467941 -1228.25345542527 -12.0206647836479
473480 56418.008717928 18925.3190717919 35778.7355891057 1957.68366392042 1.00094243404955 -0.0388290782496939 60401.5793211049 78301.5888426451 -606.77117370969 -12.3404736453055
473520 56474.2219477412 18990.370859121 35776.0937694733 1947.54398679689 1.00438296227005 -0.0383662534481572 58194.1030641479 78232.5156585524 447.483383724576 -12.2488676533521
473560 56380.3008419141 18923.1292263765 35742.9427072005 1931.41986398078 1.00082661517263 -0.0385694372193436 59361.4707234922 77956.3961716232 76.145199265329 -12.3084584050506
473600 56600.3796686549 19028.7476079597 35788.9442248618 1941.77456210257 1.006412672641 -0.0382401666669321 59376.3854735418 77862.9012957286 -644.968571654382 -12.2267409907664
473640 56413.6321667727 18875.0178328676 35817.444413557 1943.0978165717 0.998282048545158 -0.0380963393741603 58050.4738679786 77712.7764932366 205.980090462462 -12.1694153925947
473680 56502.7399730852 18984.604404721 35783.9274436702 1956.55354836673 1.0040779798874 -0.0378145363171765 58128.9778499525 77263.5855620093 -45.2262711071354 -12.1321417291441
473720 56370.3072603149 18816.647082833 35772.205606332 1983.17439446744 0.995194874141639 -0.0382033093990503 59734.6057411529 76316.0594240571 302.51196915458 -12.1924385238979
473760 56365.8970784192 18893.98086698 35763.3074235847 1945.44489571239 0.99928498569245 -0.0379457737468681 58615.2417263567 76253.2099935012 690.886167269002 -12.0877520761297
473800 56322.8662021913 18898.1251214379 35721.8590089748 1930.82681329383 0.999504171436622 -0.0376973976590009 58230.5072630329 77506.0346460644 -791.9997847014 -12.0355395882891
473840 56398.3649154945 18879.7753539327 35755.2430891982 1945.53729371534 0.998533669386893 -0.0379882976549426 58709.3769518563 77430.1569718573 -367.266819652197 -12.1474327679778
473880 56434.6743138566 18855.1955478489 35782.4533135292 1972.74503914275 0.997233666420674 -0.0390255325261355 58990.831960011 79395.6077435102 232.912503786297 -12.401077096977
473920 56452.5793613944 18900.8063466806 35809.5646426984 1965.98861096887 0.999645978933259 -0.0370406128636232 57807.8258411265 75679.0003255311 -327.314809416623 -11.8917596447178
473960 56492.1775367062 18917.6160390892 35835.9538838306 1946.49582244242 1.00053502785081 -0.0381968684404315 58474.9070596417 77666.2422988691 206.715489799643 -12.2255648507211
474000 56510.4806779414 18987.5397646864 35792.7545269924 1950.55246178484 1.00423322833196 -0.0381422881470447 59630.5426984248 77218.220356592 -648.421985921298 -12.2110373107211
474040 56417.3719350638 18863.6610263666 35814.3342039998 1945.64654499991 0.997681397665827 -0.0372419813530778 58166.0574126579 76641.0962779761 -971.372626805247 -11.9892687277291
474080 56374.3465042997 18826.839609683 35825.1863062916 1949.23894987785 0.995733947358613 -0.0380793366635408 58549.4681882756 77701.9318265904 -262.46685655593 -12.1837580176405
474120 56545.6243968383 18915.3637143097 35859.2522307744 1987.27065283475 1.00041590449873 -0.0375910861562868 58183.2439800566 76944.954657432 -511.522478492625 -12.0434177423893
474160 56304.9382604906 18872.0753524269 35713.7539920849 1978.98710448722 0.998126423505322 -0.0392949843350669 59311.2961905749 79963.9971083487 148.797874270434 -12.4354061491974
474200 56466.5723981727 18889.5089449124 35809.5404520113 2007.81706024569 0.999048469914711 -0.0384667447929095 58882.6940310634 78452.0690824417 -139.179415092732 -12.2540065063785
474240 56620.6974849674 19026.1008922275 35856.0333066633 1969.36102957743 1.00627269032011 -0.0390810200566175 59335.8205247377 79344.1580771885 127.1699590877 -12.4115669967774
474280 56622.7622646087 19010.4281589763 35844.6313794374 1984.16607849672 1.00544377410955 -0.0392180905462295 60046.7098862689 79349.2423078185 -212.406777342541 -12.4415223141178
474320 56310.6146637925 18822.8810419121 35745.6387949431 1981.75205450431 0.995524582409736 -0.0385081275432185 59120.5026718402 77626.5346445983 519.554904601125 -12.2762257675835
474360 56429.0985714357 18846.7737192076 35899.1984941796 1925.95324915491 0.996788243776679 -0.0381658259447574 59861.2002656587 76651.8431830972 -231.957318738266 -12.1589931566035
474400 56308.9628760777 18758.2301998545 35826.3214858359 1961.18080418577 0.992105259809838 -0.0377007008761854 58479.5771972962 76616.8086932709 -200.588466722877 -11.9832158704779
474440 56328.9750783922 18813.674075816 35795.5802674175 1972.7997784719 0.995037634579715 -0.038647711930325 59429.6609868586 78049.566052431 97.6781503508663 -12.244063485534
474480 56164.6390667977 18772.9916220147 35713.9966319754 1962.27136850451 0.992885977628701 -0.0380495563443358 58609.8616602561 77388.5722526755 -45.9599235500889 -12.1229204028809
474520 56480.4511687923 18956.2281857769 35803.8098727965 1951.27657303869 1.00257718819394 -0.0375837334103697 56742.163546454 78072.7915596252 -106.906249248683 -12.0633293622179
474560 56317.5355387813 18857.9353828376 35771.1002659097 1929.00963087325 0.997378573731991 -0.0385280623931087 59207.0414492827 77488.4186166904 527.441122434027 -12.2508778372026
474600 56334.4957421845 18828.7003540306 35748.850991663 1980.93661583684 0.995832360387707 -0.0375980709097148 59139.6347751253 76325.8647225142 -775.393256445483 -11.9973287109163
474640 56241.6018932842 18805.3437995254 35728.6446130872 1964.60683914253 0.994597054053966 -0.0379708875103304 56901.7449248459 78731.7016634955 60.3755213374964 -12.1088072341915
474680 56153.6213426845 18778.1041077368 35693.7219767622 1960.20517283479 0.993156372219323 -0.0376197308958776 58933.8014692251 76866.1808331127 -1076.00075770088 -12.0317512405288
474720 56241.1619493983 18872.6033215497 35675.4399487814 1957.87244132838 0.998154347298675 -0.0377868939354194 58648.0200817966 76622.9202077837 -21.6463204395359 -12.0979526239206
474760 56437.5076345908 18935.7230677629 35822.9574862692 1934.2095075644 1.00149269167066 -0.0377642857522857 58173.0598871178 77451.9066506874 -428.189385929265 -12.1160187025728
474800 56239.0926250927 18865.2553160629 35714.5958451304 1908.17980908253 0.997765718157499 -0.0378539609565974 58554.4148984719 77116.973037662 -200.374730381229 -12.0632226237169
474840 56263.2449315902 18840.4743461607 35733.8974107308 1923.01919698112 0.996455075824974 -0.0384308806282429 58310.4365152891 77877.2193825662 887.915967998943 -12.2402128375832
474880 56302.2252523574 18956.7269678194 35671.3920363781 1941.54430196367 1.0026035683099 -0.0376979601388501 58320.3447560131 77076.5082083662 -423.829764324132 -12.0564310689806
474920 56281.7779512086 18863.5795929178 35757.9098282933 1952.35572614373 0.997677090726846 -0.0371756371349068 57779.873419077 76043.3233950138 -267.234881267944 -11.9311440620709
474960 56316.5335424616 18929.5592776601 35690.0863609699 1953.6059833279 1.00116669457412 -0.0372778300488415 57817.5306415754 76769.4542210677 -726.94535406344 -11.9932683938824
475000 56228.2310538743 18838.0927356254 35641.5795277287 1979.72928960033 0.996329114670125 -0.0373272677190588 58244.9738351907 76317.2855346646 -642.149237177524 -11.9359102900097
475040 56294.0637728259 18892.6517256959 35651.3129584645 1971.23633443587 0.999214688652433 -0.0389548828322765 59638.4622959606 78472.6479039852 273.999244167956 -12.3457955820522
475080 56383.4572382132 18928.6393071141 35670.6788406719 1967.37981508644 1.00111803819194 -0.0380895550010333 58885.8287363317 77813.1127184493 -636.390408051067 -12.1384177321235
475120 56338.738944178 18945.3796862957 35636.9405260985 2010.83315525642 1.00200342119771 -0.0381432671468474 58709.234352842 77660.9601504136 -245.0827949045 -12.2036074296154
475160 56172.3736902088 18702.7338752421 35729.3256148378 1982.60455143 0.989170111079843 -0.0378590813900502 59530.2475638265 76015.7316026021 -153.286951886349 -12.0910473424287
475200 56385.4911944269 18885.2479044491 35735.1587204612 1982.84066830379 0.998823107467888 -0.0378974699096488 58548.7073451062 76597.2807198217 519.400481980868 -12.1444636723269
475240 56238.9437485231 18798.334825398 35653.722267867 2007.69347179445 0.994226355964458 -0.0389092848353128 59269.3211112618 78884.1466815081 194.140381940982 -12.3506823117854
475280 56298.3567590339 18897.2737434323 35678.964073408 1963.01969025944 0.999459142849784 -0.037634954106769 58220.1759083143 76965.4132456067 -515.914367550644 -12.0278372448315
475320 56359.1547570377 18873.3737358378 35732.8761377155 2001.23736092197 0.998195093790176 -0.0397439763779288 59921.7467830638 79994.361523625 683.810100415356 -12.5527604188341
475360 56343.5451358248 18844.6986787436 35739.2153022847 1983.84060307721 0.996678496826317 -0.0383785201343498 58869.9023840533 78196.8007443656 -173.10853602867 -12.2373300730185
475400 56415.4852963553 18884.471654072 35784.7841991259 1967.7685445451 0.998782052311093 -0.0376441986340309 58573.9105873472 76638.8791836543 -517.383496041333 -12.0409034404889
475440 56372.9233943495 18893.973239274 35703.1837501675 2001.30244237545 0.999284582270208 -0.0379309624847533 58510.975714511 77045.5033808539 103.165651560853 -12.1567394340218
475480 56330.7020572175 18855.1440820416 35742.2224459494 1952.60756870862 0.997230944442239 -0.0380756609600825 58580.215603087 77570.219697491 -194.038659134172 -12.0994851747841
475520 56096.478722227 18703.1740006534 35680.7753846435 1968.6427122845 0.989193388901408 -0.0379889755173527 58537.0180984831 77585.4911950817 -363.08588440533 -12.1280968398922
475560 56311.5594249735 18897.5498236861 35703.2989786145 1964.22313731921 0.999473744476324 -0.0378793998835512 58334.5295747541 76850.0433550719 303.032008041656 -12.093617312298
475600 56408.6859697241 18941.9542851616 35711.7781662568 1978.44576548845 1.00182225493384 -0.0366463357282279 56561.5641108203 75812.0177697341 -404.721559047552 -11.7856308104052
475640 56409.1725013663 18924.597898516 35761.6414555078 1978.43114645244 1.00090429186915 -0.038267881832844 59265.3627506791 77534.0546068975 -274.883602857089 -12.1276076119594
475680 56453.0472801182 19000.2428693076 35704.2302413858 2012.06147626216 1.00490508366033 -0.0375539338315869 57581.9760063069 76968.3340014699 27.8555508140064 -12.0163118125765
475720 56402.9896855028 18961.45873419 35724.1982678479 1982.52383497268 1.00285382700992 -0.0365526032161029 56485.780595257 75898.3285708773 -553.866132242301 -11.7850190241965
475760 56285.9914662616 18843.0803689115 35699.6110678959 1977.281787005 0.996592905932116 -0.0373213959701088 57156.9696678157 76723.6854817977 -5.66744554265669 -11.9832314869915
475800 56192.4723920446 18796.8957908332 35660.5256779561 1976.56215369754 0.994150246771558 -0.0382235532379111 58661.645249532 77828.6990406199 -33.4455496089243 -12.1594862248573
475840 56466.2440224478 19007.6068075662 35694.3429523859 2002.55398565246 1.00529455547091 -0.0381176577535834 58515.0764457782 77464.8769070448 206.265167511324 -12.1856883527003
475880 56267.7971846528 18827.2701647464 35743.7704872567 1959.33123153607 0.995756719013431 -0.038904808876624 60167.3890191286 78032.6280623343 140.383870098213 -12.3065723700729
475920 56420.3038407827 18984.8179501142 35665.6612004037 1989.49759697573 1.00408927410362 -0.0382997959619963 59564.1206327092 77181.3075835142 44.967426445635 -12.2457770718194
475960 56236.657516995 18932.7686797613 35625.4249543014 1975.09026780306 1.00133643685105 -0.037482913627832 58495.6742096936 76083.1768691445 -166.973144043128 -12.0192516055721
476000 56275.3142126909 18919.239203778 35642.3313457007 1975.48778111453 1.00062087551385 -0.0384561498329412 60156.3189754181 76756.9789595916 200.654727748552 -12.2560272458041
476040 56346.5866518156 18948.650112814 35657.8390743144 1986.83138079838 1.00217639099902 -0.0382290426030673 59462.0409666727 77290.222555921 -322.074385686432 -12.1835181325518
476080 56429.1671348096 19023.9381136776 35716.1634111283 1955.34049602546 1.0061583029844 -0.0381355435072484 60104.1161131509 76196.449368822 -112.111672626662 -12.1710493851816
476120 56282.7368626448 18871.7628142698 35690.7469435046 1966.38725987873 0.998109893654358 -0.0377040441579656 58125.8975289548 76737.1419688369 96.4778831823371 -12.0624368510558
476160 56314.9983620307 18911.722944442 35691.0562607861 1977.56974094696 1.00022334758387 -0.0377761373506136 59542.8584950148 76355.2052978398 -749.127688973255 -12.1151798529486
476200 56259.2113897988 18820.40178502 35735.2290817636 1949.18961085986 0.995393456830356 -0.0392841778378248 60192.8849849556 78875.813914016 302.460197344651 -12.4469599382363
476240 56300.5529998173 18885.1734941454 35667.8588645831 1964.76421578811 0.998819171976485 -0.0389556281406719 59416.2276830771 78561.1962801263 489.126880931537 -12.3922300757775
476280 56343.8098818963 18947.4103640695 35696.7389379279 1968.79563138741 1.00211082184686 -0.0378378885526281 58042.8745743364 77532.7304982377 -211.860099002362 -12.1193394071519
476320 56331.9452193441 18870.0410732398 35711.9142352625 1999.45417312822 0.998018832380789 -0.0393314824268307 60341.7606199335 78719.9951785124 501.805535656109 -12.4437928898205
476360 56289.6868671667 18935.5237890235 35675.2365828315 1964.95883392761 1.00148215200442 -0.0385991898745075 58679.8172330916 78585.516409487 247.916037117991 -12.2794217966642
476400 56102.0052080918 18752.4039031353 35633.0705050387 1973.63330575042 0.991797112422864 -0.0373746159318565 58274.1362345497 76257.7987820083 -296.376084305082 -11.9534478648712
476440 56334.2153358738 18897.6581596727 35714.6923227094 1943.57840888859 0.999479474265381 -0.0374302181226388 58324.9445580842 77421.600121116 -1532.71524497923 -11.9532607531018
476480 56345.5984598205 18980.8958199027 35702.7132680784 1901.22308391282 1.0038818363032 -0.038239479414153 58969.8095520535 77224.244866571 316.36933492008 -12.1896595481643
476520 56314.4248128154 18919.8897666565 35712.0410113289 1917.13467964297 1.00065528317633 -0.0373695434823497 58141.8433665287 76156.3033843162 -312.057406495123 -11.9821078723695
476560 56403.9076023692 18961.1077832709 35736.634617307 1953.19749788781 1.00283526554388 -0.0363427402614364 56064.460281281 76009.5572616159 -944.237355658599 -11.7507786514133
476600 56504.5823367555 19003.8347568311 35789.6894937512 1972.65850064352 1.0050950552337 -0.0378933368610461 57573.3466792919 78263.1923661621 -226.105203804692 -12.1634568283551
476640 56443.6551603516 18996.5555305748 35663.6749879071 2018.57463684217 1.00471006376172 -0.0381369832067665 59850.4777504543 76767.7045007997 -186.997507746977 -12.228573947819
476680 56393.2774674107 18827.1987391452 35748.6769538413 2018.36141927278 0.995752941380149 -0.0391621922504984 60834.6175672052 78025.3770170301 239.303324580387 -12.388809519437
476720 56392.7467187206 18921.2928636994 35740.3049038045 1969.4302860725 1.00072949166729 -0.0370223878037141 57651.6393990948 75964.7237865478 -560.808963843379 -11.8920069866868
476760 56385.1314393862 18892.0696607009 35758.8439260329 1956.6088300989 0.999183903778973 -0.037433665564101 58176.5542743879 76221.7524334226 -250.951614814786 -11.9501295681397
476800 56306.8036191764 18933.6763928834 35597.8701355927 1981.82996641343 1.00138444494954 -0.0383994082843683 58391.219597539 78300.4502626484 215.610936281908 -12.1993721938002
476840 56505.2010001456 18974.2319173861 35800.4986724882 1937.12671130188 1.00352938872861 -0.0375620672851131 57300.9698147044 78016.954067959 -822.806756956656 -12.0071203923685
476880 56361.6453497136 18858.953402975 35731.3852267374 1976.83660833125 0.997432415865395 -0.0375394500720469 57853.7428027805 76826.6296396239 -149.354221995311 -12.0219489890757
476920 56345.5127271142 18815.0699794779 35737.3971374672 2002.17196029203 0.995111462619483 -0.0386364310279972 59933.0435840734 77538.0427553706 101.460760269859 -12.2337450569897
476960 56402.3346205475 18953.5760489894 35669.6832025591 2005.72070342577 1.0024369191585 -0.0377923553006697 58324.471417084 77079.3540247837 -250.217141944938 -12.0777482882076
477000 56371.8739413464 18897.5959198851 35712.9614752474 1953.61724050245 0.999476182461198 -0.0384714681305526 59234.354701846 77335.7849098667 640.615534070287 -12.2326583313171
477040 56301.6708031045 18870.3873707678 35744.4582077549 1918.4400234862 0.998037147733321 -0.0379645161425574 59239.1270129896 76909.895853761 -301.551928700915 -12.1166211952294
477080 56309.2879719443 18958.7393494888 35637.6540239387 1941.78227651446 1.00271000129519 -0.0376590100262576 58509.0365295912 77047.1974733835 -592.395064009811 -12.0700354516959
477120 56317.9468474434 18879.4419042254 35715.412409196 1950.62068416447 0.998516033543587 -0.0385673712576847 60195.027438619 77334.0537952031 -238.362537592821 -12.2324614599006
477160 56224.7486305241 18831.7786640138 35659.3067431825 1953.09818880768 0.995995169325073 -0.0368819512774042 57823.7517583178 75494.384742712 -615.218080226417 -11.8230460790125
477200 56434.9978521116 18894.5537643118 35745.8408026193 1978.81076866107 0.999315285696775 -0.038626081377287 58994.8808216736 78754.3908590977 -244.943055760329 -12.2227455838349
477240 56379.2954963957 18912.7954506311 35662.6549538559 2006.83792893941 1.00028007143362 -0.0383492804673979 58838.9444648742 77512.0779400868 475.24992091761 -12.2050715744511
477280 56269.1642431636 18789.1203952315 35675.5169157595 1984.61834449886 0.993739013366733 -0.0377713453356862 58666.6798244921 77175.5621021734 -668.855601307387 -12.0510217603152
477320 56417.6323293285 18942.8059471847 35716.5626215738 1994.78218365014 1.0018672985421 -0.0382624346602875 59077.669673483 77234.7044378614 121.197181995531 -12.1645844447828
477360 56561.361725102 19081.6378516139 35720.5478138312 1965.00531724737 1.00920998818532 -0.0377530414546212 58616.8653325063 76138.2486138172 326.194751689691 -12.1107944707193
477400 56227.6856504776 18874.2302019173 35628.9326367131 1948.21141824464 0.998240391480485 -0.0375315159077261 58211.9988561448 76164.1810930228 70.105764724133 -11.9987857021021
477440 56278.0122586758 18908.5527026579 35679.7681548017 1916.08460683727 1.0000556764595 -0.0381931853527534 59157.5535108889 76769.5955079332 401.264386670611 -12.1865871285343
477480 56297.9462248003 18849.1201795431 35748.4640302614 1902.82084007575 0.99691234587032 -0.0379182875626617 58930.0735342312 76680.8513946035 -8.17317858247562 -12.1181315206294
477520 56478.7008194986 18978.7076356738 35735.030813207 1958.38284202277 1.00376610528487 -0.037917508906906 58298.5591982663 76820.4519448873 405.92145888022 -12.16102629595
477560 56369.6283564446 18999.7433336436 35588.5860075251 1975.22115611238 1.00487866368603 -0.0382407531970764 58591.6177969404 77916.4482182518 -8.57573865257138 -12.2224414925112
477600 56271.1290595052 18896.8113091276 35630.8983091143 1937.53810546772 0.999434685131701 -0.0383956088075289 58758.4315814371 78522.606215378 -497.692342810987 -12.2037230539554
477640 56295.7361346108 18914.4516730784 35635.1689172919 1937.25518736021 1.00036766749059 -0.0387366692497391 59248.7423245906 79159.5614323358 -586.974039472619 -12.3021389662297
477680 56352.7153126763 18949.6527932386 35685.0586590986 1922.9078177782 1.00222942182936 -0.0376714158163187 57065.3902563436 78106.9967949399 -272.192100397821 -12.0637440834126
477720 56263.889902902 18850.3525185741 35702.0483179829 1962.6268665266 0.996977523129665 -0.0388385021297307 59493.0083361121 78561.8835292959 77.6375667177967 -12.3019617003873
477760 56319.7714856727 18904.9320987143 35683.2589258841 1971.14473903708 0.999864186101508 -0.0383925169022828 58166.1781832007 78366.2437429116 438.44871378979 -12.2181531341969
477800 56335.0371580144 18866.9711251384 35750.0061976725 1954.75720772393 0.997856465695541 -0.0374358427771741 57287.362830947 76755.0193802924 89.9778641435456 -11.9476045511056
477840 56292.1658581666 18891.6296083926 35656.3614532272 1970.41803524724 0.999160629823752 -0.0388272152780577 59512.9269419635 78485.2614477034 87.4659052316041 -12.3447302862899
477880 56295.6546873925 18893.8696902987 35684.6036362444 1938.44546198743 0.999279105661707 -0.0370677741459274 57429.1185444958 75933.9941376859 -143.11759320496 -11.9210683457197
477920 56300.3249165878 18881.9857423124 35709.4581927105 1930.63116777567 0.998650574761996 -0.0373738533237079 57870.488584144 77031.3190800053 -896.174115946667 -11.9658625409343
477960 56131.9395996521 18848.8258922386 35562.1306650105 1934.39001770154 0.996896781289889 -0.0380767078439778 59292.7751093587 76916.8212001201 -165.081776180851 -12.1516290461201
478000 56246.1683868747 18884.2012340668 35675.9892885483 1922.13079051508 0.998767750049809 -0.0368704477491844 57535.0593021151 75722.257497964 -643.936306927537 -11.8163370724318
478040 56232.0643607538 18784.9430349924 35714.2182653214 1956.6813150636 0.993518076688744 -0.0381580810031092 59230.2885952595 77091.874904143 -133.074675477444 -12.1409088399488
478080 56333.9493205332 18879.926160127 35712.6979072053 1940.53348229686 0.998541645385536 -0.0383225216939071 58850.0747246634 77739.1663712606 42.1554314606446 -12.1951474715411
478120 56402.793324711 18881.003107165 35736.8899513714 1964.70086125432 0.998598604107632 -0.0378489429932625 58053.8077080914 77557.1561327422 -296.224856669592 -12.111209493413
478160 56279.7684515397 18904.8041340377 35615.0649891685 1940.53554840461 0.999857418169386 -0.0376332458401722 58276.5188391874 77106.4623457699 -637.887369912508 -12.0409542290105
478200 56269.4826669247 18857.4379328871 35618.9471093882 1959.31046471692 0.997352264069131 -0.0368087408603696 56796.5221378556 75670.5471965578 38.7220724990674 -11.8542164720172
478240 56286.0886987654 18835.3936618807 35668.1359620826 1971.62283290606 0.996186363182901 -0.0377590257474901 58549.7791025601 76473.7332597178 129.077941240092 -12.0619265244851
478280 56297.6082633796 18941.8989349518 35609.758482073 1953.69365232317 1.00181932751299 -0.0382804230779339 59467.826764878 76605.7901510902 654.340136209528 -12.2515236067672
478320 56348.4792656255 18954.9970089625 35651.2755538694 1958.51642792689 1.00251207240315 -0.0382388209252469 59687.1620160729 77272.2257576673 -509.023957047481 -12.1909042847975
478360 56326.346382234 18878.7347033285 35730.2926701618 1936.7031066977 0.998478630349251 -0.0382931576163431 59588.1526637167 77449.0968856499 -487.396052813894 -12.1971946229447
478400 56478.5522702934 18977.0877100625 35735.5249801108 1955.98385582882 1.00368042893363 -0.0378272254866178 58390.0774962376 76910.3168012001 2.74221845421849 -12.1178423154335
478440 56486.4832989029 18897.4730888657 35789.3176319134 1980.96217753434 0.999469686043406 -0.0381869829559338 58413.6450564981 76379.2275778916 1414.56220684758 -12.1518983665384
478480 56361.3010254168 18903.9746615956 35663.0011168247 1969.19943952365 0.999813548147325 -0.0382085090527094 57678.7035957211 78429.973680502 287.585028627261 -12.1651368382691
478520 56275.4424705569 18841.146278523 35662.4507669291 1933.47007417624 0.996490613699484 -0.0381080119516191 58493.0453862933 77457.4764660777 112.068746411295 -12.1200929834326
478560 56398.6160014524 18867.0312345787 35749.1548655408 1960.45874534752 0.997859644827646 -0.0380699374499587 57976.6657938781 77787.7103692602 112.401366487233 -12.0978763870852
478600 56169.678312357 18749.4966967341 35634.5727437758 1958.87150892413 0.991643352994001 -0.038415126524723 58705.0424773333 78013.3086545717 322.86730226528 -12.2059185578055
478640 56345.6441467292 18914.1552169878 35667.4617211637 1969.02519444013 1.00035198820509 -0.0382429699239824 58197.8205980109 78122.0903471991 60.6873672783003 -12.2123312615518
478680 56458.3553760368 18966.1872429156 35685.7886599296 1980.26160918097 1.00310391341614 -0.0378454596942936 58407.831974011 77172.4300132454 -274.802002108077 -12.1041860435809
478720 56396.9639499717 18859.0161819848 35738.6395274824 1977.39660879461 0.997435736188539 -0.0380287848047008 58544.3703167491 77765.1517244661 -484.204565750077 -12.0947462768515
478760 56284.1976324445 18816.3371741258 35718.0071777546 1926.50518423068 0.995178483359818 -0.0386724766109684 58191.1282500632 78781.0399504013 626.098299967449 -12.2603206506649
478800 56303.7341063202 18868.3015431646 35656.2028746605 1949.37999513952 0.997926830261249 -0.0376392074838211 57839.2841815189 77371.9518377388 -396.316084178738 -12.0019900022714
478840 56380.8702414009 18950.6383482383 35606.1457282618 2003.71536836747 1.00228154691198 -0.0375008516595246 57690.8140631555 77079.6867991498 -332.918912248427 -11.9932699440118
478880 56241.1240289851 18748.5781118928 35664.1576544825 2015.36531372314 0.991594769900452 -0.0378809366665208 58469.2701768444 76809.7568480464 198.404583697152 -12.0725536206396
478920 56413.0221172107 18897.2736127313 35744.0930642139 1947.39604210554 0.999459135937131 -0.0378914512530968 58008.6831265144 78043.4358443661 -513.940095253839 -12.1159170302146
478960 56228.9051036486 18890.2651084214 35590.8422669562 1934.34422456902 0.999088462695828 -0.038597637854092 58357.1439389684 78935.6259136532 101.388721633508 -12.1804430372654
479000 56276.3070597984 18878.5218704341 35571.1814464044 1996.92326118452 0.998467373816426 -0.037349421512333 57810.7319199104 76126.0509753981 -91.1700596640156 -11.9164753141446
479040 56292.983320014 18814.2787959298 35627.1149206434 1999.6360516742 0.995069617661233 -0.0369477209961038 56941.3074988905 76464.6764458413 -615.746167076429 -11.8777329024667
479080 56558.45766334 18970.6710947947 35715.2776911337 2023.25468167874 1.00334106015046 -0.0378553693953453 56943.2380606834 77909.0761667724 426.473294399887 -12.0662557985318
479120 56442.1820481116 18928.5191065241 35696.9897612998 1993.68125663479 1.0011116808951 -0.037265834557094 57552.0829747379 76859.6004510665 -568.834212368785 -11.9871757551361
479160 56319.1075751826 18872.385099695 35622.427091095 2008.21865142536 0.998142805748778 -0.0384190384382396 59675.0445422305 76751.6931286765 566.958896187389 -12.2226971876402
479200 56352.2195482072 18887.0060452487 35657.7048813763 1998.69962684763 0.998916093891245 -0.0378378334793622 59203.0527361586 75998.7874114081 153.6658234627 -12.0454567699785
479240 56530.8341394005 19065.8146821258 35638.1310399935 2017.05573413613 1.00837311554281 -0.0373602527414056 57795.1574760122 76671.7501971344 -512.223076896524 -11.9811050696367
479280 56324.4923268554 18912.3889562209 35683.0901394972 1948.12842515336 1.00025857232426 -0.0379151130733639 58497.4219853054 77683.0296744724 -536.831258902414 -12.0825678784355
479320 56374.8317289537 18887.2737890772 35722.9984345847 1962.03966855541 0.998930254612041 -0.0384268519157655 59032.8263864717 77975.1242171921 -23.2335373962278 -12.241037265914
479360 56468.6512171353 18964.2992293428 35700.3495462764 1983.45568877944 1.00300405814321 -0.0376233461554628 58948.2679368782 76470.6433313393 -862.007494767099 -11.9931875317899
479400 56306.6604332335 18800.6167967288 35669.4813189468 1992.12099082596 0.994347047294927 -0.0379647323502934 58876.2388472304 76560.2331684624 187.404020338922 -12.0909488936887
479440 56185.8699366174 18808.7667836092 35559.8698830966 1983.46995923092 0.994778092482308 -0.0378996386809405 58231.7593723922 77809.0445508922 -567.053859059923 -12.0453670993835
479480 56346.0330879354 18900.5415372023 35624.1966553809 1996.90479144325 0.999631973407502 -0.0377805802652302 57073.2267483465 78278.4122501193 -246.747440393104 -12.0599091831179
479520 56432.7741526641 18984.7453004418 35662.4820169203 2004.40118607959 1.00408543173036 -0.0373434957153548 57821.4594885132 76295.9571672197 -111.78766367465 -11.9714663148484
479560 56327.960903313 18890.4255690902 35653.7301824693 1993.28137702652 0.999096949310603 -0.0384185426887217 59290.1207428784 77277.8357597767 383.443533696993 -12.2054022098594
479600 56246.2356663275 18850.0624974905 35661.9224530539 1970.43872389996 0.996962184185669 -0.0382195434528548 58662.0947670232 78201.7129467874 -470.154102231655 -12.1238740618484
479640 56268.4954941469 18806.9133402537 35650.5409197493 1992.4765497329 0.99468006559586 -0.0378370874054922 57307.9976552483 78267.4158421854 -169.46104457224 -12.0476818158448
479680 56208.0479732092 18856.2690009683 35580.4917360605 1986.19069732947 0.997290440352682 -0.0372518035407667 57836.6207513866 76412.4583164497 -641.13516594853 -11.9579382069613
479720 56351.5053594104 18931.9390566667 35638.2161551026 1994.16554725351 1.00129255886113 -0.0372596174624231 57621.3076782812 76796.6504462951 -702.201584003202 -11.9290270969995
479760 56379.4552285669 18914.5330057984 35667.2205367391 1995.13563432555 1.00037196910212 -0.0378302100253413 58246.1852410682 77102.7000178008 -40.4299430240267 -12.0905194872813
479800 56396.7297481971 18978.7204516565 35648.8122349387 1962.35296010255 1.00376678311022 -0.0380718427784485 58204.9499682851 77785.8644544174 -56.6593648909421 -12.1361789426695
479840 56275.351923145 18894.3087799559 35623.5372955994 1951.12697840564 0.999302328703208 -0.0370272706971853 58202.7504275236 74708.0012935523 168.149183123707 -11.847720832342
479880 56134.2256977724 18832.193545572 35567.171114422 1948.2277379356 0.996017112022851 -0.0391075480137225 58880.4642577068 79278.8597297118 764.66800378005 -12.3750164497353
479920 56342.7543237699 18874.2212686551 35656.574985887 1995.76662632998 0.998239919008601 -0.0378379924816277 57395.9571005602 77878.0622013417 126.83898818757 -12.1120355631946
479960 56206.4307663669 18764.3659131391 35704.4924777189 1965.16867208166 0.992429771949709 -0.0377343115711398 58991.6971987874 76812.3587539987 -803.89458027506 -11.9944629598058
480000 56432.6230454635 18926.4553315298 35732.8486237721 1983.1719698204 1.0010025297649 -0.0380241530457392 59037.3902017562 76501.2091479927 215.434449285587 -12.1128325112928
480040 56388.1438615595 19010.1059389835 35587.6755359558 2004.00584699734 1.00542673219534 -0.0376103028317498 57608.0737637073 77383.2880682953 -320.663593965701 -12.0245999254181
480080 56334.0197619271 18935.220833141 35622.499329144 1997.92236443176 1.001466128951 -0.0372943453720242 57635.8764910547 76636.7559496728 -524.496868577935 -11.9419148991602
480120 56300.5277084023 18867.9801106851 35663.5448984763 1968.74518020419 0.997909829997888 -0.0355395644953779 55193.1099615279 74904.8513730752 -1132.2118064125 -11.5383553640144
480160 56316.8648812111 18893.2644364383 35648.8763296704 1986.4675859273 0.999247094350829 -0.0371074611217298 57638.7479385068 75947.9755174454 -333.202080713145 -11.891110547546
480200 56359.1097849749 18926.7249778948 35668.8614113877 1959.88055175193 1.00101679110908 -0.0366664583973885 57368.1090061844 75788.3643336556 -1129.78579232792 -11.798420895894
480240 56364.233490399 18897.2770799105 35669.9009639093 1984.3488409438 0.999459319312999 -0.0378310926393707 58142.7519270543 77552.5778357692 -431.543223174628 -12.1079162888758
480280 56474.4127064043 18994.6979011467 35707.4609681702 1951.43276941344 1.00461181547781 -0.0376744111772546 58697.6247785941 76601.010648908 -443.928129955438 -12.0420706510216
480320 56369.7984704975 18848.8442377959 35723.4091733278 1957.31145593967 0.996897751569265 -0.0368882229870466 57970.3399160845 75313.6122022408 -591.828878178348 -11.8398555478542
480360 56361.7915106246 18941.8407461398 35656.8978828086 1963.95481162247 1.00181624996111 -0.0369879394625566 58004.4119918982 75775.1174830785 -811.876192066557 -11.8624872661377
480400 56243.4670785637 18942.8557402823 35543.922283672 1975.48129170453 1.00186993205248 -0.0386208839664851 57416.1836072383 79874.0604612235 227.947460550216 -12.2634369953695
480440 56190.5511468621 18865.7961485037 35584.4770661927 1950.4540688511 0.997794322279717 -0.0377577238025548 58084.0999865394 76871.8825377983 58.8657885671444 -12.0511828143347
480480 56271.4367006208 18835.4976507639 35654.0212630268 1957.94196126595 0.996191863057723 -0.0374072018175392 56658.449795066 77567.839265087 -81.2473826516043 -11.9833260715943
480520 56337.4971403347 18911.3981575289 35663.1496841579 1937.86469926121 1.00020616990765 -0.0373532921711084 57532.4504032569 76741.1404537821 -240.978758023753 -11.9632319222887
480560 56255.4821993313 18878.6553977479 35600.5441580603 1962.53534801392 0.998474435951231 -0.0379384672371154 58189.5769285286 77650.7294380514 -275.99209324287 -12.0771339210358
480600 56346.2543217376 18926.3231736939 35620.8889119677 1995.7786179651 1.0009955400605 -0.0375182636777557 58026.0214091041 75985.7571353504 396.674601580979 -11.9860902708977
480640 56288.0905756518 18805.9078701728 35677.4435966225 1969.2911843368 0.994626887223207 -0.0376221643825575 57947.3004465329 76910.0431497056 -125.380507381207 -11.960470788448
480680 56361.4105275132 18840.4591475835 35732.658164054 1962.7399383925 0.996454271986433 -0.0378688570571272 58848.6171887663 77237.0466376098 -773.525131282088 -12.0221516337586
480720 56348.3318750515 18854.0576019413 35668.1896236765 1978.21998251767 0.997173481525387 -0.0384640647372401 58694.6671299707 77772.9226506181 523.194522177272 -12.2210017091016
480760 56286.0906665232 18850.3611673898 35616.291318033 1979.84203118925 0.996977980557438 -0.0375900574545312 58831.5764754071 76597.0251589978 -824.182248222241 -11.998569354417
480800 56279.798557281 18829.9825178002 35634.2007963242 1986.05338081371 0.995900172830895 -0.0379457126495961 58603.6064357952 76731.132990603 173.621846801659 -12.060349415046
480840 56358.8999109887 18916.9171524488 35633.922559563 1977.34114678018 1.00049806438973 -0.03758741320136 57780.3548098419 76976.6833202732 -130.485080534037 -11.9898187420338
480880 56290.3922881197 18810.9144063447 35647.960656177 2003.54349563248 0.994891678241156 -0.0368816777079419 57713.0208398064 75103.4176571852 -179.137532587592 -11.8357999695715
480920 56348.7590896326 18925.0434001884 35643.4069766214 1971.46506378889 1.00092785403614 -0.0381686266313809 58277.4179466381 78574.1068192712 -599.938141246686 -12.1444754175303
480960 56440.1272233244 18891.8083994674 35714.3714936913 2004.46006152084 0.999170085916562 -0.038282172409711 59340.9444003726 76181.7952824015 978.359904972853 -12.2139990937504
481000 56274.9194000868 18892.3123647041 35621.6345722418 1958.21351282359 0.999196740166816 -0.0370551698671983 58378.4539209944 75178.9589648928 -498.599931364904 -11.8488002089939
481040 56257.9600477848 18897.8538742031 35623.0367355305 1948.26997008131 0.999489825423939 -0.0390917760030641 60722.8480151307 78457.2730704751 -387.214374832668 -12.3416961659479
481080 56326.3689229471 18922.1210778424 35637.4547513994 1981.3840210301 1.00077329513909 -0.0376963499256412 58632.9773191966 76559.6603541701 -214.494894023366 -12.0411932743256
481120 56191.333044264 18867.567780233 35538.8926776221 1991.43022764662 0.99788802222573 -0.0378017542350166 58905.8146985483 77046.9621216679 -652.257998360744 -12.0779173195498
481160 56308.1321041584 18942.1616770238 35610.6202731358 1961.30604963444 1.00183322369556 -0.0378232535933541 58196.9126337951 77469.6193691202 -463.435771071682 -12.0446351481458
481200 56180.4222444108 18821.2741240012 35590.2136051789 1956.58431512649 0.995439594023597 -0.037094093497625 58065.899680434 75750.0949899622 -574.114826840605 -11.8842871866334
481240 56218.0054346958 18818.8276982068 35618.4302851324 1997.03788977777 0.995310204850285 -0.0381314450767055 58453.751025344 77917.4508902005 -284.126427894003 -12.1095987625371
481280 56427.8555830629 18956.1110781373 35728.8083072748 1979.90083783185 1.00257099448035 -0.0368470342511781 57051.7817373289 75664.8558403255 -230.04491610323 -11.8218529131926
481320 56225.1441872469 18865.5934224155 35605.1263827993 1959.30426013321 0.997783600286418 -0.0375248622009221 59855.6619864266 74822.6814604406 -283.254391152 -11.9964692063385
481360 56360.109592853 18917.0293257655 35672.1108947037 1991.53538949741 1.00050399713159 -0.0376433277696438 58201.7941306905 76428.4568621265 83.1106972783926 -12.0019705466174
481400 56259.8910242406 18785.978141389 35706.0798679962 1978.87066354756 0.993572822498425 -0.0379006293638739 58147.385298336 77911.9925881504 -542.20382875647 -12.0574549929802
481440 56431.6924940957 18950.9115050424 35667.6014522602 2009.75822249823 1.00229599392 -0.0377693903405327 57987.9133595448 77880.2651810525 -676.911227771711 -12.0483299601903
481480 56459.4589741789 18973.1415471079 35692.1888256072 1997.59713312652 1.00347172006388 -0.0369232549838857 57388.929798515 75549.3947297204 -129.099381348922 -11.8728373848632
481520 56256.7012847719 18857.7619555328 35595.5716259357 2020.19141492972 0.997369401323962 -0.0387002312437138 59562.7034213871 78106.6453290504 88.471502815789 -12.2513372834138
481560 56264.4391976026 18899.096733647 35506.375115445 2026.09196766176 0.999555559098085 -0.0375500822379045 58394.888010044 76265.7356014793 -105.428772020121 -12.0011523198922
481600 56284.2777123531 18845.1242862081 35642.2911507632 2003.7461114041 0.996701006807249 -0.0377967674979477 58300.3279457201 76698.5181772905 212.34198398338 -12.0454032707238
481640 56306.5621667677 18928.7879068183 35556.3113878342 2040.68324411641 1.00112589749138 -0.0373217064017791 57152.8687205428 77414.1040407151 -690.966773543725 -11.9748331351469
481680 56215.2447853816 18856.527282226 35559.485715426 1998.57320628863 0.997304100606953 -0.0369003682545854 57271.8592701113 76579.9237438553 -1119.99419558121 -11.8116509998755
481720 56277.6875801937 18946.3560914815 35493.206686112 2037.19044247168 1.00205506235523 -0.0368744748607518 57088.5102092965 76089.138398663 -550.146669314309 -11.8612828237136
481760 56284.6121650638 18963.1259156187 35544.4312231289 1975.12069206318 1.00294200267717 -0.037033339376044 58186.1123465364 76008.5199478419 -1271.50042015475 -11.8628807803185
481800 56316.0112950895 18920.3416980759 35622.9814035878 1967.6390210572 1.00067918540663 -0.038469107100899 58592.6739485939 78302.2351033881 208.306358689596 -12.1935489064955
481840 56369.1572993066 18924.87525306 35674.1409539552 1950.79544355462 1.00091896089171 -0.0379884920034904 58233.0430967037 77291.2382766207 262.736153965946 -12.1157108783269
481880 56233.3576724639 18828.0254486176 35619.1682070956 1957.18849457405 0.995796665271325 -0.0371081036182084 57956.7954143274 75191.9321660276 104.006001114263 -11.8968330467927
481920 56307.3933397427 18853.5358338321 35668.7400424713 1970.68867577508 0.997145885697851 -0.0380300431243057 57857.2378356385 78487.7686800973 -484.29990154538 -12.0969056810716
481960 56399.4828074945 18952.859521067 35668.8292057819 1980.72017749499 1.00239902266651 -0.0387086095822464 59180.2962689546 78572.1636361901 -110.534165457625 -12.2677987049975
482000 56401.1560650282 18961.1759080648 35669.011566591 1982.03027000847 1.00283886860054 -0.0369219823185271 56833.1626547634 76060.1136036494 -178.271578474271 -11.892738318491
482040 56332.6856908363 18895.3716312547 35596.6096180986 1994.34926935949 0.999358541914832 -0.0380174505784556 58779.3445796995 77534.8022331494 -568.88742229466 -12.0483827375196
482080 56479.357433646 18990.6190372546 35646.5395719018 2012.12337216459 1.00439608817954 -0.0381809012984673 58520.0018331494 77531.8450623363 185.720356910022 -12.16032909713
482120 56260.6091705593 18934.9520475993 35556.574616337 1948.11716018864 1.00145191313496 -0.0372992912633765 57473.0916777115 77306.307143042 -978.692730619052 -11.9614601754054
482160 56400.2278853673 18869.8732735983 35737.0236502592 1970.15103931215 0.998009957614613 -0.038219366482931 59309.9412104761 77133.9819544106 -96.4344587321603 -12.1466262057426
482200 56347.9710084239 18873.6387259022 35691.6511550135 1943.13878446112 0.998209108866968 -0.0377631360367318 58885.0506225195 76132.0776031927 104.480254419535 -12.0572799033825
482240 56413.2478777907 18986.7055799318 35689.7425942236 1913.78622440701 1.00418910908009 -0.0382429070732273 59989.006080909 76494.3968900276 -1.11270437395102 -12.2072246716574
482280 56274.0952973293 18905.4748430271 35652.4347957484 1904.292458141 0.99989289134085 -0.0376778386950641 58140.0438684189 76644.8086113849 22.9369342601341 -12.0204893210518
482320 56361.5774745779 19024.2201318106 35602.9549557027 1923.01408519722 1.00617321865982 -0.0385342992547006 59770.8663231232 77491.0337651307 6.81507264774957 -12.2326997194155
482360 56458.3019798039 18952.3585292056 35762.8246375407 1923.35826738038 1.00237252567529 -0.0382610054199592 58960.0413392849 77206.4874924632 288.980689462046 -12.1776206670409
482400 56265.2309055075 18826.3493369305 35653.5104113989 1960.8258478271 0.995708017291049 -0.037471697527484 59194.4739542859 76038.2147599236 -975.155552293567 -11.9900145043549
482440 56330.1417427303 18959.0881454445 35607.8505037197 1945.4439090303 1.00272844878723 -0.0378784561574595 58136.6425178242 76694.7267921145 652.688441811225 -12.1035660068306
482480 56252.9141160675 18906.9221854743 35602.9272689893 1955.88212909356 0.999969439929886 -0.0381391173934992 58269.6987579551 77622.4500906023 269.478160857237 -12.1578838772371
482520 56313.8729084103 18957.7485063473 35605.0543148059 1979.48181775472 1.00265759652769 -0.0370895123251277 57478.4953384386 76737.2316201223 -979.614749062558 -11.913620980239
482560 56338.4986449494 18920.1874040583 35636.4638908655 1962.14580367958 1.00067102494028 -0.0382647921705064 59313.4493862889 77019.1759450593 159.162131166945 -12.1696544273148
482600 56253.5051305608 18838.6995981476 35620.4832742399 1978.83070075384 0.996361211061623 -0.0376764092458834 56933.4782746956 77813.8059530986 18.9717433841006 -12.0295543789739
482640 56348.6765603131 18962.0567161472 35606.2025590369 1980.70077534481 1.00288545371663 -0.0376380175986503 58276.1289799527 76757.5272199039 -285.517038391125 -12.0612519042955
482680 56266.0443210946 18957.0233061994 35525.3214612936 1945.42281022504 1.0026192413698 -0.0379817800100429 59744.2976995164 76050.7004288583 -7.93906611048388 -12.1361209714627
482720 56230.9299668129 18858.803218993 35625.9074779991 1953.88775987702 0.997424472774984 -0.0367543900982271 55863.2581966312 76218.2502196578 197.988234832847 -11.8218095982321
482760 56423.0771639191 18942.9203510015 35720.4830043174 1953.24662706099 1.00187334925302 -0.0376505211099327 58550.9425994676 76707.1249056477 -443.787018744728 -12.0543846251701
482800 56341.8161233858 18928.4316585374 35690.1480407052 1924.32444564304 1.00110705585283 -0.0378475988063026 58099.8865921812 77759.0697697427 -462.238785207221 -12.0826570662561
482840 56292.4087066601 18879.4574929043 35631.8268941004 1967.32963213479 0.998516858014244 -0.0374433004412857 57702.4263326712 77560.1071833277 -1008.12174684664 -11.9877216267349
482880 56240.6098801023 18886.8627853915 35590.5103451904 1950.46593872425 0.998908517011318 -0.0378451832912872 58244.5785571653 76908.7914421051 142.296468027697 -12.1011606449649
482920 56284.4660927047 18903.6551615346 35607.9738006235 1940.51039834158 0.999796650087774 -0.0377394996071807 57844.7246143559 77112.3237849271 -6.45984183927196 -12.0143824906394
482960 56263.074895244 18914.286846795 35611.9959827677 1929.85904752509 1.00035894998255 -0.0384886796816689 58476.9971589866 78093.3434542665 573.945616050249 -12.2119459799999
483000 56281.2229353502 18865.5351173408 35640.7278358837 1939.57952844714 0.997780516585522 -0.0370996290656789 57994.0275929671 75802.0859378805 -637.135061571951 -11.8751173364442
483040 56292.9922049294 18844.443334419 35666.0490425462 1939.14822915805 0.996664991903689 -0.0388155589450002 60527.5942930149 77672.3633592991 -62.6762425231185 -12.3241066794907
483080 56262.554671931 18939.5469790259 35555.0661913225 1947.52835654923 1.00169493476271 -0.0368515470692647 56261.097576731 76476.6531014547 -102.699866786891 -11.8649740994915
483120 56148.2713200564 18880.0980647982 35533.5214419391 1952.08666900334 0.998550737262894 -0.0388099950215252 60142.7378825985 76758.2210506189 1121.76820808608 -12.3161948559485
483160 56213.3924361103 18942.2264662581 35559.0566211671 1918.84791820835 1.00183665033759 -0.0383003843167602 58850.9992815053 77546.0018119179 165.334583259908 -12.1953746244942
483200 56130.9899453888 18818.3415175518 35566.4009506242 1968.89594330158 0.995284491209931 -0.0367240731065657 56267.1159843591 76126.7328776058 -194.016245648871 -11.8261184441974
483240 56288.4523919128 19013.8033226898 35548.641330889 1961.33881619082 1.0056222833632 -0.0377252644126627 57907.9809390972 77430.8680420029 -312.396513335528 -12.0926235028922
483280 56254.8633918914 18944.245788594 35537.7201046126 1976.58962456093 1.00194345040825 -0.0373830122471758 58248.5116040383 76112.0576975205 -323.620985162921 -11.9924008606036
483320 56159.6334199424 18832.0259134615 35578.2228777402 1969.12842144462 0.996008246117231 -0.0383508355131993 58167.2405117058 78265.4187533618 353.41043118144 -12.1838804608156
483360 56143.531791032 18894.0914597107 35502.2643686617 1963.96406156648 0.999290834838595 -0.0374092965506257 57245.0781601236 76233.7098729897 531.737493070924 -11.951021931125
483400 56226.6707880164 18952.7090904997 35543.4038588898 1926.78469012726 1.00239106653443 -0.0377178482505906 57457.3909888017 77330.1941324777 96.1535822569099 -12.0140937121268
483440 56260.5163860659 18930.4830551175 35631.6920160883 1937.36363338145 1.00121555230028 -0.0379986688934229 58914.6425673437 76990.630564625 -42.506113431123 -12.1091349095764
483480 56303.4442129028 18917.0087325425 35612.5159134026 1979.63847858312 1.00050290797527 -0.0378154209358743 57237.8516533712 78187.5787146935 -258.775628435219 -12.0219824580638
483520 56401.5746088869 19009.4992523163 35608.3699020484 1998.37079309192 1.00539464510466 -0.0386959111417563 59480.7550649407 79131.1878111967 -864.782842110387 -12.3196796155195
483560 56301.4474765577 18874.0316661094 35651.9614583517 1990.70256708242 0.998229891107202 -0.0382770088065486 58696.9145684253 77526.0283643197 285.292882535072 -12.2023324092837
483600 56113.5842017101 18821.9651998438 35570.353977422 1959.17267068314 0.995476144378888 -0.0376480877850981 57697.3940700886 76936.1751078929 210.720699228881 -11.9969166112643
483640 56253.6550984463 18992.877780103 35558.4482540773 1938.81856101345 1.00451555097728 -0.0377544991803106 57598.2903364747 77210.8759597789 348.09683942643 -12.0559986857815
483680 56228.9192267312 18885.2784448663 35635.2774801564 1937.03912225223 0.998824722722003 -0.0387670606617254 59864.7121906606 78280.9685798983 -211.143405669382 -12.2764196046289
483720 56191.8536451671 18889.4315216774 35617.9158332564 1931.61222693422 0.999044375072186 -0.036839096234206 57167.9766687506 75483.1721710716 -83.3175429414203 -11.8491488383448
483760 56322.3768043998 18969.118298939 35620.1612752878 1956.46573597513 1.00325893422922 -0.0393780400978194 58867.7070369151 79781.6155686136 942.496867446356 -12.4644512682374
483800 56243.6760412412 18904.6354021158 35591.34036076 1964.83177837657 0.999848494095773 -0.037504537500796 57215.9933932813 77014.2662799672 122.363963954343 -12.0306925018939
483840 56370.8420125656 18989.4778217776 35644.9936534822 1953.16066871575 1.00433573035978 -0.0365812008953997 56694.3567456366 75650.0157888244 -548.333583050444 -11.7680262425283
483880 56096.1214217795 18847.140818261 35538.5763775657 1960.76100145737 0.996807659302448 -0.0378310927832719 58525.052454221 76626.9860932583 247.727220811603 -12.0671488135783
483920 56312.1759251163 18993.3405352578 35589.099139291 1980.65495373979 1.00454002566483 -0.0364452078157001 57653.1326307382 74811.8467089589 -761.424300318632 -11.7843651195672
483960 56234.2509956478 18927.7203307976 35559.0222206624 1987.2483046586 1.00106943439363 -0.0378850008444082 58414.6990411115 76830.7710348247 215.216984506169 -12.0788121792141
484000 56100.4744333473 18797.0767439866 35531.2046006161 2004.31869834137 0.994159817214684 -0.0374322301906599 57923.902599587 76840.3864049888 -532.175260546264 -11.9547743262533
484040 56269.7227235257 18859.5635901066 35638.2382155227 1977.06978737792 0.997464688092378 -0.0371724517518685 57234.2475975046 76205.5162349004 51.9591392591933 -11.900819863124
484080 56386.2944144112 19017.5980462939 35601.731861567 1980.02789862097 1.00582298274726 -0.037610381844612 57899.4524210551 77114.5908877736 -293.402371524272 -12.0480054346914
484120 56393.4693712289 18980.8152777305 35626.6934796154 1995.03915753897 1.003877576503 -0.0391716041044842 59820.9618705931 79228.021109037 17.2414295367621 -12.4071328405857
484160 56187.0518223872 18798.0829061269 35608.93082945 1983.28436296177 0.994213032189706 -0.0382668215786349 58657.6645360533 77392.3576222711 412.243515179516 -12.1397549604592
484200 56337.1743126952 18919.5285386659 35649.6442646763 1960.48668463583 1.00063617816559 -0.0377650945260216 57471.6136026274 77507.1828723493 115.251835095982 -12.0393340414569
484240 56224.3601323411 18862.9091918754 35627.6760452419 1956.64048678781 0.997641633842409 -0.0375408368213903 58382.4469400393 76372.8771126155 -236.606984755101 -12.0198065955266
484280 56259.5384350212 18859.9508678862 35674.3141805382 1950.12848359003 0.997485170852104 -0.0377399914323092 58298.8937773518 77181.9230269893 -487.203998124026 -12.0189310317842
484320 56241.4022819798 18878.3136824501 35652.1955258838 1938.78588406359 0.998456362948569 -0.0378009738637951 59056.0235247626 76709.1144738491 -426.103580028229 -12.0871598216551
484360 56069.1347942967 18743.0549465602 35561.33057921 1970.35270696157 0.991302654849147 -0.0382690041862105 59130.1701755236 76798.4880895312 551.730161496938 -12.1600128802779
484400 56339.3037366204 18948.7275703992 35645.8518648289 1956.99547559156 1.00218048765829 -0.0375098031386679 57637.5383364025 76432.2359597713 348.534427215566 -12.0300192236224
484440 56208.3940512277 18804.3569723076 35657.0073020131 1977.94756917441 0.994544861684916 -0.0382952884488237 58625.3278843814 78299.5399513288 -225.992447939287 -12.185154235201
484480 56218.2440790296 18930.6433267166 35586.8872351456 1953.06263410465 1.00122402891533 -0.0384100000968742 58862.3256729926 77482.2953631134 588.287477188126 -12.2483545500349
484520 56267.1279043689 19032.078928434 35528.3666578329 1934.55455828779 1.00658886306672 -0.0377362725852768 58223.4869118749 76967.6551454003 -135.155912466018 -12.0873835256686
484560 56038.4011023098 18783.0735352383 35541.4007831336 1946.26775854511 0.993419200594383 -0.0368148344045877 58075.89351356 74659.7674088056 -281.345920452299 -11.8351326719461
484600 56275.4385214889 18933.6385234805 35566.6090310458 1980.29896571482 1.00138244207222 -0.0375275001925508 58943.3477681863 76324.0309990548 -707.301214358786 -12.0429176775389
484640 56158.7281545339 18917.644014263 35533.2389884395 1924.48002112846 1.0005365074316 -0.0379194566778289 57768.1493061557 78272.6748780178 -519.84458260588 -12.0472468267323
484680 56151.3084821622 18830.0876998469 35637.2583600526 1909.93528739239 0.995905735811021 -0.0382283608827401 58916.3268524328 77437.3252618256 12.4676971967024 -12.158406910427
484720 56397.939774963 19026.6019684423 35690.5633119917 1927.49393786657 1.0062991917727 -0.0372951611460037 57216.4147457465 77348.2075052859 -665.381408216647 -11.9736087719146
484760 56095.8355437428 18782.2535646545 35581.6418884838 1964.22755882418 0.993375833116725 -0.0385107107424134 59471.2941903849 77132.6744477009 562.610141938204 -12.1879958423562
484800 56243.3027390444 18958.5923210296 35600.6217484101 1917.22538457871 1.00270222509743 -0.038097426742182 58696.5660553403 77785.6375214147 -409.054970132722 -12.1510645016179
484840 56051.2993923073 18719.9610279524 35613.3061363356 1932.29432314152 0.990081239082504 -0.0384329547277871 58165.1775473584 78383.9928340233 478.450104704387 -12.1940183320455
484880 56163.711385166 18862.9739954477 35580.1759172902 1956.36615141678 0.99764506124277 -0.038701967157936 59249.8669190692 78711.0501941001 -123.70635469713 -12.3041935598449
484920 56245.3604309063 18903.3854882314 35633.1176510723 1931.46370300994 0.999782387318861 -0.0382582809690826 58882.1807187933 77672.381066382 15.8463094781578 -12.2187282460572
484960 56225.8079395016 18939.2104328539 35618.3573200848 1916.22236480796 1.00167713515028 -0.0378797752099595 58702.4500269298 77952.4442232859 -1114.35537152458 -12.1226237691083
485000 56451.1591901929 19050.8194218608 35677.2463787529 1943.39223132188 1.00758003024518 -0.0384848710474947 58708.7129608677 78206.7089767723 215.636029683114 -12.2891043512698
485040 56115.6663223499 18782.6373925186 35633.6510679687 1927.79404222219 0.993396133413651 -0.0382896479148007 58133.9990351746 78146.5601995433 441.066647351142 -12.2034995251799
485080 56152.2735306665 18773.1048989199 35603.6951696487 1994.13219246531 0.992891968738324 -0.0385472287657132 58522.1249101859 79296.5808215297 -458.975419240487 -12.2094022421885
485120 56260.5582698582 18793.2857779211 35699.95972136 1969.67530528519 0.993959316563324 -0.038754614118458 59164.8999763653 77934.078799506 869.765535403359 -12.3078711735324
485160 56361.0311562883 18907.5241892442 35720.9546328323 1941.68682287712 1.00000127934651 -0.0387045388416221 58183.688880817 79305.7301809379 304.312831290803 -12.3040966513282
485200 56290.2550998582 18947.6574365529 35609.6390937709 1953.20331256393 1.00212388927954 -0.0375100041035347 57656.0716648185 77193.2038267473 -456.592253508266 -12.0250104626201
485240 56345.789034297 18962.4425732998 35650.0603194962 1943.10566046765 1.00290586134073 -0.0368136073950173 56744.9895677598 76231.2268250885 -362.565455667656 -11.8784574445718
485280 56412.3865592573 19011.8359411229 35609.2637891039 1959.993171198 1.00551823039127 -0.0364170825499413 56698.7248921064 75122.0757559827 -372.091967888503 -11.7933679483726
485320 56365.2084479809 18919.6093708358 35641.3280729195 1981.29895623644 1.0006404533035 -0.0381400211741591 58135.5878888773 78266.6687194341 -209.132023081408 -12.1607528994734
485360 56194.733293061 18841.571850429 35588.2792736465 1963.94785594496 0.996513121799764 -0.0376183973294672 58765.4012641345 76394.3432748416 -438.762280174042 -12.0120091458563
485400 56160.581345966 18831.8156555583 35581.1985939017 1958.39539033303 0.995997125773279 -0.0374516080815072 57300.8300685233 76702.0124334474 282.194975520465 -11.9670754860753
485440 56144.2047860706 18850.0382774852 35552.6083570516 1944.52582993907 0.996960903212228 -0.0376482644790768 58787.6291418313 77165.4242432109 -1208.73212705588 -11.9920629640451
485480 56338.7157098449 18953.5079109509 35681.2113990399 1945.39158960043 1.00243331540134 -0.0380779668458138 59299.1799744419 77224.4252272859 -472.665938216454 -12.186508281831
485520 56312.044686084 18931.4722363548 35603.4735480014 1988.66880210635 1.00126786917122 -0.03760860338142 57529.0035014301 77359.4707360744 -177.308104866427 -12.0447668911164
485560 56219.8002586459 18874.5466540495 35600.8122996944 1948.25070528153 0.998257128337935 -0.038602169572326 59795.4081374757 77309.6266830039 326.414560251488 -12.2724173462475
485600 56390.6352464529 18938.8495419728 35649.985606516 2009.86494195017 1.00165804796894 -0.0367747146042139 56902.1294106092 76109.691622175 -641.346621364789 -11.862194874455
485640 56166.620366692 18804.0481108415 35617.3262398344 1965.74725967947 0.994528526290706 -0.0371277735309317 57548.3503360015 76770.2712860431 -897.746655102696 -11.8989062548774
485680 56317.6906574514 18867.2751699736 35643.1919404179 1984.52663307622 0.997872546342649 -0.0380207257925853 58009.1407727257 77616.636636928 286.748560668543 -12.1196559853567
485720 56184.067758769 18816.1742320731 35625.4279230768 1955.25133391798 0.995169865506973 -0.0386811251053557 59718.615381443 77667.6069221132 275.883873654971 -12.2684503191352
485760 56361.6430422695 18917.7336082978 35655.4401577549 1968.90843661413 1.00054124597635 -0.0371247670036427 58031.8045686716 76611.5327582385 -1319.91253655603 -11.90993067161
485800 56156.7651562488 18822.6884648545 35545.9326106912 1972.30162009006 0.995514397189182 -0.0374929197338684 56984.6447356704 77239.7880692595 146.488002795798 -11.994588770149
485840 56219.6072359912 18928.6386749344 35482.6104004076 1984.97491615938 1.00111800475655 -0.037199064894745 57932.759997378 75657.2942373116 -95.9678702811879 -11.9040469106944
485880 56150.1085810675 18896.9490662493 35466.3680233507 1976.4274289299 0.999441970977089 -0.037380529811392 58105.3504441457 77015.8909782275 -1074.68902265857 -11.9471572197807
485920 56303.3141843867 18866.0957414411 35649.683034257 1986.50309408221 0.997810167470108 -0.0376471551482777 57378.8496146698 77928.3187859108 -492.086623306004 -12.0137485394509
485960 56255.3620687446 18934.4808397167 35555.6848005061 1970.93343179176 1.00142699139055 -0.0385913058303905 58466.7407625304 78969.77594515 27.7598893229513 -12.2788891046147
486000 56272.7212260053 18945.4255468996 35590.5812016518 1952.11993147742 1.00200584672218 -0.0382332928543426 59630.2112353807 76776.1300976596 -0.314180404199499 -12.1869820956259
486040 56217.9471506024 18837.7295080184 35598.4536342637 1983.57653507134 0.996309903901541 -0.0370521639009153 57482.2383270003 76596.7225833547 -774.731108374282 -11.9142756785725
486080 56130.3674662943 18844.8370287415 35523.9999231394 1948.46817846578 0.996685814028377 -0.0379072685574816 58481.0793545624 77463.3824797693 -505.338693516246 -12.0106487503102
486120 56134.3821159977 18794.7245476258 35587.549917776 1948.69926194201 0.994035411748026 -0.0376844571149099 57214.7873017775 77607.1691540454 101.730037521506 -11.9621409930508
486160 56256.4774000766 18913.494306268 35619.2778817905 1944.66646493277 1.00031703325495 -0.0378195268556765 57848.0889144983 77724.5179542025 -368.115489648445 -12.0463552464035
486200 56299.5248787112 18973.2335279813 35552.5587721864 1965.23745639985 1.00347658484629 -0.0367417111761067 57468.8962739911 75971.968301275 -1176.19607997722 -11.8141079679319
486240 56313.9411577314 18905.222669193 35654.5119575901 1977.41956113609 0.999879554102497 -0.0372407820525307 57321.9384493055 76595.421396184 -248.186650012381 -11.9452211868621
486280 56217.3799780833 18837.7115465841 35623.0213334904 1973.99562856721 0.996308953938073 -0.0375133748204358 56745.9716404767 78029.8044793369 -252.724859323049 -12.026513844682
486320 56321.0436798945 18959.544282992 35618.8362653522 1967.47931835224 1.00275257347571 -0.0374524127933576 56951.8450895444 77544.0742870119 -222.797215025819 -12.0292544217458
486360 56162.1574627239 18833.7938222405 35580.8733252435 1972.30487364355 0.996101749159884 -0.0377547100575504 57771.8215206688 77181.8838589777 157.756665713195 -12.0464704638781
486400 56329.4058140543 18897.0564577534 35628.366882229 2008.48373890687 0.99944765081335 -0.0379069927080672 58276.466850618 77499.7121056771 -85.581256174416 -12.1170519961135
486440 56401.2450901459 18948.7260622635 35646.6832611503 2001.25087150961 1.00218040789441 -0.0380220249465661 58880.4513402737 77095.678249978 -156.873490196841 -12.1127081504983
486480 56240.969753173 18939.7059549262 35499.4417348018 2000.46787616437 1.00170334284946 -0.037220200017209 57385.6355971965 76694.2046592403 -443.565602704536 -11.9436747479208
486520 56238.0517073634 18891.9000769921 35553.8694931612 1995.72388944161 0.999174934655141 -0.0388443698974111 58744.3530254519 79533.3206959683 -54.7627139521035 -12.3357761961152
486560 56349.1017071247 18937.3426205039 35666.4135538234 1974.17608899305 1.00157834830114 -0.0378081222480801 57690.9955296736 76920.4119601726 644.862267993227 -12.0612856395739
486600 56061.1123733427 18765.2861916505 35592.1425037139 1950.21720304165 0.992478444619884 -0.0379885401273117 58571.5327499793 77440.1090044444 -254.932102766507 -12.1041769710359
486640 56255.8633926261 18968.0519184404 35550.9998127587 1949.64678267064 1.00320253436152 -0.0366838521719994 57060.1684073292 75744.7184558459 -710.710330915351 -11.8136593426612
486680 56070.5282014695 18840.7822948836 35536.2101148281 1934.30808234428 0.996471362945051 -0.0379096798037829 59481.6941759687 75724.9522823152 419.99557704909 -12.1308744109615
486720 56201.1054988298 18810.1587679078 35637.4525001541 1973.68226502781 0.994851713230611 -0.0380225270117545 58456.2799273412 77968.8304669489 -541.079850983109 -12.0988769682365
486760 56073.031093842 18813.6013005989 35508.0611951436 1945.85603072034 0.995033785566514 -0.0372497873799758 57458.7254526811 76446.6339398601 -139.175940794379 -11.9181551300998
486800 56193.2167842522 18888.7901806369 35534.8265807655 1983.18014879147 0.999010455144092 -0.0388462100550385 59192.958547885 78832.5631508164 101.517259607405 -12.3117667585114
486840 56300.9943660988 18833.5036929223 35649.8396412201 2016.37218830613 0.996086404491464 -0.0373912790426505 58324.2660897722 76288.9666914782 -418.233127956273 -12.0150930821035
486880 56197.7829009281 18828.3561461079 35631.493965403 1956.78082219327 0.99581415555245 -0.037396004906478 58039.1841159402 77073.6755350522 -927.933885957353 -11.9812647325491
486920 56302.2982165506 18947.4737119204 35634.3312923405 1931.06858431603 1.00211417225548 -0.0382147349950243 58358.0558532495 78126.6328579715 -103.191168558366 -12.1579132038374
486960 56240.2653452457 18886.6837443706 35612.0427143429 1944.80472411357 0.998899047699093 -0.0374135056976799 57885.3168214114 76912.4558863861 -597.244990487501 -12.000088191202
487000 56133.134873775 18825.0025947224 35558.4228484539 1965.91386126037 0.995636789354617 -0.0379543945869393 58436.0082910521 77168.3012671418 76.2735815546905 -12.0986086781461
487040 56317.7029060502 18911.3556552557 35618.4376589958 1985.61837109496 1.00020392200216 -0.0368211330814345 57020.8472641122 75928.7116715705 -430.965424162941 -11.8415209504103
487080 56156.169498492 18795.3843562228 35561.8645053264 1995.97596996574 0.994070308407922 -0.0372054134472613 57693.4780059235 76215.762221493 -285.247633795395 -11.8932524280093
487120 56261.555682752 18914.9226648952 35543.6730398602 1990.73246284692 1.00039257780749 -0.0377070174805847 59484.2267803159 75804.3283436885 -416.044896608304 -12.0250363072927
487160 56155.516495712 18926.3966387497 35521.9843089279 1946.59817784785 1.00099942555863 -0.0375954276983586 58621.6841686126 76133.5350691484 -42.1274477242571 -12.0065088075093
487200 56307.7292056799 18917.6421005896 35589.5382004371 2002.55363411597 1.0005364062192 -0.0376456567680434 58002.7173578819 77727.632299895 -982.622297172458 -12.0212031775569
487240 56240.1972465589 18898.8841117344 35561.0990084511 2001.71763469963 0.999544313723886 -0.0371717153941372 57272.4340777076 76264.2501280605 -90.6775600589606 -11.9084107556773
487280 56154.9774766929 18814.8210873824 35564.2375734084 1986.67441122276 0.995098298949222 -0.0368464494461105 57508.5125657894 76070.0081142133 -1032.84256924677 -11.8158140924727
487320 56214.8099163917 18860.3462942674 35580.914640912 1984.49149962369 0.997506084583759 -0.0380434605682776 59026.9916080154 76990.6232284598 -84.9645747268974 -12.1292831097171
487360 56177.440798037 18975.3151128085 35509.0019739774 1956.59055672721 1.00358667792191 -0.0366382637762825 57310.5190557985 75452.3074719538 -801.96706021025 -11.8339398678156
487400 56110.9838782439 18842.103048625 35509.23905482 1997.89186424303 0.996541216375776 -0.038448062631901 58655.7539275308 78753.9274218993 -313.900439183672 -12.2189560999743
487440 56310.2792387656 18969.4961526179 35596.2920263919 1971.06088812631 1.00327891855707 -0.0372496329799718 58359.2961960325 76201.9656613921 -848.951066491167 -11.9331933040139
487480 56235.4486954897 18978.6541258553 35546.3498164074 1964.3740581596 1.0037632752006 -0.0376474365984657 57578.2625901762 77329.5358205896 -17.8249202424469 -12.0602930491407
487520 56041.881208909 18769.0218730846 35552.3521299268 1968.15416864846 0.992676021318769 -0.0383245234099122 58289.3202264481 78495.7223636734 11.13675776719 -12.2255456737356
487560 56159.4745448177 18895.8506766821 35523.96826911 1974.86337521683 0.999383878179667 -0.0372691417652706 57839.3730682663 76126.1992189702 -207.61434444464 -11.9935717119405
487600 56142.1559665782 18883.3662007661 35502.2312555026 1987.76193462592 0.998723585919139 -0.0382224545627636 59011.713745136 77424.234336944 37.2041665358536 -12.2042404199936
487640 56362.3801917138 19016.0034778301 35608.6193487067 1949.86214669868 1.00573864751184 -0.0374618104669679 57710.3315540299 76714.9468272981 -188.788277571644 -12.05214839755
487680 56224.5186997285 18891.6197431216 35619.8477736414 1962.3288311694 0.999160108058791 -0.0382661476751258 57304.6292136198 78764.9037873385 512.407551174877 -12.2092947927194
487720 56336.9762104534 18960.3454192633 35642.5698868425 1984.67159607481 1.00279494482419 -0.0378029406477114 57819.3550379399 77306.7644947526 147.713148706505 -12.1096675978666
487760 56241.6025097775 18817.2219187227 35665.7020376145 1986.85623210335 0.995225276674481 -0.0384851489002633 60145.5475201612 77597.9437508209 -533.193680119855 -12.2408163149066
487800 56250.0840112755 18845.8920591154 35627.984071533 1992.09749792024 0.996741613598592 -0.0389651250160535 59785.8648377587 78167.085621996 523.057559062661 -12.3338086100146
487840 56299.4196843182 18881.1955642292 35669.2808363897 1950.97847855699 0.998608782981841 -0.0375866653836216 57788.6151486179 76877.3817111093 -42.6340877620547 -12.0120825223208
487880 56243.9550685523 18883.5258108839 35585.1339245452 1978.84547679329 0.998732027549064 -0.0383144951128585 58553.6640512787 78238.2100155358 -113.66834609406 -12.2290472544872
487920 56296.9984319862 18924.8183684105 35544.5471884973 1984.81031697928 1.00091595231577 -0.038286542346273 59321.6332725596 77542.6691796869 -316.820500783457 -12.2077109947033
487960 56205.0554551063 18829.0438195912 35648.1201994141 1925.0789321964 0.995850525960133 -0.0384203249858867 58568.3504819073 78355.8367332723 117.904095999228 -12.2491604814464
488000 56229.0252555922 18909.3201219272 35557.0825907358 1962.10599601713 1.00009626454725 -0.0387523598674332 59397.1969292578 78808.2330316387 -314.063637999384 -12.3143114671036
488040 56196.4553353893 18862.7124368843 35518.7415700254 1998.61587244774 0.997631227654862 -0.0370405145108222 57562.0441908256 76550.5228337215 -962.88874203103 -11.9155065855926
488080 56281.0817727206 18863.6566402201 35566.6933567911 2020.95576395679 0.997681165686638 -0.0370930613467127 57728.9847865161 77055.8971209764 -1524.10154612552 -11.9079032751042
488120 56252.2562159272 18866.5238490971 35556.949959959 2003.8552917281 0.997832809683835 -0.0376646178015613 58123.2731634904 76145.207489353 514.086494087171 -12.0514327295638
488160 56383.4350044816 18906.6940613515 35649.7266672007 1981.62038242879 0.999957374658285 -0.0382349459745813 58692.5409635321 77577.7361472047 82.8938443883378 -12.1845113314014
488200 56290.1196202212 18919.3216145396 35565.1998786536 1973.7694540696 1.00062523414198 -0.0372947459389148 57219.8555015092 77724.5423595611 -1142.20985670523 -11.9730393448774
488240 56233.395687584 18857.8102818773 35579.1572956891 1968.9721144185 0.997371957259146 -0.0389407465848365 60245.8151562941 78034.6042893363 180.421202184393 -12.3785763719177
488280 56145.5944642371 18877.4960651789 35474.1408307725 1970.87486277054 0.998413119935418 -0.0375856203587918 59323.9124012655 76056.7469831875 -785.607397534002 -12.0202099398293
488320 56212.7903039189 18851.923855167 35603.8453928478 1950.11295254471 0.997060629653151 -0.0380778804411602 59462.0377692713 77324.0584662774 -657.140015827179 -12.1548115159347
488360 56276.4512864118 18865.6820024317 35617.7939072341 1977.87437494443 0.997788285200669 -0.038401073121978 59137.5163893432 77848.9329900977 -75.4327804954454 -12.2570102045914
488400 56175.1028886036 18861.825168924 35567.056507136 1944.66146088196 0.997584300881873 -0.0378891543353575 57991.1392461335 76898.0376624422 512.706395929759 -12.0930285108783
488440 56217.389683343 18906.7586855824 35533.5195537229 1973.43179893257 0.999960792573444 -0.0374139370886077 56233.1471101323 78118.2207569499 -219.420222930853 -11.9782643038194
488480 56188.5618649811 18881.2896185647 35496.0443834602 1993.51563907924 0.998613757427726 -0.0379739178905318 58497.4235581838 76327.64592708 867.297325797276 -12.1549897504567
488520 56051.0100400344 18801.315305385 35481.4282249341 1938.72827637271 0.994383990764774 -0.0376818302522197 58842.4585778352 76510.0164106388 -464.154487764771 -12.0430072761032
488560 56313.8383071279 18918.3661262596 35578.6996265386 1986.69590054306 1.00057469926006 -0.0376728252113335 58343.31545435 77465.3208358026 -944.00161622266 -12.0455193705921
488600 56150.9384519746 18816.1695613397 35568.8249284645 1986.57308730783 0.995169618476253 -0.0376900660409703 58978.2780053043 76376.6658619938 -440.868628592057 -12.0549077869626
488640 56231.8709529566 18911.8479318163 35523.9621220888 1994.38485703114 1.00022995804926 -0.0379895289194125 57422.9145751062 78718.2262522041 -328.632760491411 -12.1526780894344
488680 56219.6318831029 18904.1850648306 35589.6860701955 1960.37120889326 0.99982467617774 -0.0376503508509492 58603.5717875912 76887.0298954047 -612.256361235984 -12.0701596646431
488720 56285.1227850458 18952.4011406175 35546.7721899447 2006.51405886202 1.00237477935304 -0.0378245556731033 56841.2546472377 78004.2148399696 529.061883121917 -12.1452043408399
488760 56128.3319826405 18856.6762683012 35505.4722995458 1977.70273142393 0.997311980341198 -0.038430137044053 59415.2982930737 77562.6415333701 43.6509855946638 -12.2662838541359
488800 56169.496795614 18932.7012523598 35482.7107536402 1943.08372342619 1.00133287067882 -0.0379740505756814 58921.0318698272 77601.7251227783 -809.855721589637 -12.1142521307174
488840 56226.4641549263 18942.7256365747 35515.2906315329 1990.37866501527 1.00186305098901 -0.0378025585925752 57971.2828148085 77093.3944818811 143.93551565718 -12.0579646711519
488880 56199.3598378531 18885.6719253299 35571.7088125261 1994.37156598361 0.998845533535893 -0.0378649590473286 58282.8686850353 77109.8509222216 -68.7340541627033 -12.1218958470716
488920 56172.5038137646 18805.6321995577 35579.2931091864 1988.94126901337 0.994612307262077 -0.0374726753247619 58341.0753215328 76587.1743353458 -620.223843504014 -11.9660798555792
488960 56219.7782719549 18884.1477140784 35580.3502291405 1963.99813853094 0.998764919427658 -0.0370737136778224 57739.0827796911 76136.7230679253 -639.583352310579 -11.8540874123868
489000 56363.4953693438 18906.3087795547 35648.9867097277 1997.17632110156 0.99993699746422 -0.0379827249131251 58793.2839721587 77091.2757439972 -78.136978840345 -12.1206518002288
489040 56333.4508168909 18902.2532400634 35664.0850185309 1984.0212712146 0.999722503771701 -0.0376276162379393 56349.6862072351 77905.8917662593 555.178908252883 -12.0576624952963
489080 56269.1027291639 18851.1797291234 35644.6847567665 1974.29364882602 0.997021273522329 -0.0382293751750513 58692.6146269536 78101.6693293695 -246.73249719693 -12.2061290275142
489120 56403.415255805 18930.8828538118 35708.5517550706 1995.25195128084 1.00123669727948 -0.0391064307497851 60934.6715918855 77885.8416304304 72.0221522559435 -12.3936237374067
489160 56231.8555914208 18768.930362699 35724.4458556787 1956.23472529846 0.992671181420019 -0.0374651612970301 58056.2031601389 76218.9327039275 -32.8515296603889 -11.9357326428222
489200 56314.4577509065 18920.5104607669 35599.1508375121 2009.53923319505 1.0006881111076 -0.0385299380930589 59101.5248376063 77877.9614644695 282.763341779041 -12.2347741980169
489240 56322.0614920226 18866.7080230745 35689.7293055177 2002.43289993953 0.99784255047333 -0.0372235772643104 56692.5994700048 76851.0020119883 54.3467825089246 -11.9246917018587
489280 56287.4271436091 18874.8290716439 35656.8445714463 1985.59436572599 0.998272065140497 -0.0380360957272999 58763.3488960149 77992.0316375355 -922.23040489013 -12.0790550595298
489320 56384.3235474434 18967.2948539667 35633.9933475173 1996.15093043827 1.00316249392922 -0.0380915538076772 59363.7943745466 76344.5190686252 278.972924605908 -12.1236359913719
489360 56183.2142651132 18828.1967896429 35603.92590597 1986.05879781413 0.995805727337981 -0.0375997493982555 57317.9309944729 77547.7330531336 -119.73823833391 -12.0186559471876
489400 56317.8316735957 18952.4527842343 35585.5194909969 1992.6653565941 1.00237751073565 -0.0373555822766891 57197.3888591294 77735.6577057407 -910.567885220428 -12.0019043011449
489440 56322.0981428048 18931.0002590349 35625.7801731028 1982.31709120585 1.00124290673198 -0.0366838110885947 55923.4227177019 76782.2431847117 -425.595436038531 -11.8698248003526
489480 56283.6075779931 18867.0938696792 35628.6895344375 1992.83124258525 0.997862957539559 -0.0377879716615769 58144.6382560365 77687.8887450774 -643.694142067785 -12.0892197029492
489520 56163.2043208333 18758.8567259714 35594.1323847746 2010.61975163779 0.992138396190475 -0.0379359737834684 58963.9170840182 77281.76875468 -578.773328757125 -12.0491796524772
489560 56360.6990315301 18959.8474022313 35578.9032168553 2014.79538251444 1.00276860516892 -0.0373254726165182 57572.2823547804 77224.0271920808 -816.589991072591 -12.0141064549145
489600 56362.1772957729 18913.6810502093 35628.9559363234 1989.3686619373 1.00032690996744 -0.0375455067162784 57541.4584786925 77051.2406190963 -2.97521416307593 -12.0639601932529
489640 56176.4967101646 18797.921563653 35573.6300913698 1986.26489897694 0.994204498937088 -0.0383733238568454 58921.2236578009 77928.2961141957 55.1659237031775 -12.2406682744838
489680 56340.029207872 19005.8766999966 35515.8304640476 1995.90219848049 1.00520305169888 -0.0386500477618371 58814.4796594937 78461.0899036233 316.888543320991 -12.3725131076004
489720 56258.9224701513 18803.9012714099 35638.1439565562 2002.70346183242 0.994520760090434 -0.0376846429231613 58109.3916518452 76861.3430855399 29.0959804155602 -12.0928656228462
489760 56309.1106653401 18863.9053794889 35622.7419772954 2009.72159647496 0.997694321274038 -0.037487500185014 57969.5546882714 76586.4325547688 -159.267819314548 -12.022074516457
489800 56344.5834477664 18855.3258351803 35643.7020261563 2010.1469227896 0.997240557195838 -0.0383985737092905 59493.991416473 78232.8819327289 -822.427152443253 -12.2240497596358
489840 56323.1070026556 18975.668594368 35525.5747120555 1964.50492955983 1.00360537323115 -0.0377462626400788 58099.8171473132 77266.2625771992 -420.086163762401 -12.0414470627778
489880 56269.9126417506 18788.1928569216 35692.958756285 1968.3171830974 0.993689956732597 -0.0378627475272901 59115.8971868507 76736.4217785934 -371.695218333557 -12.0600277909167
489920 56350.7767085422 18888.0563080963 35645.765881714 1983.0621730075 0.998971641311451 -0.0376154419454495 58009.4555570593 78013.6298747591 -1308.12764392764 -12.0259680902918
489960 56261.4885616974 18820.5920960145 35607.9224497444 1999.92833710637 0.995403522200954 -0.0385965994399561 59220.5211777278 78052.3521924628 139.227155863656 -12.2550093435719
490000 56308.5094679368 18890.0973673567 35628.0438960338 1964.14378857966 0.999079591027723 -0.0376618198343056 58629.2364787505 76570.3656587885 -377.725279936729 -12.0359506033147
490040 56288.683406368 18874.3833326823 35628.7809082726 1957.15282895056 0.998248490423498 -0.0377215652195527 57775.9159220923 78305.4876951068 -1044.99371374418 -12.0531281747076
490080 56288.3612815131 18824.9721572508 35608.2489660204 2024.36350010322 0.995635179545196 -0.0379015387754238 58149.2631007415 77387.8426542771 -37.7844948321999 -12.0638769322661
490120 56168.1412445693 18806.9801474839 35537.9099252048 2001.84270759769 0.99468359896781 -0.0381447920541376 58770.1078009017 77995.5531857906 -536.600659284344 -12.135127427555
490160 56292.2484292409 18813.6025910091 35670.3493668832 1987.17390044691 0.995033853815105 -0.0378968753193634 58886.1766127218 77426.9613734262 -805.769342430317 -12.0812724291039
490200 56271.6057377162 18930.2554972194 35536.5757028131 1981.21766167466 1.00120351697577 -0.038034249565787 58196.2036373614 77669.5579259903 -23.6089139800555 -12.1380247060911
490240 56386.2956083935 18985.8754439404 35555.8717282695 2021.73938954183 1.00414520396353 -0.0372586951519343 56654.2764274552 76962.2471077216 100.208054875658 -11.9544517082376
490280 56346.9484183466 18897.0712102916 35636.7406621851 1997.0140599715 0.999448431061306 -0.0386846455146949 58461.4100391386 78641.1080943484 540.787404932427 -12.2501271474348
490320 56126.5070259916 18812.4187186476 35525.3382441724 1971.80130720005 0.994971239912608 -0.0366927489943376 56875.7329597198 76467.0636487874 -1174.65930857303 -11.826175738932
490360 56241.0837123308 18887.9458235177 35517.103399947 2006.20276504401 0.998965797885373 -0.0378229549766798 58329.107715674 76981.9908756015 -23.822818114223 -12.0868784263797
490400 56258.4905185944 18928.3549336269 35566.8251521449 1957.82646201854 1.00110299794404 -0.0367361434354812 57553.3002544692 75476.666720428 -749.261163289527 -11.8073507639533
490440 56255.0417226797 18957.9462197957 35510.1082879356 1972.04690330344 1.00266805340715 -0.0372709557142048 58312.6719834603 75559.0796436552 -125.636529151039 -11.9271752622158
490480 56203.3586431022 18854.8115117896 35577.2409082776 1975.37671512138 0.9972133551125 -0.0379083817312105 59300.897380111 76597.5143026215 -327.643929320871 -12.1062476805697
490520 56420.3880106571 18932.9854590586 35649.9561185952 1987.06105791966 1.00134790210544 -0.03741053584827 57713.9795082733 76226.1539085563 189.684477287189 -11.9860510005863
490560 56259.9812737061 18858.7833728575 35557.0907623112 2006.98449859346 0.997423423131431 -0.0368584480975335 57815.4348723007 75789.535600302 -979.184812488655 -11.8368711386789
490600 56244.1086559565 18850.1804248785 35521.871945374 2045.81398806665 0.996968421254981 -0.0368290376920432 56110.1366675125 77268.7841073454 -843.563026536213 -11.8665156271427
490640 56246.831643443 18938.3263604556 35503.109394586 1984.32771224305 1.00163037738758 -0.0389526218644354 59634.625422946 78005.8444289333 796.248983105465 -12.3088514414232
490680 56371.3032325318 18969.8142827598 35595.9030025962 2015.22619034477 1.00329574416289 -0.0385849824317571 59110.9511952986 77607.4082490488 603.371208692717 -12.2748302009664
490720 56253.4387973901 18912.015173771 35588.831985025 1975.31973812863 1.0002388033199 -0.0376239566940352 57599.6394353397 77426.8157368875 -358.532769131654 -12.0314635612344
490760 56353.3116339845 18965.7661606365 35624.5137380051 1957.44183655272 1.00308164276803 -0.0379657339487028 57993.5670885806 77843.9481813295 -164.552540968459 -12.1320694340307
490800 56226.7425550822 18882.2190614694 35559.0022672852 1960.36009973275 0.998662914794099 -0.0381798768311927 59168.6309106608 77228.258497621 -58.7108652493032 -12.1798213119042
490840 56192.3244430731 18820.8024156418 35534.401015885 1987.57931613906 0.995414645809428 -0.0377869692800596 58022.600345222 77446.0418674071 -278.044001491766 -12.0656206974581
490880 56229.7475452245 18841.5044009482 35578.0996192373 1985.09543948692 0.996509554459776 -0.0376446440683528 58224.4224906736 76842.4028657434 -361.533163241939 -12.0254772114032
490920 56289.8002560895 18948.1219708822 35554.4156259698 1972.85357150371 1.00214845806596 -0.0371463055019778 56859.3313556986 76990.5467578339 -424.753075091248 -11.9163955016147
490960 56182.9574971748 18808.0909617479 35598.9041677578 1982.39769717863 0.994742348895832 -0.0373027549797989 58190.2487842481 76376.6476062895 -664.670323819575 -11.9441626499689
491000 56373.4403085716 18961.2301008067 35585.0120338685 2011.40487706819 1.002841734804 -0.0388223567284991 59536.7945787398 78329.0852363972 216.190505048973 -12.3074623237795
491040 56163.9439304284 18818.0152347842 35530.004887735 1994.89927349496 0.99526723441937 -0.0377881885321629 57565.8491818779 77568.8269283031 125.985220065512 -12.0784958688361
491080 56283.6719571521 18916.3509100311 35582.8280539222 1981.92226258181 1.00046811635759 -0.038013444736427 58615.3774305574 77512.4327513168 -281.49835684512 -12.1364464702789
491120 56298.0049711826 18856.9371497857 35646.9877710533 1986.19772251983 0.997325778119037 -0.0380019580024286 57782.6657923912 77457.7433265561 535.067571794401 -12.1437148521492
491160 56244.7520558298 18902.7590983637 35548.7573448376 1961.21215869022 0.999749258144318 -0.0374976079137529 57930.4651854574 76219.4019867384 176.446159959819 -11.9778778576949
491200 56223.5000807883 18929.8941550564 35535.4124882263 1940.98160114747 1.00118440592656 -0.0371174274086391 56961.7374839953 77027.290384919 -672.194658652081 -11.8836622526782
491240 56311.4838210328 18878.7690049668 35633.6418975289 1981.06117840654 0.998480444530839 -0.0375066079803243 57292.5990590684 77195.9963944073 -57.5337541759316 -11.9810524776516
491280 56291.8463896921 18894.869938701 35588.3290056477 1998.59326575388 0.999332007864656 -0.0377621711647505 58057.4388573132 77160.3333117357 -3.65808143135285 -12.0966803064605
491320 56323.7276611036 18901.272484637 35615.2922197994 2005.31746610522 0.999670632534023 -0.0377377854276731 58691.8681157851 76801.3616289032 -374.677303937358 -12.1071418961493
491360 56285.242712381 18940.2462898404 35498.9535876721 2042.69592009417 1.00173192065796 -0.0371818122591929 57565.1024149044 76370.6142290474 -404.010687765741 -11.9672952318931
491400 56279.3611307165 18836.469346063 35625.3067936096 2039.24939107824 0.99624325511374 -0.0374385756431641 58761.5186028522 75875.3194558478 -442.725572990295 -11.9811649117664
491440 56200.6973559806 18796.3216760256 35609.5981266937 2009.79278678047 0.994119882376075 -0.0384124033762929 58892.9624711806 78393.9745571222 -321.014538159354 -12.2245591154676
491480 56199.5352316453 18903.2873445692 35566.9709895434 1963.78382301581 0.999777196592315 -0.0383466195626533 58441.2121167383 77558.8177872259 663.667558125002 -12.2053436244235
491520 56246.2975875847 18826.0999246738 35643.1583261601 1970.11224225102 0.995694826109946 -0.0379688573379959 59218.0380593196 76844.3159037154 -370.105559474654 -12.1197290958171
491560 56288.5917611994 18902.5359116388 35583.8773970762 1991.46241484587 0.999737454007077 -0.0371413938057379 57997.1417346185 75847.8191353329 -397.644002076043 -11.9246588861626
491600 56371.1458280969 18956.4671277659 35640.9743599877 1957.51796124214 1.00258982561237 -0.0378285210713907 58731.538133957 76166.5083733437 436.329882117444 -12.1168540444848
491640 56338.514299477 18938.1647848453 35585.5683664347 1989.06814681777 1.00162183180459 -0.037852180999406 58181.7997687332 77466.3636117446 -279.112223193777 -12.1148255146379
491680 56410.9935606498 19021.9153715014 35585.0251410693 1986.27331725301 1.00605132204159 -0.0379551125155009 57760.4469074968 77857.4488211063 -93.5175572421122 -12.0883002150141
491720 56311.6401465353 18870.1895024715 35617.836166533 2006.63844289948 0.998026682664101 -0.0376236231642132 58196.2585569986 76744.753520762 -182.519853158966 -12.0108400944796
491760 56307.3525703343 18827.6022823024 35630.1922904286 2040.73383899213 0.995774284400495 -0.0379860056314272 58737.5218703834 76815.1005868202 114.254900901262 -12.0983395455234
491800 56536.0109566027 18988.4762982233 35662.6374645991 2047.74591485872 1.00428276071524 -0.0375086088372066 57856.2989515264 76653.5196922203 -151.153693339353 -12.0190487305413
491840 56311.9332285142 18831.8905314239 35607.246352204 2046.72017975919 0.996001085887816 -0.0385768910244503 58222.7584545532 79425.6298414331 -331.417022150275 -12.220671315637
491880 56529.8185543296 19056.8131663606 35629.6067448649 2012.81338119486 1.00789703378874 -0.0375662607508861 58351.1814426717 76176.1961829958 -112.858847508224 -12.0339605803734
491920 56344.3262895266 18822.7357730029 35710.4407112855 2002.97235479294 0.99551689927293 -0.0376976672652705 57872.7669943665 76955.2156556711 64.0924703929185 -12.0733960991016
491960 56224.0755947195 18835.8315915434 35542.9546340566 2028.00264504146 0.996209524873379 -0.0380072041064872 58464.6475125582 77167.6938923305 238.773951976007 -12.1254581959204
492000 56163.4474223306 18807.8719188134 35577.0148012044 1992.15197258544 0.994730763919789 -0.0370062823288502 58316.3791374647 75099.7260541964 -429.210983648601 -11.9011527785915
492040 56288.1597850409 18934.3609999939 35566.3823935393 2015.9265892326 1.00142065317963 -0.0372862317526464 58238.1040364015 77024.2745414615 -1408.27426835135 -11.9299033790753
492080 56235.2821882589 18882.5271276003 35546.5665777022 2035.81397345205 0.998679208123778 -0.0380321021983564 59415.5465272126 76379.5669014415 102.788217561652 -12.1291135671015
492120 56226.5933333435 18863.9290719329 35544.7794980622 1995.14987318818 0.997695574345257 -0.0359648198027855 56688.6753418534 74254.8803902619 -819.394873562726 -11.6161230200442
492160 56313.671513785 18946.8011203449 35566.1656605112 1997.65732072156 1.0020785995158 -0.0384860454746543 59213.0371022649 78199.9103263409 -199.466480780001 -12.2882778100293
492200 56286.046988566 18960.0465544955 35533.6226315054 1989.65592456232 1.002779138146 -0.0381850929216787 59371.9854974702 76952.9688504732 31.9720739899246 -12.1951997906849
492240 56131.4956651197 18839.2653534847 35529.9444349056 1957.85310726078 0.996391133332525 -0.0373689167806413 59189.63948782 75257.2706618054 -493.557605053124 -11.917125099482
492280 56140.2928454844 18831.6402281554 35535.6619020502 1971.35855408097 0.995987847581931 -0.0362967643243428 56547.9769764748 74836.7206140887 -319.434694493041 -11.7224845053397
492320 56320.0455774675 18981.83907068 35536.5184346761 1994.72360870644 1.00393172395504 -0.0368886964391424 56205.0109784566 77201.4257372039 -638.144943678387 -11.9304898040728
492360 56345.3591157233 18929.9598304254 35570.0896279737 2031.80865870218 1.00118787943543 -0.0375017003382901 57708.1902455596 76536.2316916054 150.211022250917 -12.0285818467988
492400 56291.9927162791 18875.4477693001 35598.1283764063 2020.76817894062 0.998304787481165 -0.0388393893964687 58983.9198274001 78583.8015320778 557.641832210169 -12.3397649440064
492440 56174.9234634067 18927.7197576459 35450.9135287062 2003.16433688476 1.00106940408017 -0.0376553705060366 58449.281401194 76838.7619377194 -473.906318050652 -12.0875777458655
492480 56294.9426453732 18889.5308568019 35569.577214971 2019.70437829895 0.999049628814063 -0.0379222048251815 57455.9897972247 78316.4838495503 -159.600564774188 -12.0704149297921
492520 56177.2540650237 18777.0171949369 35584.0465430221 2013.24486231846 0.993098886417395 -0.0372771925214298 57914.3474616781 76354.005152829 -499.850463411783 -11.9314801188624
492560 56267.9116240082 18826.8399113411 35620.1585668967 2020.63806216608 0.995733963313027 -0.0380228134133984 58175.032292109 77087.7091508426 520.261538933863 -12.1130382096952
492600 56351.0616785137 19056.3283915857 35493.9972948847 1993.29492493413 1.00787139450407 -0.0371487734985114 56508.6838188378 77200.8880624205 -212.179927562107 -11.9742226155772
492640 56359.0931355671 18891.9561750038 35621.7200691706 2023.58480050904 0.999177901626539 -0.0378283407118415 58000.4758008952 77107.4019806796 142.980273905459 -12.1110738194202
492680 56357.4385389645 18911.9578001453 35616.4060054231 1989.10623653864 1.00023576888247 -0.0383960315725454 59656.5093094393 77223.6728104001 -61.1214563582812 -12.2241063969655
492720 56546.2540939859 19031.4640109936 35695.400505948 1977.01493741851 1.00655634065813 -0.0378297083866968 58046.2238971917 77501.9657144381 -285.767066265057 -12.1476553368061
492760 56244.8059218753 18847.493843327 35559.7127694983 2006.68357347387 0.996826330468172 -0.0376844317453429 58966.0964266098 76816.4830960871 -929.179844031222 -12.0367495285824
492800 56308.4956682855 18887.3437178039 35570.1648613463 2021.71414038269 0.998933953077029 -0.0374921573422724 57219.7182725803 77316.7808743843 -184.934215850268 -11.9817717338137
492840 56163.4502865629 18794.9998522422 35576.8403458196 1968.66325139822 0.99404997235183 -0.0370390880862166 57423.9167353647 76288.3695838121 -599.068703557318 -11.8979722261614
492880 56320.0251944815 18888.5457593552 35615.1384432665 2011.32695759973 0.998997527930992 -0.0381854498855652 58332.8324496358 77491.4145670849 429.30142881905 -12.1587366246233
492920 56242.5590887798 18830.0190027345 35622.0624449991 1973.94790315183 0.995902102484965 -0.0387350174855937 59381.8408238099 78619.279815698 -210.172025257046 -12.3293719085483
492960 56267.2268845322 18936.3517857092 35545.0320614199 1980.68866605276 1.0015259439751 -0.0376508493715612 58039.1762072404 76661.2297228981 118.031235418935 -11.9970683609582
493000 56128.4379196199 18814.6562251187 35510.8178428745 1998.58474313131 0.995089579538212 -0.0378642022725979 58320.4197839776 76969.0148051205 116.278281583036 -12.0641859889751
493040 56247.5385706458 18861.3362923443 35584.5885735672 2006.75208575273 0.997558444656583 -0.0383985261333901 59337.6487693619 77243.6895609638 249.563812819149 -12.2005715696159
493080 56339.4715878143 18883.8683592734 35655.6487528758 1974.54238935961 0.998750144613163 -0.0380032659605044 58776.6828481909 77033.9595404299 -55.8547851149723 -12.1257245421026
493120 56292.2161755632 18923.728880105 35556.9845069293 1985.96817745873 1.00085833029776 -0.0377793388627729 57993.1866956498 77249.4221299727 -145.092766823359 -12.0766737082075
493160 56358.3201459523 18896.310346776 35624.7276837665 1990.86701530921 0.999408189701232 -0.0389177660023883 59858.4283511602 78007.5630380569 451.40480002444 -12.3756444123878
493200 56289.7364898592 18960.7759667306 35533.9579075404 1977.23915868559 1.00281771607725 -0.0380862103794452 59704.2942820998 75982.4619197507 297.226241166784 -12.1828432577615
493240 56350.353984867 18915.5449998209 35617.9210519658 1993.70320047364 1.00042549251995 -0.0381513822247952 58698.6485945901 77774.566676758 -251.78538659927 -12.1998494133963
493280 56311.7224742598 18897.7798447422 35603.9969222585 1981.89291222733 0.999485910074953 -0.0372639056354041 57160.9133343416 75745.3805468487 843.534127924732 -12.0052919783584
493320 56291.3769724293 18929.1400812769 35582.3466224153 1969.7283762588 1.00114452366928 -0.0378309741931159 58269.6080669193 75920.9501423155 1092.56365068378 -12.0800341805398
493360 56212.0290423572 18917.2917590392 35506.1922941408 1984.5430593219 1.00051787698211 -0.03822747130628 58557.6937513367 78346.0704195073 -493.31438437758 -12.1965675352716
493400 56198.8340106899 18920.7125863954 35507.8898268885 1989.64357531976 1.00069880134314 -0.0380283667536133 58427.7817549378 77355.9395890124 39.3653358695663 -12.1159812207433
493440 56126.164201942 18893.8904676153 35511.2369340003 1934.81470187958 0.999280204554559 -0.0369296644852282 57412.1230007813 76108.2546586948 -744.98037098264 -11.8589997109718
493480 56181.9900257509 18913.5209454742 35525.7978602754 1966.71294453195 1.00031844217766 -0.038489851030809 59176.423958741 77729.5076676501 276.2183902471 -12.2653603208021
493520 56163.6095520685 18856.1826958265 35557.4716764109 1969.49055578662 0.997285875754412 -0.0376745413097457 58114.0378525505 76520.7058145838 347.342121146108 -12.039780910817
493560 56187.3840613431 18837.499005085 35575.5870765307 1968.1064527141 0.996297712816874 -0.0379036382813206 58071.1546532528 77343.8336691893 129.649062300146 -12.1047254440476
493600 56040.4566835959 18841.1831125517 35429.4552160203 1988.65110181218 0.996492561816832 -0.0384907608389318 58635.5657988028 78424.3310746215 163.546686283969 -12.2297434601336
493640 56202.7910369009 18866.5776458973 35559.0677480768 2014.54743616094 0.997835654946309 -0.0377961043046706 58150.5723506067 77736.4178388849 -576.310089180676 -12.0663402731083
493680 56091.6229664683 18850.0654394059 35463.3807084632 2024.28756676157 0.996962339780824 -0.0370376742813481 57412.6086346466 76254.8851602206 -627.733153071277 -11.9161191858092
493720 56355.4952324763 18949.5174606711 35623.7579749538 1997.23190789532 1.00222226421638 -0.0380354616761579 58987.2306943122 77669.2709357083 -795.078814305282 -12.1015765607317
493760 56222.7207372236 18860.0437061201 35562.2129848433 2004.54496817164 0.99749008097951 -0.0378035951934194 58176.8641365558 76821.4045308658 224.239921673861 -12.0967431061814
493800 56116.5471484179 18798.568343906 35560.5311469611 1972.94439290743 0.994238706540049 -0.0378748882575412 58449.6980156498 77280.408832026 -287.049168430143 -12.0805092525176
493840 56314.861545336 18967.8111119477 35576.6111950675 1970.41908204212 1.00318979833123 -0.0380792995665882 59698.9969139175 77024.9632238146 -576.081976132757 -12.1701006883763
493880 56321.0845987766 18863.7056869274 35672.1960906197 1976.09189618448 0.997683759721136 -0.0385264117571941 58545.8166406718 78737.1050142472 -50.601999894456 -12.2625313318632
493920 56194.344487516 18869.6139067342 35588.6734251196 1969.54919379494 0.997996239943629 -0.037148129128325 57434.0557175096 76545.4244786797 -620.93054073244 -11.9222079480143
493960 56122.6774413621 18850.5127134364 35513.1638533982 1982.60735229034 0.996985995686177 -0.0383326068754944 58978.7817225858 78101.1547435493 -261.848643809992 -12.2245062162342
494000 56122.7694100728 18816.0126421969 35590.4437144254 1975.14640114662 0.995161319169478 -0.0385561089031584 60345.8691265821 77921.1014255276 -884.78763825502 -12.2320509530656
494040 56077.5992538518 18785.6216663564 35591.0798687275 1971.18670373195 0.99355396886719 -0.0380173601334239 58167.1269245763 77822.4772540688 -82.1637187754668 -12.1181207307187
494080 56171.5290920313 18894.1517793267 35568.8435755348 1962.31991477832 0.999294025086694 -0.0372594948220052 56715.206693392 77008.7501831012 20.1222311326067 -11.9775663195406
494120 56166.6190084591 18832.1578175426 35589.608088436 1970.5408192355 0.996015222400772 -0.0377637026581533 58702.4326428649 76515.8108728171 -112.805642534197 -12.0486702121743
494160 56245.2692008321 18862.5580389576 35624.1514736196 1993.16400240117 0.997623061692851 -0.0380240590055209 58187.0443637931 77733.7251486249 -23.3642121001586 -12.1440219584787
494200 56329.8802205063 18908.8137471602 35622.0213179195 2000.05754915522 1.00006948285919 -0.0368725786523847 57260.027868394 76362.1021693798 -970.278890481577 -11.8643925763823
494240 56314.0257208542 18925.9634623738 35582.9063303286 1996.00034376521 1.00097651526504 -0.0366959000140311 57147.3460935649 75639.5799945968 -616.226603480738 -11.8173170558369
494280 56319.9882150479 18875.9409531539 35685.6233830302 1974.81459532864 0.998330871514153 -0.0381795019014044 58870.012720915 77309.4548662544 91.5681729636283 -12.1616219126846
494320 56261.211778304 18889.7849836296 35572.8876066811 2008.7006739731 0.99906306934442 -0.0378908036643103 58871.5026412983 76460.0395518523 157.481717443913 -12.0813545198849
494360 56366.3096428731 18873.9057480058 35681.4817036034 2022.04592152353 0.998223231416412 -0.0372937696444515 58357.1081531517 76614.5705455017 -1215.59106131833 -11.938880016597
494400 56319.1517878994 18841.863547904 35647.5261647549 2023.76545184802 0.996528549406531 -0.0378650389379606 59292.7034465658 75928.2643021171 352.645784435279 -12.1305200680123
494440 56201.9050640892 18897.2723496715 35565.1987105914 1968.41082181232 0.999459069135079 -0.0377489224635481 57655.5182223496 77680.8421885101 -178.245379418608 -12.082926603865
494480 56476.2317927418 19010.9616608315 35677.0025022084 1991.84750112541 1.00547199052395 -0.0388931521628418 59869.1148484191 78684.9329639306 -366.50136478643 -12.3383373997718
494520 56266.5362850126 18861.9262181341 35600.694871068 2012.23071286821 0.997589645280132 -0.0375020535358589 57423.8055931409 76679.9231142532 298.689224423512 -12.0097989595477
494560 56242.0132099973 18921.9370972118 35556.9458698393 1972.98910167862 1.00076356457553 -0.038394986535926 59178.6168565533 77866.7624736507 -13.9510590625711 -12.2315514961434
494600 56308.9513073834 18890.4885200647 35638.3987276481 1998.93869221593 0.999100278728797 -0.0375292313534728 58042.8934426665 76545.1253422089 -90.1759037555964 -12.0022933387109
494640 56175.7276691457 18795.4270206677 35593.837994917 2000.68471052641 0.994072564890531 -0.0376918542517035 58413.9456258444 77032.4520169518 -514.301630198222 -12.0548430842887
494680 56337.971133638 18960.9299041129 35569.3668864087 2006.22959556421 1.0028258576815 -0.0375341319492536 57800.7799910392 76901.6801681274 -225.123645214044 -12.0088902431737
494720 56202.2274461029 18950.5253426843 35445.5525514491 2006.6955443503 1.00227557015387 -0.0372378387580034 57704.764011676 75781.221720443 152.967995685757 -11.9467316795524
494760 56295.375398519 18905.6643778796 35562.6265245571 2028.14095964593 0.999902915662015 -0.0375749158488581 58201.4798551392 76559.4756958729 -146.843036879278 -12.0197379214547
494800 56206.1305575073 18835.0941705347 35560.4855726812 1983.55243736319 0.996170523365581 -0.0374757666437674 57981.608007338 76745.4515987768 -490.96715715095 -11.9784734545819
494840 56425.5948891015 18930.6533814344 35634.1958978265 2028.91255942492 1.00122456069995 -0.037383866548743 57249.8618279737 76656.0984128298 119.466157148283 -11.9577494536722
494880 56324.3344137844 18947.3076959045 35583.7956635493 1967.95018175411 1.00210539182359 -0.0373170923684671 57760.2684603366 76103.9429102916 -92.0628042433779 -11.9299239911454
494920 56259.2337941501 18849.0315916825 35586.1935333933 1974.8915441985 0.99690766054119 -0.0381954062213674 58432.6526838674 78385.5710807068 -520.637722951627 -12.1330056930051
494960 56271.6023892856 18969.2214106525 35472.144591927 1984.74671924078 1.00326438771136 -0.0366763374159899 56697.1120705811 75578.3681020912 -223.015529972406 -11.8092958163636
495000 56360.8106595767 18963.5980436274 35579.5477783103 1984.31761795903 1.0029669730862 -0.0376381338220852 58246.2485007768 77100.535514603 -602.085706376747 -12.0016414401579
495040 56171.5218599053 18856.3683885783 35514.4494363408 1988.17358225886 0.997295696870463 -0.0374247934209301 57754.2365480881 76305.1166269691 81.7741406569918 -11.9376331236528
495080 56145.8723135135 18779.1966179683 35519.3532551858 2021.89615297688 0.993214154064172 -0.0375159894618425 56759.826990528 76888.8871164389 844.257355345116 -11.9720207051458
495120 56292.1888953295 18871.6049616558 35595.0555913669 2005.98271463267 0.998101544977168 -0.0389653238882001 59271.9026917722 78778.3030245957 331.695407629209 -12.2985468558475
495160 56405.0698811379 18974.7815317202 35606.0625711156 2023.59531982189 1.00355845731695 -0.0378442285798066 58199.8546718201 77087.5870416783 80.6151927965788 -12.1149611011378
495200 56280.441217797 18910.6302888331 35539.8673156208 2000.77912182845 1.00016555805014 -0.0374830003948604 58383.5714591999 75827.3518493068 61.0551722928558 -12.0384663267523
495240 56334.7835886663 18944.2674531805 35566.5531627724 1998.75194442268 1.00194459622798 -0.0380525536625738 58309.4605387983 77700.7160367223 -87.9243614634558 -12.1236734883887
495280 56262.9945449297 18861.8177767162 35593.9381343065 2001.88605545364 0.997583909914912 -0.0371726949940348 58897.8085306768 75656.7347827943 -943.317383647948 -11.9355869501707
495320 56300.76859832 18934.1078007216 35559.6881283846 2006.56280602318 1.00140726170681 -0.0374178460061457 57242.0125269449 77350.0067307282 -367.129817749104 -11.9942022195319
495360 56317.6614142567 18903.8001166123 35615.7393118782 1999.83444321355 0.999804316626327 -0.0370587669862242 56883.0695855486 76878.046424155 -391.870280739243 -11.9413444057328
495400 56227.5125512581 18904.0423564278 35573.5441632238 1967.75130786141 0.999817128463722 -0.0379572195837927 58877.8641912727 76189.3683617314 603.59925663981 -12.1380388519358
495440 56316.9322473665 18890.125270351 35629.805094162 1983.42140579021 0.999081066791007 -0.0382592918377036 59217.146149264 76891.6138649619 416.992185056855 -12.1598748814649
495480 56313.1522607699 18876.5908255323 35636.4417092764 1983.23487780145 0.998365242656741 -0.0382944745938425 59986.0100389496 76858.4204245691 -151.461679305071 -12.1941464334338
495520 56282.5230039905 18879.5717804067 35598.4606988895 2000.15407665971 0.998522902573407 -0.0377035537988814 58115.572335157 77284.785248154 -404.512540119511 -12.0492346301044
495560 56322.665690329 18953.6099924888 35525.3149239723 2021.63394476124 1.00243871439845 -0.0370907120456097 57777.1228457424 75841.6130744345 -361.083391870864 -11.9156006094268
495600 56207.0975732067 18882.822636588 35505.3870806456 2007.23905804582 0.998694837317891 -0.0377881529326249 58812.6751144799 76516.5542628231 -120.038195265611 -12.0287382131375
495640 56295.6428724208 18889.0826523321 35614.7893301962 1978.6543967873 0.999025923698644 -0.0376249600039168 57458.6866469077 77440.1526995381 -134.522734337325 -11.9671487546684
495680 56335.4680025415 18940.3130348412 35581.6597973574 2022.51514876759 1.00173545073866 -0.0373896071542402 57128.717252477 76207.5235345721 678.179303148646 -11.9673128562168
495720 56346.4886404293 18974.2273553745 35538.9857300583 2021.67620678171 1.00352914744808 -0.0379894949692317 58321.6366566611 77582.3151860275 -145.388391121107 -12.1154696723201
495760 56389.1246986803 19003.513368018 35601.1632806551 1991.0219545106 1.00507805727981 -0.0373475477376798 57163.1560385776 77018.4751173753 -178.796333608739 -12.0006756482249
495800 56274.8102593116 18877.2447238583 35564.0568669564 2022.51568757157 0.99839982672793 -0.0381443987112481 59019.6588146262 77203.5076190141 64.8712366446237 -12.1482648066451
495840 56283.9489094122 18873.1331070726 35602.7707778085 1991.60787301757 0.99818236715973 -0.038852042518025 59667.7470450077 78211.3207089967 242.37023623479 -12.337713253637
495880 56390.0382880377 18937.7641252212 35568.2979219672 2070.51302116715 1.00160064129162 -0.0388825634837099 59633.2460277543 77912.3427963655 660.471744947412 -12.3503604866679
495920 56291.9611205333 18926.3581245464 35527.8305617536 2041.20175473816 1.00099738857841 -0.0374569912504392 58655.8164371554 76262.3368663465 -746.355934945218 -11.9756562198651
495960 56227.8446277794 18876.4889649583 35516.2155611968 2041.37189869916 0.998359855346203 -0.038116765234636 59093.4894773542 76859.4263559425 115.061988148096 -12.1470966435905
496000 56318.2808583154 18931.4517561617 35542.3290155966 2039.35381642801 1.00126678599295 -0.0367568360249983 57263.6241552395 75141.8094150671 -107.340384659336 -11.8236280118633
496040 56230.8664230187 18919.0479331903 35524.6862445144 1999.58830290087 1.00061075939126 -0.0374191169454389 57555.9461954274 75969.0789114887 565.770983051988 -11.9482900432556
496080 56278.9609300464 18875.7221198909 35604.080113366 2001.37696731632 0.998319297627446 -0.0375656860956523 58238.5282776638 76271.2491547254 -55.5942501565469 -11.9731051644479
496120 56340.9007138452 18917.7711205505 35578.8747365045 2021.63087686296 1.00054322996433 -0.0380053712159262 59344.2313105159 76763.9591144334 -250.015221754807 -12.1923796269386
496160 56246.7304587281 18922.7935204146 35512.6127196458 2006.72164869638 1.00080885999813 -0.0378279913942413 58846.9238038588 77345.9565434073 -881.327947101831 -12.0528315165326
496200 56229.0769871638 18852.3200936006 35565.4721562217 1997.9781921397 0.997081586333498 -0.0377754723485744 58279.9622577243 77261.2853068231 -440.452214822174 -12.046378415296
496240 56311.1282750118 18884.6912235356 35650.6920521636 1971.84189955247 0.998793665134767 -0.0367616420499492 57205.7533931804 75898.7552560606 -874.21972799298 -11.7925438230865
496280 56212.4502009374 18841.6831828646 35571.4903174415 1980.74870679472 0.996519010068207 -0.0373927783882662 57482.6592064611 76821.0832360167 -147.288166648504 -11.9569154722205
496320 56419.4548461827 19003.0690482135 35609.7368789775 2005.3766055271 1.0050545576207 -0.0370350064991106 57205.9805844567 76286.2757845609 -336.334209910403 -11.9269970003337
496360 56337.4679087739 18957.0641673384 35577.2163563185 1998.45194023943 1.00262140247724 -0.037957211368365 58953.2301524378 76850.7273865693 -126.931953428917 -12.0970049468155
496400 56258.2635101035 18882.180999478 35583.0132185352 1975.76856972592 0.998660901730952 -0.0370914837474987 57028.2536328264 76633.7490974806 -398.12557422818 -11.9030492011466
496440 56350.1948625888 18939.2596702655 35670.3187813861 1953.86650134291 1.00167973927095 -0.0386431064902905 58502.2484358248 78287.4309730654 766.133977659258 -12.2898164933555
496480 56252.1415676599 18902.1278731074 35627.3471535339 1930.21071427994 0.999715873230589 -0.0380048652749784 59438.4063093231 77259.2161560815 -831.174542060409 -12.1620589001207
496520 56096.1560599046 18807.3950467534 35510.1965981979 1970.78340815652 0.994705542602321 -0.0378491631367745 58187.9899542837 77267.5395242585 -25.8225769139371 -12.1111671996052
496560 56371.0240067911 18983.3697032984 35603.4706320139 1984.32642991194 1.00401267768337 -0.0380133291431167 58930.4309988476 76464.0416982499 420.443568672109 -12.171060177404
496600 56288.4138926496 18932.1092543004 35512.3223389516 2027.096313975 1.00130156045487 -0.0380925747261539 58897.6022982855 77404.1034187954 -199.292151519512 -12.2200142198812
496640 56379.9604620567 19009.2045758847 35515.2378711165 2040.71144491892 1.00537905994366 -0.0380742893177964 58436.194277445 77307.3612903148 281.237103300438 -12.1894194191417
496680 56491.3100136826 19043.8594217501 35609.866933952 2025.61749994746 1.00721192234564 -0.0373962590778374 57937.7903521534 76062.2013734855 148.758094387524 -12.0284826542868
496720 56289.1659392862 18814.2500901985 35650.3534542778 2021.70958758278 0.995068099441943 -0.0366511646825815 57604.840772892 74994.7195165525 -547.827892305551 -11.8049885835896
496760 56292.8826986814 18912.1716471403 35542.7948732588 2022.08403679443 1.00024707905013 -0.0374290580860432 58095.888611934 76402.909537961 -335.461175974205 -12.0077868923983
496800 56164.0037907405 18741.047404105 35605.7778679317 2016.31504489473 0.991196477805367 -0.0377425697207866 58078.9795196713 77682.6033144491 -646.593118965577 -12.039999008452
496840 56293.091792304 18920.3769249053 35578.3402652729 1985.59691841377 1.00068104852071 -0.0379135656953035 58914.4059185762 77116.2203620263 -556.650761372517 -12.1097923043412
496880 56152.384609082 18764.3281592721 35598.9051508831 1990.90177120801 0.992427775182974 -0.0377497030792406 58082.531949025 76687.3640704384 337.839374398695 -12.0594670182608
496920 56263.1700473279 18844.5219307887 35572.2887856446 2008.4077491507 0.996669148792212 -0.0381274394178978 58554.4133774643 77870.0696819613 -261.35637608343 -12.143959208718
496960 56369.3414100814 18933.3334716962 35635.6398018388 1982.62652139136 1.00136630816851 -0.0380997984373206 58475.9347666954 77705.1188561827 -42.0884438180048 -12.1969910847025
497000 56289.1943821779 18850.7671701693 35652.3929729887 1964.35176315264 0.99699945366491 -0.0376189632132262 57940.7382319763 76653.9811807306 93.7832497877734 -12.0311417456789
497040 56339.5297966705 18933.0523765429 35616.2650820504 1977.87179489631 1.00135144130863 -0.0383625392324344 58665.6727890624 77386.546130037 658.34255907303 -12.2294499909783
497080 56184.3536612863 18789.5659528727 35568.4929886985 1997.4493401696 0.993762578493861 -0.0377399187158029 57604.909120529 77081.9011848605 341.527728274897 -12.0285791054522
497120 56191.5025883952 18868.2833376194 35506.4616238817 1977.88996770446 0.997925867386984 -0.0374828610975085 57807.7303007479 76390.2618598585 73.5359857225528 -11.9895477271739
497160 56316.4052800575 18919.1997744905 35567.5302436268 1997.11711846829 1.00061879013569 -0.0379095704568742 58045.5673029457 77818.3477652704 -325.559458880443 -12.0942001574381
497200 56246.0239863553 18853.9668293613 35564.8385784388 2011.4364552854 0.99716868064849 -0.0384534067816237 59699.2645228657 77108.6419143102 100.67526324159 -12.1800031871762
497240 56188.2639295962 18838.9396736148 35555.6865832407 1985.30310477767 0.996373908428657 -0.0385104098624572 59351.9715768074 77641.2093018411 184.590607574712 -12.1834180797191
497280 56248.3001823638 18897.2989011823 35537.8147899732 1994.75494062955 0.999460473419664 -0.0377780618281922 58467.1509574746 76443.6282938668 290.639830376298 -12.0639428678895
497320 56372.0333668676 18971.2849032272 35539.3754182175 2033.16866645041 1.00337352390465 -0.0378341238097556 58664.8747067742 76317.7192066331 461.282895155474 -12.1157417048926
497360 56237.3555447398 18886.0250323086 35559.9535118731 1982.63910491498 0.998864209033907 -0.0382258895543488 58628.1031405352 77424.9422832748 370.935799670387 -12.1543666466197
497400 56372.5586375468 18959.2028721589 35591.4982957091 2020.42659428882 1.0027345165759 -0.038300841496545 57149.3614071255 78752.8113719335 653.704747421901 -12.232684037703
497440 56233.1312878458 18864.6760789856 35565.6295014511 1981.49955581102 0.99773508284996 -0.0383236645714011 58774.5170715918 78199.0249101364 -231.894915856038 -12.1856828083009
497480 56258.6054793345 18871.9048333008 35587.6349365764 1979.20601746139 0.998117404908145 -0.0375779930601433 58861.3174432351 75957.7097977368 -265.935526959887 -12.0210108618205
497520 56236.5664635958 18839.4582605833 35620.5498396239 1981.54094347046 0.996401336008639 -0.0383012427604764 59028.9386562238 77447.8542700419 186.629618659242 -12.1834077085323
497560 56259.3181247079 18930.1392893815 35557.3091474839 1986.14345434196 1.00119737085186 -0.0383032800548045 58574.1035837052 77467.4049481912 626.880473421655 -12.2334658073086
497600 56187.145770455 18866.3420476133 35539.6710753754 1983.22611840508 0.997823194373308 -0.0376277143242843 58845.9328092648 76470.8227246722 -508.449953148645 -12.0500375381479
497640 56260.7751014029 18918.0538549425 35565.9237421547 1979.66257380616 1.00055818352201 -0.0371155917537231 57814.505019886 75980.3816163657 -537.79715099934 -11.8658829565023
497680 56250.0135304016 18949.576914924 35521.6493289059 1959.83470434172 1.00222540869623 -0.0381290716854226 58825.4733046585 77352.2461637276 13.987372912776 -12.153993533763
497720 56214.082611508 18897.070328673 35554.5612880587 1942.21801280031 0.99944838443332 -0.0380324755167281 58759.711659753 77870.9073589021 -731.23246794744 -12.1293074570069
497760 56176.3419172209 18824.6696892309 35553.6664874018 1973.06683218088 0.995619182294377 -0.037833348455045 58984.2374489474 76364.3104133839 49.9197292007209 -12.1398940280635
497800 56148.2523084484 18802.7968886382 35554.1970717036 1989.30851696994 0.994462350318035 -0.0379685475873232 57959.0894231072 77470.2614778399 224.088222159127 -12.1204069760211
497840 56199.954128406 18814.1724677776 35562.8040785219 2029.06211591958 0.995063994064661 -0.0392286916708803 59798.9814149545 78198.7473472888 1159.73468998575 -12.4138544813589
497880 56419.4270015898 18961.7344198577 35649.2617383213 1998.52841444101 1.00286840776717 -0.0369944760064281 56764.5093675119 76427.5536241255 -352.254945683913 -11.8482792666548
497920 56225.8587990262 18804.4114993351 35624.5456272318 1991.90548915595 0.994547745568428 -0.0389004860446807 60254.9872387373 77751.7793410934 233.693331627849 -12.3208253562101
497960 56327.362490576 18827.9237870253 35709.2948150071 1977.71363812365 0.995791288484744 -0.0391940752378247 58707.8607743404 79136.7373573708 1239.32822907435 -12.4110893710248
498000 56262.7558849213 18932.1285812026 35528.8890445175 2002.00839593406 1.00130258263666 -0.0372078313281342 57762.4563088787 75886.9656660098 -98.929739746879 -11.9316622435256
498040 56244.0671513031 18758.6441869439 35722.5873898909 1943.7079029639 0.992127155199996 -0.0379166694492478 57950.5793599942 77117.5548399388 574.00216934745 -12.097998466865
498080 56364.9944773535 18887.4078268806 35641.9665914906 1974.08956908776 0.998937343746162 -0.0376877221900182 57587.1010279857 77378.7482921343 -55.6954070705588 -12.047495380811
498120 56237.163547232 18935.2427106417 35508.9876116631 1948.55172134005 1.00146728603156 -0.0376324633245974 57733.4137623839 77388.8996045615 -436.396317602316 -11.9864644872746
498160 56196.9859506133 18785.8769332082 35606.3691807524 1983.35985946621 0.993567469692356 -0.0380422253377486 58177.0954903941 77719.7138187387 33.8385698259108 -12.1067422170056
498200 56283.7341291412 18943.0000340185 35560.9883883671 1963.93981867875 1.0018775636133 -0.0367111911881118 56620.7116044491 76546.332314411 -1069.50207896589 -11.8054659270265
498240 56118.3743334693 18831.9647478179 35449.325032705 1997.19418523879 0.996005011123518 -0.0387395247055838 59875.0526300771 77754.0265310328 196.807013509097 -12.2799955269133
498280 56263.6969371875 18864.5348144067 35555.2686156615 2038.89501639512 0.997727611498437 -0.0384773515434678 59412.6281939037 77194.8907264464 430.56288536447 -12.2429339258212
498320 56408.2082484625 18913.9208651404 35642.6871815725 2029.74719664247 1.00033959355496 -0.0377933622799145 58133.1847862195 77314.4562702734 -220.865456476923 -12.0792393128722
498360 56309.8694506691 18893.3302608525 35638.9202922848 1964.11396522236 0.999250575742561 -0.0378648957691334 57712.8164427393 77518.306516248 226.279447848361 -12.0812988909407
498400 56317.6623392168 18858.3007059863 35647.7138397232 2004.2897315849 0.997397895331814 -0.0384816530970517 58328.1891463026 78544.3735290723 184.291880811849 -12.2257416854079
498440 56491.1983770616 18946.9727629114 35726.0318829365 1990.13521912157 1.00208767753069 -0.0376694685981838 58702.1484394388 76502.430861204 -325.319478277694 -12.0512353436485
498480 56197.667643679 18927.8911253776 35460.6786374865 1997.97575077599 1.00107846755931 -0.036988171721506 58003.3948890514 74412.6962498126 527.866076241851 -11.888027925272
498520 56174.9168255467 18841.7687940273 35564.0414781604 1937.92827670374 0.996523537962573 -0.0394503345165514 60681.2625359136 78324.3850185789 786.105485402424 -12.4463227119269
498560 56274.1860855186 18870.2908520049 35602.666536282 1964.68846106715 0.998032042946183 -0.0381966787067001 58277.1352921455 78218.9137520437 -192.952341590629 -12.1580271700405
498600 56293.5388933406 18891.4541597557 35600.314012986 1978.58771074306 0.99915135050936 -0.0378216278986274 57730.4011723334 78083.5937509395 -571.074554569486 -12.0841431634644
498640 56424.819654258 19058.8391879739 35571.4390796131 1984.71609607728 1.00800418817792 -0.0380510110262403 58174.4667021097 77311.1875887467 419.253808453145 -12.2392153811678
498680 56286.6764035071 18980.6914682887 35528.9196784917 1976.31512478016 1.00387102833736 -0.0382622422316638 58178.0177578576 78300.4011072563 -51.4175536232542 -12.2566918891125
498720 56264.4497554648 18940.7632312568 35535.7076464041 1977.99674495432 1.00175926120623 -0.0372075292604966 58191.3857709243 75412.5309681752 -96.0760940230032 -11.9667123740879
498760 56170.4240609737 18857.3906856688 35512.3532344039 1990.46344893477 0.997349765207923 -0.0381886370535429 59521.436070545 77065.1980595205 -272.584855672575 -12.1829366800527
498800 56267.6475910336 18941.4897766698 35527.6389872592 1996.41064939258 1.00179768751394 -0.0382969802089494 58468.26513881 78019.6264609177 147.264672047559 -12.2320148179011
498840 56345.2256492025 18947.9225154001 35562.3085362885 2027.49701892681 1.00213790905197 -0.0371902982552744 57889.6113569885 76529.4907587277 -908.906781326794 -11.9492426539263
498880 56188.46416829 18816.6364228212 35568.8405056998 1986.07829657478 0.995194310343577 -0.0382686989966461 59187.3759826148 76239.8800077315 1231.91425007859 -12.2466845610265
498920 56110.8342263837 18891.4940184736 35443.4800701554 1980.62747286327 0.999153458599689 -0.0376839891244769 58035.2803197649 76894.005459885 -76.9848196958594 -12.0787439788443
498960 56238.7535749799 18921.4435779007 35558.870686115 1978.89579705104 1.00073746280051 -0.0378553229682646 57602.5878881632 77668.6226672346 175.055075975242 -12.1422196367761
499000 56086.1083854788 18845.5904131636 35529.5384226407 1945.88956020725 0.996725659826186 -0.0381753117719436 58311.6282748754 77407.8063277647 488.168586840342 -12.1640291354298
499040 56294.9354109904 18985.6073161548 35521.7068867842 1999.50374903627 1.0041310229356 -0.0384808575482238 58261.5176473902 78101.1770305592 780.42799138573 -12.263157402766
499080 56180.5797231918 18855.7141484735 35595.7776690838 1951.04102850916 0.997261094722916 -0.0380560758330477 57895.9949610096 77986.0161202865 75.9449494465977 -12.1637167263898
499120 56077.5079097599 18891.8075714703 35416.9325753822 1969.94088103094 0.99917004212457 -0.0377773444675035 57669.2021234412 77480.3672812171 -51.1427312221958 -12.0941288916134
499160 56027.5431656865 18785.3738114876 35451.2750959446 2013.75191964373 0.99354086005488 -0.037297274359323 58143.1817957976 76307.6382293531 -669.594947358282 -11.9556583535934
499200 56104.273713022 18831.1864319054 35507.1997764602 1982.08507509369 0.995963846722484 -0.0370667930598918 58008.851421995 75480.8703649324 -256.370439220356 -11.9057430740338
499240 56113.6963071774 18920.9491070986 35468.9707373154 1946.54537637855 1.00071131070203 -0.0389616014823457 60031.9063365714 78139.3594074112 319.17800940983 -12.3842630919181
499280 56199.4838770915 18841.7279822641 35581.2782071432 1972.87628204763 0.996521379466567 -0.0375704724850622 58259.822972021 77157.3546828329 -874.369249198232 -12.0272721495009
499320 56204.7774662431 18911.9741268966 35541.1214810102 1972.55090342456 1.00023663238909 -0.0365636697484094 57584.9758110767 75072.5377740481 -857.754605827725 -11.8363462237914
499360 56356.9178434833 18955.3035386024 35619.918296562 1991.64000585221 1.00252828446925 -0.0380428371524707 59022.33681073 77013.8547757621 25.0665754936188 -12.1399070331679
499400 56176.6131132183 18816.2660197359 35597.1065273159 1978.84969413846 0.995174720070657 -0.0377661738630288 58231.5438385219 77002.1669369746 -124.752152348787 -11.9855977387659
499440 56168.0332653911 18867.5706071634 35537.5385158479 1992.16132719773 0.997888171739436 -0.0387712654762831 58853.7668684023 78922.2402500694 174.691768848057 -12.2761930598108
499480 56260.3820386829 18939.4116374379 35581.1180082317 1953.65780774136 1.00168777667264 -0.037877098172492 57671.10544809 78596.031170757 -707.767791944785 -12.1069151164467
499520 56178.8394243182 18869.282755437 35556.2166249689 1961.79088537381 0.997978725661086 -0.0371063066907119 57914.3844536857 76176.2641547725 -718.644430655619 -11.9439160516959
499560 56142.9820238614 18908.6484210705 35511.0092229499 1964.56529503388 1.00006073891686 -0.0364520083881931 55348.4203351873 76550.7541593686 -376.655808971179 -11.7555356843576
499600 56225.4608785531 18848.3185667859 35637.2741327764 1965.16967278575 0.996869949320953 -0.0377442987530409 57349.1364655599 78184.8568340873 -377.141832516438 -12.0707035982974
499640 56155.8511675396 18833.1080838306 35543.6726683862 2001.22971303292 0.996065481096422 -0.0371951165513847 58479.4422658227 76144.5596128797 -1077.84812082767 -11.9440124806883
499680 56194.1522724643 18937.4966114789 35498.1333911069 1987.35929509821 1.00158649273986 -0.0386287520998202 58712.5749033027 78352.5064490316 561.369969451648 -12.3426343909602
499720 56030.3879824151 18772.0572678348 35487.8734157192 1986.87147332846 0.992836560509576 -0.0375862290733732 57812.1237123028 77452.2109449167 -684.597858475269 -12.0545473320633
499760 56250.0786567764 18950.9682178247 35547.2679837154 1970.2644485863 1.00229899340604 -0.037980729757875 57939.2969672636 77221.8565722961 713.156609915051 -12.1837161201843
499800 56316.7669142221 18967.2471731705 35611.2065838279 1961.30117219976 1.00315997213648 -0.0377250813004805 58283.6506391872 76329.1065653563 324.906942908368 -12.0412707732549
499840 56301.3362395837 18948.1665407866 35610.2571132723 1952.21938622171 1.00215081532654 -0.0371628260952479 57468.7274074952 76766.7838519584 -900.90259297206 -11.9294383847907
499880 56252.7691320457 18891.0306404135 35587.8105253547 1980.76400209015 0.999128950967262 -0.0377357723924911 57960.7356638464 77226.1465642957 -140.788187702101 -12.1284807354251
499920 56265.9910063038 18866.8427046125 35584.1195487115 2005.42176629299 0.997849673653972 -0.037217912803955 57949.617494904 76144.0085249812 -499.479086519769 -11.939384161806
499960 56273.5015324518 18900.1237129296 35621.3923554107 1969.21783621463 0.999609875072306 -0.037790284112522 58698.6262379226 77088.9966973847 -546.906851013769 -12.1272421418272
500000 56108.2568077687 18784.4901970203 35601.1083547268 1940.29756799176 0.993494126511719 -0.0386013496594327 59152.0317912313 78094.9020139648 270.663626784422 -12.2842054174175
500040 56258.684414247 18874.5093140344 35663.9721681611 1932.1520346635 0.998255153459443 -0.0382367207304839 59170.6120253851 77706.6595503878 -334.35008651986 -12.2247779079282
500080 56343.4653598894 18957.1495793893 35580.1612442072 2009.92547925272 1.00262591984077 -0.0376973350701659 57581.871574775 77152.9104260246 168.67703173373 -12.0842447845154
500120 56108.0877769154 18789.258544236 35522.2863017473 2011.01639900641 0.993746319938435 -0.0378415337046499 58297.2573699873 77068.677358131 -5.1992140641779 -12.0802274064573
500160 56249.0012736128 18944.7747996859 35554.4956826028 1961.23560928246 1.00197142931038 -0.0383381114285868 58275.4334852533 78954.829304058 -429.709527519273 -12.1897067287681
500200 56252.7695675604 18883.7605733922 35570.0915351452 1994.92785806811 0.998744443918668 -0.0378162243816545 58591.7161215154 76635.0905775733 6.80670076901266 -12.0884073368909
500240 56268.6529531297 18928.216224691 35592.6392658274 1965.88012647893 1.00109566175809 -0.03783717330898 58839.7807539705 76631.7297229854 -226.166132846999 -12.0685870456062
500280 56252.6839228314 18936.585682133 35524.994448044 1986.51659594385 1.00153831453831 -0.0366006388541123 57208.4611969564 75289.5351544023 -643.131947107909 -11.8023452594208
500320 56202.876043164 18847.8392226278 35578.9226439701 1992.55039298278 0.996844597256527 -0.0381454574190328 58929.067264201 77372.073355085 -22.5095639632531 -12.1482208043882
500360 56189.9595019892 18813.1768393289 35591.1470849417 2012.49134494089 0.99501133620674 -0.0388649045849758 59145.7048671123 78703.5533453337 410.38964239083 -12.3075180085938
500400 56076.3828283774 18768.3083493099 35549.072683182 1979.01088447427 0.992638283713338 -0.0387431564591952 60008.2493758745 76764.2438284428 1044.39650660319 -12.2586515604475
500440 56334.0797735759 18950.4270057168 35590.5877079113 1979.70318257944 1.00227036920358 -0.0368182353166955 57357.8007138714 74755.08240333 398.624883171845 -11.8885976124585
500480 56208.6347545542 18815.1014773303 35618.1524752559 1984.8279879529 0.995113128511455 -0.0377699514091773 58115.2884585253 76787.291625437 164.859352500869 -12.0897784538032
500520 56253.3902080274 18906.1527193349 35573.0028831677 1975.52352390106 0.999928743585079 -0.0374879963554975 57706.6104099243 76823.6971380342 -191.307732773082 -12.00658382461
500560 56224.3948663249 18910.670642045 35523.6198719886 1981.76876657898 1.0001676922938 -0.0377655686212846 57994.2501596334 77299.4047712722 -137.706258824509 -12.1142208143126
500600 56197.0065323717 18902.056834108 35547.1454984073 1974.91729483328 0.999712116044321 -0.0376745770275999 57208.6303921029 78017.9072567924 -376.309596831932 -12.0713849338845
500640 56124.5013479351 18854.1551215491 35537.4471790315 1964.55252717222 0.997178639246285 -0.0379177689500831 58005.5654439547 77462.6756892037 181.35178813043 -12.1087331428666
500680 56229.997640672 18844.1852926919 35612.4438026922 1981.45009951281 0.996651344317963 -0.0375344552544716 58002.8808870013 75858.1485330775 681.13299688711 -12.0549302575213
500720 56230.8920477903 18836.5516813155 35612.3690785356 1980.04242088316 0.996247609748276 -0.0372871364723438 57773.9392136448 76081.134720642 -132.880480915089 -11.9441941752474
500760 56141.8406258354 18792.9937587006 35552.4619133307 1994.7570605976 0.993943871939739 -0.0380103365202097 58390.6448445646 76898.8472596786 595.194844717026 -12.1530412967193
500800 56341.6887566543 19003.253299477 35523.6531843647 2008.13713345344 1.00506430249779 -0.037458023655625 57751.5774648698 76963.8296919368 -415.710593096642 -12.030347891053
500840 56233.9756364636 18728.4208876451 35718.1945572676 1977.53886753095 0.990528673153252 -0.0378458187512945 58613.6003154237 76551.7551162796 102.272878493214 -12.0861349061039
500880 56233.7972866459 18744.7940264213 35644.8564880615 2005.06149224932 0.991394633157281 -0.0387954456242694 59933.536083877 77545.4660868908 542.758186579765 -12.2631868820279
500920 56377.9555303798 18910.845369245 35607.331775204 2012.08553197757 1.00017693345207 -0.0373435379969173 57818.8065566406 76629.6715501024 -442.897387096428 -11.9627188594922
500960 56357.4906482997 18965.6802740225 35543.1849219661 1987.03719570914 1.0030771003053 -0.0379721395622203 57997.1518862584 77962.0236297691 -280.3388432943 -12.1465504669293
501000 56251.4326864117 18850.6309754913 35583.5064432399 1960.02405829422 0.996992250455708 -0.0388155113988731 59847.0367511332 77679.6344253158 570.373658508718 -12.3405569339064
501040 56063.8839793424 18724.7702304674 35518.8477998323 1964.15571634167 0.990335593307811 -0.0373691359700816 56957.9786924071 76637.6961023844 463.011396120267 -11.9902890531239
501080 56326.3666346899 18921.8392077337 35545.4377370143 2009.3563539681 1.00075838729254 -0.037136948195783 57542.0592652246 75738.8166563493 75.6291349882769 -11.9231749454853
501120 56360.8637871896 18928.3215292743 35609.2266701086 1980.31885264351 1.00110123121906 -0.037748395094909 58829.00159934 76642.8504036399 -401.846338490421 -12.0437884084805
501160 56451.4558318309 18957.2721047936 35654.8595100341 2007.16260424884 1.00263240009486 -0.0367365687063955 57398.5068033182 75456.2783641003 -656.550830276051 -11.8174151707659
501200 56353.8567515821 18875.6484170076 35604.0255702218 2021.476623098 0.998315399550846 -0.0378714287707629 59159.2312825302 76470.3089149302 -220.562843302297 -12.0618264316895
501240 56289.5195287774 18841.5630025716 35593.5902456692 1989.0740090978 0.996512653844854 -0.0381076002149394 59107.1559825853 76744.529178643 122.490881501485 -12.1120134383429
501280 56349.7084083551 18892.5217305221 35600.3451975417 2004.62581677427 0.999207813329212 -0.038657850879478 60038.3938963197 76751.5610139259 802.712702165316 -12.2823561954866
501320 56509.465800202 19063.8487973176 35551.379043374 2023.87912147671 1.00826914173305 -0.0373325697726321 57610.3762775715 76774.7401069173 -523.282713987818 -11.9639599719453
501360 56335.5196840416 18914.4592472077 35581.6455132399 2017.41897954467 1.00036806807921 -0.0379938566994039 58102.1358176073 77455.2302817213 96.7311138471781 -12.1320430769505
501400 56261.0375461132 18880.3534127898 35562.6449999454 1997.54782752655 0.998564242379468 -0.037157391370761 57519.93746564 76406.2317605921 -491.33677426336 -11.9392935413462
501440 56338.6744920946 18895.5717695913 35613.4515729459 2005.64448919369 0.999369127044365 -0.0372834189794406 57236.0306158836 76646.7522899287 -93.9835025745473 -11.9656898513991
501480 56399.9046035071 18915.9166476438 35627.0270489117 2011.97393662989 1.00044514862588 -0.0390413243891552 60443.1489622878 78163.1211154672 99.2041469056643 -12.4125056551476
501520 56188.3337751795 18807.5555543108 35575.5610716688 1971.67641133031 0.994714031696988 -0.0371058294770294 58151.0698786936 76410.8387230893 -1260.01557335025 -11.9090045070755
501560 56325.2611934447 18807.7072332805 35710.3254883633 1966.43357850956 0.994722053855901 -0.038588452860186 59331.5412224333 78013.1354616073 81.6638705549007 -12.2330545272503
501600 56464.9762319735 18967.0404786676 35698.3365962079 1956.17756105051 1.00314904025744 -0.0383445302978978 58360.4395391097 78100.4826025493 265.214981524304 -12.2493679453881
501640 56277.5260778519 18876.5270112471 35596.1388272226 1953.17497715428 0.998361867578849 -0.0379496385794598 59319.4248106619 76817.7184986851 -528.847636470144 -12.0696928768783
501680 56321.3718711259 18941.8104242688 35586.003569796 1945.02517847973 1.0018146462657 -0.0366489697396368 57475.9796936468 74922.1773411371 -496.193252678393 -11.7632884214622
501720 56245.3998360799 18821.1224234869 35606.865403951 1960.10128357012 0.995431570725208 -0.0382569532983498 58968.4086433396 77080.8598859717 457.241393691266 -12.1848342331183
501760 56253.0887919158 18891.535164509 35582.5536912417 1952.62365637109 0.999155634775034 -0.0377878035028221 59052.9100076219 76022.8505111903 92.5027893940457 -12.0739300301425
501800 56150.5525667518 18747.8347106124 35577.1111597323 1975.88506119318 0.991555452101675 -0.0379931789624454 58374.6234268537 76816.4606599617 658.772847412341 -12.1213834107536
501840 56397.9463049523 18948.1476117747 35612.5426602032 2004.83331282367 1.0021498141888 -0.0367660929091446 56593.4335776093 76552.3233948896 -688.722113926527 -11.8721765142447
501880 56341.7192981338 18867.6715554426 35646.7820473029 1991.07657725381 0.997893510799555 -0.037928833793457 57868.950038647 76768.2963870029 832.249054491318 -12.0958116066335
501920 56402.7912050192 18936.2038905772 35688.1695924465 1958.48679492965 1.00151812193982 -0.0380810388331179 59178.1544889467 77191.8999976336 -340.865468739265 -12.1565843568079
501960 56268.1133950516 18877.5042464544 35535.2106662465 2001.62983380662 0.99841355263543 -0.038386305132892 59172.9774898503 77404.0068201165 275.980495935726 -12.2192036714109
502000 56343.1617224985 18849.759355254 35651.0508526773 2009.37409873293 0.996946151276163 -0.0383133011163071 57509.2519593442 78758.5570752045 357.948925377915 -12.2246571732849
502040 56273.6844030937 18802.6379421515 35634.3510383003 2001.16228384379 0.994453943786938 -0.037499930146857 58149.3738660981 76689.1540991849 -508.70278703124 -11.9970300139092
502080 56338.095664848 18961.2116462091 35569.6207191097 1973.44439277799 1.00284075875759 -0.0372458398331872 58274.5724424467 76550.7107102279 -1225.36226066203 -11.958139032082
502120 56420.8513599322 18900.2125690868 35652.0745695596 2039.18318940809 0.999614574591393 -0.0371563608959908 58026.7016732688 75628.3863158625 -103.207379220015 -11.9951672010725
502160 56331.9450644855 18916.7152270314 35603.7237024077 1975.32777355013 1.00048738474317 -0.0381947653376802 58189.73767754 78083.0661006656 72.4104871501075 -12.2156722017034
502200 56518.4316435485 18977.5904441307 35699.263831991 2023.32194413574 1.00370701806853 -0.0377959136376326 59099.2796745904 76350.5948871943 -271.529947517879 -12.1316298951077
502240 56404.8543224772 18882.8033993725 35667.5500702806 2026.50170044467 0.998693819879547 -0.0382697328476171 59138.2951910745 77082.21528467 316.980254675976 -12.2318546918173
502280 56379.1623930777 18952.2671524337 35613.6777785015 1966.87868590819 1.00236769284325 -0.0370541370251605 57136.2053212287 76073.7865706925 -71.4137348387561 -11.9393091697968
502320 56287.5640850814 18909.6594215595 35540.0894820957 2006.57354764497 1.00011420978763 -0.0376247356600665 57421.8898918348 77074.3921287859 227.072144970178 -12.0484915628593
502360 56319.4301746132 18875.3072211769 35612.2774548312 2019.25915741093 0.998297354022315 -0.0382095215878144 58937.3075892967 77498.7028179654 38.5244754967083 -12.2216860915149
502400 56285.7890789888 18910.73088126 35524.5166770669 2020.47906418894 1.00017087828957 -0.0374635918634101 57899.6377556593 77148.5492595388 -793.692281791402 -12.0059227849698
502440 56357.9231653456 18954.4719219033 35558.9966110166 2014.23119013113 1.00248430103944 -0.0370818478324754 58382.9184893698 75339.0581860128 -479.001724341159 -11.9110114212984
502480 56418.2328691442 18967.0960722142 35583.3468063119 2017.54114775279 1.00315198054815 -0.0384574376683709 58866.7863772821 78402.9231642016 -263.314968936373 -12.2438913183597
502520 56437.0691380657 18929.1693955886 35617.6866690478 2043.59380308656 1.00114607407582 -0.0381938894359456 58397.9270811016 77499.9052863896 459.576707285916 -12.1858229178555
502560 56382.0185225057 18912.4041310262 35611.9510644822 2041.39532841233 1.00025937490552 -0.0377107773869271 57431.6417251755 77576.5958444804 -106.829661225722 -12.0473645263042
502600 56414.026956417 18944.4250868652 35613.4056172727 2015.43530404314 1.0019529333262 -0.0382528166233928 59507.1944850779 76537.4950985892 401.633779520778 -12.2025845244468
502640 56347.4453671711 19001.8822344487 35488.4362635724 2021.60850673001 1.00499178815014 -0.0370838453884188 56753.0820875847 76871.30160861 -424.476086768438 -11.9390727264893
502680 56324.3119653525 18934.3575821967 35513.4744394103 2056.48384659134 1.00142047241553 -0.037843547740938 58840.3612981327 76267.1094388272 127.839103195467 -12.0412057540331
502720 56268.9284012461 18860.0728560144 35584.1925558367 2009.16948757108 0.99749162269017 -0.0382356468670656 59774.9787173187 76669.4528109343 -2.20184667396597 -12.1782856177013
502760 56263.1780643916 18872.1250032281 35531.4823000257 2026.61319020354 0.998129049489784 -0.0377588955456755 58338.03027475 76674.5364140451 134.029489653102 -12.0942581561308
502800 56473.5313744685 19025.369705312 35608.5543418661 2026.37905007256 1.00623401852767 -0.0374701210401993 58337.5326760802 75728.2004550257 233.129720586941 -12.0373515273463
502840 56472.2692793716 18962.9599872858 35651.800139597 2035.78490239544 1.00293322688276 -0.0375266301488156 57635.7732317459 77025.6715098451 -228.6066689941 -12.0282957699463
502880 56229.3692958945 18792.3055637181 35574.0722040345 2038.09334676257 0.99390747395045 -0.0375302903260453 58077.6367376634 76307.4326451117 115.486061725459 -11.9791294050263
502920 56310.2181565476 18909.1860867677 35563.5422992406 2035.59505924901 1.00008917555297 -0.0374486652952793 56847.8056744635 76674.6647953573 689.240525707456 -12.0117270882073
502960 56339.6638608205 18879.0828270105 35603.2449032439 2016.86931926678 0.998497042285361 -0.0366292056706827 57595.5582150874 74730.1429684941 -375.00697600041 -11.7790132579873
503000 56347.5608389865 18862.6863820128 35640.2582830481 2008.81018445084 0.997629849637065 -0.0385092209447779 58268.3593897544 78591.5782441805 346.228710346194 -12.187797312717
503040 56260.8874749562 18933.4973986539 35535.5099391554 2002.80407376885 1.00137497811207 -0.0386120857336339 59820.0579286659 77492.61045996 131.345853365244 -12.2897967347666
503080 56385.0551187922 18896.515074823 35642.2516358895 2024.93672482246 0.999419017576252 -0.0372372908060525 57617.3266020702 76030.3665495274 -12.8140025090551 -11.9449914119059
503120 56285.5856684733 18907.6431784052 35545.1197859239 2018.77762189834 1.00000757257201 -0.0375486402414701 57911.8796881467 77071.5526213399 -453.852128625179 -12.0245196644134
503160 56456.3569796082 19049.5543461571 35585.9840400649 2028.66399083884 1.00751312157382 -0.036269863977389 56543.2986481102 75759.9029179109 -1304.3308169283 -11.7463142653076
503200 56251.3437919298 18863.6369798876 35563.0071399149 2033.73180254258 0.997680125870028 -0.0377199230036657 58517.8747291625 77654.5566286435 -1218.66401581611 -12.0552312787439
503240 56288.371224164 18925.4074828409 35547.686845098 2019.24617225847 1.00094711002729 -0.0379058525749862 58654.7424922195 76774.4333911994 84.5802676962599 -12.1321117200101
503280 56365.1901867918 18971.8402835401 35610.8851006572 1986.39773031163 1.00340289745023 -0.0378774137614726 57962.7282241283 77589.2340757127 -94.4025399806815 -12.1028461120524
503320 56261.8894613572 18774.1709964277 35641.1629596451 2023.57062917716 0.992948353638909 -0.0374928185438633 56788.8392672396 77172.6948728454 407.870199859874 -12.0071109666758
503360 56419.3087607167 18910.755215907 35658.2507018603 2013.96496941509 1.0001721653263 -0.0376452831669457 57848.2629827759 76576.2913616127 336.547006878844 -12.0206382005135
503400 56230.2545779277 18838.3279453756 35556.7673244598 1984.44387860874 0.996341554693936 -0.037693945104592 58495.235159077 76592.8681210541 -176.77156908082 -12.0303363024965
503440 56330.607096603 18849.9375698132 35624.7844801284 2030.49172255631 0.996955576877601 -0.037504059131192 57312.2283397919 77319.6505968611 -255.766074120279 -12.0159131991094
503480 56279.6451035688 18908.4148454505 35549.1689865311 2012.39391223713 1.00004838532067 -0.0376999304231645 57700.068932866 77664.4130819155 -398.371294597267 -12.0599865508227
503520 56270.8815393889 18889.1315667936 35540.38165381 2014.21836943689 0.999028510738786 -0.0376419307259881 58400.0408621366 76764.5321008388 -420.740870764792 -12.030022275018
503560 56240.932824711 18881.235077774 35520.8078544821 2021.34955037364 0.998610872816292 -0.0369582852661525 57250.7958313553 76216.0690476188 -559.894651146014 -11.8719569726818
503600 56256.0869952194 18881.9886002609 35567.3294910605 1961.37394455026 0.998650725916221 -0.03717203834578 57913.3901036397 75300.9285085418 188.201648473319 -11.8972018594673
503640 56427.4974870326 18987.5040358863 35626.4089625598 1974.94060041841 1.00423133866912 -0.0374929096502275 57991.5702888614 76091.0691728485 280.22726886357 -12.0338928286408
503680 56345.1343044354 18873.0145492575 35606.8234350819 2013.41305485711 0.998176096747721 -0.0388323563816632 58094.2837937003 79421.7132127615 560.636088179934 -12.3578891179961
503720 56247.4260936192 18840.515839693 35545.4139673905 2016.73979359267 0.996457270379107 -0.0372591033553226 58588.1266688938 75965.5776912023 -962.242717081546 -11.9002381390652
503760 56279.9894998031 18873.8857344381 35533.9115354551 2009.94269998424 0.998222172917523 -0.0375243974231626 58116.5848876077 76730.9694098574 -422.368768591669 -11.9739752514609
503800 56339.5271936472 18958.8069780071 35562.352183933 2010.91273614656 1.0027135781043 -0.0370869714238313 58300.1662111556 76438.7221683585 -1515.54012928042 -11.8776675848903
503840 56397.326034267 18991.2585106587 35573.2841310526 2012.77442516965 1.00442990933009 -0.0373105014650453 57060.8847307528 77177.1799539996 -451.963358717602 -11.950816851529
503880 56228.7639040965 18874.9231130211 35543.0754927983 1979.65976715459 0.998277038901026 -0.0372472926290713 57989.6312102945 75856.4805390705 -152.780289461973 -11.9546658303902
503920 56174.7999293603 18839.2259278285 35555.9103364277 1985.658953417 0.996389048146425 -0.0370696882345835 56483.4835382412 76847.4876169978 -188.838081635954 -11.8693950654859
503960 56249.2758730206 18859.4419655524 35583.2405793107 2004.10631729921 0.997458255483403 -0.0373439168055897 58254.4361649812 76628.1730491704 -845.575719912427 -11.9738271426024
504000 56415.200138122 18996.957613485 35567.4315352821 2040.16511183747 1.00473132955097 -0.0382100258619679 59298.3280345157 76882.7852764958 325.927632920281 -12.2201424863444
504040 56239.8719512438 18905.8648450007 35517.3485428626 2017.35082565404 0.999913518180654 -0.0373077731911878 57902.4286245556 76179.9950245883 -228.510579408462 -11.993315169645
504080 56178.2220627069 18765.9482406688 35594.8642407674 2008.24543692299 0.992513459773574 -0.0376654638184735 57585.0997663607 77250.2647176586 132.302210022961 -12.0450319331688
504120 56171.0909029874 18848.8041152102 35536.5469055147 1991.13402023658 0.996895629523215 -0.0377010681129999 57903.5333177304 77319.4939487397 -280.291513246975 -12.052961500813
504160 56272.5399341286 18874.9371414512 35566.3300868184 2021.84891073221 0.998277780851577 -0.038296240894683 58267.1145754441 77422.0096026668 1019.21591692251 -12.2015125860733
504200 56368.4520839292 18986.2815521047 35522.2369885372 2039.83570895581 1.0041666826447 -0.03775839908917 59098.8775203059 76105.1406019929 14.0536089056628 -12.1541763609555
504240 56333.3980899347 18981.7521211175 35552.0299118863 1987.53600981367 1.00392712527396 -0.0385230621883173 58641.2846950098 78137.1807523987 474.773427905698 -12.2615561264382
504280 56100.0909812019 18810.9790329406 35480.9575668917 2011.55240173412 0.994895096281402 -0.037991583474686 57833.2462866181 78284.2464283805 -395.13641737539 -12.08388503964
504320 56254.2230654277 18891.9765788039 35568.0635268436 1996.17917441935 0.999178980764452 -0.0388333630522124 59395.0060456146 78258.9910684839 368.850734875263 -12.2969943029819
504360 56222.1319951815 18840.4351549837 35568.7846063672 2015.47224774487 0.99645300304026 -0.0382427872683176 58915.5982117278 77025.8515471932 598.304623929019 -12.1602980866682
504400 56328.465367294 18885.7615173547 35615.0890151577 2015.08731655538 0.998850271974333 -0.0382444389233034 57303.218640291 78293.0312831843 914.209084086573 -12.115954357874
504440 56304.2174392909 18883.3228406451 35614.4113165504 1991.83640356979 0.998721292642874 -0.0380127425906365 58604.6413255541 77881.391472063 -611.904734691 -12.0735110160786
504480 56197.8631561699 18862.7965908416 35515.2107125795 2014.74632679484 0.997635678478995 -0.0385361828777801 59275.1894415722 78244.3440543936 -190.474783912749 -12.2572089332283
504520 56364.7824769926 18951.9974352013 35557.9291517962 2028.60629701653 1.00235342775096 -0.0374602602119142 58579.1990258884 76207.5573881818 -577.265644865219 -12.0031033122416
504560 56285.4344993923 18929.1377624944 35571.8616831758 1992.14738788325 1.00114440103104 -0.0376296951042974 58102.9075461158 76353.4387393259 309.915314001296 -11.9922355949141
504600 56298.6955031015 18841.269866051 35604.8153555261 2042.20084590031 0.996497150128308 -0.0374078020186411 57338.8547341392 76617.3305922677 112.735322778583 -11.9203591267898
504640 56066.6514347734 18774.8857400281 35482.7898166527 2011.0354168968 0.992986155759785 -0.0375266220398238 58374.9267198248 76437.0476267466 -303.538773513385 -11.9850621837481
504680 56213.8980054465 18757.4163665016 35616.5764733875 2038.08459593188 0.992062216924587 -0.0375659248442349 57942.6279772769 76530.4203728446 145.840225376199 -11.9629547444939
504720 56316.6676985935 18841.9512006271 35633.7405487041 2019.69458972609 0.996533185277118 -0.0366938093149191 57302.0748671886 75447.3245966514 -442.168902486127 -11.8157615410958
504760 56306.2492739031 18919.7396048093 35582.0174227143 2008.01124748922 1.00064734125661 -0.0378593791324659 58167.7982743831 77632.2051083502 -357.77948113241 -12.1032801104704
504800 56272.1455027527 18904.533185649 35534.1305659045 2020.86139815497 0.999843087962395 -0.0378285197545128 58621.198006072 77135.3320427761 -340.355262686075 -12.0756552338868
504840 56365.834629135 18930.0753113396 35672.5186877852 1964.89892329624 1.00119398711303 -0.0373221534709361 57568.7657058938 76787.9000244299 -269.714877340566 -12.0035727400997
504880 56345.6854414885 18981.7026115889 35552.6405856397 2020.95465993329 1.00392450676128 -0.0371497829354498 56956.0879606178 76147.7163932115 312.70799735176 -11.9250484060242
504920 56396.2637932657 19052.3906218647 35571.0044665717 1969.57641970327 1.00766312954461 -0.0372201860297379 57714.524167998 76792.7782097145 -810.085352025365 -11.936162511912
504960 56408.7800336774 18889.9394560935 35671.4283900902 2031.38252910682 0.999071239248634 -0.0376940168906868 57775.7363710887 77149.8887112818 -76.0466521349068 -12.0180375244994
505000 56365.0832900124 18824.5589788369 35670.812901995 2029.08566621181 0.995613326925129 -0.0380931073350979 58004.9931028782 78308.2928471406 -274.507944375228 -12.1308324869714
505040 56291.0890292527 18840.7439897084 35603.1791036646 2013.18612220934 0.996469337020146 -0.0380840084108796 58354.2536644909 77693.4684061467 -21.3678608677375 -12.0973209678947
505080 56451.7708425863 18908.9464043231 35695.8336252787 2014.76997078058 1.00007649897253 -0.0380803280627968 57963.6539770001 77123.9859138826 875.678275640324 -12.1123050763883
505120 56413.355387849 18901.0386648304 35658.5752138961 2006.36956631715 0.999658266023029 -0.0375061772973 58746.675956177 76077.2214790024 -367.806933931163 -12.0345835565719
505160 56473.902658388 18962.9253800972 35639.32374942 2045.33860669412 1.00293139654091 -0.0377316572151636 58561.8065483649 76398.4779155574 97.1602764516658 -12.1081700448184
505200 56420.2186905184 18849.6309172741 35666.2009165283 2073.35574985362 0.996939358311471 -0.037466847009566 57498.8552625681 76902.9726527765 -69.0024130803582 -11.9996925438926
505240 56453.8346625515 18875.5100624879 35669.861201233 2058.18844652031 0.998308082109634 -0.0383592572975438 58743.9908679063 77507.8531388778 490.395375919193 -12.1966728092969
505280 56338.1480539251 18909.6189323971 35564.385149057 2034.59944423016 1.00011206835367 -0.0374745835388797 57998.8210939574 76737.4309157816 -420.016587044419 -11.9942733957117
505320 56314.9518609537 18867.9618333336 35587.4647110978 2028.83548556504 0.997908863325853 -0.0370397612222766 57656.2461361221 76252.0911002215 -788.991950224199 -11.8474868640857
505360 56462.88150311 18941.6862511048 35657.3862356781 2043.13004690612 1.00180807886314 -0.0376743106788733 59598.0354133642 76470.1745669486 -1279.25966463086 -12.0075173614708
505400 56353.8825488515 18928.2411697507 35579.2131520292 2009.83950941106 1.00109698107898 -0.0373947910997363 58069.3729857762 76582.7378592953 -596.916034990561 -11.9807743539862
505440 56467.2373341695 18947.5606972292 35629.4375611957 2048.6997207659 1.00211877282714 -0.037834266042626 58049.9736746908 77102.6409085351 136.409448996995 -12.0941343481657
505480 56480.6153911873 18958.915506717 35636.7186562768 2048.37158657981 1.00271931808632 -0.0374711627939612 56887.2020789441 77141.3858706621 181.608888791064 -11.9818614614844
505520 56453.9609220338 18927.8347186965 35645.2823143558 2046.36646979716 1.00107548426268 -0.0377560485639089 58290.3568393877 78214.3035399755 -1388.75378042611 -12.0595104203827
505560 56412.2747632105 18967.5485709641 35545.6921883411 2076.81128034393 1.00317591278403 -0.036191367053338 56515.510080684 74698.4718751956 -510.676818503643 -11.7141490766497
505600 56409.3218240304 18933.3288464805 35547.6820846911 2091.70013226983 1.00136606354518 -0.0379846193992914 57878.1112442546 77682.2235663017 150.129978851994 -12.1058703311603
505640 56409.4675827899 18905.3403333934 35609.930440748 2082.83811727265 0.999885777252065 -0.0370236573720839 57220.0367527248 76260.3227750367 -441.259352338662 -11.8824795117441
505680 56606.3771708161 19005.1294817493 35741.2747349305 2050.91097966686 1.00516353202429 -0.0372789390132173 57756.2766063259 76588.7665254911 -661.373444164775 -11.956163889901
505720 56318.2129130517 18855.3087541893 35565.3394629263 2051.85790260935 0.997239653798191 -0.0375682507459496 58570.85982281 77326.8269499913 -1329.55888797641 -11.9742720633694
505760 56353.0900790229 18908.9064700084 35573.3524625929 2050.11379284027 1.00007438688396 -0.0382946856364604 58860.154397353 76909.2372885892 728.312925968692 -12.1708342141075
505800 56364.8081067604 18936.2712512658 35517.3384009897 2081.3990155301 1.00152168458367 -0.0377355206187385 57317.50699336 77666.2333222532 108.301416749185 -12.0919396139278
505840 56268.2190051024 18860.4740806881 35547.2938087796 2036.66319836882 0.997512843088091 -0.0372607895362279 58257.3667705093 75447.1616853282 -114.337280624472 -11.9137003031949
505880 56334.7296800027 18932.8748947234 35579.8943544749 2000.11715010026 1.00134205446111 -0.0379129119096745 57882.9153163062 77147.5961029718 489.361791179729 -12.1267460357943
505920 56286.2319534536 18840.7654654948 35578.8330873858 2045.93626383873 0.996470472854414 -0.0383339208945014 57886.0112182554 78419.9413446659 376.610524646225 -12.1771660940044
505960 56391.1306700038 18976.4321866196 35603.9623965412 2016.23631422924 1.00364575891152 -0.0379554713456295 58167.9840809457 77034.1190077983 352.238456171159 -12.1109973766812
506000 56364.7964796553 18883.2585363455 35663.476692839 1999.81792903556 0.998717891648578 -0.0375124664241923 58140.6948348666 76501.341452151 -230.884737400287 -11.9897389906781
506040 56187.4759956496 18722.172370687 35645.7096289335 1996.85949046849 0.990198194932539 -0.0387100997057504 59988.8116769411 76994.1635280547 750.832256602139 -12.2273712945793
506080 56258.4725072405 18893.62740799 35519.9977468477 2000.52115845995 0.999266291576888 -0.0379638735480891 58215.8085615484 76862.3531421483 640.657115210196 -12.0903214879148
506120 56302.2216884801 18884.0995336183 35600.7237512657 2003.67210151456 0.998762371208161 -0.0377838442800538 57789.0731882417 76790.2826832924 567.09221744636 -12.0317916073308
506160 56332.0869498841 18892.8784144217 35592.2306978633 2008.83557809 0.99922667800723 -0.037475586082715 58327.689976918 75551.8665822411 329.197566411936 -11.9787891679117
506200 56154.7385079184 18819.9976027338 35522.5171385435 2019.76952339462 0.995372080007077 -0.0383058229836169 58445.4637787993 77433.3645756581 688.015518279084 -12.156881906874
506240 56286.6524832184 18913.1983037576 35560.1284045012 2014.57451474715 1.00030137795889 -0.0381875927432406 59853.5241761058 75972.9267678517 450.991658835892 -12.1359841619704
506280 56285.5511278881 18891.2503157149 35568.7245984839 2008.13953434951 0.999140569388595 -0.0377899933545426 58559.9374639589 76591.3310372789 15.0568190502478 -12.0748636796336
506320 56203.8258176412 18844.5347618995 35566.8011362762 1981.34522234815 0.996669827417666 -0.0370717992837942 57547.0054332347 75659.8579029278 78.2264155359724 -11.9072380733223
506360 56192.544123537 18885.6624789984 35553.8101276722 1962.33766212366 0.99884503392825 -0.0371103024689727 58224.4060897404 76443.8499625958 -1434.18249608772 -11.8693561146904
506400 56262.1826056502 18932.5404254546 35544.8558324261 1978.02743891714 1.00132436469415 -0.0381283588269997 59535.5793830756 76371.9284317476 143.085495194502 -12.1338551403701
506440 56261.4095814717 18850.1257979056 35645.9811266862 1961.9016098431 0.996965532085447 -0.0380928804866789 58251.7605159127 77177.6412296923 697.934133226737 -12.1372928421245
506480 56283.7235361386 18891.612756514 35620.117113901 1980.44299330227 0.999159738543649 -0.0372489718584537 56429.1449120513 76868.1945478307 363.401359730482 -11.9339453132059
506520 56194.243505845 18908.7870008544 35498.0272384281 1993.52134974484 1.00006806827208 -0.0383300959378585 58734.6088238029 77969.1352470413 102.319159988222 -12.2294202188194
506560 56336.6782164797 18960.0736586556 35587.1982090358 2010.11461960231 1.00278057165969 -0.0373250998025203 57744.5030894952 76561.9532760525 -447.424701600679 -11.9592585163998
506600 56220.5198965975 18914.1877011606 35531.6480169547 1990.16425412599 1.00035370626262 -0.0371717665504984 57716.8295237217 76196.8886805221 -441.668353501184 -11.9224222540267
506640 56219.7043424165 18877.9280632382 35565.2548605008 1972.13300383514 0.998435967908938 -0.0376957758340602 58694.9391458263 75829.3079420955 428.232414691981 -12.0464078889532
506680 56298.8601712008 18942.6220986076 35615.0432052104 1935.58901247099 1.00185757496272 -0.0369826466044895 57404.5592073372 75200.0572685443 387.079161723195 -11.8843764838079
506720 56249.7651774829 18824.7559976446 35607.9149211496 2004.93150789545 0.995623747065694 -0.0363767049273375 55350.7954111101 76234.7927730533 -294.908078156772 -11.7008919052137
506760 56273.0281943172 18974.4840353838 35502.1332690066 2007.4033373121 1.00354272301382 -0.0374545326107749 58781.0474247151 75816.7060999812 -353.532034609125 -11.9822007038039
506800 56015.1594632834 18876.5452010593 35384.347201143 1985.25801511635 0.998362829621013 -0.0370072757662189 56414.160434029 77206.2782104083 -641.188278455831 -11.8064788643475
506840 56171.1299882272 18904.9831538362 35479.3765229002 1990.5433700689 0.999866886359179 -0.0376763683253951 57862.6657885823 76508.7399734915 477.44074769427 -12.0056295236747
506880 56133.8550604467 18871.196727207 35486.6854351077 1987.24018889744 0.998079953838792 -0.0369796451651111 57306.8936693399 75157.6706397855 457.984873897176 -11.845786380297
506920 56213.4836188029 18903.9979414514 35555.5756583023 1965.20674373519 0.99981477939714 -0.0376577029872518 57747.3489603215 77203.3123132055 -4.89956242177408 -12.0582446289426
506960 56324.3476026436 18988.0396371319 35577.0647080496 1965.49802999661 1.00425966611831 -0.0372763735288096 57674.5685373917 76686.5121585023 -562.278414201298 -11.9658876428466
507000 56174.1287202724 18762.6900792328 35616.3535122903 2002.18891803128 0.992341138661 -0.0376622813276303 58136.9074366279 76469.0808204912 263.918795533049 -12.0032810885142
507040 56143.2982340254 18808.9899241684 35556.3763296083 1994.09561982539 0.994789894177889 -0.0372260559125393 58214.1533987644 75778.236539662 -266.709817819788 -11.9241974467145
507080 56214.8216453223 18878.6310187535 35542.4922381636 2020.40978025493 0.99847314656901 -0.037460587129378 57866.9655505549 76318.809970244 241.25106328658 -12.0173314781375
507120 56068.8218967695 18823.9669515323 35463.8016259872 2012.63565006464 0.995582015154428 -0.0378492359475959 58060.5693312894 77307.4007490247 -2.16155061971214 -12.0561256633729
507160 56148.3227571811 18817.2431882947 35506.3607694986 2034.19631060961 0.995226401602257 -0.0385695441051352 58709.5286861078 77644.2030583944 1022.04743954287 -12.1991267825076
507200 56124.2460846852 18851.3103197674 35452.4224050368 2037.98708356172 0.997028180339412 -0.036819759773015 57658.5169539918 76055.0832210908 -1255.23039282331 -11.8086446644557
507240 56168.7757588024 18861.5714563493 35531.2214858679 1999.57010247236 0.997570882260969 -0.0380227750852526 58656.5743250727 77317.6185548145 -169.593793884315 -12.1187762926601
507280 56261.2202803794 18986.1113807277 35506.8098690861 1973.27556735415 1.00415768243965 -0.0376337929173884 58237.48489247 77199.7671667702 -641.363562734819 -12.0613132216733
507320 56072.7507250896 18816.2307292094 35482.919569581 2006.89827288312 0.995172853587701 -0.0373089414653339 58071.224101703 76169.8665963773 -347.537774063257 -11.9519583953428
507360 56263.3599510054 18902.9267492184 35586.794019054 1964.74399684047 0.999758125041302 -0.0372455976469935 58007.5225165142 76965.550517987 -1275.85665157881 -11.9332083366312
507400 56156.043202336 18867.4729566019 35463.8929323587 1994.52775187768 0.997883007092523 -0.0380337414423782 58548.0951774059 76772.8473315748 548.355046699363 -12.1076753393587
507440 56312.1155487312 18918.7910468358 35523.0035165001 2071.05977722178 1.00059717291211 -0.0380773979192645 57620.9645360973 77854.83949457 684.235228809289 -12.1434092532908
507480 56178.6865745799 18834.4024581388 35497.0535164774 2031.69375470439 0.996133939343581 -0.0371809483121428 57436.5657886286 76312.6273858928 -300.26950263844 -11.9346472267189
507520 56157.2270259562 18825.2627731613 35557.2376748313 1979.28595676059 0.995650549949029 -0.0374140349588453 58009.3983693962 76840.2000990852 -758.308120238809 -11.9551048575041
507560 56323.3852579814 18950.9933859301 35574.6893748069 2003.85059615804 1.00230032452361 -0.0379057276858096 59286.8207808454 76564.2921536845 -330.920573657687 -12.1143811128742
507600 56337.4133110855 18961.9500327405 35628.0715085569 1960.92849491618 1.00287981133098 -0.0383751977990855 59126.9062666717 77773.5213719729 -44.5866945010333 -12.2107312501052
507640 56364.1857549501 18964.2556472802 35643.4744670184 1967.58267012841 1.00300175312866 -0.037028254909902 59096.9735146402 74451.2861255987 -462.660565431253 -11.8971262780106
507680 56147.9094424663 18812.5324955864 35572.279731711 1980.37102211847 0.99497725746854 -0.0378887281286524 58619.4389428192 77052.7661101092 -170.456802577729 -12.0515320413057
507720 56167.4028292599 18837.9385766681 35499.7811130693 2010.57468424168 0.996320961346985 -0.0375100436979547 58517.6042646926 75982.3246903462 -124.215536037156 -12.0008230890015
507760 56239.8382303564 18904.2555353793 35577.3852845264 1991.20753473501 0.999828403299183 -0.0377134028212673 58062.0190687526 76504.1997230551 429.29467651025 -12.0533527977886
507800 56199.4405145213 18847.8609539229 35567.9584162627 1984.73354098588 0.99684574660441 -0.0370929673352284 57628.4535631983 76217.1566197246 -368.462695331282 -11.8968590746
507840 56206.6031900776 18836.930817995 35594.9454432274 1995.20462856372 0.996267661932832 -0.0378125130198675 58844.1756550099 76582.7959252686 -104.032627090454 -12.0780637184261
507880 56186.7132376057 18813.4374686841 35565.1101644207 2054.19949821712 0.995025120649693 -0.0374124746751256 57432.8447384119 77379.4885866073 -694.613151495868 -11.9539472864848
507920 56209.0171905147 18826.1697413075 35566.4003225652 2037.06184411674 0.995698518646439 -0.0374484802914474 57297.7017038706 77345.3072204421 -321.584204714312 -11.9822755309142
507960 56246.8382936511 18933.7537160904 35476.2260218459 2061.54764718707 1.00138853450167 -0.0374004383477229 57331.6026436823 76730.3084768156 110.2856883502 -11.978143596837
508000 56084.1697595265 18887.2849242445 35399.9270708012 2016.23074512225 0.998930843540634 -0.037324559937067 57959.4707196381 76318.3742757742 -417.757912809185 -11.9279027369767
508040 56357.4264962434 18967.6832463707 35537.8589405634 2028.19348985759 1.00318303564039 -0.0379234239237027 58654.6224675632 76591.5662651192 287.917391515724 -12.1165752088851
508080 56242.8485971334 18849.8768742458 35568.4663076402 2034.73784247046 0.996952366745777 -0.0373009511772866 57140.0060390531 76300.3362267697 337.397426292717 -11.9534713771003
508120 56266.0378553282 18841.1610872142 35593.6977446861 2021.27127665354 0.996491396917318 -0.0381168832379336 58644.6463877571 77911.5318916709 -493.162913305566 -12.1294344650986
508160 56241.8930446412 18927.1447266381 35527.5135685837 1985.80189450318 1.00103899122772 -0.0377809162760484 58513.1005285968 76558.507186617 130.07387298061 -12.0763473329709
508200 56175.7845461481 18892.6079541244 35497.8835190202 1978.78408602337 0.999212373614938 -0.0381367655806424 58497.2322141846 77568.5922020527 73.6016946396727 -12.1593843301039
508240 56395.7257281486 18961.9279032908 35640.766765671 1991.15044611278 1.00287864092507 -0.0382410969352971 58132.9403840631 77707.3168818647 612.198893863041 -12.1593033406695
508280 56354.6663418038 18976.4428814118 35597.2695591298 1980.42440498968 1.00364632454908 -0.0375474101641214 58553.9384376782 76601.204525065 -640.472535852433 -12.010456051691
508320 56250.9662634445 18956.5522767032 35519.4496390832 2005.36605588851 1.00259432906007 -0.0370123269565187 57879.3998427812 75979.5735965269 -860.501612379131 -11.873176150594
508360 56074.1272327919 18788.2397253861 35507.0687481037 1972.58934313909 0.99369243556187 -0.0372873626562683 57203.9852462663 76483.4379273007 119.570404205263 -11.9246642533258
508400 56265.873441794 18910.623418439 35600.0118639589 1978.27936592398 1.00016519468142 -0.0380771978202564 58853.8461937931 77286.8993799372 -79.1079573501178 -12.141076179304
508440 56271.7876173457 18937.4258972495 35631.052601805 1940.43750888008 1.00158275273037 -0.0377791390650636 58443.9420909469 77132.5963377675 -422.797220514124 -12.1123462339588
508480 56245.4546995519 18928.7327138456 35556.7096429022 1973.76751025036 1.00112297838665 -0.0368495425076902 56410.0105464454 76425.7858993928 -304.181544556873 -11.829810238167
508520 56211.9560131965 18860.9705903163 35536.6833642589 2020.85726165787 0.997539103018183 -0.0377321615631695 58154.2609825058 76766.8512282715 202.971287125676 -12.0776052869312
508560 56288.6851168075 18855.6310756715 35597.4613855956 2049.09236122349 0.997256701080072 -0.0372423306761432 57757.3337404267 76627.0330076626 -692.200972350411 -11.9292011625781
508600 56210.7101084177 18837.9345396648 35578.8019711511 2032.69150106109 0.996320747833654 -0.0374480642581951 57564.6648648797 76054.9261910585 638.977721455086 -11.9850752216712
508640 56309.0541153943 18947.5992687304 35583.455019173 1999.2293799629 1.00212081283778 -0.0381242773342848 58143.3290624596 77676.1825110292 367.187201499456 -12.1670600285974
508680 56163.2220506434 18882.0046470053 35485.12932915 2016.59060475299 0.998651574613528 -0.0372864732553992 57912.8646777555 76105.7925929798 -195.841182835746 -11.9660420924326
508720 56290.9768351123 18940.1045200432 35551.6191088868 2019.99469504763 1.00172442258591 -0.0371244848273593 58310.6324027512 75958.0233883897 -808.598139771053 -11.9115218020612
508760 56261.5946259583 18925.291624223 35560.6848877565 2026.69582685755 1.00094098237329 -0.0389025174677793 58862.6151466241 79206.5421282979 224.122082402956 -12.2984112425796
508800 56171.7277628504 18869.5700971666 35551.4111400641 1981.25877793461 0.997993922896554 -0.0363918617860066 56312.460521144 76070.7901399038 -935.803885533505 -11.7283522385756
508840 56273.0554807988 18882.4760642835 35588.9187757704 2016.67382460618 0.998676507432684 -0.0369956204001778 56925.5550517641 76229.8885041587 -152.429330768728 -11.8802763146767
508880 56258.7228967882 18916.7089055909 35506.475137617 2050.29178977029 1.00048705040808 -0.0388777392169584 59849.6364045938 78070.9868687909 331.457128588134 -12.3550229047938
508920 56197.3953811087 18755.280641134 35632.3428200854 2020.3494034957 0.991949260406402 -0.037804223095572 58284.3181356183 77146.3324874738 -196.294313734235 -12.0568454158584
508960 56198.6531948133 18879.7322747083 35526.1983906759 2011.79800378378 0.998531390966989 -0.0372826490022594 58006.8790653127 76323.2119705521 -474.833429655838 -11.9561416359172
509000 56240.3367501868 18915.7970236368 35516.0818097331 2044.72658178472 1.00043882182398 -0.0377762468738757 57579.4360425047 77531.9928398699 2.82894456513789 -12.0882222277434
509040 56135.402444834 18850.1371130726 35492.0889134768 2014.73646614702 0.996966130534054 -0.0371480672021521 58310.4730715565 75563.7238534649 -524.169219840338 -11.8859362702443
509080 56318.6315598605 19064.5902011531 35431.8627921213 2016.79390715732 1.00830835388883 -0.0364072384727117 56594.2709114184 74967.1247790571 -65.0917572441445 -11.8030174059158
509120 56289.6785088322 18892.0745852634 35590.4592590301 2018.04754315657 0.999184164234478 -0.0375969446586425 58204.1493193112 76720.2439215328 -275.116467730829 -12.0073267492836
509160 56182.1438387264 18866.7652684755 35529.2176533644 2001.80127996159 0.997845578129077 -0.037162716278263 58067.491329209 75993.3367425203 -487.352952473812 -11.9375597042169
509200 56163.8207232167 18901.1179475411 35463.5103643031 2018.72681324564 0.999662459211484 -0.0380271112975469 57655.5015336818 77966.5885648584 240.353761249809 -12.1122714107146
509240 56266.4736959289 18842.2009063377 35651.9600346494 2006.59999681952 0.996546391978721 -0.0372549004536277 57644.5211864963 76065.0414071336 -40.1968633111745 -11.8835065208688
509280 56136.5529030459 18801.8309667916 35532.322943391 2027.08176700146 0.994411263614525 -0.0378402945271966 57889.7929534885 78117.6993834342 -712.54691146397 -12.0513073300029
509320 56212.9857459049 18889.238979585 35507.4142713533 2032.372677016 0.999034191700913 -0.0375564627794413 56948.9547104602 77682.7201943178 -30.676572236524 -12.0046662297764
509360 56378.0151219554 18956.9517954735 35615.051536556 2026.77165104494 1.00261545923435 -0.0385354758203273 59279.6365972997 78285.7349397116 -397.452360172648 -12.2117517806396
509400 56449.7359222265 18999.2370817973 35642.7341630833 1987.40144846917 1.00485188849913 -0.0385253189790748 59806.7606164071 77660.7418313063 -182.75147953119 -12.2529613226469
509440 56338.5113350674 18878.0192802111 35617.3067437061 1999.02878771696 0.998440792289359 -0.0378555331182961 58312.3948467774 77251.3977098679 -101.071052891428 -12.0837194734
509480 56331.0359030289 18915.1909215758 35575.0889905297 2000.68513219427 1.00040676565256 -0.0375878536022713 56778.0627159438 77431.6771947714 298.872819366948 -11.9948062677493
509520 56243.7973811453 18863.2598471282 35525.4434010441 2026.34721891253 0.997660179670936 -0.0371360992683154 57674.0916584466 76155.8763629966 -439.851765578597 -11.8896634692607
509560 56443.1452504691 18911.3418860643 35686.3540466837 2032.21345657276 1.00020319376249 -0.0376212812369728 58094.4212792672 76990.5407731447 -393.735550399206 -12.0389478493591
509600 56351.9740847612 18932.9140801527 35564.9247282601 2040.31087441098 1.00134412694183 -0.0374132263104966 57474.3363366112 76955.5689308732 -253.547189775356 -11.9580738675831
509640 56307.7630543393 18917.4000435728 35587.035667748 1993.68639771626 1.00052360404986 -0.0381620338369119 58058.3608681173 78380.2398074814 -273.238145473865 -12.1143234453811
509680 56197.4711809166 18871.4745031221 35541.3968512934 1972.45596055221 0.998094645147274 -0.0377848924021312 58300.3457877829 76767.8345240192 90.1022219367451 -12.0234294939361
509720 56257.4904884804 18975.4283982623 35485.0208617053 1961.25601638203 1.00359266948366 -0.0388069816111416 59834.6141569374 77607.5399025759 540.941612247496 -12.2865571519884
509760 56320.6504649205 18923.4247425741 35542.9912758209 2036.27850431141 1.00084224474807 -0.036540175039791 56694.3785501081 75584.0214771252 -590.565940418289 -11.7950688378548
509800 56202.2160763048 18798.9564865575 35545.7535902184 2048.28116933739 0.994259235042046 -0.0383185245937865 58864.9697460287 77874.6283425114 -102.049139475918 -12.1763540701421
509840 56324.0247761874 18933.3102643165 35593.9658398987 1984.65765371102 1.0013650807519 -0.0372384312416496 57147.8504303435 76478.0492355035 -3.9852974679945 -11.9330047277802
509880 56266.2555252728 18944.7448238975 35509.7200301961 2013.64372026192 1.00196984391895 -0.0402013885295368 60361.9167514529 81317.6961136601 348.576225615712 -12.6704086698558
509920 56233.6478010203 18828.7196599112 35604.1899967864 2021.85475633685 0.995833381457684 -0.037080753017084 57439.8253085839 75852.5147778564 -104.624336417916 -11.8991686395091
509960 56107.2938599286 18795.6547969238 35503.1149560519 2012.20437566788 0.994084611763788 -0.0375531324671077 57654.1530490332 77246.722208743 -316.621410309207 -11.9908867882691
510000 56299.7348325291 18986.9836198184 35523.6429327902 1977.14155971521 1.00420381434978 -0.0379055718067438 58297.0791886264 77537.8715469347 -325.342712347424 -12.1063921216808
510040 56243.9071399551 18854.9767052948 35540.3245669249 2039.78230592178 0.997222092042566 -0.0375345960793313 57821.3716743384 76509.941577558 130.626993365542 -11.9815895391467
510080 56297.0997962971 18933.8655258876 35558.496740401 2005.94030751616 1.00139444801732 -0.0374703291857363 58134.3767892057 76480.4991240086 -360.076768568882 -11.9418163835404
510120 56223.0676954709 18851.6825621093 35554.1110432906 2029.4298276054 0.997047867888895 -0.0376482001938239 58649.4894105907 77047.2998370899 -889.535770606173 -11.9926652647646
510160 56399.4683707336 19004.5841030606 35562.1190188811 2025.27652547932 1.00513468745527 -0.0376619712684956 57731.1869364485 77177.1421947736 -11.3968834797214 -12.053157602746
510200 56368.609919594 18989.0985779847 35558.3994607895 2030.88919364541 1.0043156725101 -0.0367028350517803 55762.1633847278 77221.4697935227 -903.36964654588 -11.7782479578351
510240 56383.670853389 19007.8664606331 35561.807144614 2029.61562594306 1.00530828827889 -0.0371810120226582 57836.2715207316 76360.8956963565 -832.707830121753 -11.8762432955334
510280 56277.302317851 18893.1208386929 35552.2155305742 2036.74399716846 0.999239499600313 -0.0374620180344438 57282.2874560166 76592.731297167 451.278887671168 -11.9639638832402
510320 56288.689959431 18947.5212640315 35516.3664238926 2040.62122176747 1.00211668724218 -0.0366312748571353 57228.9473321448 75587.6571476348 -831.305240526484 -11.7822956202013
510360 56298.5985693573 18927.0573077168 35583.3750310306 2007.87746593167 1.00103436772269 -0.0366900248256321 57222.6871073667 75924.5133358159 -928.166241150375 -11.7642516022662
510400 56323.1101060032 18896.7184656128 35613.9212035812 2016.54472919779 0.999429774724992 -0.0372311054150968 56775.9240812708 77550.8791228978 -716.211044224859 -11.8996472115152
510440 56392.5897857456 18988.6711362173 35544.0436789646 2050.52563200532 1.0042930655146 -0.0382547867633346 58480.4802112356 77372.2251919119 595.887014078883 -12.1572530749702
510480 56362.4305076441 18960.8762855459 35519.4845524514 2086.12254513397 1.00282302184561 -0.0373283013385491 58085.8844242764 75906.6427984536 -130.341375722257 -11.9419468186403
510520 56319.0922392317 18945.4801369912 35523.0203135703 2044.24502302628 1.00200873394109 -0.0364068500644071 57221.1660804961 74989.8957209283 -945.773253250322 -11.7103676353838
510560 56370.7821935882 18876.1395461332 35627.007989236 2044.01493092607 0.998341374911183 -0.0382374714713736 58317.6075016306 77281.4132130799 748.155232645455 -12.1342204617547
510600 56194.8426309496 18777.3201508713 35562.203053221 2050.4243619058 0.993114909473557 -0.03697306371958 57596.6187997865 75947.09093647 -646.881231916527 -11.7810398347727
510640 56182.0825912018 18802.9654799628 35506.2640366438 2048.5158196539 0.99447126695559 -0.0378248576521825 58266.3177460353 77344.3723578377 -342.670418542314 -12.034463194692
510680 56219.2843397474 18856.0765368134 35567.4402472822 1985.74994321938 0.997280261103445 -0.0378113931819926 58580.8335399013 77033.0551020536 -362.704654669065 -12.0302652877028
510720 56313.1183401941 18940.2760039923 35547.0541520184 2023.30397794259 1.00173349221168 -0.037462485152789 57576.4914243288 77037.9955819056 -215.580657395786 -11.9912227101027
510760 56207.9783894547 18820.1516602449 35558.2896943389 2036.68679654666 0.995380227964825 -0.0371057746161625 57518.2309157496 76972.7582419949 -1110.22892329312 -11.8925529214709
510800 56270.5422634768 18863.6884097491 35548.8245003539 2047.6427072177 0.997682845947329 -0.0375873892709602 57908.9999238235 77627.2524758462 -890.423584883043 -11.9737458027916
510840 56289.2857993572 18891.5788909147 35545.276478092 2044.48913790905 0.999157947423756 -0.0376029196320858 57478.9827412256 77509.2078918685 -300.185466809269 -12.0207495612938
510880 56258.7589206629 18846.6637095566 35571.7940953864 2011.34876910394 0.996782425469079 -0.0377349667445425 58396.8708494699 77026.5680130552 -331.105190921971 -12.0099428542915
510920 56434.1533478068 18938.5074210097 35640.1790096489 2035.15812232962 1.00163995351103 -0.0379851541137213 58179.8116325063 77034.3951154367 539.601718047796 -12.0896706406402
510960 56200.4826846163 18827.6054075244 35543.8387879688 2006.52147292258 0.995774449690569 -0.0370164873862573 57370.7487522302 75482.7781309617 236.401354151075 -11.815201519677
511000 56204.9674372874 18866.1426062435 35522.7974453773 1994.99544718526 0.997812646105698 -0.0367663581030552 56848.0934073825 75860.2496748613 -386.121995967933 -11.7391912286429
511040 56314.683618191 18915.9902548847 35580.5893464096 2013.976668874 1.00044904164404 -0.0374898383828434 57743.8528992968 77410.4727718081 -837.00347252691 -11.9652746367952
511080 56274.1184055468 18813.7102392023 35672.7812815476 1961.26943570514 0.995039547227412 -0.0371913306022501 57936.6081490131 76469.0821667222 -923.009030545155 -11.8393136642005
511120 56352.2110514457 18894.6251173388 35628.8107513728 1995.77983945057 0.999319059491673 -0.0375886778069444 57439.5433031419 77107.8905179333 71.0677528789886 -11.9891440246198
511160 56391.9628849564 18932.3341572233 35638.3925650264 1993.84502575982 1.00131345536022 -0.0378686400710274 58454.9039145479 76319.4468370877 689.138601471858 -12.0810316679624
511200 56398.1204039395 18952.9761977187 35652.5397864829 1977.67468001816 1.00240519358554 -0.0373608999797071 58084.9633344285 76501.7837093178 -576.386889179197 -11.9180179484519
511240 56155.8209433016 18827.1047943108 35511.1642061738 2023.33889382514 0.99574797272568 -0.0376648047078365 57760.7208352502 77092.7975526493 64.0021845371098 -12.0279476779652
511280 56213.2431331369 18845.5788431041 35551.632538645 2000.74450583791 0.996725047896552 -0.036691006939377 56541.0767504484 75415.1873599539 111.335740641765 -11.7869069924814
511320 56388.8421420728 19027.403640728 35565.1457922694 2019.10966689271 1.00634159147047 -0.0370547778709869 57980.6162015183 75252.6547620249 -104.172269619573 -11.9045319409605
511360 56355.2056281432 18928.903215352 35647.5846413567 1996.75917939011 1.00113199605194 -0.0382204145983575 59089.905402608 77203.9876253899 60.9181667936127 -12.167418989174
511400 56350.9252903398 18979.4585887774 35543.3287863325 2027.62327519508 1.00380582249253 -0.037705513895084 59046.8185751363 76035.5533490823 -34.9894320738313 -12.0613330205386
511440 56317.5591367782 18946.842795073 35588.2198634176 1975.34610573976 1.0020808036532 -0.03740869060233 57605.4996249277 76075.3238376189 559.838513591917 -11.9899718966416
511480 56286.3012954816 18892.9605294681 35603.136372505 1996.24266235867 0.999231020995274 -0.0358632063322004 55614.824485165 74926.6603598305 -847.493701575502 -11.6010704996866
511520 56244.1468514376 18895.0894914846 35544.5941336997 2010.77763189133 0.99934361980614 -0.03789951520124 58485.9050632086 77582.4802681241 -497.427447625373 -12.1015733151812
511560 56326.4402729192 18932.2505560085 35590.0363439701 2003.85324431251 1.00130903377012 -0.038130023374607 58122.5702944072 77979.1621006927 24.059692951571 -12.1161632597241
511600 56172.9163661458 18774.7576142041 35551.8123162558 2037.06025549076 0.992979379304723 -0.0373480928901477 57486.5682591855 76851.2935996276 -389.752112815368 -11.9424129051563
511640 56134.7763041043 18768.225081105 35554.6281446249 2016.27284448606 0.992633879735821 -0.0377299523217512 57537.1402223336 77683.1357935615 -191.75786782759 -12.008119457155
511680 56182.3489419522 18827.1634148162 35576.9648164174 2014.64972542875 0.995751073109409 -0.0382055122923853 59216.6943063513 76709.3687437511 535.979311972817 -12.1509473788029
511720 56243.4725289777 18922.3977222923 35563.3502226874 2003.44910480846 1.00078792660544 -0.0376082908081183 58150.7701634667 76296.3169835711 275.53273349843 -12.0485734563819
511760 56134.1458904986 18830.1034927549 35534.2531471899 2014.83021934669 0.995906571083163 -0.03805812132096 59153.6992805129 75796.0469094033 920.988223076366 -12.0843903319139
511800 56167.1270246981 18829.9711688952 35607.5128273769 1981.74475839859 0.995899572597921 -0.0374097778294068 57685.4021676803 76471.751591262 -36.172574394254 -11.9771448493398
511840 56116.3908521128 18862.8191489524 35514.6960931604 1962.81478815687 0.99763687155639 -0.0374657340079216 58354.7004358569 76613.5083533996 -666.01928375163 -11.9388700122808
511880 56118.1251599093 18848.9955630633 35512.1454827847 2004.22224112371 0.996905755021199 -0.0375855231378988 58190.7976041809 76755.8045180405 -332.927574496017 -11.9915119625538
511920 56241.7428801025 18992.4232554147 35457.6931692598 2023.77110187445 1.00449151159142 -0.0375772935974297 57120.6045202639 77865.0148086381 -438.632426414982 -11.9931537090104
511960 56124.4045138196 18777.1052366927 35517.9334003267 2048.69458448602 0.993103542863554 -0.0376749767191863 56397.5421049748 77621.9873598012 843.434043117266 -11.9960258131572
512000 56309.634903829 18943.8845975584 35567.2426921741 2017.84569333035 1.00192434735203 -0.0380093954769353 59540.7709255737 76530.556016848 -302.341502144438 -12.0955176294929
512040 56299.2376012869 18882.6968786584 35624.9682842983 2025.6300753331 0.998688186098551 -0.0372572970696339 57366.8604532087 76487.8398593296 -144.968493519079 -11.911564035523
512080 56268.8180595782 18898.5470317063 35595.4413113211 2005.70538908392 0.999526485876307 -0.0374596849498332 57417.1346965697 77363.8650106142 -516.418159669895 -11.9590602103134
512120 56296.5268270324 18962.7052743208 35534.112076667 2011.67502964784 1.00291975535215 -0.0371211297118218 56804.8146445172 76584.7844559058 -104.409830432067 -11.9039426996424
512160 56243.8907889805 18858.9568202485 35627.630957287 1961.52519468902 0.997432596601797 -0.0379751064285274 59362.7423671435 76626.637319526 -357.506749694249 -12.0776670537111
512200 56122.5776544206 18754.499266722 35597.4464203517 1996.77089118253 0.99190793424419 -0.037754177702829 57653.3288078359 77517.0128959814 -19.2260819395034 -12.0455697788954
512240 56145.4224984903 18830.5981818729 35556.4448566475 1988.49318743008 0.995932734728172 -0.0372195728804663 57951.8379863083 76476.2549050373 -727.474233080301 -11.8954143809398
512280 56296.5384918735 18896.3973513241 35653.8555659175 1983.13355165122 0.999412791290443 -0.0383297564319419 58423.259516538 77552.1126783306 661.190664715321 -12.1750452973473
512320 56216.985350003 18846.1613937719 35625.9677445954 1980.0453387087 0.996755858456797 -0.03829578794806 58460.4729271224 78509.9317362855 -285.402374233505 -12.1723237293637
512360 56116.7098406407 18784.0345736982 35565.3872912313 1990.17098561236 0.993470029020134 -0.0368194742870109 56027.655406436 76896.7012375359 -389.844197510958 -11.8405941210708
512400 56247.6103365131 18935.9198205099 35578.195482974 1957.66981144139 1.00150309773952 -0.0377069042072422 59067.8013024971 76745.5198797524 -670.733004186706 -12.050713128028
512440 56126.71615471 18782.7437458528 35566.3377253929 2002.80028354106 0.993401758342077 -0.0371336443636508 57624.514134568 75778.0194424152 -69.666275829145 -11.8711021088831
512480 56203.121783473 18867.9582504461 35581.758448119 1981.80254284778 0.997908673830286 -0.0364681007018968 56726.0122829044 75209.4389237808 -334.239982982156 -11.7540735103353
512520 56286.6031378432 18912.0427295016 35617.2972200358 2013.10343882579 1.00024026071673 -0.0390423815071734 59937.1094928816 78384.9818513953 364.720168570764 -12.3355642258757
512560 56124.7922813154 18813.6049950475 35503.9564793846 2017.87075130635 0.99503398096245 -0.0373693486920222 58264.3053687182 76496.1720242774 -657.118390044153 -11.937408967054
512600 56182.8308626761 18826.6609330412 35572.5902002091 2019.22267229256 0.995724497318058 -0.0381637324873291 58379.2875806952 77722.8824601176 294.200558333861 -12.1571520336571
512640 56145.1923990183 18877.9322921141 35491.7641487459 2025.67163824415 0.99843619157023 -0.0378606830457657 57434.3087250521 78095.7031706744 -18.167665613834 -12.0772863623884
512680 56279.0739453487 18947.7673086758 35610.2780790984 1985.21627197331 1.00212970031341 -0.0374829308938235 57061.5729990959 76959.6753582238 278.705000706328 -11.9488240067724
512720 56358.46305457 18985.4919340093 35599.9647378914 2012.13713539051 1.00412492048178 -0.0385425068234572 59107.9746198538 77943.86717612 361.114869006432 -12.2571308275178
512760 56149.4139142578 18848.2005482216 35538.8604356592 2001.11347496759 0.996863707429413 -0.0377924813640237 59232.2773018452 76385.4077322794 -362.731471213096 -12.0489778588197
512800 56346.12495924 19009.6161551195 35563.9328191654 2008.78365048087 1.00540082798464 -0.0372534962461153 57444.8959096232 77052.7388511616 -697.825802560991 -11.9661778860487
512840 56256.5329781963 18919.5171998703 35554.1115830834 2007.03337656352 1.00063557846729 -0.0376169625170531 58918.0139852041 76240.2750863807 -409.565973552377 -12.0431861185478
512880 56156.1416918073 18794.2179799234 35602.7992279355 2010.19508062333 0.994008619855791 -0.037737450666056 58516.1063596456 76620.8344895093 -153.389102574879 -12.0607959917214
512920 56284.6554268023 18907.2390656221 35625.317369327 1975.80528861697 0.99998619942468 -0.0384217051047193 58047.4582691706 78482.4870434712 432.913478356843 -12.242212489757
512960 56218.5387041326 18868.4708493843 35501.5743560453 2063.74318862115 0.997935784708939 -0.0375676334210021 57080.5715822705 77564.3031200939 -13.90833133788 -12.0339507105242
513000 56149.2436076983 18845.3791427722 35514.7297521094 2015.59482311114 0.996714485932685 -0.036342551978681 56463.4535889163 75063.8701417565 -432.315101295385 -11.702728215263
513040 56166.6642045334 18915.7098894152 35452.6329673026 1996.96513042745 1.00043421337645 -0.0373385844060086 58138.2924350082 76487.8200579878 -564.314570118104 -11.9642018219829
513080 56146.3328812366 18897.2433793968 35464.1698813976 2013.62170256551 0.99945753692433 -0.0377638112613292 58425.6803353321 76922.1567922733 -246.450266988 -12.0534033435444
513120 56185.8649605557 18860.4619925254 35506.7379310368 2016.61578496566 0.997512203756466 -0.0374556187390674 57394.9268542869 76484.6983775251 420.733325626788 -12.0200369316632
513160 56105.1548311091 18797.0341635806 35489.69558079 2020.34468570617 0.994157565176814 -0.0376898027647386 58728.1675284327 76543.3052193993 -352.818976970308 -11.9941673171792
513200 56226.3065724008 18901.5206318321 35520.5345981499 1999.21434700176 0.999683756807197 -0.0372668278806041 57965.5870622051 76432.9335847002 -703.887283609609 -11.9364809128988
513240 56384.7616875029 18865.8984897642 35649.7015331142 2053.43443782588 0.997799735013313 -0.0376503142872336 58060.0891082593 76561.243422279 213.730875461184 -12.0426868739513
513280 56352.1035230396 18884.3883356779 35647.8507488422 2023.14764775842 0.998777645679116 -0.0367377174544929 56187.9331079038 76111.6638662159 -39.3982268284577 -11.8296625999609
513320 56279.2879314451 18880.1806966118 35574.4606798235 2043.93381718244 0.998555107582274 -0.0379200452443859 58269.7926138642 77630.0481309052 -340.780724330377 -12.1464941585641
513360 56148.16288279 18852.2622156839 35469.3776732254 2045.33706685743 0.997078525224591 -0.0381157693657738 59093.192052458 77120.3882818577 1.23097813461264 -12.1558660697207
513400 56175.3505797701 18814.19744715 35541.0552930308 2014.63493765393 0.995065315200319 -0.0384505277792702 59000.2643780217 78111.4341697781 -87.6169718946534 -12.1628400351264
513440 56283.0007134204 18887.7290454936 35497.3857877449 2070.77100058374 0.998954332698326 -0.0363387091217101 55916.5914295455 76094.9254063655 -949.015870441424 -11.6820558987044
513480 56268.1991992813 18905.6848629498 35471.8771200456 2059.54007063675 0.999903999098233 -0.0371567242122992 57372.1867577647 77677.4149994604 -1498.71709432888 -11.903687028509
513520 56460.4526338303 18981.2654102881 35634.0258855411 2031.32196896789 1.00390138359318 -0.0371852156794063 57814.1627984126 76237.646128488 -537.712792954409 -11.9182256577016
513560 56167.9853507282 18856.6751169114 35494.9442551878 2021.91772781756 0.997311919445267 -0.0375777383307628 58507.9705857393 76022.6955896736 -12.2224070135973 -11.9725899437796
513600 56242.2798897434 18920.1155228665 35500.3327870877 2016.83362015781 1.00066722321124 -0.0382010221793767 59407.3793093772 77144.7987814416 -191.845978204064 -12.1570364190735
513640 56267.0799382433 18935.2669812486 35498.6292286004 2037.6862174324 1.00146856968127 -0.0366320765629519 56788.0441209005 75707.370328055 -536.284921291163 -11.7810130443014
513680 56319.1301026449 18939.9521657748 35534.7506401654 2009.87614049732 1.00171636471108 -0.0371829478677245 57326.5801968715 76702.3834198167 -465.958368877598 -11.9309739982596
513720 56327.6794710954 18842.6284667358 35684.9161525142 2003.09669348078 0.996569005248491 -0.038557322688094 59189.6657874787 78302.4063138792 -247.753618179209 -12.2049072621259
513760 56313.5092114774 18837.4551629905 35645.7178877437 2004.89639195862 0.996295394049479 -0.0370865449800974 57368.575143218 76275.1938707916 -289.426189466439 -11.881052032403
513800 56310.6771411714 18891.6727018766 35585.9896525813 2040.96844022305 0.999162908997838 -0.0372401893543443 57476.8929083103 76787.8140391165 -601.670385791446 -11.9048883161695
513840 56256.3767162432 18832.5011420022 35580.4969993708 2029.69873031866 0.996033380510498 -0.0365773467132278 56903.3219056133 75685.3918744297 -809.72141294412 -11.7421675272109
513880 56237.6602735232 18825.7291873784 35590.3917106671 2009.97057823455 0.995675218160962 -0.0376550222063785 57019.6447543899 77745.950570062 -28.5117121277844 -11.9840487643495
513920 56155.3614506901 18779.1445946699 35570.4490167697 2004.70709139482 0.993211402600548 -0.0378391481984807 57360.0632824092 77605.6144736605 325.132496522831 -12.0448362923127
513960 56166.1263071949 18832.1279178436 35503.6727816488 2023.57298787836 0.996013641033642 -0.0372084601127623 56708.2927057275 77282.9337455412 -371.693365114208 -11.9108041371816
514000 56183.2430223573 18900.8545719201 35462.3617052424 2008.50547513243 0.999648529521093 -0.0375029634698121 57936.4394978549 76618.9417462027 -277.695968540108 -11.911226921642
514040 56301.9484058027 18881.6591720574 35606.6084959912 2015.83355445606 0.998633302766491 -0.0383296352113562 58719.5254987808 78215.1226823725 -234.072933706215 -12.1428925620704
514080 56147.5075351199 18783.5163108035 35539.8670338344 2013.84925124862 0.993442618580113 -0.0374753455020922 57987.06470126 76767.9167701426 -227.584798876371 -11.9979434369267
514120 56256.6676864184 18877.1225848798 35551.1591468636 2017.23434373392 0.99839336691153 -0.0372682613631754 58682.2393536575 75730.415531577 -654.793394245973 -11.8861500746423
514160 56320.0207804548 18965.9750518839 35618.0699782552 1961.2534632135 1.00309269083083 -0.0376476364004305 58288.5077341283 76932.9012207124 -428.432199635295 -12.037295500506
514200 56152.5163420361 18860.7313153638 35522.3483937771 1976.20939561641 0.997526447989623 -0.0376005184150826 57156.0812173456 77029.7335336428 387.381894736224 -11.9129051935534
514240 56212.7539196222 18903.2807774988 35536.9553468649 2007.17842228571 0.999776849266101 -0.0374820043540468 57959.7738061753 77396.2164126535 -975.595269511524 -11.9370825243574
514280 56234.2109114394 18856.1588140176 35530.3011663769 2044.25775860654 0.997284612667861 -0.0369896841545083 56784.2936551499 76134.5720605798 10.4127900755463 -11.860469750678
514320 56361.7908167761 18896.5592443772 35632.1565978155 2030.09802538204 0.999421353662683 -0.0375738292560412 57890.4376782839 76740.9501542631 -36.6528971083711 -12.0035744636153
514360 56170.8971549144 18869.0290292504 35490.520240346 2025.98141146176 0.997965306320263 -0.0369331960732047 57032.7567477369 75943.6207044471 -189.149699635288 -11.8287376432504
514400 56237.1218462572 18894.5283987781 35499.2870034335 2043.95732865181 0.999313944137411 -0.0372372275623047 57575.2387268109 76565.165028899 -465.587023373885 -11.9106157890563
514440 56357.5383706118 18885.4776868918 35660.9341183831 2005.85622018485 0.998835260446482 -0.0375447374608557 57631.1541287748 76484.7062864125 315.13539565506 -11.9685240403849
514480 56133.3460644133 18798.7407948496 35510.4110468391 2024.44283838713 0.994247827309249 -0.0372492940560047 57852.1285908151 76418.1033522766 -535.709858198859 -11.9007694118027
514520 56238.2374596301 18909.8267623877 35474.0540405142 2034.06043910104 1.00012306028759 -0.0383160031358881 59520.928902722 77277.1488558612 -139.884114741338 -12.190382312265
514560 56188.8668847347 18773.8820598261 35588.5352718802 2006.73656295419 0.992933072052156 -0.0381653212685893 59134.4758643499 76518.5147040254 631.412368483079 -12.1761642920804
514600 56171.4030930296 18783.8241702589 35530.8147222424 2034.91191591719 0.993458900978917 -0.0371128427896973 57727.0357629515 75640.7445730999 -112.385864692116 -11.9026631605977
514640 56256.973809579 18893.7618777845 35519.1234225846 2031.87393867931 0.999273403558615 -0.0376990527310512 58336.5063869834 76647.4468309734 -98.032091204948 -12.024534740047
514680 56294.3554723028 18860.5735784894 35576.7478235571 2034.37993728518 0.997518105433792 -0.0382381438202482 58739.6025587754 77331.7682313211 301.7746008411 -12.1239977290969
514720 56291.5296805098 18924.8047927124 35513.3965441301 2026.31725506549 1.00091523430979 -0.0381682849876784 58531.8742639155 77690.4681881873 123.924294475945 -12.1587447320611
514760 56499.6511632848 18949.5129385962 35681.1305913437 2052.38319210449 1.00222202504806 -0.0373155450894144 57312.2579534808 76490.1483142498 126.180251547234 -11.9620402591377
514800 56199.0953744997 18774.2723367585 35556.7562241752 2052.78763452519 0.992953713434271 -0.0386480150122995 59325.4253832001 77941.5177366414 348.355253947086 -12.2168230935495
514840 56269.8672680217 18906.4048611049 35543.8532251129 2038.51312690538 0.999942079127589 -0.0382678694175203 59405.8764391939 77716.8120955881 -603.911691883272 -12.1311738487587
514880 56200.5018247529 18849.1024632383 35515.0556578406 2044.77580031419 0.99691140887152 -0.0373771110821131 58041.1702613814 76504.0390522837 -377.919455637196 -11.9684863104601
514920 56315.9777915686 18896.4469644812 35582.095652268 2040.51228446053 0.999415415283944 -0.0374690736650965 57645.3114789326 77307.5739725154 -670.910136812028 -11.9324480878685
514960 56171.7077658862 18936.0191726702 35452.1568348088 1983.23449224163 1.0015083523824 -0.0373311195300873 58038.8204766541 76176.1286584639 -252.202761335717 -11.9233795136298
515000 56335.6596319731 18901.6421408424 35604.2385087495 2015.99616166586 0.999690183305164 -0.0379935926415452 58240.8782759476 76701.4006055412 810.506239223118 -12.0873593995564
515040 56207.8626167467 18845.5009079688 35537.2706746519 2020.11166616415 0.996720925980104 -0.0378406663069943 58499.438379102 77299.7495771376 -413.609564420252 -12.0326149320311
515080 56287.9049708141 18925.3894880637 35545.7181514269 2048.64930859762 1.00094615830034 -0.0368614979936762 56842.4909427834 76146.666512606 -382.729782791175 -11.8235520854833
515120 56473.5378919582 18981.7469426648 35634.6633741769 2048.07836378333 1.00392685139044 -0.0373826403466508 57084.7683794036 77316.3702058273 -306.969495314157 -11.9548273023441
515160 56339.2245303056 18884.783584216 35595.5258181462 2047.15840621508 0.998798550004812 -0.037054607799042 57430.1023608718 75803.9406504753 -122.158388848179 -11.8692028280333
515200 56113.0927786173 18739.2446353956 35558.3705020889 2016.39742678755 0.991101131053584 -0.0375526758175692 58237.8109609767 76559.385126108 -272.995094090145 -11.9595196969314
515240 56122.9541691507 18920.9602306766 35423.7750147706 2009.85189952255 1.00071189901767 -0.0367779783319027 56918.738856454 75795.9712830972 -324.685615211207 -11.7992314797912
515280 56137.0388927432 18826.8075532036 35481.0588834415 2028.06332828452 0.995732251921385 -0.0383975766741765 59070.9867761775 77353.6301084249 393.95376442574 -12.1926893280556
515320 56204.851265456 18817.249262005 35555.3723094994 2038.43482513967 0.995226722835119 -0.0377978917113484 58119.3124967459 77394.7772594752 -234.25976263252 -12.0359896086407
515360 56295.2998362362 18968.3972961655 35495.2877654061 2050.14903397845 1.00322080106654 -0.0376669979792286 58907.7811333057 75996.6131975029 -109.519985273165 -12.0227454923991
515400 56319.2801129793 18920.0745387081 35577.9321542153 2023.58690923322 1.00066505559741 -0.0372122675662133 57021.3710575607 77163.883559333 -453.526495956336 -11.9558109206195
515440 56277.0026932183 18906.797791893 35587.7716443637 2010.71055507242 0.999962860869655 -0.0377981896521236 59362.9157189285 77265.2791977488 -1359.85883591058 -12.033440107472
515480 56306.5303408898 18991.290874154 35496.0711493459 2034.28146978633 1.0044316210051 -0.0375350455874889 57546.7269299322 77016.7362776597 -117.141651833322 -11.966953690324
515520 56101.4982299409 18852.1799973296 35451.6056820429 2048.97221673904 0.997074176772686 -0.0370730101386282 56424.6213311495 77077.989668244 -384.038648066222 -11.8554939373119
515560 56313.3169924012 18939.3714128967 35599.643844723 2026.27245419161 1.00168564923426 -0.0372755548142472 57772.0923439659 76607.7484904357 -631.388106843475 -11.902896499884
515600 56038.6733275271 18716.641130545 35520.1119961801 2034.21318943508 0.989905652812109 -0.0374526149145579 59051.3317047805 75431.6040021291 -121.438040014918 -11.9403576210379
515640 56147.3274824195 18834.6524831745 35541.0092881895 1995.27296069016 0.996147162933996 -0.0375103557780045 58191.8448715868 76566.1143945336 -284.343041908618 -11.9605295780468
515680 56167.7240220668 18837.6116971188 35534.5075596803 2007.05997210476 0.996303672993191 -0.0365564306430196 56744.9209037227 75759.540444753 -644.758102033903 -11.768058903122
515720 56043.4788195201 18783.626952617 35459.8995356998 2031.38661856271 0.993448470322201 -0.0379356692225737 58551.3982430405 76882.5148889834 206.638169629185 -12.0759563956061
515760 56334.7242914341 18889.5375544797 35625.9834351653 2035.30940692781 0.999049983047979 -0.0384935340661768 59211.8333214577 78358.7655513823 -417.27243086882 -12.1858209534951
515800 56331.0756430149 18963.2425988477 35537.547011751 1998.81858878898 1.00294817394408 -0.0381345090929371 58991.018836046 77144.393063653 12.8627542280663 -12.1512844221459
515840 56316.3130165526 18866.8642709046 35631.4137469702 2007.40644331237 0.997850814275 -0.0368535043179771 57700.854997668 76126.7288222093 -1253.0250908544 -11.8080488292058
515880 56377.5554801125 18991.1445736713 35622.0420407218 1980.37939692438 1.00442388330934 -0.0373440396874331 57211.0952907716 77212.708782523 -456.606604571461 -11.9655504495444
515920 56231.7071457739 18868.8933671888 35540.1162182653 2046.40961747427 0.997958131280647 -0.0375381184761539 58225.4932835919 76230.642131253 86.038564006421 -11.9777546970356
515960 56185.929110895 18897.162510226 35508.3083479695 1994.58082408363 0.999453259829487 -0.0368839517577203 57329.3622748765 75905.2494416506 -412.018842387385 -11.878522758088
516000 56395.3905960527 18996.40554035 35570.3226162113 2052.05591068685 1.00470213091895 -0.03725184508961 57923.8463461153 76501.6144052634 -607.844065109989 -11.9556212954589
516040 56229.8538609512 18922.6560435668 35493.8905634596 2034.88242613401 1.00080158897616 -0.0376089519351614 57660.5165240693 77168.8614086788 -39.6238829386383 -12.0587929863641
516080 56165.2535692784 18835.2084832522 35532.004957584 2018.11021830152 0.996176569258347 -0.0368408610043 57426.473787136 75516.6355424489 -379.785368140764 -11.8071939786039
516120 56128.4164526019 18842.2129633618 35501.228624586 2017.8796652819 0.996547029663456 -0.0378155051355085 57797.7414391643 77441.2538091909 10.1848330381076 -12.0613757119243
516160 56324.1398869324 19019.4932319769 35469.4554560505 2034.19893026186 1.00592321734639 -0.0379891112373876 57421.5809430263 78300.929216052 60.0363370908924 -12.1449424705689
516200 56107.2111168727 18805.6135929971 35479.7097881431 2024.33960188391 0.994611323178477 -0.0376997126117102 56974.332146473 77968.8318968043 -34.8867041852683 -12.0182712842792
516240 56192.4179523677 18909.1099867997 35481.5770368764 2025.31916520171 1.0000851506968 -0.0383408773914997 58961.0318101795 77592.2956413998 287.375792213119 -12.2292611680623
516280 56246.2944254068 18840.9284031831 35590.5943873859 1995.73857948483 0.996479090476429 -0.0377058782090026 57596.9867906358 78045.5413512953 -535.30960375527 -12.0683986097637
516320 56244.9794494029 18849.6404169457 35607.1212661675 1990.43565256997 0.99693986074022 -0.0388795332476278 58705.3182801066 79254.8478425221 242.490676648977 -12.31343619104
516360 56179.3507786033 18869.3862218375 35512.3384031396 2008.93224570071 0.997984197902286 -0.0369349974055838 58108.46507294 74865.2787127436 -123.142056100032 -11.8322929139782
516400 56173.0007842288 18890.483042422 35474.5142833603 2016.79185064933 0.999099989021396 -0.0370429574609243 57239.5816511246 76274.1973962172 -403.893499822851 -11.8775730774103
516440 56273.0931041567 18923.4736741025 35577.6799549722 1971.30217526779 1.00084483269086 -0.0372287361953245 57650.4614791042 76456.1074879371 -518.850800699551 -11.9633848235259
516480 56258.0265947236 18900.7764279483 35530.6758201772 2011.93958621267 0.999644396559477 -0.0383146694227845 59164.8266296391 76921.5176712814 497.504261385829 -12.1807989673014
516520 56348.3707502695 18871.2726680753 35672.2615053792 2023.78952693624 0.998083970280329 -0.0370538868642501 56476.304667391 77232.0286017261 -557.417391968755 -11.8751672565985
516560 56118.6918972337 18832.832716397 35503.2662377423 1993.90966264455 0.996050917170278 -0.0379982236151724 57854.6083802843 78950.1540146892 -791.794018434243 -12.1197105231658
516600 56203.0423539734 18904.0613575596 35543.4989580995 1991.50827080548 0.999818133415817 -0.0383517290305584 59132.9895653696 77806.9810541106 -100.646013794484 -12.1860514641216
516640 56270.3067623159 18964.684961867 35548.4494582523 1979.86757198955 1.00302445917583 -0.0373884893609475 57744.7482397328 76196.3995819818 67.5052966459404 -11.9455299809359
516680 56179.6656051505 18874.1483931662 35496.569880814 2013.05948034573 0.998236064692115 -0.037946922186412 58464.6147765354 76666.5770720994 493.660024514033 -12.1099861998479
516720 56261.5938578494 18916.8056898987 35533.4390363764 2018.38563426313 1.00049216923965 -0.0368037525816281 57060.8086798254 76123.8415919668 -767.93665747521 -11.8088036524826
516760 56390.1822941757 18938.7538818033 35619.2048193012 2029.00736727685 1.001652988592 -0.0374137578926959 57715.7655692139 76768.8799097435 -356.579476749911 -11.9728322065269
516800 56177.9452583128 18904.26284879 35489.3250121925 2011.52938078744 0.999828790098636 -0.0375329666071356 57605.4713038965 77161.8931737393 -315.719051720667 -12.0275163613547
516840 56381.1727954961 18937.700339187 35627.6549191012 2025.48058235583 1.0015972677079 -0.037456318038606 57685.6101651013 76557.5997312752 13.4294851677388 -11.9901195569925
516880 56295.2887251355 18821.6051653508 35600.9630873621 2070.69606238214 0.995457102491115 -0.0379635188821755 57978.8487882512 77727.3877518248 1.3614919611269 -12.1126013560468
516920 56211.4423622766 18854.4248665808 35547.8351513254 2026.04166361304 0.997192905808847 -0.0383170486595377 59337.7018862094 76985.9754514715 339.941735298406 -12.1988854700357
516960 56190.9125491076 18869.2699234972 35523.5296511983 2002.53385575038 0.997978046991786 -0.0376372356985592 57528.2863057073 77549.3208406024 -334.205474263925 -12.0277488019711
517000 56226.6904554591 18925.1021779848 35493.186753316 2016.68149207359 1.00093096273885 -0.0373832557568544 57885.7635116831 76709.8873830979 -534.803871999747 -11.9673341021183
517040 56064.3102406203 18797.1831635636 35506.5894523044 2005.8931578215 0.994165445646626 -0.0365526113393395 57029.4478014045 75487.0311958851 -787.446063189059 -11.7102136747719
517080 56213.9047005155 18890.8961713973 35524.2074584771 2023.44015628766 0.999121839026699 -0.0369567594327866 57261.9179956845 76244.4506628713 -671.822324284446 -11.8589352457726
517120 56154.4636255498 18854.0018973215 35552.6055244266 1957.74577923329 0.997170535360122 -0.037176581183661 57113.5453649364 76318.2500602386 22.2800726713089 -11.9168399906549
517160 56147.5072105515 18813.9121354286 35564.4377635324 1972.91545994903 0.995050225330087 -0.0386652880358534 59763.3812304473 77612.6383256383 236.912538402571 -12.2725619307719
517200 56085.9959212487 18799.0156368802 35480.021123358 1996.74807064223 0.994262363447321 -0.0371807839230073 58116.655753925 76230.4528334157 -709.406586627985 -11.9402623135124
517240 56179.7891281687 18834.3555961575 35538.6991444115 2023.04258485449 0.996131460857201 -0.0379552093100496 58010.5327110623 78033.9962073482 -482.877601065 -12.0741401420293
517280 56230.9918874986 18988.3593115855 35444.7347879643 2006.66316401447 1.00427657340132 -0.0365570327699275 57876.5722543229 74794.7236282599 -911.614155581987 -11.7504425134596
517320 56237.7246417719 18935.8958205303 35464.7084576736 2049.24676303432 1.00150182840303 -0.0370186049743498 57262.0074994596 76332.5567627176 -610.265891161514 -11.8622316363757
517360 56272.2706706038 18892.3308805684 35573.5576794901 2013.75076101712 0.999197719453569 -0.0382939165574139 57462.4289443353 79243.8569958574 -156.948894017558 -12.169564599064
517400 56157.1464105259 18872.8238821464 35449.1579681938 2020.58041125205 0.998166012542452 -0.0371639659748219 57985.2882713213 75702.2710499447 -265.262044792708 -11.922935972263
517440 56195.9126789219 18854.982105373 35471.6784124193 2039.18049550042 0.997222377647651 -0.0369871166629519 57149.0688662922 75950.7845874114 -17.2222575489687 -11.9058413709376
517480 56366.9273391023 18876.4909946227 35673.1944132695 2043.09040808466 0.998359962693253 -0.0382555517249942 58917.5689467216 77083.7734710791 534.190640465378 -12.2234904105403
517520 56316.1426995673 18881.6827892996 35625.420035965 2038.15162559744 0.998634551860352 -0.0373390781041238 57556.1070810369 77069.2535827807 -603.771138558325 -11.9894446373976
517560 56241.1255630139 18830.6410238468 35572.0111941001 2044.86327115228 0.995935000600124 -0.0377857699415622 59114.5211665749 76309.3042772588 -177.707429087507 -12.0603558049434
517600 56302.7344964245 18916.8784004582 35606.8229253019 2016.52666733813 1.00049601483317 -0.0384863499259399 58305.6209397929 78055.2610383573 733.293284052503 -12.2668603399386
517640 56413.6238683102 18957.2117345249 35638.1108892056 2009.46275337153 1.00262920716779 -0.0383827182527116 59141.0815725997 78152.3792964916 -326.98094084199 -12.2058767298684
517680 56355.932333528 18964.6728933464 35579.5715670876 1991.21974695542 1.00302382088306 -0.0376497191308404 58811.733000966 76648.0784397416 -536.748082508935 -12.0893530610457
517720 56293.6646007707 18907.6335379025 35593.2135174546 1993.15985482418 1.00000706269483 -0.0373559104242494 58005.369171185 77012.6583539694 -965.574707672845 -11.9780046808049
517760 56238.2059232761 18838.5488800376 35578.2101912394 2029.26289872008 0.996353239721678 -0.0372735990839325 57657.526585775 76312.2860446312 -225.477555292574 -11.970985768686
517800 56344.2327832934 18978.9829181421 35544.6833472664 2021.18240276001 1.00378066471729 -0.038108165624636 58914.2926569809 77889.7304623011 -701.242618820541 -12.1740990401366
517840 56302.4459460269 18920.7977010936 35557.5769077532 2027.8747903647 1.00070330297996 -0.037444795444325 58435.1319448309 75688.725839896 112.959406445917 -12.0313050426639
517880 56196.850070602 18895.0008164924 35511.6201188872 2018.75067221587 0.9993389298687 -0.0370257683116401 57614.2872997057 75730.2083557325 -196.597909024065 -11.895286726859
517920 56171.0601120049 18775.5636619405 35578.7048576916 2033.34374404634 0.993022010415999 -0.0373213921971143 57315.4260525961 76390.5919049831 284.538854976336 -11.9670715472498
517960 56343.4581567949 18923.6710954656 35585.3508689558 2016.40890086891 1.00085527412221 -0.0382061417271801 58836.7320841223 77571.8559221262 -43.6954907824824 -12.2015846439926
518000 56242.1576922498 18901.7812122604 35518.4242126592 1983.60484003426 0.999697538662456 -0.0365037047709677 56584.1227171185 75972.5251633287 -895.732054855226 -11.8117606626655
518040 56233.6919607141 18856.4766680669 35559.8151321339 1990.75462213721 0.997301423671395 -0.0379611325581643 58600.6509785524 77161.5682859199 -108.809289359448 -12.0831614040596
518080 56248.4930138611 18919.5443370622 35499.7418637546 2040.11369295334 1.000637013728 -0.0375404910390802 56405.3504350167 78122.2437015305 -97.510569673859 -11.9871668767594
518120 56305.4298158887 18847.5785881432 35583.3961695188 2065.10987940891 0.99683081254228 -0.0377921701279799 57340.1140593145 77729.345184729 151.172810009884 -12.0717729709141
518160 56251.3065153099 18951.7691541391 35455.5813599848 2017.29682412612 1.00234135417898 -0.038394005005817 58449.2414741265 77692.3868503859 714.798659746885 -12.1981814154956
518200 56184.4963465064 18827.3325641511 35520.5059406533 2014.81013518255 0.995760019259613 -0.0379685472215703 58143.209432497 77554.1599752656 1.7109423965734 -12.0933530252799
518240 56381.0656646438 18942.6696792617 35614.1483468786 2016.19549759888 1.00186009145903 -0.0374471608340136 58170.9066413013 76541.4710595478 -434.674120554472 -11.9996871769621
518280 56438.2107567412 18948.2250814368 35614.5163994427 2067.00901392122 1.00215391148681 -0.0379378086839679 57778.4668460856 77328.3987887793 458.279497795787 -12.0817277374988
518320 56132.0718048997 18895.3892396445 35351.8425504706 2063.77274179377 0.999359473206111 -0.0377231852368775 59033.0190310584 76437.6432857343 -489.390426142459 -12.0502240867103
518360 56273.1099617829 18946.8454494545 35452.1912103607 2042.14875061031 1.00208094404096 -0.0374339518521256 58229.8391739895 77507.152428221 -1458.75104397495 -12.0142403177343
518400 56326.0449284519 19005.2813364174 35476.7528295169 2031.98364947784 1.00517156347573 -0.0368269218505584 57469.9779534182 75146.2757980972 -105.786288327823 -11.8907466825646
518440 56355.6640113369 19000.9158160421 35532.5295378067 2010.98528946337 1.00494067518403 -0.0367475280165114 57510.9617617897 75569.9075265675 -723.091906148771 -11.8200752947259
518480 56262.0641602933 18909.2836966278 35501.9946269211 2043.55824544169 1.00009433804722 -0.0376319811375586 57207.8445751895 77419.6255372932 88.5341567780302 -12.0274263927971
518520 56081.7574260168 18827.7792936211 35429.0051283065 2020.64342490387 0.995783646363673 -0.0379295739551411 58624.6640358504 76464.3034768913 569.525539168758 -12.1605300343042
518560 56148.2373352132 18876.4842285646 35501.4963524963 1991.3422812538 0.998359604842768 -0.0382907881641694 59223.5191455841 77695.4783621667 -252.513572954559 -12.1817822972364
518600 56142.6956606894 18853.2285175411 35511.4457099309 1995.86070515344 0.997129632026503 -0.0374646412377886 58356.8727047926 76392.5200445454 -424.355134612442 -11.9583818386269
518640 56161.3659767808 18898.567576528 35506.6885214537 1974.49978715987 0.999527572472723 -0.0371941989605034 57595.7793820286 76945.5037948621 -954.86444706752 -11.9207373270837
518680 56354.9963354139 18948.2569177647 35615.6350550893 2000.9156195834 1.00215559528043 -0.0379952671490914 58367.0384817509 76928.7105862819 379.90804395257 -12.1318423055254
518720 56200.2868778495 18909.6088178321 35572.5601689517 1961.80669344754 1.00011153340379 -0.0373344022579782 58199.6572600527 76578.7280886063 -755.395998536825 -11.9516554528581
518760 56114.5584760577 18829.6285117354 35517.4493794274 1991.09910489951 0.995881449781061 -0.0374013956339523 58687.4695266793 75395.2943550059 52.4423174512114 -11.9767479699861
518800 56251.8049022554 18945.6382418755 35483.979917373 2033.88360734913 1.00201709596062 -0.0369756768495386 57599.0360464573 75486.7654014319 -9.70572033575798 -11.9114703906944
518840 56228.8219600084 18928.1061367304 35494.0954730894 2007.15304155984 1.00108983930876 -0.0384791496227395 59027.6785956531 78172.6099442579 -64.6350311693539 -12.2146005985018
518880 56056.8945627523 18743.5303794926 35507.8918350048 2015.60005269715 0.991327800052497 -0.0384991901337706 60006.7419077268 76401.2749858714 738.557619007397 -12.210326148236
518920 56239.8189099172 18946.7756678035 35504.7958164687 1979.95462547273 1.00207725335467 -0.0374054474640973 58363.2471272022 76280.1901824655 -479.9495667153 -11.9411896178501
518960 56280.3162082154 18938.7391503768 35542.0770964256 2006.66318860747 1.00165220946063 -0.0376165172274689 58459.0149582291 75994.9976631059 261.781883508554 -12.0432659751178
519000 56145.1341497993 18866.7328499922 35524.6537635686 1987.54337090754 0.997843863545801 -0.037801296276774 57514.656224267 77145.9873020387 567.344186125335 -12.0639577265823
519040 56388.002738687 19049.1235387973 35555.7907135552 2001.38718621794 1.00749033657529 -0.038439886764854 58122.1161173104 78927.095877675 46.024809773341 -12.2716005967327
519080 56130.0128635561 18805.8989923838 35500.0029365911 2030.59756853638 0.994626417685247 -0.0379131270821964 58218.8485521019 77422.1973661631 -81.6540636301961 -12.0378537281202
519120 56302.0654382458 18878.0445855607 35609.2329027648 2028.86540466814 0.998442130665643 -0.0374604448252536 58832.0766367547 75799.2624344977 -234.963121619809 -11.9866302910002
519160 56260.7463323235 18872.5786825898 35558.6723307237 2037.69306282464 0.998153044167121 -0.0384559347840137 57955.8527915286 78799.4300910165 335.993190085408 -12.213671320903
519200 56339.1680062629 18946.6435502295 35548.7459791762 2027.89514317944 1.00207026577969 -0.0375501098176451 57639.137993136 77079.8265509391 -167.179907497105 -11.9645715210675
519240 56406.0891192441 18932.1104027386 35618.7634722032 2031.82766943599 1.00130162119469 -0.037018050489568 57143.9703776067 76332.0683212863 -501.142052143616 -11.8550045538443
519280 56293.2517760498 18928.2155228178 35470.2116738257 2087.45414387861 1.00109562463667 -0.0374473236810179 57470.4216793061 76269.1236060227 541.67612385955 -12.0091824992991
519320 56273.6922643549 18826.215062053 35554.7169355716 2085.51346798188 0.995700915618299 -0.0375312728795397 57597.9871006916 76892.7561892924 8.99479084355668 -11.9896202757691
519360 56224.798684606 18866.4933308317 35523.5516696866 2031.45086037767 0.997831195601307 -0.0367865128838101 55399.8428876848 76945.7006039066 67.367715309738 -11.8078402331515
519400 56305.4405687325 18884.9630763874 35549.4681195362 2053.68469467997 0.998808043177968 -0.0372337501880542 58469.9680112249 75398.3568063009 -292.863169214099 -11.9028864299501
519440 56202.2215005328 18838.4163690058 35533.0076034 2029.93609744186 0.996346231337076 -0.0370072315006596 57091.528184734 75943.8834807955 -8.57057919616896 -11.8334656796848
519480 56174.5030127276 18896.5985584501 35487.8774298702 2000.94895357805 0.999423432947247 -0.0374727257516016 57890.8786817231 75962.3802403919 515.977793012468 -11.9901289747034
519520 56232.9186323978 18917.5218528128 35490.0458908473 2031.26767978101 1.0005300464267 -0.0373600147908691 57841.0306081148 76897.4976283437 -728.884161022193 -11.9279921705068
519560 56171.3424352062 18835.8901104535 35507.816988617 2048.7567363072 0.996212619883827 -0.0377474884905872 57231.7426525307 77459.5156455078 338.868421028463 -12.0310170379619
519600 56360.9741911294 18925.5538289874 35597.2517643909 2030.07801679863 1.00095485013817 -0.0373862119022558 57538.3792853577 76238.0543377105 295.331087154987 -11.9798761035071
519640 56252.3740944495 18844.5415750001 35545.0425734712 2065.54843629389 0.996670187756185 -0.0381877786965508 58439.8827732319 77853.0396860632 14.8636150975847 -12.1657335325365
519680 56154.3818722877 18842.3708382262 35494.6620549485 2028.26979859238 0.99655537951745 -0.0363265769119271 56638.9891833607 74955.2339009155 -555.180213356795 -11.6508233754621
519720 56137.0290213067 18854.6698240821 35460.0548466765 2032.0826896491 0.997205861382105 -0.0375067172076054 58301.5652636674 76600.9708787464 -473.715864044874 -11.9741550098707
519760 56206.4877823783 18836.3480272083 35572.0894211095 2024.37803007736 0.996236838672922 -0.0380672110347439 57045.8560200751 78116.0162818626 802.290017044233 -12.1324603821708
519800 56222.4826764183 18886.9417514304 35558.2676898216 2011.1484550411 0.998912693451295 -0.0375194701676515 57047.714046618 76938.8926984731 525.431270226829 -12.018601619136
519840 56333.9467229803 18969.876250889 35588.7103073299 1999.68959548338 1.00329902159931 -0.037392256846033 57214.7157573011 77033.6314017551 -245.516122630981 -11.991268147902
519880 56209.533362526 18813.8088148807 35544.5191382534 2065.51041029263 0.995044760802893 -0.0375183621119295 57578.5198067442 77032.1619651073 -99.5103226371773 -11.9987103081129
519920 56139.1342506121 18824.7744082647 35489.6734248123 2065.73336109904 0.995624720786182 -0.03761520303617 58415.9712816226 76172.6373733973 174.457166847742 -12.0050201601773
519960 56335.9365833471 18868.2409562238 35676.9352131626 1992.47530618886 0.997923625874591 -0.0378142811676624 58481.7445967439 77011.9861787046 -188.872225161461 -12.0446117592157
520000 56157.8234881661 18851.8197960146 35472.7569442611 2022.210573716 0.997055126061861 -0.0381332900050571 59507.6139238542 76830.1643786799 -143.844471834932 -12.1017857547358
520040 56173.9468956889 18940.401459781 35415.2640217216 2030.10736289385 1.00174012745106 -0.0367525121747383 56365.7925613698 76564.1819410647 -537.800755371434 -11.8043224754782
520080 56294.1239547886 18889.0294215341 35623.2889538559 2018.41993440533 0.999023108371498 -0.0371864789843651 57665.6641631954 75350.9279170178 530.192616788932 -11.9088643588344
520120 56060.9419996584 18850.2594658543 35470.3804326849 1965.37729904018 0.996972601658301 -0.0376528449609019 57372.2586485741 77406.8324893032 116.361307397433 -12.0096275688445
520160 56168.9285076347 18883.0977481336 35481.8514888237 1996.92427990157 0.99870938771036 -0.0382257053000739 58792.8901305851 77778.8729360859 -111.172063002634 -12.1685928508596
520200 56093.4404139847 18870.8546568084 35477.738522797 1982.75024254121 0.998061862055184 -0.0371199015359664 58185.9607928668 75686.1711942567 -393.206393899493 -11.9060417326136
520240 56006.3569459228 18770.0189559019 35474.6786920239 1985.21547147494 0.992728756096889 -0.0376719555013818 57932.1775552745 76788.7156504659 237.585338338174 -12.0107312627915
520280 56275.43450449 18903.2578451434 35556.411220023 2013.16240641989 0.999775636395264 -0.0374183829162869 57955.4634111804 76804.8314153973 -544.182633552008 -11.9490132500452
520320 56263.1352346293 18943.2723952252 35539.8985799555 1984.87988142928 1.00189196854292 -0.037258312505889 57864.9411256124 76444.8182121486 -603.588836190666 -11.926276424424
520360 56133.0295044243 18849.323490144 35514.527983572 1996.67070682131 0.996923098777945 -0.0378262448293983 58302.3285852001 77504.9207662437 -533.513656552522 -12.0328835030261
520400 56267.178361743 18949.642106598 35508.7902309858 2001.71841724534 1.00222885662293 -0.0375386416459877 57895.368499538 76748.1988761266 -103.981648955868 -11.9884352753381
520440 56259.9607767023 18893.7863506329 35513.2888544082 2036.84940086278 0.99927469790469 -0.0377391589238437 58465.3802139186 77021.3868077287 -516.646922032749 -11.968602102206
520480 56434.2285836685 18995.961283306 35645.1126945834 1990.67868993762 1.00467863457919 -0.0365974453611275 56756.0067230095 75235.9791555817 -122.460393121189 -11.7925314454712
520520 56330.1284611764 18922.7980117404 35569.2758889133 2015.07657929749 1.00080909754015 -0.0380553146682542 59548.450222415 76336.8321797286 39.8984296526193 -12.0459283997164
520560 56175.1866090263 18859.0643983399 35481.0568864724 2040.26672917155 0.997438286306487 -0.0386083162174796 58401.2897384382 78161.2864267087 874.609870477463 -12.1860870262723
520600 56113.0573699665 18821.0859649042 35465.7740775769 2036.28781163557 0.99542964246485 -0.036225743081733 55951.8413949462 75837.9839895787 -1028.39312119966 -11.6154748613837
520640 56266.2848234916 18937.3928199114 35547.2779619457 2001.54997939536 1.00158100330088 -0.0364102144949634 57011.5457896387 75279.9673515734 -856.30627531689 -11.7493619570607
520680 56260.2790421962 18829.6489562083 35621.0423412059 2020.52004520133 0.995882531070118 -0.0372295412976021 56969.7820570626 76539.9692675881 190.692322605394 -11.9291805815399
520720 56130.0563270378 18834.8330813284 35477.5900876989 2037.19234805561 0.996156714601531 -0.0376904532244552 58452.9849673598 76145.6288407845 240.523019769207 -11.9351892247372
520760 56285.052646961 18915.393835906 35523.8288678073 2034.00745946705 1.0004174976018 -0.037074223981348 57897.9218771075 75500.1178138661 -239.782539598354 -11.8652497041911
520800 56310.0354492652 18923.9379690138 35570.2936701153 2042.81738891518 1.00086938881469 -0.0372667461706218 57788.1512488529 75150.4753521604 736.858514337647 -11.9151334118565
520840 56139.4243785788 18875.3645453915 35478.5582758629 1980.63464210605 0.998300385846437 -0.0373646136739399 57358.0544836508 76352.5574859604 413.565028730139 -11.9535763088471
520880 56149.284949187 18849.3910469803 35470.0512542637 2013.31310613232 0.996926671795864 -0.0378846638147591 57610.6504384939 77646.9776761237 249.959260465591 -12.0640799290823
520920 56200.2613567178 18876.0912098996 35509.0024761203 2036.93469392744 0.998338818452976 -0.038245677604672 58407.9350391838 77888.7190267307 154.104758656559 -12.1734632321003
520960 56209.0617927115 18912.3788353796 35519.7029268693 1998.08856439488 1.00025803704242 -0.038245247047865 57968.9392533435 77937.4735856354 553.476965823903 -12.1653103194197
521000 56328.299394413 19019.9247627521 35572.434840344 1975.09440149268 1.00594604060569 -0.0369544719389842 57760.3196227557 75090.804400545 -19.4381834040777 -11.9189415948339
521040 56240.6844619802 18935.387932105 35525.824448732 2002.41851184769 1.001474966659 -0.0372286193677028 57841.7319080537 76239.7926178956 -502.30095005765 -11.8983202542811
521080 56236.5916356015 18921.2370838939 35549.002353693 1984.7139601874 1.00072654152553 -0.0380923840014109 58074.1185941478 78101.6127861017 -65.6878783081064 -12.1613488824384
521120 56046.6344291049 18796.25988076 35518.8460893512 1964.81488648986 0.994116614082242 -0.0379683523216745 58535.3408994834 77696.4085466116 -431.786504244589 -12.0801993195131
521160 56273.0759481519 18881.1650034997 35608.7320128702 1992.8992996809 0.998607166653426 -0.0370191612009397 57473.3068008071 76078.2361017038 -469.60600573989 -11.9003675100137
521200 56013.7218089361 18756.8745842431 35457.5190203388 2026.79659560922 0.992033562567399 -0.0378079851437097 57438.0785461125 77240.1053763161 518.670564809875 -12.0585050397445
521240 56297.6094998633 18959.2850010326 35502.2843589836 2027.02370018687 1.00273886029526 -0.0373779944604388 57787.1852715743 76126.0233839203 175.924741801501 -11.9998666354555
521280 56234.3439011251 18937.7396166727 35514.6693790445 1993.18869151921 1.0015993450574 -0.0370331526321234 57077.1005631607 76320.2986259516 -304.348161203724 -11.8924146257794
521320 56179.7082305473 18884.1761994088 35550.8593277495 1987.49329753562 0.99876642599015 -0.038364989037095 58350.9605280046 77921.6426283162 479.025232177641 -12.1434350602912
521360 56217.407475017 18924.4851373832 35538.6436377748 1999.77725628335 1.00089832803825 -0.0367470155490238 56746.3317935674 75720.5127455956 -188.668280023346 -11.8558806327083
521400 56087.7977185193 18837.7712075628 35551.5736131304 1978.72328946538 0.996312109351464 -0.0370916930190207 56495.1807056472 76115.9774219687 674.295442573042 -11.9160694612757
521440 56222.0132697146 18952.6441458069 35517.8691349308 2003.51861019537 1.00238763167034 -0.0377088220371502 58221.7682906535 76297.5636621729 531.076839066915 -12.0374054150533
521480 56157.2272180497 18886.8038748008 35523.9005553416 1993.65214175326 0.998905401285244 -0.0384711412855646 58777.8339647423 78326.7903165674 -93.0489687173273 -12.1799193067788
521520 56146.0233504115 18824.5624268687 35571.9209066637 1962.26219595571 0.995613509288308 -0.0378922884506796 58024.7035951314 77363.5695308459 83.7121006501125 -12.0780012699091
521560 56145.3236818166 18882.5289197106 35475.5706719423 2010.76262117909 0.998679302906814 -0.0373823650183543 57864.8325098821 76159.8667064449 46.7022483369712 -11.9462500275112
521600 56370.3681999947 18999.0710617818 35560.5948854394 2041.94567086997 1.00484310785571 -0.0382620353254586 59298.854286776 77413.9980449938 -140.188147292438 -12.1741127912052
521640 56115.8489982351 18792.7100716472 35562.3164625999 1991.16776221253 0.993928867996676 -0.0376353409761508 57590.8492945782 76758.6719024674 390.608782964506 -11.9976513040329
521680 56214.1636021798 18871.842956169 35567.8634832392 1992.03988715649 0.998114132284492 -0.0372385911800221 57734.4891845861 76229.9846046848 -324.180551499865 -11.8846121942377
521720 55988.4305544232 18721.8504174169 35460.5844257127 2031.16087788421 0.990181167125049 -0.0378325787342388 58302.5371526834 76518.1853888838 493.721394481234 -12.0027525879865
521760 56189.3298228129 18940.6348610899 35497.7079012348 1985.91562677816 1.0017524718281 -0.0371054045738488 57686.5249625885 75307.0400407901 234.819964999035 -11.8811591661215
521800 56053.6660903408 18777.3778156237 35502.2492235956 1965.78204326871 0.993117959308409 -0.0367840482714319 57731.1605965484 75970.7134586199 -1339.21828257753 -11.7738379581438
521840 56240.6903428447 18895.6460568705 35551.0516807551 1981.36486331436 0.999373056029117 -0.0374165639852254 58586.0607999251 75431.406620709 139.750841419282 -11.9501259556724
521880 56158.0777169717 18887.0584615003 35495.988080397 1990.7875579172 0.99891886613779 -0.038052722099151 59265.4837798733 77233.1710255713 -538.767236284517 -12.0814229917192
521920 56218.4176714428 18898.9769553441 35538.0023436339 2013.82018317636 0.999549224135613 -0.037366300156344 58272.3346209395 75737.7035719662 50.8267584390751 -11.9840286107823
521960 56253.442934821 18920.3191971788 35567.5739526308 1980.21920581322 1.00067799535522 -0.0375735971775016 58178.8376445286 76063.0729515597 476.275067495954 -12.0320898176426
522000 56316.8724975831 18954.4027971143 35562.6397342536 2001.06059205268 1.00248064509398 -0.0377154156264165 57878.2116227637 76696.6780711322 454.590639779209 -12.0629378293509
522040 56266.4458487648 18926.2908508548 35503.2322769469 2046.99785725985 1.00099383053575 -0.0373127946343918 56704.3459812574 77713.5477134322 -354.423091659959 -11.9936103350348
522080 56263.084058562 18867.9747862989 35524.6063131755 2071.94840423367 0.997909548396084 -0.0368551596663828 56442.6070021912 76667.3042645552 -398.58295856517 -11.853218820212
522120 56312.6301154264 18940.5571313064 35532.5065207969 2033.81937633402 1.00174836077252 -0.0367872791852617 57723.354144873 75557.1024070477 -968.107120288924 -11.7887280089722
522160 56189.4414190494 18865.4258889666 35513.6986036504 2025.00180074521 0.997774739598922 -0.0371792975634243 56890.1896604386 76926.0303129542 -209.304442463962 -11.9310627259356
522200 56095.1766967612 18804.2709047415 35522.8145716605 1980.58569069967 0.994540309651807 -0.0371323315566867 58745.6812025243 74884.9445040966 -278.584258218452 -11.9015383808537
522240 56243.6554986743 18986.4006849424 35494.0258014943 1988.00436956234 1.00417298346912 -0.036346758010982 56335.676205668 75703.5810500907 -934.482269590176 -11.695932454308
522280 56207.6888692059 18908.5320085834 35473.124254242 2048.28031833856 1.00005458196924 -0.036970392596281 57656.8614737845 76164.8012707147 -827.165253137595 -11.8803438145975
522320 56179.2308716471 18802.4704591704 35542.360591168 2037.00947197403 0.994445085768631 -0.0374377304661376 57461.503116836 77284.9915816392 -344.902833658832 -11.9409926556438
522360 56165.7704629586 18870.4333499718 35519.6428234922 2004.10716120542 0.998039579530442 -0.0369885841356178 57024.7335841528 75902.2364484086 151.752784967626 -11.8369156489244
522400 56220.1915231001 18852.7703313158 35574.0944077771 2036.41353453 0.997105398985368 -0.0376602576975425 57206.5600887367 78139.3397944575 -443.384212392871 -12.0381076037283
522440 56209.4453752396 18869.1214466555 35582.5773929643 2008.84791468638 0.997970194190426 -0.037665343303279 57903.6853471882 77079.4327080915 -12.8947917041407 -12.0479034341994
522480 56309.6536733182 18937.5617428419 35597.5021406417 2016.75931020789 1.00158993747676 -0.0371346833848539 56921.6083046705 77116.2309587095 -506.052957943205 -11.9293774955421
522520 56103.1426331914 18772.6246015644 35556.9208421785 2010.38444206286 0.992866566260182 -0.0380627167098679 58465.7390950909 77353.7829051917 238.525902864363 -12.1414041212903
522560 56188.4450335839 18885.7182591604 35527.7917601934 2022.78410542615 0.998847984088873 -0.0364366799263 57723.0680476291 74973.1686663005 -1298.29366894266 -11.7021785948613
522600 56066.1928080891 18853.5856892471 35445.3892561331 2002.67448316092 0.997148522504143 -0.036979344405043 56830.6214171747 76522.8121284456 -313.293190282852 -11.8675099792792
522640 56297.2556937034 18977.9937829067 35565.7759042508 1997.23664613405 1.00372835027934 -0.0367940141433036 56961.2601609981 75722.2478719544 -229.390873233582 -11.8554107054388
522680 56165.5493171387 18905.295823389 35505.9611990116 2009.21749078786 0.999883423159541 -0.0379199488170312 58218.8864471781 77215.0444471845 189.16718158917 -12.0952256911882
522720 56135.6035651735 18883.0145725939 35438.8169087889 2039.48430680036 0.998704988633819 -0.0372592942154857 57481.2803356863 76756.4648674672 -417.619162483598 -11.9673306499456
522760 56114.0084835223 18778.2968179692 35538.4950440242 2020.2288152845 0.993166564483364 -0.0374288907726671 58879.8516771084 75690.4996669413 -356.614350968777 -11.936791273255
522800 56304.7276841678 18865.0431045822 35651.4644025049 2018.14317589376 0.99775449449066 -0.0377114364774126 57644.7367937235 77417.1106919633 71.2335962783028 -12.0549868812062
522840 56227.0550653283 18841.4336360784 35599.1514288798 2015.86689555279 0.996505811771964 -0.0387554700828216 60048.2772638888 77382.2923854416 393.904792620785 -12.2667669069123
522880 56178.7807044205 18794.4732606574 35602.4817491279 1993.59189738067 0.994022121415176 -0.0377826128230591 59032.5307622751 76829.1553096611 -593.542912363274 -12.0309809417257
522920 56075.5747733773 18831.5938792005 35504.3483520351 1961.66562954447 0.995985396229037 -0.0371192212503972 57945.5803008635 75268.3158280568 124.070859121203 -11.8651864595317
522960 56198.6889370685 18879.183785737 35558.808488488 1977.72302695794 0.998502381898032 -0.0370418424352812 57029.6540924742 76333.9607313378 -149.8331207645 -11.8717184340778
523000 56275.534617535 18936.5390565264 35548.5750235198 1983.25843895537 1.00153584855356 -0.0374407345139416 58264.0992697921 76842.2366688866 -806.241964242268 -11.9702755744966
523040 56138.5677036555 18890.217932495 35486.715420033 1972.17231155748 0.999085967605186 -0.0366024230330559 56390.7673346845 76089.5051741617 -447.440566610154 -11.7806851236848
523080 56150.2653763867 18852.0105735082 35580.7643358473 1942.96374409029 0.997065216105156 -0.0365091625177196 55333.3207448197 76797.1067241073 -490.694904494498 -11.7223913475647
523120 56222.1342726883 18957.2380819688 35511.7947352265 1961.39555162999 1.00263060065947 -0.0372398013289218 57664.3217662909 76501.8365082182 -483.283143159339 -11.9285814215125
523160 56115.241819483 18852.0375064962 35512.4982299918 1978.54253871708 0.997066640565714 -0.0382143789362832 58641.6575946152 77999.9108527161 -213.440818010001 -12.1395375701721
523200 56060.0056879374 18852.9041460387 35480.1714435692 1968.55113361539 0.997112476320965 -0.037663904946291 57490.4136445294 77633.9974789411 -126.888643978816 -12.0457446239052
523240 56164.3753662636 18942.7608456993 35523.8853605701 1963.15076698121 1.00186491316669 -0.0379565593700847 57596.0071127155 77578.6405233226 537.589107763396 -12.0814430807397
523280 56224.5055167236 18841.5282150003 35617.675918095 2012.76910519609 0.99651081396273 -0.0379698649061 58579.2191243654 76779.1438878951 478.636848808738 -12.1342442634438
523320 56048.5509599019 18751.667431046 35523.244751746 1973.97885403706 0.991758161102524 -0.0366395717864362 57166.1938115593 75531.2988810131 -616.513621023011 -11.7684573116463
523360 56279.291045204 18879.5753270957 35622.3451886905 1987.63361162733 0.998523090154474 -0.0372630612601108 57236.5073049208 76785.3831588671 -235.893227884934 -11.9236563008845
523400 55981.1012479795 18713.1415385281 35511.4842236186 1978.3510748942 0.989720562661804 -0.0379484625697065 59171.4185665014 77040.4139835398 -472.133792936852 -12.0233307545123
523440 56237.3653733787 18911.4497465801 35565.6253000247 1977.20186160044 1.00020889840434 -0.0372730301010344 57839.8925145998 75788.2598472595 275.216012169469 -11.9779347466157
523480 56194.3929844983 18926.8789395042 35474.1319993534 2014.36823042354 1.00102493399467 -0.0370257337610806 58648.438521268 74797.2828422856 -335.655095416991 -11.9095314213242
523520 56201.4917489318 18783.8180718912 35582.0520867284 2037.09350584067 0.993458578441952 -0.0384291779712024 58945.1470864621 77484.5221354837 575.621392113035 -12.1999652690176
523560 56224.8636187403 18972.8610633399 35449.5387201878 2010.09430679125 1.0034568855396 -0.0367743079831477 57319.2467641124 75921.3268984868 -917.385534376917 -11.8108784850887
523600 56194.5632488015 18916.4189109018 35465.9002192014 2009.28938331996 1.00047171286007 -0.0371548603228045 57802.7274325444 76616.3679205269 -962.407493009973 -11.9408202276157
523640 56063.1541252856 18856.7908777571 35439.2919725828 1988.63604066977 0.997318041928184 -0.038028925382835 58328.0724518267 78050.3141266542 -547.918758612229 -12.1049465453305
523680 56232.0820352168 18992.1492673752 35449.9196869786 2008.49752867837 1.00447702062014 -0.0371929988279318 57989.5545182309 76114.2065842345 -610.290897424708 -11.9091759305388
523720 56311.4982102538 18975.6325126429 35508.1572217403 2031.86531836629 1.00360346490244 -0.0369078179640705 57393.4114547596 75355.8578228899 -49.2198987997885 -11.8581834565362
523760 56152.7113058796 18876.4652646161 35503.6052785685 1997.36410490466 0.998358601857256 -0.0363541737151853 56595.2819415067 75077.8323907047 -566.549701034661 -11.7043021970361
523800 56110.3802151929 18858.9497484892 35481.104255626 1994.55123028127 0.997432222583058 -0.0379804607116516 59100.5912734729 75806.8368697 890.343770888172 -12.1270962305647
523840 56177.0295056945 18858.3367338855 35638.1110347388 1946.20574555337 0.997399800813723 -0.0382868517224462 58449.9309169981 78907.8523075591 -766.388467954733 -12.1762258142485
523880 56192.276557816 18844.5436816041 35617.1121009128 1967.06076559521 0.996670299172503 -0.0370292678333899 57025.3778077044 76001.8511882208 187.368280707816 -11.8953569663463
523920 56193.1311290769 18912.5054517697 35521.0837063348 1995.32295692248 1.00026473366493 -0.0378502634650302 58842.8400753496 76695.2795673943 -144.774824718496 -12.0878323493435
523960 56201.0765104033 18939.9191122297 35571.4220774134 1941.35006458287 1.00171461653998 -0.036955160713513 57497.4224547411 76022.7604843061 -579.750808997132 -11.9076764872921
524000 56251.8593970215 18936.1218490725 35548.4913936732 2016.912635398 1.00151378284133 -0.0371150106388248 58028.3321272543 75962.2400485574 -671.004229152356 -11.8957006157654
524040 56401.5582901915 19046.7806239428 35576.4839081578 2008.00208981537 1.00736642199883 -0.0369258283509362 58742.2418573668 75485.9382262908 -1413.61697585753 -11.8658320062223
524080 56129.1006594907 18924.1168468672 35498.2833554128 1971.27423264544 1.00087884949714 -0.038297495372409 59465.206831377 77751.8905478984 -510.811621862189 -12.1796270162179
524120 56117.9336178913 18875.912342756 35512.8997071198 1975.26048797279 0.998329358336957 -0.0387048273755895 60160.9421019649 77733.6451503104 -43.8398750356694 -12.2636514210001
524160 56108.5408528038 18906.9650361835 35506.0804460557 1958.87363729416 0.999971706263835 -0.037621912830735 57727.1648800363 77348.8240663598 -291.327187549903 -11.9706161827595
524200 56208.1917046764 18858.0213395598 35619.5363370649 1953.59291785233 0.997383119902675 -0.0367192263243692 57991.7569576876 75077.5425184688 -854.648855004345 -11.7777316617025
524240 56135.790081773 18843.387462854 35562.8052363544 1970.79052872419 0.99660914784366 -0.0374813234383894 58886.4482044565 76407.2123731846 -930.761863802725 -11.9421916200937
524280 56200.0277941634 18871.8544405442 35552.0292911163 1985.53772173244 0.998114739682357 -0.038279752956671 59237.5743691418 77097.4422890269 158.31496428601 -12.1563405565497
524320 56134.566290749 18829.2399976132 35559.919441901 1991.83324031802 0.995860901632326 -0.0387090606829971 59998.0156389288 77522.2341148214 275.400522810069 -12.2835546992025
524360 56120.3297317398 18903.9485941992 35475.4057558389 1975.40282714196 0.999812169467102 -0.0377055809437279 57644.4417131508 77901.1672174153 -454.008468400726 -12.0846817076211
524400 56205.9068866568 18877.8874001283 35569.3821363906 1976.66249859181 0.998433817275064 -0.0368265065263606 57569.4088715107 74719.8612827351 210.400591792708 -11.8299088757794
524440 56018.9462056108 18766.6557980395 35501.0556010594 1982.72600394911 0.992550881821475 -0.0377916996359351 59266.1126397815 75944.7032002928 48.7523816567532 -12.0706499319087
524480 56094.9615368958 18813.5292341045 35483.0136557993 2011.21044309162 0.995029974036996 -0.0378175759731424 58118.0400563949 76843.2578916643 385.220778086097 -12.0790846693869
524520 56099.5655509292 18838.1303610482 35470.6341620193 1998.48573327551 0.996331104643567 -0.0372486382145796 57924.8408419995 76126.8210952488 -342.867169184895 -11.9441831209864
524560 56081.2558032496 18858.0917334723 35438.1267314228 1997.3269873219 0.997386842970899 -0.0371358358476168 58066.6228181536 76396.7769450457 -1071.64798808822 -11.8785313120091
524600 56259.0453894543 18898.9654440002 35585.7208929982 1998.66481258044 0.999548615311398 -0.0384156497087148 59551.401786497 77321.4372201421 195.874745168761 -12.2532494954886
524640 56181.4843183828 18920.1213042849 35526.5865533591 1996.78489012261 1.00066752898505 -0.0368935353368936 57308.0243687346 76020.8374420187 -605.345499709824 -11.8590057826918
524680 56099.8093609572 18873.9148394938 35490.059119228 1986.21191040567 0.998223712256711 -0.0369364835316925 57373.5804146248 76248.1893826785 -748.298216546384 -11.8704593046649
524720 56170.6660467222 18926.7562030604 35456.8647780779 2006.13939807811 1.00101844257889 -0.0373037917070407 58299.0182222834 76152.4774723643 -531.772387350696 -11.9366497316393
524760 56179.2985632881 18912.4848201982 35464.2348150747 2008.48085753452 1.0002636424804 -0.0374618929542532 58625.3453124319 75683.6001513337 40.243301621244 -11.9998624229952
524800 56157.6896082641 18914.4225000347 35458.6393460394 2008.90299769269 1.00036612455558 -0.0375248069775572 57924.5452721098 76714.3963755291 16.1017795931688 -12.0556297825557
524840 56217.0831226533 18954.2178666122 35488.8029771368 2027.88592250115 1.00247086429259 -0.0373540908618074 56419.5691044338 77646.1666624765 5.36685158312596 -11.9818095811914
524880 56218.002479614 18941.3969052466 35527.7242589176 2003.49098928501 1.00179277563118 -0.0370341508036792 57411.6943776614 76286.9316254513 -555.544459388111 -11.890106640073
524920 56182.8194070353 18840.7240556783 35576.8109365231 2004.29810350751 0.996468282727926 -0.0380447490024847 58234.8729324689 77916.0883063147 -318.02705186592 -12.0857237513227
524960 56176.0610545607 18895.8475356228 35492.1357511702 2006.73070316348 0.999383712051977 -0.0369022005621926 56671.6076305618 76535.6523598313 -475.974530036305 -11.8221439717751
525000 56205.6082963312 18936.5481288746 35521.8264231147 1998.89065274514 1.00153632838158 -0.0383720161993189 58794.0549087521 78016.2564318473 19.2094488328883 -12.1958861671422
525040 56117.3583657822 18853.2964301451 35467.1564997525 2016.64349888497 0.997133223860645 -0.0379316578906352 58141.4104451168 77531.3494295029 -141.035807467882 -12.0451545810809
525080 56186.7315834662 18830.6419775287 35581.822849997 2002.35599189848 0.995935051039468 -0.0374078726084944 58231.247051335 76186.1418790887 -255.473333841405 -11.9449250332155
525120 56240.552351308 18985.7273396016 35455.4053992793 2011.91964168837 1.0041373708635 -0.036622393296085 57857.0414598027 74665.5597957939 -584.243826958472 -11.7875765431978
525160 56212.6917973481 18939.5613129634 35428.6231855792 2052.60061730355 1.00169569287126 -0.0377515964575141 57797.7036775925 77410.8508893598 -107.865645832764 -12.0613621367804
525200 56063.3787313559 18826.1759699498 35463.8712449075 1995.17307949652 0.995698848073504 -0.0372650602381711 57640.8798560631 76164.8138940714 18.1297530924533 -11.9201801986771
525240 56215.8986819725 18975.4847721705 35427.1327080873 2050.79785046203 1.00359565104696 -0.0372240187516573 57487.8640515077 76304.3995321364 -197.673724373573 -11.9261497973991
525280 56099.6669168256 18810.916621728 35469.8536179586 2054.68516920012 0.994891795410708 -0.0372331924447962 58281.7799937002 75577.7580753185 -238.906289987595 -11.9229510668976
525320 56364.6355479733 18967.6420786108 35586.6569721767 2016.66772725401 1.00318085831605 -0.0377970575156611 57322.7392267899 77546.3513038257 385.961325762248 -12.0941647737608
525360 56104.5684649198 18812.9781678078 35495.3133041461 2028.23203853916 0.995000828655707 -0.0378848148874952 58584.6289595728 77256.6309882001 -222.814801604222 -12.1041864769933
525400 56103.3364872975 18811.8820793658 35454.977407381 2030.72331497363 0.994942857562649 -0.0382025814054322 58919.7745792753 76942.0936091531 435.510839600264 -12.1436643755793
525440 56216.7667256259 18803.1394762328 35586.0421813831 2021.26748364429 0.994480469455656 -0.037117653920445 58085.1116610674 75916.9756014298 -646.13779135994 -11.8728959151245
525480 56277.8697281684 18933.8969910586 35519.9591125183 1999.03607405067 1.00139611218081 -0.0369816228312979 57455.880334441 75680.0638682401 -207.001634451996 -11.8636347340907
525520 56267.0399437785 18929.6787912943 35541.5351129772 1976.37359637878 1.0011730155385 -0.0365271457971343 56591.5825521303 76063.0495286424 -917.783363093141 -11.7346995726534
525560 56141.3048029208 18831.5511617059 35497.537051558 2003.0181196556 0.995983136940679 -0.0379214178041865 58510.6387853093 77352.3735468411 -314.638264457317 -12.0783720254986
525600 56292.5685438975 18883.0722559971 35595.151076272 2004.65880619241 0.998708039455091 -0.0370954534062162 57108.4373722431 76336.0971548008 -245.428338478416 -11.9343282936092
525640 56416.1144225787 18948.6514921687 35601.0315641597 2049.76045627646 1.0021764639518 -0.0382928577843201 58698.5680999193 77568.1770411543 364.214939251384 -12.2128262996398
525680 56437.4822805396 18920.5411649564 35634.4450181234 2058.76864776391 1.00068973502348 -0.0376703648120059 58526.4206889519 76799.4649575036 -460.257569569683 -12.0736957197758
525720 56184.6007574694 18904.5920587735 35445.7182033703 2018.22342970063 0.999846201706915 -0.037983049057174 57762.0239561469 77737.2559144233 273.727351387704 -12.1136947247696
525760 56170.0543303763 18833.9440789671 35530.6627673604 2014.38344147072 0.99610969609769 -0.0368524211715361 57493.0558003983 75495.2605365399 -434.73468796618 -11.8255962966895
525800 56169.3124427374 18768.9021796174 35598.1285235757 1999.61888583464 0.992669690843177 -0.0378720012642978 57857.8741310968 77697.4852096585 -86.4864732795933 -12.0301824880128
525840 56116.2571874313 18804.6353873275 35444.4808279087 2045.14266927787 0.994559586795053 -0.0363176749796224 56716.3038296061 75034.9341104564 -473.150427631123 -11.6888690318139
525880 56193.9184953098 18778.8866349764 35573.2738203053 2025.69621057932 0.993197759353505 -0.0376782616931851 57966.2515061748 76571.2247044501 419.319356952322 -11.9702747707601
525920 56268.7894366048 18964.6365096533 35442.824317303 2053.84115239861 1.00302189658354 -0.0377616447969924 59213.3961472758 76194.5795090144 -253.591467185099 -12.0556475423445
525960 56250.1486653546 18845.3083435538 35552.0945313867 2026.84566483027 0.996710741428208 -0.0373228566282649 58223.6854706896 76070.2426049492 -360.372083737922 -11.9631522307217
526000 56357.865672817 19057.242589198 35493.369719839 1965.14328827987 1.00791974556118 -0.0375003254641548 57801.3969529373 76412.970632311 207.383155266012 -12.0209730754327
526040 56223.2138649956 18821.8630372119 35659.126995143 1940.30813372758 0.99547074109279 -0.0388910810346743 59428.4711047984 78394.5743121508 366.480061469139 -12.2761706512939
526080 56273.3608695781 18937.7501093785 35563.1313658863 1962.48572980093 1.0015999000068 -0.036794579726291 57784.4959906352 75258.3547450937 -604.025091712745 -11.816506023416
526120 56199.8026923669 18786.9244785148 35570.4432709617 1998.13306012181 0.993622873384362 -0.0374902274367726 57488.0556954406 77849.7155596717 -949.383662191338 -11.9585762597766
526160 56394.7497062011 18993.3215097379 35584.9203732265 1991.69199836056 1.00453901942287 -0.0379398806885424 58969.763600125 76085.6791760333 633.070975672143 -12.1195393469378
526200 56346.8779437737 18827.7488753481 35694.7194642365 2023.86806515196 0.995782037569648 -0.0371846597210801 57482.3052330972 75976.8890918376 51.8967577126359 -11.8901374058228
526240 56301.5171581222 18965.5156870348 35505.469836071 2030.0787950923 1.00306839545338 -0.0366626654559005 56782.4496480941 75631.5258936706 -438.605581250889 -11.7895958944037
526280 56287.5668295019 18950.7121208406 35553.804144694 2003.5193536787 1.00228544867595 -0.0378676710219231 58112.7004600001 77347.6187739852 -62.7980345623325 -12.0562448455566
526320 56346.5827275003 19000.9669464633 35646.0194175952 1946.12172785794 1.00494337942421 -0.0369866499386197 57095.9681041589 76605.4449535753 -814.068567264598 -11.8553805394537
526360 56226.3279285897 18811.6302909027 35613.2835333925 1995.82788478119 0.994929540706211 -0.0374235052613296 57355.2938534046 76431.2041832271 346.180335327468 -11.9073605832523
526400 56240.8543827267 18920.5542911016 35497.0839084424 2001.44527800482 1.00069042925303 -0.0371274456129365 57677.5297213144 76045.8182790563 -313.8959704933 -11.9120092596934
526440 56351.5340819659 18994.6197963669 35553.6996238182 2000.53681503648 1.00460768458902 -0.0375827458111403 58154.5458962956 76953.957875234 -478.272124165946 -12.0678308706397
526480 56303.3761809507 18924.1127464276 35484.0211746918 2055.43864833008 1.00087863262872 -0.0374023664535922 57775.7420337053 76338.6083586528 -131.709891892636 -11.8973800211625
526520 56261.2322547459 18906.5301718232 35527.8979217738 2033.88240737228 0.999948706694341 -0.0376699556667087 58230.3757778792 76364.7914202257 299.058261332169 -12.0414700313909
526560 56266.7910187573 18906.6334149142 35528.5989785273 2018.4659746915 0.999954167124908 -0.0382374321017109 58421.5829366665 77976.0729855742 49.9266379394035 -12.1529056113527
526600 56350.8013103804 18919.1786262868 35591.114517689 2010.07745222804 1.00061767162696 -0.0381225404354746 58899.6223459006 76916.3985430106 360.812900812311 -12.15773318943
526640 56263.8552785445 18809.6400745288 35635.0541847601 2000.12123802187 0.99482428002268 -0.0376575569475488 57706.2874430575 77218.2001972233 -61.8008452493736 -12.0533275293916
526680 56375.9408752234 18861.1623633957 35700.0089015595 2008.81438430466 0.997549245717078 -0.0379135576562499 58937.9904533653 77167.3588808582 -545.932603242619 -12.0700413462814
526720 56175.7000260157 18850.7780730339 35537.5390496388 1985.877297977 0.997000030307227 -0.0376667172227072 57754.4303821578 76625.5143198965 349.243796250933 -12.0115351053422
526760 56173.6213153347 18906.49242772 35495.6052702951 1981.33693952025 0.999946710444003 -0.0376138462486265 58469.8716302298 76489.5176010904 -357.444711915853 -11.9931875150917
526800 56218.463326269 18863.4298639787 35552.2344339301 2010.17901973573 0.997669171703226 -0.0363287706409632 56582.2238552138 75723.9766769727 -1148.81646308595 -11.6891662024553
526840 56305.9386756797 18916.8792052783 35550.6524185185 2023.35578363609 1.00049605739936 -0.0373218274894608 58659.2775969344 75926.0321482255 -765.576670472236 -11.9496855203623
526880 56257.557093194 18856.4552505727 35568.3442516599 2036.64618671243 0.997300290920149 -0.0374760056587116 59149.0529189508 75710.4910943989 -519.391318803516 -11.9974950104107
526920 56332.5622609877 18941.0189237716 35599.2047818666 2008.96421424391 1.00177278454431 -0.0379795672410748 58681.9657467091 78003.7736709704 -981.926141584187 -12.100368835289
526960 56176.3288423222 18876.322377601 35497.724877571 2004.67474134777 0.998351044696604 -0.0374689570763489 57773.8158806989 77641.1623000544 -1128.25030443646 -11.9936390859073
527000 56196.6732891892 18894.0262643161 35534.2732537414 1985.54882383381 0.999287386715121 -0.0370630668243664 57537.9461620876 76043.5181360608 -408.324002837939 -11.8605451368258
527040 56167.9631549607 18880.9578780246 35522.3320754793 2002.77256916228 0.998596211980672 -0.0373636461568359 57337.4335688471 76733.3895575125 -77.0416651448508 -11.9328898758667
527080 56149.5281227354 18811.4466673221 35590.4259426121 1980.18579462278 0.99491982902669 -0.0375168887804665 58405.6279985064 76086.4234117218 -131.150959211643 -11.9583665670912
527120 56239.0792169599 18965.4598274996 35464.1562852403 2020.4390539814 1.00306544109478 -0.0378728162324625 58536.7815412026 77267.3702390813 -461.862955206478 -12.0632909092561
527160 56376.3237369918 18942.4102457979 35582.277994388 2045.63577380682 1.00184637026566 -0.0367550053360149 57759.2865930607 75598.2056645157 -1043.21797853452 -11.817174512606
527200 56230.2837157467 18893.1406258297 35539.2995806671 2010.66274945944 0.999240546123482 -0.038067499972886 58486.4925919957 77406.1747095298 156.181302643998 -12.1283478479327
527240 56426.7770214079 19039.6884825003 35579.328004691 2010.89505333537 1.00699132526777 -0.0376271021227605 57159.6354297022 76754.7478874582 769.809287825577 -12.0351996573875
527280 56362.6646557955 18910.5714182616 35571.5081994713 2052.43265786412 1.00016244444065 -0.03750506527149 58142.8137972398 76529.8446129995 -310.610129320431 -11.9935924748658
527320 56388.6314782672 18870.1546127477 35627.9933040831 2058.21884577153 0.998024837379225 -0.0379987760481683 58057.8182792826 78229.1023503618 -431.027837888708 -12.1044849773981
527360 56357.4962414657 18910.5795709679 35573.015793243 2056.99103755568 1.00016287562967 -0.0372294959310026 57021.4895484593 76824.3039196942 -233.713144160457 -11.9325056867088
527400 56218.2259112033 18873.408768401 35514.9510724483 2037.54673440713 0.998196946629698 -0.0375419791875324 58252.4582056471 76248.5708654381 16.6261540510635 -11.983110677685
527440 56240.3994528453 18936.818008502 35501.9150342322 2003.03505831093 1.00155060206278 -0.0370241871036213 56492.1822337479 77005.3218804203 -453.980107291043 -11.8473603643669
527480 56268.0549526585 18927.3080476589 35537.7027048277 1978.09390654427 1.00104762912384 -0.0376714599249361 57549.5156066108 77217.6515535481 116.84112947025 -12.0334879067662
527520 56186.476709942 18822.2435618634 35520.1888977845 2048.33689883015 0.995490866685886 -0.0376390771732339 58074.1823367931 77005.6842269949 -362.726450936319 -11.9641977932151
527560 56152.2792744643 18806.7479732463 35530.6286935959 2010.57015525431 0.994671319489425 -0.0371709474626031 57221.0701162422 76589.9821875247 -249.79562078696 -11.9062303933393
527600 56214.9062086614 18949.4664137816 35453.6010666291 2030.73107198159 1.00221956439411 -0.0382645396831379 58513.0337908828 77206.0194704788 836.079771505139 -12.1970755703673
527640 56376.8890788137 18994.617911005 35637.7839418472 1974.79132012305 1.00460758487399 -0.038038567065053 59097.567538438 76814.7115705015 56.0272293927386 -12.134519439235
527680 56258.5002458064 18876.6003864475 35582.2676987658 2014.72190929746 0.998365748324606 -0.0370693312474137 57679.6248521379 76390.2076476921 -800.535135966456 -11.8427208022659
527720 56380.9083923345 19055.2538506569 35512.4811382052 2001.55727604134 1.00781456303884 -0.037835966674492 58868.3803008702 76187.1694117634 349.630560394576 -12.0796816630644
527760 56374.7745503284 18972.0891949305 35626.333039364 1989.37740829627 1.00341606214097 -0.037585814968735 58421.6108587222 76301.2424476702 -12.8378844440606 -12.0169412676873
527800 56284.1632740358 18921.7581728057 35575.1158505334 1981.44766427504 1.00075410143095 -0.0382842831160457 58565.7557600107 78389.9798283455 -344.886004642685 -12.1436848700848
527840 56187.3790923129 18874.7377966441 35554.140117135 1974.44930519342 0.998267237691083 -0.0368636879755482 56884.3734607112 76275.5258327701 -619.972873334834 -11.7990050193784
527880 56227.8526440822 18929.2521859122 35532.8668669762 1992.22951298512 1.00115045277865 -0.0366848910677184 57147.9213056504 75829.7230956197 -921.395534294886 -11.8058010119655
527920 56202.961106702 18919.6650691118 35460.7029224932 2030.51356295126 1.00064339913324 -0.0378323933853938 58229.8815141432 76795.1238952605 406.899728996519 -12.1134329352861
527960 56226.8231041114 18845.4621266757 35597.9124191271 2012.72419134924 0.996718874873766 -0.0375319507600194 57694.2112584499 76432.8697433181 385.680465882042 -12.0267368441724
528000 56284.0191349306 18939.1892394393 35582.7314364502 1969.3282864335 1.0016760142504 -0.0369618766896989 57015.0666753077 76070.7428647891 -190.328649340835 -11.8625852148243
528040 56283.1203442263 18866.6990791324 35681.9566760254 1963.54167918536 0.997842077436596 -0.0377928449219943 58890.32118096 76419.2896927364 10.9516488757639 -12.0924544998055
528080 56303.4461705183 18962.6693128506 35562.9693270117 2005.34580235559 1.00291785338361 -0.0376333112658974 57354.1573315653 77707.7124302495 -317.830685411655 -12.0732673026908
528120 56167.7211608344 18815.5106089449 35554.1676682714 2017.99496111156 0.995134767100085 -0.0365915297578382 57368.6689811533 76017.6811825523 -1425.74687838291 -11.7871690707605
528160 56187.8529470211 18795.2600141931 35627.8788086164 1992.30639898014 0.994063732074209 -0.0374691016934849 57372.3303142853 77271.8256828863 -465.478012737595 -11.9750057237279
528200 56116.3188288214 18893.5073596072 35430.3705239892 2002.02581737984 0.999259942330144 -0.0368937988686373 56947.2394431745 75839.3343007254 -82.3099473048311 -11.8497912308895
528240 56124.711642923 18831.1697204714 35537.9266403726 1974.71545906483 0.995962962870363 -0.0383228713834484 59101.6780069845 77490.9255561296 131.335435729546 -12.195934577426
528280 56200.3580932063 18918.6974156078 35548.2053814972 1972.5763647307 1.00059222084399 -0.0378823930370245 58540.0121308806 76173.1708959109 694.814339786784 -12.0719703105172
528320 56315.6585349353 18978.3547406399 35557.9655676944 1999.34913563064 1.00374744099643 -0.0375850382020169 57142.7137589387 77595.4943511054 -97.5379736909641 -12.0557188112937
528360 56198.6392322289 18827.8911253552 35577.0187429682 2011.566657241 0.995789561039544 -0.0379726087232018 58434.7163995541 77070.7116627089 236.969843673023 -12.1264132520029
528400 56292.9752728441 18964.1867019559 35508.1910580718 2027.42844021541 1.00299810667491 -0.0378186167913626 58268.912734925 77223.7441188598 -283.689922832139 -12.0765328495602
528440 56223.5841974769 18959.7102893359 35493.1624143694 1995.88771901829 1.00276135339605 -0.0376459263460653 57468.2996106445 77649.7501166548 -245.692067878317 -12.0468747146178
528480 56209.161765944 18858.0491666715 35547.6440848481 2023.72201890182 0.997384591652596 -0.0383257284248283 58609.7938037682 78365.5280478493 -236.197718217292 -12.1826270917517
528520 56199.8100614293 18847.8597428093 35538.7313649436 2016.0334681627 0.996845682549744 -0.0377755132853503 57746.2446418943 76806.2820744111 642.084177296271 -12.0574015062264
528560 56200.1710337684 18830.5900569544 35538.6807129788 2040.01584015487 0.995932305008825 -0.0373276796308715 57259.8156918344 76390.6009385738 262.909696619476 -11.9390647107687
528600 56282.2857849624 18987.3115066157 35470.5016641654 2013.36448725743 1.00422115597597 -0.0373746557016957 57447.3825623266 76327.8445312279 290.205710855472 -11.9648976911505
528640 56172.0571595589 18820.8503284431 35521.3856457789 2032.73817575082 0.995417179872699 -0.0381132163220883 58585.5598829826 76663.5800107321 895.55589898226 -12.167768391281
528680 56101.1780465203 18869.687394099 35432.6152984784 2016.94419869361 0.998000126621658 -0.0379626267108714 57973.5044898709 76876.7224243513 801.443702815619 -12.1053169951387
528720 56234.3857318952 18876.6589128921 35564.2981738754 2019.48482513836 0.998368843733549 -0.0367171056882105 57200.8389444113 75182.5321012353 -159.883325573058 -11.8267249813419
528760 56203.6775645706 18821.5016609842 35546.4605072337 2027.16026619376 0.995451628241925 -0.037522035533902 58626.9279148003 75839.9464936843 20.6970574774422 -11.9806802720105
528800 56296.6957665224 18934.3568932629 35491.1959331799 2060.3811968452 1.00142043597847 -0.0376475796903027 58644.3169463656 76324.5359914744 -281.187507451271 -12.0108896426144
528840 56174.4751548876 18886.1712983112 35493.7519309936 1998.9641802488 0.998871944906052 -0.0379193340422033 57694.262681994 77396.559706632 411.3955082958 -12.077131047571
528880 56231.9162939141 18940.251689425 35517.3338172528 1992.60369232575 1.00173220623694 -0.0384007490015036 58601.8152763453 77585.5314955243 742.818139884657 -12.2007497983117
528920 56155.5073195913 18869.5804238733 35478.2179515473 2028.73961514595 0.99799446906642 -0.0373264083917871 58480.0425386861 75948.1043018487 -514.401772037067 -11.9310105642298
528960 56196.6640688675 18890.866338863 35561.364183011 1956.79943027742 0.999120261211846 -0.0372638042427579 57815.2627045105 76329.327275124 -323.455192602256 -11.9624124347523
529000 56200.7434965953 18887.0950790985 35566.458241801 1971.77503565967 0.998920802808328 -0.0373646566048067 57543.322475241 76622.7443782538 -68.4654565072182 -11.9718677547668
529040 56257.0596678407 18971.2909070976 35448.327143286 2039.04504586525 1.00337384144374 -0.0371327858820657 57395.1271875317 76155.1062867741 -102.24266531092 -11.9474659778329
529080 56253.4542118627 18883.1121060045 35545.2362476706 2058.32491849525 0.99871014708473 -0.0373437673661977 56904.4938718387 76960.7436885231 195.704559452668 -11.985902016846
529120 56146.6783560231 18843.2476474358 35521.5591978514 1997.33994588671 0.996601753136894 -0.03744981945226 58301.3194603538 76293.0309010495 -363.556180140287 -11.9341358846124
529160 56265.5610875821 18996.6672038871 35460.2404269317 2021.28372246657 1.00471597005882 -0.0385011092094059 58652.0758683589 77538.0844992525 1009.87097233831 -12.2428390015458
529200 56221.5863806446 18956.4911281752 35444.5011870414 2047.68051160415 1.00259109497158 -0.0363841632197079 56349.7305337515 75636.1599432751 -725.034297068922 -11.7464404196619
529240 56038.3687878284 18776.7199632864 35473.385542367 2001.84621424695 0.993083166113259 -0.037436210266871 57848.7361766846 76791.7861424434 -325.269814738911 -11.9879669631566
529280 56258.5999649765 18968.3878513008 35500.1173170752 1995.30178696505 1.00322030153647 -0.0367673115375474 57322.0296628587 75222.3496262848 -219.23427171312 -11.8127076614326
529320 56296.4218285109 19045.0181075186 35538.1974781308 1949.34064748327 1.00727320415277 -0.0364221873817377 57462.6439139438 74872.2418611306 -916.575680652219 -11.7466804825174
529360 56180.3979361086 18991.3999827879 35472.6044525687 1970.3681477521 1.00443739165876 -0.0378176240022451 58157.9824368058 77141.1732903179 -130.160865398083 -12.0979678202648
529400 56101.1244127079 18803.2675423354 35565.3516511084 1965.95177238647 0.994487242752102 -0.0374992046469051 56776.6553904359 77442.49955012 115.163980437864 -11.9419089808194
529440 56103.0798558679 18908.624254942 35477.1406035377 1962.63076089799 1.00005946079291 -0.0373521973000878 58412.2620231119 76214.0204113799 -667.656528593794 -11.9725927236214
529480 56267.5793110038 18975.288882042 35506.6513329174 1992.39432271462 1.00358529060119 -0.0366664449244261 56388.1191520122 75746.5597075463 -100.20794663802 -11.8448537853265
529520 56162.4576413644 18816.0362831922 35596.4539043096 1978.01685715345 0.995162569519621 -0.0371334367748224 58809.9774800993 75380.4169683753 -830.049482838847 -11.8681533642074
529560 56418.9249831395 19021.9311023446 35627.3504283997 2007.21159126627 1.00605215403119 -0.0369916149559877 57090.7433790519 75862.2725616146 105.729880015467 -11.9012904034486
529600 56213.0249434482 18901.2925819793 35569.2884466366 1979.07223192708 0.999671695463666 -0.0382460668895268 58745.5991073703 77612.9323682739 117.743822932732 -12.1733924012076
529640 56136.5088351271 18906.0118540726 35475.5531497891 1978.22597181519 0.999921293353041 -0.0366636526855578 56418.4892433238 76227.5475083846 -537.722610512016 -11.7949386282274
529680 56185.1737164618 18912.4613816526 35517.3965772498 1993.17827673004 1.00026240283763 -0.0369622675162982 57636.9254421011 75978.7060454613 -752.765992567035 -11.8336116406215
529720 56313.8381241531 18969.9732565348 35528.0699021405 2042.78921378086 1.00330415213724 -0.0368186046484081 56663.8798340545 75671.4490369472 122.231184988162 -11.8653575300522
529760 56062.5488529242 18837.4160078295 35449.0934925001 2011.79561655762 0.996293323169615 -0.0374527910324095 57908.3569403523 77401.3201915708 -1085.90664395845 -11.9397775653093
529800 56215.3750225028 18824.1113768188 35574.2955901532 2011.0564933794 0.995589653672819 -0.037135997471677 57992.6185461343 76238.7077429703 -897.309001083447 -11.8703083297233
529840 56218.1156353795 18943.31411668 35501.8624954718 1982.39128789535 1.00189417515166 -0.0377729019502804 58337.2441719729 77390.5557347005 -518.693830962188 -12.0240169589077
529880 56299.6582416971 18921.0550552041 35606.4877008409 1984.7708029 1.00071691419829 -0.0378709458112886 57698.8316468856 78231.1748237208 -433.156824970175 -12.0438578728248
529920 56236.3308586495 18831.5043594541 35622.1419911471 2004.18187758214 0.995980661613335 -0.0385381333700579 59488.5134082399 77576.5228089232 207.578476092585 -12.1960408888057
529960 56137.2324626458 18873.1992338457 35514.6034118365 1977.61451250757 0.998185864542944 -0.0374867215784204 58800.2147926708 75566.2209837007 -53.2088416847907 -11.9408578877437
530000 56178.9706360614 18915.9594934579 35487.0561953044 1991.27924576739 1.00044741470094 -0.036136853918696 56195.2304769922 74497.6507465509 -127.161301932154 -11.6381629543588
530040 56155.9209971005 18871.8640070987 35498.594447144 2019.51660345609 0.998115245648486 -0.0370257694681533 57393.5140504308 75956.814835367 -234.927211468912 -11.8320808629301
530080 56238.2182640756 18900.5503288095 35529.8055111314 2025.71339068603 0.999632438387385 -0.0377691711796424 59520.1300572503 76272.2601349088 -610.056114380758 -12.0080936975566
530120 56317.7692173747 18827.2221923661 35654.0644742915 2034.25789451349 0.995754181799078 -0.0378170349272782 57627.9152210759 77565.0432852906 105.671969617543 -12.0057962842407
530160 56323.6211821161 18876.3004236753 35612.1018243572 2016.70281721021 0.998349883573994 -0.0372478418499775 57385.482818808 75835.7911604702 519.483098725733 -11.9239896418532
530200 56214.4905040644 18847.4246445942 35546.1675388547 2010.25961495723 0.996822670611884 -0.0368291731227064 57761.0760810056 75210.0374504098 -531.201511831956 -11.8072200514737
530240 56173.2219745489 18934.5202601495 35445.4683333172 1996.38813377062 1.00142907630038 -0.0374306421770381 58821.2023298485 75983.4646284577 -631.646736040904 -12.0005540187588
530280 56366.4267354872 18998.7918626745 35579.6772109137 2003.92629311597 1.00482834127592 -0.0371311503889158 56337.8575284134 77504.4413235215 -411.575754246943 -11.9107843167446
530320 56321.7137429082 18935.3352962917 35604.765812741 2003.33988080586 1.00147218280004 -0.0375918944337902 57216.5393235799 77886.312415672 -487.572637514474 -11.9598061507324
530360 56210.4162526379 18930.2878075809 35467.8836942642 2011.00860058939 1.00120522584059 -0.037514691690168 57384.0749773795 77161.1803855844 -171.919826409599 -11.9667237834327
530400 56230.1074537683 18885.2048857494 35501.5093186926 2019.92917521241 0.998820832249075 -0.03722710059224 57430.1001069582 76585.3477809942 -301.996604570242 -11.9433597389831
530440 56297.0114813627 18898.8591775231 35583.3147486295 1999.87143512662 0.999542994976759 -0.0388888133734206 59153.6709923194 78584.6703567619 512.664512422381 -12.3177485579631
530480 56208.1116077763 18902.0559408372 35498.9839706851 2019.75209754798 0.999712068800063 -0.0375818858469995 58772.0974214014 76454.32310606 -510.689242214635 -12.049149001557
530520 56147.2584699545 18822.6685947487 35537.6886957027 1994.5617303526 0.995513346277864 -0.0373534569753484 58290.5959107661 75760.7622101982 -90.0381799791822 -11.9237577995773
530560 56267.526655735 18925.1579368471 35606.8695790178 1971.01112594387 1.00093391177295 -0.037502322397183 58300.4266968177 76166.5087517492 -76.6212667204418 -12.0091037683447
530600 56234.3684134565 18883.789188509 35558.0606501533 2031.62909987359 0.998745957345445 -0.0386306115191944 59179.7443369482 78639.317618384 -188.465809962539 -12.2713919893056
530640 56200.5669437297 18881.6000182044 35519.7926864477 2022.53758484978 0.998630174174505 -0.0373809493225159 58311.3136627409 76162.4218924084 -360.328717769182 -11.9838216582814
530680 56255.7398720335 18904.1684779257 35530.8189566884 2027.52974689269 0.999823798911845 -0.0375466444675343 58710.4288126575 76040.3571791812 -304.494742169033 -11.9647739270804
530720 56302.157153199 18899.5213165971 35553.4916493239 2030.07730076724 0.999578014893407 -0.0380264827199306 58803.6814736846 77016.647144392 -21.3816367521622 -12.1356397557936
530760 56223.3933973814 18891.535431717 35583.9211851366 1979.45489199437 0.999155648907416 -0.0375327710103857 58503.8991188352 76784.7675326729 -824.725758356513 -11.9950314781259
530800 56326.8290921463 19067.0946941821 35533.8300476538 1978.37648266491 1.0084408141839 -0.0375126267183045 58449.8486550672 76152.4627792447 -143.684385223767 -12.0422673461215
530840 56129.2791238999 18844.5032416679 35569.7012672071 1979.17912163364 0.996668160342082 -0.0374508107851115 58451.1276314307 75905.6231946376 -179.07892540056 -11.9296832083762
530880 56275.675699143 18923.0484738633 35601.4561786067 2006.95060242106 1.0008223442477 -0.0381582735046844 59062.3784340071 77658.3388581036 -368.641467439852 -12.16375651025
530920 56168.4988495264 18878.9035455272 35529.0595083057 1999.9802132823 0.998487560255304 -0.037428260560146 57666.0710378563 76886.9284945313 -294.172072870096 -12.0022085179896
530960 56149.3236687271 18839.0408682079 35544.5537527956 2008.41960826112 0.996379260516084 -0.0376195238244341 57600.458099861 76608.3702499599 565.112635722116 -12.0444711355689
531000 56177.8794068837 18876.9210274314 35517.7295816095 2016.60799139692 0.998382706726507 -0.0385003397176873 59124.6818294624 77819.8247507146 246.988493825131 -12.2285015331829
531040 56026.674058661 18796.5199175074 35469.190819877 2009.25511136596 0.994130367182724 -0.0378922380697578 58212.4902768357 77188.0080524338 59.2194458323206 -12.0619065024007
531080 56110.3729238086 18872.0577605033 35455.3456381871 2012.02079919 0.998125493084932 -0.0368277777793577 57159.6958709335 75882.3089402584 -536.93609587374 -11.8122838211976
531120 56310.6172068262 19011.1989839638 35490.9202052227 2027.9534442247 1.00548454232256 -0.0381108692088964 58206.6941730172 77446.032343147 523.802539054546 -12.1686306281517
531160 56279.1204227215 18914.6942722718 35558.1970726628 2023.00858343282 1.00038049833515 -0.0375989537488362 58052.1041022885 76341.9122710225 164.373071927202 -12.0182769650467
531200 56221.1816331863 18970.0606071743 35491.9170720739 1981.56146084954 1.0033087720309 -0.0370363779400408 57400.0113827219 76590.7650509567 -852.341549599547 -11.9211165322391
531240 56144.7225296899 18885.4791904637 35478.4380765406 1979.70848638915 0.998835339968991 -0.0374302959225908 57555.2177676515 76775.4151673025 -72.7798863037827 -11.9886236633518
531280 56259.2686143579 18890.5341488831 35577.9992313815 2006.15589023731 0.999102691994344 -0.036830747689073 57058.7183473836 75488.3430119447 -42.1997069952771 -11.8421291180526
531320 56247.2819082608 18861.4692753508 35524.7840439963 2049.4276982413 0.997565478003478 -0.0379600929234795 58096.5202558087 77366.6931650891 170.57985394003 -12.085858687047
531360 56308.7293080959 18911.5543690778 35603.3635967347 2024.16450447129 1.00021443179044 -0.0369140676222344 57462.4933043084 76343.0980583148 -1108.55516490304 -11.8862907833625
531400 56062.0897238012 18821.3396513666 35436.8432990247 2007.71758243895 0.9954430597047 -0.0378435828645673 58445.6802429832 77281.8732259956 -353.063700437964 -12.0551445259136
531440 56074.1069925201 18812.1818513513 35508.8498383401 1985.14451866727 0.994958712222733 -0.0369414931119669 57161.32372931 75439.8800847154 177.464804309988 -11.8331805119736
531480 56199.9648488923 18874.2232920482 35510.3558247026 2023.75364227528 0.998240026023972 -0.0370112571002124 57497.318872718 75764.1863006016 -190.908380530271 -11.8802648397218
531520 56279.2553446428 18840.5521411989 35661.1412629827 1994.48803345812 0.996459190331822 -0.0379211228537357 57733.0302683872 78296.7390370097 -484.789074983758 -12.0633021585016
531560 56206.425264278 18890.2234854754 35548.7605510693 2001.50247449434 0.999086261297127 -0.0385767569980311 58255.4386130859 78713.3038785992 506.409911473751 -12.2788924107319
531600 56280.3368624291 18917.5487167986 35556.5391376748 2020.96131629009 1.0005314672378 -0.0379193400580181 57078.4065705036 77993.1231989444 513.56292166033 -12.1167300306074
531640 56238.2698704131 18831.5733120301 35636.646258485 2000.09278554369 0.995984308450622 -0.0378954420091896 58910.906370975 77016.8150726616 -468.540476451329 -12.079474472158
531680 56131.7678567636 18797.8349701518 35571.3128182925 1998.37191984763 0.994199919087756 -0.0393757573226257 60619.3630413431 77989.8426823221 1043.97124791059 -12.4675445426055
531720 56241.6208385589 18947.2915819533 35548.7359443667 1983.12374969849 1.00210453957177 -0.0382620982162551 58323.012612155 77681.1279395433 450.757173686706 -12.2033765942296
531760 56214.9739687139 18873.7080754245 35580.5569752728 1999.36772000613 0.998212776698375 -0.0381556051325786 57954.4401462317 77387.0208207458 777.294787686836 -12.179022476424
531800 56130.1960740302 18808.5190479313 35580.2279980505 1995.66106155798 0.994764989973887 -0.0381068432487738 57737.7935103083 77697.6063574353 789.685369520785 -12.222509312189
531840 56314.126461366 18996.9672122765 35588.5411929656 1948.70306074675 1.00473183722208 -0.0376566070552242 58212.0943214293 76914.1130748493 -219.925997827904 -12.0897406649061
531880 56158.1939142102 18937.2873657557 35525.8631073783 1930.64613249868 1.00157542592917 -0.0371886703503351 58362.3033973026 75293.3791297869 -61.9395191009206 -11.9197960720248
531920 56277.2676230951 18915.9735960983 35652.0042331054 1964.58713077542 1.0004481605764 -0.037233980212121 57367.7711694902 76193.897995871 45.7201225771134 -11.9028920911877
531960 56289.4732961841 18982.9264289521 35530.1684204025 2018.54697964844 1.00398923331758 -0.0386578390853938 59134.8825645719 78636.6693958165 -94.56411577401 -12.313388095318
532000 56386.6178621062 18998.0408393193 35575.8423720161 2036.41217795126 1.00478862035273 -0.0375507311131285 57451.9969131831 77463.2290628276 -479.054294527453 -12.0257153369968
532040 56390.0232208074 18929.7805096276 35661.3063920641 2011.28984889481 1.00117839532607 -0.0374037008465099 57549.0457364345 76647.8424754713 -61.6178980545505 -11.9639946209843
532080 56245.0498683523 18869.7049422529 35565.6882979001 2020.6408024382 0.998001054727115 -0.0383070164884815 58265.0537300921 78320.5440373949 41.4576773287556 -12.17139142753
532120 56201.3291344185 18897.5677673458 35542.571481053 1977.23927515574 0.999474693499713 -0.0377495920585185 57935.6985432289 77462.814683258 -387.281386019189 -12.0604524927402
532160 56212.7776016359 18874.9702983947 35531.9588960289 2007.92968409654 0.998279534491325 -0.0374130544147429 57268.1658350813 77219.2889328644 -395.179885618473 -11.9848401963968
532200 56382.2817215806 18900.7174602284 35675.784990783 2000.99185416953 0.999641277811895 -0.0383742692627973 59053.44510619 78113.7008917761 -322.849032694752 -12.2053673472595
532240 56303.5973637782 18884.6899442872 35618.2418576134 1999.2442501722 0.998793597476514 -0.0374880658845226 57766.6630655536 76888.7246855094 -323.340650733911 -11.9962963468464
532280 56252.2297350806 18912.1041822432 35517.4866157918 2020.74501688197 1.00024351089479 -0.037672479629951 57598.3734788976 77899.6889602136 -679.485566050485 -12.0336949861981
532320 56128.4066915301 18825.1625148499 35504.0883579618 1997.60814026692 0.995645247380663 -0.0377461233392217 58215.4835205756 77364.7573107297 -535.608140857621 -12.0320635068939
532360 56123.5034858219 18802.3641212608 35518.4366636312 1997.32096095436 0.994439461656001 -0.0386019418594522 59089.6709963754 78101.8433839922 174.678091776895 -12.2378578662211
532400 56214.9662480673 18890.1549049174 35526.9197776441 1999.96355123253 0.999082634135524 -0.0371001615870278 57481.7351124749 76389.2366478999 -581.429318794784 -11.8401224908693
532440 56026.9724903077 18764.4793556424 35477.030421484 1982.45687304108 0.992435771817661 -0.0370864410783279 57323.9364220577 76257.7272586218 -222.868397880785 -11.8853420472862
532480 56121.3993711455 18859.0232507333 35478.7347450464 1991.44804965159 0.997436110048041 -0.0371336168663659 58452.5927947469 75318.039644387 -413.590490033154 -11.8827731290443
532520 56162.1116481862 18947.9548493016 35445.6576102238 1990.84187210551 1.00213961916179 -0.0378710666009438 59017.6857420658 77124.4420788927 -675.925344782328 -12.0812984141721
532560 56131.833775258 18872.4892098828 35471.3204211607 2002.81904396944 0.998148312039284 -0.0373804938040672 58209.0989738594 76191.492552025 -349.814785080847 -11.9547720082805
532600 56300.0253483197 18906.3317583957 35535.9057797305 2038.60335623678 0.999938212793637 -0.0371576451845494 58158.8001950642 76618.270318779 -1241.65180038312 -11.9029260877078
532640 56333.3343952224 18889.0346793137 35588.373971038 2039.29656491754 0.999023386450544 -0.0383997951234401 59460.0846000439 77976.7150967266 -477.615774817095 -12.2493438776777
532680 56474.1746347675 18950.3467723708 35654.0176784856 2052.01495069671 1.00226612573692 -0.0377270704379033 58237.8437945422 77603.7931656564 -775.602952471511 -12.0413363169694
532720 56213.1782408873 18815.3792678547 35535.8149529439 2059.17471126293 0.995127820592605 -0.0378098106830392 57147.5945158534 77719.5375126655 429.322272838389 -12.0832851623523
532760 56272.4364979642 18914.4649374052 35583.348912975 1982.64092895097 1.00036836902844 -0.0382534475309902 58161.0423412494 77977.8216146454 401.744605505837 -12.202356314634
532800 56222.4979868086 18835.9195615588 35552.6176577135 2031.45322803875 0.996214177525256 -0.0378116774894014 58127.8893264147 77482.2991324336 -306.027702990015 -12.0628939892699
532840 56323.4699500185 18866.6405809361 35640.6909300779 2015.73966615139 0.997838983521677 -0.0366905934936347 57420.018489054 75011.7521110466 -269.884132886406 -11.7942388544429
532880 56308.9521330805 18943.5803540746 35541.2093692838 2044.47394860814 1.00190825619858 -0.0373309664881641 56971.1359874797 77179.24206278 -342.284356951721 -11.9639787232322
532920 56251.0426623297 18886.6079543315 35562.3575543765 2021.70319541827 0.998895039234775 -0.037731996362689 58846.9853890217 75759.1070063391 513.326775269159 -12.0738441767838
532960 56162.4647276776 18821.3011045692 35522.0719760558 2043.94400493717 0.995441021000618 -0.037724222637235 58258.0103924839 77446.7879145708 -699.635356510766 -12.0484823009841
533000 56293.9121100588 18868.3322888727 35572.1372558413 2065.80495064584 0.99792845637301 -0.0380747432668433 58337.8815007339 77390.8596473888 346.752907068203 -12.1541765381058
533040 56222.2351279785 18903.7086002229 35447.3009911408 2071.86322031231 0.999799476410043 -0.0369858537673176 56612.8399887849 76661.0993324698 -280.351904041809 -11.884890623577
533080 56082.2765321488 18788.8750527747 35504.162347532 2023.56851908481 0.993726037433543 -0.0377186301361037 58032.7899380946 76982.0231085508 17.2979075773567 -12.0306787040929
533120 56293.4380283159 19012.4127067109 35481.9131799091 2013.56770151607 1.00554873498405 -0.0367112795097589 57585.1159414958 75253.9285222245 -613.884976668006 -11.8220906099219
533160 56119.6218348834 18837.0544912544 35449.0359871066 2067.9232534399 0.996274202895912 -0.0365894038116931 56889.5666695536 75026.8758283322 -86.2669308782704 -11.7674925359727
533200 56178.4613664388 18885.3598854188 35470.3344184432 2049.85900764747 0.998829030036697 -0.0374659181254723 57278.7477341942 78094.0849617888 -1060.43148960093 -11.9871663076586
533240 56187.8965701767 18980.7396586596 35416.7194780866 2016.68689870349 1.00387357708103 -0.0365098354764644 57547.1122627617 75217.869987723 -1026.04069724214 -11.8041918374137
533280 56121.2035182092 18876.8859752211 35463.3893648291 1982.95770935989 0.998380852847871 -0.0376064994662884 57626.5324574933 77704.4912255939 -651.141162405969 -11.98823155608
533320 56162.9268088142 18887.9299039304 35490.4278190513 1986.43346813302 0.998964955913285 -0.0374369973545956 56878.4460644237 77389.2430763876 -100.772777734405 -11.9383299361101
533360 56130.6301109284 18828.7056051865 35534.8645186863 1980.13717315651 0.995832638116435 -0.0379702268380418 57291.4484651899 77981.120497344 339.695733267156 -12.0465082040096
533400 56163.5411199705 18933.2203963073 35466.3163029134 2002.67692221736 1.0013603277169 -0.0369575100205481 56462.5825073596 76945.1710403343 -547.704285189714 -11.8509275759394
533440 56347.6053760867 19005.4027464747 35547.2222968065 2014.78128369198 1.00517798474017 -0.0363290793545437 57198.250228516 75062.8430227804 -959.417129387723 -11.7699353110643
533480 56269.9690848852 18855.7324447862 35632.0384099653 2006.61830246126 0.997262062397788 -0.038035137735412 59478.0868086201 76925.661157272 -538.25512016828 -12.1054167933284
533520 56271.2763502823 18934.454449217 35535.489002219 2033.07341854815 1.00142559562169 -0.0369637451212978 57379.1741324941 76049.1097819002 -515.928668684245 -11.8856482959474
533560 56187.1958385528 18867.9734129858 35519.7843795677 2031.65376005503 0.997909475762835 -0.0381106849889109 58872.1845527445 77632.7311513853 -354.747811631983 -12.1364823099496
533600 56335.3970847619 18979.4083927043 35559.5914902761 2021.65567188459 1.00380316766914 -0.0380677519189593 58436.7362777502 77591.9023824971 -24.5423127428216 -12.1257429136943
533640 56186.0723216083 18852.4809106037 35510.166522072 2045.17170560182 0.997090091794457 -0.0371241560692439 57767.6949218212 75679.8148903431 -70.939133343241 -11.9094663375829
533680 56396.1531417244 19038.5712698509 35515.8959322515 2047.60288318267 1.00693223693513 -0.0370174826474875 57882.3505611913 76341.2496540315 -1101.32136658346 -11.9023573985993
533720 56304.12938302 18859.0560784361 35626.5878420357 2050.38010140589 0.997437846274554 -0.0377285350038488 58537.7170335605 76297.6457433193 187.386330658841 -12.0201009416266
533760 56318.680121395 18938.9652367187 35522.2738600363 2084.76436283797 1.0016641669559 -0.0383837663586968 59029.0679304982 77751.205402515 172.414282443155 -12.2244004827167
533800 56251.6992046409 18910.1311999822 35522.9027136472 2058.35064431859 1.00013916170737 -0.0379902874123176 57872.2735573422 78249.8468920598 -206.426611882792 -12.1543497583533
533840 56162.4685391243 18850.4437220305 35530.406787686 2012.08597986075 0.996982346795215 -0.0375640799972038 57716.0568988047 77105.8750879324 -229.697978455715 -12.0201932865325
533880 56154.1074525132 18794.0990255121 35551.5327791122 2022.86388673969 0.994002328468179 -0.0386219681786002 59269.1217232355 78438.1440683295 -131.578664754025 -12.2572516681568
533920 56202.7113935743 18841.4140751099 35589.7721465794 2003.19951966749 0.996504777210624 -0.037765826801106 58458.4537337273 77366.0580919431 -606.165805639369 -12.0434224965219
533960 56248.3504637687 18870.2610405622 35628.7821854553 1976.89314041238 0.998030466246843 -0.0373267585216008 57868.6638471431 76762.1701665482 -620.53852792698 -11.9742498996949
534000 56242.7175394768 18865.7298954955 35594.282030836 2010.51305093151 0.997790818220047 -0.0382002364377181 58051.9786514038 78606.5741577624 -218.143218402789 -12.1780587213132
534040 56342.0322436861 18911.8882632613 35627.0843541041 1990.67269583284 1.00023209114168 -0.0381006928023704 58554.5565894107 76965.1364575357 552.524605066219 -12.1371366747593
534080 56228.4566214047 18908.1342457299 35564.0388380443 2005.32586245777 1.00003354466375 -0.0380221313217691 58005.2225324577 77693.8133123131 91.204653037181 -12.1227458437643
534120 56231.7294197329 18863.5414754815 35601.0692825059 1986.56430216241 0.997675074731271 -0.0367082485977701 58022.2677520248 74717.897611709 -498.044406031606 -11.8065161791456
534160 56112.2583867545 18919.9717069471 35437.2980745642 2002.81174380145 1.0006596169217 -0.0381345218698604 58301.894028501 77687.5910770333 199.789601949841 -12.107539672853
534200 56102.5963679 18822.6792974137 35511.9542047809 2023.48259255699 0.995513912331808 -0.0370948241609655 57325.8779913222 76421.3236622416 -484.259889993389 -11.8854802123668
534240 56313.5408892154 19001.822484949 35528.6132570103 2008.30526301864 1.00498862805495 -0.0367297740433152 57376.9838586452 74880.2180309399 11.1005377836247 -11.8008507430235
534280 56202.387522922 18947.7932767222 35538.2487305997 1963.51370243765 1.00213107373911 -0.0368169710629642 58042.9570002379 75033.2348240874 -626.966368858759 -11.8377524920401
534320 56058.4135220253 18839.262820481 35506.0969177658 1959.02093618798 0.996390999364324 -0.0373277975665958 58041.8766554361 76030.2820633545 -44.205818655884 -11.9752492865099
534360 56213.6962310548 18933.6702441418 35491.9268142964 2012.85415539847 1.00138411974834 -0.0380989199827282 58179.7005230463 77034.6097178968 896.326358653948 -12.1893400824791
534400 56247.4120789416 18908.4765062116 35543.7360378856 2010.09188464316 1.00005164650068 -0.0382695306814982 57647.2711254441 78586.715823306 309.634530394757 -12.1962738747908
534440 56180.6984912511 18912.9715946618 35511.196432004 1991.06215594444 1.00028938752674 -0.0378874808930305 58715.3817407784 76651.4524245069 194.908600714802 -12.107234479436
534480 56305.2427249817 18991.8366681224 35570.2341416244 2002.10703453424 1.00446048753788 -0.0380423529544562 59140.4905605499 76356.2332586646 348.462906763076 -12.1060571535439
534520 56230.4827845326 18962.217863866 35519.2327425669 1988.12164239139 1.00289397666883 -0.0375089294165851 57890.1421264204 77117.3804966221 -527.623841817174 -12.0251821608624
534560 56240.8361427271 18998.4587657275 35523.7485508084 1957.56277088434 1.00481072408978 -0.0368814988871421 58464.6420040773 75138.2346299329 -797.735934733516 -11.8594138880775
534600 56193.3083088856 18918.5588530729 35549.6049679199 1974.58850760451 1.00058489240105 -0.0375995419289907 57229.8932132987 76979.6571700115 545.994850040249 -12.0403512402299
534640 56163.8306495939 18946.1432745365 35444.9604047041 1997.27591969427 1.00204380666595 -0.0364264372179702 56744.9926268303 75338.5930332083 -670.447171433805 -11.7454125366919
534680 56104.658973824 18897.0092910507 35453.9958191816 1976.32469131166 0.999445156210538 -0.0384562774988725 59835.1825471174 77594.0786451372 -248.01035928845 -12.2456193690333
534720 56197.5553315679 18906.77466587 35522.9459612367 1987.18539482223 0.999961637755918 -0.0368298712941045 56721.472474986 75835.365536026 -83.1179320448299 -11.8198381036899
534760 56101.9482905715 18887.3409503615 35513.1035930488 1954.63780482142 0.998933806709586 -0.0374163072039158 57062.5200177784 76874.2053971061 231.049086361105 -11.9723528636834
534800 56187.2701395232 18925.7106083619 35534.9498600058 1963.99591858591 1.00096314205273 -0.0363509020885916 57058.9866125519 74878.7590732012 -721.508543649944 -11.71589976066
534840 56146.9348738565 18862.706589881 35517.0630468642 2002.1230524315 0.997630918412321 -0.0377731554898674 58492.7001025715 77078.1692157 -381.030276183881 -12.0423755207733
534880 56047.5182021345 18891.2885221651 35442.0259275301 1970.68628822143 0.999142590092032 -0.0372794636641958 58638.4168634584 75700.4837156242 -482.280718629046 -11.9355819285033
534920 56066.1324394539 18796.2031702598 35519.7988244518 1983.76950166913 0.994113614716902 -0.0378550214438199 57811.9537298073 77744.8562317484 -122.147287303265 -12.0556058003257
534960 56131.0260938556 18866.6725946344 35550.7380201754 1966.63090757412 0.997840676696254 -0.0370665417010811 57136.0651245852 76950.3488341349 -825.770051641221 -11.9140839905702
535000 56249.8380352561 19005.8461063321 35515.0777955065 1999.98133394315 1.00520143362857 -0.0384706289985718 59405.0950939451 77586.1085556941 264.345188834183 -12.2772240486269
535040 56138.1343121858 18837.2924939647 35505.6935057989 2034.96676260505 0.996286790636768 -0.0377610570324531 57942.4597415932 77172.9468730143 130.297070844694 -12.090207921029
535080 56295.2136860864 18925.1919078586 35574.3983376419 2004.09915837667 1.00093570846799 -0.0372180072443012 59041.6376264413 75720.8684962734 -1019.08261858862 -11.9691613052328
535120 56203.8138099834 18928.9885297115 35509.4023364831 2004.26170374732 1.00113650824866 -0.037033342980802 57392.4393888315 76291.986298928 -522.603218956415 -11.9243478392782
535160 56218.3210254045 18939.8397207874 35497.5249998346 2015.26368279905 1.00171041760081 -0.0373424552224291 57779.1944055531 76695.8259690658 -469.836900991304 -11.9529977517753
535200 56278.8670614474 19009.5703632542 35551.4650385312 1948.73246582584 1.00539840609569 -0.0380085644013119 58063.593009149 77830.1067415711 -23.9203333722785 -12.1726734768928
535240 56174.9355204533 18884.8576207483 35536.2678595617 1996.2896140112 0.998802465727797 -0.0377735226479118 59352.5862212727 76549.4319142959 -735.702644199375 -12.042436321192
535280 56163.2931495145 18910.9700265482 35557.4598745676 1969.70957840872 1.0001835264603 -0.036832929256364 56649.5796912276 76094.4093284682 -155.247982851281 -11.8537961623929
535320 56129.8459504177 18828.1609128297 35584.0966571374 1963.97983690307 0.995803829846869 -0.0369075879920086 57627.2377054624 75792.7889991278 -540.136305046346 -11.8482477626634
535360 56135.2175055976 18905.148855514 35490.8297073769 1986.27990549234 0.999875650166016 -0.0375095040821495 58282.9102974669 75929.7555469037 161.12039587633 -11.9709548955384
535400 55985.5535590422 18812.5474814499 35481.969739216 1944.02363661917 0.994978050056853 -0.0388489097961879 59488.5077336288 78017.2902844725 657.358834457066 -12.2819041555088
535440 56138.029806515 18943.3146868218 35491.1524830051 1934.8687068842 1.00189420530593 -0.0374255153116527 58018.248375584 75362.2024161762 850.311464930473 -11.9773263367225
535480 56149.5670186649 18945.3228712738 35493.7060447029 1960.80854526003 1.00200041630431 -0.0378456674537714 58565.8334704476 76422.4132835695 336.487598501396 -12.0712897899417
535520 56236.2771232673 18927.4917736364 35579.2347491262 1963.03637341011 1.00105734621903 -0.0376251884140461 57454.9225265713 76623.4208635942 704.944618059182 -11.9758952179038
535560 56144.2848875245 18894.8563281787 35534.7898521777 1945.96954334162 0.999331288016853 -0.0376051752316792 57696.034267523 76428.6406859141 527.053000919152 -12.0015327431516
535600 56072.185929097 18821.4170765056 35528.2223878115 1919.50593880761 0.995447154647924 -0.03877745667321 58496.2786066435 78475.5958589655 993.131011098323 -12.2736576758626
535640 56035.3674665414 18844.9376238499 35501.8501478761 1930.94545515597 0.996691134409618 -0.0368317189523391 57287.9273617329 75898.8829129727 -648.853408296266 -11.7804525972841
535680 56118.6242098536 18911.1836485388 35456.4699060525 1985.14786419658 1.00019482472769 -0.0385684220479129 59353.1679375714 77273.3905939343 757.000240016336 -12.2143806891735
535720 56149.7906882806 18950.2471799428 35472.5716620948 1977.15006648523 1.0022608583865 -0.0374267216378101 57324.835341611 77091.4005519993 -158.422465499178 -11.9864333865284
535760 56184.0360025379 18952.6373948254 35497.2467133443 1966.98908866497 1.00238727461724 -0.0370772252885116 57650.8881944088 75193.2880334056 343.947275762376 -11.837165191879
535800 56069.8824950523 18862.4458850985 35496.4507196632 1950.07994268433 0.997617129980088 -0.0375186159724069 57341.7302700479 76676.0947647936 448.795982463438 -11.9720233935946
535840 56051.293665962 18843.3053112193 35497.3524513769 1985.96773383926 0.996604802920497 -0.0372843185507766 58521.9422018277 76173.2413164904 -794.315141813026 -11.935675130042
535880 56166.8250649127 18909.000285903 35550.9294346522 1990.37615773804 1.00007934871892 -0.0374695959809012 57186.7796039303 76861.001997193 267.601331651987 -12.023229274912
535920 56095.6923404237 18833.1712608936 35571.3485832831 1960.33427470855 0.996068822472228 -0.037093061257004 56990.4604794642 76683.8076655132 -407.737717267389 -11.869500803546
535960 56237.2693319338 18959.3682211722 35550.9967631411 1972.82029704278 1.00274326173065 -0.0377673148952361 57981.4634383668 77461.7636007165 -246.050938583557 -12.0367660498792
536000 56156.1254999142 18844.1309551671 35571.8561630078 1967.04339173996 0.996648470457075 -0.0376024049438808 58479.7346572261 76204.6479247625 -32.6604064790804 -11.9479449632587
536040 56229.3103662804 18908.2212476129 35614.4460657173 1961.22857868816 1.00003814611201 -0.0367737380659535 56701.7593158266 76600.2660909695 -933.3305031314 -11.8164927537468
536080 56041.6480668519 18799.8361779214 35474.3006629638 1995.52042312422 0.994305761095933 -0.0373973378732129 57687.4770365275 75598.4242339659 706.549716846847 -11.9024658925724
536120 56263.1234590436 18905.9461437114 35604.8921182286 1974.96823137693 0.999917817993461 -0.03690738075094 57196.9344340105 75880.760892279 -338.932882550809 -11.8491791988103
536160 56209.6729160953 18874.6528434848 35570.8117392796 1994.30502470309 0.9982627445979 -0.0369464073040736 56294.461192929 77734.0230669374 -1138.0074480038 -11.8717914323709
536200 56151.4753266448 18882.8395820157 35531.4867249257 1965.06494531219 0.998695733545721 -0.0365940906845522 57100.521630653 75447.565447343 -625.774841556128 -11.8006177672474
536240 56198.4749237243 18882.533259887 35539.8157722605 1981.31819910215 0.998679532454689 -0.0369567858352564 56902.4578539551 76817.8564561438 -853.278058765625 -11.8385368618547
536280 56060.3089965008 18781.1737411601 35523.5678965558 1979.20944949824 0.993318722261541 -0.0373015368509067 58980.6715056818 76440.6240128602 -1387.5822556666 -11.9144746918577
536320 56076.5892377731 18874.7807166861 35477.6378861413 1953.4259706977 0.998269507691981 -0.036811860010067 56353.091268144 76281.2602377192 -189.079006494857 -11.7884901303368
536360 56178.5221597152 18924.3920659479 35507.0008574705 1959.67898669334 1.00089340557704 -0.0374391490968867 58349.2909679516 76419.0500647604 -477.998790429451 -11.9671746633794
536400 56122.2164787094 18855.6187818665 35515.3451207951 1968.12747660312 0.997256050872218 -0.0367210057477469 56935.9319538646 75669.7803334318 -424.533074460706 -11.788477878123
536440 56022.0210868067 18770.7905026875 35507.6814316431 1968.96110784276 0.992769562485127 -0.0369436548108219 57466.4464981818 75753.4056189727 -360.410412574442 -11.8405512167192
536480 56183.5204577089 18930.3211754808 35490.8186767687 1998.78659858502 1.00120699063762 -0.0374715360485568 58392.0262410689 76233.8527860218 -339.298476036363 -11.9319643450323
536520 56166.0483100911 18873.5275072207 35522.5501093579 2003.36420833358 0.998203226614872 -0.0368640566869149 56446.7251088504 76728.9035579754 -439.630380721098 -11.8261314714197
536560 56124.0039614983 18880.6259328943 35503.428233037 1973.8420143353 0.998578655713038 -0.0368386902502449 57002.5814208027 76332.7888563227 -763.965906200481 -11.8416651999568
536600 56127.8387351219 18846.7256571319 35504.9307366439 1993.90677058413 0.996785701818425 -0.0379101893871493 58478.8314986787 77714.2739905736 -552.387058114502 -12.1054993732102
536640 56125.6319658661 18832.0827457133 35547.1602183691 1962.79950554965 0.996011251921897 -0.036419771858465 57001.2808880739 75476.0323460545 -1078.87831415309 -11.7413900620383
536680 56138.9316617164 18802.1453357693 35562.6179694393 1985.12398928372 0.994427890295879 -0.0378770671681967 57906.2286484663 77597.4951479023 0.142639577143524 -12.0316551809927
536720 56107.7997081513 18830.7892213248 35488.3840813021 1976.87811827848 0.995942838626194 -0.0377781854792077 57790.9491009749 78103.3101538845 -711.027507402149 -12.0160709350605
536760 56126.8447860423 18887.8596966326 35460.4681987658 1971.74448975452 0.998961242714934 -0.0368171626386563 57432.0122039583 75835.3785622017 -839.725264589284 -11.7961548290724
536800 56031.2227457725 18763.4568327312 35455.9283359207 2044.45376910261 0.992381691536758 -0.0371833927096795 57228.4633464067 76737.3548777184 -447.55697237209 -11.9013316131137
536840 56005.2254169586 18779.8974064332 35469.6842907055 1990.29527137082 0.99325121811097 -0.0371463704319308 58135.317967605 75287.8346582411 60.4209852874694 -11.8724243368366
536880 56149.741746092 18771.820285103 35570.7465575738 2021.76756623086 0.992824026714423 -0.0368054719365759 56713.5104867608 76040.587447046 -106.769942673108 -11.8169190713467
536920 55948.8487487532 18711.278582262 35476.3954232163 1975.8874158231 0.989622032646413 -0.0386070425097459 60020.6825569526 76876.4480204627 630.018962494238 -12.2166957247815
536960 56178.5709834763 18846.9560259555 35569.0110961434 1976.89671075317 0.996797885810156 -0.0365311929253846 57459.0359872069 75235.9518578596 -1016.97016498185 -11.7585466228642
537000 56218.005686579 18863.8683319467 35562.6804278886 2007.66658022484 0.997692361864163 -0.0367995513426142 56508.4282052893 76344.5465486349 -374.503943353229 -11.8219268099227
537040 56152.5922466388 18857.1181520541 35548.7455485312 2011.72846264862 0.997335351159809 -0.0371903852032637 58022.3176297371 75590.8640757178 -111.115503807671 -11.8619834248384
537080 56150.7910590843 18856.0669054633 35535.888183489 1995.50626034161 0.997279751710345 -0.0370218327665338 56927.6195421405 76140.0393881503 -90.5433195739183 -11.8538257043822
537120 56128.6106177054 18850.4911570074 35506.3460600605 1984.04349211042 0.996984855586799 -0.037311882960721 58354.5824406931 75652.6802715431 -150.001389469561 -11.9282705767553
537160 56210.7627550566 18900.0403487925 35551.7832869487 1960.51566853752 0.999605466021023 -0.0374564893133078 56937.5519924933 76920.2658397394 338.989504879627 -11.9177404540407
537200 56197.5338119197 18979.4794208198 35482.9224942514 1958.98775289665 1.00380692427977 -0.0375793766035733 59614.9223730672 75945.3063723973 -975.507221348055 -11.9464482999911
537240 56149.4506063087 18936.6016737102 35479.1009441495 1970.50081381652 1.00153916031787 -0.0377417265804656 58214.6309911958 76933.4745060439 -115.695365655171 -12.0160780035186
537280 56154.2344285684 18848.8222536001 35495.9014917897 2014.99478205293 0.996896588845699 -0.0373056943674567 58057.8428122502 76523.7426123413 -653.677878782057 -11.9249117283724
537320 56207.2634231878 18920.4448475311 35510.7294176948 1989.59824994817 1.00068464088489 -0.0374006858428016 57418.4707911537 77283.5393735805 -574.210938473885 -11.9718454636532
537360 56150.8214482726 18833.728372349 35517.9894114189 2006.40617315036 0.996098287576307 -0.0368208167129351 56884.9451603978 76395.0052657433 -807.909498517376 -11.8005149518285
537400 56093.5826146518 18803.4035439357 35547.7895024231 1951.56303838343 0.994494435749605 -0.0374615673933393 57969.2746059319 75829.0502233234 502.817309336154 -11.9093671742639
537440 56148.6620187043 18867.7127212652 35511.0026782706 1985.11638247526 0.997895688021433 -0.0374321467303288 57325.0574692854 77095.8341817526 -254.737993879048 -11.9193555085944
537480 56216.2855646845 18953.0397137659 35543.6126379382 1972.78569191578 1.00240855288991 -0.0366456021641071 57308.7098229024 74555.2612061873 200.360383388621 -11.7595991030124
537520 56272.5752880085 18901.7495243906 35623.5991611747 1989.43853035258 0.999695862720644 -0.0383926367686457 59537.2774034489 77050.7364737315 274.248403341371 -12.1758139287731
537560 56461.4390425243 19071.5497982662 35657.4255970039 1980.67857272263 1.00867644047422 -0.0371280668680921 58263.5818234072 75914.6910445274 -851.155838167033 -11.9231366402328
537600 56284.3165568239 19021.7051368196 35531.4245177878 1967.61457811445 1.0060402029258 -0.0379527776657923 58213.2288507866 77185.9920677266 350.490181359363 -12.1194514907516
537640 56184.4459097749 18937.9762253122 35507.4296839006 1994.76088705554 1.00161185906716 -0.0378693854691405 58667.6684393034 76769.6787211726 -111.773249355858 -12.0271134493979
537680 56124.9435095567 18894.5204196763 35557.2633494359 1960.4079210782 0.999313522130177 -0.0378560844910529 57521.9706771834 77457.7007248619 413.778332141022 -12.0504349062847
537720 56154.9380608421 18834.8673918857 35542.3514507551 2037.85273273274 0.996158529254829 -0.0372938008517086 57985.794218394 76033.5193383364 -117.312964875837 -11.9535530201208
537760 56208.1498354166 18916.3114189197 35523.3417547709 2005.22484057154 1.00046602770962 -0.0376537473268415 58839.3941204162 76577.8314109842 -568.387593885161 -11.9879483390992
537800 56356.8331075691 18970.8455031102 35606.8174396711 1992.66271492468 1.00335028444322 -0.0375670139715171 57792.567402819 76446.3995189382 392.361660702354 -11.9939886358587
537840 56293.0543905959 18951.9892581803 35555.1122547092 2005.16523475013 1.00235299527597 -0.0381038902589888 58351.0831594483 77641.3503676312 162.014187788677 -12.1292755364521
537880 56268.3817495406 18915.4685131877 35541.2205974445 2007.53519278712 1.00042144721342 -0.037196250871683 58242.8256963472 76420.5371426114 -1162.66544474454 -11.8736404452659
537920 56027.2425565348 18818.9017813718 35453.9200650115 1993.08747260526 0.995314123039628 -0.0383712939185331 58904.6371374988 77542.8639797802 462.784855105136 -12.1837451187281
537960 56114.481490116 18842.0318646362 35515.2308058394 1958.04908672709 0.996537451521151 -0.0372957224871952 57195.2808015104 76078.9096045837 655.778596310287 -11.9567390474865
538000 56272.8015431633 18928.5088305727 35573.4275821998 1996.04440952147 1.00111113740963 -0.0384751288997537 58824.9432223669 77616.7859955505 660.822781207735 -12.212548867026
538040 56105.0654059295 18939.8156457084 35418.3049421394 1984.64589712913 1.00170914429239 -0.0366815214409055 57123.790358249 75123.0891093429 -197.656535385294 -11.7607950938388
538080 56220.415043404 18977.9719540263 35500.3682797054 1971.2061685571 1.00372719577026 -0.0365960614898525 56185.9216678355 75828.2949675296 -99.4926445441992 -11.7748424684576
538120 56113.6837881384 18864.5785737742 35499.5982101186 1962.51961645578 0.997729925890477 -0.0372965276376259 57879.6065855216 75609.2179428187 299.952650443971 -11.9227275390113
538160 56272.3662036059 18972.7827403109 35511.0586826399 2009.93429956573 1.00345274310781 -0.0374303428291833 57558.4429236737 76036.5530493441 558.545840382968 -11.9556713927008
538200 56172.8485477634 18892.4031891458 35506.0765773874 1993.22257646227 0.999201543786633 -0.037538229376419 57910.9030086276 76335.0556273165 266.595878032493 -11.9977572330667
538240 56000.7361658131 18733.9498927589 35481.2034474378 2016.65533504721 0.990821097065128 -0.037489105032934 58554.452329216 75500.8032540406 327.966786036119 -11.966290902347
538280 56208.0378839244 18997.1194609904 35467.2909146432 1997.19903702963 1.00473988951423 -0.0381287668331032 58813.3865081455 77142.252965039 230.028668060199 -12.1834241029705
538320 56122.4321121931 18858.0876222965 35553.1193581345 1971.67576143965 0.997386625534658 -0.0371743285194277 57653.1348098594 76351.5271664327 -507.919759954906 -11.8945864434813
538360 56042.1306255182 18849.9150503997 35452.3500655812 1962.99215118714 0.99695438584687 -0.0368923325652443 57989.7776177476 75538.2557071278 -628.33822450043 -11.841568124714
538400 56135.218565512 18859.6125132986 35527.3053382467 1991.3069997757 0.997467275594265 -0.0375162000601444 58109.1500415027 76211.7835347246 125.484883262807 -12.01659651443
538440 56201.308912046 18922.7292400213 35515.8295953013 1990.26353978382 1.00080546026821 -0.0372251750075918 57619.6943429028 76050.9693015875 -0.937013019379108 -11.9227549786256
538480 56300.3397349453 18968.6425260557 35549.4079500093 2008.25825709445 1.00323377104618 -0.0380484883460181 58705.8059078837 76940.0945843568 319.006566972819 -12.1538176889498
538520 56059.7972337206 18799.8838658405 35480.9557828528 1991.35062288234 0.994308283265398 -0.0373083132251109 57681.8325180656 76527.1538730393 -354.372099076452 -11.9395986388345
538560 55934.5129023712 18731.8457917453 35437.7120534747 2015.54200313154 0.990709813129461 -0.0378232539030037 58123.4859299781 76675.8927157023 364.988003388627 -12.0143544176438
538600 56094.8048732328 18816.0595174415 35577.0024603537 1951.71122273925 0.995163798357344 -0.0373871449779199 57423.4767144902 76763.348124823 10.9689664978209 -11.9691066326938
538640 56148.6794682723 18959.7681034579 35482.5466675566 1953.77577090105 1.00276441113092 -0.0375468772454319 56938.9468081928 77659.2227024553 12.5013887343937 -12.0353777626672
538680 56179.3954718161 18894.9248586665 35546.8867944115 1961.55144165359 0.999334912530294 -0.0372950258252424 58220.5760499676 75967.6135692986 -349.656607005387 -11.9395817854244
538720 56228.7296668234 18924.1931854332 35547.0356371734 1978.67062947355 1.00088288697254 -0.0374744909810709 58350.2490341936 75653.3269391844 270.830168751211 -12.0185709888425
538760 56209.5033211098 18886.9889218485 35535.3072013836 1982.64487777994 0.998915188250616 -0.0371111721888699 57120.756768777 75827.4282482978 399.738873407543 -11.8864828464147
538800 56232.5575047566 18967.5425232109 35528.1714067982 1956.10993750801 1.00317559292402 -0.0370527163314465 58209.8010678985 75668.5771568662 -689.962698388072 -11.9124043759035
538840 56199.3779329129 18854.21722378 35597.452705771 1981.56157753328 0.997181923775221 -0.0379287911265474 57978.6152722497 76565.8265829097 1054.14395369679 -12.0407268730103
538880 56233.2953489974 18935.1384066681 35554.4399798799 1965.65679888065 1.0014617694919 -0.0376345187811394 58280.5504601548 76640.4685510675 -84.9386746719585 -12.0407655864011
538920 56192.6768269581 18978.4604479984 35485.04196707 1961.57321870951 1.0037530317598 -0.0378063512248051 58583.6988621561 77109.5203530709 -395.533695975313 -12.0515186663543
538960 55984.9480186297 18743.9472512928 35503.7613838723 1956.83191327547 0.991349848012314 -0.03792350824572 57969.0407056454 77441.6546340586 172.080790486047 -12.0308830360586
539000 56132.0044311564 18832.7305123666 35545.6000063496 1976.08458921163 0.996045511694649 -0.037834270060402 58531.5830188594 76851.1965964165 -33.1501943556353 -12.068447979015
539040 56153.8698132462 18849.5167902948 35556.1117583227 1988.00754862145 0.996933322242224 -0.0380348072199562 59178.2092069044 76674.3847766081 -37.3018278357593 -12.0844318544791
539080 56250.1572176358 18892.8342290256 35596.3412467895 1986.70588811285 0.999224341082936 -0.0370848071353098 57313.5731470286 76352.1603035049 -412.425798678925 -11.8819541064471
539120 55996.6855204855 18735.8708513669 35554.7896982686 1954.12526550023 0.990922694770168 -0.0371505601802845 56802.8666414797 76252.3004794385 440.023500195661 -11.8798610852963
539160 56088.7518431559 18827.8022861008 35542.5056735445 1979.65239611379 0.99578486241443 -0.0369039547014645 57337.9351928696 76191.103010802 -745.477382798587 -11.8343901697258
539200 56250.5778480929 18884.8261799672 35557.9208332453 2041.19130911758 0.998800802854276 -0.0365510441253446 57239.6282897896 75303.1898333447 -767.584921758365 -11.7775844475386
539240 56147.0118664395 18877.3639067752 35502.7554353741 1998.66026315259 0.998406130200989 -0.0376905691960246 58853.8270590854 76213.1307592438 -94.2907921194538 -12.0183072660922
539280 56157.7174221181 18899.443409111 35472.7629832535 2024.20106686031 0.999573894439299 -0.0387313889962855 59641.6857706662 77988.0773179763 132.316371035936 -12.2703987849039
539320 56135.4642794971 18924.0084542067 35478.5830501222 2021.57059527038 1.00087311671066 -0.0366648820451333 56818.2805115198 76080.8201997945 -841.069989994912 -11.7919808753092
539360 56229.9869043054 18894.7539595854 35574.6481510083 2011.66614463659 0.999325873837652 -0.0366927822210605 57467.7526315362 75298.2352142254 -628.291812145948 -11.7888234820295
539400 56080.7204823193 18809.2483409671 35501.0540993885 2026.32961334029 0.994803561600799 -0.0378961041877984 58048.7706019348 77786.2380808495 -261.03761263493 -12.049449256613
539440 56150.3674226669 18940.2200956645 35514.8453519586 1960.43207297568 1.00173053527248 -0.0369476455425317 57576.7281748142 75691.8833068838 -439.638714062018 -11.8565768134661
539480 56035.2327251382 18876.5933351646 35405.9162630401 2020.71881161759 0.998365375388846 -0.0367407748587475 57601.9963541913 75384.2867679818 -630.605733397727 -11.8516935154289
539520 56097.5624639758 18885.4052392201 35499.1599424064 1967.66418552802 0.998831428756847 -0.0374761632643524 57934.1211209651 77605.6719378913 -1114.45186940326 -12.00804104393
539560 56072.8790190177 18770.6729308013 35524.1273171122 1989.62113309016 0.992763344217971 -0.0370321048488254 57251.7779924294 76539.1344747885 -630.119952584658 -11.8291952420897
539600 56279.8788777934 18921.8702192447 35605.0890027183 1991.60842684114 1.00076002746236 -0.0366835699550371 57603.1587572851 74843.5676283132 -361.097804606011 -11.7379221801773
539640 56075.857560868 18797.6290362574 35565.8140149658 1980.35992613091 0.994189027436596 -0.0373914240501099 57764.885840253 76710.8822044303 -365.763160828204 -11.8919589656785
539680 56099.8446375894 18890.038863176 35469.5710191418 1988.36737624028 0.999076496796299 -0.0378351590121014 57873.4485203296 77088.3872832905 422.835010502005 -12.0409860251462
539720 56142.8235493595 18797.8365337735 35602.2172838597 1983.31613850023 0.994200001786249 -0.0376067165176632 58659.7380404351 76292.5975482956 -182.882266793859 -12.0166737592324
539760 56074.9354731444 18839.0874140623 35519.1598540001 1976.19487018457 0.996381722282813 -0.038089980468232 58844.4337489949 77494.0974267034 -167.11635767673 -12.107930810654
539800 56167.8179870548 18846.3893555444 35594.0416904188 1985.77547257785 0.996767915141841 -0.0378057193389169 57354.5831790889 78132.677576732 -286.541773101279 -12.0421455734026
539840 56039.1763140464 18744.6693686445 35489.4333769776 2053.59193554145 0.991388040123997 -0.0377549362038308 58693.37243219 76109.1846552661 331.325182252172 -12.003490475172
539880 56080.7820652316 18755.1565645039 35600.9077144115 1987.7093228689 0.991942698109424 -0.0381813993158828 59333.0436739591 77276.4452984192 -276.47480943529 -12.1131264736921
539920 56309.7892700465 18936.8816012739 35598.0950093946 1993.68664306673 1.00155396542504 -0.0382813658139103 59451.2474941534 77505.4512530022 -235.068753886037 -12.1797657389397
539960 56171.5747699331 18878.636784196 35518.0669314573 2009.14062375624 0.99847345149787 -0.0374893475469964 57607.6159413092 77273.1533995532 -583.373286071234 -11.9485407715714
540000 55947.8037072505 18721.6358597776 35447.3167325515 2014.74159406034 0.990169819372079 -0.0378674567452628 59120.4400655375 76620.9587775598 -210.620871925379 -12.065264742414
540040 56332.5064445926 19005.0097119377 35536.3425510917 2016.02963048753 1.00515719751092 -0.0372704237361032 57812.4185778354 75635.2172041498 278.303840275984 -11.9593127330603
540080 56175.908163314 18860.5779214643 35528.3757151448 2015.73968536845 0.997518335129673 -0.0375203201336759 58193.4117117139 76686.4207807528 -308.741397147481 -12.0154140959922
540120 56366.5123407972 18973.4036184998 35636.2997303195 1997.51816727044 1.00348558077481 -0.0370938590758895 57550.7786521665 75657.048695574 46.1814668969177 -11.9293957660932
540160 56248.36926704 18886.1469083969 35570.8260829476 2000.22402024798 0.998870654946284 -0.0368306056639204 57966.8207131597 75228.7816973396 -595.621358396302 -11.843176723794
540200 56061.8342770632 18824.3233692856 35471.1208698566 1990.1887144537 0.995600865756213 -0.0371913407451785 57839.8245521635 76527.3115457002 -938.620492526184 -11.8879965637837
540240 56000.2370702878 18838.8902503919 35432.7096022755 1968.56749857098 0.996371294480599 -0.0370831561067537 58036.3357761774 75717.148375646 -404.05025332338 -11.8949669583919
540280 56015.0881762172 18767.6005741278 35464.4406429991 2004.33610834588 0.992600850145595 -0.0366073769719404 56797.3157323489 76046.7992053881 -756.366689944243 -11.7825372782256
540320 56203.2852413841 18842.7665233011 35603.4944295417 1982.31460681069 0.99657630693117 -0.0378410445484752 58663.0268351584 76752.9800536832 -115.065266742791 -12.042232699845
540360 56212.7040874649 18933.7993788203 35513.4395138097 2008.96899039692 1.00139094956077 -0.0370088426762703 57633.3390903379 76004.1526240674 -460.853787709071 -11.8717325434785
540400 56163.7925123799 18850.6690846255 35548.1938462295 1991.368582759 0.996994266012191 -0.0381119779230199 58004.6679703211 77987.3546844826 87.3817179762234 -12.10131505814
540440 56165.6183131805 18874.0148887897 35482.8939798523 2032.87157957668 0.998229003770447 -0.0382000317653548 58674.9293290809 77706.3694596124 4.57583707381105 -12.1191223917275
540480 56255.8482885488 18843.2584614129 35622.5886805034 2012.56691913164 0.996602325078032 -0.0376175872092525 58675.7385698939 76872.9182746037 -785.530364089039 -12.0297740471449
540520 56237.6240971947 18909.4862375981 35569.7138447276 1996.58381444906 1.0001050502498 -0.0382119299779172 58694.2901636421 77575.3004176449 80.1759109170085 -12.157170180767
540560 56164.3200692754 18860.7934215644 35523.3534664713 1991.07947163359 0.997529732728514 -0.0375680309576393 58896.5033404664 76122.0215224795 -424.375821936827 -12.0209062629003
540600 56108.7453564882 18848.8535346052 35512.5846038948 1976.36961723184 0.99689824326882 -0.037157638086217 57656.3385432211 76111.6412986561 -476.593805557526 -11.8278774011792
540640 56167.8430928894 18839.4224864691 35557.6916407574 1992.37762382276 0.996399443949177 -0.0376922781515853 58937.1070276981 76320.0559368681 -198.710502810044 -12.0061373104672
540680 56208.9325105167 18856.3474096506 35571.4652962395 2025.86556687704 0.997294587314591 -0.0383058626111479 58575.8947826193 77636.7277004646 398.014342566496 -12.1327474902504
540720 56206.6655572345 18853.7469057188 35554.6202972613 2021.48436525285 0.997157049092622 -0.0369476903759043 57455.8530470833 75382.6823975857 -27.9229915624127 -11.8579617055268
540760 56284.7591734258 18939.3377656681 35544.9932413624 2032.4140802536 1.00168386966379 -0.0376186758849852 58727.4352025727 76950.4926539636 -884.957413360052 -12.0393109914799
540800 56343.5675288879 18957.7982506888 35647.9680436442 1997.33157155099 1.00266022745941 -0.037096267407823 57182.8269193277 76541.980008433 -519.678639304897 -11.891740412634
540840 56085.5809541635 18805.5870848584 35510.898993924 1997.50941766527 0.994609921187803 -0.0365386120590231 56965.6717544576 75643.0403798658 -847.491102924945 -11.7696649056149
540880 56187.3134291527 18923.9641191101 35499.2040524561 2008.2990905283 1.00087077186884 -0.0381816032722345 58730.7014834755 77458.5467381305 -12.8156702508252 -12.108083565905
540920 56198.282986474 18846.0927767767 35631.8753383066 1958.91179839907 0.996752229368067 -0.0381622020103262 58209.6059642354 77707.852735502 248.514448349362 -12.0955873873303
540960 56217.5790926577 18854.6441607849 35578.7775517226 2013.40955124883 0.997204504074303 -0.0374019731543064 58265.2235086018 75973.5476156467 -150.838046556162 -11.9529495682852
541000 56342.3056984694 19024.6885564757 35568.9594105581 2003.85527200445 1.00619799320247 -0.0376647821449012 57366.7783710616 77752.0471191688 -384.462385746874 -12.0335856342349
541040 56276.1218094714 18900.3067235146 35598.3634225615 1997.41805041915 0.999619554331063 -0.03731956996743 57905.5878386797 76243.7306866388 -299.628321611427 -11.9464228897076
541080 56162.5843410713 18894.2100383266 35501.9442718282 2001.2438493573 0.999297106350741 -0.0375158460371983 58148.9665210533 77056.7568851192 -749.732483578007 -12.0001478139106
541120 56261.974559167 18892.474705235 35598.7204880143 1999.24997815152 0.99920532620574 -0.0356731251957369 56438.8491848166 73875.4888641791 -982.972532065989 -11.5172434793882
541160 56296.0277339035 18931.025059056 35610.923477095 1970.00671171253 1.00124421838191 -0.0374249727868619 56736.3290431128 78214.1010883269 -802.958890642829 -11.966074779306
541200 56226.7938511401 18949.8763773162 35550.8160394612 1964.55051782236 1.00224124698221 -0.0380571981955314 57994.3463949348 78051.1682189804 -145.89238008816 -12.0606774694339
541240 56238.2518925352 18939.9091035871 35517.0878632928 2009.89888054944 1.00171408719223 -0.0375160944762364 58234.2706057842 76896.6400175225 -686.035283982351 -11.9427571714227
541280 56176.6804583616 18863.5381597624 35549.7263451488 1975.91082054094 0.997674899365985 -0.0374335817859511 58492.2728870261 75926.5260871757 -209.991697769456 -11.9328755319528
541320 56244.2901463537 18866.979823556 35617.5771488281 1991.48296730366 0.997856925746716 -0.0373223711119494 57082.3843447224 77299.3153440983 -482.393347950173 -11.9209797639537
541360 56363.5468729261 18978.6273571681 35611.71038834 2001.40089719986 1.00376185942975 -0.0377194736227152 57846.3589807171 77905.5762080247 -716.741593280313 -12.0279204791871
541400 56098.6722558383 18746.2971986336 35603.0481064227 1973.14470135317 0.991474134530405 -0.0373213466660454 57631.267811602 76859.6807599847 -574.705220444325 -11.897032962899
541440 56127.618938757 18820.6507921659 35504.3987275833 2024.02857984307 0.995406626585531 -0.0376097683410264 57812.6355968946 77125.8222945035 -298.242006489085 -11.9808799486852
541480 56137.2718941469 18889.4111496469 35519.9746539224 1969.23787503697 0.999043297614537 -0.0375832539000399 57902.0828810255 76969.9074801144 -278.88476741506 -12.0138882123267
541520 56265.3601519583 18981.9150862636 35510.7486562339 2003.63287794781 1.0039357443482 -0.0374603947601471 57657.5481365649 76882.5045020555 -229.834480783016 -11.9464911175831
541560 56249.5867815418 18831.4378426084 35664.3312929264 2001.9114189905 0.995977143599543 -0.0380906798876795 57842.5241197698 77323.1063120325 843.733598126676 -12.0756620887663
541600 56321.9906868043 19023.5317626932 35508.4109515927 2012.57175175892 1.0061368114607 -0.0377703013586828 58204.3301311029 76723.5428590841 202.411820520095 -12.0806330028429
541640 56211.6928471057 18923.0016244288 35523.5151199338 1998.45722165494 1.0008198664249 -0.0376025958835079 57657.4442881544 76844.2613113895 164.014112265574 -12.0092476381493
541680 56223.4906535599 18902.8592381023 35556.9399862675 2003.96280899913 0.999754554441482 -0.0371725456628933 57211.2452900481 76647.5840743361 -183.45260711181 -11.9169805323425
541720 56101.8948211788 18827.8478020794 35517.4235941533 2007.38434782772 0.995787269711989 -0.0372802791829208 57984.1651550498 75794.3948961208 -8.10528282103873 -11.8886383602623
541760 56158.4030816762 18863.7221480114 35528.008063128 1975.4987624031 0.997684630332483 -0.0356296113811787 55927.6560653695 74294.6794277242 -1092.23844151363 -11.5119177880059
541800 56158.5067594034 18883.5635875953 35506.5455121193 1961.18930152762 0.998734025524013 -0.0380331563281839 58736.2614487857 77408.9342973782 -274.659260500373 -12.1044941119908
541840 56214.9316685541 18989.2845530972 35474.8104158625 1960.56974102273 1.00432550855995 -0.0363475202941337 56391.5897610314 76003.8446904556 -1216.26006407827 -11.7026752251065
541880 56193.3004553763 18880.7403792957 35569.2333427597 1963.15476520228 0.998584708676225 -0.0375018648075655 59381.5721130307 75249.1572436899 -146.069630265991 -11.9679123856056
541920 56196.5477087739 18895.4783795686 35517.1424085505 1996.89898389391 0.999364187733363 -0.0368723325140627 57326.6140099766 75645.3821478709 -269.014626081097 -11.8370523088938
541960 56269.8166415587 18967.4561020242 35534.0295377843 1997.40707640182 1.00317102218824 -0.0381311820483966 58620.7062183376 76893.6832920483 684.194129488152 -12.1590048606528
542000 56367.576384534 19006.3167891626 35625.3813586993 1963.11426204361 1.00522632760347 -0.0376773203654944 58617.1547191708 76142.0103608419 204.640919579713 -12.0512400206754
542040 56189.9832379359 18811.3043334549 35615.4180628008 1986.63067945042 0.99491230112151 -0.0376861636506167 58164.9517787365 75898.0452920675 781.91246868685 -12.0040396287848
542080 56157.7345814319 18855.8192876431 35560.4844732711 1977.11609798273 0.997266655435309 -0.0375533112786289 58045.2130596704 76908.2670607334 -505.04362771886 -11.9739073109765
542120 56164.6171952184 18881.0556456105 35539.4441411743 1977.99864162801 0.998601382816898 -0.0366812973120764 56624.9839310038 76096.8444287662 -578.081213717755 -11.7973382817973
542160 56417.6679857144 18938.3266104489 35709.3061666155 2031.40661744677 1.00163039060949 -0.0379662970453825 57816.2661523669 77704.6754587516 183.796977858265 -12.0936063905118
542200 56203.1181737051 18847.7017548436 35563.3940340723 2047.10817905233 0.996837326713927 -0.0378184771376479 58680.1692304458 76657.9674088393 -15.1635737293015 -12.1276560746161
542240 56183.8784002396 18858.5439205071 35497.446946501 2065.42746616549 0.997410758720462 -0.0376666059076016 58312.0756146509 77070.4339691273 -459.24151112625 -12.0217648551306
542280 56331.7459004514 18956.7986289259 35601.9075102081 2004.75001537501 1.00260735839883 -0.0383841463915937 59617.9064895982 76846.6097048016 422.1187540537 -12.2104701898215
542320 56384.466468643 18957.0915038673 35608.3519380124 2048.34084697732 1.0026228482807 -0.0381183284752795 59232.3289518921 77263.3026989189 -313.306398417985 -12.1477166394568
542360 56373.3369539096 19017.2039879886 35544.2268861855 2045.58340440542 1.00580214137187 -0.0376368919248478 58836.8945379087 76489.5232378469 -521.624941587893 -12.0126615866671
542400 56160.7342617163 18905.5603069802 35452.3320178544 2025.86920101637 0.999897411449434 -0.0372893938116097 58097.9506218705 75946.922672865 -191.741374294455 -11.9474442871359
542440 56283.118158945 18903.5804475413 35610.2415205456 2000.26983598016 0.999792698534515 -0.0374908113355423 58629.7670124904 75754.0194089209 125.587474163103 -12.0161446431073
542480 56208.346909979 18865.3712683032 35565.2358649787 2020.20116881937 0.997771850763096 -0.0377797501498473 58502.3443439116 76102.5555251098 575.711924354337 -12.0533520449566
542520 56146.698631009 18875.9502388283 35484.6458751799 2026.63072316579 0.998331362624793 -0.0372214516997804 57491.4547091095 76378.3596715865 -92.6729755500472 -11.913082161542
542560 56216.2755874855 18928.0340301342 35502.107510964 2021.08016771607 1.0010860256583 -0.0368611594863089 57044.0115673638 76083.0099250108 -421.836401563029 -11.8290466723379
542600 56210.5920466489 18860.7315937832 35556.6937648137 2040.09126464606 0.997526462714966 -0.0377087953917136 58278.293584212 77087.5860455807 -361.963612442075 -12.017471474329
542640 56076.8821907853 18830.0854727587 35493.4822322249 2002.28577989029 0.995905618022409 -0.0375031310779765 58181.0355303258 76389.0884358039 -32.6457276481322 -11.9560871361273
542680 56118.7297426489 18809.3223311025 35540.6316520545 2015.53012025052 0.994807474869893 -0.0369005438232334 55614.4441993678 76760.6573847274 555.218936366345 -11.8759529093394
542720 56333.6775510834 18981.4812962663 35548.2730390286 2029.62756633943 1.00391280160076 -0.0370123391844772 57745.5415832602 75399.5736383257 -155.192738621623 -11.8510815062248
542760 56174.8692054438 18901.8270749335 35547.5677952196 1990.50948739575 0.999699964296367 -0.0382531919872521 58209.300741829 77715.5992763824 569.613481753992 -12.151986644477
542800 56194.0071478902 18911.304662096 35535.3366043454 2003.73812290692 1.00020122502161 -0.0384609575998055 60249.3175055476 76778.0096008835 105.144592516054 -12.2281847051705
542840 56192.3721033672 18951.2913461332 35518.1461958723 1966.33127043886 1.00231608336021 -0.0374008403785991 57400.8294638922 76522.7614841407 196.166870781103 -11.9701764130819
542880 56190.0588588952 18846.7841959545 35600.3045042804 1975.38695327208 0.996788797882033 -0.0387394077974503 59774.0887474446 77781.3280632002 360.804556658883 -12.2734128848774
542920 56020.5797402592 18788.507447226 35473.8407946092 2005.3165892663 0.993706595119712 -0.0375727262785966 57829.6775255186 76389.0574303389 342.694866473702 -11.9284641900703
542960 56200.5005420954 18924.4939709607 35540.7826743252 1975.30157556961 1.00089879523791 -0.0372982311252327 58155.2554292443 76159.2134899387 -307.627176388978 -11.932251415731
543000 56121.7223517721 18887.5213918629 35455.785544793 2019.83116699184 0.998943350091917 -0.0368272665012639 57548.9561219865 75386.986338885 -461.631584973488 -11.821348714444
543040 56143.5726901143 18885.3200988511 35471.6518965837 2030.24480583342 0.998826925762322 -0.0379846550943634 57280.4455800186 77856.153412164 652.286702990136 -12.0783910295163
543080 55966.4069921987 18753.8944211663 35446.3070054448 2005.09520548643 0.991875944528168 -0.0367168657350242 56693.7695563602 76232.4257410792 -673.747729755637 -11.753187589124
543120 56249.817249669 18951.0837658234 35531.6041996092 1988.67516367124 1.00230510463168 -0.0373413915376116 58801.3404604248 75290.4550492685 -155.102157375525 -11.927177134641
543160 56195.9587123468 18961.1077597593 35479.3813223723 2002.35132515397 1.00283526430037 -0.0365718339826866 56756.6407188852 75803.7124484917 -623.522304984847 -11.8128664120179
543200 56229.8745225023 18932.1922772104 35526.8124998375 2000.33752385909 1.00130595145896 -0.0363811300005656 56647.9587392669 75035.0748362151 -424.861160782169 -11.7249964513398
543240 56190.4833287981 18803.3878693148 35593.2820243351 2009.39298737171 0.994493606733563 -0.0381831997174542 58644.0644761694 77358.2935993587 352.865480785606 -12.1261804908917
543280 56202.1872043288 18841.1097682719 35525.0898768901 2019.31071732867 0.996488682706435 -0.0373850499913946 56510.3197681763 77671.8110299408 -126.860355147484 -11.9404253538254
543320 56362.2710668616 18953.2795137015 35598.8800596024 2019.14584568644 1.00242123568433 -0.0363503449969052 56960.106947856 74866.1819239019 -647.432598564039 -11.6885976147746
543360 56239.9343529318 18875.6050109128 35535.08430352 2038.01670585674 0.998313103843065 -0.0372673749433997 58061.5947276899 75799.8428836347 -85.4218308338247 -11.905421886927
543400 56332.9737461202 18963.9999968352 35547.0919670481 2040.99877815162 1.00298823201561 -0.037547399207751 58416.4403890274 76847.7741436311 -790.918345214715 -11.9583470365031
543440 56361.8604480181 18938.3316595164 35571.754335154 2040.19385876928 1.00163065764995 -0.0371426841466423 57150.8315624137 76206.0731706053 44.6215421625481 -11.8749579353136
543480 56238.2878175751 18932.9888881018 35494.2818329711 2026.94589219458 1.00134808346433 -0.0372524189150547 57168.0443914222 76814.0260617708 -211.305629964697 -11.9380212622757
543520 56376.0236480817 19012.6703408838 35577.7631839468 2030.49331110349 1.00556236101461 -0.0370305885824013 56900.7335740745 76255.0490368352 -75.7472429420248 -11.8909892135445
543560 56260.1702579156 18825.4631943384 35621.3918350273 2043.41553894879 0.99566115003773 -0.0366796248537747 56372.934253964 76484.3603452253 -779.894601166609 -11.7551052052449
543600 56164.413336609 18930.3677279439 35452.012550754 2015.43525427599 1.00120945275387 -0.037512325525029 58518.8587560852 76135.7930343086 -177.951327810739 -11.968730137634
543640 56390.8520379741 19019.4142522791 35587.6941045512 2015.28018981004 1.00591904018401 -0.0382346834340145 58680.3389443818 77941.0807326571 -76.1092520909113 -12.1815881263319
543680 56009.7507105533 18802.3496549194 35458.2405236613 1957.81820637004 0.994438696544727 -0.0377912818815105 57459.0854958089 77489.070818802 323.582967752539 -12.0524896805748
543720 56260.0776904143 18958.891516081 35512.7503336221 1999.69135872908 1.002718049244 -0.0372145326462234 57423.8345368622 76198.5270705505 -33.6006986869714 -11.9094125332689
543760 56157.790362554 18800.8562818382 35567.8151858665 2004.29104383952 0.994359713438488 -0.0380515561095914 58034.8368207812 77923.4780907724 72.270928470027 -12.1161715693472
543800 56197.2572262681 18871.4151963842 35509.3546897651 2031.41732947307 0.998091508469347 -0.0378019561477821 58478.4874117878 76130.0986298904 571.216979516729 -12.0420184728018
543840 56266.0378287604 18946.1613592305 35550.7001312106 1993.78706657452 1.00204476314851 -0.0378148995234526 58186.5589013411 77499.1303678028 -392.053302961156 -12.0631137078984
543880 56414.2832933644 18995.8562819104 35643.5651320674 1992.96324716471 1.00467308115353 -0.0363686352287329 57545.6679134405 74634.2354028797 -781.858813831763 -11.746362359638
543920 56216.4920150224 18921.2089896539 35539.3297369112 1991.63307538657 1.00072505564744 -0.0383744895566274 59870.0650102956 76829.2692889134 167.34319247399 -12.1880212902181
543960 56362.581584069 18988.2230317624 35585.2613300997 1995.2466014559 1.00426936568887 -0.037434860659761 57825.6982654756 76587.300149261 -152.9570822288 -11.9449850287383
544000 56349.6994396646 19010.1131598299 35579.2664006167 1997.90436134628 1.00542711409916 -0.0372043221984563 57800.5831367682 76901.0145161694 -962.023728814851 -11.941732580735
544040 56178.7460003688 18867.8569283013 35497.0241179014 2013.0082890412 0.997903314996765 -0.0374586818328094 57675.0376278022 77062.4498204945 -523.613020848964 -11.9555802748767
544080 56256.9192664977 18948.0679596887 35503.3061355921 2008.67897720994 1.00214560146443 -0.0380916358628806 58711.6450984678 77366.1373495393 -86.8794514033274 -12.1024628186083
