time Area Area_std
200 300 0
400 300.04779 0.0067609214
600 300.09946 0.018460752
800 300.15472 0.010053939
1000 300.21215 0.0083205424
1200 300.26658 0.017260462
1400 300.31683 0.036744446
1600 300.34548 0.045452378
1800 300.3892 0.039416499
2000 300.43846 0.038047546
2200 300.48732 0.038005647
2400 300.54648 0.040682389
2600 300.59385 0.048171363
2800 300.64103 0.043543363
3000 300.69731 0.039810534
3200 300.75062 0.035824083
3400 300.79568 0.041121837
3600 300.84626 0.042302625
3800 300.89296 0.049389773
4000 300.94782 0.0485302
4200 301.00767 0.056024117
4400 301.07291 0.050115608
4600 301.12859 0.03980962
4800 301.17154 0.033957471
5000 301.22906 0.03144457
5200 301.27948 0.02261672
5400 301.33608 0.013730307
5600 301.39169 0.0020391436
5800 301.46594 0.008780109
6000 301.52084 0.01884101
6200 301.57663 0.019592787
6400 301.63161 0.018922065
6600 301.68831 0.026340644
6800 301.73937 0.020208776
7000 301.79764 0.022935565
7200 301.85681 0.013591449
7400 301.92708 0.014847043
7600 301.98747 0.02868941
7800 302.0502 0.023283405
8000 302.11253 0.016131241
8200 302.1878 0.0086627698
8400 302.25844 0.0043403944
8600 302.33446 0.0017036485
8800 302.40285 0.0088718158
9000 302.45043 0.014566947
9200 302.48972 0.02402789
9400 302.5436 0.02899067
9600 302.59162 0.027874606
9800 302.65642 0.021586162
10000 302.71349 0.01655172
10200 302.75888 0.018932448
10400 302.81061 0.014314488
10600 302.85669 0.0091648886
10800 302.90473 0.01462723
11000 302.96591 0.016210749
11200 303.01894 0.016990867
11400 303.08702 0.018695976
11600 303.1442 0.020029195
11800 303.22324 0.0182457
12000 303.29138 0.0066520394
12200 303.3578 0.018351988
12400 303.41529 0.033650965
12600 303.4775 0.035710925
12800 303.53333 0.044181044
13000 303.59207 0.045824063
13200 303.6485 0.043727587
13400 303.69375 0.039778134
13600 303.73901 0.042296077
13800 303.80139 0.053905582
14000 303.86193 0.065000334
14200 303.9069 0.073842409
14400 303.96931 0.071697699
14600 304.0239 0.077134282
14800 304.07369 0.067164581
15000 304.12853 0.056643505
15200 304.17233 0.060890102
15400 304.22272 0.065530026
15600 304.25464 0.074857631
15800 304.29321 0.088134258
16000 304.33931 0.098535664
16200 304.38348 0.11449249
16400 304.43891 0.13522995
16600 304.50955 0.14927158
16800 304.57364 0.1627516
17000 304.6365 0.1750886
17200 304.6865 0.18334275
17400 304.73666 0.19401164
17600 304.79114 0.18926382
17800 304.82929 0.18154498
18000 304.87355 0.18787318
18200 304.90955 0.19228599
18400 304.94656 0.20452039
18600 304.9946 0.22103172
18800 305.03833 0.23214065
19000 305.07901 0.23984216
19200 305.13782 0.23971567
19400 305.18135 0.23260017
19600 305.22604 0.2273966
19800 305.27252 0.22141502
20000 305.32365 0.22581897
20200 305.37455 0.22579589
20400 305.42615 0.22069993
20600 305.46963 0.22141409
20800 305.51848 0.23260572
21000 305.56957 0.23957669
21200 305.6226 0.23229624
21400 305.67151 0.23031093
21600 305.7156 0.23086901
21800 305.76591 0.23556104
22000 305.8081 0.24195088
22200 305.84982 0.23536833
22400 305.89001 0.225734
22600 305.9248 0.2014927
22800 305.97081 0.18681223
23000 306.01646 0.18040259
23200 306.06475 0.18145066
23400 306.10824 0.17972384
23600 306.14869 0.18037822
23800 306.20448 0.19091857
24000 306.25722 0.19650709
24200 306.31668 0.1965996
24400 306.37128 0.19332207
24600 306.41723 0.21183764
24800 306.47211 0.22298712
25000 306.52342 0.22620433
25200 306.59203 0.21817593
25400 306.65431 0.21810394
25600 306.71227 0.21644216
25800 306.76944 0.21632055
26000 306.83186 0.21290274
26200 306.88629 0.21218274
26400 306.94325 0.21437389
26600 306.9891 0.21371196
26800 307.04604 0.21506687
27000 307.10174 0.21381499
27200 307.15481 0.22063545
27400 307.20722 0.21843496
27600 307.2652 0.2345229
27800 307.31057 0.25617601
28000 307.36677 0.27504949
28200 307.42165 0.28498019
28400 307.46927 0.29822505
28600 307.52751 0.30935686
28800 307.58941 0.32353193
29000 307.64501 0.336049
29200 307.71168 0.33676796
29400 307.77478 0.34004052
29600 307.84357 0.35427045
29800 307.90461 0.36773031
30000 307.96187 0.37232176
30200 308.01688 0.38811957
30400 308.06566 0.39039486
30600 308.12575 0.37417835
30800 308.18419 0.37343
31000 308.23673 0.36703798
31200 308.2937 0.35503076
31400 308.35346 0.36022682
31600 308.41365 0.37688182
31800 308.46933 0.398628
32000 308.53931 0.41226087
32200 308.57957 0.42128739
32400 308.62843 0.42785748
32600 308.6895 0.42605249
32800 308.74404 0.43311344
33000 308.79669 0.43880211
33200 308.85482 0.43012048
33400 308.91648 0.41946963
33600 308.95745 0.40627176
33800 308.99548 0.40398636
34000 309.0399 0.40780092
34200 309.07774 0.4169197
34400 309.11212 0.42058919
34600 309.15779 0.4183057
34800 309.20914 0.42798721
35000 309.26663 0.44029069
35200 309.31842 0.44949591
35400 309.37014 0.45241534
35600 309.42837 0.44804672
35800 309.48196 0.43461906
36000 309.53293 0.4339513
36200 309.58129 0.4353644
36400 309.64126 0.43041414
36600 309.68779 0.42301051
36800 309.74727 0.42912712
37000 309.78722 0.42700422
37200 309.83056 0.42945379
37400 309.87588 0.43586661
37600 309.92877 0.43671209
37800 309.98385 0.44377013
38000 310.04686 0.43355384
38200 310.10445 0.42609013
38400 310.15958 0.42103643
38600 310.19889 0.40930632
38800 310.24906 0.40813985
39000 310.29241 0.41757507
39200 310.34505 0.42245688
39400 310.40541 0.43839196
39600 310.46537 0.43092449
39800 310.51829 0.42573453
40000 310.5832 0.42275792
40200 310.6332 0.42738288
40400 310.67307 0.42601297
40600 310.71186 0.41273487
40800 310.74665 0.41330715
41000 310.79396 0.41321767
41200 310.84208 0.41143497
41400 310.88368 0.40762085
41600 310.92682 0.39339269
41800 310.97671 0.3959878
42000 311.02815 0.40806303
42200 311.07988 0.40576579
42400 311.13508 0.40059726
42600 311.1925 0.40000402
42800 311.24821 0.39327252
43000 311.28895 0.38835496
43200 311.33589 0.38241425
43400 311.37583 0.39720132
43600 311.41686 0.38432316
43800 311.46062 0.37653434
44000 311.48762 0.37525484
44200 311.50795 0.37708185
44400 311.54877 0.37349789
44600 311.60079 0.36436566
44800 311.66023 0.36714313
45000 311.71293 0.3751916
45200 311.77637 0.38068932
45400 311.82028 0.39179371
45600 311.87113 0.40229715
45800 311.91398 0.41424158
46000 311.96187 0.43291594
46200 312.02509 0.43449865
46400 312.08039 0.43734538
46600 312.1473 0.44583613
46800 312.2052 0.45381009
47000 312.26601 0.45348346
47200 312.28961 0.457323
47400 312.31706 0.47839562
47600 312.36026 0.48377538
47800 312.40575 0.49067482
48000 312.45208 0.49701756
48200 312.50056 0.51853515
48400 312.55121 0.52089731
48600 312.59165 0.53170428
48800 312.66454 0.53646328
49000 312.72303 0.53063583
49200 312.78459 0.52462194
49400 312.84631 0.52591227
49600 312.90756 0.52293815
49800 312.94897 0.52371681
50000 313.00111 0.51797972
50200 313.03808 0.51330057
50400 313.08952 0.5265265
50600 313.13575 0.53592787
50800 313.18549 0.52584512
51000 313.2386 0.52105089
51200 313.29827 0.51250001
51400 313.36126 0.51598389
51600 313.41996 0.52730955
51800 313.47879 0.53502259
52000 313.53316 0.53769695
52200 313.58956 0.5434549
52400 313.63234 0.5487739
52600 313.67698 0.56169878
52800 313.72061 0.56268527
53000 313.76123 0.55450053
53200 313.81381 0.54514114
53400 313.85782 0.52843743
53600 313.89361 0.53506257
53800 313.92821 0.54976401
54000 313.96568 0.54838177
54200 314.0172 0.5486041
54400 314.06596 0.55482864
54600 314.10632 0.55536279
54800 314.14864 0.55525004
55000 314.2045 0.56654058
55200 314.26616 0.57295085
55400 314.33759 0.57453256
55600 314.40327 0.58307097
55800 314.46251 0.5942334
56000 314.52465 0.59024821
56200 314.57752 0.58255433
56400 314.63603 0.577348
56600 314.70039 0.57289078
56800 314.75574 0.57014855
57000 314.8129 0.567922
57200 314.87695 0.56993517
57400 314.92923 0.58585719
57600 314.97643 0.59331898
57800 315.03495 0.60327544
58000 315.09575 0.59456858
58200 315.15452 0.57613192
58400 315.219 0.55958131
58600 315.28174 0.56442868
58800 315.33886 0.57651206
59000 315.39251 0.57714554
59200 315.46109 0.57720518
59400 315.51813 0.5710455
59600 315.55807 0.57928531
59800 315.61709 0.58717565
60000 315.65945 0.59043971
60200 315.70401 0.58626237
60400 315.75621 0.57911432
60600 315.81879 0.57311133
60800 315.86784 0.56640916
61000 315.92412 0.55105935
61200 315.97949 0.54499819
61400 316.0316 0.5448562
61600 316.07369 0.53277545
61800 316.12105 0.5217103
62000 316.18079 0.51333735
62200 316.23239 0.49925127
62400 316.27692 0.49950931
62600 316.31995 0.49080556
62800 316.36539 0.4923182
63000 316.41265 0.48491801
63200 316.45918 0.47267163
63400 316.50783 0.46068653
63600 316.5494 0.45054472
63800 316.60258 0.44869005
64000 316.66441 0.44552138
64200 316.72644 0.44173926
64400 316.7894 0.44324687
64600 316.8513 0.45114675
64800 316.90494 0.44047577
65000 316.94549 0.43166826
65200 316.99185 0.43021422
65400 317.03946 0.43975855
65600 317.0863 0.44450243
65800 317.13187 0.46010928
66000 317.17513 0.47391093
66200 317.21904 0.47547244
66400 317.2652 0.47304937
66600 317.31094 0.48482669
66800 317.34024 0.49376929
67000 317.38385 0.50817443
67200 317.43245 0.51172232
67400 317.47985 0.50635275
67600 317.53746 0.50017833
67800 317.59773 0.50974804
68000 317.65973 0.51917103
68200 317.72088 0.52765408
68400 317.78308 0.54364303
68600 317.81892 0.549129
68800 317.86282 0.54438343
69000 317.93176 0.5575848
69200 317.98926 0.56206895
69400 318.04364 0.55567057
69600 318.09499 0.56084681
69800 318.13636 0.57027528
70000 318.19157 0.56493331
70200 318.24293 0.56191835
70400 318.28882 0.56176794
70600 318.32282 0.56350857
70800 318.36708 0.56246701
71000 318.41039 0.56444699
71200 318.43683 0.56950819
71400 318.47434 0.58561456
71600 318.51786 0.59729671
71800 318.56489 0.59573736
72000 318.61919 0.59613539
72200 318.66484 0.58644105
72400 318.71288 0.59473715
72600 318.75832 0.60453203
72800 318.79187 0.60381087
73000 318.84796 0.59216541
73200 318.91344 0.58302494
73400 318.98084 0.57908399
73600 319.02938 0.56982222
73800 319.08803 0.57236384
74000 319.14104 0.57914894
74200 319.18694 0.57551441
74400 319.24963 0.59126734
74600 319.29057 0.59496587
74800 319.35425 0.61048065
75000 319.40903 0.62009746
75200 319.45227 0.62475328
75400 319.48612 0.6239643
75600 319.53263 0.63020814
75800 319.58952 0.62574232
76000 319.64454 0.63784758
76200 319.68537 0.62652422
76400 319.72653 0.62391196
76600 319.76516 0.62288112
76800 319.8258 0.61362399
77000 319.88339 0.60424039
77200 319.93316 0.59952136
77400 319.99838 0.59951808
77600 320.05801 0.59775992
77800 320.11176 0.60317516
78000 320.15909 0.61458198
78200 320.2149 0.60815713
78400 320.27564 0.61537622
78600 320.31612 0.60133957
78800 320.35423 0.59413329
79000 320.41467 0.58144032
79200 320.46263 0.57050372
79400 320.51825 0.56122923
79600 320.58499 0.54828298
79800 320.64761 0.55132125
80000 320.70165 0.54228622
80200 320.75233 0.54372432
80400 320.79862 0.54025554
80600 320.8518 0.54319205
80800 320.90097 0.55196585
81000 320.96283 0.55743585
81200 321.03399 0.5547713
81400 321.08879 0.54951297
81600 321.1409 0.55652938
81800 321.18972 0.55144927
82000 321.24312 0.5598776
82200 321.30867 0.55711766
82400 321.36521 0.56564858
82600 321.43003 0.56666959
82800 321.49097 0.56904663
83000 321.54682 0.58132681
83200 321.6044 0.59592207
83400 321.66635 0.60094815
83600 321.73212 0.61732549
83800 321.78398 0.63108873
84000 321.83796 0.64890709
84200 321.90139 0.6511727
84400 321.95811 0.65300811
84600 322.02205 0.65505076
84800 322.0813 0.66056666
85000 322.137 0.6748333
85200 322.187 0.67039792
85400 322.23768 0.6831827
85600 322.29717 0.68325062
85800 322.36395 0.68468833
86000 322.43502 0.68146816
86200 322.49056 0.69470263
86400 322.54045 0.69939474
86600 322.59661 0.71370305
86800 322.65621 0.72566867
87000 322.72093 0.74469961
87200 322.77281 0.75517192
87400 322.81248 0.75711872
87600 322.84739 0.76144398
87800 322.88308 0.75657863
88000 322.93274 0.76504812
88200 322.99312 0.76310926
88400 323.04715 0.75555683
88600 323.10116 0.75719461
88800 323.14772 0.75847835
89000 323.19276 0.76592401
89200 323.23763 0.76736142
89400 323.29341 0.76987986
89600 323.36808 0.76540703
89800 323.44233 0.75566894
90000 323.49986 0.76225128
90200 323.56567 0.76684843
90400 323.62814 0.76892596
90600 323.68173 0.7680894
90800 323.7328 0.76242843
91000 323.78143 0.7652175
91200 323.84493 0.76307756
91400 323.90473 0.76739969
91600 323.95989 0.76796355
91800 324.02245 0.77552203
92000 324.07725 0.77769774
92200 324.1325 0.77909931
92400 324.18483 0.77587815
92600 324.23632 0.77206572
92800 324.29584 0.77370472
93000 324.34689 0.79232904
93200 324.4069 0.80551122
93400 324.46975 0.82244194
93600 324.52911 0.84155947
93800 324.57653 0.84869754
94000 324.63964 0.86521483
94200 324.68865 0.88870599
94400 324.74537 0.89413015
94600 324.81136 0.90093501
94800 324.88556 0.90641545
95000 324.96516 0.89782546
95200 325.04626 0.8863861
95400 325.10659 0.88922211
95600 325.16391 0.88346055
95800 325.21802 0.89342665
96000 325.28184 0.89982478
96200 325.34584 0.90434384
96400 325.3974 0.91510012
96600 325.45616 0.90925757
96800 325.49132 0.89324028
97000 325.53913 0.88047366
97200 325.5957 0.87441534
97400 325.65535 0.86371683
97600 325.72103 0.84760979
97800 325.79031 0.83185821
98000 325.84752 0.83106962
98200 325.90868 0.823684
98400 325.98509 0.80394422
98600 326.06158 0.7980575
98800 326.12022 0.8061306
99000 326.19589 0.80414508
99200 326.25097 0.79121202
99400 326.30279 0.80070453
99600 326.35449 0.80805352
99800 326.41248 0.81033304
100000 326.47419 0.80874088
100200 326.52499 0.81240034
100400 326.58677 0.80808401
100600 326.65365 0.81868631
100800 326.71061 0.83075846
101000 326.7603 0.83980026
101200 326.81697 0.84435512
101400 326.86031 0.85863545
101600 326.91449 0.8670213
101800 326.97963 0.86143059
102000 327.0407 0.86577499
102200 327.10378 0.86467737
102400 327.16858 0.86650524
102600 327.24345 0.86501184
102800 327.31688 0.86805991
103000 327.38517 0.87052253
103200 327.44441 0.87237654
103400 327.50458 0.88635896
103600 327.55896 0.89588991
103800 327.6093 0.88788375
104000 327.6604 0.89100252
104200 327.7237 0.89301104
104400 327.77054 0.90093216
104600 327.81815 0.90469453
104800 327.86456 0.91529865
105000 327.89362 0.92448956
105200 327.92887 0.93076684
105400 327.98139 0.9277873
105600 328.02934 0.94144841
105800 328.06977 0.94081234
106000 328.10955 0.94598391
106200 328.15535 0.95518467
106400 328.19704 0.97291937
106600 328.24006 0.98234568
106800 328.29536 0.97484325
107000 328.35971 0.97057742
107200 328.4219 0.98257582
107400 328.48214 0.98681336
107600 328.54522 0.9886537
107800 328.60829 0.98644344
108000 328.6557 0.98601848
108200 328.70736 0.99148758
108400 328.76554 0.97311607
108600 328.8237 0.97651304
108800 328.8674 0.98130801
109000 328.91284 0.98364185
109200 328.97603 0.97471828
109400 329.03755 0.97739803
109600 329.09031 0.97978278
109800 329.15471 0.9945257
110000 329.21093 1.0033509
110200 329.27795 1.0140781
110400 329.3407 1.0188612
110600 329.40026 1.0174229
110800 329.46555 1.0085293
111000 329.53654 0.98991367
111200 329.60554 0.98636827
111400 329.66256 0.98929996
111600 329.73756 0.99729217
111800 329.80452 0.99974499
112000 329.86171 0.99526889
112200 329.91505 0.98791333
112400 329.97467 0.97567414
112600 330.03471 0.96498832
112800 330.09195 0.95038224
113000 330.15656 0.92602533
113200 330.22046 0.91545681
113400 330.27853 0.89933906
113600 330.34338 0.87023927
113800 330.40061 0.85492686
114000 330.45606 0.82963314
114200 330.51158 0.82533816
114400 330.57189 0.81822757
114600 330.62376 0.81827996
114800 330.68581 0.8133371
115000 330.7459 0.81909347
115200 330.79644 0.81571194
115400 330.84586 0.81287295
115600 330.90397 0.81618373
115800 330.95296 0.80722584
116000 330.99755 0.80341139
116200 331.05795 0.79585638
116400 331.12007 0.77868886
116600 331.17114 0.7773965
116800 331.22454 0.78023823
117000 331.27143 0.78395906
117200 331.31212 0.80604291
117400 331.36541 0.81970793
117600 331.43403 0.82202108
117800 331.49501 0.82347789
118000 331.54166 0.83039599
118200 331.59119 0.84788082
118400 331.63691 0.85013852
118600 331.68436 0.85408648
118800 331.75326 0.85332307
119000 331.80713 0.840998
119200 331.86944 0.84831235
119400 331.92761 0.85366323
119600 331.97912 0.84403919
119800 332.04146 0.83878671
120000 332.10579 0.84683841
120200 332.17181 0.84881939
120400 332.22809 0.84008617
120600 332.287 0.82877774
120800 332.34559 0.82461827
121000 332.39649 0.81647507
121200 332.45759 0.8150476
121400 332.51722 0.80971135
121600 332.57579 0.8071483
121800 332.64214 0.80740222
122000 332.708 0.80359378
122200 332.777 0.80196111
122400 332.81562 0.79884608
122600 332.86156 0.78901298
122800 332.91618 0.78382915
123000 332.9669 0.78294127
123200 333.0118 0.78509662
123400 333.06817 0.7910188
123600 333.13419 0.8023557
123800 333.19334 0.80816748
124000 333.24611 0.80099851
124200 333.29668 0.80400074
124400 333.35069 0.80847168
124600 333.40671 0.80661871
124800 333.46218 0.79580524
125000 333.51995 0.78990843
125200 333.57772 0.78574882
125400 333.63446 0.77780822
125600 333.68628 0.75940198
125800 333.74922 0.76324716
126000 333.79541 0.77389287
126200 333.8393 0.76646067
126400 333.89086 0.76686719
126600 333.95182 0.77241038
126800 334.01252 0.7783221
127000 334.05659 0.77622105
127200 334.10906 0.77753091
127400 334.15256 0.77775229
127600 334.19204 0.78021026
127800 334.24907 0.78367286
128000 334.30367 0.78272379
128200 334.36179 0.7847424
128400 334.43755 0.78204411
128600 334.49122 0.78174509
128800 334.55779 0.77381096
129000 334.63144 0.78468217
129200 334.68511 0.78280031
129400 334.74865 0.77935354
129600 334.802 0.76506894
129800 334.86605 0.75308698
130000 334.92365 0.74222176
130200 334.98982 0.74057331
130400 335.05233 0.7379681
130600 335.127 0.71150059
130800 335.19125 0.69841728
131000 335.26016 0.69207238
131200 335.32642 0.67909569
131400 335.39739 0.6766634
131600 335.4629 0.67363206
131800 335.5176 0.66510309
132000 335.5769 0.66065857
132200 335.65304 0.65765114
132400 335.71241 0.64267725
132600 335.76944 0.62585657
132800 335.8257 0.61802429
133000 335.87907 0.61942897
133200 335.92875 0.6230826
133400 335.96894 0.62142545
133600 336.02271 0.62101104
133800 336.08304 0.61992151
134000 336.13949 0.63355268
134200 336.20471 0.63877586
134400 336.25078 0.65370638
134600 336.30133 0.65399537
134800 336.35501 0.64934257
135000 336.39908 0.65182433
135200 336.44348 0.65922699
135400 336.49411 0.66187479
135600 336.55189 0.65836959
135800 336.61543 0.65855268
136000 336.67944 0.65256679
136200 336.7285 0.65325523
136400 336.76984 0.65833992
136600 336.81826 0.66549285
136800 336.86747 0.66988089
137000 336.91175 0.67840996
137200 336.96524 0.65751609
137400 337.01809 0.64487482
137600 337.07121 0.64041037
137800 337.14161 0.6352413
138000 337.20015 0.63093563
138200 337.25468 0.62561146
138400 337.30557 0.62058533
138600 337.35086 0.62629975
138800 337.40271 0.62312803
139000 337.45866 0.61533588
139200 337.51769 0.60975619
139400 337.57671 0.62327042
139600 337.645 0.62990951
139800 337.71148 0.64596261
140000 337.77781 0.64913235
140200 337.84384 0.67465642
140400 337.90981 0.68083388
140600 337.96266 0.67765577
140800 338.01141 0.68302014
141000 338.06858 0.7051071
141200 338.12612 0.71466933
141400 338.17719 0.70490207
141600 338.23687 0.70232482
141800 338.30494 0.71690146
142000 338.36541 0.73160487
142200 338.41865 0.74920909
142400 338.46775 0.74919024
142600 338.51227 0.76087017
142800 338.56169 0.78102253
143000 338.61216 0.80363177
143200 338.6649 0.81618805
143400 338.71359 0.83024792
143600 338.77546 0.84250042
143800 338.83419 0.84894928
144000 338.90061 0.88155058
144200 338.97048 0.89430639
144400 339.02156 0.90523108
144600 339.08321 0.91185326
144800 339.13751 0.91702102
145000 339.20459 0.93257374
145200 339.26731 0.95351866
145400 339.31673 0.97794451
145600 339.37353 0.99644662
145800 339.43017 1.0021807
146000 339.49436 0.99728254
146200 339.57339 1.0073408
146400 339.63222 1.0038631
146600 339.68644 1.0035074
146800 339.75641 1.0072229
147000 339.81316 1.0234056
147200 339.87716 1.0365134
147400 339.94672 1.0333496
147600 340.00192 1.0368126
147800 340.05769 1.0334146
148000 340.12421 1.0322282
148200 340.16518 1.0316387
148400 340.22747 1.0270022
148600 340.29189 1.0291249
148800 340.3572 1.0404972
149000 340.43201 1.0390884
149200 340.49803 1.0339872
149400 340.56963 1.027781
149600 340.6306 1.0135838
149800 340.69847 1.0087134
150000 340.7637 0.99691814
150200 340.82429 0.98048618
150400 340.87128 0.96650283
150600 340.94548 0.95159112
150800 341.0066 0.94948211
151000 341.07563 0.95211031
151200 341.14187 0.93840608
151400 341.20311 0.94737164
151600 341.27 0.93664201
151800 341.33351 0.93627264
152000 341.4008 0.9365606
152200 341.47338 0.92248614
152400 341.53991 0.90028297
152600 341.61411 0.91175432
152800 341.68511 0.92016138
153000 341.75511 0.92600271
153200 341.81266 0.92212128
153400 341.86298 0.92693646
153600 341.91868 0.93164597
153800 341.97603 0.91941773
154000 342.0383 0.92647063
154200 342.09961 0.92959518
154400 342.16561 0.92524902
154600 342.23638 0.9284728
154800 342.30635 0.92152818
155000 342.37157 0.91753759
155200 342.43541 0.92793152
155400 342.49931 0.93576528
155600 342.54096 0.93753587
155800 342.59404 0.94753726
156000 342.65317 0.94998877
156200 342.7088 0.95723904
156400 342.74182 0.95531539
156600 342.7783 0.96341169
156800 342.82462 0.96679585
157000 342.87748 0.9491026
157200 342.92834 0.94954618
157400 342.9872 0.94818296
157600 343.05537 0.93954167
157800 343.12607 0.94269534
158000 343.1872 0.94670628
158200 343.24308 0.93996581
158400 343.30224 0.93440235
158600 343.36261 0.93161786
158800 343.41542 0.928284
159000 343.46676 0.92393175
159200 343.52024 0.91466722
159400 343.57452 0.91070216
159600 343.65202 0.91015631
159800 343.72189 0.90731524
160000 343.77705 0.91054078
160200 343.8382 0.89949756
160400 343.89328 0.9027892
160600 343.94895 0.92437376
160800 344.0182 0.93405677
161000 344.06785 0.94077812
161200 344.1261 0.95260038
161400 344.17153 0.95878944
161600 344.23942 0.96911385
161800 344.30065 0.97802672
162000 344.35899 0.98154781
162200 344.42076 0.97860177
162400 344.47993 0.97977178
162600 344.54427 0.99222927
162800 344.60389 1.0067327
163000 344.66333 1.0043691
163200 344.72981 0.99070219
163400 344.78827 0.98912207
163600 344.84955 0.99234163
163800 344.91955 0.99577642
164000 344.99358 0.99723251
164200 345.06036 1.0048294
164400 345.11858 0.99647824
164600 345.17934 0.99975987
164800 345.23301 1.0061204
165000 345.29951 1.0157232
165200 345.36034 1.0230358
165400 345.42541 1.0173653
165600 345.48969 1.0162161
165800 345.54587 1.0093453
166000 345.59779 1.0168886
166200 345.665 1.0145097
166400 345.7229 1.0290556
166600 345.78074 1.0186912
166800 345.82508 1.0122345
167000 345.88042 1.008393
167200 345.94232 1.0170093
167400 346.01116 1.0260595
167600 346.07962 1.0338655
167800 346.14363 1.0440026
168000 346.19273 1.051552
168200 346.24622 1.059631
168400 346.2985 1.0665179
168600 346.34357 1.0683293
168800 346.39601 1.0732116
169000 346.44951 1.0725018
169200 346.50536 1.0714643
169400 346.58107 1.0654933
169600 346.64822 1.0684482
169800 346.70192 1.0760722
170000 346.7516 1.0725685
170200 346.81243 1.0739112
170400 346.8727 1.0794792
170600 346.9387 1.0821357
170800 347.01234 1.0795326
171000 347.07942 1.0908823
171200 347.13619 1.095389
171400 347.2073 1.1022574
171600 347.27759 1.0964398
171800 347.33155 1.0919536
172000 347.39982 1.0974893
172200 347.46663 1.0937429
172400 347.52963 1.095435
172600 347.57466 1.0897039
172800 347.627 1.0952018
173000 347.68712 1.0862173
173200 347.74629 1.087884
173400 347.81781 1.0878645
173600 347.89847 1.091472
173800 347.96659 1.0844806
174000 348.03987 1.0873025
174200 348.09972 1.0879567
174400 348.16701 1.0762977
174600 348.22479 1.0568849
174800 348.27701 1.050795
175000 348.32783 1.0392692
175200 348.38641 1.0277203
175400 348.44998 1.0188402
175600 348.50443 1.0131588
175800 348.56301 1.0086805
176000 348.62572 0.98730106
176200 348.69491 0.98656142
176400 348.7573 0.97738213
176600 348.82004 0.97459901
176800 348.88578 0.96576331
177000 348.94997 0.96431992
177200 349.01155 0.96033098
177400 349.06246 0.95488795
177600 349.1282 0.96722308
177800 349.19182 0.9743213
178000 349.24512 0.97431276
178200 349.31707 0.97154005
178400 349.38343 0.97095055
178600 349.43946 0.97574003
178800 349.49129 0.97961179
179000 349.54672 0.98584017
179200 349.61251 0.98193159
179400 349.67855 0.98185221
179600 349.74148 0.97762232
179800 349.80463 0.96969508
180000 349.86338 0.96885626
180200 349.92367 0.97915591
180400 349.98169 0.98147882
180600 350.04488 0.98444276
180800 350.11673 0.98210398
181000 350.18351 0.97904258
181200 350.25076 0.9527033
181400 350.34129 0.94595922
181600 350.42333 0.95071858
181800 350.50212 0.94747678
182000 350.58268 0.96341569
182200 350.64014 0.98034111
182400 350.70673 0.99427859
182600 350.78756 1.0001002
182800 350.86134 0.99423008
183000 350.9198 0.9981373
183200 350.97911 0.99765701
183400 351.04469 0.98856387
183600 351.10103 1.0010769
183800 351.16504 0.99845451
184000 351.22062 1.0179168
184200 351.28358 1.0142683
184400 351.34345 1.0090725
184600 351.4042 0.99864825
184800 351.47144 0.99898883
185000 351.53485 1.0003915
185200 351.59808 1.011966
185400 351.65165 1.011024
185600 351.72181 1.0021587
185800 351.78658 1.0053644
186000 351.84735 1.002008
186200 351.91908 1.0011605
186400 351.98843 1.0077213
186600 352.05954 1.0186598
186800 352.12772 1.0281714
187000 352.18698 1.0387716
187200 352.25173 1.0419739
187400 352.32385 1.0415486
187600 352.38566 1.0409684
187800 352.44939 1.0453048
188000 352.51433 1.0518833
188200 352.57639 1.0581988
188400 352.64059 1.0569082
188600 352.706 1.0577204
188800 352.77917 1.0628301
189000 352.82247 1.0847937
189200 352.86841 1.1074076
189400 352.92443 1.1296379
189600 352.98618 1.1393173
189800 353.03149 1.1518092
190000 353.08492 1.1614705
190200 353.13911 1.1661708
190400 353.19167 1.1634445
190600 353.24366 1.1557812
190800 353.3007 1.1578446
191000 353.35635 1.166135
191200 353.40451 1.1852583
191400 353.45817 1.2037612
191600 353.52439 1.2248414
191800 353.59048 1.2355349
192000 353.64779 1.2458218
192200 353.69693 1.2693637
192400 353.74874 1.2680001
192600 353.81152 1.270388
192800 353.86548 1.2722542
193000 353.91775 1.2736206
193200 353.96391 1.2764069
193400 353.99639 1.269436
193600 354.05622 1.2609163
193800 354.11159 1.2616326
194000 354.17864 1.2651986
194200 354.24556 1.2611179
194400 354.30263 1.2495914
194600 354.3706 1.2473561
194800 354.43998 1.2501912
195000 354.51723 1.2513926
195200 354.59184 1.2570033
195400 354.65437 1.2527645
195600 354.72518 1.2424063
195800 354.78514 1.2346336
196000 354.85134 1.2328017
196200 354.92502 1.233137
196400 354.9995 1.2239243
196600 355.07417 1.2292336
196800 355.13985 1.236738
197000 355.20654 1.2363759
197200 355.27988 1.2406595
197400 355.33841 1.245202
197600 355.40896 1.2531788
197800 355.47161 1.2677967
198000 355.53446 1.272142
198200 355.60548 1.2789142
198400 355.6641 1.2739732
198600 355.71895 1.2778918
198800 355.77767 1.2817477
199000 355.83589 1.2780987
199200 355.88989 1.2807092
199400 355.94862 1.2792793
199600 356.00204 1.2839042
199800 356.06543 1.2883698
200000 356.12842 1.2847733
200200 356.19963 1.2854159
200400 356.26575 1.2908938
200600 356.34233 1.2903677
200800 356.41749 1.3008476
201000 356.49036 1.3032866
201200 356.56439 1.2961653
201400 356.63901 1.2916997
201600 356.69897 1.2857071
201800 356.759 1.2924991
202000 356.82008 1.2948318
202200 356.8908 1.2922359
202400 356.95727 1.2973021
202600 357.03614 1.2921259
202800 357.11208 1.2876276
203000 357.1808 1.2958864
203200 357.25608 1.303013
203400 357.32033 1.2934424
203600 357.38618 1.2854855
203800 357.4531 1.2797384
204000 357.52033 1.2678063
204200 357.59327 1.2674093
204400 357.65187 1.2523378
204600 357.70877 1.2473445
204800 357.76493 1.2465274
205000 357.82432 1.245236
205200 357.89289 1.2465344
205400 357.96704 1.2334123
205600 358.03386 1.2295126
205800 358.09953 1.2279798
206000 358.15972 1.228191
206200 358.23387 1.2359938
206400 358.30362 1.2370417
206600 358.35819 1.2385444
206800 358.41018 1.2367533
207000 358.45631 1.2326062
207200 358.52149 1.2261475
207400 358.58819 1.2177677
207600 358.65572 1.2039723
207800 358.71189 1.2047404
208000 358.77339 1.2031457
208200 358.83904 1.2031614
208400 358.90729 1.1992714
208600 358.99125 1.1980048
208800 359.05458 1.1830194
209000 359.12276 1.176304
209200 359.18452 1.1708858
209400 359.23841 1.1604687
209600 359.31315 1.153932
209800 359.38989 1.1437745
210000 359.47378 1.1518936
210200 359.54691 1.1421346
210400 359.60927 1.1248304
210600 359.6674 1.1128086
210800 359.73063 1.0954754
211000 359.79689 1.0901921
211200 359.86739 1.0923478
211400 359.92977 1.0957804
211600 360.00004 1.0926661
211800 360.04914 1.0762997
212000 360.11314 1.0544178
212200 360.19089 1.037067
212400 360.26351 1.0131788
212600 360.34218 1.0013321
212800 360.40914 1.0119423
213000 360.46555 1.0108892
213200 360.51982 1.0032846
213400 360.57816 0.99713638
213600 360.63905 0.97300545
213800 360.70008 0.96646585
214000 360.77229 0.96037453
214200 360.84183 0.95506437
214400 360.91247 0.95152015
214600 360.98627 0.95329637
214800 361.05761 0.95409009
215000 361.11466 0.95014376
215200 361.18067 0.93601089
215400 361.2459 0.92457807
215600 361.3002 0.91450448
215800 361.36012 0.91110551
216000 361.42103 0.89576519
216200 361.47777 0.89317306
216400 361.54424 0.90207621
216600 361.59969 0.90660191
216800 361.65989 0.90914886
217000 361.73293 0.91919186
217200 361.80242 0.92332876
217400 361.87345 0.91994545
217600 361.94493 0.92880256
217800 361.99917 0.92435228
218000 362.05953 0.91671853
218200 362.11744 0.90805968
218400 362.17324 0.90254851
218600 362.22041 0.89868341
218800 362.28306 0.89350573
219000 362.34182 0.87744572
219200 362.41558 0.87480443
219400 362.47612 0.86572702
219600 362.54158 0.85888207
219800 362.61156 0.87141978
220000 362.68093 0.87227323
220200 362.75615 0.86958784
220400 362.82812 0.86316936
220600 362.89186 0.85755209
220800 362.94615 0.86099248
221000 363.00601 0.86458801
221200 363.06081 0.8757626
221400 363.1253 0.87251671
221600 363.18285 0.87589201
221800 363.23982 0.86918014
222000 363.29047 0.86689797
222200 363.33882 0.86229528
222400 363.40145 0.87504206
222600 363.46016 0.87422276
222800 363.51124 0.87516562
223000 363.56556 0.87268791
223200 363.63525 0.86789886
223400 363.6869 0.86731373
223600 363.74669 0.85983117
223800 363.81489 0.85793262
224000 363.87091 0.85557017
224200 363.91517 0.84391406
224400 363.96811 0.85142407
224600 364.02255 0.8558092
224800 364.06868 0.84442524
225000 364.1209 0.84672337
225200 364.17989 0.86398774
225400 364.24643 0.85717718
225600 364.31429 0.86021528
225800 364.37491 0.87196356
226000 364.43339 0.87538427
226200 364.50612 0.87472304
226400 364.57002 0.86994952
226600 364.63376 0.8748004
226800 364.69405 0.86682309
227000 364.76451 0.86418204
227200 364.82884 0.85538679
227400 364.89093 0.85176794
227600 364.95783 0.85236101
227800 365.01998 0.85360798
228000 365.08017 0.84207875
228200 365.13724 0.82170192
228400 365.19293 0.80569627
228600 365.25776 0.80578011
228800 365.31482 0.80736747
229000 365.37963 0.8029692
229200 365.44873 0.81021247
229400 365.51464 0.79936761
229600 365.58533 0.78511521
229800 365.65026 0.77365721
230000 365.70782 0.75603251
230200 365.75716 0.74299988
230400 365.81416 0.73745888
230600 365.87431 0.72888285
230800 365.93673 0.7185634
231000 366.00051 0.71583698
231200 366.04978 0.70746736
231400 366.1083 0.70065069
231600 366.17013 0.69354084
231800 366.23564 0.67791018
232000 366.29796 0.6830134
232200 366.35724 0.68894144
232400 366.4188 0.68634664
232600 366.48009 0.69523017
232800 366.55618 0.7031927
233000 366.61831 0.70022376
233200 366.67889 0.70152338
233400 366.75334 0.70824237
233600 366.82357 0.71194404
233800 366.89852 0.71491804
234000 366.97061 0.72079926
234200 367.03768 0.72037643
234400 367.09905 0.7016628
234600 367.15077 0.69206606
234800 367.20843 0.69568707
235000 367.28488 0.70879783
235200 367.35131 0.7020323
235400 367.4148 0.69164569
235600 367.48571 0.69178324
235800 367.5632 0.69417124
236000 367.62986 0.6786188
236200 367.70099 0.67545507
236400 367.762 0.68658835
236600 367.81876 0.68782959
236800 367.88402 0.70605348
237000 367.94492 0.70180216
237200 368.00756 0.7077077
237400 368.06918 0.6952982
237600 368.12611 0.69570895
237800 368.1951 0.70095678
238000 368.27223 0.7036791
238200 368.3315 0.70306811
238400 368.37635 0.70608796
238600 368.43394 0.71053129
238800 368.48431 0.71057718
239000 368.53729 0.70340908
239200 368.59113 0.69751103
239400 368.64924 0.71433521
239600 368.70383 0.72691461
239800 368.75705 0.72123219
240000 368.81804 0.7159442
240200 368.886 0.71492279
240400 368.95493 0.70868328
240600 368.99907 0.69986651
240800 369.05174 0.69746963
241000 369.10801 0.70494492
241200 369.17049 0.69956649
241400 369.23723 0.70566296
241600 369.31315 0.70499811
241800 369.37876 0.70768459
242000 369.45999 0.71810125
242200 369.54399 0.71659919
242400 369.61384 0.71110803
242600 369.67566 0.71794526
242800 369.72568 0.72993933
243000 369.77049 0.7455556
243200 369.83187 0.76043861
243400 369.89614 0.76661527
243600 369.96131 0.77508511
243800 370.02819 0.79255656
244000 370.09798 0.802039
244200 370.1645 0.81255711
244400 370.21044 0.81419267
244600 370.2556 0.81313792
244800 370.30216 0.8159339
245000 370.36236 0.81454451
245200 370.4176 0.80356821
245400 370.47434 0.79908249
245600 370.53251 0.80125892
245800 370.59548 0.81306413
246000 370.65204 0.81660953
246200 370.70054 0.80940819
246400 370.75206 0.82165057
246600 370.80423 0.84068558
246800 370.85589 0.84942062
247000 370.90527 0.84718472
247200 370.96353 0.84252109
247400 371.02018 0.83305628
247600 371.08946 0.85562982
247800 371.14864 0.86954961
248000 371.23247 0.87647944
248200 371.30035 0.88340876
248400 371.37107 0.88122788
248600 371.4375 0.87691513
248800 371.52171 0.87432243
249000 371.58994 0.85457371
249200 371.65786 0.83228644
249400 371.7317 0.81536092
249600 371.79951 0.80867139
249800 371.85944 0.80652656
250000 371.93325 0.80777529
250200 371.99453 0.80442629
250400 372.05751 0.78971555
250600 372.12282 0.77823822
250800 372.17649 0.76734358
251000 372.22722 0.74685468
251200 372.28162 0.73134379
251400 372.34027 0.72299667
251600 372.40436 0.72491903
251800 372.47457 0.72850326
252000 372.53076 0.71608962
252200 372.59188 0.7172039
252400 372.65846 0.71857293
252600 372.72581 0.71022107
252800 372.78672 0.69600555
253000 372.85217 0.70306238
253200 372.91014 0.69899431
253400 372.97362 0.70637163
253600 373.0364 0.6972777
253800 373.09813 0.69737813
254000 373.1599 0.68481261
254200 373.22076 0.68140954
254400 373.26852 0.66213925
254600 373.32622 0.64091415
254800 373.38638 0.63384183
255000 373.45019 0.61412916
255200 373.51463 0.61570983
255400 373.5876 0.61488528
255600 373.63882 0.61359795
255800 373.69223 0.61319339
256000 373.75741 0.62580032
256200 373.82343 0.62634574
256400 373.87767 0.61876408
256600 373.92385 0.59802025
256800 373.99701 0.59576442
257000 374.07061 0.58480986
257200 374.1384 0.57231826
257400 374.20546 0.57318797
257600 374.27152 0.57952552
257800 374.33961 0.57380951
258000 374.40394 0.57635395
258200 374.47714 0.58581438
258400 374.53598 0.59422621
258600 374.61359 0.59459189
258800 374.67895 0.58137165
259000 374.74579 0.57437725
259200 374.81534 0.57667504
259400 374.8933 0.58460413
259600 374.97732 0.5847517
259800 375.05748 0.56492126
260000 375.14717 0.56110745
260200 375.22605 0.5579989
260400 375.29656 0.54499753
260600 375.36579 0.54466618
260800 375.42642 0.54402242
261000 375.48688 0.53332296
261200 375.53855 0.51905692
261400 375.59149 0.51426942
261600 375.63823 0.50562941
261800 375.68664 0.51264049
262000 375.75513 0.50534349
262200 375.82551 0.49738984
262400 375.88121 0.49131423
262600 375.93914 0.4858463
262800 375.99711 0.47609096
263000 376.0613 0.47463517
263200 376.12259 0.47374339
263400 376.19108 0.47570427
263600 376.2599 0.47534902
263800 376.32682 0.46947018
264000 376.38267 0.45872652
264200 376.45083 0.44335518
264400 376.50405 0.4310684
264600 376.55048 0.42383816
264800 376.61674 0.41447211
265000 376.67453 0.40189489
265200 376.74293 0.38952677
265400 376.81727 0.36640885
265600 376.87475 0.34615532
265800 376.93726 0.3371101
266000 376.99092 0.33021244
266200 377.05073 0.33520895
266400 377.12177 0.34398043
266600 377.18944 0.33834673
266800 377.25904 0.33589935
267000 377.32497 0.33006132
267200 377.38734 0.32804328
267400 377.45554 0.31443347
267600 377.51652 0.30413034
267800 377.5854 0.3040275
268000 377.65239 0.28376527
268200 377.71639 0.27941818
268400 377.7702 0.27063231
268600 377.84138 0.2539943
268800 377.92397 0.24476162
269000 378.00038 0.24086054
269200 378.0692 0.23175326
269400 378.13794 0.22836387
269600 378.19842 0.25023235
269800 378.25093 0.25747141
270000 378.29939 0.26616368
270200 378.35604 0.26001127
270400 378.41985 0.25725068
270600 378.47987 0.25117552
270800 378.55495 0.24927383
271000 378.6182 0.24360637
271200 378.67963 0.22363978
271400 378.73458 0.21736514
271600 378.81631 0.22172237
271800 378.88667 0.20893835
272000 378.94693 0.21090179
272200 379.02737 0.21316086
272400 379.08489 0.20641809
272600 379.1409 0.20746181
272800 379.20958 0.20697559
273000 379.27615 0.20876472
273200 379.34565 0.21756354
273400 379.40413 0.21835047
273600 379.46552 0.22534731
273800 379.5308 0.23418688
274000 379.60221 0.23737029
274200 379.66288 0.2451818
274400 379.72976 0.24625199
274600 379.80371 0.25007528
274800 379.86656 0.26383081
275000 379.93513 0.27282775
275200 380.00271 0.27809852
275400 380.07212 0.28050125
275600 380.13079 0.27633247
275800 380.18494 0.27732376
276000 380.25465 0.28550418
276200 380.3143 0.2783138
276400 380.37355 0.28091574
276600 380.43712 0.28032513
276800 380.48414 0.26804997
277000 380.53956 0.26673605
277200 380.60441 0.26443224
277400 380.67579 0.2654958
277600 380.73267 0.28463788
277800 380.79459 0.27726492
278000 380.85211 0.28520153
278200 380.9055 0.28520007
278400 380.95543 0.28689819
278600 381.00943 0.28640141
278800 381.07057 0.28945465
279000 381.12211 0.2916067
279200 381.17617 0.29106458
279400 381.23837 0.29341089
279600 381.3087 0.29144333
279800 381.37183 0.28006851
280000 381.44064 0.27835312
280200 381.50241 0.28621505
280400 381.55661 0.30279054
280600 381.62701 0.31053395
280800 381.69274 0.32945477
281000 381.75565 0.34583934
281200 381.81927 0.35937872
281400 381.88448 0.3676874
281600 381.94621 0.36297864
281800 382.01329 0.36807464
282000 382.08048 0.3702554
282200 382.14949 0.36259968
282400 382.22602 0.37311687
282600 382.28976 0.37653746
282800 382.34714 0.38254081
283000 382.41354 0.38639487
283200 382.47799 0.39128783
283400 382.54452 0.38960008
283600 382.61175 0.3897186
283800 382.67705 0.39196188
284000 382.73815 0.38477326
284200 382.80969 0.38088387
284400 382.86919 0.3844452
284600 382.94305 0.38168375
284800 383.00789 0.36687342
285000 383.07074 0.37553279
285200 383.14751 0.36847547
285400 383.22249 0.35576969
285600 383.30264 0.36643446
285800 383.38449 0.36848575
286000 383.45961 0.38106299
286200 383.51864 0.39412097
286400 383.59455 0.40070569
286600 383.67217 0.38000201
286800 383.75644 0.36867456
287000 383.83187 0.37419654
287200 383.91563 0.38382407
287400 383.99951 0.40369055
287600 384.06545 0.4218149
287800 384.13184 0.44098332
288000 384.20418 0.44678213
288200 384.27748 0.45158894
288400 384.34862 0.43802761
288600 384.41078 0.4327099
288800 384.47627 0.42084506
289000 384.55038 0.40854887
289200 384.6164 0.40219692
289400 384.68945 0.40723102
289600 384.76413 0.40841745
289800 384.82419 0.41206499
290000 384.89679 0.40195157
290200 384.96321 0.40034371
290400 385.03762 0.4057685
290600 385.11761 0.39741295
290800 385.17992 0.38223752
291000 385.24671 0.36871993
291200 385.31128 0.36045633
291400 385.36936 0.36188285
291600 385.43179 0.35776655
291800 385.48634 0.35569084
292000 385.54683 0.35034179
292200 385.59495 0.3374757
292400 385.65259 0.32366737
292600 385.71393 0.31518645
292800 385.78843 0.32579803
293000 385.85456 0.35428797
293200 385.92684 0.36427451
293400 385.99681 0.36777844
293600 386.05414 0.37135905
293800 386.12404 0.38196282
294000 386.18202 0.37465223
294200 386.2334 0.36745267
294400 386.28673 0.36676999
294600 386.35423 0.36167572
294800 386.42357 0.35674178
295000 386.48428 0.36755732
295200 386.55137 0.37676124
295400 386.62444 0.38868227
295600 386.71136 0.40448517
295800 386.78602 0.41296054
296000 386.85161 0.42005815
296200 386.92113 0.43923722
296400 386.97581 0.44343259
296600 387.03231 0.44111603
296800 387.08199 0.43688496
297000 387.14264 0.43914325
297200 387.21008 0.44545214
297400 387.27793 0.46693065
297600 387.33931 0.46697744
297800 387.40938 0.49135448
298000 387.48055 0.50085535
298200 387.54335 0.51795715
298400 387.60679 0.52566498
298600 387.66918 0.53403394
298800 387.71882 0.54289451
299000 387.77681 0.54294647
299200 387.82707 0.5402837
299400 387.88517 0.52365814
299600 387.94449 0.51495636
299800 388.01704 0.50328728
300000 388.09321 0.50643437
300200 388.16624 0.50211648
300400 388.23892 0.51477924
300600 388.30941 0.52070028
300800 388.38547 0.52124077
301000 388.45782 0.51935232
301200 388.53436 0.52477899
301400 388.61345 0.53287767
301600 388.6855 0.54024306
301800 388.75059 0.53887354
302000 388.82447 0.52857841
302200 388.90337 0.51872552
302400 388.96095 0.52367836
302600 389.03386 0.5193294
302800 389.09498 0.51584305
303000 389.15699 0.5042567
303200 389.22599 0.49119756
303400 389.30059 0.49467023
303600 389.38305 0.48865288
303800 389.44942 0.47291751
304000 389.5107 0.46530984
304200 389.58288 0.47317522
304400 389.64319 0.47341572
304600 389.70985 0.47917619
304800 389.77805 0.48299272
305000 389.85096 0.47464062
305200 389.93043 0.47965614
305400 389.98792 0.48096555
305600 390.05341 0.48229299
305800 390.13994 0.48396515
306000 390.21326 0.48826331
306200 390.28154 0.48984387
306400 390.34278 0.49410601
306600 390.40519 0.4983811
306800 390.47861 0.49235349
307000 390.55337 0.4785512
307200 390.61871 0.47301114
307400 390.68201 0.48358174
307600 390.74564 0.49316716
307800 390.81841 0.50678925
308000 390.89644 0.5050081
308200 390.96406 0.51531766
308400 391.03529 0.53189066
308600 391.0985 0.55054078
308800 391.17247 0.5552545
309000 391.23481 0.55295299
309200 391.30558 0.56226351
309400 391.36574 0.57040525
309600 391.41356 0.56916006
309800 391.45779 0.56301554
310000 391.51891 0.56925516
310200 391.58415 0.59017315
310400 391.63984 0.59927418
310600 391.70501 0.58848965
310800 391.76297 0.58497641
311000 391.81682 0.58555139
311200 391.88193 0.59543118
311400 391.95951 0.59421884
311600 392.02217 0.60261287
311800 392.08363 0.6035708
312000 392.1471 0.61478291
312200 392.226 0.63854142
312400 392.30638 0.66031153
312600 392.37335 0.67072975
312800 392.43698 0.6699138
313000 392.49332 0.67470212
313200 392.55085 0.67407068
313400 392.62778 0.67577656
313600 392.711 0.6799009
313800 392.78806 0.68044365
314000 392.8409 0.68002779
314200 392.89824 0.68166108
314400 392.97697 0.66925257
314600 393.05244 0.67121141
314800 393.11715 0.66085553
315000 393.18247 0.65355651
315200 393.24691 0.6512172
315400 393.31897 0.6478956
315600 393.38626 0.65948172
315800 393.43776 0.66144564
316000 393.4795 0.67541515
316200 393.54189 0.67781378
316400 393.5925 0.66116533
316600 393.65599 0.64582574
316800 393.71063 0.63474072
317000 393.77356 0.62996397
317200 393.82852 0.61242574
317400 393.87394 0.61064132
317600 393.93077 0.61217626
317800 393.9957 0.58002721
318000 394.06167 0.56259987
318200 394.14809 0.54956375
318400 394.22648 0.54374467
318600 394.29853 0.53731337
318800 394.3802 0.53505652
319000 394.47056 0.53480615
319200 394.54023 0.53405212
319400 394.62138 0.53308629
319600 394.68076 0.52151225
319800 394.74842 0.52079144
320000 394.83311 0.51707761
320200 394.91573 0.51356006
320400 394.9952 0.49878071
320600 395.05838 0.48342225
320800 395.12253 0.48373431
321000 395.1972 0.4824614
321200 395.25768 0.47838522
321400 395.33313 0.47265601
321600 395.40622 0.47024742
321800 395.47664 0.47443923
322000 395.54867 0.47401218
322200 395.61228 0.47493044
322400 395.675 0.46685842
322600 395.74444 0.45811197
322800 395.80344 0.45720208
323000 395.86075 0.45106983
323200 395.90972 0.44539554
323400 395.97216 0.4525713
323600 396.03891 0.45853315
323800 396.11064 0.45625019
324000 396.17773 0.45283436
324200 396.24728 0.46492745
324400 396.33085 0.46526195
324600 396.41175 0.46113207
324800 396.47247 0.47431195
325000 396.5473 0.47572326
325200 396.62799 0.47430313
325400 396.71099 0.48039887
325600 396.79126 0.48956354
325800 396.85552 0.49540056
326000 396.92053 0.50677157
326200 396.98738 0.51563337
326400 397.04954 0.52780866
326600 397.11434 0.52758128
326800 397.17678 0.52963635
327000 397.24176 0.53773489
327200 397.29944 0.54510207
327400 397.36273 0.55859697
327600 397.44371 0.57085313
327800 397.52871 0.57203285
328000 397.61213 0.58873038
328200 397.68471 0.6023811
328400 397.75191 0.61466516
328600 397.82237 0.62399669
328800 397.88957 0.63843234
329000 397.94263 0.63829995
329200 397.9978 0.65094058
329400 398.05101 0.67088629
329600 398.10903 0.67506944
329800 398.19015 0.67686047
330000 398.27062 0.68756129
330200 398.33714 0.69287141
330400 398.39855 0.70731822
330600 398.48209 0.71494829
330800 398.5518 0.72390169
331000 398.61587 0.73199788
331200 398.67678 0.74089901
331400 398.74511 0.75509064
331600 398.8296 0.7445647
331800 398.88433 0.73629036
332000 398.94555 0.73753214
332200 399.00365 0.73875272
332400 399.05321 0.74183515
332600 399.10638 0.75555171
332800 399.18056 0.75798371
333000 399.23363 0.74724195
333200 399.29883 0.74211063
333400 399.36745 0.74749687
333600 399.44697 0.75885073
333800 399.52241 0.75909525
334000 399.5972 0.74825881
334200 399.67264 0.7475401
334400 399.715 0.74003034
334600 399.7687 0.73080588
334800 399.83236 0.72606931
335000 399.91325 0.7101238
335200 400.00196 0.72336882
335400 400.08378 0.72073444
335600 400.15037 0.73627647
335800 400.22102 0.72526768
336000 400.28448 0.71185934
336200 400.34735 0.699516
336400 400.42038 0.70094122
336600 400.49292 0.70032032
336800 400.55496 0.69510429
337000 400.61604 0.6972938
337200 400.69124 0.70489783
337400 400.75727 0.7135354
337600 400.81843 0.72307097
337800 400.8931 0.72731461
338000 400.96432 0.73875443
338200 401.03965 0.75853744
338400 401.1245 0.7681865
338600 401.19616 0.80020726
338800 401.27395 0.80632295
339000 401.34234 0.80610168
339200 401.41527 0.80801901
339400 401.48253 0.81456378
339600 401.56007 0.81243094
339800 401.63566 0.81869822
340000 401.70685 0.81964067
340200 401.77306 0.84400332
340400 401.84902 0.851923
340600 401.91048 0.87227737
340800 401.98723 0.88229599
341000 402.06836 0.88828123
341200 402.15191 0.89473919
341400 402.23267 0.89663592
341600 402.31332 0.90379954
341800 402.39568 0.91075958
342000 402.46175 0.92391192
342200 402.54088 0.93746246
342400 402.62961 0.94966113
342600 402.70614 0.94842143
342800 402.78709 0.95852358
343000 402.84314 0.97212756
343200 402.92415 0.98409972
343400 403.00162 0.99160023
343600 403.08616 1.0091988
343800 403.1768 1.0377632
344000 403.26011 1.0571582
344200 403.32907 1.0622186
344400 403.39075 1.0552903
344600 403.46517 1.054465
344800 403.54124 1.0604328
345000 403.61126 1.0686692
345200 403.67597 1.0678277
345400 403.74689 1.04759
345600 403.8125 1.0482296
345800 403.87559 1.0314725
346000 403.94063 1.0140517
346200 404.01169 0.99440716
346400 404.07671 0.98605315
346600 404.13371 0.9702868
346800 404.19576 0.96405824
347000 404.27264 0.95820264
347200 404.33328 0.93803436
347400 404.39952 0.93753806
347600 404.46593 0.93180502
347800 404.53576 0.92299259
348000 404.6071 0.91964586
348200 404.67435 0.92824883
348400 404.74269 0.9229128
348600 404.8235 0.92372953
348800 404.90279 0.93957708
349000 404.97738 0.95244047
349200 405.04325 0.95707427
349400 405.10089 0.95963051
349600 405.17453 0.96238643
349800 405.23794 0.97353855
350000 405.29775 0.98922048
350200 405.3588 0.9929256
350400 405.42058 1.0023694
350600 405.49939 1.0046229
350800 405.57147 1.0102844
351000 405.64907 1.0157667
351200 405.71247 1.0071368
351400 405.77766 0.99862481
351600 405.86534 0.99878949
351800 405.93922 1.0051636
352000 406.01092 1.0054708
352200 406.06165 1.02907
352400 406.12211 1.0428382
352600 406.18591 1.0449613
352800 406.24328 1.0492759
353000 406.31338 1.0484415
353200 406.39597 1.0492485
353400 406.48406 1.0530055
353600 406.54755 1.040412
353800 406.62422 1.0357697
354000 406.69587 1.0447551
354200 406.75611 1.0558272
354400 406.81133 1.051571
354600 406.8677 1.0583737
354800 406.9424 1.0610645
355000 407.01129 1.0704693
355200 407.07481 1.0852242
355400 407.14547 1.0853605
355600 407.22236 1.0859386
355800 407.28677 1.0846826
356000 407.35127 1.0932114
356200 407.41149 1.0934693
356400 407.46867 1.0846278
356600 407.53873 1.0846194
356800 407.6151 1.071583
357000 407.69659 1.0557686
357200 407.77204 1.065445
357400 407.83583 1.0499924
357600 407.89971 1.0414985
357800 407.97326 1.0580802
358000 408.06614 1.0548627
358200 408.16159 1.0510447
358400 408.25063 1.0477434
358600 408.34175 1.0532073
358800 408.42594 1.0423629
359000 408.50753 1.0296204
359200 408.59224 1.0245555
359400 408.67947 1.0284374
359600 408.77252 1.0351595
359800 408.84956 1.0405632
360000 408.91593 1.0536027
360200 408.97891 1.0420842
360400 409.06245 1.0506403
360600 409.13085 1.0599547
360800 409.212 1.0560907
361000 409.28422 1.0563366
361200 409.35863 1.062661
361400 409.44077 1.0730884
361600 409.51712 1.0746472
361800 409.59199 1.0741826
362000 409.66632 1.094822
362200 409.73219 1.1038671
362400 409.80027 1.1139526
362600 409.87465 1.121887
362800 409.94491 1.133709
363000 410.02082 1.1397011
363200 410.10469 1.1428596
363400 410.18564 1.1500149
363600 410.26737 1.1595676
363800 410.36507 1.1612846
364000 410.4593 1.1547345
364200 410.5422 1.1438225
364400 410.61234 1.1355693
364600 410.68637 1.1457339
364800 410.76054 1.1564258
365000 410.81883 1.1656218
365200 410.88503 1.1695499
365400 410.94786 1.1753968
365600 411.00709 1.171039
365800 411.06538 1.1865071
366000 411.12442 1.2063814
366200 411.18956 1.2169503
366400 411.24241 1.2303846
366600 411.29432 1.229765
366800 411.34641 1.2301502
367000 411.3969 1.237231
367200 411.46148 1.2453437
367400 411.53407 1.2665779
367600 411.59654 1.2725538
367800 411.66575 1.285272
368000 411.74553 1.2954716
368200 411.80033 1.2949874
368400 411.87012 1.285181
368600 411.93343 1.2804309
368800 412.00737 1.2762318
369000 412.0824 1.2674472
369200 412.15442 1.2613148
369400 412.23785 1.2578656
369600 412.30175 1.2538737
369800 412.36601 1.2612651
370000 412.43191 1.2607482
370200 412.50932 1.2517381
370400 412.57597 1.2450025
370600 412.63814 1.2302024
370800 412.71429 1.2313004
371000 412.77592 1.2281946
371200 412.84098 1.2328065
371400 412.89566 1.2347553
371600 412.94716 1.2353735
371800 412.99818 1.234973
372000 413.06539 1.2300869
372200 413.12814 1.2377015
372400 413.18862 1.2482161
372600 413.2528 1.2462949
372800 413.33232 1.2560761
373000 413.40241 1.2591741
373200 413.47097 1.2599585
373400 413.52202 1.2655321
373600 413.58163 1.2763357
373800 413.65462 1.2901933
374000 413.71471 1.3159476
374200 413.78796 1.3325739
374400 413.86324 1.3453005
374600 413.9271 1.3587206
374800 414.00095 1.3633438
375000 414.07125 1.362978
375200 414.13902 1.3796459
375400 414.20443 1.3854202
375600 414.26889 1.3785292
375800 414.31671 1.3866334
376000 414.37226 1.3854051
376200 414.44389 1.3921766
376400 414.50836 1.3955799
376600 414.5665 1.3974509
376800 414.62756 1.3971792
377000 414.6842 1.4149858
377200 414.74066 1.4245175
377400 414.80539 1.428595
377600 414.88006 1.4369602
377800 414.95401 1.4629271
378000 415.0253 1.4822324
378200 415.08142 1.4977119
378400 415.16822 1.5165289
378600 415.24282 1.5152241
378800 415.30972 1.5105249
379000 415.36738 1.5111414
379200 415.42929 1.5006793
379400 415.48939 1.4979366
379600 415.55987 1.4873484
379800 415.63563 1.4747951
380000 415.71111 1.4545573
380200 415.77705 1.4477519
380400 415.84988 1.4423547
380600 415.93293 1.4504471
380800 416.0029 1.4514615
381000 416.07131 1.4372322
381200 416.13619 1.4295748
381400 416.21162 1.416483
381600 416.28713 1.4063417
381800 416.35746 1.3949608
382000 416.44575 1.3922421
382200 416.51704 1.3836692
382400 416.59272 1.3731277
382600 416.66781 1.3677154
382800 416.75416 1.3748448
383000 416.83107 1.3705383
383200 416.90961 1.3616077
383400 416.97734 1.3380249
383600 417.0389 1.3164396
383800 417.112 1.3045105
384000 417.19358 1.2961169
384200 417.26559 1.2960732
384400 417.34591 1.2914031
384600 417.42956 1.2880445
384800 417.51171 1.2865867
385000 417.581 1.2806786
385200 417.65036 1.2813254
385400 417.71568 1.2801642
385600 417.80088 1.2705275
385800 417.87271 1.266452
386000 417.93675 1.2538066
386200 417.99002 1.2544298
386400 418.05942 1.2556795
386600 418.13901 1.2555765
386800 418.22167 1.253333
387000 418.27039 1.263758
387200 418.34327 1.2727459
387400 418.4301 1.2598145
387600 418.51809 1.2522037
387800 418.5925 1.2376593
388000 418.66006 1.2324331
388200 418.72691 1.2325288
388400 418.79533 1.2178525
388600 418.85168 1.2102796
388800 418.90547 1.1934377
389000 418.96417 1.1890877
389200 419.03808 1.2084555
389400 419.09969 1.2004761
389600 419.16146 1.1872408
389800 419.2295 1.1860486
390000 419.2988 1.1818853
390200 419.35447 1.1936897
390400 419.42002 1.1910335
390600 419.48729 1.201438
390800 419.56277 1.1927197
391000 419.63556 1.189219
391200 419.70876 1.1897267
391400 419.76625 1.1785141
391600 419.81943 1.1681618
391800 419.86681 1.1636469
392000 419.92857 1.1624959
392200 419.98975 1.1624086
392400 420.06228 1.1526895
392600 420.1293 1.1580989
392800 420.19567 1.1574724
393000 420.27752 1.1577442
393200 420.35426 1.1637414
393400 420.42269 1.1773015
393600 420.49674 1.1801809
393800 420.58631 1.1791395
394000 420.65204 1.1872933
394200 420.72369 1.1888087
394400 420.78419 1.181328
394600 420.85008 1.1768958
394800 420.92613 1.1747904
395000 421.00854 1.1601967
395200 421.09452 1.166681
395400 421.16912 1.1755007
395600 421.24246 1.1759318
395800 421.30963 1.1714713
396000 421.37593 1.1797669
396200 421.44311 1.173526
396400 421.51268 1.1663585
396600 421.58485 1.157333
396800 421.66502 1.1568307
397000 421.74817 1.1587961
397200 421.82988 1.1608658
397400 421.90699 1.164024
397600 421.9773 1.1671164
397800 422.04444 1.165196
398000 422.11412 1.1643754
398200 422.18606 1.1604176
398400 422.26207 1.1577139
398600 422.32622 1.1556324
398800 422.39691 1.1608471
399000 422.47617 1.1538365
399200 422.56118 1.1564416
399400 422.64884 1.1540574
399600 422.7295 1.1590793
399800 422.80497 1.1623376
400000 422.89153 1.1576182
400200 422.96944 1.1524288
400400 423.03831 1.1473477
400600 423.10865 1.1417605
400800 423.18156 1.1364682
401000 423.2384 1.1349389
401200 423.30593 1.1458039
401400 423.37511 1.1499089
401600 423.43831 1.1469644
401800 423.50305 1.14541
402000 423.57327 1.1396519
402200 423.64042 1.1479612
402400 423.70763 1.1497872
402600 423.76996 1.1502291
402800 423.84373 1.143125
403000 423.90805 1.1437979
403200 423.95877 1.1473787
403400 424.02632 1.1435172
403600 424.0949 1.1323874
403800 424.15811 1.1336394
404000 424.22665 1.1346472
404200 424.29257 1.1359912
404400 424.35837 1.1323658
404600 424.417 1.1260999
404800 424.48104 1.119638
405000 424.54066 1.1401343
405200 424.58883 1.1416889
405400 424.6587 1.1353528
405600 424.72065 1.133106
405800 424.78422 1.1364988
406000 424.85521 1.1384766
406200 424.92886 1.1405195
406400 425.01116 1.1368784
406600 425.08 1.127242
406800 425.15367 1.1116544
407000 425.22524 1.1025825
407200 425.28582 1.1012304
407400 425.35083 1.1087901
407600 425.40803 1.1058033
407800 425.47751 1.0906843
408000 425.54653 1.0838483
408200 425.62013 1.0685119
408400 425.70407 1.0678286
408600 425.76734 1.0658862
408800 425.84362 1.0716509
409000 425.92602 1.0664248
409200 425.99496 1.0618008
409400 426.0526 1.0499544
409600 426.10942 1.0368689
409800 426.17932 1.0309553
410000 426.25253 1.026332
410200 426.33438 1.0271062
410400 426.41731 1.0325357
410600 426.49714 1.0149924
410800 426.56314 1.0066049
411000 426.63397 1.0012941
411200 426.70651 0.9953877
411400 426.77945 1.0076239
411600 426.85849 1.0124983
411800 426.93086 1.0194957
412000 426.98972 1.0253575
412200 427.07388 1.0291278
412400 427.1431 1.0084305
412600 427.20823 0.99379588
412800 427.27466 0.96937973
413000 427.34488 0.96380379
413200 427.4221 0.96983637
413400 427.50222 0.96654931
413600 427.56582 0.96555828
413800 427.63041 0.97444168
414000 427.69455 0.96339985
414200 427.76574 0.96623668
414400 427.82561 0.96749871
414600 427.90587 0.98171173
414800 427.98924 0.9996456
415000 428.07717 1.0189104
415200 428.16599 1.0237937
415400 428.23661 1.0216785
415600 428.31243 1.0157772
415800 428.39891 1.0222295
416000 428.46809 1.0218644
416200 428.54993 1.0193773
416400 428.61345 1.0196639
416600 428.6881 1.0218749
416800 428.77258 1.023208
417000 428.85064 1.0098608
417200 428.92456 0.99370127
417400 428.9969 0.98306204
417600 429.06476 0.9993205
417800 429.12439 1.0074644
418000 429.18616 1.0231902
418200 429.25486 1.0045959
418400 429.32511 0.99384762
418600 429.3839 0.976436
418800 429.45465 0.9641616
419000 429.5223 0.95135318
419200 429.60445 0.94901234
419400 429.67442 0.94798815
419600 429.76845 0.92730842
419800 429.84404 0.91119497
420000 429.92513 0.9098164
420200 430.00905 0.90278837
420400 430.08842 0.89572845
420600 430.16658 0.8851377
420800 430.22969 0.87835625
421000 430.31213 0.87908099
421200 430.37229 0.89688372
421400 430.44507 0.90149675
421600 430.50079 0.90952693
421800 430.55201 0.91950717
422000 430.60865 0.92064415
422200 430.68049 0.91696015
422400 430.7492 0.91094676
422600 430.82112 0.89954237
422800 430.88715 0.89809806
423000 430.95119 0.90550019
423200 431.03243 0.92002334
423400 431.11266 0.91932641
423600 431.17822 0.92805
423800 431.23949 0.94219101
424000 431.30643 0.94574592
424200 431.37723 0.96015664
424400 431.44656 0.97208324
424600 431.51911 0.97659549
424800 431.59075 0.97659272
425000 431.65812 0.98085273
425200 431.73507 0.98511369
425400 431.81204 0.99300765
425600 431.88299 0.99401275
425800 431.94636 0.99786416
426000 432.00837 0.99882932
426200 432.08677 0.99098318
426400 432.15855 1.002036
426600 432.21859 1.0048605
426800 432.27794 1.005522
427000 432.34393 1.0094339
427200 432.41413 1.0144253
427400 432.48853 1.0111149
427600 432.56813 1.0138014
427800 432.64836 1.0338415
428000 432.73624 1.0557028
428200 432.80676 1.0752627
428400 432.87387 1.0849869
428600 432.95762 1.0969201
428800 433.03898 1.1094283
429000 433.12038 1.1117009
429200 433.19193 1.1258848
429400 433.25951 1.1264715
429600 433.33356 1.1424895
429800 433.4065 1.1470752
430000 433.48649 1.1525955
430200 433.58102 1.1625252
430400 433.66104 1.1593567
430600 433.73375 1.1587238
430800 433.80358 1.166915
431000 433.85913 1.1678263
431200 433.92599 1.1730183
431400 434.00364 1.1683473
431600 434.07957 1.1659395
431800 434.16031 1.1526938
432000 434.22929 1.1479779
432200 434.29408 1.1471577
432400 434.36134 1.1616616
432600 434.42628 1.1763347
432800 434.4841 1.1778051
433000 434.53531 1.1804632
433200 434.58866 1.1782403
433400 434.64693 1.1710923
433600 434.71606 1.1654108
433800 434.78647 1.1757749
434000 434.85673 1.1820777
434200 434.91368 1.1767614
434400 434.97062 1.1620097
434600 435.03361 1.1557586
434800 435.11426 1.1589915
435000 435.18619 1.1668773
435200 435.25155 1.1791761
435400 435.32852 1.179162
435600 435.39444 1.1735416
435800 435.47496 1.1688975
436000 435.5474 1.1726458
436200 435.62101 1.1797319
436400 435.6881 1.1906902
436600 435.76753 1.1966723
436800 435.84469 1.1861525
437000 435.91527 1.1894487
437200 435.98736 1.1768165
437400 436.06379 1.1680196
437600 436.13346 1.1605356
437800 436.20875 1.1632878
438000 436.28271 1.181425
438200 436.34882 1.1992308
438400 436.41759 1.2103267
438600 436.4842 1.2100581
438800 436.54363 1.2050134
439000 436.59879 1.2132491
439200 436.65782 1.2011223
439400 436.71672 1.1949404
439600 436.77118 1.2046549
439800 436.83225 1.2184933
440000 436.88785 1.2241251
440200 436.94753 1.2310929
440400 437.01005 1.2332433
440600 437.08952 1.2422949
440800 437.1758 1.2570354
441000 437.26624 1.2516146
441200 437.35623 1.2515302
441400 437.44189 1.2492435
441600 437.51707 1.2607457
441800 437.59176 1.2731572
442000 437.67815 1.2811564
442200 437.77354 1.2856779
442400 437.86523 1.2974227
442600 437.94922 1.3038565
442800 438.02988 1.2966264
443000 438.10537 1.2970591
443200 438.202 1.3040523
443400 438.28222 1.3216907
443600 438.36668 1.3169426
443800 438.44529 1.3263436
444000 438.50497 1.3223027
444200 438.58172 1.3279094
444400 438.65924 1.3231406
444600 438.73105 1.3209824
444800 438.79979 1.3292774
445000 438.86111 1.3384778
445200 438.94157 1.3344948
445400 439.00774 1.3263006
445600 439.07619 1.3168492
445800 439.16915 1.3111438
446000 439.25616 1.3092519
446200 439.33681 1.3217457
446400 439.41576 1.3523035
446600 439.49805 1.3564755
446800 439.58823 1.3616147
447000 439.65402 1.3591955
447200 439.70862 1.3570961
447400 439.77626 1.3525062
447600 439.86605 1.3717656
447800 439.94677 1.3790356
448000 440.02434 1.3701712
448200 440.09999 1.3676862
448400 440.17835 1.3593752
448600 440.25686 1.3544044
448800 440.34503 1.36023
449000 440.43498 1.3637126
449200 440.52059 1.3727981
449400 440.60509 1.366595
449600 440.68331 1.3538132
449800 440.76097 1.3559683
450000 440.83987 1.3493799
450200 440.92006 1.3503072
450400 441.00744 1.352058
450600 441.0942 1.3562239
450800 441.16779 1.373318
451000 441.23503 1.3916133
451200 441.31722 1.416165
451400 441.38326 1.4372019
451600 441.45941 1.4500338
451800 441.53079 1.4571022
452000 441.60953 1.457134
452200 441.67189 1.4638777
452400 441.74665 1.4845454
452600 441.82421 1.4948948
452800 441.90857 1.4946224
453000 441.98853 1.5120728
453200 442.07108 1.517783
453400 442.14281 1.5302835
453600 442.22062 1.5262257
453800 442.29041 1.5332532
454000 442.35771 1.5372688
454200 442.42904 1.5307857
454400 442.50584 1.527587
454600 442.58532 1.5269681
454800 442.66816 1.5456348
455000 442.74998 1.5492451
455200 442.83348 1.5574545
455400 442.91578 1.5713214
455600 442.99522 1.5712853
455800 443.08029 1.5902427
456000 443.14945 1.6005693
456200 443.22572 1.6098624
456400 443.29969 1.6189979
456600 443.37802 1.6305807
456800 443.43999 1.6509682
457000 443.50958 1.6641223
457200 443.59253 1.6685062
457400 443.67611 1.6767105
457600 443.76448 1.6744604
457800 443.85757 1.6699857
458000 443.93508 1.6653071
458200 444.02221 1.6718961
458400 444.10498 1.6889181
458600 444.18288 1.6996045
458800 444.2668 1.7081123
459000 444.35674 1.7308677
459200 444.44438 1.7558799
459400 444.51409 1.7688046
459600 444.58779 1.7642312
459800 444.65859 1.7790437
460000 444.7374 1.8080439
460200 444.82163 1.8232815
460400 444.89646 1.8361048
460600 444.97843 1.8329045
460800 445.04691 1.8384294
461000 445.11971 1.837033
461200 445.209 1.829067
461400 445.28736 1.8252385
461600 445.36167 1.8170359
461800 445.43415 1.813702
462000 445.52312 1.8120715
462200 445.60368 1.8197139
462400 445.66755 1.8413774
462600 445.73686 1.8411877
462800 445.82187 1.8474843
463000 445.90131 1.8527233
463200 445.97703 1.8556741
463400 446.05454 1.8561205
463600 446.13424 1.8692171
463800 446.20936 1.8746578
464000 446.28867 1.8835447
464200 446.35147 1.8911432
464400 446.41925 1.9087001
464600 446.48773 1.9096729
464800 446.55966 1.932386
465000 446.63034 1.9537329
465200 446.70796 1.9611308
465400 446.77687 1.9528616
465600 446.85965 1.9648354
465800 446.91877 1.9638054
466000 446.99148 1.9560998
466200 447.07611 1.9570421
466400 447.15216 1.9615171
466600 447.23959 1.9525484
466800 447.32373 1.9637914
467000 447.40781 1.9669815
467200 447.4799 1.9704414
467400 447.54872 1.9692811
467600 447.61428 1.9948589
467800 447.68572 2.0068093
468000 447.7548 2.0078759
468200 447.82185 2.0120454
468400 447.88632 2.0251916
468600 447.96847 2.0303592
468800 448.06545 2.04082
469000 448.14912 2.0597666
469200 448.22597 2.0809204
469400 448.33011 2.0846392
469600 448.40878 2.0900926
469800 448.49148 2.0853248
470000 448.56409 2.0891678
470200 448.63319 2.0971582
470400 448.70324 2.0999439
470600 448.77783 2.1116414
470800 448.85604 2.1330319
471000 448.93 2.1485438
471200 448.99452 2.1586663
471400 449.06837 2.1700914
471600 449.13987 2.1681399
471800 449.20969 2.1755307
472000 449.28048 2.1855588
472200 449.36747 2.1987613
472400 449.44793 2.199586
472600 449.52243 2.214248
472800 449.60243 2.2219893
473000 449.66703 2.2431884
473200 449.75125 2.2369959
473400 449.83574 2.2443436
473600 449.91938 2.2470553
473800 449.99819 2.2436362
474000 450.07703 2.242209
474200 450.15634 2.2488524
474400 450.2308 2.255638
474600 450.30982 2.2681295
474800 450.39611 2.2688791
475000 450.48717 2.2671252
475200 450.56802 2.2604111
475400 450.64283 2.2479414
475600 450.72817 2.2451454
475800 450.80488 2.2459434
476000 450.88087 2.2401056
476200 450.95003 2.2548158
476400 451.03034 2.2737456
476600 451.11015 2.2776459
476800 451.19128 2.2833009
477000 451.25948 2.2893658
477200 451.34137 2.3027741
477400 451.42544 2.3041989
477600 451.50359 2.3012769
477800 451.57414 2.3016997
478000 451.66309 2.2939928
478200 451.73787 2.2890744
478400 451.81708 2.2878298
478600 451.89507 2.3000901
478800 451.96804 2.298758
479000 452.03338 2.30219
479200 452.12478 2.3108317
479400 452.19062 2.3238615
479600 452.27717 2.3482849
479800 452.36023 2.3584977
480000 452.45335 2.3715573
480200 452.53492 2.3921807
480400 452.6096 2.4184283
480600 452.68971 2.4248083
480800 452.76956 2.4480394
481000 452.848 2.466893
481200 452.93708 2.4791409
481400 453.01606 2.5049115
481600 453.09965 2.5131072
481800 453.17628 2.5400671
482000 453.25016 2.5513043
482200 453.32659 2.5674272
482400 453.40504 2.5778594
482600 453.48248 2.59388
482800 453.56175 2.6065916
483000 453.63827 2.6264455
483200 453.70106 2.6536076
483400 453.76974 2.6658611
483600 453.85543 2.668893
483800 453.93553 2.6757318
484000 454.02056 2.6738717
484200 454.0875 2.6930891
484400 454.15253 2.7089678
484600 454.22158 2.7264562
484800 454.29346 2.7426758
485000 454.36484 2.7495895
485200 454.4272 2.7521092
485400 454.49108 2.7623395
485600 454.55957 2.7780882
485800 454.62335 2.7799096
486000 454.67882 2.7899299
486200 454.74599 2.787188
486400 454.82835 2.7851535
486600 454.89947 2.7838419
486800 454.96672 2.7825867
487000 455.02222 2.7768059
487200 455.08079 2.7827692
487400 455.14291 2.7771907
487600 455.20929 2.7760691
487800 455.27319 2.7833964
488000 455.34132 2.7981587
488200 455.40606 2.8123403
488400 455.47241 2.8125934
488600 455.5424 2.816543
488800 455.6122 2.8211156
489000 455.68338 2.8261997
489200 455.74872 2.8296364
489400 455.81698 2.8095291
489600 455.91039 2.7922408
489800 455.98835 2.7809869
490000 456.06245 2.7953968
490200 456.1386 2.7957209
490400 456.22037 2.7934876
490600 456.30397 2.7968917
490800 456.38399 2.790618
491000 456.46212 2.7962583
491200 456.52584 2.8035026
491400 456.59065 2.8155709
491600 456.6612 2.8214395
491800 456.73586 2.8367875
492000 456.81543 2.8353244
492200 456.90295 2.8325527
492400 456.97163 2.8350564
492600 457.03364 2.8242733
492800 457.10438 2.8221574
493000 457.17701 2.8278795
493200 457.27085 2.8289171
493400 457.33698 2.8266582
493600 457.4184 2.8393194
493800 457.48864 2.8552165
494000 457.5639 2.8579687
494200 457.63046 2.8657363
494400 457.70632 2.8677666
494600 457.78814 2.8640332
494800 457.86697 2.8552857
495000 457.93824 2.8539437
495200 458.02223 2.8432264
495400 458.10853 2.8353898
495600 458.19411 2.8157148
495800 458.26904 2.8003545
496000 458.35608 2.7917611
496200 458.43534 2.7881093
496400 458.51205 2.7768133
496600 458.58072 2.7588412
496800 458.65668 2.7393029
497000 458.72352 2.7388092
497200 458.80468 2.7226325
497400 458.87372 2.7135672
497600 458.95445 2.7066755
497800 459.03448 2.7002792
498000 459.12368 2.7098521
498200 459.20873 2.7202922
498400 459.29595 2.7255046
498600 459.37632 2.7252887
498800 459.44168 2.7207558
499000 459.54119 2.7274456
499200 459.61826 2.7339057
499400 459.70052 2.7247726
499600 459.78132 2.7362992
499800 459.85154 2.7422523
500000 459.93191 2.7482731
500200 459.99395 2.7483608
500400 460.04928 2.7601308
500600 460.11707 2.7775241
500800 460.19467 2.7853407
501000 460.26467 2.7900706
501200 460.34318 2.7936294
501400 460.41758 2.8023286
501600 460.49769 2.8061857
501800 460.58512 2.8033185
502000 460.67208 2.8110267
502200 460.74368 2.8003362
502400 460.82011 2.798698
502600 460.8919 2.791633
502800 460.9649 2.7874941
503000 461.04353 2.7781812
503200 461.12285 2.7692518
503400 461.19658 2.7591678
503600 461.28296 2.748698
503800 461.36439 2.7438585
504000 461.43806 2.7534107
504200 461.51765 2.7559112
504400 461.61368 2.7536687
504600 461.69966 2.7525611
504800 461.77675 2.7583012
505000 461.8528 2.7670988
505200 461.92598 2.7573382
505400 462.00108 2.7496671
505600 462.08203 2.7421863
505800 462.17769 2.7293467
506000 462.25752 2.7316287
506200 462.34675 2.7321089
506400 462.42734 2.7228627
506600 462.49825 2.7240534
506800 462.57356 2.7281576
507000 462.66061 2.7360241
507200 462.75567 2.7336209
507400 462.8392 2.7363385
507600 462.92499 2.745635
507800 463.0133 2.7505607
508000 463.09863 2.7656376
508200 463.17382 2.778005
508400 463.2493 2.7840505
508600 463.3279 2.7857695
508800 463.39767 2.7779123
509000 463.47174 2.7846512
509200 463.55124 2.8012798
509400 463.63613 2.8152556
509600 463.71194 2.8465317
509800 463.78612 2.8522927
510000 463.85984 2.8667155
510200 463.93166 2.8851957
510400 464.00345 2.9158364
510600 464.075 2.9338141
510800 464.14344 2.9417216
511000 464.21127 2.9561908
511200 464.27671 2.9610216
511400 464.35059 2.9713231
511600 464.43475 2.9937637
511800 464.51282 3.0169158
512000 464.57948 3.0418386
512200 464.64945 3.0546434
512400 464.72271 3.0755922
512600 464.78969 3.0837539
512800 464.87044 3.0933966
513000 464.9436 3.0959326
513200 465.02126 3.1206427
513400 465.09272 3.1444074
513600 465.16277 3.1654264
513800 465.23641 3.1742194
514000 465.30483 3.1819209
514200 465.38469 3.186755
514400 465.4617 3.1826119
514600 465.54031 3.1890972
514800 465.61762 3.1910373
515000 465.70234 3.2038078
515200 465.77456 3.2036764
515400 465.85476 3.1990584
515600 465.93848 3.207354
515800 466.00331 3.2204954
516000 466.0839 3.2325204
516200 466.16608 3.2316251
516400 466.23437 3.2359298
516600 466.30273 3.2364567
516800 466.37949 3.236196
517000 466.45065 3.2470083
517200 466.52388 3.248063
517400 466.60587 3.2537464
517600 466.70088 3.2610796
517800 466.77211 3.2685344
518000 466.85922 3.2861964
518200 466.94065 3.2983123
518400 467.01644 3.3205121
518600 467.09544 3.3336206
518800 467.1725 3.3543445
519000 467.24188 3.3802925
519200 467.31444 3.3956616
519400 467.40028 3.4160555
519600 467.49622 3.4280245
519800 467.5723 3.4562181
520000 467.65097 3.4858314
520200 467.73693 3.5019856
520400 467.81727 3.515814
520600 467.90657 3.5179597
520800 467.99065 3.5313784
521000 468.06306 3.5335246
521200 468.14696 3.5480875
521400 468.24047 3.549693
521600 468.33296 3.564926
521800 468.42488 3.5853068
522000 468.50111 3.5996892
522200 468.58327 3.6085218
522400 468.66973 3.6112867
522600 468.75717 3.6005412
522800 468.84033 3.6062277
523000 468.9207 3.6148111
523200 469.01185 3.6159259
523400 469.09815 3.6226042
523600 469.182 3.6355548
523800 469.27875 3.6475982
524000 469.37659 3.6702447
524200 469.45973 3.6802525
524400 469.55384 3.6828639
524600 469.66105 3.6978748
524800 469.7531 3.7030643
525000 469.8522 3.7156607
525200 469.94254 3.7255148
525400 470.04028 3.7322773
525600 470.13617 3.7362885
525800 470.22392 3.7479515
526000 470.30814 3.7471573
526200 470.38697 3.7468282
526400 470.46488 3.7568076
526600 470.54867 3.7690463
526800 470.63443 3.7873689
527000 470.73607 3.7928554
527200 470.82461 3.7946822
527400 470.91132 3.786404
527600 470.99229 3.7941737
527800 471.08955 3.8047122
528000 471.1638 3.8291488
528200 471.24971 3.8363647
528400 471.33473 3.8292468
528600 471.39823 3.8314398
528800 471.46228 3.8305935
529000 471.53536 3.8314842
529200 471.6205 3.8381871
529400 471.69937 3.8489035
529600 471.77503 3.8553247
529800 471.85391 3.8718155
530000 471.9421 3.896175
530200 472.02311 3.9044298
530400 472.10959 3.9220686
530600 472.19472 3.942627
530800 472.28032 3.9550825
531000 472.35608 3.9596986
531200 472.42929 3.9637742
531400 472.50698 3.9708322
531600 472.58837 3.9796865
531800 472.65825 3.9887958
532000 472.74371 4.0022279
532200 472.83695 3.9980794
532400 472.92055 4.0049259
532600 472.99659 4.0008675
532800 473.09351 4.0148646
533000 473.19249 4.0323534
533200 473.28317 4.0438894
533400 473.38983 4.0510491
533600 473.48415 4.0570363
533800 473.5774 4.0604282
534000 473.67636 4.0640388
534200 473.76981 4.0624822
534400 473.86755 4.0728745
534600 473.96557 4.0820307
534800 474.03856 4.0916107
535000 474.12013 4.1051688
535200 474.19544 4.1290227
535400 474.27988 4.1288031
535600 474.3512 4.1319583
535800 474.43213 4.1401833
536000 474.50549 4.1441756
536200 474.58585 4.1461384
536400 474.6671 4.1545793
536600 474.7466 4.1432598
536800 474.81781 4.16737
537000 474.8921 4.1913451
537200 474.97596 4.200823
537400 475.06641 4.2123033
537600 475.14794 4.2162316
537800 475.22812 4.2405886
538000 475.30886 4.2643682
538200 475.39826 4.2777936
538400 475.4859 4.2952728
538600 475.57504 4.3078758
538800 475.64911 4.3129384
539000 475.73985 4.3224155
539200 475.83945 4.3373867
539400 475.93724 4.3441779
539600 476.01497 4.3332115
539800 476.09965 4.3383538
540000 476.18805 4.3491681
540200 476.28476 4.3506212
540400 476.37464 4.3627564
540600 476.45486 4.3591895
540800 476.51227 4.3710848
541000 476.58903 4.3689431
541200 476.65938 4.3791471
541400 476.73675 4.3880245
541600 476.81408 4.401852
541800 476.89202 4.4145513
542000 476.96458 4.4239658
542200 477.04562 4.4303186
542400 477.11547 4.4430729
542600 477.20533 4.4600616
542800 477.30792 4.4553389
543000 477.38688 4.4545566
543200 477.47514 4.4534668
543400 477.55065 4.4724731
543600 477.64273 4.4721269
543800 477.73479 4.4848526
544000 477.82687 4.4930105
544200 477.91917 4.5065179
544400 478.01604 4.5376725
544600 478.1023 4.5520792
544800 478.17881 4.5655036
545000 478.26478 4.5743426
545200 478.34857 4.5693916
545400 478.41887 4.5769032
545600 478.49881 4.5828059
545800 478.58238 4.5905671
546000 478.66361 4.6080009
546200 478.74788 4.6268206
546400 478.82088 4.6646988
546600 478.90255 4.6862791
546800 478.98357 4.7022995
547000 479.04032 4.7230735
547200 479.10548 4.7300151
547400 479.17362 4.7421453
547600 479.25059 4.7633992
547800 479.32938 4.7712996
548000 479.40758 4.7911457
548200 479.47922 4.8046697
548400 479.56388 4.8199779
548600 479.64959 4.8351613
548800 479.72413 4.8583632
549000 479.78805 4.8645806
549200 479.86253 4.8801263
549400 479.94194 4.891194
549600 480.0095 4.9011865
549800 480.08488 4.9203187
550000 480.17808 4.9342817
550200 480.2819 4.9397764
550400 480.38128 4.9456644
550600 480.47352 4.9606789
550800 480.55537 4.9642051
551000 480.63745 4.9751528
551200 480.72407 4.9869253
551400 480.81987 4.9877659
551600 480.9124 4.9995859
551800 480.99183 5.0240838
552000 481.07722 5.044173
552200 481.16648 5.0652098
552400 481.23823 5.0911285
552600 481.31437 5.1018
552800 481.38065 5.0998556
553000 481.43906 5.119027
553200 481.51563 5.143063
553400 481.58678 5.1566472
553600 481.66595 5.1685767
553800 481.72098 5.1922747
554000 481.78786 5.2261744
554200 481.87202 5.241918
554400 481.94746 5.2533092
554600 482.04068 5.2770537
554800 482.12071 5.2882007
555000 482.20821 5.3040061
555200 482.28015 5.319982
555400 482.35241 5.3355092
555600 482.4283 5.3459809
555800 482.49979 5.3515756
556000 482.57014 5.3656736
556200 482.65098 5.3859028
556400 482.73598 5.3953018
556600 482.81909 5.3960537
556800 482.89819 5.3842556
557000 482.98634 5.3899218
557200 483.07431 5.4058104
557400 483.15044 5.4221004
557600 483.2287 5.4377006
557800 483.31354 5.4365758
558000 483.39532 5.4409472
558200 483.46985 5.4574835
558400 483.54851 5.4603493
558600 483.63107 5.4528178
558800 483.70515 5.4561927
559000 483.79235 5.4673354
559200 483.86836 5.4695434
559400 483.96154 5.47432
559600 484.05383 5.4761943
559800 484.1374 5.4807516
560000 484.22619 5.4818081
560200 484.32399 5.4844798
560400 484.40452 5.4833097
560600 484.48671 5.4849357
560800 484.55958 5.4893982
561000 484.64737 5.5032244
561200 484.72397 5.50765
561400 484.80161 5.5223235
561600 484.89217 5.5400917
561800 484.97458 5.5604537
562000 485.0569 5.5732331
562200 485.13955 5.5782413
562400 485.22776 5.5815285
562600 485.31399 5.5785788
562800 485.38719 5.5834411
563000 485.45828 5.574267
563200 485.53425 5.5863149
563400 485.60062 5.5916729
563600 485.66935 5.593574
563800 485.74718 5.5881627
564000 485.82955 5.5942812
564200 485.91983 5.6098178
564400 485.98823 5.621228
564600 486.06553 5.6183636
564800 486.12732 5.610035
565000 486.19689 5.6134591
565200 486.30031 5.6164151
565400 486.38963 5.6121762
565600 486.46881 5.6059342
565800 486.55291 5.6132965
566000 486.62649 5.615519
566200 486.70379 5.6240202
566400 486.78625 5.635736
566600 486.86335 5.6263065
566800 486.94043 5.6273944
567000 487.02361 5.6241124
567200 487.10963 5.6083839
567400 487.17958 5.6152594
567600 487.25501 5.6111512
567800 487.33351 5.6130375
568000 487.39656 5.6183462
568200 487.4601 5.6238616
568400 487.53249 5.6338416
568600 487.61617 5.6332338
568800 487.69311 5.6457467
569000 487.77215 5.6490322
569200 487.84376 5.648439
569400 487.92113 5.6579773
569600 487.99263 5.639772
569800 488.07086 5.6412559
570000 488.15455 5.6458543
570200 488.23285 5.6614335
570400 488.30246 5.6898872
570600 488.39405 5.6927052
570800 488.47718 5.6910932
571000 488.55331 5.6989523
571200 488.63998 5.7105541
571400 488.7395 5.7242911
571600 488.83992 5.7296308
571800 488.92795 5.7499043
572000 489.00719 5.7613737
572200 489.08978 5.7793054
572400 489.15753 5.7873341
572600 489.23309 5.7788473
572800 489.32176 5.7705544
573000 489.40719 5.7697809
573200 489.48406 5.7687011
573400 489.55977 5.7738766
573600 489.63044 5.7636164
573800 489.70924 5.7625966
574000 489.79662 5.7577086
574200 489.87505 5.7708343
574400 489.95492 5.7723045
574600 490.02518 5.7870598
574800 490.09907 5.7927932
575000 490.18004 5.7916547
575200 490.26893 5.7777302
575400 490.36321 5.7631037
575600 490.45598 5.7339283
575800 490.52751 5.7226692
576000 490.61226 5.7075296
576200 490.69909 5.7083944
576400 490.77959 5.7054806
576600 490.85313 5.7109981
576800 490.93607 5.7149482
577000 491.02582 5.7145243
577200 491.09397 5.7151102
577400 491.17453 5.7295184
577600 491.23758 5.7357827
577800 491.29829 5.7468293
578000 491.37222 5.7559624
578200 491.45449 5.7506447
578400 491.53933 5.7395613
578600 491.61789 5.7398678
578800 491.7023 5.7617541
579000 491.78615 5.7640999
579200 491.87507 5.7731727
579400 491.96531 5.7728837
579600 492.04889 5.7671587
579800 492.13965 5.7727602
580000 492.23524 5.7797305
580200 492.32111 5.7778585
580400 492.39634 5.7748886
580600 492.48498 5.769351
580800 492.56306 5.7761445
581000 492.63177 5.763849
581200 492.71153 5.7541425
581400 492.79562 5.7527325
581600 492.86389 5.7468459
581800 492.93291 5.7412812
582000 493.01429 5.744437
582200 493.08401 5.7507784
582400 493.15821 5.7391848
582600 493.23108 5.7293726
582800 493.31205 5.7220936
583000 493.39655 5.7225862
583200 493.46938 5.7092854
583400 493.53498 5.7232877
583600 493.60929 5.7270802
583800 493.68829 5.7225974
584000 493.77236 5.7236324
584200 493.85638 5.7056118
584400 493.93645 5.697581
584600 494.01783 5.7039367
584800 494.10199 5.6919023
585000 494.17942 5.6883184
585200 494.26574 5.6926836
585400 494.35584 5.7114012
585600 494.44524 5.7244689
585800 494.53218 5.7339976
586000 494.61505 5.7402028
586200 494.69721 5.7502435
586400 494.79405 5.7783798
586600 494.87628 5.7968041
586800 494.97423 5.8200579
587000 495.0624 5.8291191
587200 495.14146 5.8409878
587400 495.23019 5.8434127
587600 495.30816 5.8518433
587800 495.40029 5.8483479
588000 495.50341 5.8570513
588200 495.59671 5.8732578
588400 495.68609 5.8742034
588600 495.76491 5.8655809
588800 495.85913 5.8621664
589000 495.94256 5.8667811
589200 496.02638 5.8767092
589400 496.10492 5.8958956
589600 496.18401 5.9204589
589800 496.25966 5.9342967
590000 496.33113 5.9514798
590200 496.40264 5.9778908
590400 496.48096 5.9834156
590600 496.56173 5.9912758
590800 496.63073 6.0130725
591000 496.71881 6.039706
591200 496.79123 6.060896
591400 496.85473 6.0807729
591600 496.93078 6.0971214
591800 497.01151 6.1097258
592000 497.09676 6.1232256
592200 497.18012 6.1364769
592400 497.24742 6.1536509
592600 497.32272 6.1801133
592800 497.41444 6.1984308
593000 497.50681 6.2071645
593200 497.59796 6.2184884
593400 497.6917 6.2377785
593600 497.78817 6.2558468
593800 497.86911 6.2739215
594000 497.93869 6.3010829
594200 498.01862 6.3091556
594400 498.09887 6.3010115
594600 498.1855 6.3038387
594800 498.26797 6.3225907
595000 498.36241 6.3321066
595200 498.44993 6.3443469
595400 498.53738 6.3518785
595600 498.63613 6.3587904
595800 498.73493 6.3651312
596000 498.81786 6.3740503
596200 498.90147 6.3707603
596400 498.97674 6.3686462
596600 499.04349 6.3697512
596800 499.12678 6.3778146
597000 499.19512 6.3798362
597200 499.27091 6.3748425
597400 499.34428 6.3663297
597600 499.4244 6.3647653
597800 499.4881 6.369547
598000 499.56079 6.3746212
598200 499.6382 6.3732786
598400 499.71808 6.3833162
598600 499.814 6.3964348
598800 499.91498 6.3963948
599000 499.99871 6.4115506
599200 500.07123 6.4188665
599400 500.1374 6.4161645
599600 500.21966 6.4185802
599800 500.30586 6.4006736
600000 500.40021 6.3949742
600200 500.48764 6.3890448
600400 500.57978 6.3870279
600600 500.66392 6.4019753
600800 500.75124 6.4086736
601000 500.83433 6.4120791
601200 500.9205 6.4086615
601400 500.99715 6.4065165
601600 501.07329 6.4042115
601800 501.1474 6.3987503
602000 501.22527 6.411958
602200 501.30893 6.4183636
602400 501.38451 6.4272612
602600 501.46213 6.4244864
602800 501.54515 6.4162998
603000 501.61124 6.4214948
603200 501.69363 6.4250189
603400 501.75418 6.4142041
603600 501.82018 6.412397
603800 501.89614 6.4054397
604000 501.9824 6.3912838
604200 502.07189 6.3759974
604400 502.15512 6.3777411
604600 502.24571 6.3682645
604800 502.34598 6.367892
605000 502.4363 6.3692016
605200 502.5156 6.3742833
605400 502.59879 6.3725604
605600 502.68121 6.379981
605800 502.76358 6.4049506
606000 502.82628 6.4232028
606200 502.90242 6.4229733
606400 502.96988 6.4164104
606600 503.03533 6.4131698
606800 503.11723 6.4023719
607000 503.213 6.4047728
607200 503.29043 6.4054068
607400 503.38284 6.4068288
607600 503.45822 6.4098851
607800 503.54407 6.3969692
608000 503.6268 6.3826294
608200 503.70957 6.3801859
608400 503.77566 6.3810453
608600 503.84648 6.3810741
608800 503.9198 6.3890748
609000 503.99887 6.3940078
609200 504.08764 6.3868618
609400 504.15747 6.3731953
609600 504.24261 6.354977
609800 504.33978 6.3706178
610000 504.43829 6.3734443
610200 504.53576 6.378563
610400 504.63526 6.3837128
610600 504.732 6.4033092
610800 504.81955 6.4050954
611000 504.90864 6.3954801
611200 505.00581 6.3982919
611400 505.1012 6.4042408
611600 505.19676 6.4050585
611800 505.29212 6.4196971
612000 505.39515 6.431422
612200 505.47364 6.4354647
612400 505.55824 6.4438164
612600 505.646 6.4600601
612800 505.73421 6.468676
613000 505.82153 6.4814792
613200 505.91659 6.4926669
613400 506.01733 6.5038676
613600 506.10795 6.4925669
613800 506.20019 6.5038686
614000 506.29893 6.5071456
614200 506.38392 6.5036701
614400 506.46342 6.4972194
614600 506.5595 6.4883184
614800 506.64928 6.4889298
615000 506.72137 6.4900603
615200 506.80133 6.4803852
615400 506.89226 6.4757358
615600 506.97322 6.4754875
615800 507.05575 6.4909055
616000 507.14088 6.4982957
616200 507.22993 6.4956088
616400 507.30244 6.4708604
616600 507.38529 6.4629443
616800 507.46684 6.4536056
617000 507.5661 6.4594288
617200 507.64378 6.4572976
617400 507.73137 6.4508673
617600 507.81371 6.4507943
617800 507.89925 6.4641787
618000 507.99902 6.4709375
618200 508.08761 6.4653698
618400 508.19315 6.4533702
618600 508.28623 6.4523047
618800 508.36082 6.4509671
619000 508.45096 6.4507986
619200 508.54907 6.4572419
619400 508.64627 6.4541437
619600 508.73177 6.4596123
619800 508.82859 6.458376
620000 508.93136 6.4563729
620200 509.01878 6.4546355
620400 509.10787 6.4477871
620600 509.19915 6.4484011
620800 509.29309 6.4419628
621000 509.39724 6.428171
621200 509.48293 6.4448652
621400 509.56942 6.4438736
621600 509.65805 6.4258098
621800 509.7511 6.4186333
622000 509.8361 6.4175143
622200 509.91843 6.4237961
622400 510.00385 6.4307868
622600 510.08958 6.4371987
622800 510.18383 6.4307767
623000 510.27929 6.4278481
623200 510.37003 6.4088209
623400 510.45079 6.4001538
623600 510.52635 6.3983556
623800 510.60171 6.3872984
624000 510.6769 6.3866575
624200 510.76524 6.3829854
624400 510.85707 6.3722759
624600 510.95141 6.3609025
624800 511.03346 6.3530163
625000 511.12964 6.3367243
625200 511.2268 6.3343778
625400 511.32151 6.3333779
625600 511.39191 6.3229041
625800 511.47092 6.3019757
626000 511.54944 6.2972872
626200 511.61576 6.3090677
626400 511.6963 6.2939345
626600 511.80046 6.2809001
626800 511.89985 6.272106
627000 511.99537 6.2688065
627200 512.07458 6.2665178
627400 512.15064 6.2757914
627600 512.22475 6.2803196
627800 512.30648 6.286524
628000 512.39751 6.2873842
628200 512.47886 6.2796363
628400 512.56053 6.2858196
628600 512.65695 6.2817725
628800 512.75248 6.2821788
629000 512.85891 6.2775765
629200 512.96817 6.2737369
629400 513.07374 6.2660235
629600 513.17737 6.2734559
629800 513.27339 6.2797667
630000 513.36681 6.2847498
630200 513.46488 6.2963487
630400 513.56264 6.2997409
630600 513.65124 6.3006453
630800 513.73869 6.3079736
631000 513.83379 6.3119397
631200 513.92739 6.3167748
631400 514.0179 6.3237154
631600 514.1085 6.3141298
631800 514.18401 6.3098516
632000 514.27145 6.3189421
632200 514.36252 6.3176296
632400 514.44107 6.3143996
632600 514.52628 6.3208384
632800 514.60154 6.3253913
633000 514.6735 6.3245604
633200 514.74881 6.3197108
633400 514.83374 6.3275808
633600 514.91323 6.3299461
633800 514.99834 6.337881
634000 515.06739 6.3528817
634200 515.14689 6.3594154
634400 515.23098 6.3662778
634600 515.30645 6.3856027
634800 515.39297 6.4073469
635000 515.47607 6.4262963
635200 515.56138 6.4288326
635400 515.64455 6.4188597
635600 515.71227 6.4277459
635800 515.78202 6.4381483
636000 515.86521 6.4530406
636200 515.93192 6.4625162
636400 516.00008 6.4621327
636600 516.08751 6.4817873
636800 516.17978 6.5022051
637000 516.27764 6.5173118
637200 516.37263 6.5272103
637400 516.45034 6.5331144
637600 516.53865 6.5495143
637800 516.61394 6.5470334
638000 516.68015 6.5646829
638200 516.7629 6.5720732
638400 516.84972 6.5853549
638600 516.93235 6.5910059
638800 517.00674 6.5996388
639000 517.09869 6.5982962
639200 517.18349 6.6092008
639400 517.26458 6.6176953
639600 517.34059 6.6323304
639800 517.4187 6.6511205
640000 517.49546 6.6727736
640200 517.57507 6.6759936
640400 517.6559 6.6896477
640600 517.73593 6.6760075
640800 517.82288 6.6780617
641000 517.903 6.6866546
641200 517.98752 6.7010026
641400 518.07358 6.6933064
641600 518.15753 6.6919872
641800 518.25321 6.7044691
642000 518.33261 6.7073189
642200 518.41469 6.7206093
642400 518.50906 6.7297659
642600 518.58617 6.7456178
642800 518.67248 6.749024
643000 518.75646 6.7450103
643200 518.85158 6.7384652
643400 518.93436 6.7379797
643600 519.03751 6.7433761
643800 519.12491 6.7424764
644000 519.22976 6.74345
644200 519.31973 6.7414773
644400 519.39723 6.7543147
644600 519.4793 6.773088
644800 519.57299 6.8062749
645000 519.66672 6.8297726
645200 519.75777 6.8495592
645400 519.85366 6.8708119
645600 519.94583 6.8807668
645800 520.0376 6.8753267
646000 520.12642 6.8715721
646200 520.22112 6.8723995
646400 520.33322 6.8789916
646600 520.42749 6.8859852
646800 520.51317 6.8968868
647000 520.59813 6.887441
647200 520.68855 6.8888343
647400 520.78437 6.8965439
647600 520.87271 6.903094
647800 520.95409 6.9074585
648000 521.05048 6.9130964
648200 521.151 6.9301475
648400 521.24455 6.9454967
648600 521.34223 6.9648704
648800 521.42793 6.9757343
649000 521.51967 6.9823332
649200 521.60237 6.9992688
649400 521.68203 7.0283537
649600 521.7705 7.047922
649800 521.85267 7.0545172
650000 521.93548 7.0596157
650200 522.031 7.0667598
650400 522.13169 7.0791891
650600 522.21686 7.0922735
650800 522.31993 7.0979849
651000 522.39693 7.1151156
651200 522.47558 7.1258258
651400 522.55705 7.145809
651600 522.64329 7.1575093
651800 522.72904 7.1652056
652000 522.80617 7.1641484
652200 522.89507 7.1664405
652400 522.98461 7.169173
652600 523.06275 7.1815971
652800 523.14514 7.193693
653000 523.22128 7.2071058
653200 523.31104 7.2203039
653400 523.39486 7.2232958
653600 523.48197 7.2278635
653800 523.55989 7.2361599
654000 523.63829 7.2389485
654200 523.71701 7.2381398
654400 523.80144 7.2464953
654600 523.89865 7.2572488
654800 523.98671 7.263008
655000 524.05652 7.2664208
655200 524.13011 7.2672729
655400 524.22939 7.2677728
655600 524.30657 7.2734123
655800 524.38383 7.2800771
656000 524.47047 7.28124
656200 524.56522 7.2729943
656400 524.65934 7.2750153
656600 524.74411 7.2861327
656800 524.82026 7.2852705
657000 524.90304 7.2852623
657200 524.98372 7.2992465
657400 525.0546 7.3146535
657600 525.13674 7.3290975
657800 525.22769 7.353375
658000 525.30895 7.3634015
658200 525.38386 7.36807
658400 525.46663 7.3621802
658600 525.55093 7.3644809
658800 525.63128 7.3734449
659000 525.72708 7.3807438
659200 525.80723 7.397833
659400 525.90275 7.4043774
659600 525.98878 7.4007223
659800 526.07386 7.3955914
660000 526.1647 7.4033306
660200 526.25355 7.3935401
660400 526.34847 7.3882313
660600 526.44877 7.3708585
660800 526.54262 7.3637022
661000 526.63418 7.3686881
661200 526.72203 7.3764259
661400 526.80159 7.3913307
661600 526.88982 7.4160141
661800 526.9792 7.4174457
662000 527.06073 7.412637
662200 527.15182 7.4222853
662400 527.24547 7.4256125
662600 527.33535 7.4284166
662800 527.42826 7.4282531
663000 527.50448 7.4326678
663200 527.5886 7.4275155
663400 527.67036 7.4358238
663600 527.77011 7.4376032
663800 527.86355 7.4426698
664000 527.94229 7.445844
664200 528.02709 7.460683
664400 528.11975 7.4593092
664600 528.20258 7.4654356
664800 528.28656 7.4760389
665000 528.38037 7.4861019
665200 528.47654 7.4863156
665400 528.55748 7.5000362
665600 528.63883 7.5091737
665800 528.71785 7.5248519
666000 528.81178 7.5419441
666200 528.90301 7.5545766
666400 528.98777 7.5717809
666600 529.05862 7.5878612
666800 529.1385 7.5924474
667000 529.20171 7.5986107
667200 529.2763 7.6231383
667400 529.35834 7.6502975
667600 529.4369 7.6789028
667800 529.51479 7.7098398
668000 529.59989 7.7269961
668200 529.67704 7.7462819
668400 529.76514 7.7642699
668600 529.85021 7.7810078
668800 529.93426 7.8058184
669000 530.02722 7.8253833
669200 530.12121 7.8484455
669400 530.21575 7.865517
669600 530.30458 7.8722408
669800 530.36851 7.8912267
670000 530.43969 7.8964451
670200 530.52426 7.8874981
670400 530.60764 7.8890958
670600 530.68774 7.8964314
670800 530.77767 7.897899
671000 530.87742 7.9104285
671200 530.97688 7.9236372
671400 531.0754 7.9554543
671600 531.15772 7.9748262
671800 531.25144 7.9805197
672000 531.34818 7.9886023
672200 531.44055 8.0082978
672400 531.52529 8.0221736
672600 531.60165 8.0409633
672800 531.69146 8.0541614
673000 531.77724 8.0742314
673200 531.87041 8.0959409
673400 531.96661 8.1038929
673600 532.04673 8.1174791
673800 532.13004 8.1327481
674000 532.23477 8.1506
674200 532.33286 8.1689273
674400 532.41921 8.1880397
674600 532.50651 8.2012049
674800 532.59252 8.2254848
675000 532.68796 8.2540595
675200 532.76449 8.2710837
675400 532.86397 8.2806957
675600 532.95324 8.3172241
675800 533.04784 8.3185025
676000 533.13893 8.3180484
676200 533.22313 8.3429097
676400 533.31421 8.365843
676600 533.40338 8.3783399
676800 533.50914 8.4043039
677000 533.60195 8.4162581
677200 533.68212 8.4232297
677400 533.78059 8.43118
677600 533.87795 8.437949
677800 533.95713 8.4496462
678000 534.05201 8.451866
678200 534.14997 8.4669358
678400 534.25282 8.4879361
678600 534.34205 8.4994473
678800 534.44039 8.4996947
679000 534.54107 8.5123731
679200 534.63197 8.5130405
679400 534.72249 8.5219096
679600 534.80692 8.5377993
679800 534.89371 8.5465515
680000 534.98362 8.5527523
680200 535.07886 8.5600784
680400 535.1638 8.5551838
680600 535.23602 8.5669357
680800 535.32364 8.5770676
681000 535.41378 8.5899728
681200 535.49795 8.5984663
681400 535.58539 8.6126686
681600 535.67127 8.6241835
681800 535.74164 8.6187846
682000 535.8339 8.621283
682200 535.90451 8.6216166
682400 535.99879 8.6263106
682600 536.07092 8.6238151
682800 536.15496 8.6295549
683000 536.23338 8.6347371
683200 536.31558 8.6382364
683400 536.38852 8.6526215
683600 536.47877 8.666943
683800 536.57611 8.7005893
684000 536.66333 8.7275273
684200 536.74294 8.7193107
684400 536.82054 8.7254527
684600 536.90373 8.7330653
684800 536.98092 8.7375633
685000 537.05565 8.7434235
685200 537.12822 8.7538163
685400 537.20969 8.7720578
685600 537.28623 8.7747197
685800 537.36856 8.79125
686000 537.46032 8.8180156
686200 537.54638 8.8322059
686400 537.64268 8.8338851
686600 537.73251 8.8395001
686800 537.83875 8.8512211
687000 537.93533 8.8662019
687200 538.02461 8.8797848
687400 538.12998 8.887853
687600 538.21815 8.8922711
687800 538.30286 8.8870706
688000 538.39332 8.8831207
688200 538.47736 8.8917046
688400 538.56285 8.9094142
688600 538.65236 8.9025055
688800 538.73999 8.8840672
689000 538.84033 8.8791092
689200 538.93527 8.8826853
689400 539.01812 8.8874782
689600 539.10302 8.9057572
689800 539.18293 8.9225008
690000 539.27029 8.9429786
690200 539.36132 8.9539983
690400 539.45634 8.9608066
690600 539.53769 8.9625155
690800 539.61527 8.9688829
691000 539.70208 8.9755088
691200 539.77769 8.9938867
691400 539.86033 9.0163385
691600 539.94791 9.0384108
691800 540.02929 9.0471165
692000 540.10873 9.0571242
692200 540.18924 9.0563959
692400 540.2735 9.0705741
692600 540.36802 9.0834068
692800 540.44744 9.0999257
693000 540.51608 9.0934146
693200 540.59095 9.0911637
693400 540.66789 9.0850805
693600 540.75756 9.0977231
693800 540.85361 9.1062887
694000 540.94607 9.1062717
694200 541.0475 9.1211056
694400 541.13146 9.1297914
694600 541.22761 9.1229905
694800 541.33381 9.1215114
695000 541.41822 9.1309123
695200 541.50012 9.1250584
695400 541.58355 9.1303309
695600 541.67367 9.1324611
695800 541.76301 9.1255861
696000 541.84306 9.1280254
696200 541.93266 9.1242998
696400 542.02871 9.1238421
696600 542.11318 9.1420023
696800 542.19894 9.1488398
697000 542.26234 9.1725598
697200 542.33556 9.182305
697400 542.41428 9.1818807
697600 542.50527 9.1903284
697800 542.60359 9.1994498
698000 542.68779 9.2012964
698200 542.76385 9.2090117
698400 542.83079 9.2096186
698600 542.90105 9.2109426
698800 542.97862 9.2217188
699000 543.07182 9.2312401
699200 543.1598 9.2375952
699400 543.24903 9.2540554
699600 543.3427 9.267864
699800 543.42485 9.2847585
700000 543.49794 9.3010134
700200 543.56683 9.3072897
700400 543.65546 9.3033386
700600 543.74068 9.3012453
700800 543.83099 9.3109319
701000 543.9135 9.3100522
701200 544.00057 9.3190378
701400 544.07454 9.3130313
701600 544.16102 9.3039595
701800 544.2587 9.3079289
702000 544.33646 9.3030148
702200 544.39866 9.3094415
702400 544.46751 9.3200458
702600 544.54367 9.3330043
702800 544.61042 9.3469419
703000 544.68171 9.3617764
703200 544.75849 9.3589133
703400 544.82726 9.3578339
703600 544.90605 9.3565897
703800 544.98929 9.3516906
704000 545.06014 9.3628193
704200 545.13681 9.3758334
704400 545.21451 9.3749744
704600 545.28574 9.3845552
704800 545.37749 9.4006111
705000 545.46819 9.4192308
705200 545.55788 9.4308259
705400 545.63712 9.4525201
705600 545.71323 9.4741888
705800 545.80045 9.487812
706000 545.86927 9.5030384
706200 545.94706 9.499783
706400 546.0289 9.5107291
706600 546.11092 9.5232614
706800 546.19742 9.5362532
707000 546.28019 9.5309536
707200 546.36906 9.5304734
707400 546.46352 9.543057
707600 546.54994 9.5525866
707800 546.63916 9.5636134
708000 546.72468 9.5845126
708200 546.80565 9.5907321
708400 546.88489 9.5876439
708600 546.974 9.5925036
708800 547.05435 9.6076709
709000 547.1337 9.6143409
709200 547.21256 9.6206857
709400 547.28914 9.6104528
709600 547.37705 9.602407
709800 547.45276 9.583032
710000 547.52659 9.587069
710200 547.58409 9.5789702
710400 547.65701 9.5712404
710600 547.72149 9.5646113
710800 547.79156 9.5678174
711000 547.87361 9.5754712
711200 547.95662 9.581349
711400 548.03023 9.6011034
711600 548.09425 9.5950466
711800 548.16349 9.6083967
712000 548.23828 9.6243427
712200 548.30888 9.6319298
712400 548.38498 9.6533461
712600 548.47623 9.6722658
712800 548.55182 9.6966094
713000 548.63996 9.7203062
713200 548.71909 9.7339051
713400 548.79179 9.7365859
713600 548.86776 9.7409891
713800 548.9415 9.7417684
714000 549.0153 9.7409891
714200 549.10556 9.7534103
714400 549.19307 9.7466542
714600 549.27863 9.7512485
714800 549.36903 9.7496597
715000 549.44294 9.7537667
715200 549.51527 9.7634142
715400 549.59162 9.7563626
715600 549.67605 9.7729146
715800 549.78459 9.7862321
716000 549.88285 9.8108119
716200 549.97196 9.816994
716400 550.06405 9.8440436
716600 550.1537 9.8547051
716800 550.24703 9.8673126
717000 550.33057 9.8911594
717200 550.42275 9.9091281
717400 550.52728 9.9178367
717600 550.60798 9.9261566
717800 550.67759 9.9403142
718000 550.75446 9.9673032
718200 550.8444 9.9606387
718400 550.94256 9.976279
718600 551.03621 9.9877714
718800 551.12936 9.9952256
719000 551.21778 9.9981055
719200 551.29834 10.010202
719400 551.37916 10.013433
719600 551.46342 10.016871
719800 551.54201 10.014077
720000 551.63055 10.017858
720200 551.70731 10.014895
720400 551.77342 10.011615
720600 551.81869 10.012276
720800 551.88371 10.003762
721000 551.96933 9.9986784
721200 552.04599 10.007733
721400 552.11305 10.015691
721600 552.19443 10.013417
721800 552.28054 10.03213
722000 552.37017 10.036922
722200 552.44517 10.050281
722400 552.53239 10.062879
722600 552.60461 10.075761
722800 552.68052 10.083137
723000 552.76992 10.095995
723200 552.86812 10.095299
723400 552.96625 10.109244
723600 553.05441 10.105637
723800 553.14423 10.106243
724000 553.23032 10.124525
724200 553.30588 10.141149
724400 553.37702 10.141986
724600 553.44015 10.144422
724800 553.51673 10.148767
725000 553.59408 10.153715
725200 553.67072 10.1605
725400 553.75115 10.171469
725600 553.83459 10.182982
725800 553.90252 10.211982
726000 553.98087 10.245491
726200 554.04961 10.255984
726400 554.12334 10.273591
726600 554.20746 10.291774
726800 554.26682 10.305682
727000 554.33446 10.321112
727200 554.41519 10.322118
727400 554.48622 10.330909
727600 554.56726 10.336338
727800 554.65963 10.344975
728000 554.74064 10.354097
728200 554.82365 10.355763
728400 554.90304 10.377347
728600 554.9805 10.380936
728800 555.06449 10.401824
729000 555.14143 10.405781
729200 555.22426 10.398196
729400 555.28269 10.40592
729600 555.3499 10.411655
729800 555.41819 10.421602
730000 555.49489 10.422189
730200 555.57805 10.426327
730400 555.6733 10.445751
730600 555.75925 10.454738
730800 555.8407 10.481779
731000 555.90504 10.503893
731200 555.9853 10.510298
731400 556.06457 10.530363
731600 556.14351 10.549378
731800 556.22441 10.58295
732000 556.29189 10.605604
732200 556.37629 10.625905
732400 556.46375 10.639362
732600 556.53781 10.645677
732800 556.62101 10.658594
733000 556.70696 10.65618
733200 556.79169 10.673181
733400 556.88181 10.6805
733600 556.97835 10.707498
733800 557.0603 10.726604
734000 557.15571 10.737869
734200 557.25146 10.75271
734400 557.34372 10.762082
734600 557.44434 10.780523
734800 557.52983 10.795555
735000 557.61235 10.806032
735200 557.70252 10.811471
735400 557.78862 10.81248
735600 557.8789 10.803908
735800 557.96003 10.81081
736000 558.04464 10.819369
736200 558.12641 10.823128
736400 558.20493 10.830552
736600 558.28391 10.843357
736800 558.36133 10.857766
737000 558.44501 10.8812
737200 558.54211 10.89042
737400 558.63191 10.908787
737600 558.72601 10.919064
737800 558.81933 10.932166
738000 558.91036 10.965847
738200 559.00155 10.982951
738400 559.08224 11.000897
738600 559.1684 10.998595
738800 559.24925 11.009724
739000 559.34908 11.005956
739200 559.45625 11.028735
739400 559.53642 11.050304
739600 559.61407 11.054718
739800 559.69072 11.078528
740000 559.76754 11.085781
740200 559.85294 11.104539
740400 559.93272 11.127555
740600 560.01562 11.13524
740800 560.09415 11.15358
741000 560.17874 11.170089
741200 560.2589 11.172567
741400 560.33519 11.189868
741600 560.41085 11.204631
741800 560.50291 11.204262
742000 560.58825 11.220591
742200 560.65403 11.225743
742400 560.73682 11.236853
742600 560.81768 11.261732
742800 560.91041 11.284375
743000 560.98927 11.297208
743200 561.06835 11.308643
743400 561.15732 11.319145
743600 561.25432 11.326326
743800 561.34184 11.332638
744000 561.43073 11.343911
744200 561.52207 11.369008
744400 561.61021 11.390609
744600 561.69231 11.406135
744800 561.77016 11.427697
745000 561.84221 11.439082
745200 561.93804 11.450106
745400 562.01734 11.46659
745600 562.10067 11.491777
745800 562.19125 11.518893
746000 562.28037 11.533604
746200 562.37792 11.554857
746400 562.478 11.566969
746600 562.58067 11.59937
746800 562.67442 11.629449
747000 562.75484 11.642293
747200 562.82867 11.669865
747400 562.90819 11.693111
747600 562.98819 11.726734
747800 563.06251 11.755016
748000 563.14425 11.767033
748200 563.23093 11.795306
748400 563.30838 11.812526
748600 563.40177 11.827749
748800 563.49216 11.860457
749000 563.57424 11.881887
749200 563.66429 11.901618
749400 563.75203 11.914511
749600 563.82143 11.945426
749800 563.91206 11.965987
750000 563.99978 11.999403
750200 564.09604 12.029164
750400 564.18758 12.064663
750600 564.30068 12.094606
750800 564.40105 12.118334
751000 564.50052 12.14705
751200 564.58353 12.17366
751400 564.6738 12.218891
751600 564.76978 12.237771
751800 564.84907 12.24779
752000 564.92998 12.268256
752200 565.01953 12.293446
752400 565.11543 12.321427
752600 565.19113 12.351325
752800 565.28029 12.379078
753000 565.36414 12.402436
753200 565.44851 12.428705
753400 565.53369 12.439516
753600 565.62449 12.451078
753800 565.71083 12.477723
754000 565.80402 12.502391
754200 565.90418 12.525238
754400 565.98001 12.540001
754600 566.07252 12.552626
754800 566.15366 12.57371
755000 566.23011 12.588962
755200 566.32202 12.625724
755400 566.42229 12.655331
755600 566.52015 12.687345
755800 566.60707 12.708438
756000 566.69203 12.729905
756200 566.79395 12.756589
756400 566.89423 12.767297
756600 567.0029 12.800169
756800 567.11087 12.823781
757000 567.20785 12.8635
757200 567.30359 12.881525
757400 567.40852 12.892357
757600 567.49627 12.913021
757800 567.58765 12.933966
758000 567.68469 12.956791
758200 567.76633 12.96968
758400 567.85216 12.980647
758600 567.95457 12.996923
758800 568.05062 13.009008
759000 568.1504 13.023539
759200 568.22533 13.053937
759400 568.30302 13.06755
759600 568.39348 13.10183
759800 568.47491 13.120731
760000 568.54816 13.145093
760200 568.62902 13.156482
760400 568.72627 13.177249
760600 568.81578 13.208815
760800 568.90127 13.232093
761000 568.97086 13.244087
761200 569.0541 13.278431
761400 569.14613 13.305459
761600 569.23126 13.329163
761800 569.3105 13.346939
762000 569.3823 13.373381
762200 569.48562 13.404349
762400 569.58155 13.409942
762600 569.67146 13.420875
762800 569.76297 13.434535
763000 569.86298 13.452151
763200 569.94344 13.465957
763400 570.02188 13.476795
763600 570.12197 13.487079
763800 570.20673 13.494827
764000 570.293 13.515383
764200 570.38552 13.533057
764400 570.48729 13.548469
764600 570.56389 13.57456
764800 570.657 13.595317
765000 570.75288 13.613984
765200 570.85356 13.624994
765400 570.94779 13.641154
765600 571.03303 13.659391
765800 571.1074 13.672265
766000 571.19962 13.683082
766200 571.28868 13.712664
766400 571.37826 13.745505
766600 571.45745 13.765612
766800 571.54835 13.800784
767000 571.6388 13.827913
767200 571.72706 13.847474
767400 571.81624 13.880227
767600 571.89973 13.888511
767800 571.98556 13.905305
768000 572.07716 13.928244
768200 572.17671 13.945346
768400 572.27481 13.955751
768600 572.36265 13.986281
768800 572.45043 14.0157
769000 572.53604 14.04501
769200 572.62637 14.062166
769400 572.71381 14.072929
769600 572.80536 14.086616
769800 572.886 14.095422
770000 572.97211 14.114084
770200 573.06629 14.129039
770400 573.14432 14.158051
770600 573.22464 14.169123
770800 573.32166 14.186169
771000 573.40609 14.189624
771200 573.48512 14.217199
771400 573.56569 14.23678
771600 573.64975 14.258004
771800 573.74233 14.290284
772000 573.8279 14.317353
772200 573.90109 14.341555
772400 573.98126 14.38111
772600 574.0535 14.395703
772800 574.13806 14.411767
773000 574.21421 14.423482
773200 574.30133 14.433976
773400 574.37283 14.449541
773600 574.45267 14.476801
773800 574.53395 14.496589
774000 574.63449 14.513667
774200 574.7181 14.522327
774400 574.79526 14.54392
774600 574.85748 14.551161
774800 574.94109 14.565811
775000 575.03662 14.572062
775200 575.12433 14.583383
775400 575.20531 14.602048
775600 575.28328 14.625006
775800 575.35372 14.645693
776000 575.42475 14.669327
776200 575.50665 14.700799
776400 575.57413 14.723264
776600 575.6615 14.742014
776800 575.73809 14.757067
777000 575.81398 14.761643
777200 575.8881 14.772875
777400 575.95535 14.799512
777600 576.02607 14.811985
777800 576.09913 14.82324
778000 576.16556 14.845915
778200 576.24255 14.865564
778400 576.31029 14.885725
778600 576.37897 14.903554
778800 576.44275 14.912647
779000 576.51281 14.926335
779200 576.59477 14.944347
779400 576.67755 14.960928
779600 576.75796 14.979937
779800 576.84667 14.997474
780000 576.93439 15.006868
780200 577.02005 15.040592
780400 577.10157 15.06464
780600 577.18344 15.095172
780800 577.27149 15.127273
781000 577.34081 15.139376
781200 577.42699 15.173326
781400 577.50555 15.191053
781600 577.5814 15.201108
781800 577.66997 15.215356
782000 577.76399 15.225305
782200 577.85591 15.24607
782400 577.94502 15.274311
782600 578.03129 15.288577
782800 578.1207 15.297496
783000 578.21165 15.319137
783200 578.29022 15.338082
783400 578.38563 15.359949
783600 578.47818 15.3762
783800 578.5644 15.399988
784000 578.64539 15.426872
784200 578.73578 15.446508
784400 578.817 15.471121
784600 578.90495 15.495742
784800 578.99398 15.510502
785000 579.07861 15.530214
785200 579.14085 15.55534
785400 579.22469 15.582292
785600 579.31296 15.609556
785800 579.39129 15.624966
786000 579.4724 15.661148
786200 579.55833 15.68829
786400 579.64046 15.709535
786600 579.72236 15.742484
786800 579.79879 15.754043
787000 579.88162 15.77434
787200 579.96617 15.782927
787400 580.05561 15.804232
787600 580.14161 15.821601
787800 580.21692 15.829531
788000 580.29124 15.841172
788200 580.38946 15.849065
788400 580.47928 15.854423
788600 580.57146 15.861144
788800 580.65878 15.880417
789000 580.74691 15.891187
789200 580.84177 15.90589
789400 580.93751 15.933767
789600 581.01837 15.954475
789800 581.11345 15.967962
790000 581.2038 15.98457
790200 581.29713 16.028171
790400 581.40193 16.064561
790600 581.49843 16.084276
790800 581.59084 16.109999
791000 581.6796 16.144314
791200 581.76639 16.171207
791400 581.85072 16.188809
791600 581.93848 16.207948
791800 582.01593 16.228281
792000 582.10296 16.236928
792200 582.19591 16.244657
792400 582.27011 16.257189
792600 582.35992 16.270324
792800 582.4513 16.283881
793000 582.5365 16.306514
793200 582.62112 16.325416
793400 582.70771 16.354021
793600 582.77958 16.37721
793800 582.86257 16.40052
794000 582.94419 16.430067
794200 583.02553 16.467535
794400 583.11401 16.495914
794600 583.17937 16.529899
794800 583.26523 16.564453
795000 583.35911 16.586355
795200 583.44366 16.609597
795400 583.52914 16.634107
795600 583.62801 16.645053
795800 583.7212 16.659075
796000 583.81317 16.676849
796200 583.91227 16.688646
796400 583.98208 16.691216
796600 584.07077 16.693429
796800 584.15664 16.712543
797000 584.23896 16.732276
797200 584.31876 16.746998
797400 584.41223 16.764505
797600 584.50641 16.775405
797800 584.58983 16.78982
798000 584.67993 16.814984
798200 584.76621 16.830011
798400 584.83933 16.875439
798600 584.92508 16.917276
798800 585.02321 16.946846
799000 585.12818 16.970193
799200 585.22251 16.995026
799400 585.31382 17.016002
799600 585.39997 17.049121
799800 585.48338 17.082935
800000 585.5749 17.113863
800200 585.67629 17.154839
800400 585.77085 17.158905
800600 585.86001 17.18025
800800 585.95078 17.213799
801000 586.02878 17.249338
801200 586.1039 17.273698
801400 586.19204 17.294965
801600 586.26226 17.32031
801800 586.3269 17.34833
802000 586.39559 17.366132
802200 586.47752 17.390384
802400 586.56425 17.411159
802600 586.63961 17.429247
802800 586.71185 17.448089
803000 586.79347 17.472505
803200 586.86916 17.487459
803400 586.94979 17.499216
803600 587.03531 17.505006
803800 587.11786 17.526836
804000 587.20388 17.536837
804200 587.2769 17.5475
804400 587.34625 17.565488
804600 587.42764 17.596132
804800 587.5171 17.617903
805000 587.60451 17.63854
805200 587.67315 17.656698
805400 587.7484 17.684133
805600 587.82992 17.723886
805800 587.90578 17.743907
806000 587.97761 17.761738
806200 588.05282 17.779783
806400 588.13659 17.795159
806600 588.21009 17.818409
806800 588.29145 17.836711
807000 588.36775 17.860225
807200 588.44341 17.887111
807400 588.5239 17.909767
807600 588.60125 17.922756
807800 588.68469 17.945746
808000 588.77004 17.962576
808200 588.86429 17.986244
808400 588.96028 17.999816
808600 589.04344 18.020099
808800 589.12578 18.03687
809000 589.2013 18.055053
809200 589.302 18.073085
809400 589.38272 18.092619
809600 589.47373 18.10842
809800 589.54885 18.135395
810000 589.62232 18.168401
810200 589.70926 18.196349
810400 589.80021 18.22362
810600 589.87957 18.257065
810800 589.96472 18.289001
811000 590.05743 18.325358
811200 590.1515 18.342502
811400 590.23066 18.367952
811600 590.31425 18.411183
811800 590.40249 18.440254
812000 590.49145 18.464293
812200 590.58229 18.500339
812400 590.66937 18.521458
812600 590.75319 18.543439
812800 590.82854 18.57478
813000 590.89835 18.601778
813200 590.97017 18.629937
813400 591.05286 18.650319
813600 591.13569 18.67457
813800 591.23334 18.702111
814000 591.3135 18.720874
814200 591.39252 18.734206
814400 591.47441 18.743378
814600 591.56787 18.75909
814800 591.67084 18.776933
815000 591.7695 18.804365
815200 591.86605 18.829108
815400 591.96288 18.836027
815600 592.03982 18.854249
815800 592.12342 18.862449
816000 592.21876 18.887685
816200 592.31137 18.918427
816400 592.39188 18.932239
816600 592.47005 18.956333
816800 592.53189 18.963322
817000 592.61249 18.97574
817200 592.69521 18.995893
817400 592.78954 19.016345
817600 592.88534 19.044417
817800 592.97099 19.080094
818000 593.06545 19.108597
818200 593.16299 19.129028
818400 593.2628 19.145985
818600 593.35814 19.174253
818800 593.44583 19.190441
819000 593.52284 19.213118
819200 593.61482 19.230147
819400 593.71813 19.243932
819600 593.80062 19.268956
819800 593.88669 19.281271
820000 593.96883 19.287335
820200 594.0612 19.307631
820400 594.14889 19.317598
820600 594.2134 19.33324
820800 594.29122 19.379162
821000 594.36677 19.385509
821200 594.44818 19.390095
821400 594.52642 19.405535
821600 594.60715 19.430255
821800 594.68891 19.448904
822000 594.78038 19.464652
822200 594.85892 19.478969
822400 594.95314 19.498961
822600 595.03644 19.518248
822800 595.12437 19.539195
823000 595.21869 19.557168
823200 595.29995 19.569094
823400 595.38653 19.582991
823600 595.47289 19.598828
823800 595.56116 19.611828
824000 595.64785 19.63001
824200 595.7403 19.643898
824400 595.83608 19.649233
824600 595.91764 19.667886
824800 596.01119 19.699319
825000 596.10335 19.728021
825200 596.19825 19.747507
825400 596.29032 19.777554
825600 596.37998 19.790818
825800 596.47325 19.792496
826000 596.55588 19.802532
826200 596.64178 19.82883
826400 596.73357 19.849078
826600 596.82667 19.874279
826800 596.91612 19.891131
827000 597.01203 19.918287
827200 597.11258 19.942731
827400 597.21709 19.973807
827600 597.31548 19.996172
827800 597.41356 20.029809
828000 597.51175 20.061556
828200 597.59371 20.100612
828400 597.67293 20.120289
828600 597.75225 20.13742
828800 597.83354 20.140726
829000 597.92553 20.155807
829200 598.00199 20.166319
829400 598.09164 20.194945
829600 598.16196 20.204684
829800 598.24059 20.216636
830000 598.31431 20.22804
830200 598.40264 20.230152
830400 598.49858 20.245451
830600 598.58666 20.268199
830800 598.68308 20.278601
831000 598.77181 20.281609
831200 598.86648 20.277849
831400 598.95005 20.301516
831600 599.03839 20.305365
831800 599.10501 20.322988
832000 599.16873 20.325826
832200 599.239 20.337204
832400 599.30137 20.340637
832600 599.37828 20.358939
832800 599.44645 20.374075
833000 599.52042 20.394122
833200 599.59624 20.402238
833400 599.65912 20.4093
833600 599.73742 20.425077
833800 599.81794 20.451152
834000 599.9019 20.476747
834200 599.9745 20.483902
834400 600.04949 20.504177
834600 600.12728 20.507294
834800 600.20627 20.510924
835000 600.27554 20.509974
835200 600.35654 20.525523
835400 600.43361 20.530343
835600 600.52718 20.535301
835800 600.61482 20.545791
836000 600.70046 20.563521
836200 600.76493 20.582969
836400 600.85803 20.584186
836600 600.95554 20.590287
836800 601.04184 20.597471
837000 601.14076 20.607216
837200 601.22604 20.621287
837400 601.33091 20.629628
837600 601.4143 20.652729
837800 601.51265 20.667528
838000 601.59905 20.66864
838200 601.69492 20.678962
838400 601.79185 20.685725
838600 601.886 20.704274
838800 601.9751 20.729017
839000 602.08522 20.740967
839200 602.1896 20.750088
839400 602.29107 20.757634
839600 602.38439 20.765909
839800 602.46488 20.776061
840000 602.57656 20.784298
840200 602.6654 20.793251
840400 602.76911 20.81016
840600 602.86306 20.834305
840800 602.95786 20.840191
841000 603.04159 20.850251
841200 603.13631 20.842347
841400 603.23052 20.842738
841600 603.32289 20.854559
841800 603.42798 20.853054
842000 603.54087 20.842684
842200 603.65008 20.83121
842400 603.75238 20.834509
842600 603.85505 20.844638
842800 603.9575 20.855165
843000 604.06443 20.869831
843200 604.16256 20.880641
843400 604.25008 20.885208
843600 604.34689 20.893132
843800 604.45234 20.902794
844000 604.55581 20.919791
844200 604.65696 20.928848
844400 604.77027 20.967214
844600 604.86416 21.00066
844800 604.94948 21.026791
845000 605.05422 21.037823
845200 605.14756 21.043806
845400 605.23981 21.038778
845600 605.32953 21.050986
845800 605.42466 21.060183
846000 605.51549 21.080575
846200 605.60287 21.10592
846400 605.68848 21.12624
846600 605.77882 21.140806
846800 605.87264 21.162867
847000 605.97601 21.195177
847200 606.06969 21.221129
847400 606.16245 21.237721
847600 606.26192 21.268295
847800 606.35863 21.283048
848000 606.44357 21.292433
848200 606.54116 21.313277
848400 606.63373 21.306215
848600 606.75041 21.313309
848800 606.85158 21.3274
849000 606.95535 21.346381
849200 607.06473 21.353562
849400 607.15278 21.359014
849600 607.25884 21.368875
849800 607.36372 21.401804
850000 607.46174 21.417463
850200 607.56494 21.433032
850400 607.66513 21.430976
850600 607.75922 21.45484
850800 607.87007 21.474521
851000 607.98953 21.489808
851200 608.093 21.509112
851400 608.18896 21.525025
851600 608.29177 21.539699
851800 608.37849 21.546295
852000 608.46355 21.564845
852200 608.56389 21.571434
852400 608.66196 21.59739
852600 608.76903 21.616583
852800 608.86552 21.637942
853000 608.95572 21.656752
853200 609.04999 21.687091
853400 609.13987 21.695377
853600 609.23712 21.697138
853800 609.33962 21.721077
854000 609.43836 21.733357
854200 609.54552 21.752348
854400 609.64691 21.779556
854600 609.74153 21.804766
854800 609.84482 21.840167
855000 609.93503 21.851228
855200 610.0368 21.877109
855400 610.15078 21.903157
855600 610.26469 21.924609
855800 610.37304 21.95134
856000 610.47321 21.986619
856200 610.55723 22.015742
856400 610.65899 22.027269
856600 610.74601 22.044432
856800 610.83605 22.071758
857000 610.93348 22.089849
857200 611.03235 22.108738
857400 611.1208 22.135998
857600 611.20553 22.146872
857800 611.30982 22.170652
858000 611.40681 22.19375
858200 611.50356 22.220598
858400 611.60874 22.245777
858600 611.69645 22.265037
858800 611.80026 22.294821
859000 611.89367 22.323454
859200 611.99757 22.374283
859400 612.09377 22.399262
859600 612.18387 22.427837
859800 612.28948 22.440028
860000 612.39116 22.459128
860200 612.47486 22.475423
860400 612.56149 22.480814
860600 612.66666 22.499041
860800 612.76491 22.516937
861000 612.85459 22.537993
861200 612.94742 22.559261
861400 613.0421 22.580017
861600 613.12778 22.613696
861800 613.21064 22.628727
862000 613.30223 22.653052
862200 613.39825 22.669675
862400 613.49444 22.683744
862600 613.58466 22.685902
862800 613.66756 22.696557
863000 613.75923 22.71156
863200 613.85028 22.722233
863400 613.93626 22.722359
863600 614.03082 22.733886
863800 614.13214 22.738882
864000 614.23561 22.746562
864200 614.33037 22.771824
864400 614.44054 22.781527
864600 614.52968 22.803593
864800 614.63253 22.823512
865000 614.73964 22.83912
865200 614.85022 22.837827
865400 614.96383 22.840382
865600 615.06582 22.861846
865800 615.15649 22.873601
866000 615.24936 22.870117
866200 615.33695 22.878329
866400 615.42783 22.904232
866600 615.51574 22.931071
866800 615.61496 22.940232
867000 615.71243 22.962318
867200 615.79613 22.985739
867400 615.88584 23.016237
867600 615.98035 23.047417
867800 616.0821 23.069562
868000 616.18703 23.089787
868200 616.29455 23.099176
868400 616.38938 23.103784
868600 616.47554 23.11841
868800 616.56402 23.146472
869000 616.66413 23.175923
869200 616.76728 23.208818
869400 616.86438 23.241936
869600 616.95892 23.258577
869800 617.0753 23.268439
870000 617.18181 23.282901
870200 617.28111 23.304439
870400 617.38121 23.327617
870600 617.48 23.350216
870800 617.56905 23.369803
871000 617.65924 23.392624
871200 617.76416 23.410102
871400 617.85485 23.42531
871600 617.94836 23.459693
871800 618.04895 23.491504
872000 618.14427 23.520032
872200 618.24094 23.538846
872400 618.32788 23.558438
872600 618.41586 23.562216
872800 618.52145 23.562964
873000 618.61906 23.562329
873200 618.70893 23.557087
873400 618.79678 23.582087
873600 618.88913 23.595778
873800 618.99767 23.609172
874000 619.11399 23.63389
874200 619.23147 23.657675
874400 619.34397 23.673635
874600 619.44149 23.703505
874800 619.53345 23.728178
875000 619.62565 23.742945
875200 619.72807 23.766739
875400 619.82367 23.787959
875600 619.92695 23.814388
875800 620.02848 23.837355
876000 620.13921 23.859496
876200 620.22685 23.890661
876400 620.32309 23.918659
876600 620.39672 23.927162
876800 620.49138 23.955463
877000 620.58803 23.988806
877200 620.67012 24.012936
877400 620.76399 24.037598
877600 620.86952 24.057927
877800 620.97624 24.074594
878000 621.07772 24.10216
878200 621.1758 24.134711
878400 621.27284 24.158929
878600 621.38176 24.17209
878800 621.50294 24.205025
879000 621.61606 24.220072
879200 621.72484 24.228094
879400 621.83147 24.253361
879600 621.93883 24.282791
879800 622.04124 24.281732
880000 622.12247 24.284181
880200 622.2139 24.306135
880400 622.3061 24.323614
880600 622.4058 24.346516
880800 622.49524 24.359848
881000 622.58448 24.380589
881200 622.67441 24.402519
881400 622.77496 24.425929
881600 622.87122 24.454929
881800 622.96401 24.476614
882000 623.05198 24.502754
882200 623.15411 24.534064
882400 623.25585 24.56413
882600 623.34579 24.589261
882800 623.44702 24.616035
883000 623.54464 24.637228
883200 623.63906 24.664465
883400 623.72472 24.685825
883600 623.81488 24.691462
883800 623.90046 24.715775
884000 623.99641 24.729938
884200 624.09946 24.742582
884400 624.18589 24.762044
884600 624.26986 24.771473
884800 624.36415 24.806585
885000 624.4491 24.831208
885200 624.54857 24.853516
885400 624.65616 24.869233
885600 624.74807 24.888277
885800 624.8255 24.908413
886000 624.91824 24.909756
886200 625.0073 24.92468
886400 625.11824 24.942056
886600 625.23195 24.954606
886800 625.33707 24.994301
887000 625.43711 25.015903
887200 625.54228 25.029627
887400 625.65321 25.044509
887600 625.74159 25.063888
887800 625.83395 25.074001
888000 625.91881 25.086691
888200 626.01852 25.123692
888400 626.12237 25.144583
888600 626.22134 25.161335
888800 626.32396 25.186497
889000 626.42504 25.208111
889200 626.53973 25.223603
889400 626.65228 25.227432
889600 626.77923 25.242734
889800 626.88624 25.24923
890000 626.98031 25.273148
890200 627.09962 25.296733
890400 627.20336 25.292206
890600 627.28725 25.289102
890800 627.38582 25.306727
891000 627.49584 25.323686
891200 627.60674 25.334508
891400 627.71313 25.361903
891600 627.81504 25.379014
891800 627.9099 25.4094
892000 627.99759 25.422505
892200 628.09192 25.431066
892400 628.1884 25.448457
892600 628.28565 25.46977
892800 628.39222 25.491983
893000 628.49421 25.523346
893200 628.60694 25.555884
893400 628.70165 25.587541
893600 628.81625 25.617936
893800 628.91693 25.641484
894000 629.02694 25.663157
894200 629.11566 25.669622
894400 629.21257 25.69493
894600 629.30415 25.705583
894800 629.40587 25.721845
895000 629.48346 25.744424
895200 629.56039 25.763807
895400 629.64745 25.785838
895600 629.73975 25.802145
895800 629.82933 25.799722
896000 629.93394 25.806191
896200 630.01931 25.809891
896400 630.09486 25.815188
896600 630.17147 25.833493
896800 630.2533 25.84661
897000 630.34791 25.877613
897200 630.42484 25.896372
897400 630.50627 25.920085
897600 630.58577 25.954654
897800 630.67435 25.988147
898000 630.74634 26.029802
898200 630.82109 26.051233
898400 630.90912 26.088827
898600 630.9938 26.116175
898800 631.07711 26.131552
899000 631.16631 26.143723
899200 631.25502 26.162107
899400 631.32418 26.168345
899600 631.40348 26.184603
899800 631.48099 26.207274
900000 631.55488 26.246227
900200 631.63113 26.263251
900400 631.71297 26.277882
900600 631.78614 26.288986
900800 631.87272 26.289933
901000 631.95339 26.286758
901200 632.05408 26.303497
901400 632.1297 26.323879
901600 632.21257 26.342863
901800 632.29349 26.374631
902000 632.3718 26.38956
902200 632.4538 26.42968
902400 632.54712 26.476923
902600 632.61978 26.484701
902800 632.69593 26.495402
903000 632.77517 26.505706
903200 632.85984 26.505831
903400 632.94271 26.512444
903600 633.0294 26.530478
903800 633.10453 26.556845
904000 633.19839 26.563551
904200 633.28804 26.580145
904400 633.3685 26.595032
904600 633.47717 26.602019
904800 633.57349 26.623311
905000 633.67538 26.638346
905200 633.75609 26.658795
905400 633.84354 26.677626
905600 633.93584 26.697974
905800 634.02503 26.700083
906000 634.09918 26.711642
906200 634.17033 26.719864
906400 634.24986 26.72708
906600 634.35127 26.748468
906800 634.43929 26.76564
907000 634.5311 26.785375
907200 634.61406 26.80274
907400 634.71899 26.837247
907600 634.82214 26.833326
907800 634.92089 26.844928
908000 635.00269 26.856518
908200 635.09157 26.87024
908400 635.17206 26.896185
908600 635.25689 26.921846
908800 635.35193 26.946248
909000 635.44307 26.961085
909200 635.53218 26.976307
909400 635.62091 26.995128
909600 635.71946 27.014978
909800 635.81682 27.0335
910000 635.90437 27.039189
910200 635.97811 27.041455
910400 636.06567 27.065377
910600 636.15429 27.086615
910800 636.23628 27.078092
911000 636.33401 27.080837
911200 636.42393 27.10085
911400 636.52036 27.11893
911600 636.62031 27.139508
911800 636.71864 27.148868
912000 636.80717 27.166385
912200 636.8995 27.171803
912400 637.00942 27.182255
912600 637.09468 27.19445
912800 637.18079 27.196654
913000 637.28157 27.208374
913200 637.39219 27.233451
913400 637.48545 27.246125
913600 637.5903 27.257885
913800 637.68553 27.273906
914000 637.77857 27.281417
914200 637.89108 27.302837
914400 637.99128 27.321236
914600 638.07798 27.337119
914800 638.17201 27.362794
915000 638.27802 27.394992
915200 638.38574 27.418598
915400 638.47494 27.434565
915600 638.56285 27.454942
915800 638.67021 27.489869
916000 638.74934 27.508836
916200 638.83127 27.535058
916400 638.90946 27.557514
916600 638.99278 27.559256
916800 639.08407 27.582462
917000 639.17095 27.608314
917200 639.26948 27.619042
917400 639.37207 27.634168
917600 639.45388 27.667383
917800 639.54148 27.708047
918000 639.63458 27.731058
918200 639.71911 27.768544
918400 639.81008 27.786346
918600 639.89938 27.811487
918800 639.98707 27.824243
919000 640.08008 27.83145
919200 640.17543 27.857784
919400 640.26089 27.880906
919600 640.34806 27.900071
919800 640.42653 27.908339
920000 640.50729 27.899371
920200 640.5849 27.912611
920400 640.66862 27.923978
920600 640.75264 27.938966
920800 640.82046 27.965958
921000 640.89802 27.972648
921200 640.98524 27.983406
921400 641.05656 27.981998
921600 641.13737 27.994118
921800 641.21538 28.003504
922000 641.28773 28.01504
922200 641.36724 28.025049
922400 641.44961 28.033853
922600 641.53627 28.037496
922800 641.63059 28.044516
923000 641.72304 28.041373
923200 641.81789 28.058382
923400 641.90862 28.069899
923600 642.0016 28.078846
923800 642.10167 28.095315
924000 642.20052 28.130029
924200 642.2906 28.136832
924400 642.37551 28.143268
924600 642.48014 28.154668
924800 642.58343 28.154562
925000 642.65772 28.18091
925200 642.73806 28.209847
925400 642.83733 28.228848
925600 642.9315 28.242784
925800 643.02221 28.272547
926000 643.10644 28.293495
926200 643.19311 28.324633
926400 643.27591 28.357802
926600 643.36487 28.391623
926800 643.45285 28.424042
927000 643.54871 28.455935
927200 643.62242 28.486409
927400 643.71968 28.517023
927600 643.79498 28.541951
927800 643.86046 28.572149
928000 643.93571 28.591732
928200 644.03414 28.604274
928400 644.13064 28.61216
928600 644.21541 28.621941
928800 644.29125 28.639052
929000 644.36589 28.657301
929200 644.45777 28.668121
929400 644.54592 28.677819
929600 644.6292 28.690101
929800 644.72598 28.693897
930000 644.80733 28.711838
930200 644.91423 28.734953
930400 645.00232 28.759799
930600 645.09352 28.788361
930800 645.18097 28.817625
931000 645.28299 28.835988
931200 645.36197 28.851316
931400 645.44418 28.880198
931600 645.5347 28.894179
931800 645.62491 28.911877
932000 645.71704 28.938254
932200 645.81349 28.945658
932400 645.9143 28.959226
932600 646.01925 28.954437
932800 646.1178 28.969882
933000 646.22332 28.981481
933200 646.32069 28.982888
933400 646.41445 28.99981
933600 646.50213 29.019156
933800 646.58326 29.041019
934000 646.65932 29.062678
934200 646.74574 29.078615
934400 646.83097 29.095525
934600 646.91185 29.115014
934800 647.00398 29.13415
935000 647.09651 29.159082
935200 647.18572 29.179295
935400 647.27318 29.191391
935600 647.36627 29.20965
935800 647.46304 29.216798
936000 647.55882 29.226789
936200 647.65521 29.254761
936400 647.7495 29.282357
936600 647.8474 29.308616
936800 647.93235 29.333436
937000 648.02688 29.350333
937200 648.12354 29.355073
937400 648.2063 29.363446
937600 648.28972 29.380822
937800 648.38779 29.395648
938000 648.44627 29.412034
938200 648.52886 29.428727
938400 648.62571 29.44569
938600 648.72314 29.466933
938800 648.81909 29.494993
939000 648.91246 29.520143
939200 649.00122 29.545864
939400 649.09276 29.56302
939600 649.18167 29.585063
939800 649.25726 29.60942
940000 649.34517 29.64256
940200 649.4352 29.652621
940400 649.52582 29.668646
940600 649.62266 29.686306
940800 649.71861 29.701308
941000 649.79931 29.730957
941200 649.89593 29.740367
941400 649.98993 29.752312
941600 650.09392 29.77884
941800 650.19014 29.803689
942000 650.29613 29.842938
942200 650.39169 29.888173
942400 650.48603 29.926718
942600 650.56435 29.945909
942800 650.6559 29.968397
943000 650.7543 29.98521
943200 650.84034 29.993815
943400 650.92806 30.008532
943600 651.00315 30.046148
943800 651.08449 30.075665
944000 651.17195 30.105044
944200 651.27437 30.132617
944400 651.36948 30.148607
944600 651.46961 30.17599
944800 651.56226 30.188876
945000 651.65542 30.203289
945200 651.75683 30.212693
945400 651.85828 30.207639
945600 651.96624 30.229316
945800 652.04884 30.242877
946000 652.14382 30.252264
946200 652.24434 30.273742
946400 652.33876 30.2792
946600 652.43138 30.288194
946800 652.51123 30.295738
947000 652.58515 30.312764
947200 652.66154 30.319547
947400 652.74541 30.342185
947600 652.8404 30.372837
947800 652.92079 30.383847
948000 653.00753 30.396324
948200 653.10138 30.410258
948400 653.20886 30.417971
948600 653.30605 30.429587
948800 653.39325 30.453613
949000 653.47052 30.468246
949200 653.5551 30.48173
949400 653.63905 30.498388
949600 653.72134 30.534221
949800 653.80174 30.556835
950000 653.8929 30.576114
950200 653.98134 30.599126
950400 654.05753 30.61301
950600 654.13786 30.625675
950800 654.23632 30.655344
951000 654.32753 30.675334
951200 654.40189 30.688882
951400 654.48918 30.689892
951600 654.57099 30.685496
951800 654.65715 30.698452
952000 654.74201 30.705955
952200 654.8332 30.733366
952400 654.90288 30.729728
952600 654.98336 30.740077
952800 655.08839 30.763012
953000 655.18433 30.777178
953200 655.26994 30.793673
953400 655.35413 30.828944
953600 655.45264 30.855698
953800 655.55393 30.879951
954000 655.64629 30.899966
954200 655.73171 30.902983
954400 655.8266 30.922439
954600 655.91775 30.960924
954800 655.99359 30.975767
955000 656.06891 30.995698
955200 656.15462 30.997839
955400 656.23718 31.011113
955600 656.33019 31.012817
955800 656.43156 31.027753
956000 656.51803 31.04182
956200 656.5915 31.060539
956400 656.67163 31.090637
956600 656.75276 31.098734
956800 656.83795 31.117726
957000 656.91892 31.145894
957200 657.00863 31.165814
957400 657.10052 31.197895
957600 657.175 31.209815
957800 657.2601 31.224266
958000 657.3407 31.233366
958200 657.42526 31.264245
958400 657.52088 31.282301
958600 657.5957 31.301304
958800 657.67434 31.329117
959000 657.74732 31.349372
959200 657.83847 31.369671
959400 657.93741 31.414796
959600 658.02502 31.431795
959800 658.11813 31.452066
960000 658.20497 31.478988
960200 658.29956 31.515436
960400 658.36869 31.532798
960600 658.45221 31.540442
960800 658.55268 31.563015
961000 658.64123 31.564378
961200 658.72901 31.570773
961400 658.81498 31.592295
961600 658.90301 31.603838
961800 658.99131 31.617186
962000 659.07777 31.632557
962200 659.15004 31.644694
962400 659.23469 31.663894
962600 659.29937 31.700756
962800 659.38171 31.709884
963000 659.4816 31.719653
963200 659.55924 31.735294
963400 659.61671 31.74761
963600 659.6831 31.766764
963800 659.74003 31.790937
964000 659.81068 31.811155
964200 659.89642 31.821533
964400 659.95676 31.845985
964600 660.03679 31.86323
964800 660.11463 31.882301
965000 660.19737 31.91513
965200 660.26847 31.946454
965400 660.35026 31.970012
965600 660.42567 31.984414
965800 660.51761 32.009145
966000 660.58688 32.016928
966200 660.67549 32.022432
966400 660.76947 32.033724
966600 660.86435 32.050394
966800 660.95134 32.056602
967000 661.04469 32.080366
967200 661.12256 32.105805
967400 661.21868 32.121752
967600 661.31148 32.151389
967800 661.40435 32.173663
968000 661.50626 32.177383
968200 661.57415 32.201765
968400 661.65039 32.22153
968600 661.72693 32.233776
968800 661.80315 32.267216
969000 661.88297 32.27984
969200 661.96139 32.2915
969400 662.0673 32.312256
969600 662.1675 32.331214
969800 662.26216 32.356077
970000 662.34247 32.391836
970200 662.44939 32.417629
970400 662.54442 32.441838
970600 662.63035 32.449932
970800 662.7051 32.46166
971000 662.78434 32.466312
971200 662.85368 32.478521
971400 662.93764 32.490843
971600 663.01413 32.513092
971800 663.08738 32.533634
972000 663.16041 32.544524
972200 663.2429 32.562593
972400 663.32698 32.586664
972600 663.396 32.623338
972800 663.49576 32.648808
973000 663.57321 32.677691
973200 663.63803 32.678068
973400 663.70449 32.691602
973600 663.77627 32.719031
973800 663.86117 32.743476
974000 663.94458 32.767888
974200 664.01781 32.809428
974400 664.08724 32.856279
974600 664.17369 32.894533
974800 664.24921 32.905771
975000 664.32361 32.913944
975200 664.40566 32.935636
975400 664.48259 32.953136
975600 664.55467 32.977211
975800 664.6423 32.994143
976000 664.7302 33.006664
976200 664.81646 33.026092
976400 664.9013 33.05841
976600 664.99362 33.081013
976800 665.07836 33.095655
977000 665.1643 33.107166
977200 665.25235 33.121823
977400 665.33622 33.143996
977600 665.424 33.182103
977800 665.4832 33.206234
978000 665.55888 33.229897
978200 665.64207 33.267289
978400 665.71587 33.296162
978600 665.78458 33.307661
978800 665.85207 33.317044
979000 665.92394 33.316587
979200 666.00224 33.345529
979400 666.0776 33.382303
979600 666.17315 33.40184
979800 666.26134 33.423595
980000 666.34693 33.456577
980200 666.42343 33.468114
980400 666.50398 33.478601
980600 666.57517 33.481712
980800 666.65246 33.48301
981000 666.72409 33.49822
981200 666.81002 33.515692
981400 666.89062 33.549611
981600 666.98058 33.575821
981800 667.05387 33.598139
982000 667.13571 33.614155
982200 667.2191 33.634647
982400 667.28667 33.659029
982600 667.36282 33.667749
982800 667.43738 33.691467
983000 667.51657 33.714229
983200 667.59183 33.740049
983400 667.65393 33.766028
983600 667.72955 33.79099
983800 667.79832 33.810221
984000 667.8832 33.831944
984200 667.94189 33.844652
984400 668.00769 33.870184
984600 668.07443 33.904239
984800 668.14533 33.926247
985000 668.22067 33.946991
985200 668.3015 33.980659
985400 668.3692 33.997336
985600 668.43565 34.015669
985800 668.50948 34.042066
986000 668.58461 34.059156
986200 668.65286 34.075084
986400 668.71102 34.104722
986600 668.77768 34.127075
986800 668.84705 34.140335
987000 668.91961 34.151817
987200 668.99215 34.161294
987400 669.07028 34.170962
987600 669.1403 34.192271
987800 669.20692 34.202823
988000 669.27646 34.226476
988200 669.35267 34.238549
988400 669.41185 34.248684
988600 669.47812 34.26973
988800 669.55801 34.275376
989000 669.64908 34.283877
989200 669.72748 34.301773
989400 669.79887 34.325472
989600 669.8814 34.338464
989800 669.95838 34.360487
990000 670.05103 34.373558
990200 670.13232 34.401262
990400 670.21421 34.419542
990600 670.31026 34.437756
990800 670.39491 34.446435
991000 670.46561 34.45417
991200 670.55174 34.465527
991400 670.62778 34.486456
991600 670.71046 34.50625
991800 670.80518 34.529882
992000 670.89148 34.53867
992200 670.96955 34.543743
992400 671.05061 34.555799
992600 671.12879 34.589612
992800 671.22241 34.589461
993000 671.29214 34.590238
993200 671.36591 34.595396
993400 671.44297 34.590369
993600 671.52018 34.603851
993800 671.59861 34.605845
994000 671.67742 34.621831
994200 671.76259 34.643038
994400 671.83606 34.653927
994600 671.91992 34.679146
994800 671.989 34.695532
995000 672.06921 34.702736
995200 672.15845 34.714436
995400 672.24703 34.726214
995600 672.32801 34.7369
995800 672.42093 34.759518
996000 672.50079 34.776756
996200 672.5887 34.777663
996400 672.68117 34.782007
996600 672.7631 34.777255
996800 672.8388 34.797685
997000 672.90511 34.790797
997200 672.98197 34.800949
997400 673.05391 34.80525
997600 673.12899 34.816523
997800 673.20453 34.844259
998000 673.28999 34.857686
998200 673.36605 34.891089
998400 673.44498 34.914136
998600 673.53013 34.939162
998800 673.61399 34.955902
999000 673.69201 34.970955
999200 673.76687 34.995584
999400 673.84686 35.030564
999600 673.93771 35.054164
999800 674.02815 35.072714
1000000 674.09919 35.087969
1000200 674.18476 35.092189
1000400 674.25987 35.100978
1000600 674.33411 35.090064
1000800 674.41046 35.11517
1001000 674.49545 35.142733
1001200 674.57808 35.148621
1001400 674.66798 35.175522
1001600 674.74711 35.190001
1001800 674.82928 35.212442
1002000 674.91814 35.225464
1002200 674.99481 35.245704
1002400 675.07057 35.26722
1002600 675.14627 35.298609
1002800 675.23412 35.313862
1003000 675.31533 35.3364
1003200 675.39341 35.325405
1003400 675.483 35.346058
1003600 675.57269 35.350837
1003800 675.66699 35.380402
1004000 675.75838 35.401538
1004200 675.85692 35.428963
1004400 675.93478 35.443567
1004600 676.02519 35.449391
1004800 676.10539 35.462534
1005000 676.18967 35.496813
1005200 676.26413 35.524801
1005400 676.34136 35.55052
1005600 676.40131 35.562483
1005800 676.46081 35.563176
1006000 676.52685 35.581404
1006200 676.60722 35.603029
1006400 676.65214 35.61005
1006600 676.71625 35.622623
1006800 676.78713 35.633557
1007000 676.85492 35.644654
1007200 676.9052 35.66144
1007400 676.99642 35.674355
1007600 677.06967 35.687522
1007800 677.13692 35.690664
1008000 677.19956 35.720161
1008200 677.27327 35.734406
1008400 677.33536 35.751881
1008600 677.41542 35.76751
1008800 677.49263 35.791919
1009000 677.56384 35.836913
1009200 677.63805 35.881345
1009400 677.71361 35.896723
1009600 677.79608 35.937632
1009800 677.87519 35.957393
1010000 677.94043 35.983509
1010200 678.01929 36.000791
1010400 678.10027 36.022151
1010600 678.18024 36.033886
1010800 678.26182 36.067771
1011000 678.33608 36.08785
1011200 678.41506 36.105865
1011400 678.50053 36.113407
1011600 678.58418 36.126088
1011800 678.65902 36.162632
1012000 678.72627 36.186904
1012200 678.79249 36.207562
1012400 678.85089 36.23752
1012600 678.91019 36.250398
1012800 678.98238 36.274958
1013000 679.04794 36.295336
1013200 679.11395 36.313353
1013400 679.1697 36.33425
1013600 679.24409 36.363806
1013800 679.3166 36.366559
1014000 679.38769 36.378921
1014200 679.46283 36.415538
1014400 679.54411 36.440061
1014600 679.6196 36.4446
1014800 679.70093 36.461882
1015000 679.77204 36.485252
1015200 679.82727 36.512158
1015400 679.90946 36.541556
1015600 679.97784 36.566209
1015800 680.04002 36.587941
1016000 680.10822 36.606792
1016200 680.16127 36.622898
1016400 680.22416 36.661165
1016600 680.28909 36.674112
1016800 680.35904 36.723468
1017000 680.42334 36.74223
1017200 680.48404 36.770362
1017400 680.55443 36.78653
1017600 680.6234 36.825643
1017800 680.7125 36.855361
1018000 680.80056 36.876364
1018200 680.89014 36.904775
1018400 680.97581 36.921893
1018600 681.06503 36.952776
1018800 681.15216 36.983252
1019000 681.23503 37.017818
1019200 681.31263 37.047122
1019400 681.40661 37.078972
1019600 681.4917 37.096508
1019800 681.58173 37.125821
1020000 681.66795 37.147205
1020200 681.75786 37.163947
1020400 681.84066 37.192169
1020600 681.91801 37.207523
1020800 681.9916 37.218399
1021000 682.06173 37.241746
1021200 682.14582 37.248396
1021400 682.23158 37.25577
1021600 682.30389 37.271573
1021800 682.3778 37.288308
1022000 682.46203 37.320756
1022200 682.53502 37.351387
1022400 682.60059 37.38171
1022600 682.66469 37.402238
1022800 682.72614 37.410834
1023000 682.79941 37.449246
1023200 682.88107 37.483745
1023400 682.96164 37.496202
1023600 683.03611 37.515529
1023800 683.10996 37.530825
1024000 683.17356 37.530354
1024200 683.25126 37.552657
1024400 683.31061 37.56236
1024600 683.38712 37.579577
1024800 683.46044 37.596901
1025000 683.54259 37.596193
1025200 683.60225 37.608904
1025400 683.68486 37.619742
1025600 683.77388 37.629208
1025800 683.83728 37.644731
1026000 683.89532 37.657013
1026200 683.96437 37.683123
1026400 684.03755 37.702166
1026600 684.12046 37.733546
1026800 684.2049 37.751517
1027000 684.28823 37.757698
1027200 684.37084 37.772126
1027400 684.44455 37.789735
1027600 684.51976 37.815945
1027800 684.58596 37.835631
1028000 684.65757 37.84038
1028200 684.72232 37.857591
1028400 684.79563 37.877713
1028600 684.86406 37.892039
1028800 684.94621 37.922133
1029000 685.02072 37.95631
1029200 685.0923 37.971754
1029400 685.15667 38.007124
1029600 685.23571 38.03449
1029800 685.30967 38.048218
1030000 685.38675 38.068059
1030200 685.45288 38.076639
1030400 685.52008 38.084173
1030600 685.59638 38.102945
1030800 685.66401 38.117168
1031000 685.72008 38.147226
1031200 685.78513 38.17853
1031400 685.8616 38.205993
1031600 685.93532 38.221651
1031800 685.99993 38.242924
1032000 686.048 38.262699
1032200 686.12147 38.279091
1032400 686.20541 38.288644
1032600 686.28422 38.299409
1032800 686.36182 38.321423
1033000 686.43455 38.346135
1033200 686.49362 38.3764
1033400 686.53744 38.382768
1033600 686.59579 38.406643
1033800 686.64311 38.431012
1034000 686.71198 38.451577
1034200 686.77381 38.464342
1034400 686.83359 38.488827
1034600 686.89847 38.498027
1034800 686.9618 38.494031
1035000 687.0143 38.496073
1035200 687.07127 38.500839
1035400 687.15789 38.527691
1035600 687.2366 38.543713
1035800 687.30137 38.567859
1036000 687.36096 38.591936
1036200 687.44154 38.616981
1036400 687.5178 38.617746
1036600 687.58835 38.620978
1036800 687.65195 38.62813
1037000 687.71126 38.636598
1037200 687.78208 38.636596
1037400 687.8479 38.651897
1037600 687.90183 38.674389
1037800 687.96334 38.693926
1038000 688.0269 38.708275
1038200 688.0931 38.721883
1038400 688.17881 38.735243
1038600 688.26929 38.75471
1038800 688.33248 38.780816
1039000 688.40279 38.805331
1039200 688.47203 38.812813
1039400 688.53471 38.825125
1039600 688.60228 38.836692
1039800 688.67436 38.845284
1040000 688.73961 38.85233
1040200 688.81319 38.86122
1040400 688.89165 38.884486
1040600 688.96107 38.889919
1040800 689.0178 38.89525
1041000 689.09511 38.900245
1041200 689.16405 38.909848
1041400 689.21337 38.928618
1041600 689.25943 38.959371
1041800 689.32925 38.985042
1042000 689.38172 39.006503
1042200 689.4457 39.019595
1042400 689.50732 39.033366
1042600 689.58951 39.051486
1042800 689.67159 39.069897
1043000 689.74737 39.082825
1043200 689.83301 39.096151
1043400 689.89715 39.113148
1043600 689.95837 39.122985
1043800 690.02563 39.128382
1044000 690.0972 39.152063
1044200 690.1924 39.160206
1044400 690.28269 39.166839
1044600 690.37126 39.16987
1044800 690.45029 39.189881
1045000 690.52286 39.209485
1045200 690.59291 39.212121
1045400 690.65535 39.226294
1045600 690.71162 39.228023
1045800 690.77539 39.232322
1046000 690.84521 39.238385
1046200 690.92313 39.247598
1046400 691.00872 39.263909
1046600 691.09461 39.275042
1046800 691.17081 39.287506
1047000 691.23232 39.29706
1047200 691.30544 39.313702
1047400 691.3888 39.332078
1047600 691.44343 39.355157
1047800 691.50025 39.362889
1048000 691.56587 39.383889
1048200 691.6279 39.39554
1048400 691.69315 39.40965
1048600 691.76908 39.43249
1048800 691.83202 39.4498
1049000 691.91059 39.456182
1049200 691.9948 39.476299
1049400 692.07325 39.493788
1049600 692.13978 39.511487
1049800 692.20668 39.528833
1050000 692.26722 39.550479
1050200 692.33589 39.575616
1050400 692.40175 39.60743
1050600 692.47497 39.625936
1050800 692.55819 39.651654
1051000 692.62408 39.67962
1051200 692.68135 39.707863
1051400 692.74618 39.723764
1051600 692.81678 39.739877
1051800 692.88069 39.775025
1052000 692.95182 39.787284
1052200 693.01467 39.794659
1052400 693.07354 39.798984
1052600 693.14378 39.811255
1052800 693.20834 39.830092
1053000 693.28237 39.860753
1053200 693.35033 39.884748
1053400 693.42439 39.91043
1053600 693.47331 39.909655
1053800 693.53892 39.921615
1054000 693.59714 39.929167
1054200 693.64243 39.942696
1054400 693.71622 39.96004
1054600 693.77753 39.990766
1054800 693.83981 40.007487
1055000 693.89512 40.040145
1055200 693.95936 40.056911
1055400 694.01898 40.086097
1055600 694.08325 40.089292
1055800 694.16794 40.105539
1056000 694.24477 40.118074
1056200 694.31359 40.126307
1056400 694.37198 40.124928
1056600 694.43175 40.127827
1056800 694.48758 40.151447
1057000 694.54364 40.163169
1057200 694.60187 40.1766
1057400 694.66683 40.193544
1057600 694.73195 40.212207
1057800 694.80062 40.222905
1058000 694.87585 40.236885
1058200 694.95624 40.246952
1058400 695.02766 40.259523
1058600 695.0941 40.278196
1058800 695.16462 40.283271
1059000 695.21198 40.299609
1059200 695.26515 40.303115
1059400 695.34119 40.328238
1059600 695.40245 40.341223
1059800 695.47005 40.353828
1060000 695.5374 40.377037
1060200 695.60183 40.39451
1060400 695.67367 40.416912
1060600 695.74726 40.427795
1060800 695.82564 40.435328
1061000 695.89206 40.427747
1061200 695.98177 40.446872
1061400 696.06694 40.470725
1061600 696.15682 40.494049
1061800 696.23073 40.511171
1062000 696.31581 40.539755
1062200 696.39392 40.549786
1062400 696.48688 40.554558
1062600 696.57725 40.568811
1062800 696.67246 40.585044
1063000 696.76222 40.587228
1063200 696.84939 40.591321
1063400 696.9317 40.60408
1063600 697.02375 40.616427
1063800 697.11997 40.625806
1064000 697.19863 40.639402
1064200 697.27546 40.650533
1064400 697.36144 40.677402
1064600 697.43717 40.701131
1064800 697.52825 40.702649
1065000 697.60772 40.721271
1065200 697.67143 40.743286
1065400 697.75159 40.750583
1065600 697.82574 40.768218
1065800 697.88837 40.786609
1066000 697.96841 40.797314
1066200 698.04118 40.82507
1066400 698.11989 40.832745
1066600 698.19302 40.840878
1066800 698.24917 40.845539
1067000 698.30742 40.864074
1067200 698.36523 40.876691
1067400 698.43317 40.881346
1067600 698.5098 40.894823
1067800 698.57905 40.92395
1068000 698.65791 40.936371
1068200 698.73099 40.947418
1068400 698.80027 40.96378
1068600 698.87298 40.976043
1068800 698.93899 40.995943
1069000 698.99946 41.013505
1069200 699.08017 41.025186
1069400 699.15859 41.041245
1069600 699.22755 41.049778
1069800 699.30351 41.060159
1070000 699.37104 41.068849
1070200 699.45108 41.075853
1070400 699.52502 41.10237
1070600 699.58576 41.136006
1070800 699.66635 41.165475
1071000 699.7455 41.189334
1071200 699.81172 41.213128
1071400 699.88554 41.234509
1071600 699.95109 41.241361
1071800 700.03655 41.253548
1072000 700.11283 41.261921
1072200 700.1906 41.27036
1072400 700.27745 41.291735
1072600 700.35067 41.303488
1072800 700.43443 41.309698
1073000 700.51796 41.321756
1073200 700.59439 41.342826
1073400 700.67156 41.358234
1073600 700.73943 41.368772
1073800 700.80958 41.372567
1074000 700.87311 41.378771
1074200 700.93285 41.38801
1074400 701.00538 41.410203
1074600 701.07787 41.428157
1074800 701.15273 41.460331
1075000 701.21848 41.49027
1075200 701.27652 41.512584
1075400 701.33863 41.522809
1075600 701.40778 41.535419
1075800 701.47866 41.561949
1076000 701.54619 41.591317
1076200 701.6106 41.624099
1076400 701.68991 41.639974
1076600 701.75776 41.653461
1076800 701.83201 41.696451
1077000 701.88797 41.715199
1077200 701.95424 41.73395
1077400 702.00877 41.753792
1077600 702.0696 41.761717
1077800 702.14042 41.779116
1078000 702.20846 41.787925
1078200 702.26651 41.81617
1078400 702.33488 41.833978
1078600 702.41165 41.858154
1078800 702.48662 41.863286
1079000 702.5479 41.869734
1079200 702.6087 41.88246
1079400 702.66383 41.894909
1079600 702.71399 41.924878
1079800 702.77744 41.951241
1080000 702.83452 41.946329
1080200 702.89522 41.964588
1080400 702.95799 41.971241
1080600 703.02754 41.972393
1080800 703.10538 41.977848
1081000 703.17723 41.979439
1081200 703.24898 41.995592
1081400 703.31705 42.010683
1081600 703.39186 42.038342
1081800 703.47629 42.057875
1082000 703.54373 42.079037
1082200 703.62278 42.117901
1082400 703.70426 42.141273
1082600 703.76419 42.15479
1082800 703.82643 42.171162
1083000 703.89721 42.20462
1083200 703.9622 42.234347
1083400 704.02375 42.251709
1083600 704.09047 42.257488
1083800 704.16294 42.289309
1084000 704.23814 42.297099
1084200 704.29686 42.315166
1084400 704.37931 42.343828
1084600 704.4687 42.371121
1084800 704.5342 42.396414
1085000 704.60422 42.405455
1085200 704.67673 42.415089
1085400 704.75584 42.425057
1085600 704.82994 42.433181
1085800 704.90801 42.450977
1086000 704.98512 42.471737
1086200 705.05788 42.497598
1086400 705.1266 42.527711
1086600 705.18322 42.556286
1086800 705.24639 42.571665
1087000 705.31945 42.582488
1087200 705.39142 42.596451
1087400 705.45902 42.621191
1087600 705.5381 42.666657
1087800 705.60926 42.711189
1088000 705.68565 42.733028
1088200 705.76597 42.749759
1088400 705.84125 42.768436
1088600 705.89035 42.792348
1088800 705.96183 42.796061
1089000 706.0246 42.808692
1089200 706.09255 42.827462
1089400 706.14937 42.85143
1089600 706.22416 42.869621
1089800 706.2947 42.884835
1090000 706.37407 42.899335
1090200 706.45445 42.910533
1090400 706.54429 42.922299
1090600 706.62909 42.937215
1090800 706.69375 42.956194
1091000 706.77716 42.986694
1091200 706.827 43.002437
1091400 706.90443 43.019541
1091600 706.97103 43.030922
1091800 707.03499 43.03235
1092000 707.12565 43.05274
1092200 707.20932 43.05831
1092400 707.26791 43.067941
1092600 707.32975 43.084853
1092800 707.39845 43.093222
1093000 707.4474 43.100312
1093200 707.52009 43.113613
1093400 707.58501 43.140734
1093600 707.65343 43.162988
1093800 707.72969 43.175141
1094000 707.78978 43.192281
1094200 707.85431 43.217632
1094400 707.92609 43.215752
1094600 708.0019 43.216396
1094800 708.07308 43.235936
1095000 708.15712 43.24991
1095200 708.23259 43.262653
1095400 708.3053 43.255533
1095600 708.36093 43.264764
1095800 708.43858 43.266106
1096000 708.51319 43.26636
1096200 708.58608 43.276524
1096400 708.64951 43.302833
1096600 708.72015 43.322331
1096800 708.78229 43.331408
1097000 708.85271 43.345279
1097200 708.93179 43.382298
1097400 709.01624 43.409603
1097600 709.10853 43.424757
1097800 709.19686 43.446967
1098000 709.27965 43.458688
1098200 709.35516 43.477467
1098400 709.43476 43.515845
1098600 709.5056 43.522149
1098800 709.57792 43.543653
1099000 709.64149 43.561095
1099200 709.70562 43.589114
1099400 709.75638 43.613657
1099600 709.83247 43.6349
1099800 709.8937 43.663828
1100000 709.96493 43.684317
1100200 710.02697 43.708706
1100400 710.09802 43.716234
1100600 710.1606 43.718039
1100800 710.22353 43.739958
1101000 710.30943 43.761921
1101200 710.37274 43.786242
1101400 710.42043 43.79476
1101600 710.47601 43.821038
1101800 710.54825 43.830492
1102000 710.61519 43.830484
1102200 710.68243 43.841242
1102400 710.75031 43.843012
1102600 710.82855 43.846568
1102800 710.89247 43.844856
1103000 710.98543 43.84848
1103200 711.04423 43.860298
1103400 711.11233 43.863822
1103600 711.18097 43.886368
1103800 711.24391 43.899886
1104000 711.29966 43.911832
1104200 711.36156 43.920006
1104400 711.4352 43.927116
1104600 711.50598 43.946708
1104800 711.56508 43.947146
1105000 711.6232 43.946972
1105200 711.68376 43.940098
1105400 711.75428 43.960394
1105600 711.84733 43.973371
1105800 711.93665 43.989338
1106000 712.01129 43.98886
1106200 712.07915 43.999448
1106400 712.14755 44.015838
1106600 712.23596 44.028923
1106800 712.31458 44.038322
1107000 712.38559 44.057502
1107200 712.44665 44.077169
1107400 712.50722 44.072638
1107600 712.57843 44.070341
1107800 712.64284 44.078911
1108000 712.71151 44.078446
1108200 712.77605 44.08274
1108400 712.83644 44.09729
1108600 712.90927 44.098534
1108800 712.96559 44.113163
1109000 713.02521 44.121859
1109200 713.09217 44.139143
1109400 713.17547 44.149412
1109600 713.24652 44.181476
1109800 713.32487 44.194223
1110000 713.39026 44.191514
1110200 713.45906 44.212013
1110400 713.54135 44.222432
1110600 713.61695 44.253065
1110800 713.69186 44.286861
1111000 713.76731 44.309778
1111200 713.85008 44.315632
1111400 713.93467 44.320579
1111600 714.02162 44.346338
1111800 714.10861 44.37078
1112000 714.19299 44.369072
1112200 714.25529 44.378067
1112400 714.32878 44.397199
1112600 714.40005 44.418583
1112800 714.46757 44.440586
1113000 714.54049 44.461079
1113200 714.62295 44.483798
1113400 714.70668 44.510109
1113600 714.80068 44.516195
1113800 714.88179 44.540684
1114000 714.972 44.564024
1114200 715.06264 44.574726
1114400 715.14902 44.5872
1114600 715.23046 44.585741
1114800 715.3097 44.594589
1115000 715.3944 44.607568
1115200 715.46786 44.619133
1115400 715.55962 44.644674
1115600 715.64653 44.672156
1115800 715.73448 44.687912
1116000 715.80784 44.711599
1116200 715.88162 44.730985
1116400 715.9536 44.733781
1116600 716.02062 44.736082
1116800 716.08833 44.754237
1117000 716.14944 44.77647
1117200 716.21188 44.799721
1117400 716.29921 44.815993
1117600 716.37428 44.835718
1117800 716.46197 44.86899
1118000 716.53517 44.891861
1118200 716.59767 44.893449
1118400 716.65988 44.921549
1118600 716.72862 44.945282
1118800 716.81193 44.963484
1119000 716.89575 44.981141
1119200 716.96421 44.994473
1119400 717.03701 45.00209
1119600 717.10228 45.021165
1119800 717.1655 45.025476
1120000 717.2431 45.046065
1120200 717.31032 45.073154
1120400 717.38232 45.093176
1120600 717.4623 45.116186
1120800 717.53532 45.14527
1121000 717.6067 45.173278
1121200 717.66331 45.185201
1121400 717.7255 45.177358
1121600 717.78864 45.206374
1121800 717.85135 45.214239
1122000 717.93348 45.24052
1122200 718.0073 45.257915
1122400 718.09385 45.285283
1122600 718.16883 45.298886
1122800 718.25872 45.323966
1123000 718.34018 45.334586
1123200 718.4125 45.343609
1123400 718.4852 45.359049
1123600 718.57001 45.376147
1123800 718.65078 45.405022
1124000 718.7277 45.418914
1124200 718.7932 45.440679
1124400 718.88163 45.451213
1124600 718.95967 45.467528
1124800 719.03618 45.479418
1125000 719.11996 45.503289
1125200 719.20573 45.527874
1125400 719.28963 45.53737
1125600 719.37383 45.569351
1125800 719.4364 45.581069
1126000 719.50111 45.592167
1126200 719.56635 45.616179
1126400 719.63835 45.634888
1126600 719.70423 45.648472
1126800 719.77157 45.670513
1127000 719.82316 45.676527
1127200 719.8871 45.682215
1127400 719.9396 45.700394
1127600 719.99673 45.719948
1127800 720.0417 45.735743
1128000 720.10033 45.753642
1128200 720.15185 45.786728
1128400 720.22469 45.805504
1128600 720.29835 45.837011
1128800 720.3687 45.854392
1129000 720.43456 45.877099
1129200 720.48958 45.877962
1129400 720.54325 45.882512
1129600 720.61133 45.889422
1129800 720.67904 45.882337
1130000 720.7534 45.884111
1130200 720.82345 45.893952
1130400 720.90035 45.912505
1130600 720.96371 45.926909
1130800 721.03024 45.947757
1131000 721.09987 45.946655
1131200 721.1617 45.971885
1131400 721.22673 45.974307
1131600 721.29775 45.977997
1131800 721.37286 46.008481
1132000 721.44317 46.027946
1132200 721.49585 46.049665
1132400 721.5627 46.063071
1132600 721.63882 46.081224
1132800 721.69889 46.098232
1133000 721.75738 46.120385
1133200 721.82742 46.140807
1133400 721.89102 46.175436
1133600 721.95608 46.204999
1133800 722.01636 46.230733
1134000 722.08742 46.259683
1134200 722.14191 46.276443
1134400 722.20632 46.296751
1134600 722.28409 46.318385
1134800 722.36199 46.340705
1135000 722.44485 46.367651
1135200 722.52522 46.374192
1135400 722.60813 46.404539
1135600 722.69347 46.414933
1135800 722.78573 46.435113
1136000 722.84462 46.458894
1136200 722.90559 46.478265
1136400 722.96989 46.510205
1136600 723.04416 46.533432
1136800 723.10464 46.563671
1137000 723.16731 46.591784
1137200 723.22317 46.602787
1137400 723.27357 46.617463
1137600 723.33227 46.62845
1137800 723.39205 46.641599
1138000 723.45002 46.640631
1138200 723.52397 46.650998
1138400 723.60299 46.66556
1138600 723.66316 46.68837
1138800 723.72209 46.701067
1139000 723.79372 46.717302
1139200 723.84817 46.729632
1139400 723.90272 46.743488
1139600 723.96725 46.758147
1139800 724.02835 46.770616
1140000 724.08288 46.782674
1140200 724.1295 46.810827
1140400 724.18466 46.822544
1140600 724.25687 46.845926
1140800 724.31142 46.882902
1141000 724.38355 46.915157
1141200 724.43498 46.935878
1141400 724.51682 46.959104
1141600 724.5814 46.985869
1141800 724.66053 47.011305
1142000 724.7046 47.028996
1142200 724.78616 47.051245
1142400 724.84997 47.066862
1142600 724.89964 47.097158
1142800 724.95695 47.119585
1143000 725.02947 47.131866
1143200 725.10321 47.154674
1143400 725.16411 47.185365
1143600 725.21031 47.226098
1143800 725.25483 47.254408
1144000 725.33165 47.283239
1144200 725.4092 47.29222
1144400 725.46827 47.304564
1144600 725.5219 47.331612
1144800 725.59192 47.363694
1145000 725.64983 47.397957
1145200 725.71077 47.41987
1145400 725.76124 47.4496
1145600 725.82766 47.474371
1145800 725.90086 47.499589
1146000 725.9784 47.536806
1146200 726.05311 47.568097
1146400 726.12512 47.598287
1146600 726.19421 47.623669
1146800 726.26523 47.660841
1147000 726.33363 47.677495
1147200 726.39073 47.68847
1147400 726.45735 47.697707
1147600 726.51817 47.721748
1147800 726.58983 47.755532
1148000 726.65593 47.768368
1148200 726.7288 47.790427
1148400 726.79519 47.824293
1148600 726.86027 47.868306
1148800 726.9345 47.900771
1149000 727.00256 47.933713
1149200 727.05742 47.968725
1149400 727.11341 48.004887
1149600 727.15602 48.056814
1149800 727.22263 48.082648
1150000 727.29218 48.095852
1150200 727.34859 48.106374
1150400 727.41504 48.117571
1150600 727.48927 48.123038
1150800 727.5512 48.140504
1151000 727.61738 48.160698
1151200 727.68148 48.170793
1151400 727.74514 48.186623
1151600 727.79966 48.209162
1151800 727.85539 48.207951
1152000 727.92572 48.23001
1152200 727.99695 48.261794
1152400 728.05153 48.278798
1152600 728.12751 48.302475
1152800 728.19872 48.324916
1153000 728.26565 48.339858
1153200 728.33576 48.37166
1153400 728.4012 48.386158
1153600 728.45687 48.39925
1153800 728.52862 48.43187
1154000 728.59894 48.451078
1154200 728.66688 48.482271
1154400 728.74503 48.509746
1154600 728.81308 48.521182
1154800 728.88388 48.533381
1155000 728.95814 48.559996
1155200 729.01221 48.594882
1155400 729.07747 48.609426
1155600 729.14826 48.629739
1155800 729.22082 48.662535
1156000 729.28727 48.695597
1156200 729.3511 48.730358
1156400 729.43791 48.752895
1156600 729.50845 48.789909
1156800 729.5652 48.816486
1157000 729.63045 48.843057
1157200 729.6988 48.861366
1157400 729.7512 48.877
1157600 729.8205 48.907536
1157800 729.88099 48.907436
1158000 729.93277 48.916202
1158200 729.99971 48.936761
1158400 730.06248 48.957388
1158600 730.11397 48.965149
1158800 730.16993 48.991432
1159000 730.23163 49.007258
1159200 730.29546 49.027114
1159400 730.36655 49.056068
1159600 730.43172 49.081658
1159800 730.49948 49.097473
1160000 730.55518 49.124757
1160200 730.62196 49.150644
1160400 730.683 49.183729
1160600 730.75815 49.214468
1160800 730.82227 49.23281
1161000 730.87971 49.234148
1161200 730.92423 49.248221
1161400 730.97695 49.278145
1161600 731.02774 49.299288
1161800 731.08423 49.319491
1162000 731.14447 49.351741
1162200 731.19959 49.37575
1162400 731.25159 49.395457
1162600 731.30277 49.405348
1162800 731.35135 49.410514
1163000 731.40833 49.426429
1163200 731.46289 49.443401
1163400 731.50825 49.446429
1163600 731.54408 49.452466
1163800 731.59322 49.470979
1164000 731.65997 49.48153
1164200 731.70785 49.512506
1164400 731.76066 49.546176
1164600 731.81519 49.568902
1164800 731.87109 49.588074
1165000 731.93083 49.613305
1165200 731.99338 49.628018
1165400 732.04724 49.660425
1165600 732.11137 49.687024
1165800 732.16533 49.710412
1166000 732.23305 49.743521
1166200 732.27919 49.763769
1166400 732.32583 49.783842
1166600 732.37155 49.814541
1166800 732.41807 49.845184
1167000 732.46963 49.879625
1167200 732.53141 49.913595
1167400 732.58876 49.949009
1167600 732.64373 49.972292
1167800 732.70899 49.996377
1168000 732.75759 50.004056
1168200 732.81513 50.01827
1168400 732.85493 50.038447
1168600 732.91393 50.064957
1168800 732.99021 50.0819
1169000 733.05689 50.093362
1169200 733.11428 50.108838
1169400 733.18004 50.13473
1169600 733.22832 50.148882
1169800 733.29595 50.162894
1170000 733.36447 50.190036
1170200 733.42849 50.217697
1170400 733.48053 50.235023
1170600 733.53901 50.260255
1170800 733.58492 50.265978
1171000 733.63007 50.278467
1171200 733.68391 50.30018
1171400 733.73902 50.323304
1171600 733.79733 50.354543
1171800 733.86742 50.368539
1172000 733.92123 50.386541
1172200 733.98762 50.407537
1172400 734.04721 50.435882
1172600 734.11658 50.45977
1172800 734.18331 50.492426
1173000 734.24814 50.514324
1173200 734.31052 50.544447
1173400 734.36544 50.575758
1173600 734.41618 50.601216
1173800 734.48223 50.623224
1174000 734.56267 50.646069
1174200 734.62318 50.648927
1174400 734.68784 50.674214
1174600 734.7554 50.692573
1174800 734.80584 50.723159
1175000 734.86043 50.74428
1175200 734.92009 50.771997
1175400 734.96637 50.778231
1175600 735.03434 50.799681
1175800 735.09483 50.821666
1176000 735.15334 50.841785
1176200 735.21431 50.853182
1176400 735.26911 50.865029
1176600 735.34053 50.873987
1176800 735.39906 50.886298
1177000 735.46074 50.898214
1177200 735.50766 50.918095
1177400 735.56423 50.942334
1177600 735.61865 50.964673
1177800 735.6925 50.991847
1178000 735.75957 51.009603
1178200 735.81834 51.029984
1178400 735.87432 51.046266
1178600 735.94206 51.062192
1178800 736.01811 51.082519
1179000 736.0849 51.11534
1179200 736.14521 51.130047
1179400 736.20456 51.157242
1179600 736.27276 51.180026
1179800 736.32277 51.217829
1180000 736.39627 51.231502
1180200 736.44909 51.245564
1180400 736.51419 51.269654
1180600 736.57944 51.270742
1180800 736.64061 51.279124
1181000 736.6985 51.279193
1181200 736.76963 51.292007
1181400 736.83346 51.303544
1181600 736.89828 51.31859
1181800 736.96784 51.32627
1182000 737.03135 51.349168
1182200 737.08423 51.361532
1182400 737.15014 51.375617
1182600 737.21528 51.380276
1182800 737.27584 51.400062
1183000 737.33711 51.407856
1183200 737.38873 51.424972
1183400 737.44527 51.44362
1183600 737.50807 51.461001
1183800 737.58232 51.471722
1184000 737.65763 51.481931
1184200 737.72956 51.482454
1184400 737.802 51.496187
1184600 737.86277 51.511523
1184800 737.92442 51.53628
1185000 737.9801 51.54619
1185200 738.03654 51.558801
1185400 738.10671 51.575377
1185600 738.16929 51.595784
1185800 738.24251 51.618265
1186000 738.30759 51.6296
1186200 738.38259 51.655388
1186400 738.44788 51.673424
1186600 738.50759 51.694277
1186800 738.56697 51.71552
1187000 738.63276 51.724278
1187200 738.70287 51.728391
1187400 738.7564 51.753038
1187600 738.83076 51.772441
1187800 738.89703 51.802465
1188000 738.96498 51.823342
1188200 739.02146 51.846884
1188400 739.08068 51.864927
1188600 739.13254 51.891869
1188800 739.18606 51.909618
1189000 739.2397 51.924926
1189200 739.30106 51.932006
1189400 739.34985 51.944596
1189600 739.41565 51.950851
1189800 739.48462 51.96943
1190000 739.54204 51.989757
1190200 739.60719 52.004881
1190400 739.67775 52.026083
1190600 739.7367 52.046194
1190800 739.79806 52.070285
1191000 739.85005 52.096317
1191200 739.91207 52.124629
1191400 739.96568 52.136122
1191600 740.02604 52.16005
1191800 740.08792 52.163378
1192000 740.15374 52.183746
1192200 740.21102 52.190292
1192400 740.27763 52.19233
1192600 740.34046 52.219858
1192800 740.38909 52.245752
1193000 740.45218 52.276598
1193200 740.51355 52.30268
1193400 740.58031 52.324142
1193600 740.63968 52.337574
1193800 740.70025 52.35259
1194000 740.75349 52.364106
1194200 740.80033 52.373088
1194400 740.85312 52.388909
1194600 740.89165 52.425376
1194800 740.93951 52.443323
1195000 740.99215 52.465344
1195200 741.04693 52.494722
1195400 741.10946 52.517349
1195600 741.17271 52.53882
1195800 741.23335 52.556042
1196000 741.29265 52.587686
1196200 741.35245 52.608416
1196400 741.40928 52.642335
1196600 741.47285 52.679025
1196800 741.54969 52.708789
1197000 741.61819 52.739043
1197200 741.67012 52.760816
1197400 741.73501 52.785631
1197600 741.80981 52.810713
1197800 741.86828 52.828992
1198000 741.92805 52.843351
1198200 741.98727 52.869781
1198400 742.04556 52.887973
1198600 742.10328 52.91824
1198800 742.16919 52.955907
1199000 742.2363 52.970454
1199200 742.29047 52.980675
1199400 742.34512 53.001602
1199600 742.41483 53.028527
1199800 742.4566 53.046646
1200000 742.5127 53.06563
1200200 742.57375 53.078478
1200400 742.63355 53.08987
1200600 742.68488 53.109644
1200800 742.74189 53.124021
1201000 742.80085 53.132213
1201200 742.85262 53.143636
1201400 742.88986 53.14927
1201600 742.93517 53.182854
1201800 742.97636 53.185729
1202000 743.03729 53.198133
1202200 743.09376 53.216081
1202400 743.15166 53.237919
1202600 743.20621 53.266079
1202800 743.26144 53.297573
1203000 743.31038 53.323827
1203200 743.35541 53.347929
1203400 743.3995 53.371193
1203600 743.44635 53.382154
1203800 743.50063 53.402499
1204000 743.54183 53.420735
1204200 743.59458 53.434371
1204400 743.65137 53.457197
1204600 743.71322 53.465441
1204800 743.76057 53.486664
1205000 743.81414 53.516967
1205200 743.86709 53.539291
1205400 743.92376 53.574499
1205600 743.98902 53.634336
1205800 744.04334 53.658308
1206000 744.09527 53.687038
1206200 744.16003 53.712353
1206400 744.22472 53.730095
1206600 744.2851 53.763412
1206800 744.33187 53.786413
1207000 744.37882 53.812828
1207200 744.43867 53.832373
1207400 744.48636 53.869252
1207600 744.52755 53.910015
1207800 744.57886 53.93515
1208000 744.6304 53.959255
1208200 744.69007 53.979821
1208400 744.7387 53.992286
1208600 744.78753 54.019433
1208800 744.84944 54.049366
1209000 744.9038 54.078019
1209200 744.95892 54.113542
1209400 745.00303 54.129988
1209600 745.07343 54.155525
1209800 745.13337 54.173939
1210000 745.20326 54.191054
1210200 745.26869 54.20061
1210400 745.31519 54.210378
1210600 745.37239 54.223347
1210800 745.437 54.24946
1211000 745.50653 54.287796
1211200 745.56566 54.301453
1211400 745.60561 54.30465
1211600 745.65301 54.317953
1211800 745.71154 54.341629
1212000 745.76621 54.363589
1212200 745.81581 54.392805
1212400 745.87524 54.426263
1212600 745.94195 54.444278
1212800 746.0109 54.470804
1213000 746.0705 54.487604
1213200 746.11941 54.501454
1213400 746.17648 54.518374
1213600 746.22887 54.529291
1213800 746.28318 54.526165
1214000 746.35138 54.534956
1214200 746.40664 54.535303
1214400 746.45813 54.538728
1214600 746.51861 54.556527
1214800 746.5816 54.585893
1215000 746.63601 54.602948
1215200 746.68779 54.631087
1215400 746.73132 54.644484
1215600 746.79365 54.650259
1215800 746.86494 54.671737
1216000 746.92962 54.687099
1216200 746.98874 54.708278
1216400 747.02609 54.739318
1216600 747.09187 54.761393
1216800 747.14154 54.785609
1217000 747.2072 54.820733
1217200 747.27122 54.833077
1217400 747.32916 54.838513
1217600 747.39132 54.859193
1217800 747.45966 54.893777
1218000 747.5391 54.914493
1218200 747.59931 54.93407
1218400 747.64851 54.95372
1218600 747.70026 54.959031
1218800 747.76154 54.982735
1219000 747.8422 55.012451
1219200 747.91861 55.024231
1219400 747.98434 55.042277
1219600 748.03485 55.072414
1219800 748.0856 55.104829
1220000 748.1261 55.126868
1220200 748.16469 55.139484
1220400 748.22101 55.165729
1220600 748.28065 55.173071
1220800 748.35808 55.193772
1221000 748.40726 55.215957
1221200 748.4605 55.239115
1221400 748.51567 55.26174
1221600 748.57634 55.281517
1221800 748.63808 55.3061
1222000 748.70097 55.320446
1222200 748.75641 55.341046
1222400 748.81809 55.362834
1222600 748.89273 55.386004
1222800 748.9513 55.376942
1223000 749.00959 55.393101
1223200 749.06845 55.414921
1223400 749.13183 55.432734
1223600 749.16664 55.453263
1223800 749.20985 55.463154
1224000 749.25476 55.478856
1224200 749.30802 55.499777
1224400 749.35903 55.507194
1224600 749.41502 55.531306
1224800 749.45995 55.543627
1225000 749.52888 55.554968
1225200 749.57976 55.584696
1225400 749.6488 55.609958
1225600 749.69813 55.619001
1225800 749.752 55.637719
1226000 749.80467 55.662531
1226200 749.87081 55.678132
1226400 749.92274 55.697315
1226600 749.96891 55.721703
1226800 750.02023 55.744533
1227000 750.07432 55.760783
1227200 750.1259 55.774864
1227400 750.17561 55.797493
1227600 750.21819 55.809863
1227800 750.25423 55.820755
1228000 750.31497 55.826442
1228200 750.37454 55.840193
1228400 750.42243 55.876647
1228600 750.46622 55.888115
1228800 750.51579 55.898143
1229000 750.56272 55.907861
1229200 750.61752 55.929314
1229400 750.6677 55.95587
1229600 750.71598 55.979014
1229800 750.74671 55.993538
1230000 750.7791 56.0096
1230200 750.83421 56.030402
1230400 750.88382 56.051873
1230600 750.92667 56.06546
1230800 750.9646 56.072574
1231000 751.01531 56.10247
1231200 751.08643 56.126799
1231400 751.13124 56.136569
1231600 751.19086 56.157505
1231800 751.2496 56.171419
1232000 751.28919 56.198737
1232200 751.33522 56.231189
1232400 751.38159 56.263837
1232600 751.43056 56.286335
1232800 751.49334 56.295048
1233000 751.55216 56.314673
1233200 751.60725 56.330312
1233400 751.65939 56.345249
1233600 751.69749 56.364392
1233800 751.7531 56.382211
1234000 751.79709 56.387878
1234200 751.8386 56.401798
1234400 751.8739 56.408606
1234600 751.90792 56.421677
1234800 751.94321 56.442134
1235000 751.98973 56.45707
1235200 752.03943 56.473976
1235400 752.08471 56.486996
1235600 752.12001 56.499811
1235800 752.18221 56.505869
1236000 752.22816 56.518136
1236200 752.2819 56.518426
1236400 752.33397 56.538476
1236600 752.37487 56.563736
1236800 752.42569 56.578921
1237000 752.47428 56.601601
1237200 752.53025 56.611834
1237400 752.57059 56.634709
1237600 752.62733 56.648679
1237800 752.6861 56.672169
1238000 752.72242 56.670751
1238200 752.75442 56.685441
1238400 752.80873 56.695487
1238600 752.87483 56.695391
1238800 752.93376 56.697793
1239000 752.98118 56.709153
1239200 753.02134 56.730601
1239400 753.0604 56.733327
1239600 753.07832 56.744019
1239800 753.11691 56.761086
1240000 753.15556 56.771674
1240200 753.2008 56.798504
1240400 753.25202 56.800505
1240600 753.30132 56.803287
1240800 753.34574 56.807344
1241000 753.39315 56.802253
1241200 753.44439 56.817285
1241400 753.47885 56.828287
1241600 753.51277 56.828933
1241800 753.55398 56.834695
1242000 753.60783 56.84879
1242200 753.66902 56.857658
1242400 753.71952 56.872866
1242600 753.75678 56.872952
1242800 753.80611 56.885725
1243000 753.85874 56.902229
1243200 753.90565 56.90748
1243400 753.95152 56.916227
1243600 753.99714 56.932594
1243800 754.04888 56.946462
1244000 754.08159 56.95335
1244200 754.1297 56.957231
1244400 754.18034 56.963679
1244600 754.23014 56.967492
1244800 754.27477 56.97877
1245000 754.31111 56.977893
1245200 754.35543 56.965564
1245400 754.39939 56.961895
1245600 754.4368 56.964777
1245800 754.49432 56.965729
1246000 754.55292 56.955251
1246200 754.63335 56.945096
1246400 754.70708 56.953356
1246600 754.76304 56.956639
1246800 754.83616 56.945288
1247000 754.89766 56.952476
1247200 754.95679 56.948847
1247400 755.02054 56.932532
1247600 755.08954 56.918969
1247800 755.14629 56.913884
1248000 755.19726 56.907207
1248200 755.25341 56.902096
1248400 755.28534 56.90579
1248600 755.31974 56.908015
1248800 755.36901 56.9212
1249000 755.43291 56.918946
1249200 755.49019 56.911159
1249400 755.54503 56.891119
1249600 755.60932 56.896114
1249800 755.66292 56.884551
1250000 755.71901 56.866698
1250200 755.77309 56.853513
1250400 755.84104 56.841374
1250600 755.89721 56.827101
1250800 755.95398 56.81234
1251000 756.01891 56.805042
1251200 756.08908 56.807452
1251400 756.13543 56.812059
1251600 756.21161 56.800306
1251800 756.27108 56.804768
1252000 756.32761 56.807727
1252200 756.36884 56.800862
1252400 756.41408 56.776955
1252600 756.45786 56.744897
1252800 756.51226 56.735826
1253000 756.58211 56.706768
1253200 756.62301 56.689673
1253400 756.68426 56.675128
1253600 756.73688 56.67035
1253800 756.79862 56.678245
1254000 756.85011 56.683884
1254200 756.89812 56.676876
1254400 756.93839 56.685785
1254600 756.99277 56.691527
1254800 757.03582 56.679885
1255000 757.06885 56.663346
1255200 757.10712 56.659989
1255400 757.15334 56.664373
1255600 757.19783 56.665706
1255800 757.24662 56.661495
1256000 757.30644 56.642721
1256200 757.36358 56.632044
1256400 757.43055 56.626662
1256600 757.49472 56.634517
1256800 757.53994 56.636926
1257000 757.58802 56.631358
1257200 757.64 56.619221
1257400 757.71344 56.615042
1257600 757.76944 56.612128
1257800 757.81324 56.616409
1258000 757.87072 56.640798
1258200 757.93461 56.636801
1258400 757.99578 56.636257
1258600 758.0461 56.642228
1258800 758.11381 56.645915
1259000 758.1853 56.637028
1259200 758.24416 56.623418
1259400 758.31573 56.634449
1259600 758.38531 56.634349
1259800 758.45189 56.624571
1260000 758.51167 56.636724
1260200 758.56191 56.651124
1260400 758.6049 56.659539
1260600 758.66532 56.670751
1260800 758.72124 56.683235
1261000 758.77347 56.669796
1261200 758.81212 56.659415
1261400 758.85646 56.663731
1261600 758.90164 56.667269
1261800 758.941 56.646427
1262000 758.98942 56.656682
1262200 759.03891 56.672201
1262400 759.0985 56.666352
1262600 759.14686 56.675717
1262800 759.20366 56.67586
1263000 759.26729 56.690833
1263200 759.31873 56.695593
1263400 759.37042 56.70895
1263600 759.43028 56.713519
1263800 759.48242 56.720974
1264000 759.51638 56.718023
1264200 759.57232 56.718478
1264400 759.6122 56.716824
1264600 759.64673 56.727259
1264800 759.68567 56.737844
1265000 759.73189 56.741908
1265200 759.78769 56.721846
1265400 759.82654 56.719725
1265600 759.88034 56.707068
1265800 759.92018 56.690681
1266000 759.97179 56.680259
1266200 760.03358 56.671881
1266400 760.0845 56.657214
1266600 760.13053 56.644336
1266800 760.18588 56.629422
1267000 760.23882 56.609721
1267200 760.29331 56.588025
1267400 760.33508 56.565902
1267600 760.39791 56.566761
1267800 760.44767 56.551122
1268000 760.50296 56.533908
1268200 760.56151 56.508451
1268400 760.60483 56.507869
1268600 760.66176 56.503749
1268800 760.72014 56.507297
1269000 760.76462 56.500058
1269200 760.82575 56.497214
1269400 760.88401 56.490268
1269600 760.94708 56.501508
1269800 761.00453 56.511853
1270000 761.07634 56.514212
1270200 761.13291 56.52021
1270400 761.20294 56.516625
1270600 761.26464 56.507638
1270800 761.32503 56.497776
1271000 761.37498 56.485196
1271200 761.42752 56.478417
1271400 761.48742 56.480916
1271600 761.55154 56.480135
1271800 761.61374 56.4831
1272000 761.67989 56.469944
1272200 761.74411 56.472536
1272400 761.80497 56.476621
1272600 761.86306 56.476771
1272800 761.8973 56.460971
1273000 761.95421 56.475756
1273200 762.00882 56.492327
1273400 762.05354 56.490937
1273600 762.09057 56.493891
1273800 762.12705 56.493809
1274000 762.16919 56.476436
1274200 762.20751 56.472728
1274400 762.26258 56.479011
1274600 762.31706 56.470695
1274800 762.36779 56.443981
1275000 762.40844 56.438498
1275200 762.45547 56.432268
1275400 762.50763 56.437838
1275600 762.55699 56.447203
1275800 762.6005 56.431054
1276000 762.64584 56.437769
1276200 762.68833 56.411907
1276400 762.74451 56.399458
1276600 762.78762 56.398578
1276800 762.83264 56.393701
1277000 762.88459 56.386239
1277200 762.93469 56.383601
1277400 762.99361 56.38569
1277600 763.05801 56.38547
1277800 763.12244 56.381637
1278000 763.19376 56.387265
1278200 763.24616 56.387874
1278400 763.28314 56.391379
1278600 763.32738 56.395843
1278800 763.38378 56.391338
1279000 763.43938 56.395104
1279200 763.48941 56.387958
1279400 763.5448 56.395334
1279600 763.60466 56.391717
1279800 763.65544 56.378133
1280000 763.68758 56.38062
1280200 763.73651 56.387535
1280400 763.78254 56.364822
1280600 763.82821 56.35916
1280800 763.88116 56.358618
1281000 763.92354 56.359408
1281200 763.97925 56.356668
1281400 764.02607 56.364652
1281600 764.0684 56.351867
1281800 764.12961 56.352368
1282000 764.18915 56.347855
1282200 764.24539 56.34204
1282400 764.28127 56.341761
1282600 764.31826 56.32053
1282800 764.3762 56.304285
1283000 764.4409 56.296021
1283200 764.49826 56.285304
1283400 764.56177 56.271357
1283600 764.61393 56.248658
1283800 764.68101 56.232182
1284000 764.72245 56.214511
1284200 764.78638 56.204488
1284400 764.83557 56.178137
1284600 764.85415 56.160971
1284800 764.90969 56.157103
1285000 764.9708 56.169882
1285200 765.02063 56.157131
1285400 765.06828 56.141283
1285600 765.12882 56.145098
1285800 765.17815 56.146084
1286000 765.23795 56.149977
1286200 765.28561 56.13451
1286400 765.35521 56.135466
1286600 765.42171 56.117269
1286800 765.47667 56.099995
1287000 765.51621 56.090505
1287200 765.55609 56.084119
1287400 765.59477 56.094695
1287600 765.63585 56.092083
1287800 765.67844 56.084663
1288000 765.70732 56.06979
1288200 765.74394 56.066063
1288400 765.78779 56.064745
1288600 765.84784 56.054122
1288800 765.88448 56.042421
1289000 765.9304 56.028612
1289200 765.9852 56.027783
1289400 766.03718 56.012969
1289600 766.08116 56.00356
1289800 766.128 55.996331
1290000 766.18682 55.982139
1290200 766.2359 55.973754
1290400 766.2887 55.952833
1290600 766.33555 55.94389
1290800 766.38239 55.941906
1291000 766.40822 55.92563
1291200 766.45362 55.899944
1291400 766.49692 55.879308
1291600 766.55293 55.868433
1291800 766.6049 55.871953
1292000 766.66924 55.88572
1292200 766.7162 55.886228
1292400 766.75745 55.889672
1292600 766.8068 55.877952
1292800 766.83315 55.86014
1293000 766.88498 55.844307
1293200 766.92848 55.819158
1293400 766.98696 55.809815
1293600 767.05358 55.805549
1293800 767.11584 55.802463
1294000 767.15266 55.804247
1294200 767.20251 55.793957
1294400 767.24462 55.787026
1294600 767.28465 55.781451
1294800 767.35511 55.792733
1295000 767.39264 55.794092
1295200 767.44962 55.784793
1295400 767.50497 55.775115
1295600 767.54886 55.774232
1295800 767.60118 55.760401
1296000 767.65532 55.765949
1296200 767.7104 55.766455
1296400 767.7641 55.749748
1296600 767.82103 55.73373
1296800 767.86205 55.719476
1297000 767.91909 55.714494
1297200 767.96847 55.736212
1297400 768.02028 55.748412
1297600 768.07038 55.743492
1297800 768.11803 55.733319
1298000 768.17451 55.724459
1298200 768.22215 55.720885
1298400 768.27436 55.720659
1298600 768.33509 55.706632
1298800 768.39908 55.69672
1299000 768.43526 55.685536
1299200 768.48017 55.693293
1299400 768.53971 55.692644
1299600 768.59273 55.684119
1299800 768.64644 55.659292
1300000 768.70376 55.640181
1300200 768.75061 55.636621
1300400 768.81359 55.61346
1300600 768.86895 55.585484
1300800 768.89714 55.586585
1301000 768.93594 55.584848
1301200 768.98749 55.579104
1301400 769.026 55.56549
1301600 769.07688 55.543676
1301800 769.11861 55.53134
1302000 769.19097 55.512071
1302200 769.24433 55.491583
1302400 769.2904 55.479749
1302600 769.34194 55.466958
1302800 769.39948 55.467038
1303000 769.44683 55.444776
1303200 769.48997 55.436616
1303400 769.54043 55.41643
1303600 769.57928 55.412936
1303800 769.62753 55.406572
1304000 769.69325 55.413211
1304200 769.72942 55.409454
1304400 769.79334 55.411754
1304600 769.84433 55.392815
1304800 769.88286 55.392858
1305000 769.92802 55.398901
1305200 769.98116 55.387417
1305400 770.02083 55.378439
1305600 770.0734 55.362231
1305800 770.11607 55.36632
1306000 770.17357 55.36233
1306200 770.23208 55.352672
1306400 770.2795 55.340056
1306600 770.33507 55.345541
1306800 770.37204 55.338832
1307000 770.41349 55.32874
1307200 770.45526 55.315954
1307400 770.50773 55.305829
1307600 770.55388 55.280368
1307800 770.6029 55.267111
1308000 770.6662 55.264759
1308200 770.7055 55.2479
1308400 770.74025 55.229976
1308600 770.77573 55.228869
1308800 770.78403 55.229842
1309000 770.79934 55.208347
1309200 770.81367 55.176492
1309400 770.82477 55.172696
1309600 770.86031 55.165792
1309800 770.88214 55.15711
1310000 770.92672 55.146308
1310200 770.98125 55.143498
1310400 771.01648 55.127429
1310600 771.05823 55.108326
1310800 771.09073 55.088179
1311000 771.13696 55.084434
1311200 771.17925 55.061499
1311400 771.20911 55.052552
1311600 771.24834 55.019404
1311800 771.28912 54.997626
1312000 771.33098 54.980288
1312200 771.38576 54.959615
1312400 771.42092 54.949264
1312600 771.4549 54.936324
1312800 771.49254 54.911519
1313000 771.53375 54.911326
1313200 771.58045 54.902699
1313400 771.62777 54.888676
1313600 771.66752 54.885082
1313800 771.72298 54.868911
1314000 771.76518 54.845137
1314200 771.8307 54.848804
1314400 771.87975 54.852388
1314600 771.93593 54.842058
1314800 771.98947 54.825507
1315000 772.03696 54.799012
1315200 772.08607 54.78255
1315400 772.13955 54.768174
1315600 772.19321 54.749243
1315800 772.23578 54.74887
1316000 772.27277 54.747042
1316200 772.32527 54.74174
1316400 772.36211 54.719515
1316600 772.40155 54.697024
1316800 772.45609 54.684413
1317000 772.49169 54.657762
1317200 772.52239 54.644
1317400 772.55814 54.634636
1317600 772.60039 54.635982
1317800 772.65918 54.627946
1318000 772.71597 54.617588
1318200 772.76194 54.620186
1318400 772.80059 54.62484
1318600 772.84354 54.618538
1318800 772.87911 54.600577
1319000 772.93393 54.592488
1319200 772.97003 54.56599
1319400 773.0141 54.537171
1319600 773.06933 54.528166
1319800 773.11702 54.527697
1320000 773.17513 54.51819
1320200 773.23192 54.50814
1320400 773.28902 54.503245
1320600 773.35131 54.500891
1320800 773.40618 54.500589
1321000 773.4779 54.496442
1321200 773.54139 54.476789
1321400 773.60356 54.473955
1321600 773.65041 54.476419
1321800 773.71695 54.485235
1322000 773.78407 54.472199
1322200 773.84856 54.469664
1322400 773.8986 54.468101
1322600 773.95656 54.448665
1322800 774.01146 54.425198
1323000 774.07125 54.413757
1323200 774.13943 54.408736
1323400 774.19694 54.401297
1323600 774.25255 54.371376
1323800 774.27924 54.362429
1324000 774.33401 54.349926
1324200 774.37252 54.337087
1324400 774.42134 54.338144
1324600 774.47185 54.337309
1324800 774.51846 54.319822
1325000 774.56716 54.30027
1325200 774.59616 54.296231
1325400 774.66514 54.300586
1325600 774.71991 54.298516
1325800 774.75842 54.312977
1326000 774.78464 54.305672
1326200 774.84972 54.308218
1326400 774.90174 54.301544
1326600 774.94766 54.292421
1326800 775.00031 54.302109
1327000 775.0547 54.297365
1327200 775.10382 54.280087
1327400 775.13687 54.282346
1327600 775.17864 54.274764
1327800 775.22301 54.27544
1328000 775.2687 54.269149
1328200 775.31221 54.267846
1328400 775.36605 54.248944
1328600 775.43381 54.250338
1328800 775.48933 54.24641
1329000 775.53739 54.239513
1329200 775.59752 54.236281
1329400 775.64696 54.226264
1329600 775.7084 54.220852
1329800 775.7646 54.217023
1330000 775.81781 54.201566
1330200 775.86759 54.205632
1330400 775.91065 54.205409
1330600 775.95854 54.205166
1330800 776.00899 54.225444
1331000 776.07498 54.232337
1331200 776.13564 54.226241
1331400 776.17683 54.23032
1331600 776.20396 54.234363
1331800 776.25233 54.232608
1332000 776.29712 54.218637
1332200 776.35434 54.226288
1332400 776.43104 54.235479
1332600 776.4945 54.238856
1332800 776.56379 54.237336
1333000 776.61323 54.246537
1333200 776.67768 54.241989
1333400 776.73671 54.224398
1333600 776.79906 54.228525
1333800 776.8586 54.235961
1334000 776.9167 54.254525
1334200 776.97295 54.257935
1334400 777.03655 54.268391
1334600 777.09024 54.287619
1334800 777.13325 54.30108
1335000 777.1771 54.300048
1335200 777.23381 54.290053
1335400 777.2812 54.276822
1335600 777.31171 54.2744
1335800 777.34426 54.261462
1336000 777.38748 54.255669
1336200 777.43329 54.264167
1336400 777.47377 54.261209
1336600 777.51278 54.24853
1336800 777.55956 54.23944
1337000 777.59987 54.247988
1337200 777.6446 54.241933
1337400 777.67477 54.246104
1337600 777.72353 54.232881
1337800 777.76881 54.212571
1338000 777.80503 54.193362
1338200 777.8479 54.182488
1338400 777.87228 54.176959
1338600 777.91227 54.172184
1338800 777.96948 54.178561
1339000 778.01066 54.177421
1339200 778.04967 54.158464
1339400 778.09776 54.137721
1339600 778.15547 54.138594
1339800 778.20031 54.143943
1340000 778.26356 54.150389
1340200 778.30854 54.159011
1340400 778.35818 54.157874
1340600 778.42227 54.150103
1340800 778.48472 54.13964
1341000 778.52019 54.137647
1341200 778.56655 54.131752
1341400 778.61331 54.118736
1341600 778.66705 54.1067
1341800 778.71881 54.101536
1342000 778.76454 54.097155
1342200 778.81169 54.100816
1342400 778.86917 54.086514
1342600 778.89969 54.097741
1342800 778.94855 54.104256
1343000 779.00324 54.118848
1343200 779.04996 54.127589
1343400 779.08763 54.125958
1343600 779.12987 54.122295
1343800 779.17122 54.117823
1344000 779.23063 54.13397
1344200 779.26812 54.13775
1344400 779.31141 54.12442
1344600 779.37123 54.113274
1344800 779.43417 54.111034
1345000 779.49479 54.096582
1345200 779.56244 54.098139
1345400 779.63568 54.100757
1345600 779.68952 54.092705
1345800 779.75435 54.096809
1346000 779.80742 54.09934
1346200 779.86046 54.10439
1346400 779.91313 54.103524
1346600 779.97097 54.092906
1346800 780.01878 54.079661
1347000 780.05784 54.073281
1347200 780.10146 54.062064
1347400 780.15755 54.061268
1347600 780.19993 54.045587
1347800 780.23998 54.020671
1348000 780.28525 53.998446
1348200 780.32896 54.004575
1348400 780.3771 54.012001
1348600 780.43652 54.013004
1348800 780.49563 54.009375
1349000 780.56243 54.01913
1349200 780.61719 54.017931
1349400 780.66589 54.014504
1349600 780.7132 54.010715
1349800 780.75519 54.01727
1350000 780.80882 54.004059
1350200 780.86059 53.99299
1350400 780.89889 53.989812
1350600 780.94795 53.984362
1350800 780.99585 53.959385
1351000 781.05558 53.94625
1351200 781.1144 53.937494
1351400 781.16466 53.945032
1351600 781.20883 53.945324
1351800 781.25395 53.967619
1352000 781.2949 53.977959
1352200 781.35503 53.994469
1352400 781.42816 54.002856
1352600 781.48088 54.015674
1352800 781.5337 54.018891
1353000 781.58504 54.016567
1353200 781.63964 54.01825
1353400 781.69788 54.009829
1353600 781.7654 53.995645
1353800 781.82387 53.980892
1354000 781.88545 53.965262
1354200 781.9515 53.957069
1354400 782.00924 53.950497
1354600 782.0584 53.941685
1354800 782.10957 53.945699
1355000 782.17705 53.951501
1355200 782.24221 53.939158
1355400 782.29648 53.925598
1355600 782.35773 53.922915
1355800 782.39974 53.913926
1356000 782.44646 53.911219
1356200 782.50873 53.888896
1356400 782.57059 53.868179
1356600 782.62936 53.869896
1356800 782.6856 53.8709
1357000 782.73241 53.870869
1357200 782.77063 53.858101
1357400 782.80988 53.850712
1357600 782.86467 53.837111
1357800 782.90405 53.833128
1358000 782.95233 53.833022
1358200 783.00617 53.838341
1358400 783.06294 53.824076
1358600 783.11918 53.829272
1358800 783.1797 53.831355
1359000 783.24283 53.835903
1359200 783.30246 53.833419
1359400 783.36071 53.825939
1359600 783.42729 53.828575
1359800 783.48811 53.818386
1360000 783.5614 53.81
1360200 783.62795 53.821915
1360400 783.68337 53.822239
1360600 783.71932 53.826412
1360800 783.76629 53.819992
1361000 783.83249 53.824799
1361200 783.89561 53.81373
1361400 783.94509 53.805619
1361600 783.98572 53.79998
1361800 784.04817 53.786895
1362000 784.1211 53.790909
1362200 784.19504 53.790872
1362400 784.25574 53.786182
1362600 784.30793 53.789507
1362800 784.3797 53.787558
1363000 784.44818 53.782837
1363200 784.50051 53.784635
1363400 784.55255 53.786671
1363600 784.61595 53.780504
1363800 784.68313 53.78433
1364000 784.72385 53.771279
1364200 784.78426 53.76738
1364400 784.82053 53.773113
1364600 784.87939 53.761394
1364800 784.93614 53.767244
1365000 784.99077 53.768352
1365200 785.04625 53.769018
1365400 785.09775 53.764739
1365600 785.15538 53.761916
1365800 785.21704 53.763694
1366000 785.28562 53.767957
1366200 785.33536 53.765584
1366400 785.37915 53.750389
1366600 785.42398 53.736538
1366800 785.47541 53.736268
1367000 785.53096 53.736061
1367200 785.59126 53.732503
1367400 785.65823 53.718276
1367600 785.73 53.705705
1367800 785.79123 53.694744
1368000 785.86511 53.676537
1368200 785.92524 53.669509
1368400 785.97489 53.658469
1368600 786.03505 53.654056
1368800 786.10043 53.654887
1369000 786.15763 53.649021
1369200 786.21227 53.647579
1369400 786.25445 53.660059
1369600 786.30612 53.668614
1369800 786.3372 53.657599
1370000 786.3985 53.653092
1370200 786.45256 53.63686
1370400 786.50348 53.631926
1370600 786.54902 53.625817
1370800 786.58806 53.617919
1371000 786.64401 53.607486
1371200 786.69601 53.609431
1371400 786.74454 53.594004
1371600 786.78575 53.593368
1371800 786.8198 53.600472
1372000 786.86121 53.59121
1372200 786.89537 53.5746
1372400 786.92925 53.550153
1372600 786.98197 53.539303
1372800 787.02989 53.529757
1373000 787.08023 53.53255
1373200 787.12135 53.527214
1373400 787.18018 53.504284
1373600 787.23528 53.502311
1373800 787.26895 53.485742
1374000 787.30791 53.459883
1374200 787.35318 53.445193
1374400 787.38926 53.425231
1374600 787.44503 53.400264
1374800 787.4968 53.396193
1375000 787.56439 53.391098
1375200 787.61024 53.375014
1375400 787.63625 53.349722
1375600 787.69609 53.33818
1375800 787.7518 53.322651
1376000 787.79112 53.299209
1376200 787.82689 53.295431
1376400 787.88442 53.300432
1376600 787.94033 53.288066
1376800 788.002 53.276872
1377000 788.06189 53.270033
1377200 788.10176 53.265586
1377400 788.15463 53.256857
1377600 788.19853 53.257845
1377800 788.24191 53.24798
1378000 788.27864 53.245223
1378200 788.31484 53.233382
1378400 788.35933 53.210717
1378600 788.39934 53.193836
1378800 788.44016 53.198752
1379000 788.4925 53.199634
1379200 788.55331 53.181093
1379400 788.61058 53.171371
1379600 788.68713 53.164707
1379800 788.75024 53.164459
1380000 788.80648 53.143478
1380200 788.856 53.124113
1380400 788.91153 53.108535
1380600 788.9796 53.09909
1380800 789.02864 53.084169
1381000 789.08609 53.070282
1381200 789.15002 53.068489
1381400 789.19966 53.047842
1381600 789.24959 53.026012
1381800 789.30342 53.013454
1382000 789.3597 52.995447
1382200 789.41854 52.972045
1382400 789.46408 52.967383
1382600 789.51181 52.948562
1382800 789.5654 52.945871
1383000 789.62941 52.935702
1383200 789.66978 52.913096
1383400 789.69691 52.890511
1383600 789.74109 52.87715
1383800 789.78388 52.85312
1384000 789.82378 52.821051
1384200 789.86562 52.800709
1384400 789.90405 52.799867
1384600 789.94489 52.799155
1384800 789.99146 52.800906
1385000 790.03833 52.799827
1385200 790.08971 52.776394
1385400 790.14605 52.760187
1385600 790.21189 52.751755
1385800 790.26693 52.770947
1386000 790.31161 52.768691
1386200 790.34759 52.765398
1386400 790.39657 52.763159
1386600 790.44261 52.750797
1386800 790.49934 52.739274
1387000 790.55631 52.739209
1387200 790.60937 52.74937
1387400 790.65346 52.749705
1387600 790.69931 52.74995
1387800 790.76774 52.748112
1388000 790.81469 52.743119
1388200 790.87079 52.730244
1388400 790.92704 52.723643
1388600 790.97416 52.718817
1388800 791.03503 52.71701
1389000 791.09381 52.706779
1389200 791.15435 52.698434
1389400 791.20167 52.683041
1389600 791.25856 52.672382
1389800 791.29055 52.66702
1390000 791.32046 52.661143
1390200 791.3558 52.651739
1390400 791.40571 52.638256
1390600 791.45235 52.62697
1390800 791.48351 52.617103
1391000 791.51909 52.605478
1391200 791.5523 52.611134
1391400 791.58777 52.606358
1391600 791.63635 52.603423
1391800 791.67002 52.610201
1392000 791.7289 52.614905
1392200 791.78031 52.613185
1392400 791.84869 52.60586
1392600 791.91855 52.595485
1392800 791.97484 52.587937
1393000 792.02683 52.577849
1393200 792.08449 52.571126
1393400 792.13057 52.545241
1393600 792.1754 52.542184
1393800 792.22805 52.530253
1394000 792.2876 52.519892
1394200 792.3494 52.514909
1394400 792.40772 52.526141
1394600 792.45943 52.522187
1394800 792.51639 52.518986
1395000 792.5564 52.523064
1395200 792.60454 52.519042
1395400 792.65916 52.501246
1395600 792.71215 52.481968
1395800 792.76849 52.462955
1396000 792.83977 52.43471
1396200 792.88258 52.43112
1396400 792.93608 52.418489
1396600 792.99182 52.395317
1396800 793.05208 52.380809
1397000 793.10737 52.371579
1397200 793.17152 52.360173
1397400 793.22824 52.354762
1397600 793.28072 52.3521
1397800 793.32968 52.338405
1398000 793.38355 52.312816
1398200 793.42775 52.305958
1398400 793.48428 52.302567
1398600 793.52589 52.2883
1398800 793.58616 52.268942
1399000 793.64123 52.243312
1399200 793.70333 52.222682
1399400 793.73533 52.198002
1399600 793.79269 52.200672
1399800 793.85575 52.172577
1400000 793.90987 52.165081
1400200 793.96033 52.144398
1400400 794.00576 52.126917
1400600 794.06451 52.121143
1400800 794.12798 52.09763
1401000 794.19353 52.076556
1401200 794.25195 52.063275
1401400 794.29452 52.052294
1401600 794.34268 52.049943
1401800 794.38914 52.043005
1402000 794.44393 52.046888
1402200 794.50384 52.042185
1402400 794.5616 52.045765
1402600 794.60935 52.03458
1402800 794.66614 52.028886
1403000 794.71929 52.023897
1403200 794.76108 52.018179
1403400 794.80284 52.02563
1403600 794.84165 52.029727
1403800 794.90389 52.03258
1404000 794.95406 52.045541
1404200 795.01024 52.042196
1404400 795.07046 52.038757
1404600 795.13113 52.040659
1404800 795.17152 52.050629
1405000 795.21901 52.043792
1405200 795.26776 52.035281
1405400 795.30765 52.028853
1405600 795.36366 52.012356
1405800 795.40648 51.997265
1406000 795.45697 51.990101
1406200 795.51211 51.997712
1406400 795.56705 52.015247
1406600 795.62167 52.037264
1406800 795.68121 52.04602
1407000 795.71703 52.041552
1407200 795.75011 52.03985
1407400 795.8058 52.040898
1407600 795.83583 52.048648
1407800 795.89158 52.043365
1408000 795.93878 52.031201
1408200 795.98817 52.012363
1408400 796.04016 51.995536
1408600 796.08477 51.981618
1408800 796.12644 51.974249
1409000 796.18164 51.961959
1409200 796.23021 51.953726
1409400 796.27441 51.956777
1409600 796.31499 51.957842
1409800 796.36216 51.965375
1410000 796.39311 51.964324
1410200 796.43371 51.966867
1410400 796.48085 51.949501
1410600 796.5287 51.94133
1410800 796.57768 51.931103
1411000 796.61262 51.933206
1411200 796.66421 51.915497
1411400 796.7006 51.922862
1411600 796.75257 51.920327
1411800 796.81032 51.902338
1412000 796.86042 51.886812
1412200 796.91495 51.892304
1412400 796.97032 51.889045
1412600 797.0024 51.894465
1412800 797.05919 51.89204
1413000 797.12133 51.885296
1413200 797.18669 51.88491
1413400 797.25092 51.881951
1413600 797.31215 51.872698
1413800 797.36226 51.863208
1414000 797.40676 51.854661
1414200 797.4586 51.854618
1414400 797.50882 51.84892
1414600 797.55905 51.840648
1414800 797.61923 51.834601
1415000 797.67676 51.817181
1415200 797.7498 51.806681
1415400 797.79535 51.794482
1415600 797.86883 51.792317
1415800 797.92725 51.782439
1416000 797.97241 51.771574
1416200 798.00389 51.745184
1416400 798.04744 51.727055
1416600 798.09168 51.709416
1416800 798.13798 51.694461
1417000 798.19189 51.677193
1417200 798.24135 51.649599
1417400 798.27259 51.643024
1417600 798.3159 51.642524
1417800 798.36008 51.620808
1418000 798.40015 51.614677
1418200 798.43156 51.609254
1418400 798.47168 51.60845
1418600 798.52512 51.602809
1418800 798.57902 51.597889
1419000 798.63346 51.586945
1419200 798.68902 51.586067
1419400 798.75236 51.584959
1419600 798.81539 51.581211
1419800 798.86444 51.570644
1420000 798.92964 51.557976
1420200 798.99412 51.540006
1420400 799.03819 51.526195
1420600 799.11888 51.513581
1420800 799.18963 51.508959
1421000 799.26115 51.502489
1421200 799.31351 51.505839
1421400 799.3758 51.494731
1421600 799.43975 51.465419
1421800 799.50745 51.452518
1422000 799.56555 51.433443
1422200 799.6126 51.429059
1422400 799.66081 51.4193
1422600 799.71225 51.408015
1422800 799.78043 51.389443
1423000 799.83441 51.380137
1423200 799.87395 51.379727
1423400 799.926 51.38036
1423600 799.98518 51.375999
1423800 800.03789 51.375401
1424000 800.08586 51.371828
1424200 800.12351 51.36769
1424400 800.16725 51.354736
1424600 800.21743 51.355424
1424800 800.25257 51.337632
1425000 800.30212 51.321249
1425200 800.36074 51.301383
1425400 800.41721 51.285935
1425600 800.45611 51.279341
1425800 800.50337 51.286572
1426000 800.55268 51.288096
1426200 800.61154 51.292602
1426400 800.65918 51.282723
1426600 800.70585 51.275769
1426800 800.7568 51.254613
1427000 800.79389 51.230578
1427200 800.84131 51.220847
1427400 800.88298 51.205012
1427600 800.94147 51.200966
1427800 800.98957 51.198005
1428000 801.04228 51.194545
1428200 801.09 51.203281
1428400 801.14978 51.178469
1428600 801.20508 51.183256
1428800 801.23778 51.188458
1429000 801.26791 51.193031
1429200 801.30652 51.190819
1429400 801.36612 51.189296
1429600 801.42327 51.203288
1429800 801.47421 51.206615
1430000 801.531 51.208494
1430200 801.57515 51.19367
1430400 801.6272 51.177911
1430600 801.68501 51.150787
1430800 801.73784 51.127624
1431000 801.80334 51.12916
1431200 801.86509 51.112665
1431400 801.91197 51.117996
1431600 801.96983 51.102311
1431800 802.00631 51.088012
1432000 802.0589 51.084546
1432200 802.11115 51.081035
1432400 802.17206 51.083933
1432600 802.22692 51.07862
1432800 802.29378 51.080909
1433000 802.34631 51.073049
1433200 802.39627 51.057728
1433400 802.45732 51.056024
1433600 802.50729 51.049004
1433800 802.56306 51.052449
1434000 802.61271 51.044594
1434200 802.65291 51.041365
1434400 802.70177 51.039875
1434600 802.74983 51.032494
1434800 802.81183 51.028884
1435000 802.87824 51.025757
1435200 802.94358 51.019572
1435400 802.98965 51.030671
1435600 803.03963 51.021139
1435800 803.0923 51.015909
1436000 803.12944 51.00591
1436200 803.17011 51.017023
1436400 803.21713 51.00932
1436600 803.2636 51.008392
1436800 803.30879 51.01285
1437000 803.35681 51.012026
1437200 803.4027 51.002109
1437400 803.44886 51.005493
1437600 803.47429 51.011238
1437800 803.51227 51.002579
1438000 803.54339 50.997086
1438200 803.58737 51.003233
1438400 803.62069 51.00012
1438600 803.65322 50.981766
1438800 803.7024 50.970943
1439000 803.76371 50.954959
1439200 803.81662 50.938557
1439400 803.8584 50.935077
1439600 803.89921 50.941932
1439800 803.94807 50.939086
1440000 804.01038 50.944204
1440200 804.05306 50.948351
1440400 804.10624 50.954787
1440600 804.14684 50.957385
1440800 804.18274 50.975305
1441000 804.22075 50.978993
1441200 804.2844 50.990638
1441400 804.34502 51.009571
1441600 804.39949 51.010347
1441800 804.43867 51.019419
1442000 804.48654 51.025273
1442200 804.51051 51.016929
1442400 804.57023 51.025374
1442600 804.60802 51.026562
1442800 804.65361 51.021165
1443000 804.71761 51.016153
1443200 804.76481 51.019358
1443400 804.82415 51.012216
1443600 804.87979 51.005269
1443800 804.93836 51.007391
1444000 805.00255 51.011107
1444200 805.05794 51.022835
1444400 805.11032 51.041216
1444600 805.15835 51.050685
1444800 805.22333 51.03931
1445000 805.27414 51.040654
1445200 805.33131 51.036622
1445400 805.38809 51.026626
1445600 805.4419 51.011652
1445800 805.48126 51.011371
1446000 805.53647 51.013727
1446200 805.57512 51.026773
1446400 805.61393 51.028141
1446600 805.66314 51.030075
1446800 805.70308 51.029622
1447000 805.75514 51.036911
1447200 805.8055 51.048595
1447400 805.84521 51.042845
1447600 805.89034 51.048248
1447800 805.93165 51.038086
1448000 805.98287 51.034464
1448200 806.02434 51.039522
1448400 806.07265 51.042584
1448600 806.1311 51.044417
1448800 806.17591 51.031368
1449000 806.23108 51.019926
1449200 806.28557 51.025137
1449400 806.33814 51.027686
1449600 806.38754 51.012243
1449800 806.44593 51.024447
1450000 806.51394 51.034494
1450200 806.55394 51.016799
1450400 806.6032 51.017501
1450600 806.65565 51.020713
1450800 806.72322 51.034673
1451000 806.78061 51.03909
1451200 806.81713 51.044603
1451400 806.86456 51.039607
1451600 806.91235 51.035022
1451800 806.95794 51.036858
1452000 807.01563 51.041663
1452200 807.06501 51.047638
1452400 807.10872 51.062719
1452600 807.16282 51.078413
1452800 807.21222 51.080116
1453000 807.26409 51.077582
1453200 807.31163 51.100292
1453400 807.36687 51.101701
1453600 807.4123 51.10419
1453800 807.47674 51.103622
1454000 807.53897 51.092774
1454200 807.57505 51.094523
1454400 807.61864 51.108048
1454600 807.65618 51.120589
1454800 807.70527 51.121911
1455000 807.76713 51.138729
1455200 807.82765 51.128167
1455400 807.87543 51.120589
1455600 807.92308 51.124788
1455800 807.97318 51.102902
1456000 808.03043 51.094778
1456200 808.08057 51.081671
1456400 808.14954 51.07974
1456600 808.18244 51.093278
1456800 808.22399 51.083763
1457000 808.28034 51.092844
1457200 808.32896 51.095864
1457400 808.36724 51.111869
1457600 808.4021 51.131438
1457800 808.44201 51.132911
1458000 808.49737 51.136262
1458200 808.54704 51.147603
1458400 808.5872 51.161856
1458600 808.63103 51.162755
1458800 808.67873 51.150097
1459000 808.72585 51.137151
1459200 808.77612 51.139514
1459400 808.82457 51.136382
1459600 808.86151 51.13429
1459800 808.9044 51.13445
1460000 808.95939 51.125285
1460200 809.03173 51.139164
1460400 809.08658 51.145421
1460600 809.13159 51.156692
1460800 809.17834 51.14895
1461000 809.24417 51.150448
1461200 809.30127 51.14628
1461400 809.3557 51.148689
1461600 809.39595 51.15072
1461800 809.45545 51.154173
1462000 809.49887 51.154448
1462200 809.55602 51.157815
1462400 809.61438 51.164097
1462600 809.64622 51.16243
1462800 809.68942 51.157357
1463000 809.73865 51.151666
1463200 809.79624 51.141967
1463400 809.87236 51.153456
1463600 809.92932 51.167869
1463800 809.97041 51.167342
1464000 810.02289 51.166968
1464200 810.06292 51.17165
1464400 810.11338 51.161655
1464600 810.18081 51.163128
1464800 810.21578 51.161276
1465000 810.2609 51.140123
1465200 810.30957 51.130358
1465400 810.361 51.125934
1465600 810.42164 51.11977
1465800 810.4848 51.120182
1466000 810.54215 51.110303
1466200 810.58682 51.121546
1466400 810.63774 51.124975
1466600 810.67978 51.112688
1466800 810.72658 51.110609
1467000 810.77017 51.097063
1467200 810.82869 51.072845
1467400 810.90058 51.056199
1467600 810.94478 51.056584
1467800 811.00396 51.07468
1468000 811.0635 51.063534
1468200 811.09978 51.047233
1468400 811.14801 51.047779
1468600 811.19244 51.052174
1468800 811.23972 51.064463
1469000 811.29737 51.068845
1469200 811.35313 51.062917
1469400 811.40119 51.060007
1469600 811.44789 51.062921
1469800 811.48956 51.061335
1470000 811.55353 51.064662
1470200 811.58584 51.055172
1470400 811.63639 51.052585
1470600 811.67536 51.044449
1470800 811.72434 51.047037
1471000 811.76564 51.045035
1471200 811.80664 51.036434
1471400 811.87219 51.028134
1471600 811.93389 50.999402
1471800 811.99636 50.981808
1472000 812.05001 50.966519
1472200 812.10304 50.973467
1472400 812.15701 50.973877
1472600 812.2059 50.96175
1472800 812.26646 50.942344
1473000 812.32678 50.923052
1473200 812.36542 50.912472
1473400 812.41623 50.90476
1473600 812.47994 50.896134
1473800 812.55743 50.909687
1474000 812.61291 50.932571
1474200 812.68054 50.937285
1474400 812.72304 50.934157
1474600 812.76915 50.951942
1474800 812.82336 50.965829
1475000 812.86898 50.979412
1475200 812.90721 50.976882
1475400 812.96427 50.990654
1475600 812.99734 50.986007
1475800 813.03864 50.984979
1476000 813.08944 50.982961
1476200 813.10557 50.995825
1476400 813.15641 51.00718
1476600 813.21105 51.015488
1476800 813.26794 51.028314
1477000 813.3133 51.027663
1477200 813.36047 51.025878
1477400 813.4133 51.027699
1477600 813.47697 51.023303
1477800 813.52731 51.018699
1478000 813.58156 51.016006
1478200 813.63589 51.012204
1478400 813.6803 50.99891
1478600 813.71114 50.99971
1478800 813.76494 51.006318
1479000 813.80762 51.019923
1479200 813.85316 51.035261
1479400 813.88289 51.037929
1479600 813.91587 51.035274
1479800 813.96798 51.045035
1480000 814.02664 51.049086
1480200 814.07778 51.044982
1480400 814.12385 51.045228
1480600 814.18406 51.04406
1480800 814.24795 51.047014
1481000 814.29296 51.045454
1481200 814.35194 51.042032
1481400 814.40993 51.023788
1481600 814.48461 51.03189
1481800 814.5322 51.038755
1482000 814.57523 51.055867
1482200 814.63058 51.064072
1482400 814.67617 51.042329
1482600 814.72119 51.027083
1482800 814.77228 51.013841
1483000 814.84973 51.000601
1483200 814.89099 50.985009
1483400 814.94306 50.968142
1483600 815.00289 50.959506
1483800 815.0646 50.958807
1484000 815.11814 50.97471
1484200 815.16793 50.975063
1484400 815.20507 50.967235
1484600 815.23945 50.960688
1484800 815.27594 50.958237
1485000 815.32085 50.963951
1485200 815.37852 50.963443
1485400 815.44202 50.958208
1485600 815.49548 50.950541
1485800 815.53526 50.968721
1486000 815.58784 50.975224
1486200 815.63936 50.971588
1486400 815.68751 50.986815
1486600 815.72786 50.987068
1486800 815.7804 50.991259
1487000 815.82803 51.004677
1487200 815.87054 51.01229
1487400 815.90879 51.011064
1487600 815.95602 51.017321
1487800 815.99267 51.011889
1488000 816.0208 51.011481
1488200 816.07084 51.015076
1488400 816.11669 51.019269
1488600 816.18192 51.008777
1488800 816.23454 51.009229
1489000 816.28894 51.004122
1489200 816.32682 50.997583
1489400 816.36421 50.991204
1489600 816.40027 50.984675
1489800 816.4462 50.974586
1490000 816.48444 50.957379
1490200 816.53166 50.955069
1490400 816.57949 50.962197
1490600 816.63458 50.949667
1490800 816.67946 50.950804
1491000 816.72175 50.94428
1491200 816.77849 50.949697
1491400 816.82192 50.93626
1491600 816.87098 50.94265
1491800 816.91483 50.955162
1492000 816.96338 50.969897
1492200 817.02202 50.959274
1492400 817.08307 50.970945
1492600 817.16102 50.96608
1492800 817.20829 50.965108
1493000 817.26355 50.977853
1493200 817.31478 50.985208
1493400 817.34834 50.986915
1493600 817.39382 51.005649
1493800 817.43647 51.015831
1494000 817.48426 51.024789
1494200 817.53691 51.027423
1494400 817.57436 51.03131
1494600 817.61616 51.022493
1494800 817.67641 51.034079
1495000 817.7233 51.041645
1495200 817.76388 51.035471
1495400 817.81553 51.022343
1495600 817.86617 51.026797
1495800 817.91762 51.025424
1496000 817.95777 51.019577
1496200 818.00939 51.017464
1496400 818.07305 51.006923
1496600 818.12828 50.998624
1496800 818.168 50.995158
1497000 818.22355 50.995984
1497200 818.27718 50.982345
1497400 818.34207 50.978395
1497600 818.37999 50.97694
1497800 818.42269 50.983315
1498000 818.45949 51.000725
1498200 818.5237 51.014449
1498400 818.57395 51.020969
1498600 818.63106 51.025743
1498800 818.69763 51.005293
1499000 818.7653 51.007582
1499200 818.8199 51.009534
1499400 818.88726 51.029104
1499600 818.93668 51.034957
1499800 818.99219 51.033077
1500000 819.03847 51.031165
1500200 819.08646 51.035167
1500400 819.12323 51.024166
1500600 819.16092 51.013937
1500800 819.22554 51.021822
1501000 819.27578 51.023629
1501200 819.31775 51.015994
1501400 819.37689 51.006851
1501600 819.42201 50.987029
1501800 819.47341 50.96646
1502000 819.5259 50.952085
1502200 819.57287 50.939406
1502400 819.6178 50.942291
1502600 819.66807 50.929743
1502800 819.69962 50.914579
1503000 819.74907 50.917029
1503200 819.7973 50.905183
1503400 819.85176 50.89461
1503600 819.91224 50.889188
1503800 819.95588 50.881495
1504000 820.00094 50.88828
1504200 820.04985 50.884159
1504400 820.09183 50.873926
1504600 820.12756 50.86017
1504800 820.15917 50.837647
1505000 820.1939 50.817977
1505200 820.25172 50.803551
1505400 820.31003 50.794715
1505600 820.36725 50.773851
1505800 820.42053 50.771038
1506000 820.47968 50.777912
1506200 820.53839 50.779186
1506400 820.58847 50.789648
1506600 820.64094 50.790196
1506800 820.68865 50.788331
1507000 820.73911 50.778813
1507200 820.78525 50.779757
1507400 820.8449 50.78204
1507600 820.90554 50.775689
1507800 820.95486 50.780034
1508000 821.02687 50.777434
1508200 821.09998 50.763159
1508400 821.16777 50.765301
1508600 821.21768 50.773184
1508800 821.26967 50.762992
1509000 821.32215 50.74366
1509200 821.36501 50.755344
1509400 821.42205 50.762558
1509600 821.47783 50.770455
1509800 821.52744 50.766668
1510000 821.56265 50.767221
1510200 821.60263 50.761788
1510400 821.64441 50.759205
1510600 821.68814 50.762429
1510800 821.74773 50.770424
1511000 821.78896 50.773601
1511200 821.84657 50.772027
1511400 821.89345 50.773601
1511600 821.94304 50.766681
1511800 821.97976 50.776166
1512000 822.02502 50.768126
1512200 822.07296 50.738784
1512400 822.12132 50.728325
1512600 822.17998 50.721176
1512800 822.23477 50.719936
1513000 822.2827 50.719234
1513200 822.34554 50.731752
1513400 822.39889 50.73036
1513600 822.43414 50.733472
1513800 822.51145 50.735398
1514000 822.57318 50.736616
1514200 822.62235 50.737856
1514400 822.66742 50.731639
1514600 822.73511 50.72818
1514800 822.78361 50.723514
1515000 822.84102 50.704409
1515200 822.89489 50.690646
1515400 822.94152 50.687826
1515600 822.98953 50.672009
1515800 823.04505 50.692767
1516000 823.08023 50.694507
1516200 823.12599 50.682622
1516400 823.17541 50.684432
1516600 823.21959 50.682721
1516800 823.26903 50.681805
1517000 823.32267 50.669779
1517200 823.37442 50.663825
1517400 823.4386 50.662641
1517600 823.49598 50.636325
1517800 823.54442 50.611591
1518000 823.5893 50.596117
1518200 823.64006 50.586624
1518400 823.70724 50.582206
1518600 823.78036 50.569521
1518800 823.84238 50.55465
1519000 823.90851 50.532961
1519200 823.95146 50.531782
1519400 824.00851 50.509801
1519600 824.0695 50.503437
1519800 824.14503 50.485044
1520000 824.20381 50.452157
1520200 824.2741 50.431907
1520400 824.34111 50.39442
1520600 824.40414 50.366281
1520800 824.44985 50.349034
1521000 824.51331 50.322105
1521200 824.5784 50.320417
1521400 824.63778 50.320636
1521600 824.70267 50.283647
1521800 824.75635 50.262512
1522000 824.8007 50.254017
1522200 824.84814 50.247187
1522400 824.91261 50.223699
1522600 824.97202 50.212049
1522800 825.02921 50.186465
1523000 825.08593 50.166285
1523200 825.13748 50.152509
1523400 825.1917 50.145365
1523600 825.24311 50.142048
1523800 825.30516 50.136991
1524000 825.36957 50.126186
1524200 825.41141 50.12281
1524400 825.46791 50.12423
1524600 825.53012 50.112942
1524800 825.58415 50.096452
1525000 825.6288 50.080173
1525200 825.68258 50.064728
1525400 825.73029 50.049201
1525600 825.7754 50.029108
1525800 825.82537 50.036645
1526000 825.87395 50.032991
1526200 825.93553 50.028426
1526400 826.0122 50.02667
1526600 826.06674 50.023752
1526800 826.13655 50.010046
1527000 826.18526 49.996843
1527200 826.2547 49.988563
1527400 826.32047 49.971785
1527600 826.38623 49.959538
1527800 826.43826 49.953779
1528000 826.49956 49.926659
1528200 826.55567 49.916313
1528400 826.61307 49.913548
1528600 826.65932 49.895997
1528800 826.72727 49.885113
1529000 826.79541 49.888474
1529200 826.86836 49.860611
1529400 826.92791 49.844158
1529600 826.98711 49.834699
1529800 827.04547 49.82413
1530000 827.10603 49.811489
1530200 827.1822 49.793467
1530400 827.25726 49.76543
1530600 827.3346 49.74187
1530800 827.39839 49.713011
1531000 827.46132 49.696038
1531200 827.54145 49.681752
1531400 827.60706 49.683004
1531600 827.68249 49.679036
1531800 827.74809 49.661372
1532000 827.82042 49.657067
1532200 827.88506 49.639786
1532400 827.95043 49.628097
1532600 828.0221 49.627952
1532800 828.07902 49.630674
1533000 828.1416 49.627218
1533200 828.2064 49.608256
1533400 828.28319 49.599697
1533600 828.35854 49.585963
1533800 828.41498 49.559569
1534000 828.48977 49.541897
1534200 828.56402 49.545604
1534400 828.62334 49.528726
1534600 828.69663 49.515247
1534800 828.78247 49.499346
1535000 828.85198 49.474461
1535200 828.91514 49.463058
1535400 828.97735 49.442084
1535600 829.03312 49.419928
1535800 829.11884 49.387798
1536000 829.18039 49.349906
1536200 829.24443 49.328412
1536400 829.294 49.314359
1536600 829.34758 49.303782
1536800 829.39369 49.295555
1537000 829.44677 49.280013
1537200 829.50205 49.276924
1537400 829.56545 49.26369
1537600 829.61413 49.262041
1537800 829.66129 49.253355
1538000 829.73186 49.233862
1538200 829.8043 49.22255
1538400 829.87037 49.209546
1538600 829.92085 49.209603
1538800 829.97549 49.19376
1539000 830.03245 49.178685
1539200 830.11203 49.166158
1539400 830.18647 49.149392
1539600 830.25511 49.119981
1539800 830.30799 49.107976
1540000 830.37904 49.088066
1540200 830.44897 49.063901
1540400 830.51633 49.055087
1540600 830.57198 49.042447
1540800 830.63359 49.022018
1541000 830.72259 49.019053
1541200 830.81044 49.013196
1541400 830.8685 49.008704
1541600 830.94403 48.979599
1541800 830.98943 48.985214
1542000 831.03612 48.960079
1542200 831.10377 48.94147
1542400 831.18171 48.920727
1542600 831.25701 48.900961
1542800 831.33739 48.87269
1543000 831.39315 48.868255
1543200 831.46091 48.85764
1543400 831.52981 48.833905
1543600 831.59166 48.804743
1543800 831.65174 48.77688
1544000 831.71382 48.766713
1544200 831.78469 48.75031
1544400 831.84052 48.727614
1544600 831.90103 48.715647
1544800 831.97872 48.690086
1545000 832.05199 48.653974
1545200 832.12264 48.634918
1545400 832.20402 48.595661
1545600 832.27308 48.573841
1545800 832.35408 48.565152
1546000 832.42484 48.545896
1546200 832.47608 48.518261
1546400 832.55018 48.495421
1546600 832.6102 48.489166
1546800 832.68374 48.478925
1547000 832.76262 48.467179
1547200 832.80968 48.447944
1547400 832.87765 48.439783
1547600 832.94505 48.423113
1547800 833.01623 48.404731
1548000 833.07644 48.394537
1548200 833.13774 48.391032
1548400 833.19067 48.388179
1548600 833.24535 48.393552
1548800 833.31057 48.393731
1549000 833.37795 48.385202
1549200 833.4401 48.363222
1549400 833.49577 48.355133
1549600 833.56007 48.331012
1549800 833.63647 48.310929
1550000 833.7151 48.298994
1550200 833.77518 48.267695
1550400 833.83643 48.259246
1550600 833.89839 48.24241
1550800 833.94433 48.21541
1551000 834.01351 48.198622
1551200 834.06479 48.178338
1551400 834.12449 48.162881
1551600 834.16828 48.138678
1551800 834.22504 48.109566
1552000 834.28593 48.073899
1552200 834.34221 48.050319
1552400 834.37507 48.030045
1552600 834.42259 48.011608
1552800 834.4706 47.987652
1553000 834.51746 47.953219
1553200 834.57178 47.947411
1553400 834.6306 47.948346
1553600 834.69779 47.950013
1553800 834.75249 47.937347
1554000 834.80531 47.919983
1554200 834.85014 47.906272
1554400 834.92141 47.901159
1554600 834.98041 47.886026
1554800 835.03268 47.865981
1555000 835.09157 47.856404
1555200 835.14093 47.853461
1555400 835.18874 47.850786
1555600 835.26396 47.834661
1555800 835.31083 47.830964
1556000 835.37813 47.821022
1556200 835.42726 47.784105
1556400 835.50456 47.757249
1556600 835.56933 47.728573
1556800 835.63769 47.705465
1557000 835.7001 47.664915
1557200 835.75755 47.644175
1557400 835.82213 47.617955
1557600 835.88658 47.595777
1557800 835.94282 47.593481
1558000 836.00206 47.584455
1558200 836.07403 47.576026
1558400 836.1473 47.57116
1558600 836.20844 47.580819
1558800 836.2669 47.586135
1559000 836.33014 47.586095
1559200 836.37582 47.569845
1559400 836.43009 47.555011
1559600 836.5036 47.537379
1559800 836.56004 47.517329
1560000 836.62405 47.503747
1560200 836.66911 47.472504
1560400 836.71173 47.448627
1560600 836.77323 47.432905
1560800 836.82278 47.416815
1561000 836.87713 47.401006
1561200 836.92637 47.386929
1561400 836.98771 47.370378
1561600 837.05406 47.360215
1561800 837.11042 47.329599
1562000 837.16504 47.291657
1562200 837.24276 47.272193
1562400 837.30832 47.258785
1562600 837.36816 47.234841
1562800 837.43021 47.231597
1563000 837.47171 47.220473
1563200 837.52862 47.205485
1563400 837.57496 47.18092
1563600 837.6259 47.146653
1563800 837.70076 47.11969
1564000 837.75451 47.083512
1564200 837.81576 47.060526
1564400 837.8793 47.041444
1564600 837.93976 47.030949
1564800 838.00236 47.021744
1565000 838.05583 47.009157
1565200 838.0992 46.994094
1565400 838.16232 46.970122
1565600 838.22701 46.954286
1565800 838.29521 46.933053
1566000 838.36105 46.910572
1566200 838.41617 46.886295
1566400 838.46818 46.872692
1566600 838.50888 46.858989
1566800 838.56701 46.847479
1567000 838.62049 46.845369
1567200 838.69356 46.827284
1567400 838.74567 46.825946
1567600 838.79926 46.804352
1567800 838.85236 46.78108
1568000 838.90996 46.754892
1568200 838.97992 46.735082
1568400 839.06355 46.716505
1568600 839.12864 46.674894
1568800 839.19903 46.657149
1569000 839.27203 46.637982
1569200 839.33702 46.618765
1569400 839.40836 46.607971
1569600 839.46204 46.572333
1569800 839.52475 46.547601
1570000 839.59283 46.530986
1570200 839.66704 46.499767
1570400 839.73629 46.489854
1570600 839.80774 46.471306
1570800 839.86777 46.457774
1571000 839.9299 46.437175
1571200 839.99773 46.414023
1571400 840.05208 46.394643
1571600 840.12249 46.373051
1571800 840.18881 46.343399
1572000 840.26616 46.321017
1572200 840.33711 46.302442
1572400 840.40495 46.290687
1572600 840.47834 46.277995
1572800 840.54876 46.270158
1573000 840.61322 46.258308
1573200 840.66296 46.231967
1573400 840.72878 46.216156
1573600 840.81939 46.218006
1573800 840.89745 46.200931
1574000 840.97389 46.179526
1574200 841.0545 46.165308
1574400 841.11941 46.145914
1574600 841.1872 46.136329
1574800 841.26865 46.119091
1575000 841.32547 46.107185
1575200 841.416 46.092527
1575400 841.49987 46.081817
1575600 841.58925 46.054731
1575800 841.67653 46.044539
1576000 841.76277 46.029059
1576200 841.84521 46.017224
1576400 841.92701 46.005694
1576600 841.99449 45.990859
1576800 842.0872 45.98174
1577000 842.17083 45.969437
1577200 842.25906 45.945554
1577400 842.334 45.942809
1577600 842.41385 45.925376
1577800 842.49425 45.903291
1578000 842.57025 45.896338
1578200 842.65552 45.883314
1578400 842.75408 45.874002
1578600 842.83708 45.858368
1578800 842.92231 45.846328
1579000 842.99928 45.844334
1579200 843.08533 45.832968
1579400 843.16 45.819865
1579600 843.22778 45.821117
1579800 843.29808 45.822872
1580000 843.38181 45.823308
1580200 843.42918 45.830985
1580400 843.50617 45.832784
1580600 843.5944 45.826735
1580800 843.68811 45.824763
1581000 843.7565 45.814507
1581200 843.8257 45.798676
1581400 843.89087 45.797405
1581600 843.96407 45.790778
1581800 844.01799 45.775129
1582000 844.07072 45.774747
1582200 844.14189 45.765279
1582400 844.21527 45.771372
1582600 844.29324 45.753444
1582800 844.37653 45.750535
1583000 844.45555 45.737501
1583200 844.52626 45.735356
1583400 844.59461 45.726106
1583600 844.67468 45.718015
1583800 844.73595 45.716227
1584000 844.81736 45.700432
1584200 844.89946 45.684792
1584400 844.97293 45.670154
1584600 845.05935 45.640194
1584800 845.13609 45.612761
1585000 845.22538 45.586016
1585200 845.3106 45.581288
1585400 845.4158 45.567535
1585600 845.51406 45.563879
1585800 845.57889 45.553943
1586000 845.659 45.536611
1586200 845.73189 45.512236
1586400 845.7984 45.489488
1586600 845.86007 45.481873
1586800 845.93842 45.466229
1587000 846.02944 45.466202
1587200 846.09708 45.451377
1587400 846.17905 45.428125
1587600 846.25885 45.417578
1587800 846.33199 45.396551
1588000 846.3899 45.371825
1588200 846.44099 45.369724
1588400 846.49834 45.342696
1588600 846.55451 45.329624
1588800 846.61507 45.310949
1589000 846.6842 45.285393
1589200 846.7541 45.270556
1589400 846.82579 45.259381
1589600 846.89528 45.248182
1589800 846.94948 45.239558
1590000 847.02699 45.214493
1590200 847.1009 45.199399
1590400 847.17009 45.181548
1590600 847.24457 45.166531
1590800 847.31798 45.149526
1591000 847.40663 45.131998
1591200 847.49412 45.108743
1591400 847.58698 45.119248
1591600 847.68051 45.105926
1591800 847.75879 45.099307
1592000 847.84159 45.08097
1592200 847.92897 45.089813
1592400 848.02508 45.069841
1592600 848.12468 45.043321
1592800 848.19859 45.027143
1593000 848.28191 45.012051
1593200 848.37264 44.997955
1593400 848.46375 44.971073
1593600 848.55894 44.969309
1593800 848.64397 44.946373
1594000 848.72779 44.941853
1594200 848.81763 44.933225
1594400 848.91346 44.939884
1594600 849.00057 44.943924
1594800 849.07551 44.933464
1595000 849.153 44.928593
1595200 849.23706 44.91154
1595400 849.33128 44.890025
1595600 849.42462 44.868659
1595800 849.50721 44.835045
1596000 849.6048 44.800807
1596200 849.67992 44.795657
1596400 849.7587 44.774562
1596600 849.83679 44.771075
1596800 849.93011 44.77038
1597000 850.00816 44.773733
1597200 850.09336 44.757347
1597400 850.16751 44.740362
1597600 850.25226 44.723793
1597800 850.32715 44.707927
1598000 850.40177 44.713434
1598200 850.49089 44.707012
1598400 850.57982 44.689569
1598600 850.66037 44.674785
1598800 850.75458 44.674982
1599000 850.86108 44.677801
1599200 850.94502 44.664699
1599400 851.03521 44.646365
1599600 851.11734 44.629915
1599800 851.21739 44.626535
1600000 851.30446 44.600658
1600200 851.39292 44.575061
1600400 851.47004 44.576075
1600600 851.54899 44.573726
1600800 851.64773 44.556557
1601000 851.74694 44.53934
1601200 851.84458 44.528066
1601400 851.92383 44.515735
1601600 852.01784 44.508897
1601800 852.10847 44.507157
1602000 852.19926 44.507606
1602200 852.28487 44.510006
1602400 852.39235 44.494862
1602600 852.50565 44.496252
1602800 852.58923 44.483976
1603000 852.6678 44.467454
1603200 852.7637 44.458101
1603400 852.84526 44.447623
1603600 852.92032 44.441658
1603800 853.00748 44.443782
1604000 853.11798 44.4366
1604200 853.20544 44.431484
1604400 853.28915 44.415045
1604600 853.36886 44.405447
1604800 853.45288 44.40327
1605000 853.53815 44.408642
1605200 853.6229 44.400048
1605400 853.70944 44.389346
1605600 853.79291 44.393685
1605800 853.88593 44.380869
1606000 853.99217 44.366468
1606200 854.0936 44.352793
1606400 854.19065 44.347067
1606600 854.28657 44.331317
1606800 854.37703 44.327428
1607000 854.46406 44.317611
1607200 854.54221 44.306742
1607400 854.63968 44.289588
1607600 854.74404 44.283622
1607800 854.82277 44.263482
1608000 854.90224 44.246472
1608200 854.99091 44.231366
1608400 855.08288 44.229561
1608600 855.17084 44.222005
1608800 855.24337 44.214904
1609000 855.33078 44.196319
1609200 855.41591 44.189705
1609400 855.48364 44.187417
1609600 855.56594 44.19665
1609800 855.65627 44.182639
1610000 855.74143 44.171379
1610200 855.83672 44.160904
1610400 855.92385 44.138764
1610600 856.00697 44.124941
1610800 856.09006 44.11453
1611000 856.17353 44.102906
1611200 856.26802 44.078146
1611400 856.35765 44.065086
1611600 856.42895 44.043124
1611800 856.51352 44.016241
1612000 856.61018 44.004919
1612200 856.69228 43.981768
1612400 856.77873 43.957416
1612600 856.87075 43.944419
1612800 856.95346 43.929581
1613000 857.04476 43.894911
1613200 857.1437 43.861201
1613400 857.24147 43.821034
1613600 857.33345 43.816336
1613800 857.4273 43.815394
1614000 857.52338 43.797468
1614200 857.60174 43.772707
1614400 857.69342 43.743655
1614600 857.7949 43.737081
1614800 857.89577 43.726127
1615000 857.9876 43.708112
1615200 858.0887 43.699511
1615400 858.16415 43.690232
1615600 858.256 43.678904
1615800 858.34635 43.674351
1616000 858.41875 43.670107
1616200 858.50705 43.666763
1616400 858.59136 43.657674
1616600 858.67775 43.646607
1616800 858.7677 43.623773
1617000 858.85905 43.607445
1617200 858.95036 43.586633
1617400 859.03665 43.571794
1617600 859.12843 43.562597
1617800 859.18645 43.530538
1618000 859.26481 43.525366
1618200 859.34068 43.510108
1618400 859.42731 43.491101
1618600 859.51525 43.475823
1618800 859.59697 43.474334
1619000 859.68006 43.464219
1619200 859.76693 43.446445
1619400 859.84763 43.421833
1619600 859.92138 43.406113
1619800 860.0006 43.394636
1620000 860.09494 43.401695
1620200 860.1716 43.387075
1620400 860.25904 43.37277
1620600 860.33515 43.375997
1620800 860.42322 43.393166
1621000 860.49545 43.379371
1621200 860.57584 43.365948
1621400 860.66191 43.368441
1621600 860.73009 43.370246
1621800 860.80131 43.367288
1622000 860.87661 43.375958
1622200 860.95886 43.364301
1622400 861.03776 43.336339
1622600 861.13032 43.323595
1622800 861.21579 43.297694
1623000 861.30704 43.277554
1623200 861.38951 43.261065
1623400 861.45847 43.253333
1623600 861.53474 43.242549
1623800 861.62612 43.240824
1624000 861.70346 43.209472
1624200 861.77186 43.192637
1624400 861.86343 43.174407
1624600 861.94497 43.162594
1624800 862.0365 43.14117
1625000 862.11168 43.137056
1625200 862.20348 43.105176
1625400 862.2814 43.080935
1625600 862.37176 43.07023
1625800 862.4622 43.043392
1626000 862.54758 43.031076
1626200 862.63536 43.027173
1626400 862.71869 42.993369
1626600 862.80318 42.962138
1626800 862.88722 42.946732
1627000 862.9692 42.934011
1627200 863.04763 42.889218
1627400 863.12697 42.86566
1627600 863.21194 42.841753
1627800 863.27861 42.812519
1628000 863.37501 42.813599
1628200 863.45094 42.781781
1628400 863.53376 42.762863
1628600 863.61343 42.756006
1628800 863.68987 42.741107
1629000 863.78445 42.709148
1629200 863.85602 42.693007
1629400 863.93666 42.677424
1629600 864.02575 42.6709
1629800 864.12307 42.649893
1630000 864.19548 42.623436
1630200 864.2801 42.598673
1630400 864.36539 42.582619
1630600 864.44312 42.548563
1630800 864.51392 42.529156
1631000 864.58457 42.498207
1631200 864.67207 42.465682
1631400 864.76907 42.438979
1631600 864.8428 42.437474
1631800 864.90576 42.443848
1632000 864.98314 42.43769
1632200 865.07125 42.438663
1632400 865.14817 42.408145
1632600 865.20296 42.38504
1632800 865.29311 42.350526
1633000 865.37909 42.343792
1633200 865.46894 42.315466
1633400 865.56179 42.291412
1633600 865.63909 42.280403
1633800 865.72134 42.267026
1634000 865.811 42.244546
1634200 865.88538 42.219005
1634400 865.96346 42.201246
1634600 866.03754 42.17809
1634800 866.10918 42.167081
1635000 866.17797 42.140444
1635200 866.26353 42.123628
1635400 866.35961 42.115884
1635600 866.45 42.092497
1635800 866.52287 42.08243
1636000 866.61594 42.06534
1636200 866.70023 42.060546
1636400 866.7882 42.048105
1636600 866.87082 42.045147
1636800 866.94961 42.033466
1637000 867.05097 42.025779
1637200 867.14229 41.99664
1637400 867.22458 41.974097
1637600 867.30693 41.951636
1637800 867.39533 41.931756
1638000 867.49004 41.908003
1638200 867.57255 41.89291
1638400 867.66478 41.870808
1638600 867.74669 41.842328
1638800 867.84693 41.806147
1639000 867.92823 41.792027
1639200 868.01796 41.757615
1639400 868.09543 41.737046
1639600 868.17524 41.714474
1639800 868.25374 41.694464
1640000 868.3327 41.68522
1640200 868.40906 41.672534
1640400 868.50543 41.651651
1640600 868.58521 41.637607
1640800 868.66505 41.609864
1641000 868.75149 41.600028
1641200 868.83844 41.568885
1641400 868.92041 41.543342
1641600 869.01302 41.5241
1641800 869.1105 41.504419
1642000 869.19192 41.486747
1642200 869.28232 41.473824
1642400 869.36044 41.446127
1642600 869.46446 41.442682
1642800 869.54783 41.441988
1643000 869.64439 41.439446
1643200 869.74134 41.429992
1643400 869.82264 41.414172
1643600 869.90619 41.407066
1643800 869.98802 41.407003
1644000 870.08329 41.396968
1644200 870.17602 41.382676
1644400 870.27186 41.355724
1644600 870.36719 41.341282
1644800 870.45752 41.333128
1645000 870.55329 41.312018
1645200 870.63349 41.295978
1645400 870.71296 41.282869
1645600 870.79712 41.283267
1645800 870.88497 41.283102
1646000 870.97113 41.265416
1646200 871.06069 41.239363
1646400 871.17304 41.218525
1646600 871.27941 41.198011
1646800 871.36578 41.190909
1647000 871.45763 41.172917
1647200 871.54614 41.165198
1647400 871.63072 41.151828
1647600 871.71071 41.136381
1647800 871.79051 41.130449
1648000 871.8766 41.116993
1648200 871.9603 41.104764
1648400 872.05099 41.0824
1648600 872.13598 41.066533
1648800 872.23182 41.029434
1649000 872.30828 41.023912
1649200 872.3922 41.005074
1649400 872.47867 40.999118
1649600 872.57218 41.004867
1649800 872.65823 40.999827
1650000 872.74064 40.988682
1650200 872.82257 40.969696
1650400 872.90665 40.959073
1650600 873.00551 40.952268
1650800 873.09121 40.9454
1651000 873.20988 40.941157
1651200 873.31287 40.939872
1651400 873.4064 40.936053
1651600 873.49821 40.925776
1651800 873.59852 40.908708
1652000 873.6878 40.881218
1652200 873.78673 40.856896
1652400 873.88184 40.862016
1652600 873.96204 40.862482
1652800 874.05807 40.854233
1653000 874.15103 40.84204
1653200 874.24187 40.828492
1653400 874.33996 40.820892
1653600 874.43416 40.825899
1653800 874.51743 40.820627
1654000 874.59321 40.826083
1654200 874.67065 40.812428
1654400 874.7567 40.804802
1654600 874.84073 40.777299
1654800 874.92017 40.740031
1655000 875.01046 40.729641
1655200 875.1052 40.714873
1655400 875.1869 40.677683
1655600 875.25362 40.659997
1655800 875.32062 40.618272
1656000 875.39555 40.595458
1656200 875.4717 40.57984
1656400 875.5546 40.563459
1656600 875.65936 40.523605
1656800 875.74651 40.500857
1657000 875.82423 40.47089
1657200 875.89739 40.43226
1657400 875.97669 40.416283
1657600 876.05797 40.406975
1657800 876.16424 40.382366
1658000 876.2443 40.349295
1658200 876.32967 40.335778
1658400 876.42405 40.325365
1658600 876.52341 40.301945
1658800 876.61461 40.283018
1659000 876.6881 40.281501
1659200 876.76907 40.278676
1659400 876.85293 40.286414
1659600 876.93297 40.280082
1659800 877.02468 40.267338
1660000 877.12183 40.240196
1660200 877.21556 40.227109
1660400 877.29059 40.220025
1660600 877.37761 40.199786
1660800 877.45624 40.193018
1661000 877.53142 40.177447
1661200 877.62076 40.164942
1661400 877.69324 40.144527
1661600 877.76915 40.126642
1661800 877.84129 40.115709
1662000 877.92102 40.116776
1662200 878.00415 40.098911
1662400 878.09225 40.09068
1662600 878.17391 40.073574
1662800 878.2561 40.063407
1663000 878.34973 40.040721
1663200 878.44483 40.018906
1663400 878.51988 39.988813
1663600 878.60723 39.985045
1663800 878.68991 39.970685
1664000 878.77716 39.963395
1664200 878.86221 39.949977
1664400 878.9447 39.947306
1664600 879.01339 39.935462
1664800 879.10551 39.928866
1665000 879.18805 39.911615
1665200 879.26453 39.893279
1665400 879.35731 39.881045
1665600 879.445 39.867718
1665800 879.52786 39.855952
1666000 879.60187 39.827608
1666200 879.68055 39.820549
1666400 879.76666 39.818824
1666600 879.83441 39.807891
1666800 879.91423 39.79115
1667000 879.98969 39.78292
1667200 880.07957 39.77643
1667400 880.15251 39.790025
1667600 880.23619 39.773976
1667800 880.3175 39.747041
1668000 880.38612 39.734444
1668200 880.45315 39.713204
1668400 880.53725 39.694047
1668600 880.61347 39.696823
1668800 880.70577 39.690244
1669000 880.79047 39.702395
1669200 880.87089 39.687676
1669400 880.95591 39.663232
1669600 881.02891 39.656396
1669800 881.11505 39.647912
1670000 881.18717 39.640915
1670200 881.26554 39.647451
1670400 881.35191 39.615773
1670600 881.42432 39.603361
1670800 881.49526 39.589606
1671000 881.56425 39.571316
1671200 881.64373 39.555162
1671400 881.73642 39.564605
1671600 881.81765 39.563629
1671800 881.89095 39.544309
1672000 881.97331 39.533861
1672200 882.05682 39.524027
1672400 882.15116 39.487283
1672600 882.22663 39.462407
1672800 882.30391 39.441355
1673000 882.39007 39.411033
1673200 882.45829 39.388083
1673400 882.53413 39.359122
1673600 882.61822 39.334927
1673800 882.6983 39.306942
1674000 882.77408 39.289238
1674200 882.83932 39.284598
1674400 882.91796 39.276953
1674600 882.99902 39.262067
1674800 883.06733 39.230097
1675000 883.14296 39.20399
1675200 883.23366 39.175602
1675400 883.32703 39.167015
1675600 883.39806 39.16417
1675800 883.47653 39.149221
1676000 883.55095 39.140114
1676200 883.64089 39.100663
1676400 883.71861 39.065502
1676600 883.79091 39.033189
1676800 883.86414 39.005873
1677000 883.9479 38.976588
1677200 884.02513 38.969246
1677400 884.09862 38.949114
1677600 884.15923 38.935529
1677800 884.22104 38.922626
1678000 884.29276 38.909995
1678200 884.36406 38.887912
1678400 884.42692 38.866851
1678600 884.50086 38.849324
1678800 884.58439 38.840375
1679000 884.65821 38.834158
1679200 884.74097 38.830584
1679400 884.82404 38.823796
1679600 884.89579 38.811777
1679800 884.98173 38.806371
1680000 885.06255 38.811781
1680200 885.13669 38.817024
1680400 885.21072 38.819451
1680600 885.28228 38.814275
1680800 885.3667 38.795495
1681000 885.44783 38.793841
1681200 885.52731 38.800581
1681400 885.61303 38.78275
1681600 885.69672 38.758482
1681800 885.77585 38.741872
1682000 885.85657 38.722784
1682200 885.94343 38.721574
1682400 886.0195 38.714362
1682600 886.11509 38.691988
1682800 886.21048 38.692018
1683000 886.28245 38.666671
1683200 886.36631 38.656264
1683400 886.45673 38.636405
1683600 886.53889 38.625113
1683800 886.63021 38.606275
1684000 886.70242 38.59412
1684200 886.76918 38.577902
1684400 886.84526 38.564633
1684600 886.93504 38.570547
1684800 887.021 38.54881
1685000 887.11724 38.544004
1685200 887.19532 38.536027
1685400 887.2741 38.506239
1685600 887.34594 38.481309
1685800 887.42596 38.459205
1686000 887.5031 38.444277
1686200 887.5946 38.421071
1686400 887.68807 38.402553
1686600 887.76825 38.377683
1686800 887.85584 38.360232
1687000 887.94919 38.345465
1687200 888.05228 38.32177
1687400 888.15074 38.297656
1687600 888.23763 38.287172
1687800 888.31862 38.269478
1688000 888.38732 38.242275
1688200 888.46572 38.222934
1688400 888.54574 38.216899
1688600 888.63675 38.200514
1688800 888.70842 38.186923
1689000 888.78043 38.187168
1689200 888.85429 38.185387
1689400 888.91202 38.184766
1689600 888.98011 38.16516
1689800 889.06589 38.163936
1690000 889.1409 38.156623
1690200 889.20845 38.15255
1690400 889.28198 38.14877
1690600 889.37012 38.120302
1690800 889.45616 38.114032
1691000 889.53014 38.080571
1691200 889.58358 38.051589
1691400 889.6622 38.034116
1691600 889.7397 38.029497
1691800 889.81047 37.99558
1692000 889.87863 37.974593
1692200 889.94608 37.947602
1692400 890.02103 37.935679
1692600 890.10025 37.924038
1692800 890.17675 37.888767
1693000 890.25397 37.86569
1693200 890.32785 37.857149
1693400 890.39364 37.834594
1693600 890.48655 37.833223
1693800 890.55388 37.825548
1694000 890.62744 37.808711
1694200 890.7043 37.802379
1694400 890.78839 37.791754
1694600 890.88232 37.774995
1694800 890.9631 37.753789
1695000 891.02095 37.736819
1695200 891.09696 37.721967
1695400 891.1744 37.696907
1695600 891.2797 37.667991
1695800 891.36101 37.656006
1696000 891.44595 37.650736
1696200 891.52923 37.639546
1696400 891.61365 37.625411
1696600 891.69372 37.605417
1696800 891.78049 37.589842
1697000 891.86485 37.574357
1697200 891.95274 37.570155
1697400 892.04313 37.544392
1697600 892.13055 37.53662
1697800 892.22405 37.5365
1698000 892.29276 37.53217
1698200 892.37108 37.524678
1698400 892.45745 37.507746
1698600 892.53568 37.502501
1698800 892.61298 37.482237
1699000 892.70188 37.474322
1699200 892.79986 37.463328
1699400 892.89938 37.454093
1699600 892.99304 37.432368
1699800 893.06555 37.423875
1700000 893.15243 37.409424
1700200 893.24725 37.401366
1700400 893.32858 37.401209
1700600 893.41822 37.378924
1700800 893.5161 37.366557
1701000 893.61067 37.364248
1701200 893.67783 37.351186
1701400 893.75045 37.335744
1701600 893.84994 37.321219
1701800 893.93096 37.299152
1702000 894.01653 37.308884
1702200 894.10011 37.295221
1702400 894.17957 37.272959
1702600 894.26432 37.255491
1702800 894.34034 37.236252
1703000 894.42559 37.224486
1703200 894.47958 37.2069
1703400 894.56639 37.194583
1703600 894.62762 37.185063
1703800 894.70003 37.157991
1704000 894.77934 37.146221
1704200 894.86949 37.146822
1704400 894.94656 37.143187
1704600 895.00784 37.125298
1704800 895.10507 37.094007
1705000 895.20166 37.072677
1705200 895.27802 37.065358
1705400 895.34695 37.062325
1705600 895.41058 37.057937
1705800 895.47922 37.040725
1706000 895.56817 37.047936
1706200 895.65467 37.047308
1706400 895.75309 37.029482
1706600 895.85484 37.004275
1706800 895.94831 36.981142
1707000 896.03829 36.977054
1707200 896.13282 36.968432
1707400 896.2435 36.943241
1707600 896.34142 36.92885
1707800 896.42512 36.933974
1708000 896.51361 36.941269
1708200 896.57787 36.936637
1708400 896.66037 36.934452
1708600 896.75643 36.915986
1708800 896.8522 36.909187
1709000 896.93358 36.889958
1709200 897.03834 36.885507
1709400 897.11553 36.885628
1709600 897.19921 36.870587
1709800 897.29134 36.870839
1710000 897.3933 36.874485
1710200 897.48724 36.87103
1710400 897.57909 36.863464
1710600 897.66766 36.857137
1710800 897.76144 36.847465
1711000 897.83753 36.837835
1711200 897.93183 36.845023
1711400 898.03101 36.843897
1711600 898.11228 36.835549
1711800 898.21995 36.818029
1712000 898.32101 36.808263
1712200 898.40396 36.801423
1712400 898.49754 36.790793
1712600 898.57729 36.778406
1712800 898.65297 36.772353
1713000 898.74476 36.756284
1713200 898.83489 36.749013
1713400 898.91674 36.755017
1713600 899.00282 36.750748
1713800 899.09024 36.746486
1714000 899.17036 36.754915
1714200 899.2535 36.763855
1714400 899.35725 36.751092
1714600 899.46236 36.745636
1714800 899.5488 36.7351
1715000 899.64645 36.722179
1715200 899.73975 36.725397
1715400 899.84694 36.719178
1715600 899.92873 36.71766
1715800 900.01891 36.71858
1716000 900.10102 36.715086
1716200 900.18484 36.697865
1716400 900.27244 36.694409
1716600 900.3581 36.699234
1716800 900.44148 36.70461
1717000 900.53674 36.694714
1717200 900.60123 36.688252
1717400 900.69989 36.68442
1717600 900.78797 36.679181
1717800 900.8706 36.673251
1718000 900.95496 36.657997
1718200 901.03912 36.65418
1718400 901.14164 36.633509
1718600 901.2263 36.610745
1718800 901.31772 36.59132
1719000 901.39646 36.573373
1719200 901.48927 36.561012
1719400 901.59915 36.547403
1719600 901.68789 36.536015
1719800 901.77304 36.538449
1720000 901.85826 36.534564
1720200 901.9393 36.531351
1720400 902.02005 36.514624
1720600 902.09714 36.499144
1720800 902.17772 36.489471
1721000 902.25963 36.481144
1721200 902.34221 36.487799
1721400 902.4245 36.480623
1721600 902.51606 36.4707
1721800 902.59933 36.450102
1722000 902.6965 36.424188
1722200 902.78797 36.424333
1722400 902.86848 36.426533
1722600 902.96555 36.416392
1722800 903.05617 36.417627
1723000 903.16199 36.42392
1723200 903.25074 36.404843
1723400 903.35725 36.403339
1723600 903.45066 36.389418
1723800 903.55594 36.382468
1724000 903.65315 36.379554
1724200 903.7345 36.377242
1724400 903.80652 36.357122
1724600 903.89278 36.340257
1724800 903.97798 36.331183
1725000 904.06515 36.307993
1725200 904.13234 36.286541
1725400 904.21092 36.279349
1725600 904.28986 36.260634
1725800 904.37576 36.239852
1726000 904.46224 36.207097
1726200 904.54889 36.184883
1726400 904.64949 36.175129
1726600 904.74964 36.165648
1726800 904.83259 36.165656
1727000 904.91042 36.165812
1727200 905.00072 36.147946
1727400 905.09314 36.126619
1727600 905.17886 36.120426
1727800 905.25349 36.091418
1728000 905.34877 36.066749
1728200 905.43831 36.057347
1728400 905.53382 36.044437
1728600 905.61764 36.036085
1728800 905.69505 36.016462
1729000 905.80025 36.011842
1729200 905.89167 35.977403
1729400 905.9776 35.983869
1729600 906.05557 35.987203
1729800 906.15794 35.985219
1730000 906.25352 35.956508
1730200 906.35601 35.931962
1730400 906.45647 35.926929
1730600 906.53895 35.917175
1730800 906.62072 35.904265
1731000 906.72975 35.894254
1731200 906.82798 35.895936
1731400 906.92321 35.896432
1731600 907.00098 35.876204
1731800 907.07999 35.856463
1732000 907.14963 35.857115
1732200 907.23543 35.835644
1732400 907.31785 35.818083
1732600 907.41892 35.803091
1732800 907.51493 35.805312
1733000 907.61838 35.794014
1733200 907.6965 35.780709
1733400 907.79069 35.77056
1733600 907.86887 35.772251
1733800 907.96311 35.764537
1734000 908.05156 35.767833
1734200 908.13889 35.762098
1734400 908.22454 35.751508
1734600 908.30963 35.731065
1734800 908.39825 35.721117
1735000 908.48597 35.704319
1735200 908.58021 35.688069
1735400 908.67496 35.670813
1735600 908.75226 35.643059
1735800 908.85888 35.609136
1736000 908.94055 35.58203
1736200 909.03804 35.554606
1736400 909.131 35.541087
1736600 909.21026 35.543008
1736800 909.30011 35.549105
1737000 909.37336 35.529874
1737200 909.44062 35.499155
1737400 909.50906 35.482136
1737600 909.56806 35.474804
1737800 909.64803 35.465516
1738000 909.71654 35.464648
1738200 909.80219 35.465518
1738400 909.88006 35.468184
1738600 909.95139 35.462957
1738800 910.03842 35.455229
1739000 910.12599 35.454914
1739200 910.19454 35.449613
1739400 910.27435 35.444205
1739600 910.34667 35.430004
1739800 910.4192 35.409669
1740000 910.49463 35.384063
1740200 910.56993 35.365902
1740400 910.63863 35.359404
1740600 910.69955 35.330379
1740800 910.79306 35.324033
1741000 910.88185 35.34043
1741200 910.9779 35.342858
1741400 911.04651 35.341449
1741600 911.12378 35.338917
1741800 911.21125 35.345695
1742000 911.28535 35.348121
1742200 911.36146 35.347852
1742400 911.43738 35.325467
1742600 911.50679 35.32223
1742800 911.58097 35.298395
1743000 911.65571 35.28934
1743200 911.74562 35.268445
1743400 911.83392 35.27557
1743600 911.90945 35.273061
1743800 911.98119 35.256169
1744000 912.05584 35.248011
1744200 912.1254 35.251903
1744400 912.21215 35.246985
1744600 912.29188 35.254465
1744800 912.37746 35.258446
1745000 912.4568 35.247518
1745200 912.52987 35.264647
1745400 912.61115 35.269814
1745600 912.69807 35.290636
1745800 912.78965 35.28818
1746000 912.87708 35.292734
1746200 912.96545 35.301788
1746400 913.04486 35.314359
1746600 913.13137 35.323311
1746800 913.22585 35.31827
1747000 913.31096 35.304326
1747200 913.39298 35.296909
1747400 913.47642 35.304168
1747600 913.58606 35.30516
1747800 913.67104 35.319966
1748000 913.76296 35.307715
1748200 913.83828 35.289524
1748400 913.91614 35.285767
1748600 913.99908 35.302271
1748800 914.0872 35.313849
1749000 914.15279 35.313654
1749200 914.23724 35.313162
1749400 914.31873 35.320251
1749600 914.38563 35.328536
1749800 914.4699 35.343923
1750000 914.56152 35.36075
1750200 914.63807 35.359535
1750400 914.7525 35.35469
1750600 914.84797 35.342155
1750800 914.95014 35.355271
1751000 915.05329 35.378796
1751200 915.14671 35.385413
1751400 915.22425 35.388539
1751600 915.32152 35.399272
1751800 915.39622 35.400772
1752000 915.49371 35.403349
1752200 915.57271 35.418058
1752400 915.65046 35.445437
1752600 915.72259 35.455168
1752800 915.80546 35.467187
1753000 915.90703 35.470574
1753200 916.00048 35.463476
1753400 916.08907 35.459979
1753600 916.17345 35.449261
1753800 916.24618 35.456131
1754000 916.32275 35.452196
1754200 916.3912 35.461076
1754400 916.47759 35.451405
1754600 916.55048 35.463235
1754800 916.6399 35.474116
1755000 916.72988 35.486193
1755200 916.82113 35.496778
1755400 916.92378 35.495564
1755600 917.00044 35.498541
1755800 917.072 35.500317
1756000 917.15715 35.510679
1756200 917.24222 35.512187
1756400 917.33434 35.527377
1756600 917.4145 35.518327
1756800 917.50526 35.516179
1757000 917.58717 35.518655
1757200 917.67732 35.522318
1757400 917.77722 35.516987
1757600 917.88405 35.50932
1757800 917.97406 35.512169
1758000 918.05089 35.524591
1758200 918.12569 35.536856
1758400 918.2078 35.551413
1758600 918.27822 35.551783
1758800 918.36206 35.539233
1759000 918.46196 35.549557
1759200 918.52824 35.557258
1759400 918.62217 35.56375
1759600 918.71405 35.572224
1759800 918.80931 35.577814
1760000 918.91139 35.576483
1760200 919.00869 35.578743
1760400 919.08054 35.567962
1760600 919.17856 35.574194
1760800 919.26305 35.570769
1761000 919.35894 35.580315
1761200 919.4455 35.571325
1761400 919.53319 35.591336
1761600 919.63319 35.590039
1761800 919.73666 35.604622
1762000 919.80688 35.610191
1762200 919.88221 35.605207
1762400 919.97375 35.609642
1762600 920.05338 35.600642
1762800 920.15267 35.597287
1763000 920.23985 35.609111
1763200 920.33663 35.63708
1763400 920.42169 35.653121
1763600 920.52727 35.6664
1763800 920.61297 35.682611
1764000 920.71964 35.704096
1764200 920.81704 35.720322
1764400 920.9039 35.730002
1764600 920.9927 35.738351
1764800 921.07497 35.751365
1765000 921.14741 35.766774
1765200 921.23934 35.770592
1765400 921.33778 35.779679
1765600 921.43665 35.801296
1765800 921.526 35.816574
1766000 921.62817 35.810319
1766200 921.7264 35.813827
1766400 921.81003 35.814055
1766600 921.91802 35.814953
1766800 922.01448 35.832618
1767000 922.10578 35.832966
1767200 922.20089 35.835223
1767400 922.30239 35.842408
1767600 922.38796 35.838011
1767800 922.48754 35.840865
1768000 922.609 35.847803
1768200 922.71862 35.833929
1768400 922.8078 35.835666
1768600 922.91341 35.83002
1768800 923.00433 35.834084
1769000 923.10202 35.838399
1769200 923.20094 35.835578
1769400 923.29751 35.82448
1769600 923.38875 35.817715
1769800 923.49501 35.834312
1770000 923.59172 35.857473
1770200 923.68829 35.858436
1770400 923.77296 35.865256
1770600 923.87723 35.862235
1770800 923.98781 35.874219
1771000 924.06786 35.872017
1771200 924.14314 35.860122
1771400 924.22543 35.852225
1771600 924.31132 35.859771
1771800 924.38816 35.864887
1772000 924.47718 35.876075
1772200 924.56485 35.883947
1772400 924.6486 35.900003
1772600 924.74968 35.926418
1772800 924.84294 35.933489
1773000 924.94494 35.954685
1773200 925.03563 35.963294
1773400 925.14315 35.981606
1773600 925.26201 35.988601
1773800 925.36443 35.998231
1774000 925.45149 36.012853
1774200 925.55407 36.031954
1774400 925.67674 36.039179
1774600 925.78923 36.047204
1774800 925.8974 36.059474
1775000 925.99377 36.055764
1775200 926.09749 36.04662
1775400 926.22024 36.025821
1775600 926.3095 36.001937
1775800 926.4156 36.002056
1776000 926.51437 35.993908
1776200 926.60568 36.010698
1776400 926.69771 36.031958
1776600 926.79659 36.04446
1776800 926.89177 36.065386
1777000 926.97758 36.092699
1777200 927.05656 36.103535
1777400 927.15265 36.132834
1777600 927.23871 36.11733
1777800 927.32373 36.118612
1778000 927.41342 36.118619
1778200 927.51116 36.108457
1778400 927.59738 36.109824
1778600 927.6974 36.13519
1778800 927.79603 36.140931
1779000 927.89809 36.147097
1779200 927.99927 36.177454
1779400 928.09953 36.202605
1779600 928.20114 36.211535
1779800 928.30063 36.203644
1780000 928.39531 36.194497
1780200 928.47356 36.180307
1780400 928.55566 36.182345
1780600 928.65805 36.184279
1780800 928.75077 36.18419
1781000 928.85691 36.200314
1781200 928.94498 36.220436
1781400 929.02714 36.230292
1781600 929.10179 36.235396
1781800 929.18042 36.250552
1782000 929.26 36.26781
1782200 929.33497 36.287867
1782400 929.40912 36.298542
1782600 929.49006 36.304113
1782800 929.5758 36.327134
1783000 929.67698 36.339911
1783200 929.76432 36.32814
1783400 929.84798 36.331609
1783600 929.92011 36.341398
1783800 930.00578 36.365973
1784000 930.07715 36.372905
1784200 930.16536 36.374371
1784400 930.24049 36.403
1784600 930.31197 36.404529
1784800 930.3852 36.428299
1785000 930.48132 36.450664
1785200 930.55078 36.470427
1785400 930.63565 36.484778
1785600 930.70932 36.506783
1785800 930.78306 36.526921
1786000 930.86217 36.538092
1786200 930.96592 36.559492
1786400 931.04504 36.5663
1786600 931.13312 36.579881
1786800 931.21153 36.611992
1787000 931.29919 36.646335
1787200 931.3833 36.653615
1787400 931.47281 36.657271
1787600 931.5628 36.665605
1787800 931.64487 36.693076
1788000 931.73893 36.711182
1788200 931.81374 36.727173
1788400 931.89753 36.737274
1788600 931.97593 36.737593
1788800 932.07367 36.725918
1789000 932.16195 36.724456
1789200 932.25035 36.722172
1789400 932.32155 36.746168
1789600 932.41466 36.759268
1789800 932.50582 36.751469
1790000 932.58675 36.764244
1790200 932.66078 36.762729
1790400 932.73381 36.769088
1790600 932.81852 36.79524
1790800 932.91814 36.822238
1791000 933.01004 36.854739
1791200 933.10209 36.862104
1791400 933.1933 36.877984
1791600 933.29328 36.892498
1791800 933.38778 36.912324
1792000 933.4916 36.939334
1792200 933.57205 36.934183
1792400 933.65628 36.937545
1792600 933.75034 36.944531
1792800 933.84601 36.949144
1793000 933.93955 36.965354
1793200 934.0375 36.962446
1793400 934.13677 36.959644
1793600 934.24163 36.979708
1793800 934.35374 36.99906
1794000 934.45425 36.998445
1794200 934.55338 37.017015
1794400 934.65001 37.029595
1794600 934.75729 37.044836
1794800 934.84235 37.058345
1795000 934.9227 37.062844
1795200 935.01555 37.079408
1795400 935.09232 37.091971
1795600 935.17646 37.102879
1795800 935.26747 37.117446
1796000 935.3499 37.148808
1796200 935.4323 37.176464
1796400 935.52128 37.203846
1796600 935.59241 37.215353
1796800 935.68068 37.227169
1797000 935.77938 37.232894
1797200 935.87872 37.227965
1797400 935.97439 37.240941
1797600 936.06573 37.256224
1797800 936.15368 37.27574
1798000 936.21932 37.288763
1798200 936.30754 37.287782
1798400 936.39328 37.276274
1798600 936.46267 37.281558
1798800 936.54477 37.282155
1799000 936.6315 37.284895
1799200 936.70142 37.295654
1799400 936.77922 37.29311
1799600 936.86143 37.318784
1799800 936.93298 37.333578
1800000 937.01652 37.35418
1800200 937.09349 37.381356
1800400 937.17293 37.423606
1800600 937.24457 37.462634
1800800 937.33755 37.496905
1801000 937.42822 37.511106
1801200 937.50775 37.535787
1801400 937.58214 37.549674
1801600 937.66673 37.572527
1801800 937.75398 37.594388
1802000 937.8194 37.614642
1802200 937.9043 37.62166
1802400 938.00128 37.654833
1802600 938.07742 37.671378
1802800 938.14509 37.676322
1803000 938.23461 37.67701
1803200 938.33002 37.695351
1803400 938.4233 37.712606
1803600 938.51646 37.72882
1803800 938.6148 37.743038
1804000 938.71405 37.767501
1804200 938.79546 37.787171
1804400 938.86159 37.782903
1804600 938.93421 37.801134
1804800 939.01382 37.799279
1805000 939.08031 37.795384
1805200 939.15058 37.814051
1805400 939.22376 37.818192
1805600 939.31362 37.83545
1805800 939.39766 37.862821
1806000 939.4775 37.887183
1806200 939.57257 37.918962
1806400 939.66695 37.937769
1806600 939.77953 37.953384
1806800 939.8687 37.956932
1807000 939.96582 37.960223
1807200 940.05681 37.971754
1807400 940.14592 38.001183
1807600 940.23541 38.020961
1807800 940.30485 38.03762
1808000 940.37777 38.057549
1808200 940.45615 38.083991
1808400 940.53849 38.118965
1808600 940.63092 38.122453
1808800 940.71318 38.133083
1809000 940.78692 38.144561
1809200 940.86537 38.159046
1809400 940.9484 38.173348
1809600 941.05458 38.19691
1809800 941.13836 38.212105
1810000 941.21334 38.21779
1810200 941.29509 38.225818
1810400 941.38523 38.236801
1810600 941.48397 38.232034
1810800 941.56454 38.253913
1811000 941.62819 38.245752
1811200 941.70951 38.259804
1811400 941.77671 38.276647
1811600 941.87142 38.283302
1811800 941.93858 38.29857
1812000 942.02035 38.323929
1812200 942.10789 38.344379
1812400 942.17869 38.353349
1812600 942.26832 38.360014
1812800 942.35216 38.372739
1813000 942.4418 38.371571
1813200 942.5298 38.395398
1813400 942.61555 38.402002
1813600 942.69827 38.409063
1813800 942.7713 38.4185
1814000 942.85712 38.4328
1814200 942.94284 38.425343
1814400 943.031 38.415205
1814600 943.12133 38.417901
1814800 943.20526 38.415841
1815000 943.28434 38.422827
1815200 943.37561 38.444762
1815400 943.46267 38.462211
1815600 943.5483 38.462136
1815800 943.63142 38.487146
1816000 943.71457 38.494364
1816200 943.80278 38.506086
1816400 943.89262 38.498937
1816600 943.9814 38.524536
1816800 944.07612 38.532306
1817000 944.16321 38.529207
1817200 944.25203 38.548242
1817400 944.34137 38.565064
1817600 944.4358 38.570756
1817800 944.53002 38.585261
1818000 944.61095 38.615543
1818200 944.70112 38.642841
1818400 944.80097 38.666238
1818600 944.88685 38.687585
1818800 944.98694 38.695014
1819000 945.08682 38.703673
1819200 945.17698 38.716134
1819400 945.28699 38.746908
1819600 945.3863 38.7651
1819800 945.46922 38.77283
1820000 945.55474 38.772862
1820200 945.63637 38.798752
1820400 945.73073 38.814285
1820600 945.82896 38.835276
1820800 945.93264 38.847357
1821000 946.04724 38.884259
1821200 946.14739 38.881835
1821400 946.26432 38.909411
1821600 946.35521 38.930396
1821800 946.44107 38.953294
1822000 946.5272 38.984588
1822200 946.61084 38.993125
1822400 946.70373 39.019638
1822600 946.79853 39.042248
1822800 946.90259 39.069688
1823000 947.00995 39.098257
1823200 947.10687 39.116877
1823400 947.20736 39.146014
1823600 947.29099 39.164464
1823800 947.3697 39.181915
1824000 947.44253 39.19051
1824200 947.5261 39.210151
1824400 947.61807 39.229774
1824600 947.70766 39.253221
1824800 947.80275 39.278509
1825000 947.90809 39.313023
1825200 948.02196 39.341511
1825400 948.11904 39.373742
1825600 948.21961 39.396896
1825800 948.3176 39.422585
1826000 948.4209 39.447619
1826200 948.52128 39.462548
1826400 948.62234 39.491341
1826600 948.71478 39.537965
1826800 948.79296 39.581922
1827000 948.87566 39.619656
1827200 948.98207 39.650268
1827400 949.07239 39.689938
1827600 949.1671 39.721205
1827800 949.2503 39.732918
1828000 949.34757 39.765175
1828200 949.44015 39.805784
1828400 949.52863 39.838426
1828600 949.63477 39.862076
1828800 949.7221 39.871564
1829000 949.82362 39.898534
1829200 949.92343 39.926594
1829400 950.01655 39.949676
1829600 950.10349 39.980665
1829800 950.20543 40.006168
1830000 950.29756 40.030122
1830200 950.39547 40.06069
1830400 950.4834 40.092782
1830600 950.56278 40.1015
1830800 950.64101 40.111164
1831000 950.7337 40.144319
1831200 950.83854 40.168482
1831400 950.94296 40.19842
1831600 951.05655 40.214905
1831800 951.15469 40.223649
1832000 951.24643 40.242652
1832200 951.34617 40.246356
1832400 951.44632 40.257126
1832600 951.53628 40.271254
1832800 951.64134 40.259416
1833000 951.74162 40.256207
1833200 951.82342 40.271602
1833400 951.92569 40.31037
1833600 952.00094 40.355823
1833800 952.09379 40.377613
1834000 952.20281 40.406787
1834200 952.28771 40.427254
1834400 952.38036 40.459039
1834600 952.47981 40.49086
1834800 952.58228 40.523943
1835000 952.67279 40.554496
1835200 952.75507 40.57953
1835400 952.85163 40.600862
1835600 952.9401 40.624315
1835800 953.03837 40.654739
1836000 953.13781 40.681734
1836200 953.24244 40.690981
1836400 953.33264 40.702764
1836600 953.44554 40.731437
1836800 953.54386 40.778376
1837000 953.65076 40.803654
1837200 953.75353 40.838764
1837400 953.85357 40.863776
1837600 953.95084 40.893792
1837800 954.05407 40.919639
1838000 954.14719 40.956486
1838200 954.25963 41.002403
1838400 954.35407 41.032022
1838600 954.45105 41.058782
1838800 954.54467 41.082342
1839000 954.62666 41.104803
1839200 954.7155 41.133197
1839400 954.80985 41.162798
1839600 954.90408 41.192559
1839800 954.98931 41.223636
1840000 955.08207 41.220962
1840200 955.17207 41.254929
1840400 955.25468 41.2965
1840600 955.35286 41.330168
1840800 955.43993 41.340579
1841000 955.53016 41.36777
1841200 955.63349 41.385678
1841400 955.73449 41.400459
1841600 955.83424 41.413522
1841800 955.93915 41.424641
1842000 956.04486 41.460437
1842200 956.13147 41.496201
1842400 956.23421 41.532196
1842600 956.33524 41.557814
1842800 956.42319 41.58904
1843000 956.51353 41.624064
1843200 956.60174 41.663442
1843400 956.68415 41.697392
1843600 956.79028 41.721294
1843800 956.89384 41.754376
1844000 956.97797 41.807916
1844200 957.0849 41.841241
1844400 957.19119 41.872366
1844600 957.29216 41.897089
1844800 957.38442 41.92509
1845000 957.48282 41.959464
1845200 957.59224 41.993428
1845400 957.70265 42.022824
1845600 957.78854 42.033462
1845800 957.87548 42.051253
1846000 957.97794 42.080066
1846200 958.08718 42.105019
1846400 958.20021 42.149771
1846600 958.28873 42.188432
1846800 958.37648 42.209846
1847000 958.47107 42.240992
1847200 958.55835 42.259072
1847400 958.651 42.301775
1847600 958.74696 42.341958
1847800 958.83558 42.373343
1848000 958.94147 42.394885
1848200 959.05975 42.430583
1848400 959.13828 42.464969
1848600 959.22915 42.501725
1848800 959.31746 42.546947
1849000 959.40304 42.579717
1849200 959.48529 42.605624
1849400 959.587 42.638242
1849600 959.67531 42.672559
1849800 959.77115 42.704794
1850000 959.87103 42.742327
1850200 959.97014 42.767692
1850400 960.05434 42.80875
1850600 960.15652 42.851344
1850800 960.2519 42.896619
1851000 960.35466 42.931277
1851200 960.4451 42.973054
1851400 960.53018 42.9987
1851600 960.6342 43.03825
1851800 960.7186 43.08748
1852000 960.80961 43.132292
1852200 960.92142 43.171157
1852400 961.00905 43.202655
1852600 961.11878 43.227196
1852800 961.20258 43.25065
1853000 961.2857 43.274166
1853200 961.36609 43.300734
1853400 961.4706 43.342857
1853600 961.57761 43.367413
1853800 961.68103 43.394642
1854000 961.78665 43.409579
1854200 961.88303 43.430936
1854400 961.99921 43.443407
1854600 962.10851 43.463226
1854800 962.19539 43.47962
1855000 962.28652 43.501873
1855200 962.38574 43.526469
1855400 962.47533 43.53873
1855600 962.57174 43.564994
1855800 962.66555 43.58352
1856000 962.75673 43.615341
1856200 962.85692 43.635369
1856400 962.94435 43.663025
1856600 963.03844 43.678882
1856800 963.13519 43.681849
1857000 963.21491 43.681184
1857200 963.30271 43.699156
1857400 963.37887 43.706695
1857600 963.46938 43.731894
1857800 963.55158 43.767687
1858000 963.64305 43.776266
1858200 963.73047 43.783255
1858400 963.81369 43.785633
1858600 963.90753 43.803704
1858800 964.01362 43.827981
1859000 964.10265 43.861026
1859200 964.19426 43.886754
1859400 964.30118 43.906175
1859600 964.38843 43.929125
1859800 964.49232 43.947612
1860000 964.60108 43.97079
1860200 964.70271 43.999833
1860400 964.81637 44.015082
1860600 964.9117 44.043943
1860800 965.02245 44.069439
1861000 965.12654 44.098376
1861200 965.23301 44.114456
1861400 965.35353 44.147234
1861600 965.45554 44.168735
1861800 965.5521 44.191642
1862000 965.63662 44.215357
1862200 965.73423 44.237773
1862400 965.83243 44.265604
1862600 965.95592 44.298878
1862800 966.05777 44.322157
1863000 966.15812 44.334395
1863200 966.26143 44.361175
1863400 966.36174 44.373461
1863600 966.46488 44.39425
1863800 966.56255 44.405508
1864000 966.64877 44.413906
1864200 966.75064 44.441352
1864400 966.85104 44.480801
1864600 966.96991 44.513822
1864800 967.06982 44.537587
1865000 967.17923 44.552294
1865200 967.27997 44.582986
1865400 967.37219 44.603177
1865600 967.46946 44.633628
1865800 967.57728 44.670246
1866000 967.673 44.704946
1866200 967.78024 44.720783
1866400 967.89027 44.751284
1866600 968.00252 44.777108
1866800 968.11368 44.800896
1867000 968.22022 44.822063
1867200 968.32185 44.843806
1867400 968.42522 44.852319
1867600 968.52334 44.879184
1867800 968.61801 44.900655
1868000 968.72235 44.917719
1868200 968.83055 44.934751
1868400 968.94 44.941565
1868600 969.03487 44.967686
1868800 969.13564 44.981922
1869000 969.25581 44.995746
1869200 969.35418 45.009992
1869400 969.44329 45.009835
1869600 969.54095 45.035154
1869800 969.64945 45.05889
1870000 969.75534 45.082435
1870200 969.84992 45.108703
1870400 969.95087 45.123453
1870600 970.06261 45.132826
1870800 970.17593 45.150209
1871000 970.28082 45.189673
1871200 970.39381 45.198384
1871400 970.52523 45.215415
1871600 970.65793 45.242031
1871800 970.76242 45.274963
1872000 970.8784 45.293718
1872200 970.97817 45.318595
1872400 971.0749 45.351642
1872600 971.18725 45.37083
1872800 971.2875 45.393726
1873000 971.37324 45.419851
1873200 971.49593 45.462794
1873400 971.59678 45.490479
1873600 971.70277 45.508705
1873800 971.79793 45.526109
1874000 971.89714 45.544919
1874200 972.00776 45.566074
1874400 972.11101 45.581875
1874600 972.22021 45.613843
1874800 972.31924 45.644098
1875000 972.41261 45.651574
1875200 972.51419 45.67119
1875400 972.62032 45.703841
1875600 972.73254 45.724562
1875800 972.83467 45.744035
1876000 972.93467 45.754322
1876200 973.04004 45.780421
1876400 973.14556 45.810544
1876600 973.25942 45.849272
1876800 973.36857 45.882944
1877000 973.46973 45.90038
1877200 973.5729 45.927686
1877400 973.68685 45.952628
1877600 973.79324 45.968356
1877800 973.90269 45.994485
1878000 974.01793 46.018953
1878200 974.12995 46.045166
1878400 974.22776 46.073378
1878600 974.31318 46.088967
1878800 974.40296 46.111832
1879000 974.50124 46.130843
1879200 974.60306 46.171868
1879400 974.70052 46.198039
1879600 974.80364 46.235564
1879800 974.92431 46.279443
1880000 975.04434 46.291688
1880200 975.15706 46.302707
1880400 975.2616 46.334426
1880600 975.38826 46.349344
1880800 975.5095 46.373448
1881000 975.62679 46.408373
1881200 975.73283 46.439446
1881400 975.8403 46.481485
1881600 975.95901 46.506475
1881800 976.0728 46.533621
1882000 976.17583 46.566862
1882200 976.27913 46.583749
1882400 976.3889 46.619237
1882600 976.51013 46.671036
1882800 976.6191 46.6979
1883000 976.72881 46.71985
1883200 976.83703 46.731875
1883400 976.94387 46.746982
1883600 977.05762 46.761766
1883800 977.17863 46.782947
1884000 977.29531 46.807833
1884200 977.39827 46.82166
1884400 977.50386 46.866171
1884600 977.60703 46.900014
1884800 977.73726 46.923994
1885000 977.84762 46.934607
1885200 977.96584 46.961222
1885400 978.08063 46.980169
1885600 978.1787 47.000577
1885800 978.28799 47.006349
1886000 978.39274 47.011872
1886200 978.48401 47.023666
1886400 978.56979 47.043699
1886600 978.66988 47.059953
1886800 978.78278 47.061039
1887000 978.89141 47.072817
1887200 979.00278 47.091193
1887400 979.11997 47.106483
1887600 979.22039 47.120817
1887800 979.33689 47.141154
1888000 979.44081 47.172853
1888200 979.56796 47.193576
1888400 979.67792 47.215317
1888600 979.79186 47.244602
1888800 979.90473 47.254168
1889000 980.00549 47.26514
1889200 980.11137 47.289915
1889400 980.20717 47.33062
1889600 980.31591 47.348375
1889800 980.43111 47.378011
1890000 980.55705 47.391961
1890200 980.66523 47.41603
1890400 980.76787 47.429421
1890600 980.86088 47.438602
1890800 980.96563 47.473421
1891000 981.05052 47.482607
1891200 981.13451 47.502157
1891400 981.24162 47.515067
1891600 981.33565 47.528495
1891800 981.47194 47.551069
1892000 981.5836 47.560954
1892200 981.69388 47.560821
1892400 981.80175 47.567268
1892600 981.90373 47.586938
1892800 982.00574 47.590115
1893000 982.10534 47.575632
1893200 982.19404 47.577148
1893400 982.29877 47.577998
1893600 982.41033 47.588529
1893800 982.51269 47.601118
1894000 982.62066 47.626673
1894200 982.72967 47.627493
1894400 982.82121 47.668114
1894600 982.9272 47.686683
1894800 983.05216 47.705964
1895000 983.15349 47.713168
1895200 983.25738 47.745932
1895400 983.37445 47.756016
1895600 983.48641 47.755596
1895800 983.61883 47.745298
1896000 983.73618 47.756948
1896200 983.84955 47.767385
1896400 983.96027 47.788384
1896600 984.08401 47.806028
1896800 984.20368 47.82478
1897000 984.30895 47.857519
1897200 984.42787 47.854981
1897400 984.53676 47.878364
1897600 984.6461 47.892258
1897800 984.76964 47.896012
1898000 984.87856 47.891948
1898200 984.96907 47.889698
1898400 985.069 47.902142
1898600 985.19342 47.916463
1898800 985.31962 47.897997
1899000 985.42437 47.91048
1899200 985.52615 47.931514
1899400 985.63492 47.937326
1899600 985.74209 47.948057
1899800 985.82675 47.967888
1900000 985.92132 47.993574
1900200 986.02792 48.028806
1900400 986.11786 48.048417
1900600 986.21446 48.067385
1900800 986.32842 48.081201
1901000 986.43116 48.093463
1901200 986.53267 48.083302
1901400 986.64655 48.086676
1901600 986.76397 48.101647
1901800 986.86258 48.105553
1902000 986.9516 48.135007
1902200 987.04804 48.133437
1902400 987.14563 48.134734
1902600 987.22978 48.13219
1902800 987.3159 48.15455
1903000 987.41801 48.158755
1903200 987.52461 48.183492
1903400 987.60834 48.205768
1903600 987.72254 48.227971
1903800 987.82349 48.238834
1904000 987.91925 48.246521
1904200 988.03767 48.255198
1904400 988.14388 48.267984
1904600 988.23029 48.278228
1904800 988.32941 48.292958
1905000 988.43413 48.322809
1905200 988.5379 48.347545
1905400 988.62317 48.374809
1905600 988.73213 48.386234
1905800 988.82705 48.419428
1906000 988.91158 48.426144
1906200 989.01068 48.435282
1906400 989.11488 48.46988
1906600 989.23284 48.483369
1906800 989.3236 48.501716
1907000 989.41987 48.494346
1907200 989.53199 48.494611
1907400 989.6286 48.495766
1907600 989.70964 48.505196
1907800 989.80975 48.530504
1908000 989.91472 48.542079
1908200 990.02645 48.556775
1908400 990.15055 48.578496
1908600 990.2607 48.589851
1908800 990.36991 48.59359
1909000 990.47842 48.601683
1909200 990.58367 48.60242
1909400 990.67673 48.628431
1909600 990.78286 48.646761
1909800 990.89923 48.666692
1910000 990.99685 48.687768
1910200 991.09335 48.696407
1910400 991.20256 48.715412
1910600 991.29424 48.729561
1910800 991.3926 48.749217
1911000 991.49318 48.764191
1911200 991.59432 48.772127
1911400 991.70932 48.775846
1911600 991.81914 48.794424
1911800 991.92136 48.808859
1912000 992.02911 48.800095
1912200 992.11521 48.797043
1912400 992.21242 48.794409
1912600 992.30472 48.792595
1912800 992.42561 48.804954
1913000 992.53549 48.818164
1913200 992.62105 48.829144
1913400 992.71665 48.842601
1913600 992.81575 48.861895
1913800 992.92145 48.883364
1914000 993.0165 48.883595
1914200 993.12465 48.906808
1914400 993.24309 48.930741
1914600 993.34784 48.940436
1914800 993.44819 48.922581
1915000 993.55137 48.925675
1915200 993.64602 48.928014
1915400 993.74101 48.933389
1915600 993.83833 48.932659
1915800 993.9417 48.943195
1916000 994.04981 48.968184
1916200 994.16755 48.986528
1916400 994.27401 48.977267
1916600 994.38012 48.983409
1916800 994.47295 48.985704
1917000 994.57687 48.99476
1917200 994.66239 48.993393
1917400 994.75098 49.010333
1917600 994.8444 49.012025
1917800 994.92566 49.016594
1918000 995.03625 49.031514
1918200 995.13054 49.042846
1918400 995.25671 49.051434
1918600 995.34815 49.05586
1918800 995.4468 49.065382
1919000 995.55439 49.072851
1919200 995.66348 49.075195
1919400 995.77144 49.0897
1919600 995.86576 49.088019
1919800 995.97635 49.094865
1920000 996.07338 49.108246
1920200 996.16948 49.120131
1920400 996.27178 49.132345
1920600 996.37012 49.142346
1920800 996.47173 49.152696
1921000 996.5731 49.164788
1921200 996.66798 49.192039
1921400 996.75455 49.199112
1921600 996.85127 49.202491
1921800 996.95639 49.203342
1922000 997.0595 49.213674
1922200 997.17908 49.229585
1922400 997.27708 49.247631
1922600 997.37331 49.276758
1922800 997.47642 49.297456
1923000 997.57659 49.316057
1923200 997.67647 49.341201
1923400 997.77779 49.360626
1923600 997.87544 49.38726
1923800 997.97295 49.388984
1924000 998.07229 49.40458
1924200 998.16238 49.404749
1924400 998.24486 49.40832
1924600 998.36046 49.404619
1924800 998.46798 49.41262
1925000 998.55587 49.424776
1925200 998.64963 49.416378
1925400 998.7362 49.414421
1925600 998.82215 49.420823
1925800 998.92374 49.426154
1926000 999.02099 49.424695
1926200 999.13544 49.443365
1926400 999.2383 49.461307
1926600 999.36649 49.487088
1926800 999.46624 49.501093
1927000 999.58336 49.495081
1927200 999.70187 49.510014
1927400 999.8135 49.539437
1927600 999.91389 49.54339
1927800 1000.0258 49.55734
1928000 1000.1305 49.576168
1928200 1000.2307 49.590962
1928400 1000.3415 49.588815
1928600 1000.4698 49.597259
1928800 1000.5733 49.615168
1929000 1000.6726 49.601609
1929200 1000.7927 49.607589
1929400 1000.9093 49.622687
1929600 1001.0136 49.627852
1929800 1001.1203 49.634418
1930000 1001.2201 49.656235
1930200 1001.3301 49.669556
1930400 1001.433 49.666609
1930600 1001.5453 49.675715
1930800 1001.6661 49.663403
1931000 1001.7808 49.657495
1931200 1001.8941 49.664549
1931400 1001.9968 49.671128
1931600 1002.0926 49.684292
1931800 1002.1764 49.696227
1932000 1002.2672 49.687996
1932200 1002.3716 49.701971
1932400 1002.4657 49.708387
1932600 1002.5753 49.720902
1932800 1002.664 49.721902
1933000 1002.763 49.72108
1933200 1002.8535 49.745096
1933400 1002.9391 49.754443
1933600 1003.037 49.772776
1933800 1003.1388 49.780578
1934000 1003.237 49.785317
1934200 1003.3231 49.796265
1934400 1003.4206 49.824913
1934600 1003.5221 49.836707
1934800 1003.6209 49.850131
1935000 1003.7164 49.870682
1935200 1003.7998 49.86079
1935400 1003.8899 49.864941
1935600 1003.9959 49.866755
1935800 1004.1218 49.879321
1936000 1004.2329 49.892636
1936200 1004.3569 49.882978
1936400 1004.4717 49.886011
1936600 1004.5576 49.885775
1936800 1004.6661 49.885992
1937000 1004.7698 49.906187
1937200 1004.8839 49.914813
1937400 1004.9802 49.911881
1937600 1005.0743 49.91968
1937800 1005.1755 49.937119
1938000 1005.2683 49.948243
1938200 1005.3585 49.956557
1938400 1005.4604 49.990288
1938600 1005.5772 50.010863
1938800 1005.6666 50.021562
1939000 1005.7612 50.021661
1939200 1005.8413 50.042892
1939400 1005.9465 50.060677
1939600 1006.0437 50.068925
1939800 1006.1546 50.079226
1940000 1006.2466 50.113288
1940200 1006.3324 50.122351
1940400 1006.4223 50.148892
1940600 1006.5217 50.169691
1940800 1006.6264 50.18518
1941000 1006.7335 50.224914
1941200 1006.8244 50.240027
1941400 1006.9278 50.267408
1941600 1007.0388 50.316232
1941800 1007.1482 50.352878
1942000 1007.2493 50.371971
1942200 1007.3271 50.389974
1942400 1007.3999 50.399746
1942600 1007.4701 50.422577
1942800 1007.5527 50.454892
1943000 1007.6299 50.483593
1943200 1007.7019 50.526606
1943400 1007.7972 50.559316
1943600 1007.9025 50.585612
1943800 1008.0039 50.591535
1944000 1008.0962 50.614894
1944200 1008.2133 50.647381
1944400 1008.3131 50.662002
1944600 1008.417 50.689522
1944800 1008.5302 50.708183
1945000 1008.6308 50.720729
1945200 1008.7442 50.701995
1945400 1008.835 50.704049
1945600 1008.9216 50.707156
1945800 1009.0069 50.720518
1946000 1009.0922 50.732506
1946200 1009.2043 50.73529
1946400 1009.3053 50.726658
1946600 1009.4067 50.758856
1946800 1009.5063 50.768578
1947000 1009.6023 50.761132
1947200 1009.6786 50.759865
1947400 1009.7678 50.767995
1947600 1009.861 50.777578
1947800 1009.9496 50.781777
1948000 1010.0524 50.78155
1948200 1010.1547 50.789709
1948400 1010.2578 50.798811
1948600 1010.3489 50.811974
1948800 1010.4543 50.822346
1949000 1010.5472 50.827888
1949200 1010.6359 50.842706
1949400 1010.7422 50.856527
1949600 1010.8336 50.857702
1949800 1010.9236 50.861034
1950000 1011.0246 50.881216
1950200 1011.1358 50.903784
1950400 1011.2456 50.927993
1950600 1011.3377 50.964821
1950800 1011.4315 50.986068
1951000 1011.5207 50.995027
1951200 1011.635 51.01621
1951400 1011.747 51.03872
1951600 1011.8516 51.051058
1951800 1011.9449 51.052579
1952000 1012.0381 51.061207
1952200 1012.1255 51.053757
1952400 1012.2389 51.0725
1952600 1012.3406 51.081564
1952800 1012.4451 51.092455
1953000 1012.5431 51.105757
1953200 1012.6611 51.121511
1953400 1012.7507 51.121794
1953600 1012.852 51.120606
1953800 1012.9631 51.126076
1954000 1013.0683 51.138349
1954200 1013.1693 51.150923
1954400 1013.2766 51.175575
1954600 1013.3704 51.203688
1954800 1013.4674 51.230192
1955000 1013.5743 51.240794
1955200 1013.6682 51.247705
1955400 1013.7668 51.262233
1955600 1013.8456 51.268758
1955800 1013.9348 51.259835
1956000 1014.0337 51.255482
1956200 1014.1463 51.264865
1956400 1014.2408 51.27589
1956600 1014.3386 51.258128
1956800 1014.4353 51.266107
1957000 1014.5319 51.266576
1957200 1014.6347 51.270423
1957400 1014.7208 51.277357
1957600 1014.826 51.272336
1957800 1014.9211 51.292201
1958000 1015.019 51.314782
1958200 1015.1243 51.342475
1958400 1015.2217 51.347755
1958600 1015.2912 51.34531
1958800 1015.3786 51.356791
1959000 1015.4781 51.354738
1959200 1015.5848 51.343746
1959400 1015.6826 51.352908
1959600 1015.7784 51.377986
1959800 1015.8943 51.380533
1960000 1016.0201 51.377101
1960200 1016.1331 51.398767
1960400 1016.2336 51.382802
1960600 1016.3221 51.391883
1960800 1016.4336 51.419815
1961000 1016.5451 51.423565
1961200 1016.6395 51.436277
1961400 1016.7304 51.445326
1961600 1016.8368 51.458401
1961800 1016.9462 51.45434
1962000 1017.08 51.461835
1962200 1017.1877 51.483732
1962400 1017.278 51.496178
1962600 1017.3915 51.514391
1962800 1017.5087 51.518533
1963000 1017.631 51.510962
1963200 1017.7289 51.486944
1963400 1017.8299 51.473475
1963600 1017.9457 51.480285
1963800 1018.0661 51.482983
1964000 1018.1703 51.460115
1964200 1018.2924 51.450396
1964400 1018.4109 51.439194
1964600 1018.5061 51.447749
1964800 1018.6036 51.453202
1965000 1018.7063 51.443673
1965200 1018.7955 51.450879
1965400 1018.887 51.448297
1965600 1018.99 51.454534
1965800 1019.0979 51.44785
1966000 1019.2124 51.439085
1966200 1019.325 51.430002
1966400 1019.4369 51.410049
1966600 1019.5393 51.409023
1966800 1019.6496 51.395418
1967000 1019.7397 51.379826
1967200 1019.8373 51.360872
1967400 1019.9497 51.352892
1967600 1020.0529 51.346118
1967800 1020.1504 51.354619
1968000 1020.2587 51.350243
1968200 1020.3759 51.354611
1968400 1020.4965 51.352802
1968600 1020.6095 51.374207
1968800 1020.7144 51.389052
1969000 1020.8237 51.410364
1969200 1020.9358 51.401597
1969400 1021.022 51.398577
1969600 1021.1168 51.396446
1969800 1021.2147 51.378496
1970000 1021.3159 51.367769
1970200 1021.403 51.360265
1970400 1021.4819 51.348971
1970600 1021.5739 51.325295
1970800 1021.6677 51.304165
1971000 1021.789 51.302536
1971200 1021.8748 51.30193
1971400 1021.9435 51.297697
1971600 1022.0457 51.291081
1971800 1022.1405 51.263795
1972000 1022.238 51.272872
1972200 1022.34 51.276641
1972400 1022.4491 51.261388
1972600 1022.5458 51.250549
1972800 1022.6671 51.234169
1973000 1022.7677 51.216776
1973200 1022.8739 51.208876
1973400 1022.9785 51.208167
1973600 1023.0743 51.195676
1973800 1023.1535 51.192325
1974000 1023.2492 51.187788
1974200 1023.3363 51.202057
1974400 1023.438 51.182812
1974600 1023.5477 51.186143
1974800 1023.6317 51.174111
1975000 1023.7119 51.177236
1975200 1023.8054 51.184599
1975400 1023.8891 51.177808
1975600 1023.998 51.168089
1975800 1024.0834 51.144657
1976000 1024.1447 51.120325
1976200 1024.2242 51.128387
1976400 1024.3004 51.113291
1976600 1024.3913 51.115639
1976800 1024.49 51.11105
1977000 1024.5832 51.093893
1977200 1024.6842 51.086178
1977400 1024.802 51.087701
1977600 1024.9105 51.098583
1977800 1025.0131 51.088379
1978000 1025.1057 51.084723
1978200 1025.2127 51.107416
1978400 1025.3169 51.127068
1978600 1025.419 51.149671
1978800 1025.5133 51.166675
1979000 1025.6238 51.198538
1979200 1025.7311 51.203669
1979400 1025.8296 51.196623
1979600 1025.9443 51.200316
1979800 1026.0419 51.206153
1980000 1026.1334 51.214745
1980200 1026.2474 51.228442
1980400 1026.3538 51.235237
1980600 1026.4717 51.22614
1980800 1026.571 51.216081
1981000 1026.6803 51.210744
1981200 1026.7723 51.206591
1981400 1026.8637 51.204672
1981600 1026.9623 51.2145
1981800 1027.0655 51.20549
1982000 1027.1659 51.209992
1982200 1027.2727 51.224132
1982400 1027.3503 51.223378
1982600 1027.4368 51.217844
1982800 1027.5117 51.229375
1983000 1027.5993 51.247565
1983200 1027.6694 51.261032
1983400 1027.7548 51.275649
1983600 1027.8282 51.278172
1983800 1027.8922 51.288182
1984000 1027.9824 51.28102
1984200 1028.0772 51.268231
1984400 1028.182 51.271521
1984600 1028.2926 51.286069
1984800 1028.3864 51.271054
1985000 1028.4717 51.276647
1985200 1028.5665 51.267004
1985400 1028.663 51.266595
1985600 1028.7579 51.265677
1985800 1028.8579 51.268173
1986000 1028.9538 51.288045
1986200 1029.052 51.292057
1986400 1029.1343 51.296063
1986600 1029.2398 51.278735
1986800 1029.3434 51.285819
1987000 1029.4374 51.269549
1987200 1029.5538 51.256775
1987400 1029.6647 51.271243
1987600 1029.7732 51.280154
1987800 1029.8798 51.28566
1988000 1029.9788 51.292192
1988200 1030.0732 51.308823
1988400 1030.179 51.313815
1988600 1030.2728 51.314545
1988800 1030.3575 51.323042
1989000 1030.4466 51.34539
1989200 1030.5425 51.361043
1989400 1030.656 51.384713
1989600 1030.7548 51.3834
1989800 1030.8601 51.378312
1990000 1030.9571 51.384444
1990200 1031.0679 51.381817
1990400 1031.1565 51.381892
1990600 1031.2533 51.381214
1990800 1031.3666 51.40923
1991000 1031.4694 51.417924
1991200 1031.5694 51.434443
1991400 1031.6806 51.447341
1991600 1031.7812 51.450486
1991800 1031.8911 51.462769
1992000 1031.9901 51.47929
1992200 1032.09 51.487655
1992400 1032.1662 51.499358
1992600 1032.2655 51.514321
1992800 1032.3486 51.523459
1993000 1032.4427 51.532553
1993200 1032.5386 51.54936
1993400 1032.6375 51.570172
1993600 1032.7272 51.571744
1993800 1032.8078 51.580176
1994000 1032.9021 51.565321
1994200 1033.003 51.571379
1994400 1033.0924 51.565414
1994600 1033.2159 51.539912
1994800 1033.307 51.528869
1995000 1033.4289 51.529778
1995200 1033.5462 51.518176
1995400 1033.6501 51.503045
1995600 1033.7608 51.503008
1995800 1033.857 51.522985
1996000 1033.9658 51.527899
1996200 1034.0769 51.52299
1996400 1034.1766 51.51889
1996600 1034.2724 51.529131
1996800 1034.3907 51.530631
1997000 1034.492 51.521922
1997200 1034.589 51.524455
1997400 1034.6905 51.531344
1997600 1034.7925 51.54296
1997800 1034.8922 51.555994
1998000 1034.9837 51.540728
1998200 1035.0809 51.534182
1998400 1035.179 51.535445
1998600 1035.2872 51.52627
1998800 1035.4012 51.502967
1999000 1035.4973 51.50752
1999200 1035.6123 51.514175
1999400 1035.7213 51.512095
1999600 1035.8397 51.51342
1999800 1035.9578 51.505039
2000000 1036.0661 51.515527
2000200 1036.1783 51.513545
2000400 1036.2721 51.509388
2000600 1036.386 51.51248
2000800 1036.4837 51.511769
2001000 1036.5996 51.517623
2001200 1036.6983 51.520125
2001400 1036.8082 51.515269
2001600 1036.9008 51.525177
2001800 1036.9953 51.526851
2002000 1037.0982 51.529308
2002200 1037.205 51.53384
2002400 1037.3145 51.532046
2002600 1037.415 51.523195
2002800 1037.5183 51.523788
2003000 1037.6134 51.513965
2003200 1037.7083 51.515034
2003400 1037.794 51.520883
2003600 1037.8798 51.516019
2003800 1037.986 51.518891
2004000 1038.0847 51.509227
2004200 1038.1828 51.527546
2004400 1038.2763 51.51768
2004600 1038.3624 51.523591
2004800 1038.4628 51.529175
2005000 1038.5652 51.527008
2005200 1038.6797 51.529069
2005400 1038.7773 51.53006
2005600 1038.8701 51.525953
2005800 1038.9537 51.518447
2006000 1039.054 51.528883
2006200 1039.1427 51.529683
2006400 1039.2374 51.516684
2006600 1039.3404 51.513371
2006800 1039.4605 51.514941
2007000 1039.5594 51.520458
2007200 1039.6664 51.51756
2007400 1039.7605 51.514675
2007600 1039.8418 51.494527
2007800 1039.9273 51.486232
2008000 1040.0211 51.462197
2008200 1040.1108 51.46362
2008400 1040.1957 51.459375
2008600 1040.3034 51.452042
2008800 1040.3954 51.447239
2009000 1040.4818 51.438734
2009200 1040.5663 51.436551
2009400 1040.6513 51.421562
2009600 1040.7325 51.414704
2009800 1040.8093 51.397417
2010000 1040.9026 51.38073
2010200 1040.992 51.377568
2010400 1041.0688 51.377445
2010600 1041.1674 51.379492
2010800 1041.2558 51.370045
2011000 1041.3554 51.361121
2011200 1041.4541 51.352941
2011400 1041.5393 51.366724
2011600 1041.6291 51.377513
2011800 1041.7303 51.380686
2012000 1041.8225 51.373408
2012200 1041.9241 51.376338
2012400 1042.0156 51.374887
2012600 1042.0922 51.374773
2012800 1042.1845 51.378689
2013000 1042.2714 51.372004
2013200 1042.3494 51.377485
2013400 1042.4326 51.380807
2013600 1042.5162 51.374552
2013800 1042.5888 51.359711
2014000 1042.6885 51.376401
2014200 1042.7957 51.39118
2014400 1042.8853 51.39645
2014600 1042.9709 51.395611
2014800 1043.079 51.384043
2015000 1043.1675 51.393991
2015200 1043.2434 51.405118
2015400 1043.3158 51.396112
2015600 1043.4115 51.395472
2015800 1043.4892 51.398403
2016000 1043.5762 51.394611
2016200 1043.684 51.38372
2016400 1043.7601 51.359482
2016600 1043.8471 51.346018
2016800 1043.9256 51.326242
2017000 1043.9989 51.312154
2017200 1044.0842 51.297875
2017400 1044.1544 51.279301
2017600 1044.24 51.275628
2017800 1044.3182 51.251413
2018000 1044.4014 51.249298
2018200 1044.4863 51.225096
2018400 1044.5888 51.216496
2018600 1044.6744 51.218888
2018800 1044.7548 51.234762
2019000 1044.8329 51.21535
2019200 1044.9161 51.209199
2019400 1045.0077 51.210703
2019600 1045.0938 51.206195
2019800 1045.1934 51.201152
2020000 1045.2874 51.20652
2020200 1045.3857 51.187699
2020400 1045.4828 51.175545
2020600 1045.5799 51.153228
2020800 1045.6874 51.144165
2021000 1045.7822 51.120897
2021200 1045.8696 51.114932
2021400 1045.9717 51.107667
2021600 1046.0472 51.10643
2021800 1046.1427 51.105678
2022000 1046.2516 51.092566
2022200 1046.3432 51.076995
2022400 1046.4466 51.055939
2022600 1046.5474 51.038897
2022800 1046.6427 51.031793
2023000 1046.744 51.021541
2023200 1046.8422 51.013195
2023400 1046.9415 51.005422
2023600 1047.0518 51.006785
2023800 1047.1333 51.019074
2024000 1047.2291 51.010131
2024200 1047.3257 51.006244
2024400 1047.4122 51.003239
2024600 1047.5088 50.994527
2024800 1047.5875 50.991872
2025000 1047.6773 50.993613
2025200 1047.7643 50.995734
2025400 1047.8569 51.001118
2025600 1047.9541 50.993468
2025800 1048.0477 50.991202
2026000 1048.1533 50.983972
2026200 1048.2288 50.973655
2026400 1048.3366 50.962858
2026600 1048.4363 50.956666
2026800 1048.5461 50.953562
2027000 1048.6412 50.938577
2027200 1048.7229 50.942861
2027400 1048.8164 50.929518
2027600 1048.9064 50.931707
2027800 1049.0127 50.936194
2028000 1049.1174 50.932206
2028200 1049.2025 50.924055
2028400 1049.2966 50.919598
2028600 1049.3943 50.919567
2028800 1049.4892 50.913391
2029000 1049.5757 50.900113
2029200 1049.6726 50.908486
2029400 1049.7578 50.904853
2029600 1049.8495 50.904069
2029800 1049.9455 50.913107
2030000 1050.0388 50.914664
2030200 1050.149 50.93038
2030400 1050.2351 50.934806
2030600 1050.344 50.924196
2030800 1050.4484 50.912879
2031000 1050.5493 50.91169
2031200 1050.6614 50.897135
2031400 1050.7625 50.888398
2031600 1050.8572 50.87493
2031800 1050.943 50.87023
2032000 1051.0415 50.863335
2032200 1051.1309 50.855898
2032400 1051.2297 50.850559
2032600 1051.3206 50.849042
2032800 1051.4284 50.831227
2033000 1051.5363 50.828473
2033200 1051.6201 50.818728
2033400 1051.6899 50.834348
2033600 1051.7776 50.831975
2033800 1051.8631 50.822447
2034000 1051.9355 50.818364
2034200 1052.0254 50.825197
2034400 1052.1107 50.831284
2034600 1052.2042 50.837015
2034800 1052.2941 50.830108
2035000 1052.3934 50.831601
2035200 1052.4989 50.844628
2035400 1052.6005 50.843282
2035600 1052.6924 50.835422
2035800 1052.7803 50.845959
2036000 1052.8606 50.840308
2036200 1052.9534 50.83696
2036400 1053.0405 50.827341
2036600 1053.1362 50.832537
2036800 1053.2286 50.835682
2037000 1053.3136 50.838972
2037200 1053.3872 50.826348
2037400 1053.479 50.814262
2037600 1053.5812 50.831231
2037800 1053.6826 50.825121
2038000 1053.7678 50.842074
2038200 1053.8742 50.840897
2038400 1053.9609 50.831965
2038600 1054.0533 50.813209
2038800 1054.1315 50.827771
2039000 1054.23 50.81556
2039200 1054.3299 50.82049
2039400 1054.4366 50.824887
2039600 1054.5352 50.81999
2039800 1054.6349 50.825364
2040000 1054.7196 50.831215
2040200 1054.8054 50.853684
2040400 1054.9128 50.858473
2040600 1055.0305 50.844314
2040800 1055.1409 50.83169
2041000 1055.2434 50.818528
2041200 1055.3303 50.812447
2041400 1055.429 50.811433
2041600 1055.5282 50.814534
2041800 1055.6123 50.803874
2042000 1055.7186 50.813602
2042200 1055.8062 50.802615
2042400 1055.8954 50.800485
2042600 1055.9826 50.79876
2042800 1056.0684 50.782133
2043000 1056.1405 50.775689
2043200 1056.2292 50.768618
2043400 1056.3122 50.735954
2043600 1056.4055 50.729752
2043800 1056.4967 50.720895
2044000 1056.5762 50.702387
2044200 1056.6545 50.70284
2044400 1056.7394 50.69672
2044600 1056.8363 50.697491
2044800 1056.9139 50.694449
2045000 1057.0161 50.688578
2045200 1057.0955 50.680759
2045400 1057.1899 50.676436
2045600 1057.2961 50.688294
2045800 1057.3757 50.713126
2046000 1057.4609 50.725608
2046200 1057.546 50.730165
2046400 1057.6211 50.739362
2046600 1057.7087 50.74483
2046800 1057.7862 50.753842
2047000 1057.8588 50.764838
2047200 1057.9167 50.78325
2047400 1057.9876 50.791193
2047600 1058.0688 50.793735
2047800 1058.1604 50.818492
2048000 1058.2459 50.844974
2048200 1058.332 50.834549
2048400 1058.4137 50.840606
2048600 1058.509 50.84209
2048800 1058.5961 50.831478
2049000 1058.686 50.84523
2049200 1058.7703 50.835297
2049400 1058.8634 50.81584
2049600 1058.9588 50.806272
2049800 1059.0576 50.803764
2050000 1059.1581 50.800415
2050200 1059.2445 50.804018
2050400 1059.3284 50.800861
2050600 1059.4121 50.791397
2050800 1059.5086 50.805121
2051000 1059.6219 50.804596
2051200 1059.7129 50.80346
2051400 1059.8201 50.812373
2051600 1059.8958 50.809565
2051800 1059.989 50.80813
2052000 1060.0882 50.803704
2052200 1060.1847 50.803875
2052400 1060.2977 50.783056
2052600 1060.3963 50.774624
2052800 1060.4971 50.770127
2053000 1060.5868 50.754272
2053200 1060.675 50.736992
2053400 1060.784 50.725852
2053600 1060.8849 50.737378
2053800 1060.9935 50.745492
2054000 1061.0947 50.736355
2054200 1061.2022 50.71972
2054400 1061.2971 50.728911
2054600 1061.4004 50.73086
2054800 1061.4977 50.711719
2055000 1061.6029 50.691215
2055200 1061.7067 50.704492
2055400 1061.8262 50.709446
2055600 1061.9469 50.698782
2055800 1062.0476 50.691137
2056000 1062.1581 50.680278
2056200 1062.2719 50.668447
2056400 1062.3723 50.665057
2056600 1062.4755 50.644469
2056800 1062.5944 50.624029
2057000 1062.698 50.608932
2057200 1062.778 50.603872
2057400 1062.8737 50.583274
2057600 1062.997 50.574564
2057800 1063.1211 50.581286
2058000 1063.2332 50.575787
2058200 1063.3433 50.57621
2058400 1063.4467 50.57922
2058600 1063.5475 50.578992
2058800 1063.6354 50.57425
2059000 1063.7399 50.572647
2059200 1063.8439 50.560788
2059400 1063.9509 50.570081
2059600 1064.0374 50.559759
2059800 1064.1446 50.568541
2060000 1064.2501 50.552446
2060200 1064.3707 50.548632
2060400 1064.4893 50.536055
2060600 1064.5942 50.521539
2060800 1064.6982 50.529748
2061000 1064.8197 50.521822
2061200 1064.9227 50.51917
2061400 1065.0297 50.514744
2061600 1065.1248 50.532836
2061800 1065.2151 50.539564
2062000 1065.3374 50.536587
2062200 1065.4444 50.538612
2062400 1065.5661 50.541542
2062600 1065.6701 50.533307
2062800 1065.7621 50.529102
2063000 1065.8569 50.531355
2063200 1065.9638 50.532841
2063400 1066.0832 50.538362
2063600 1066.2024 50.53718
2063800 1066.3114 50.549666
2064000 1066.4109 50.532395
2064200 1066.5248 50.525466
2064400 1066.6294 50.530561
2064600 1066.7353 50.535272
2064800 1066.8368 50.513957
2065000 1066.9441 50.521421
2065200 1067.0536 50.539771
2065400 1067.1487 50.553458
2065600 1067.2726 50.555355
2065800 1067.3768 50.552313
2066000 1067.4762 50.555971
2066200 1067.5777 50.539085
2066400 1067.689 50.541782
2066600 1067.8011 50.529905
2066800 1067.8968 50.52102
2067000 1067.9893 50.523232
2067200 1068.0976 50.535317
2067400 1068.1983 50.530562
2067600 1068.3057 50.538053
2067800 1068.3901 50.54419
2068000 1068.4803 50.548261
2068200 1068.5651 50.560296
2068400 1068.662 50.559081
2068600 1068.7733 50.543222
2068800 1068.8983 50.561632
2069000 1069.0056 50.572665
2069200 1069.1082 50.566163
2069400 1069.2156 50.571555
2069600 1069.3264 50.5538
2069800 1069.4312 50.538014
2070000 1069.5478 50.537568
2070200 1069.6487 50.53351
2070400 1069.7554 50.553573
2070600 1069.8606 50.545366
2070800 1069.9753 50.524451
2071000 1070.087 50.522172
2071200 1070.2093 50.518873
2071400 1070.3149 50.520359
2071600 1070.4229 50.521603
2071800 1070.5213 50.521074
2072000 1070.6308 50.52522
2072200 1070.7303 50.541378
2072400 1070.8362 50.535676
2072600 1070.9371 50.533528
2072800 1071.0414 50.530603
2073000 1071.1349 50.530181
2073200 1071.2236 50.539956
2073400 1071.3327 50.543711
2073600 1071.4291 50.549006
2073800 1071.5426 50.540834
2074000 1071.6629 50.537727
2074200 1071.8026 50.544751
2074400 1071.9023 50.525802
2074600 1072.0225 50.540151
2074800 1072.1323 50.544087
2075000 1072.2305 50.539509
2075200 1072.3228 50.531452
2075400 1072.4008 50.532715
2075600 1072.5016 50.519837
2075800 1072.5863 50.513415
2076000 1072.6721 50.514027
2076200 1072.7464 50.524521
2076400 1072.8275 50.515619
2076600 1072.9084 50.509023
2076800 1073.0031 50.508642
2077000 1073.1115 50.502116
2077200 1073.2076 50.507391
2077400 1073.3034 50.501892
2077600 1073.3869 50.490094
2077800 1073.4794 50.486392
2078000 1073.5811 50.476887
2078200 1073.6854 50.49277
2078400 1073.7923 50.496541
2078600 1073.8918 50.490879
2078800 1073.9773 50.479993
2079000 1074.0733 50.472506
2079200 1074.1625 50.462873
2079400 1074.2572 50.451752
2079600 1074.3434 50.458738
2079800 1074.4226 50.446561
2080000 1074.5076 50.442754
2080200 1074.5851 50.439069
2080400 1074.6633 50.443162
2080600 1074.7672 50.434276
2080800 1074.8749 50.447854
2081000 1074.9806 50.478015
2081200 1075.0752 50.481046
2081400 1075.1631 50.488534
2081600 1075.265 50.494698
2081800 1075.3715 50.487531
2082000 1075.4911 50.47853
2082200 1075.5905 50.483691
2082400 1075.6974 50.471802
2082600 1075.7797 50.476262
2082800 1075.8661 50.496218
2083000 1075.9635 50.494461
2083200 1076.0572 50.490333
2083400 1076.1448 50.470236
2083600 1076.2411 50.485884
2083800 1076.3286 50.503941
2084000 1076.4188 50.519586
2084200 1076.5117 50.526196
2084400 1076.6131 50.535169
2084600 1076.711 50.520104
2084800 1076.8197 50.515207
2085000 1076.9225 50.507799
2085200 1077.024 50.511082
2085400 1077.1231 50.515575
2085600 1077.2248 50.520273
2085800 1077.323 50.540312
2086000 1077.4462 50.532088
2086200 1077.5493 50.524538
2086400 1077.64 50.534386
2086600 1077.7257 50.540282
2086800 1077.8313 50.538016
2087000 1077.9355 50.520038
2087200 1078.0547 50.530905
2087400 1078.1645 50.532637
2087600 1078.2615 50.521976
2087800 1078.3574 50.524158
2088000 1078.4594 50.54137
2088200 1078.5562 50.531502
2088400 1078.6612 50.535338
2088600 1078.7458 50.549542
2088800 1078.8419 50.56502
2089000 1078.9406 50.584088
2089200 1079.0286 50.59536
2089400 1079.1301 50.614853
2089600 1079.2261 50.631216
2089800 1079.3144 50.669475
2090000 1079.4235 50.665336
2090200 1079.5285 50.674993
2090400 1079.6406 50.683132
2090600 1079.7437 50.699135
2090800 1079.8389 50.701427
2091000 1079.9718 50.690423
2091200 1080.0731 50.707029
2091400 1080.1786 50.725616
2091600 1080.2989 50.724971
2091800 1080.4073 50.731256
2092000 1080.5146 50.750466
2092200 1080.6122 50.761848
2092400 1080.7114 50.783757
2092600 1080.8167 50.785397
2092800 1080.9326 50.777491
2093000 1081.041 50.792463
2093200 1081.1417 50.780826
2093400 1081.2365 50.798016
2093600 1081.3403 50.799973
2093800 1081.4418 50.83631
2094000 1081.562 50.844159
2094200 1081.6566 50.867934
2094400 1081.7696 50.875303
2094600 1081.8689 50.877217
2094800 1081.9763 50.882908
2095000 1082.0778 50.887818
2095200 1082.1873 50.880703
2095400 1082.3024 50.889251
2095600 1082.4141 50.891207
2095800 1082.5231 50.889983
2096000 1082.6148 50.897958
2096200 1082.7135 50.890315
2096400 1082.8047 50.912463
2096600 1082.8981 50.91279
2096800 1083.003 50.908996
2097000 1083.1071 50.908766
2097200 1083.2164 50.922116
2097400 1083.2983 50.93442
2097600 1083.4015 50.963633
2097800 1083.5148 50.97038
2098000 1083.6176 50.98885
2098200 1083.7123 50.987435
2098400 1083.8211 50.997367
2098600 1083.9232 50.989753
2098800 1084.0337 51.0192
2099000 1084.1303 51.033932
2099200 1084.2121 51.041795
2099400 1084.2986 51.04389
2099600 1084.3978 51.052782
2099800 1084.5013 51.054952
2100000 1084.601 51.062597
2100200 1084.6827 51.076383
2100400 1084.7752 51.06946
2100600 1084.8863 51.083693
2100800 1084.9824 51.089662
2101000 1085.0761 51.087543
2101200 1085.1673 51.088062
2101400 1085.2622 51.103582
2101600 1085.3458 51.112957
2101800 1085.441 51.126604
2102000 1085.5242 51.125594
2102200 1085.6297 51.128399
2102400 1085.7261 51.142888
2102600 1085.8126 51.145871
2102800 1085.9082 51.146193
2103000 1085.9962 51.154962
2103200 1086.082 51.17514
2103400 1086.1781 51.179742
2103600 1086.2693 51.182818
2103800 1086.376 51.17027
2104000 1086.4757 51.16887
2104200 1086.5685 51.167323
2104400 1086.6613 51.180848
2104600 1086.7623 51.163763
2104800 1086.8738 51.162122
2105000 1086.9752 51.1506
2105200 1087.0837 51.151739
2105400 1087.2037 51.168829
2105600 1087.3083 51.160375
2105800 1087.4042 51.152604
2106000 1087.4871 51.145936
2106200 1087.5809 51.131626
2106400 1087.6804 51.122522
2106600 1087.7866 51.134141
2106800 1087.8779 51.124764
2107000 1087.9674 51.103041
2107200 1088.0638 51.098843
2107400 1088.1716 51.094727
2107600 1088.2576 51.101417
2107800 1088.3493 51.092771
2108000 1088.4416 51.113535
2108200 1088.5282 51.107331
2108400 1088.6326 51.107623
2108600 1088.7348 51.121569
2108800 1088.8384 51.133815
2109000 1088.9416 51.125596
2109200 1089.027 51.120366
2109400 1089.1129 51.136007
2109600 1089.2074 51.141407
2109800 1089.2896 51.159525
2110000 1089.3781 51.16425
2110200 1089.4439 51.158184
2110400 1089.5288 51.185322
2110600 1089.6025 51.196646
2110800 1089.6912 51.21134
2111000 1089.7874 51.215311
2111200 1089.8767 51.214764
2111400 1089.9843 51.222421
2111600 1090.0918 51.217059
2111800 1090.2063 51.221422
2112000 1090.2971 51.220315
2112200 1090.3828 51.207441
2112400 1090.4737 51.206856
2112600 1090.5598 51.204247
2112800 1090.6571 51.198793
2113000 1090.7417 51.194721
2113200 1090.8374 51.182296
2113400 1090.9263 51.176838
2113600 1091.0157 51.17396
2113800 1091.1136 51.173727
2114000 1091.2083 51.157353
2114200 1091.2904 51.156211
2114400 1091.3696 51.169001
2114600 1091.4642 51.177947
2114800 1091.5671 51.159932
2115000 1091.66 51.156982
2115200 1091.7521 51.151612
2115400 1091.8379 51.139279
2115600 1091.9154 51.131409
2115800 1092.005 51.11342
2116000 1092.0941 51.095649
2116200 1092.1685 51.090382
2116400 1092.2592 51.105362
2116600 1092.3469 51.110101
2116800 1092.4238 51.128456
2117000 1092.5015 51.120207
2117200 1092.5998 51.111729
2117400 1092.6759 51.112099
2117600 1092.7709 51.113616
2117800 1092.8692 51.109429
2118000 1092.9601 51.114219
2118200 1093.0653 51.1249
2118400 1093.1575 51.132878
2118600 1093.2597 51.126567
2118800 1093.3307 51.118039
2119000 1093.4183 51.119482
2119200 1093.5044 51.109283
2119400 1093.5779 51.114618
2119600 1093.6641 51.110982
2119800 1093.7436 51.108068
2120000 1093.8273 51.112613
2120200 1093.9226 51.127776
2120400 1094.0026 51.127043
2120600 1094.0937 51.149805
2120800 1094.1885 51.154435
2121000 1094.2866 51.159762
2121200 1094.3601 51.163918
2121400 1094.4583 51.168847
2121600 1094.536 51.158226
2121800 1094.631 51.157943
2122000 1094.7199 51.158422
2122200 1094.823 51.181298
2122400 1094.9268 51.206046
2122600 1095.0387 51.212917
2122800 1095.1255 51.236523
2123000 1095.2149 51.244453
2123200 1095.3008 51.250199
2123400 1095.3856 51.26035
2123600 1095.4893 51.267232
2123800 1095.5888 51.2731
2124000 1095.6838 51.27371
2124200 1095.7768 51.277029
2124400 1095.8821 51.274005
2124600 1095.98 51.296345
2124800 1096.0988 51.315329
2125000 1096.2072 51.334992
2125200 1096.3132 51.355536
2125400 1096.4204 51.375583
2125600 1096.5468 51.398294
2125800 1096.6576 51.406699
2126000 1096.7658 51.407503
2126200 1096.849 51.415084
2126400 1096.9509 51.430407
2126600 1097.063 51.450763
2126800 1097.163 51.468761
2127000 1097.2659 51.481263
2127200 1097.3716 51.496357
2127400 1097.4667 51.506446
2127600 1097.5574 51.532597
2127800 1097.6472 51.549066
2128000 1097.7559 51.532066
2128200 1097.8591 51.540917
2128400 1097.9717 51.553628
2128600 1098.0873 51.570637
2128800 1098.1963 51.599479
2129000 1098.3055 51.616808
2129200 1098.4196 51.643052
2129400 1098.5111 51.673976
2129600 1098.6111 51.687377
2129800 1098.7074 51.704155
2130000 1098.7972 51.724809
2130200 1098.8936 51.734052
2130400 1098.9879 51.75501
2130600 1099.0945 51.798244
2130800 1099.2087 51.830292
2131000 1099.3016 51.855145
2131200 1099.4033 51.87661
2131400 1099.5055 51.892603
2131600 1099.6072 51.888601
2131800 1099.7232 51.8862
2132000 1099.8275 51.891572
2132200 1099.9218 51.91645
2132400 1100.0387 51.932753
2132600 1100.1518 51.975805
2132800 1100.2511 51.990417
2133000 1100.3526 52.016898
2133200 1100.4565 52.03034
2133400 1100.5633 52.047349
2133600 1100.672 52.070769
2133800 1100.7837 52.088654
2134000 1100.8844 52.126682
2134200 1100.9938 52.142
2134400 1101.0857 52.147428
2134600 1101.1927 52.192778
2134800 1101.2762 52.226109
2135000 1101.3679 52.245653
2135200 1101.4735 52.245378
2135400 1101.5743 52.252255
2135600 1101.6815 52.27992
2135800 1101.7649 52.291568
2136000 1101.8551 52.301622
2136200 1101.9768 52.333188
2136400 1102.08 52.374033
2136600 1102.192 52.411218
2136800 1102.3013 52.439697
2137000 1102.4083 52.466795
2137200 1102.5112 52.50493
2137400 1102.6259 52.54924
2137600 1102.7202 52.586464
2137800 1102.8409 52.619079
2138000 1102.9344 52.626535
2138200 1103.0384 52.666177
2138400 1103.1614 52.702773
2138600 1103.2585 52.723763
2138800 1103.3694 52.746201
2139000 1103.4672 52.758867
2139200 1103.5723 52.784484
2139400 1103.6779 52.810546
2139600 1103.797 52.838595
2139800 1103.9206 52.850265
2140000 1104.0324 52.871451
2140200 1104.1443 52.901132
2140400 1104.2656 52.935848
2140600 1104.3874 52.965771
2140800 1104.5163 52.988262
2141000 1104.6248 53.027989
2141200 1104.7309 53.063008
2141400 1104.8556 53.081198
2141600 1104.9805 53.108741
2141800 1105.0957 53.151923
2142000 1105.2221 53.168431
2142200 1105.3468 53.211625
2142400 1105.4708 53.234326
2142600 1105.5599 53.258837
2142800 1105.6665 53.307113
2143000 1105.7821 53.342634
2143200 1105.9036 53.375233
2143400 1106.0137 53.419177
2143600 1106.13 53.45906
2143800 1106.243 53.475867
2144000 1106.3424 53.511362
2144200 1106.4577 53.539362
2144400 1106.5561 53.580426
2144600 1106.6682 53.611889
2144800 1106.7925 53.633928
2145000 1106.9083 53.669943
2145200 1107.0223 53.700345
2145400 1107.1295 53.741277
2145600 1107.2321 53.791471
2145800 1107.363 53.83811
2146000 1107.4816 53.855182
2146200 1107.5975 53.876655
2146400 1107.7089 53.892543
2146600 1107.8271 53.933899
2146800 1107.939 53.954869
2147000 1108.0583 53.985176
2147200 1108.1765 54.019517
2147400 1108.2829 54.057861
2147600 1108.3878 54.083219
2147800 1108.5028 54.110905
2148000 1108.6151 54.12291
2148200 1108.7299 54.15988
2148400 1108.8504 54.176844
2148600 1108.9623 54.208221
2148800 1109.0937 54.246624
2149000 1109.2158 54.285126
2149200 1109.3459 54.331802
2149400 1109.4698 54.358223
2149600 1109.5678 54.394228
2149800 1109.6827 54.424839
2150000 1109.7941 54.460708
2150200 1109.9143 54.488455
2150400 1110.0299 54.526973
2150600 1110.154 54.565886
2150800 1110.2538 54.609691
2151000 1110.3729 54.643299
2151200 1110.5012 54.695358
2151400 1110.6152 54.716329
2151600 1110.7487 54.754611
2151800 1110.8717 54.784792
2152000 1110.9787 54.818361
2152200 1111.1088 54.8642
2152400 1111.2214 54.902309
2152600 1111.3373 54.94288
2152800 1111.4719 54.983438
2153000 1111.5938 55.029429
2153200 1111.698 55.061985
2153400 1111.8195 55.088666
2153600 1111.9443 55.131481
2153800 1112.0424 55.170238
2154000 1112.1608 55.211945
2154200 1112.2795 55.247672
2154400 1112.4215 55.284332
2154600 1112.5577 55.313477
2154800 1112.6715 55.334858
2155000 1112.7967 55.388983
2155200 1112.9069 55.425337
2155400 1113.0359 55.471029
2155600 1113.1726 55.515907
2155800 1113.2981 55.530447
2156000 1113.4062 55.574514
2156200 1113.5159 55.626911
2156400 1113.6528 55.653635
2156600 1113.7677 55.693495
2156800 1113.8907 55.724841
2157000 1114.0174 55.75416
2157200 1114.124 55.777454
2157400 1114.2363 55.794714
2157600 1114.3395 55.835388
2157800 1114.4445 55.863894
2158000 1114.5648 55.89955
2158200 1114.6766 55.952892
2158400 1114.8057 55.993207
2158600 1114.9245 56.037596
2158800 1115.0567 56.078871
2159000 1115.1869 56.120512
2159200 1115.3217 56.157935
2159400 1115.4545 56.21184
2159600 1115.5746 56.244391
2159800 1115.7139 56.284703
2160000 1115.8448 56.319518
2160200 1115.9563 56.370148
2160400 1116.0809 56.437483
2160600 1116.2096 56.485998
2160800 1116.3443 56.533137
2161000 1116.4752 56.571862
2161200 1116.595 56.61806
2161400 1116.7305 56.648635
2161600 1116.858 56.681801
2161800 1116.9838 56.74584
2162000 1117.0934 56.801364
2162200 1117.2011 56.861044
2162400 1117.3331 56.909853
2162600 1117.4573 56.950578
2162800 1117.5871 56.997302
2163000 1117.7272 57.050255
2163200 1117.8806 57.093797
2163400 1118.0173 57.114357
2163600 1118.1646 57.159678
2163800 1118.2906 57.205697
2164000 1118.4258 57.2629
2164200 1118.5575 57.314211
2164400 1118.6924 57.353234
2164600 1118.8249 57.391734
2164800 1118.9479 57.446919
2165000 1119.092 57.490842
2165200 1119.2158 57.5198
2165400 1119.3584 57.571578
2165600 1119.4621 57.616911
2165800 1119.5887 57.645521
2166000 1119.7039 57.686619
2166200 1119.8376 57.738363
2166400 1119.9509 57.776724
2166600 1120.085 57.802752
2166800 1120.2175 57.878944
2167000 1120.3496 57.935516
2167200 1120.468 57.968423
2167400 1120.5757 58.012972
2167600 1120.6953 58.047421
2167800 1120.8218 58.098581
2168000 1120.9477 58.162499
2168200 1121.0815 58.216227
2168400 1121.2235 58.269274
2168600 1121.3579 58.320432
2168800 1121.4889 58.369759
2169000 1121.6286 58.40438
2169200 1121.7538 58.444381
2169400 1121.885 58.482638
2169600 1122.0156 58.509959
2169800 1122.147 58.551437
2170000 1122.2695 58.597822
2170200 1122.3749 58.635796
2170400 1122.495 58.68201
2170600 1122.6314 58.728306
2170800 1122.7686 58.772559
2171000 1122.9038 58.809238
2171200 1123.0282 58.841908
2171400 1123.1441 58.865177
2171600 1123.2816 58.926169
2171800 1123.426 58.974779
2172000 1123.5254 59.007091
2172200 1123.6403 59.053324
2172400 1123.7526 59.092179
2172600 1123.8704 59.132512
2172800 1123.9776 59.191232
2173000 1124.0949 59.230233
2173200 1124.2103 59.260357
2173400 1124.3284 59.295679
2173600 1124.4417 59.344252
2173800 1124.554 59.405462
2174000 1124.6606 59.453225
2174200 1124.7596 59.502932
2174400 1124.8583 59.555741
2174600 1124.9841 59.613917
2174800 1125.1029 59.661061
2175000 1125.2211 59.705833
2175200 1125.3382 59.758012
2175400 1125.4676 59.794365
2175600 1125.5973 59.835113
2175800 1125.7191 59.887661
2176000 1125.8544 59.917811
2176200 1125.9792 59.958764
2176400 1126.0946 59.994798
2176600 1126.2238 60.03674
2176800 1126.3598 60.069328
2177000 1126.4913 60.100857
2177200 1126.6126 60.153143
2177400 1126.7465 60.186174
2177600 1126.8576 60.231135
2177800 1126.9696 60.273609
2178000 1127.1111 60.317087
2178200 1127.2448 60.35142
2178400 1127.3779 60.381212
2178600 1127.5179 60.395885
2178800 1127.6548 60.434825
2179000 1127.7743 60.478314
2179200 1127.8873 60.52207
2179400 1127.9999 60.559832
2179600 1128.1369 60.603733
2179800 1128.2706 60.642106
2180000 1128.3928 60.706488
2180200 1128.5167 60.758485
2180400 1128.6374 60.786977
2180600 1128.7615 60.835626
2180800 1128.8657 60.875744
2181000 1129.0064 60.912405
2181200 1129.1278 60.948746
2181400 1129.2527 60.990573
2181600 1129.3747 61.037258
2181800 1129.4968 61.073452
2182000 1129.6307 61.121902
2182200 1129.7519 61.17617
2182400 1129.8865 61.224733
2182600 1130.0062 61.277991
2182800 1130.1335 61.306773
2183000 1130.257 61.330618
2183200 1130.3866 61.361391
2183400 1130.5143 61.38983
2183600 1130.658 61.440475
2183800 1130.7772 61.483796
2184000 1130.8906 61.53956
2184200 1131.0151 61.603355
2184400 1131.1337 61.658831
2184600 1131.2601 61.716606
2184800 1131.3732 61.757046
2185000 1131.4861 61.813701
2185200 1131.6504 61.854607
2185400 1131.7641 61.916704
2185600 1131.8845 61.964875
2185800 1132.0044 62.024055
2186000 1132.1222 62.062463
2186200 1132.2557 62.118115
2186400 1132.3798 62.149741
2186600 1132.5114 62.193895
2186800 1132.6268 62.222185
2187000 1132.761 62.262312
2187200 1132.8661 62.326064
2187400 1133.0034 62.37558
2187600 1133.1337 62.430787
2187800 1133.2517 62.476013
2188000 1133.3766 62.526161
2188200 1133.5032 62.578455
2188400 1133.623 62.621631
2188600 1133.7448 62.662828
2188800 1133.8686 62.718516
2189000 1133.9781 62.75045
2189200 1134.1054 62.811623
2189400 1134.2327 62.856423
2189600 1134.3554 62.912366
2189800 1134.4736 62.94884
2190000 1134.5852 62.973799
2190200 1134.7 63.023793
2190400 1134.8203 63.054191
2190600 1134.9212 63.102587
2190800 1135.0349 63.15907
2191000 1135.1473 63.207841
2191200 1135.2553 63.255157
2191400 1135.3871 63.297911
2191600 1135.4982 63.357118
2191800 1135.5979 63.403966
2192000 1135.7059 63.471072
2192200 1135.8111 63.527258
2192400 1135.9115 63.580794
2192600 1136.0248 63.626259
2192800 1136.1374 63.662754
2193000 1136.2589 63.723638
2193200 1136.361 63.760621
2193400 1136.4824 63.788223
2193600 1136.6145 63.839296
2193800 1136.7407 63.868103
2194000 1136.8504 63.896831
2194200 1136.9675 63.947537
2194400 1137.0948 63.984571
2194600 1137.2349 64.02459
2194800 1137.353 64.065283
2195000 1137.4917 64.100896
2195200 1137.6312 64.15308
2195400 1137.7617 64.203052
2195600 1137.8846 64.240472
2195800 1137.9889 64.282652
2196000 1138.1119 64.326784
2196200 1138.2324 64.385712
2196400 1138.3627 64.419941
2196600 1138.4692 64.461253
2196800 1138.567 64.521165
2197000 1138.6703 64.551895
2197200 1138.7786 64.573432
2197400 1138.8858 64.611751
2197600 1139.0065 64.647755
2197800 1139.1342 64.684771
2198000 1139.261 64.725435
2198200 1139.4078 64.770972
2198400 1139.5307 64.817935
2198600 1139.6552 64.868845
2198800 1139.7748 64.918004
2199000 1139.8789 64.960267
2199200 1140.0149 65.002421
2199400 1140.1463 65.055852
2199600 1140.2695 65.096051
2199800 1140.3666 65.157726
2200000 1140.4747 65.209336
2200200 1140.5933 65.254763
2200400 1140.7116 65.314021
2200600 1140.8264 65.352625
2200800 1140.9566 65.386758
2201000 1141.0747 65.441194
2201200 1141.2134 65.497507
2201400 1141.3452 65.550038
2201600 1141.4714 65.592954
2201800 1141.5961 65.64353
2202000 1141.7138 65.693517
2202200 1141.8147 65.745595
2202400 1141.9144 65.783372
2202600 1142.0266 65.838955
2202800 1142.1394 65.887237
2203000 1142.248 65.918619
2203200 1142.3616 65.974558
2203400 1142.4904 66.000725
2203600 1142.608 66.047244
2203800 1142.718 66.114695
2204000 1142.8254 66.173657
2204200 1142.9425 66.22572
2204400 1143.0644 66.266296
2204600 1143.1856 66.309055
2204800 1143.3095 66.356956
2205000 1143.4263 66.400294
2205200 1143.531 66.444159
2205400 1143.6262 66.479519
2205600 1143.726 66.532131
2205800 1143.8325 66.586653
2206000 1143.9274 66.627494
2206200 1144.0113 66.682809
2206400 1144.0996 66.731549
2206600 1144.2052 66.771331
2206800 1144.3145 66.820719
2207000 1144.4068 66.856438
2207200 1144.5212 66.903361
2207400 1144.645 66.95945
2207600 1144.75 67.011457
2207800 1144.8611 67.060245
2208000 1144.9711 67.095281
2208200 1145.0829 67.154761
2208400 1145.1696 67.206917
2208600 1145.2712 67.263626
2208800 1145.3913 67.308307
2209000 1145.4791 67.352842
2209200 1145.5693 67.407216
2209400 1145.6899 67.454718
2209600 1145.7936 67.503105
2209800 1145.9076 67.54719
2210000 1146.0139 67.599863
2210200 1146.1265 67.646614
2210400 1146.2266 67.695486
2210600 1146.3297 67.763296
2210800 1146.436 67.818399
2211000 1146.5347 67.85992
2211200 1146.6636 67.889837
2211400 1146.7573 67.91623
2211600 1146.8703 67.949615
2211800 1146.9849 68.011464
2212000 1147.0894 68.046903
2212200 1147.2174 68.093973
2212400 1147.3463 68.117699
2212600 1147.497 68.130572
2212800 1147.626 68.165081
2213000 1147.7401 68.194861
2213200 1147.8524 68.236057
2213400 1147.9806 68.28512
2213600 1148.1128 68.352151
2213800 1148.2054 68.379375
2214000 1148.3258 68.412019
2214200 1148.4447 68.449233
2214400 1148.5558 68.48047
2214600 1148.6612 68.526
2214800 1148.7904 68.578765
2215000 1148.9129 68.615809
2215200 1149.0161 68.666077
2215400 1149.1187 68.714029
2215600 1149.2212 68.758162
2215800 1149.3558 68.796203
2216000 1149.4874 68.838589
2216200 1149.6051 68.878437
2216400 1149.7282 68.928351
2216600 1149.8528 68.976007
2216800 1149.9553 69.026929
2217000 1150.063 69.067106
2217200 1150.1831 69.089154
2217400 1150.3044 69.111878
2217600 1150.4286 69.148378
2217800 1150.5351 69.193168
2218000 1150.649 69.24373
2218200 1150.783 69.268576
2218400 1150.8919 69.291726
2218600 1150.9931 69.303205
2218800 1151.0993 69.326083
2219000 1151.2062 69.370116
2219200 1151.3127 69.404098
2219400 1151.4207 69.435162
2219600 1151.5346 69.473922
2219800 1151.6594 69.511846
2220000 1151.7667 69.54614
2220200 1151.8935 69.602841
2220400 1151.9971 69.63719
2220600 1152.1069 69.670615
2220800 1152.2164 69.704069
2221000 1152.3315 69.750466
2221200 1152.4213 69.774059
2221400 1152.5254 69.784242
2221600 1152.6254 69.803479
2221800 1152.7343 69.843157
2222000 1152.8565 69.892287
2222200 1152.9535 69.946025
2222400 1153.0639 69.9901
2222600 1153.1858 70.024005
2222800 1153.31 70.068404
2223000 1153.4228 70.108712
2223200 1153.5521 70.138409
2223400 1153.665 70.188765
2223600 1153.7869 70.227284
2223800 1153.8899 70.263423
2224000 1154.0145 70.285698
2224200 1154.1248 70.33795
2224400 1154.2318 70.372217
2224600 1154.3466 70.422698
2224800 1154.4707 70.453715
2225000 1154.5782 70.483892
2225200 1154.7012 70.526229
2225400 1154.824 70.55619
2225600 1154.9454 70.60646
2225800 1155.0734 70.656849
2226000 1155.1668 70.704224
2226200 1155.2935 70.751399
2226400 1155.4255 70.793749
2226600 1155.5363 70.832033
2226800 1155.6554 70.854192
2227000 1155.7822 70.88408
2227200 1155.9018 70.91775
2227400 1156.0089 70.950817
2227600 1156.1233 70.988602
2227800 1156.2377 71.046154
2228000 1156.3609 71.101848
2228200 1156.4734 71.145524
2228400 1156.5756 71.204408
2228600 1156.6925 71.26647
2228800 1156.8038 71.328713
2229000 1156.9156 71.373338
2229200 1157.0409 71.406201
2229400 1157.1694 71.446114
2229600 1157.3086 71.493327
2229800 1157.4315 71.550413
2230000 1157.546 71.575147
2230200 1157.6693 71.608974
2230400 1157.7907 71.647571
2230600 1157.9039 71.704209
2230800 1158.0219 71.742669
2231000 1158.1473 71.783912
2231200 1158.2772 71.820496
2231400 1158.4022 71.843832
2231600 1158.5233 71.880183
2231800 1158.661 71.931349
2232000 1158.7831 71.996286
2232200 1158.8887 72.029904
2232400 1158.9874 72.055994
2232600 1159.0968 72.088298
2232800 1159.2185 72.130665
2233000 1159.3298 72.175483
2233200 1159.4505 72.199718
2233400 1159.5574 72.229797
2233600 1159.6705 72.264272
2233800 1159.7724 72.294794
2234000 1159.8919 72.36598
2234200 1160.008 72.42008
2234400 1160.1473 72.466404
2234600 1160.2675 72.513229
2234800 1160.3945 72.567507
2235000 1160.5042 72.595827
2235200 1160.595 72.641387
2235400 1160.6931 72.694297
2235600 1160.8133 72.727062
2235800 1160.9241 72.778369
2236000 1161.0476 72.807181
2236200 1161.1824 72.838739
2236400 1161.303 72.874079
2236600 1161.4219 72.920467
2236800 1161.5342 72.952013
2237000 1161.6332 72.982281
2237200 1161.7475 73.020047
2237400 1161.8767 73.063821
2237600 1161.9951 73.093466
2237800 1162.1161 73.132817
2238000 1162.2571 73.182978
2238200 1162.3826 73.221065
2238400 1162.4816 73.259851
2238600 1162.5873 73.30393
2238800 1162.7043 73.329172
2239000 1162.816 73.382368
2239200 1162.9148 73.431415
2239400 1163.0203 73.469498
2239600 1163.1306 73.521323
2239800 1163.2453 73.559972
2240000 1163.3913 73.608198
2240200 1163.4981 73.645353
2240400 1163.6076 73.687631
2240600 1163.7369 73.730392
2240800 1163.8635 73.769185
2241000 1163.9555 73.821321
2241200 1164.0573 73.872557
2241400 1164.1725 73.92298
2241600 1164.2771 73.961948
2241800 1164.3875 73.996769
2242000 1164.4893 74.050436
2242200 1164.6026 74.07984
2242400 1164.7033 74.108099
2242600 1164.831 74.146135
2242800 1164.9482 74.195603
2243000 1165.0574 74.251706
2243200 1165.1874 74.307634
2243400 1165.2782 74.339089
2243600 1165.3823 74.388502
2243800 1165.479 74.437851
2244000 1165.5907 74.483383
2244200 1165.6894 74.522481
2244400 1165.7999 74.577736
2244600 1165.9089 74.602309
2244800 1166.0182 74.648203
2245000 1166.1302 74.704225
2245200 1166.2409 74.74362
2245400 1166.3415 74.781875
2245600 1166.4526 74.821403
2245800 1166.5652 74.855923
2246000 1166.6635 74.888804
2246200 1166.7753 74.94325
2246400 1166.8623 74.983113
2246600 1166.9857 75.025023
2246800 1167.0907 75.054834
2247000 1167.1852 75.083067
2247200 1167.2815 75.105027
2247400 1167.3739 75.152009
2247600 1167.4786 75.168557
2247800 1167.5908 75.214345
2248000 1167.6739 75.237039
2248200 1167.7701 75.287284
2248400 1167.8668 75.327969
2248600 1167.9654 75.381773
2248800 1168.0578 75.443766
2249000 1168.1779 75.480986
2249200 1168.2796 75.524562
2249400 1168.3613 75.565219
2249600 1168.4646 75.58929
2249800 1168.5704 75.634671
2250000 1168.6852 75.681241
2250200 1168.7695 75.717989
2250400 1168.8738 75.760822
2250600 1168.9755 75.807933
2250800 1169.0764 75.840989
2251000 1169.1825 75.884969
2251200 1169.2981 75.933158
2251400 1169.4016 75.976783
2251600 1169.5038 76.0275
2251800 1169.6015 76.063487
2252000 1169.6786 76.107206
2252200 1169.7828 76.142357
2252400 1169.8853 76.195578
2252600 1169.9885 76.230545
2252800 1170.1008 76.267356
2253000 1170.2005 76.299573
2253200 1170.2943 76.329983
2253400 1170.3982 76.37433
2253600 1170.5243 76.432579
2253800 1170.6314 76.485166
2254000 1170.7454 76.537051
2254200 1170.8642 76.574302
2254400 1170.9731 76.625179
2254600 1171.0903 76.674248
2254800 1171.1829 76.725511
2255000 1171.2852 76.777295
2255200 1171.3891 76.807267
2255400 1171.4859 76.824084
2255600 1171.5848 76.859782
2255800 1171.7135 76.896477
2256000 1171.8297 76.952531
2256200 1171.9518 77.005155
2256400 1172.0628 77.035884
2256600 1172.1678 77.030819
2256800 1172.2726 77.073541
2257000 1172.3757 77.121427
2257200 1172.5234 77.190499
2257400 1172.6284 77.24544
2257600 1172.7371 77.290129
2257800 1172.8558 77.327367
2258000 1172.961 77.367999
2258200 1173.0546 77.420767
2258400 1173.1599 77.460363
2258600 1173.2524 77.510778
2258800 1173.3462 77.534144
2259000 1173.4301 77.590872
2259200 1173.5257 77.634109
2259400 1173.6183 77.69074
2259600 1173.7165 77.718859
2259800 1173.8096 77.786846
2260000 1173.9135 77.831053
2260200 1174.0172 77.855594
2260400 1174.1199 77.887156
2260600 1174.2188 77.923476
2260800 1174.3092 77.978643
2261000 1174.4219 78.007798
2261200 1174.5178 78.056293
2261400 1174.6129 78.104154
2261600 1174.7145 78.150562
2261800 1174.7927 78.210345
2262000 1174.9021 78.269885
2262200 1175.0093 78.317508
2262400 1175.1049 78.368765
2262600 1175.1946 78.423418
2262800 1175.2979 78.494335
2263000 1175.4238 78.53983
2263200 1175.5225 78.589136
2263400 1175.626 78.644442
2263600 1175.7231 78.672926
2263800 1175.8355 78.735325
2264000 1175.9474 78.77707
2264200 1176.0463 78.819335
2264400 1176.1535 78.870309
2264600 1176.2603 78.91616
2264800 1176.3708 78.975188
2265000 1176.4972 79.006793
2265200 1176.6093 79.053698
2265400 1176.733 79.098132
2265600 1176.8399 79.149052
2265800 1176.9468 79.197547
2266000 1177.0798 79.248156
2266200 1177.194 79.284102
2266400 1177.2994 79.321061
2266600 1177.4036 79.355209
2266800 1177.5103 79.384284
2267000 1177.6361 79.43159
2267200 1177.7799 79.478293
2267400 1177.9212 79.524806
2267600 1178.0343 79.57662
2267800 1178.1433 79.616507
2268000 1178.2624 79.661678
2268200 1178.3912 79.691674
2268400 1178.5278 79.729623
2268600 1178.6652 79.783082
2268800 1178.7876 79.829491
2269000 1178.9024 79.856012
2269200 1179.0216 79.898812
2269400 1179.1509 79.939593
2269600 1179.2654 79.986009
2269800 1179.3574 80.033815
2270000 1179.4748 80.067788
2270200 1179.6004 80.128411
2270400 1179.7284 80.16927
2270600 1179.8489 80.206716
2270800 1179.9675 80.230973
2271000 1180.0743 80.275073
2271200 1180.1838 80.307055
2271400 1180.3025 80.34266
2271600 1180.4376 80.369699
2271800 1180.5733 80.399468
2272000 1180.6917 80.443715
2272200 1180.8117 80.47286
2272400 1180.9413 80.496455
2272600 1181.0655 80.537423
2272800 1181.1827 80.582078
2273000 1181.303 80.622423
2273200 1181.4165 80.678255
2273400 1181.546 80.74213
2273600 1181.6621 80.78804
2273800 1181.7717 80.815073
2274000 1181.8828 80.864708
2274200 1181.9819 80.888258
2274400 1182.0882 80.937241
2274600 1182.1999 80.987294
2274800 1182.3075 81.022589
2275000 1182.4222 81.072131
2275200 1182.5269 81.116761
2275400 1182.6317 81.16442
2275600 1182.7398 81.234929
2275800 1182.8524 81.272371
2276000 1182.9783 81.326032
2276200 1183.0795 81.386342
2276400 1183.1783 81.429915
2276600 1183.3106 81.481871
2276800 1183.4449 81.523652
2277000 1183.5507 81.5678
2277200 1183.6546 81.605535
2277400 1183.7722 81.637791
2277600 1183.8861 81.682821
2277800 1183.9867 81.736407
2278000 1184.0918 81.793612
2278200 1184.1688 81.849613
2278400 1184.2523 81.89815
2278600 1184.3625 81.944977
2278800 1184.4778 81.9825
2279000 1184.5857 82.022313
2279200 1184.7085 82.064812
2279400 1184.8298 82.126312
2279600 1184.9336 82.16663
2279800 1185.0602 82.209083
2280000 1185.1697 82.261938
2280200 1185.2788 82.303365
2280400 1185.3857 82.340873
2280600 1185.5019 82.390052
2280800 1185.6068 82.430841
2281000 1185.7126 82.471821
2281200 1185.8144 82.498498
2281400 1185.9326 82.534141
2281600 1186.0368 82.594258
2281800 1186.1265 82.623323
2282000 1186.2279 82.653714
2282200 1186.3269 82.679255
2282400 1186.4424 82.730947
2282600 1186.5581 82.782096
2282800 1186.6676 82.803659
2283000 1186.7705 82.842327
2283200 1186.8806 82.883285
2283400 1187.0027 82.940024
2283600 1187.1113 82.972313
2283800 1187.2336 83.018543
2284000 1187.3323 83.070037
2284200 1187.4405 83.1094
2284400 1187.5726 83.15058
2284600 1187.6955 83.195944
2284800 1187.8111 83.232248
2285000 1187.9209 83.268495
2285200 1188.027 83.299156
2285400 1188.1305 83.341549
2285600 1188.2456 83.377782
2285800 1188.3651 83.417308
2286000 1188.4764 83.466148
2286200 1188.5903 83.499218
2286400 1188.7072 83.542718
2286600 1188.8273 83.577099
2286800 1188.955 83.618028
2287000 1189.059 83.655878
2287200 1189.1605 83.694153
2287400 1189.2712 83.745784
2287600 1189.3891 83.78459
2287800 1189.5117 83.834256
2288000 1189.6225 83.868514
2288200 1189.7533 83.891397
2288400 1189.8951 83.932227
2288600 1190.0078 83.992363
2288800 1190.105 84.046705
2289000 1190.2164 84.095838
2289200 1190.3173 84.160578
2289400 1190.435 84.190674
2289600 1190.5625 84.223927
2289800 1190.6785 84.255483
2290000 1190.8015 84.302083
2290200 1190.9218 84.344489
2290400 1191.0195 84.377579
2290600 1191.1262 84.406339
2290800 1191.2407 84.455417
2291000 1191.348 84.481808
2291200 1191.4563 84.515716
2291400 1191.5624 84.551969
2291600 1191.6576 84.592823
2291800 1191.77 84.637301
2292000 1191.8919 84.663139
2292200 1192.0043 84.697201
2292400 1192.1194 84.733823
2292600 1192.2681 84.798162
2292800 1192.3903 84.838329
2293000 1192.5215 84.878877
2293200 1192.6623 84.91345
2293400 1192.7745 84.953031
2293600 1192.9093 84.987788
2293800 1193.0153 85.00231
2294000 1193.1099 85.039967
2294200 1193.2229 85.072401
2294400 1193.3467 85.08766
2294600 1193.4634 85.09344
2294800 1193.5921 85.135844
2295000 1193.7088 85.155551
2295200 1193.833 85.201344
2295400 1193.9602 85.25129
2295600 1194.1064 85.272304
2295800 1194.2331 85.308779
2296000 1194.3532 85.341206
2296200 1194.4839 85.355798
2296400 1194.606 85.394777
2296600 1194.7094 85.418602
2296800 1194.8275 85.441622
2297000 1194.9544 85.466262
2297200 1195.0656 85.454176
2297400 1195.1913 85.475415
2297600 1195.2991 85.483958
2297800 1195.3923 85.495425
2298000 1195.5207 85.51873
2298200 1195.6527 85.525029
2298400 1195.7858 85.555888
2298600 1195.9133 85.57878
2298800 1196.055 85.5944
2299000 1196.1767 85.60943
2299200 1196.303 85.631286
2299400 1196.4565 85.669423
2299600 1196.5826 85.703085
2299800 1196.7069 85.720494
2300000 1196.8475 85.734406
2300200 1196.9789 85.767283
2300400 1197.1147 85.789942
2300600 1197.2488 85.815171
2300800 1197.3734 85.836697
2301000 1197.4885 85.841918
2301200 1197.6029 85.87262
2301400 1197.7304 85.893858
2301600 1197.8666 85.924888
2301800 1198.009 85.980887
2302000 1198.1332 86.012336
2302200 1198.2597 86.045257
2302400 1198.3788 86.084494
2302600 1198.4929 86.10459
2302800 1198.6156 86.122506
2303000 1198.754 86.154431
2303200 1198.8877 86.185665
2303400 1199.0206 86.203499
2303600 1199.1687 86.244595
2303800 1199.2832 86.259419
2304000 1199.4176 86.283314
2304200 1199.5526 86.302052
2304400 1199.6849 86.326739
2304600 1199.8116 86.343331
2304800 1199.9346 86.378347
2305000 1200.0595 86.394737
2305200 1200.1792 86.424168
2305400 1200.2872 86.450675
2305600 1200.4124 86.479527
2305800 1200.5407 86.485689
2306000 1200.658 86.486561
2306200 1200.7794 86.486292
2306400 1200.9004 86.503504
2306600 1201.0303 86.518573
2306800 1201.1596 86.535237
2307000 1201.2818 86.55136
2307200 1201.4109 86.563104
2307400 1201.5434 86.581339
2307600 1201.6694 86.605151
2307800 1201.813 86.623669
2308000 1201.9514 86.639962
2308200 1202.0696 86.668239
2308400 1202.1941 86.69922
2308600 1202.3254 86.722835
2308800 1202.4584 86.752472
2309000 1202.5774 86.783808
2309200 1202.6923 86.793592
2309400 1202.8131 86.809468
2309600 1202.9439 86.823427
2309800 1203.0764 86.842038
2310000 1203.2043 86.851556
2310200 1203.3326 86.855199
2310400 1203.454 86.867037
2310600 1203.5926 86.876515
2310800 1203.7369 86.898137
2311000 1203.8882 86.917001
2311200 1204.0296 86.919244
2311400 1204.1818 86.929028
2311600 1204.3347 86.939008
2311800 1204.484 86.945756
2312000 1204.6438 86.976108
2312200 1204.8065 87.001953
2312400 1204.9505 87.030843
2312600 1205.0945 87.052016
2312800 1205.2254 87.062948
2313000 1205.3692 87.057826
2313200 1205.5112 87.084424
2313400 1205.6445 87.114116
2313600 1205.7625 87.134171
2313800 1205.8788 87.155417
2314000 1206.0213 87.156243
2314200 1206.1755 87.178471
2314400 1206.3261 87.198912
2314600 1206.4657 87.200709
2314800 1206.615 87.205928
2315000 1206.7468 87.206776
2315200 1206.8702 87.220264
2315400 1207 87.211017
2315600 1207.1541 87.229505
2315800 1207.3287 87.228168
2316000 1207.4916 87.246639
2316200 1207.6362 87.245884
2316400 1207.7928 87.273738
2316600 1207.9472 87.271001
2316800 1208.0904 87.27641
2317000 1208.2265 87.285104
2317200 1208.3734 87.298877
2317400 1208.518 87.308747
2317600 1208.6562 87.307174
2317800 1208.795 87.322323
2318000 1208.9327 87.332838
2318200 1209.0622 87.35794
2318400 1209.1898 87.347769
2318600 1209.3197 87.35123
2318800 1209.4423 87.354387
2319000 1209.5627 87.350738
2319200 1209.6787 87.358714
2319400 1209.803 87.368976
2319600 1209.9479 87.383552
2319800 1210.1042 87.390136
2320000 1210.2316 87.397153
2320200 1210.3463 87.407168
2320400 1210.468 87.417791
2320600 1210.5857 87.439343
2320800 1210.7165 87.445963
2321000 1210.8434 87.47499
2321200 1210.9781 87.486919
2321400 1211.1112 87.489507
2321600 1211.2511 87.510904
2321800 1211.3956 87.527296
2322000 1211.5254 87.541821
2322200 1211.6501 87.560855
2322400 1211.7834 87.579935
2322600 1211.9318 87.589753
2322800 1212.072 87.594053
2323000 1212.1906 87.598613
2323200 1212.3491 87.592811
2323400 1212.4751 87.604426
2323600 1212.6038 87.619582
2323800 1212.7253 87.639977
2324000 1212.8605 87.644104
2324200 1212.9937 87.667339
2324400 1213.129 87.67502
2324600 1213.2672 87.675942
2324800 1213.4135 87.684879
2325000 1213.5693 87.692937
2325200 1213.7232 87.704942
2325400 1213.8601 87.706627
2325600 1213.9982 87.695269
2325800 1214.1296 87.704315
2326000 1214.2679 87.706676
2326200 1214.4085 87.71441
2326400 1214.5378 87.742703
2326600 1214.6711 87.75599
2326800 1214.8012 87.767182
2327000 1214.9419 87.794582
2327200 1215.0736 87.830596
2327400 1215.2063 87.84706
2327600 1215.3388 87.863757
2327800 1215.472 87.882748
2328000 1215.6257 87.883283
2328200 1215.7713 87.881564
2328400 1215.9296 87.886539
2328600 1216.0812 87.887423
2328800 1216.213 87.894507
2329000 1216.3665 87.892004
2329200 1216.5131 87.874741
2329400 1216.6668 87.85152
2329600 1216.8055 87.844795
2329800 1216.9623 87.838557
2330000 1217.123 87.855487
2330200 1217.2712 87.849957
2330400 1217.4207 87.867261
2330600 1217.5597 87.868916
2330800 1217.7009 87.8613
2331000 1217.8719 87.870908
2331200 1218.0294 87.87606
2331400 1218.16 87.887664
2331600 1218.2937 87.884641
2331800 1218.4251 87.882776
2332000 1218.5439 87.904372
2332200 1218.6724 87.930557
2332400 1218.8237 87.94604
2332600 1218.9666 87.95661
2332800 1219.0998 87.95403
2333000 1219.2427 87.968443
2333200 1219.3735 87.954432
2333400 1219.5154 87.961254
2333600 1219.6425 87.973687
2333800 1219.7778 87.97524
2334000 1219.9234 87.977677
2334200 1220.0688 87.989969
2334400 1220.1716 88.001542
2334600 1220.2951 88.014689
2334800 1220.416 88.028112
2335000 1220.5391 88.039454
2335200 1220.6652 88.036342
2335400 1220.7928 88.06355
2335600 1220.9243 88.079224
2335800 1221.0708 88.083028
2336000 1221.2025 88.099816
2336200 1221.3445 88.127751
2336400 1221.4875 88.110242
2336600 1221.6266 88.119377
2336800 1221.7649 88.13826
2337000 1221.8868 88.140735
2337200 1222.0179 88.137735
2337400 1222.1581 88.140562
2337600 1222.2957 88.149111
2337800 1222.4243 88.167711
2338000 1222.5699 88.184754
2338200 1222.7125 88.211246
2338400 1222.8419 88.217276
2338600 1222.9927 88.213697
2338800 1223.1388 88.232437
2339000 1223.2872 88.255665
2339200 1223.4373 88.276069
2339400 1223.596 88.298648
2339600 1223.7368 88.324747
2339800 1223.8619 88.337316
2340000 1223.9942 88.350266
2340200 1224.128 88.373327
2340400 1224.2504 88.382223
2340600 1224.369 88.3866
2340800 1224.501 88.403233
2341000 1224.6366 88.415472
2341200 1224.7727 88.408674
2341400 1224.9007 88.432699
2341600 1225.03 88.435239
2341800 1225.163 88.442953
2342000 1225.3131 88.448083
2342200 1225.4374 88.460357
2342400 1225.5634 88.458643
2342600 1225.7057 88.480337
2342800 1225.8416 88.493086
2343000 1225.9693 88.511101
2343200 1226.1027 88.506349
2343400 1226.2628 88.494497
2343600 1226.4003 88.494201
2343800 1226.54 88.49709
2344000 1226.6961 88.509572
2344200 1226.8445 88.520781
2344400 1226.9844 88.534044
2344600 1227.1108 88.55516
2344800 1227.2585 88.550136
2345000 1227.4081 88.560096
2345200 1227.5484 88.574686
2345400 1227.6881 88.588701
2345600 1227.8246 88.590619
2345800 1227.974 88.606541
2346000 1228.0998 88.620215
2346200 1228.2292 88.630555
2346400 1228.363 88.631809
2346600 1228.4849 88.638186
2346800 1228.6298 88.640127
2347000 1228.7664 88.639256
2347200 1228.9082 88.625881
2347400 1229.0363 88.642395
2347600 1229.1649 88.638858
2347800 1229.3069 88.658524
2348000 1229.4421 88.678087
2348200 1229.5853 88.670932
2348400 1229.7314 88.686664
2348600 1229.8727 88.692951
2348800 1230.016 88.701723
2349000 1230.1543 88.697951
2349200 1230.2807 88.698508
2349400 1230.4004 88.702719
2349600 1230.5159 88.722125
2349800 1230.661 88.711466
2350000 1230.7768 88.699354
2350200 1230.9171 88.700313
2350400 1231.0366 88.693485
2350600 1231.1503 88.711913
2350800 1231.295 88.738592
2351000 1231.4285 88.751008
2351200 1231.5757 88.756067
2351400 1231.7033 88.751131
2351600 1231.8353 88.742399
2351800 1231.9696 88.738526
2352000 1232.1217 88.752197
2352200 1232.2818 88.750448
2352400 1232.3878 88.74836
2352600 1232.5418 88.750372
2352800 1232.6834 88.754757
2353000 1232.8187 88.765308
2353200 1232.9469 88.793641
2353400 1233.098 88.805005
2353600 1233.2265 88.815735
2353800 1233.3721 88.820098
2354000 1233.5214 88.860625
2354200 1233.6694 88.8779
2354400 1233.8022 88.902584
2354600 1233.9435 88.907656
2354800 1234.0924 88.933359
2355000 1234.2317 88.952043
2355200 1234.3847 88.976392
2355400 1234.5341 88.988617
2355600 1234.6769 89.005626
2355800 1234.8241 89.00802
2356000 1234.9802 88.986308
2356200 1235.1331 88.991835
2356400 1235.2859 88.986657
2356600 1235.4204 88.980338
2356800 1235.5791 88.999081
2357000 1235.7282 89.000903
2357200 1235.8757 88.995205
2357400 1236.0064 89.009521
2357600 1236.1342 89.011471
2357800 1236.2688 89.017472
2358000 1236.4255 89.011877
2358200 1236.5628 89.012042
2358400 1236.6799 89.013841
2358600 1236.8123 89.019712
2358800 1236.9488 89.02458
2359000 1237.0745 89.025093
2359200 1237.19 89.031165
2359400 1237.324 89.023782
2359600 1237.4356 89.030179
2359800 1237.5639 89.041222
2360000 1237.7182 89.036297
2360200 1237.8588 89.049863
2360400 1237.964 89.051637
2360600 1238.0877 89.05424
2360800 1238.2366 89.060414
2361000 1238.3858 89.067446
2361200 1238.5116 89.096687
2361400 1238.6475 89.122739
2361600 1238.7825 89.142256
2361800 1238.8921 89.140138
2362000 1239.0227 89.150608
2362200 1239.1364 89.144846
2362400 1239.2509 89.141215
2362600 1239.3727 89.159847
2362800 1239.5075 89.144818
2363000 1239.6321 89.166508
2363200 1239.7439 89.18943
2363400 1239.8667 89.205066
2363600 1239.9936 89.204374
2363800 1240.1144 89.208485
2364000 1240.247 89.212651
2364200 1240.3605 89.218574
2364400 1240.4786 89.229401
2364600 1240.6012 89.236429
2364800 1240.714 89.245577
2365000 1240.8447 89.250896
2365200 1240.9552 89.240161
2365400 1241.0918 89.241925
2365600 1241.2141 89.268152
2365800 1241.3514 89.27937
2366000 1241.4799 89.300873
2366200 1241.5774 89.325156
2366400 1241.6911 89.343265
2366600 1241.7967 89.343523
2366800 1241.9409 89.356141
2367000 1242.07 89.35058
2367200 1242.1871 89.351769
2367400 1242.296 89.351305
2367600 1242.4352 89.363284
2367800 1242.5646 89.373156
2368000 1242.6843 89.387167
2368200 1242.8151 89.399195
2368400 1242.9503 89.411159
2368600 1243.0673 89.406894
2368800 1243.1717 89.420118
2369000 1243.3104 89.448456
2369200 1243.4271 89.460006
2369400 1243.5512 89.474703
2369600 1243.6689 89.484129
2369800 1243.8011 89.510708
2370000 1243.9144 89.509638
2370200 1244.0116 89.525941
2370400 1244.136 89.562956
2370600 1244.2607 89.570341
2370800 1244.399 89.594107
2371000 1244.5278 89.619923
2371200 1244.6863 89.646719
2371400 1244.8214 89.663715
2371600 1244.9621 89.681889
2371800 1245.0846 89.680995
2372000 1245.2153 89.701275
2372200 1245.347 89.731387
2372400 1245.4711 89.73244
2372600 1245.6099 89.755111
2372800 1245.7418 89.774168
2373000 1245.8801 89.796418
2373200 1246.0104 89.803159
2373400 1246.1591 89.81567
2373600 1246.3037 89.82753
2373800 1246.4237 89.85761
2374000 1246.5733 89.89432
2374200 1246.699 89.897729
2374400 1246.8409 89.900895
2374600 1246.9881 89.903368
2374800 1247.1173 89.909653
2375000 1247.2591 89.925036
2375200 1247.3901 89.923463
2375400 1247.5226 89.92802
2375600 1247.628 89.924152
2375800 1247.7625 89.935734
2376000 1247.8806 89.952856
2376200 1248.0305 90.002809
2376400 1248.1532 90.005592
2376600 1248.2833 90.034859
2376800 1248.4232 90.062471
2377000 1248.542 90.086698
2377200 1248.6597 90.112513
2377400 1248.7974 90.142205
2377600 1248.9277 90.161137
2377800 1249.0826 90.197137
2378000 1249.2266 90.219455
2378200 1249.3723 90.224132
2378400 1249.5212 90.227939
2378600 1249.6506 90.241682
2378800 1249.7682 90.261117
2379000 1249.9169 90.271869
2379200 1250.0502 90.297055
2379400 1250.185 90.310199
2379600 1250.3226 90.315677
2379800 1250.4464 90.331394
2380000 1250.5795 90.35272
2380200 1250.7035 90.362254
2380400 1250.814 90.371875
2380600 1250.9328 90.3903
2380800 1251.0652 90.403669
2381000 1251.194 90.421754
2381200 1251.3142 90.444014
2381400 1251.4433 90.464528
2381600 1251.5745 90.478522
2381800 1251.7146 90.478384
2382000 1251.8451 90.482193
2382200 1251.9869 90.487315
2382400 1252.1318 90.520007
2382600 1252.2727 90.544156
2382800 1252.4027 90.580116
2383000 1252.5424 90.603141
2383200 1252.677 90.594402
2383400 1252.8113 90.613348
2383600 1252.943 90.619207
2383800 1253.0985 90.631602
2384000 1253.2347 90.638605
2384200 1253.364 90.654962
2384400 1253.5021 90.684653
2384600 1253.6503 90.710165
2384800 1253.7786 90.727236
2385000 1253.9215 90.750289
2385200 1254.064 90.775085
2385400 1254.1795 90.787906
2385600 1254.3092 90.806428
2385800 1254.4648 90.844236
2386000 1254.6093 90.880815
2386200 1254.7499 90.934136
2386400 1254.9029 90.965179
2386600 1255.0404 90.975703
2386800 1255.2054 90.986133
2387000 1255.3444 90.998897
2387200 1255.4929 91.015646
2387400 1255.6313 91.03653
2387600 1255.773 91.064162
2387800 1255.9119 91.074009
2388000 1256.0533 91.093579
2388200 1256.1874 91.118751
2388400 1256.3299 91.133709
2388600 1256.4597 91.166593
2388800 1256.6142 91.195683
2389000 1256.7775 91.233325
2389200 1256.9192 91.246646
2389400 1257.0501 91.260515
2389600 1257.1801 91.272869
2389800 1257.2996 91.270933
2390000 1257.4427 91.309567
2390200 1257.5978 91.343622
2390400 1257.7362 91.359355
2390600 1257.8713 91.37191
2390800 1258.0084 91.386764
2391000 1258.1375 91.406156
2391200 1258.2596 91.435639
2391400 1258.4067 91.461087
2391600 1258.5474 91.478395
2391800 1258.6768 91.502274
2392000 1258.8154 91.522353
2392200 1258.9662 91.548083
2392400 1259.1037 91.571108
2392600 1259.2317 91.602932
2392800 1259.3705 91.643842
2393000 1259.5235 91.673831
2393200 1259.6532 91.701494
2393400 1259.7878 91.722675
2393600 1259.9397 91.731057
2393800 1260.0916 91.75587
2394000 1260.237 91.805473
2394200 1260.3886 91.843425
2394400 1260.5406 91.867166
2394600 1260.6672 91.883764
2394800 1260.8104 91.93116
2395000 1260.9554 91.961797
2395200 1261.0978 91.983172
2395400 1261.25 92.01226
2395600 1261.3921 92.043044
2395800 1261.548 92.074198
2396000 1261.6931 92.11934
2396200 1261.8652 92.151066
2396400 1262.0256 92.188348
2396600 1262.1797 92.228859
2396800 1262.3372 92.27374
2397000 1262.4924 92.294188
2397200 1262.6388 92.322478
2397400 1262.8001 92.3467
2397600 1262.9593 92.372768
2397800 1263.0832 92.417804
2398000 1263.2344 92.467385
2398200 1263.3976 92.515859
2398400 1263.5343 92.557986
2398600 1263.6865 92.589282
2398800 1263.8385 92.633457
2399000 1263.9853 92.654639
2399200 1264.1253 92.698286
2399400 1264.2656 92.75292
2399600 1264.4099 92.791513
2399800 1264.5773 92.818514
2400000 1264.7277 92.846672
2400200 1264.885 92.871108
2400400 1265.0201 92.899417
2400600 1265.1623 92.934299
2400800 1265.3169 92.970078
2401000 1265.4763 92.98536
2401200 1265.6323 93.019405
2401400 1265.7698 93.046491
2401600 1265.9191 93.07393
2401800 1266.0575 93.108236
2402000 1266.1933 93.149042
2402200 1266.3287 93.183049
2402400 1266.4643 93.213725
2402600 1266.6049 93.236872
2402800 1266.7443 93.275108
2403000 1266.8702 93.302258
2403200 1267.0131 93.317979
2403400 1267.1646 93.331103
2403600 1267.3174 93.350016
2403800 1267.4571 93.374263
2404000 1267.5915 93.408004
2404200 1267.7336 93.433557
2404400 1267.8886 93.458445
2404600 1268.0391 93.513018
2404800 1268.1918 93.539506
2405000 1268.3229 93.574825
2405200 1268.4531 93.632659
2405400 1268.6031 93.66263
2405600 1268.7453 93.688549
2405800 1268.8854 93.700726
2406000 1269.0263 93.732584
2406200 1269.1894 93.767923
2406400 1269.3403 93.779833
2406600 1269.4911 93.808006
2406800 1269.6322 93.824318
2407000 1269.7799 93.869579
2407200 1269.911 93.879738
2407400 1270.0574 93.907351
2407600 1270.1947 93.929555
2407800 1270.3314 93.973997
2408000 1270.4638 94.010582
2408200 1270.6154 94.04183
2408400 1270.7617 94.074211
2408600 1270.8969 94.105677
2408800 1271.0425 94.146475
2409000 1271.1839 94.173033
2409200 1271.33 94.222088
2409400 1271.482 94.240227
2409600 1271.6349 94.262886
2409800 1271.7824 94.298148
2410000 1271.936 94.333155
2410200 1272.0671 94.368364
2410400 1272.2192 94.418536
2410600 1272.3833 94.454829
2410800 1272.552 94.496766
2411000 1272.7137 94.541443
2411200 1272.8775 94.573072
2411400 1273.0347 94.589765
2411600 1273.1813 94.61626
2411800 1273.3396 94.63962
2412000 1273.5019 94.665891
2412200 1273.6717 94.685379
2412400 1273.8497 94.696093
2412600 1274.0084 94.722589
2412800 1274.1603 94.737242
2413000 1274.3083 94.745014
2413200 1274.471 94.772249
2413400 1274.6109 94.789153
2413600 1274.7637 94.805273
2413800 1274.928 94.846091
2414000 1275.0879 94.871707
2414200 1275.2361 94.909989
2414400 1275.381 94.955096
2414600 1275.516 94.971715
2414800 1275.6775 94.997513
2415000 1275.8138 95.029486
2415200 1275.974 95.044661
2415400 1276.1357 95.061291
2415600 1276.2709 95.079175
2415800 1276.4235 95.105799
2416000 1276.5605 95.109059
2416200 1276.7059 95.142794
2416400 1276.8468 95.169767
2416600 1277.0019 95.209682
2416800 1277.1595 95.222779
2417000 1277.3191 95.237147
2417200 1277.457 95.25718
2417400 1277.6235 95.267422
2417600 1277.7827 95.283411
2417800 1277.9233 95.315192
2418000 1278.0753 95.346454
2418200 1278.2292 95.365684
2418400 1278.3968 95.406827
2418600 1278.5547 95.425912
2418800 1278.7171 95.439321
2419000 1278.8817 95.470747
2419200 1279.0247 95.513567
2419400 1279.1832 95.558575
2419600 1279.3447 95.569937
2419800 1279.5 95.591169
2420000 1279.6472 95.601815
2420200 1279.793 95.625052
2420400 1279.9405 95.646958
2420600 1280.0851 95.659739
2420800 1280.2459 95.675921
2421000 1280.3896 95.687457
2421200 1280.5391 95.705438
2421400 1280.6899 95.747814
2421600 1280.8427 95.770111
2421800 1281.0003 95.791428
2422000 1281.1504 95.822766
2422200 1281.3106 95.832478
2422400 1281.4518 95.848268
2422600 1281.5891 95.874826
2422800 1281.7531 95.89823
2423000 1281.9145 95.907653
2423200 1282.0724 95.920485
2423400 1282.2538 95.939127
2423600 1282.4057 95.963639
2423800 1282.5531 95.995479
2424000 1282.7148 96.019481
2424200 1282.8551 96.028425
2424400 1283.0098 96.042949
2424600 1283.1659 96.079546
2424800 1283.3398 96.134318
2425000 1283.4946 96.165987
2425200 1283.6699 96.178339
2425400 1283.8526 96.21236
2425600 1284.022 96.246302
2425800 1284.1769 96.281158
2426000 1284.3388 96.305897
2426200 1284.5044 96.341013
2426400 1284.676 96.348793
2426600 1284.84 96.367905
2426800 1284.9996 96.376648
2427000 1285.1415 96.396509
2427200 1285.2959 96.432079
2427400 1285.4465 96.472032
2427600 1285.596 96.501563
2427800 1285.7544 96.543594
2428000 1285.9036 96.567303
2428200 1286.0648 96.583502
2428400 1286.2169 96.621693
2428600 1286.3837 96.649928
2428800 1286.5212 96.676905
2429000 1286.6856 96.717976
2429200 1286.8351 96.751625
2429400 1287.0081 96.796358
2429600 1287.1783 96.81389
2429800 1287.3603 96.853139
2430000 1287.5178 96.886759
2430200 1287.6777 96.895507
2430400 1287.8222 96.923555
2430600 1287.9675 96.950865
2430800 1288.1147 96.978489
2431000 1288.2463 97.020243
2431200 1288.4067 97.044397
2431400 1288.5899 97.065139
2431600 1288.736 97.084153
2431800 1288.8819 97.097853
2432000 1289.0277 97.113655
2432200 1289.1595 97.137735
2432400 1289.2937 97.169889
2432600 1289.4575 97.192866
2432800 1289.598 97.217481
2433000 1289.7407 97.250871
2433200 1289.8861 97.295139
2433400 1290.0453 97.312898
2433600 1290.1712 97.322172
2433800 1290.3209 97.36568
2434000 1290.4658 97.413147
2434200 1290.6282 97.438624
2434400 1290.767 97.46678
2434600 1290.9087 97.494794
2434800 1291.0516 97.51673
2435000 1291.1884 97.554098
2435200 1291.3283 97.577589
2435400 1291.4697 97.595127
2435600 1291.5958 97.607393
2435800 1291.7294 97.606989
2436000 1291.8654 97.655014
2436200 1292.0072 97.661064
2436400 1292.1362 97.677277
2436600 1292.2825 97.718847
2436800 1292.4401 97.750455
2437000 1292.5732 97.775384
2437200 1292.714 97.791284
2437400 1292.8614 97.802794
2437600 1293.0086 97.80949
2437800 1293.1626 97.829764
2438000 1293.3308 97.854694
2438200 1293.487 97.853145
2438400 1293.6397 97.861788
2438600 1293.7878 97.885627
2438800 1293.9336 97.887576
2439000 1294.094 97.898963
2439200 1294.2382 97.911042
2439400 1294.3873 97.912037
2439600 1294.5504 97.923495
2439800 1294.7161 97.915673
2440000 1294.8712 97.933085
2440200 1295.0158 97.953057
2440400 1295.1543 97.985912
2440600 1295.3037 98.000059
2440800 1295.4722 98.031934
2441000 1295.6142 98.04608
2441200 1295.7682 98.080947
2441400 1295.9191 98.093094
2441600 1296.0606 98.128103
2441800 1296.2227 98.14241
2442000 1296.3757 98.170661
2442200 1296.5455 98.191607
2442400 1296.7079 98.207089
2442600 1296.8498 98.232097
2442800 1296.9976 98.24893
2443000 1297.1327 98.272609
2443200 1297.2844 98.279702
2443400 1297.4314 98.314509
2443600 1297.5689 98.342398
2443800 1297.7261 98.359014
2444000 1297.866 98.378796
2444200 1298.0199 98.400606
2444400 1298.1688 98.430596
2444600 1298.3117 98.444385
2444800 1298.4594 98.453616
2445000 1298.597 98.465482
2445200 1298.755 98.490173
2445400 1298.9228 98.509017
2445600 1299.0817 98.526981
2445800 1299.2676 98.533043
2446000 1299.4219 98.563519
2446200 1299.5647 98.596483
2446400 1299.7015 98.620323
2446600 1299.8423 98.642737
2446800 1299.9809 98.653524
2447000 1300.138 98.661805
2447200 1300.2896 98.67299
2447400 1300.4378 98.709153
2447600 1300.5805 98.731505
2447800 1300.7251 98.758364
2448000 1300.8532 98.792448
2448200 1300.9932 98.813403
2448400 1301.151 98.818589
2448600 1301.2942 98.82919
2448800 1301.4361 98.828922
2449000 1301.5907 98.841747
2449200 1301.7262 98.868194
2449400 1301.8719 98.903232
2449600 1302.0124 98.915306
2449800 1302.1584 98.927324
2450000 1302.3024 98.958091
2450200 1302.4501 98.982007
2450400 1302.5954 98.970386
2450600 1302.7588 98.975552
2450800 1302.8993 99.012025
2451000 1303.0449 99.014807
2451200 1303.1899 98.995721
2451400 1303.3579 99.014729
2451600 1303.5176 99.02634
2451800 1303.6771 99.060637
2452000 1303.8208 99.076913
2452200 1303.9754 99.097494
2452400 1304.1556 99.101969
2452600 1304.298 99.12205
2452800 1304.4351 99.135655
2453000 1304.5819 99.137048
2453200 1304.7437 99.152864
2453400 1304.8906 99.175635
2453600 1305.0559 99.169093
2453800 1305.2183 99.175974
2454000 1305.3721 99.196944
2454200 1305.5384 99.212491
2454400 1305.7087 99.218658
2454600 1305.8513 99.233267
2454800 1306.0065 99.237096
2455000 1306.1391 99.252931
2455200 1306.2862 99.271015
2455400 1306.4262 99.287353
2455600 1306.5773 99.31127
2455800 1306.7459 99.323267
2456000 1306.9152 99.347768
2456200 1307.0531 99.361012
2456400 1307.1972 99.384189
2456600 1307.3451 99.401592
2456800 1307.5092 99.414045
2457000 1307.6925 99.404295
2457200 1307.8399 99.405959
2457400 1307.9905 99.418214
2457600 1308.1512 99.425401
2457800 1308.3343 99.447381
2458000 1308.5035 99.469173
2458200 1308.6684 99.490589
2458400 1308.8262 99.495719
2458600 1308.9602 99.494905
2458800 1309.1218 99.516623
2459000 1309.292 99.530128
2459200 1309.4763 99.547566
2459400 1309.6254 99.568888
2459600 1309.7858 99.596547
2459800 1309.9301 99.602768
2460000 1310.0933 99.599537
2460200 1310.2617 99.610532
2460400 1310.425 99.620661
2460600 1310.5864 99.620283
2460800 1310.742 99.632929
2461000 1310.9059 99.632522
2461200 1311.0583 99.656989
2461400 1311.2281 99.680376
2461600 1311.3865 99.70123
2461800 1311.5388 99.716751
2462000 1311.6988 99.739439
2462200 1311.8781 99.763212
2462400 1312.0283 99.748978
2462600 1312.1755 99.771878
2462800 1312.3268 99.764821
2463000 1312.4717 99.771595
2463200 1312.6352 99.809851
2463400 1312.7881 99.839038
2463600 1312.9485 99.853893
2463800 1313.0951 99.888523
2464000 1313.2507 99.903482
2464200 1313.3931 99.912999
2464400 1313.5296 99.935199
2464600 1313.7038 99.962092
2464800 1313.8456 99.973479
2465000 1313.9836 99.988319
2465200 1314.1357 100.00325
2465400 1314.2791 100.01633
2465600 1314.4269 100.03077
2465800 1314.5744 100.05654
2466000 1314.7218 100.06206
2466200 1314.852 100.07804
2466400 1314.9882 100.10875
2466600 1315.1469 100.1341
2466800 1315.3161 100.14262
2467000 1315.4776 100.17164
2467200 1315.6459 100.20866
2467400 1315.798 100.20237
2467600 1315.9687 100.22
2467800 1316.1319 100.23016
2468000 1316.2852 100.239
2468200 1316.4482 100.25136
2468400 1316.6046 100.27204
2468600 1316.7691 100.29215
2468800 1316.9286 100.3046
2469000 1317.0824 100.32031
2469200 1317.2493 100.33818
2469400 1317.4086 100.34545
2469600 1317.5695 100.37774
2469800 1317.7303 100.39759
2470000 1317.8977 100.41207
2470200 1318.0486 100.43238
2470400 1318.1823 100.45567
2470600 1318.3362 100.47229
2470800 1318.4953 100.48265
2471000 1318.6387 100.50352
2471200 1318.7997 100.51136
2471400 1318.9388 100.52001
2471600 1319.0979 100.53331
2471800 1319.2504 100.55525
2472000 1319.4169 100.56545
2472200 1319.5636 100.59743
2472400 1319.7313 100.62771
2472600 1319.8976 100.64016
2472800 1320.0736 100.66083
2473000 1320.23 100.6787
2473200 1320.3826 100.71135
2473400 1320.5284 100.72543
2473600 1320.7022 100.74361
2473800 1320.8879 100.74612
2474000 1321.0502 100.74849
2474200 1321.2263 100.76059
2474400 1321.3828 100.76361
2474600 1321.5603 100.76315
2474800 1321.7106 100.742
2475000 1321.8697 100.76226
2475200 1322.0223 100.78178
2475400 1322.1841 100.77861
2475600 1322.3491 100.77539
2475800 1322.4874 100.77029
2476000 1322.6514 100.78888
2476200 1322.7902 100.78561
2476400 1322.9331 100.78608
2476600 1323.0952 100.80267
2476800 1323.2612 100.8233
2477000 1323.4143 100.82845
2477200 1323.5743 100.84925
2477400 1323.7429 100.87085
2477600 1323.9077 100.88179
2477800 1324.0447 100.89456
2478000 1324.1808 100.88623
2478200 1324.3114 100.88095
2478400 1324.4612 100.87437
2478600 1324.6297 100.88262
2478800 1324.7831 100.89086
2479000 1324.9213 100.8956
2479200 1325.0785 100.899
2479400 1325.2269 100.90512
2479600 1325.3765 100.90525
2479800 1325.5259 100.90701
2480000 1325.6826 100.93657
2480200 1325.8361 100.94827
2480400 1326.0036 100.95419
2480600 1326.154 100.96099
2480800 1326.3144 100.97484
2481000 1326.4566 100.99272
2481200 1326.6271 101.02138
2481400 1326.81 101.03499
2481600 1326.9641 101.04316
2481800 1327.1039 101.04718
2482000 1327.2742 101.04012
2482200 1327.424 101.05825
2482400 1327.5754 101.08399
2482600 1327.7482 101.10069
2482800 1327.9009 101.13511
2483000 1328.0632 101.13604
2483200 1328.211 101.14389
2483400 1328.3752 101.16882
2483600 1328.5381 101.17979
2483800 1328.6899 101.19434
2484000 1328.8571 101.2109
2484200 1329.0344 101.20214
2484400 1329.2113 101.22145
2484600 1329.3687 101.22517
2484800 1329.54 101.21245
2485000 1329.7071 101.23034
2485200 1329.8865 101.24327
2485400 1330.0397 101.25672
2485600 1330.1925 101.26057
2485800 1330.3654 101.29111
2486000 1330.5342 101.31696
2486200 1330.6822 101.3254
2486400 1330.8568 101.34563
2486600 1331.0144 101.35547
2486800 1331.1647 101.36835
2487000 1331.3174 101.38966
2487200 1331.4767 101.40609
2487400 1331.6393 101.40805
2487600 1331.8163 101.43715
2487800 1331.9814 101.43953
2488000 1332.1365 101.45871
2488200 1332.2936 101.46818
2488400 1332.449 101.49391
2488600 1332.5992 101.52895
2488800 1332.7393 101.53925
2489000 1332.8835 101.55658
2489200 1333.0193 101.56003
2489400 1333.1699 101.57933
2489600 1333.338 101.5993
2489800 1333.5166 101.61778
2490000 1333.6717 101.6311
2490200 1333.8462 101.64217
2490400 1334 101.65277
2490600 1334.1494 101.69088
2490800 1334.304 101.70225
2491000 1334.4788 101.68754
2491200 1334.6442 101.69604
2491400 1334.8199 101.70258
2491600 1334.9657 101.71616
2491800 1335.1265 101.72184
2492000 1335.272 101.73418
2492200 1335.4452 101.75562
2492400 1335.6022 101.78198
2492600 1335.7584 101.81489
2492800 1335.9008 101.8255
2493000 1336.0642 101.85117
2493200 1336.2334 101.88812
2493400 1336.3919 101.90891
2493600 1336.5319 101.93083
2493800 1336.6898 101.9496
2494000 1336.8462 101.96308
2494200 1336.9936 101.97994
2494400 1337.1419 101.9886
2494600 1337.2991 102.00635
2494800 1337.4669 102.01865
2495000 1337.6319 102.02142
2495200 1337.8109 102.03533
2495400 1337.9928 102.04761
2495600 1338.1697 102.05662
2495800 1338.3312 102.08142
2496000 1338.4783 102.07472
2496200 1338.6242 102.07433
2496400 1338.7742 102.06969
2496600 1338.9278 102.06752
2496800 1339.0921 102.07528
2497000 1339.2491 102.07515
2497200 1339.4059 102.10969
2497400 1339.5545 102.1121
2497600 1339.7037 102.1011
2497800 1339.8722 102.10743
2498000 1340.0516 102.10956
2498200 1340.1971 102.10432
2498400 1340.3302 102.09604
2498600 1340.4893 102.09945
2498800 1340.658 102.09954
2499000 1340.792 102.09898
2499200 1340.9383 102.10331
2499400 1341.0855 102.09913
2499600 1341.2264 102.08682
2499800 1341.3723 102.08474
2500000 1341.5338 102.07767
2500200 1341.6894 102.06718
2500400 1341.838 102.09221
2500600 1341.9949 102.10173
2500800 1342.1379 102.10271
2501000 1342.298 102.09767
2501200 1342.4499 102.09833
2501400 1342.6178 102.12361
2501600 1342.7622 102.14796
2501800 1342.9131 102.16961
2502000 1343.0833 102.17433
2502200 1343.2283 102.18912
2502400 1343.3807 102.20816
2502600 1343.5253 102.22082
2502800 1343.681 102.21208
2503000 1343.8258 102.21153
2503200 1343.9998 102.21741
2503400 1344.1688 102.23155
2503600 1344.3157 102.26437
2503800 1344.4551 102.29586
2504000 1344.6162 102.32062
2504200 1344.7901 102.33324
2504400 1344.9283 102.34049
2504600 1345.0636 102.33334
2504800 1345.2262 102.33169
2505000 1345.3872 102.36039
2505200 1345.5352 102.37605
2505400 1345.6879 102.39563
2505600 1345.832 102.41456
2505800 1345.9719 102.41035
2506000 1346.1143 102.41631
2506200 1346.2646 102.42837
2506400 1346.3931 102.45691
2506600 1346.5447 102.48305
2506800 1346.6921 102.50486
2507000 1346.8244 102.49666
2507200 1346.9996 102.52138
2507400 1347.1657 102.54524
2507600 1347.3387 102.56189
2507800 1347.5069 102.58161
2508000 1347.6847 102.59974
2508200 1347.8502 102.62561
2508400 1348.0029 102.63025
2508600 1348.159 102.64106
2508800 1348.3119 102.6644
2509000 1348.4775 102.67789
2509200 1348.6333 102.67357
2509400 1348.7901 102.6946
2509600 1348.9474 102.6959
2509800 1349.1084 102.69085
2510000 1349.2689 102.70818
2510200 1349.4305 102.71812
2510400 1349.6046 102.71024
2510600 1349.7822 102.70033
2510800 1349.9256 102.70264
2511000 1350.0813 102.71019
2511200 1350.2275 102.73439
2511400 1350.3792 102.75827
2511600 1350.5287 102.75127
2511800 1350.6722 102.75961
2512000 1350.8336 102.76655
2512200 1350.9872 102.79068
2512400 1351.1377 102.78301
2512600 1351.2898 102.78945
2512800 1351.444 102.79236
2513000 1351.5955 102.81522
2513200 1351.7417 102.83516
2513400 1351.881 102.83318
2513600 1352.0498 102.83424
2513800 1352.1978 102.85278
2514000 1352.3249 102.87808
2514200 1352.4708 102.88949
2514400 1352.6166 102.91626
2514600 1352.7433 102.93354
2514800 1352.8843 102.94939
2515000 1353.0246 102.96261
2515200 1353.1831 102.97521
2515400 1353.3486 103.01233
2515600 1353.4972 103.02539
2515800 1353.6737 103.03446
2516000 1353.8054 103.0515
2516200 1353.9736 103.05841
2516400 1354.1183 103.07765
2516600 1354.2514 103.09869
2516800 1354.3931 103.11295
2517000 1354.5457 103.11524
2517200 1354.6909 103.13176
2517400 1354.8309 103.14465
2517600 1354.9675 103.16624
2517800 1355.1154 103.18782
2518000 1355.2578 103.18371
2518200 1355.4121 103.18594
2518400 1355.5744 103.18365
2518600 1355.7326 103.18344
2518800 1355.8973 103.1859
2519000 1356.0344 103.20853
2519200 1356.1661 103.21685
2519400 1356.314 103.22846
2519600 1356.4551 103.22406
2519800 1356.6015 103.24606
2520000 1356.7655 103.25852
2520200 1356.9225 103.28212
2520400 1357.0601 103.30586
2520600 1357.2081 103.34164
2520800 1357.3577 103.35985
2521000 1357.4934 103.38024
2521200 1357.648 103.40316
2521400 1357.7852 103.42249
2521600 1357.9325 103.44658
2521800 1358.0769 103.44727
2522000 1358.2169 103.46969
2522200 1358.3606 103.49038
2522400 1358.527 103.51504
2522600 1358.6858 103.50374
2522800 1358.8445 103.51149
2523000 1358.9871 103.53536
2523200 1359.1365 103.53717
2523400 1359.2765 103.55325
2523600 1359.4173 103.56687
2523800 1359.5594 103.57725
2524000 1359.6985 103.57897
2524200 1359.8609 103.56448
2524400 1359.9857 103.55801
2524600 1360.1257 103.56198
2524800 1360.2883 103.57847
2525000 1360.4325 103.58876
2525200 1360.5945 103.59152
2525400 1360.7399 103.59835
2525600 1360.9211 103.60304
2525800 1361.0528 103.61829
2526000 1361.2158 103.63733
2526200 1361.3768 103.65466
2526400 1361.5292 103.64549
2526600 1361.6688 103.66206
2526800 1361.8226 103.6724
2527000 1361.9828 103.67852
2527200 1362.1567 103.69757
2527400 1362.3122 103.70777
2527600 1362.4641 103.71118
2527800 1362.6265 103.73512
2528000 1362.7574 103.74215
2528200 1362.9096 103.74782
2528400 1363.061 103.77235
2528600 1363.2233 103.78237
2528800 1363.3471 103.7882
2529000 1363.5055 103.80124
2529200 1363.6393 103.78971
2529400 1363.7882 103.78449
2529600 1363.9121 103.78182
2529800 1364.0399 103.78249
2530000 1364.1718 103.7945
2530200 1364.3358 103.80402
2530400 1364.4751 103.82941
2530600 1364.6302 103.84409
2530800 1364.7891 103.84499
2531000 1364.9244 103.85082
2531200 1365.0641 103.86545
2531400 1365.2148 103.86135
2531600 1365.3839 103.87529
2531800 1365.5547 103.89755
2532000 1365.7032 103.90671
2532200 1365.8643 103.91394
2532400 1366.0095 103.93344
2532600 1366.1617 103.93599
2532800 1366.3199 103.93865
2533000 1366.4643 103.94071
2533200 1366.6034 103.94924
2533400 1366.7402 103.95973
2533600 1366.8895 103.95487
2533800 1367.0281 103.94813
2534000 1367.1966 103.95979
2534200 1367.3433 103.98522
2534400 1367.499 103.98617
2534600 1367.6203 104.0118
2534800 1367.7753 104.02775
2535000 1367.8985 104.03115
2535200 1368.0418 104.05309
2535400 1368.1595 104.06755
2535600 1368.3126 104.08074
2535800 1368.4522 104.0981
2536000 1368.6239 104.12439
2536200 1368.7652 104.14591
2536400 1368.9327 104.17214
2536600 1369.0748 104.17611
2536800 1369.2108 104.18344
2537000 1369.3594 104.1954
2537200 1369.5088 104.20948
2537400 1369.6701 104.24989
2537600 1369.8362 104.30629
2537800 1369.9719 104.36513
2538000 1370.1108 104.39889
2538200 1370.2486 104.41528
2538400 1370.3838 104.45928
2538600 1370.5358 104.5016
2538800 1370.6832 104.52027
2539000 1370.8303 104.54139
2539200 1370.9928 104.57351
2539400 1371.156 104.60095
2539600 1371.2886 104.6204
2539800 1371.4633 104.64785
2540000 1371.6182 104.67249
2540200 1371.7731 104.68421
2540400 1371.9104 104.70918
2540600 1372.0657 104.7383
2540800 1372.2051 104.76525
2541000 1372.3387 104.79361
2541200 1372.5064 104.802
2541400 1372.6596 104.82198
2541600 1372.8138 104.84497
2541800 1372.972 104.8695
2542000 1373.1433 104.88781
2542200 1373.3006 104.91521
2542400 1373.4553 104.93638
2542600 1373.6198 104.95494
2542800 1373.7703 104.98545
2543000 1373.8953 105.01622
2543200 1374.0534 105.03006
2543400 1374.1929 105.07959
2543600 1374.3479 105.1159
2543800 1374.4977 105.13679
2544000 1374.6621 105.16428
2544200 1374.8217 105.1805
2544400 1374.9754 105.20375
2544600 1375.1261 105.2246
2544800 1375.2958 105.245
2545000 1375.4467 105.26474
2545200 1375.6012 105.30084
2545400 1375.784 105.33107
2545600 1375.9574 105.36168
2545800 1376.0965 105.38046
2546000 1376.2236 105.40942
2546200 1376.3559 105.42733
2546400 1376.5222 105.44649
2546600 1376.6697 105.46663
2546800 1376.829 105.48114
2547000 1376.9592 105.50445
2547200 1377.1102 105.53357
2547400 1377.2703 105.55559
2547600 1377.4033 105.56511
2547800 1377.5295 105.59867
2548000 1377.6874 105.62605
2548200 1377.8237 105.63497
2548400 1377.9638 105.64293
2548600 1378.119 105.68238
2548800 1378.2491 105.71525
2549000 1378.3958 105.73837
2549200 1378.529 105.76801
2549400 1378.6717 105.80429
2549600 1378.8113 105.83217
2549800 1378.9497 105.86043
2550000 1379.0987 105.90179
2550200 1379.2427 105.94428
2550400 1379.3835 105.9764
2550600 1379.5208 106.00694
2550800 1379.6706 106.03958
2551000 1379.8152 106.07387
2551200 1379.9805 106.08044
2551400 1380.1438 106.09791
2551600 1380.2978 106.11562
2551800 1380.4394 106.15915
2552000 1380.5922 106.17679
2552200 1380.7367 106.20221
2552400 1380.8917 106.23156
2552600 1381.0449 106.26544
2552800 1381.1993 106.30507
2553000 1381.341 106.33723
2553200 1381.5038 106.393
2553400 1381.6612 106.43106
2553600 1381.812 106.49001
2553800 1381.9443 106.53348
2554000 1382.092 106.56768
2554200 1382.2533 106.61415
2554400 1382.407 106.63601
2554600 1382.5364 106.66091
2554800 1382.682 106.70496
2555000 1382.8179 106.73704
2555200 1382.9755 106.78636
2555400 1383.1231 106.81808
2555600 1383.2743 106.8619
2555800 1383.4056 106.9044
2556000 1383.5475 106.96292
2556200 1383.6934 106.99865
2556400 1383.8398 107.0357
2556600 1383.9692 107.08652
2556800 1384.1154 107.13555
2557000 1384.2707 107.17362
2557200 1384.4168 107.20659
2557400 1384.5884 107.23487
2557600 1384.7658 107.27068
2557800 1384.9249 107.29681
2558000 1385.0708 107.33546
2558200 1385.2522 107.36131
2558400 1385.4164 107.37978
2558600 1385.5762 107.41978
2558800 1385.7306 107.46238
2559000 1385.8787 107.49337
2559200 1386.0312 107.52839
2559400 1386.1584 107.56075
2559600 1386.2982 107.59594
2559800 1386.4432 107.6484
2560000 1386.5934 107.69568
2560200 1386.7409 107.72147
2560400 1386.8893 107.76403
2560600 1387.0429 107.79567
2560800 1387.1746 107.82461
2561000 1387.3149 107.85727
2561200 1387.4684 107.88584
2561400 1387.6085 107.90347
2561600 1387.7454 107.93622
2561800 1387.8833 107.98001
2562000 1388.0317 108.02263
2562200 1388.1927 108.05365
2562400 1388.3428 108.08465
2562600 1388.5127 108.11449
2562800 1388.6955 108.12572
2563000 1388.8571 108.14619
2563200 1389.0193 108.18087
2563400 1389.1736 108.21864
2563600 1389.3437 108.25155
2563800 1389.5008 108.28225
2564000 1389.6499 108.29541
2564200 1389.8255 108.3242
2564400 1389.9647 108.383
2564600 1390.106 108.40058
2564800 1390.2751 108.42262
2565000 1390.449 108.47274
2565200 1390.6056 108.51882
2565400 1390.7489 108.53893
2565600 1390.913 108.57516
2565800 1391.0716 108.62193
2566000 1391.219 108.64864
2566200 1391.3779 108.6586
2566400 1391.5213 108.68223
2566600 1391.6645 108.70221
2566800 1391.8115 108.70403
2567000 1391.9651 108.72984
2567200 1392.1263 108.73824
2567400 1392.2906 108.76362
2567600 1392.4411 108.77548
2567800 1392.5986 108.80355
2568000 1392.7623 108.84456
2568200 1392.9267 108.87091
2568400 1393.0707 108.91167
2568600 1393.2108 108.94752
2568800 1393.3461 108.97143
2569000 1393.4881 109.017
2569200 1393.6373 109.07584
2569400 1393.791 109.11812
2569600 1393.9299 109.16907
2569800 1394.0767 109.21766
2570000 1394.2393 109.26209
2570200 1394.384 109.29373
2570400 1394.5359 109.3256
2570600 1394.6779 109.3612
2570800 1394.8436 109.39613
2571000 1394.9967 109.42112
2571200 1395.1349 109.45409
2571400 1395.2725 109.49227
2571600 1395.3998 109.51337
2571800 1395.5246 109.54282
2572000 1395.6521 109.56921
2572200 1395.7788 109.60423
2572400 1395.9135 109.64077
2572600 1396.0317 109.67689
2572800 1396.1882 109.71604
2573000 1396.3211 109.75288
2573200 1396.4745 109.79893
2573400 1396.6227 109.85394
2573600 1396.7887 109.90682
2573800 1396.9387 109.92362
2574000 1397.0828 109.94912
2574200 1397.2165 110.00503
2574400 1397.3321 110.04287
2574600 1397.4915 110.08206
2574800 1397.6347 110.12389
2575000 1397.7829 110.16556
2575200 1397.9123 110.21162
2575400 1398.0583 110.24903
2575600 1398.2004 110.30281
2575800 1398.3358 110.33477
2576000 1398.4959 110.39202
2576200 1398.6592 110.42411
2576400 1398.7801 110.45087
2576600 1398.9263 110.48801
2576800 1399.079 110.5424
2577000 1399.2114 110.57835
2577200 1399.3426 110.61202
2577400 1399.468 110.64675
2577600 1399.6199 110.69891
2577800 1399.777 110.72409
2578000 1399.931 110.75262
2578200 1400.0704 110.77291
2578400 1400.2216 110.80844
2578600 1400.3701 110.82465
2578800 1400.5162 110.8291
2579000 1400.6515 110.84019
2579200 1400.7935 110.87372
2579400 1400.9431 110.9034
2579600 1401.1086 110.942
2579800 1401.2718 110.96711
2580000 1401.4171 110.99475
2580200 1401.5542 111.01076
2580400 1401.7 111.04233
2580600 1401.8533 111.06638
2580800 1402.0024 111.0941
2581000 1402.1553 111.1219
2581200 1402.2995 111.13703
2581400 1402.4361 111.15208
2581600 1402.5962 111.17229
2581800 1402.7459 111.16125
2582000 1402.9072 111.16742
2582200 1403.0824 111.19638
2582400 1403.2486 111.19538
2582600 1403.4017 111.19614
2582800 1403.5534 111.22849
2583000 1403.7213 111.24512
2583200 1403.8874 111.25717
2583400 1404.0495 111.28164
2583600 1404.227 111.30536
2583800 1404.387 111.3033
2584000 1404.5533 111.33448
2584200 1404.7097 111.37214
2584400 1404.8632 111.40617
2584600 1405.0316 111.42651
2584800 1405.2161 111.45599
2585000 1405.3801 111.46167
2585200 1405.5564 111.44577
2585400 1405.7288 111.43741
2585600 1405.9043 111.4354
2585800 1406.0827 111.46241
2586000 1406.2383 111.46636
2586200 1406.4106 111.48037
2586400 1406.5692 111.50214
2586600 1406.732 111.51463
2586800 1406.8832 111.53056
2587000 1407.0519 111.53783
2587200 1407.2161 111.53752
2587400 1407.4024 111.55889
2587600 1407.569 111.54435
2587800 1407.7363 111.55304
2588000 1407.909 111.55953
2588200 1408.0867 111.57412
2588400 1408.2566 111.57498
2588600 1408.4194 111.56284
2588800 1408.5893 111.5757
2589000 1408.7731 111.59035
2589200 1408.9318 111.58592
2589400 1409.1177 111.58961
2589600 1409.2764 111.61163
2589800 1409.4555 111.63613
2590000 1409.6162 111.6415
2590200 1409.7882 111.64173
2590400 1409.9549 111.63374
2590600 1410.1077 111.64889
2590800 1410.273 111.66172
2591000 1410.4409 111.66303
2591200 1410.6101 111.67653
2591400 1410.7793 111.70505
2591600 1410.9539 111.72972
2591800 1411.1095 111.74117
2592000 1411.2668 111.76027
2592200 1411.4279 111.76615
2592400 1411.5783 111.80432
2592600 1411.7437 111.80637
2592800 1411.9327 111.82885
2593000 1412.0922 111.85546
2593200 1412.2829 111.85369
2593400 1412.4577 111.84619
2593600 1412.6229 111.86133
2593800 1412.7955 111.85323
2594000 1412.9634 111.85727
2594200 1413.1401 111.86454
2594400 1413.3121 111.89338
2594600 1413.4895 111.88422
2594800 1413.6666 111.87716
2595000 1413.8305 111.88107
2595200 1413.9844 111.86249
2595400 1414.1698 111.86291
2595600 1414.3516 111.88018
2595800 1414.5153 111.87188
2596000 1414.6865 111.86311
2596200 1414.8487 111.8473
2596400 1415.0161 111.84409
2596600 1415.1763 111.83316
2596800 1415.3331 111.83537
2597000 1415.4908 111.83282
2597200 1415.6523 111.82859
2597400 1415.8021 111.82994
2597600 1415.9461 111.83466
2597800 1416.1144 111.83219
2598000 1416.2623 111.81785
2598200 1416.4306 111.81636
2598400 1416.5911 111.82418
2598600 1416.7612 111.81578
2598800 1416.9301 111.81183
2599000 1417.1178 111.80943
2599200 1417.2905 111.80902
2599400 1417.4657 111.81239
2599600 1417.634 111.80157
2599800 1417.7999 111.81195
2600000 1417.9673 111.81937
2600200 1418.1187 111.80451
2600400 1418.2907 111.80216
2600600 1418.48 111.80434
2600800 1418.6625 111.80206
2601000 1418.8453 111.79556
2601200 1419.0235 111.78925
2601400 1419.1958 111.79032
2601600 1419.3671 111.79105
2601800 1419.556 111.78561
2602000 1419.7237 111.76582
2602200 1419.9066 111.75406
2602400 1420.0824 111.74456
2602600 1420.2615 111.72996
2602800 1420.4366 111.74033
2603000 1420.6088 111.74734
2603200 1420.7586 111.74951
2603400 1420.9335 111.75135
2603600 1421.0862 111.75819
2603800 1421.2435 111.76118
2604000 1421.4096 111.7532
2604200 1421.6128 111.74896
2604400 1421.809 111.74675
2604600 1421.991 111.75533
2604800 1422.1582 111.77384
2605000 1422.3317 111.76487
2605200 1422.5108 111.75283
2605400 1422.6694 111.75636
2605600 1422.8509 111.74709
2605800 1423.0152 111.7428
2606000 1423.1874 111.72253
2606200 1423.3485 111.71184
2606400 1423.5207 111.69728
2606600 1423.6943 111.68216
2606800 1423.8739 111.65722
2607000 1424.0595 111.66602
2607200 1424.2222 111.67041
2607400 1424.4255 111.69186
2607600 1424.598 111.70946
2607800 1424.7841 111.69299
2608000 1424.9715 111.70011
2608200 1425.1461 111.69212
2608400 1425.3379 111.70174
2608600 1425.5082 111.68846
2608800 1425.6823 111.68691
2609000 1425.8441 111.68748
2609200 1426.0284 111.67867
2609400 1426.1923 111.67453
2609600 1426.3607 111.66335
2609800 1426.5403 111.66244
2610000 1426.7192 111.65877
2610200 1426.8991 111.63246
2610400 1427.0852 111.61274
2610600 1427.2406 111.57501
2610800 1427.418 111.54951
2611000 1427.5949 111.52335
2611200 1427.7809 111.48958
2611400 1427.9682 111.47587
2611600 1428.1349 111.45197
2611800 1428.3026 111.42455
2612000 1428.4787 111.41729
2612200 1428.6641 111.40778
2612400 1428.8293 111.39988
2612600 1429.0037 111.3847
2612800 1429.1791 111.36043
2613000 1429.3435 111.34546
2613200 1429.5092 111.31552
2613400 1429.6841 111.30583
2613600 1429.8659 111.30193
2613800 1430.0365 111.26442
2614000 1430.2084 111.24212
2614200 1430.3872 111.22821
2614400 1430.5564 111.20607
2614600 1430.7524 111.18686
2614800 1430.9353 111.18458
2615000 1431.1274 111.18451
2615200 1431.3181 111.16847
2615400 1431.5071 111.15509
2615600 1431.6975 111.12676
2615800 1431.8966 111.13195
2616000 1432.0838 111.12364
2616200 1432.2751 111.10971
2616400 1432.4711 111.09895
2616600 1432.6703 111.08379
2616800 1432.857 111.08009
2617000 1433.0425 111.04525
2617200 1433.2227 111.01009
2617400 1433.4154 111.00883
2617600 1433.6025 111.02415
2617800 1433.7736 111.00113
2618000 1433.9642 110.97978
2618200 1434.1638 110.96303
2618400 1434.3596 110.95988
2618600 1434.5509 110.95409
2618800 1434.7554 110.93251
2619000 1434.9471 110.90887
2619200 1435.1103 110.88801
2619400 1435.297 110.89662
2619600 1435.4915 110.87473
2619800 1435.6625 110.85825
2620000 1435.857 110.837
2620200 1436.0395 110.80791
2620400 1436.2311 110.76658
2620600 1436.399 110.76721
2620800 1436.5779 110.74961
2621000 1436.7541 110.72483
2621200 1436.9379 110.7204
2621400 1437.1454 110.68813
2621600 1437.3361 110.65952
2621800 1437.5312 110.62875
2622000 1437.7254 110.59537
2622200 1437.9374 110.5715
2622400 1438.1268 110.55011
2622600 1438.3262 110.53567
2622800 1438.5184 110.52036
2623000 1438.6803 110.50832
2623200 1438.8751 110.49873
2623400 1439.0495 110.46619
2623600 1439.2479 110.45036
2623800 1439.4286 110.41
2624000 1439.6139 110.37476
2624200 1439.8169 110.37301
2624400 1440.0035 110.36169
2624600 1440.1917 110.33554
2624800 1440.3745 110.32426
2625000 1440.5689 110.30505
2625200 1440.7534 110.2871
2625400 1440.9414 110.28274
2625600 1441.1252 110.2661
2625800 1441.301 110.2575
2626000 1441.4888 110.24337
2626200 1441.6765 110.20172
2626400 1441.8535 110.17339
2626600 1442.0622 110.14312
2626800 1442.2509 110.10627
2627000 1442.4361 110.09067
2627200 1442.6204 110.06941
2627400 1442.8001 110.04754
2627600 1443.0033 110.03717
2627800 1443.19 110.0213
2628000 1443.3642 109.99726
2628200 1443.5619 109.96263
2628400 1443.761 109.94518
2628600 1443.9482 109.92701
2628800 1444.151 109.90691
2629000 1444.3604 109.88938
2629200 1444.5532 109.8702
2629400 1444.7778 109.85204
2629600 1444.9883 109.83653
2629800 1445.1812 109.81088
2630000 1445.3792 109.79803
2630200 1445.5939 109.78942
2630400 1445.7889 109.78874
2630600 1445.984 109.77018
2630800 1446.1773 109.77516
2631000 1446.3733 109.74716
2631200 1446.5725 109.73005
2631400 1446.7591 109.71507
2631600 1446.9416 109.69471
2631800 1447.1416 109.67767
2632000 1447.3442 109.64478
2632200 1447.5727 109.61858
2632400 1447.76 109.59163
2632600 1447.9793 109.56365
2632800 1448.1764 109.55445
2633000 1448.3803 109.52581
2633200 1448.5678 109.51012
2633400 1448.7698 109.48593
2633600 1448.9903 109.47107
2633800 1449.1839 109.46315
2634000 1449.3779 109.4368
2634200 1449.5813 109.42222
2634400 1449.7985 109.40843
2634600 1450.0134 109.38565
2634800 1450.2181 109.36508
2635000 1450.4101 109.33109
2635200 1450.617 109.28288
2635400 1450.81 109.25973
2635600 1451.0258 109.23478
2635800 1451.2289 109.21564
2636000 1451.4395 109.19046
2636200 1451.6469 109.16926
2636400 1451.8654 109.15521
2636600 1452.0698 109.11044
2636800 1452.2713 109.11404
2637000 1452.4667 109.09311
2637200 1452.6655 109.07151
2637400 1452.8897 109.05691
2637600 1453.0995 109.01971
2637800 1453.3317 108.99341
2638000 1453.5445 108.94631
2638200 1453.7518 108.92163
2638400 1453.9835 108.90126
2638600 1454.1629 108.87977
2638800 1454.371 108.86483
2639000 1454.5893 108.84755
2639200 1454.8026 108.82454
2639400 1455.0081 108.80854
2639600 1455.2377 108.80408
2639800 1455.4301 108.7865
2640000 1455.6274 108.77142
2640200 1455.8298 108.74495
2640400 1456.0343 108.69997
2640600 1456.2286 108.67635
2640800 1456.426 108.66251
2641000 1456.6271 108.64135
2641200 1456.8103 108.62638
2641400 1457.004 108.59118
2641600 1457.2051 108.56106
2641800 1457.4116 108.54091
2642000 1457.6226 108.52579
2642200 1457.8161 108.50541
2642400 1458.0028 108.48872
2642600 1458.2139 108.47348
2642800 1458.4053 108.43907
2643000 1458.6182 108.41023
2643200 1458.8289 108.37421
2643400 1459.0521 108.35984
2643600 1459.258 108.34903
2643800 1459.4586 108.3397
2644000 1459.6659 108.30654
2644200 1459.8658 108.28509
2644400 1460.0634 108.26433
2644600 1460.2885 108.2288
2644800 1460.4761 108.21427
2645000 1460.6873 108.18954
2645200 1460.8881 108.14697
2645400 1461.0921 108.10507
2645600 1461.2983 108.07777
2645800 1461.5052 108.05218
2646000 1461.6987 108.03936
2646200 1461.9076 108.01486
2646400 1462.1171 107.97952
2646600 1462.3195 107.97019
2646800 1462.5227 107.97034
2647000 1462.7319 107.95434
2647200 1462.9309 107.93193
2647400 1463.1309 107.90493
2647600 1463.3443 107.87656
2647800 1463.5429 107.86041
2648000 1463.7391 107.84119
2648200 1463.9414 107.8129
2648400 1464.1297 107.78824
2648600 1464.3268 107.76921
2648800 1464.5396 107.76813
2649000 1464.7565 107.74271
2649200 1464.9628 107.72057
2649400 1465.1793 107.70956
2649600 1465.3824 107.6943
2649800 1465.5915 107.67415
2650000 1465.8062 107.64283
2650200 1466.0041 107.59183
2650400 1466.207 107.56125
2650600 1466.4238 107.54499
2650800 1466.6374 107.51946
2651000 1466.8337 107.49111
2651200 1467.0711 107.47373
2651400 1467.2799 107.45821
2651600 1467.5054 107.42246
2651800 1467.7162 107.40406
2652000 1467.917 107.37626
2652200 1468.1258 107.3593
2652400 1468.3365 107.34092
2652600 1468.5304 107.29507
2652800 1468.7559 107.27303
2653000 1468.9435 107.23112
2653200 1469.1393 107.2349
2653400 1469.3562 107.22372
2653600 1469.5833 107.21027
2653800 1469.7945 107.18392
2654000 1470.0135 107.16153
2654200 1470.218 107.1431
2654400 1470.4197 107.12546
2654600 1470.6425 107.10459
2654800 1470.8596 107.08998
2655000 1471.0719 107.0706
2655200 1471.2902 107.06335
2655400 1471.5024 107.05711
2655600 1471.705 107.049
2655800 1471.8824 107.03655
2656000 1472.0805 107.03706
2656200 1472.2769 107.02358
2656400 1472.4868 107.00823
2656600 1472.7017 107.00554
2656800 1472.9135 106.97541
2657000 1473.1328 106.96124
2657200 1473.3507 106.94243
2657400 1473.5434 106.95716
2657600 1473.7585 106.98031
2657800 1473.9713 106.98093
2658000 1474.1799 106.98344
2658200 1474.4107 107.01187
2658400 1474.6337 107.02639
2658600 1474.8344 107.03889
2658800 1475.0592 107.05238
2659000 1475.2773 107.04554
2659200 1475.5035 107.05719
2659400 1475.7342 107.05489
2659600 1475.9304 107.05112
2659800 1476.1581 107.05655
2660000 1476.3757 107.06917
2660200 1476.6024 107.06267
2660400 1476.8216 107.05432
2660600 1477.0417 107.06182
2660800 1477.2745 107.0756
2661000 1477.51 107.0815
2661200 1477.7535 107.07113
2661400 1477.9846 107.06584
2661600 1478.2105 107.08322
2661800 1478.4219 107.07704
2662000 1478.6198 107.05187
2662200 1478.8429 107.0576
2662400 1479.0627 107.06196
2662600 1479.286 107.05743
2662800 1479.514 107.03785
2663000 1479.7387 107.03479
2663200 1479.9642 107.03362
2663400 1480.1907 107.02257
2663600 1480.4182 107.00281
2663800 1480.6304 107.00463
2664000 1480.8416 106.99044
2664200 1481.0659 106.99001
2664400 1481.2952 107.00411
2664600 1481.511 107.01513
2664800 1481.7174 107.02186
2665000 1481.9353 107.04944
2665200 1482.1773 107.07152
2665400 1482.4099 107.07814
2665600 1482.6437 107.09955
2665800 1482.8664 107.13001
2666000 1483.1134 107.14882
2666200 1483.3558 107.15939
2666400 1483.5893 107.17269
2666600 1483.8082 107.17009
2666800 1484.0462 107.17464
2667000 1484.2763 107.18418
2667200 1484.5089 107.1975
2667400 1484.7458 107.22713
2667600 1484.9573 107.24175
2667800 1485.1699 107.25649
2668000 1485.4076 107.26907
2668200 1485.6492 107.26989
2668400 1485.8719 107.26752
2668600 1486.0903 107.2459
2668800 1486.3084 107.24457
2669000 1486.532 107.26708
2669200 1486.7744 107.2998
2669400 1487.0019 107.2841
2669600 1487.2454 107.28349
2669800 1487.4723 107.29479
2670000 1487.7109 107.31084
2670200 1487.9511 107.3351
2670400 1488.2017 107.35038
2670600 1488.4271 107.35493
2670800 1488.6561 107.37307
2671000 1488.8823 107.36821
2671200 1489.1231 107.39041
2671400 1489.3455 107.38389
2671600 1489.5946 107.396
2671800 1489.8144 107.41471
2672000 1490.048 107.42337
2672200 1490.2851 107.42805
2672400 1490.5196 107.41812
2672600 1490.7395 107.41366
2672800 1490.9881 107.39963
2673000 1491.2208 107.39347
2673200 1491.4556 107.4056
2673400 1491.6658 107.3935
2673600 1491.8876 107.40718
2673800 1492.1079 107.4331
2674000 1492.3253 107.43294
2674200 1492.5481 107.43797
2674400 1492.7847 107.44507
2674600 1493.0082 107.45931
2674800 1493.2524 107.47177
2675000 1493.4778 107.47218
2675200 1493.7051 107.49118
2675400 1493.9172 107.51731
2675600 1494.1201 107.5372
2675800 1494.3291 107.54378
2676000 1494.5535 107.57447
2676200 1494.7735 107.58954
2676400 1495.0037 107.59656
2676600 1495.2469 107.60283
2676800 1495.4807 107.61021
2677000 1495.7144 107.61862
2677200 1495.9755 107.6451
2677400 1496.2289 107.67042
2677600 1496.4776 107.68476
2677800 1496.715 107.70166
2678000 1496.9473 107.7185
2678200 1497.1971 107.74455
2678400 1497.4327 107.79169
2678600 1497.6643 107.81239
2678800 1497.924 107.81373
2679000 1498.1781 107.83641
2679200 1498.4086 107.85
2679400 1498.6366 107.86025
2679600 1498.8689 107.87958
2679800 1499.1272 107.89076
2680000 1499.3632 107.92884
2680200 1499.6074 107.94457
2680400 1499.8609 107.98424
2680600 1500.088 107.98922
2680800 1500.3299 107.99779
2681000 1500.5507 108.00291
2681200 1500.8069 108.0353
2681400 1501.0651 108.08135
2681600 1501.3129 108.10324
2681800 1501.5413 108.11634
2682000 1501.7833 108.12308
2682200 1502.0246 108.13754
2682400 1502.2835 108.164
2682600 1502.5603 108.19322
2682800 1502.8032 108.23175
2683000 1503.0754 108.25813
2683200 1503.3513 108.26639
2683400 1503.5897 108.2898
2683600 1503.8144 108.28291
2683800 1504.059 108.29792
2684000 1504.3056 108.32414
2684200 1504.551 108.35392
2684400 1504.7976 108.37696
2684600 1505.0631 108.40498
2684800 1505.3151 108.41723
2685000 1505.569 108.45026
2685200 1505.8227 108.46786
2685400 1506.0762 108.4666
2685600 1506.3202 108.48593
2685800 1506.5572 108.49339
2686000 1506.7956 108.50015
2686200 1507.0535 108.50829
2686400 1507.3105 108.52819
2686600 1507.5428 108.54044
2686800 1507.8053 108.56417
2687000 1508.0467 108.56121
2687200 1508.2974 108.56782
2687400 1508.5413 108.58317
2687600 1508.7729 108.58706
2687800 1509.0292 108.59183
2688000 1509.2656 108.59538
2688200 1509.5065 108.61186
2688400 1509.7562 108.6119
2688600 1509.9951 108.61919
2688800 1510.2308 108.6391
2689000 1510.4844 108.65481
2689200 1510.7311 108.6774
2689400 1510.995 108.69308
2689600 1511.2448 108.70447
2689800 1511.5117 108.73268
2690000 1511.7501 108.75145
2690200 1511.9935 108.78495
2690400 1512.2627 108.80153
2690600 1512.5045 108.83077
2690800 1512.7811 108.85564
2691000 1513.0252 108.8789
2691200 1513.285 108.90348
2691400 1513.5296 108.92468
2691600 1513.7742 108.95094
2691800 1514.0157 108.97824
2692000 1514.2593 108.9993
2692200 1514.523 109.01051
2692400 1514.7541 109.03427
2692600 1515.0028 109.07324
2692800 1515.2493 109.09098
2693000 1515.484 109.13726
2693200 1515.7154 109.18159
2693400 1515.9591 109.19096
2693600 1516.2141 109.23305
2693800 1516.4665 109.24927
2694000 1516.7066 109.28522
2694200 1516.9245 109.32009
2694400 1517.1624 109.34382
2694600 1517.4119 109.37916
2694800 1517.6606 109.42161
2695000 1517.8871 109.46191
2695200 1518.122 109.48423
2695400 1518.3487 109.50462
2695600 1518.5971 109.56883
2695800 1518.8658 109.58391
2696000 1519.124 109.60895
2696200 1519.3878 109.65589
2696400 1519.6429 109.70482
2696600 1519.9084 109.7297
2696800 1520.1629 109.76208
2697000 1520.4185 109.781
2697200 1520.6666 109.8232
2697400 1520.9322 109.84584
2697600 1521.1632 109.86327
2697800 1521.4162 109.9
2698000 1521.6865 109.9289
2698200 1521.9414 109.94425
2698400 1522.1957 109.9806
2698600 1522.4297 110.01221
2698800 1522.6773 110.04806
2699000 1522.9199 110.08609
2699200 1523.1659 110.12652
2699400 1523.4087 110.13985
2699600 1523.6488 110.1758
2699800 1523.8869 110.22773
2700000 1524.1513 110.25718
2700200 1524.3923 110.31253
2700400 1524.6486 110.34826
2700600 1524.9008 110.4065
2700800 1525.1581 110.43233
2701000 1525.3938 110.46644
2701200 1525.6382 110.51124
2701400 1525.9075 110.54077
2701600 1526.1533 110.56568
2701800 1526.4236 110.59619
2702000 1526.6639 110.631
2702200 1526.9289 110.67161
2702400 1527.178 110.70972
2702600 1527.4203 110.74679
2702800 1527.6621 110.79038
2703000 1527.9133 110.82028
2703200 1528.185 110.8595
2703400 1528.4482 110.8977
2703600 1528.7132 110.93793
2703800 1528.9851 110.95836
2704000 1529.2245 111.01554
2704200 1529.4997 111.05026
2704400 1529.7544 111.08069
2704600 1530.0154 111.11131
2704800 1530.2581 111.12747
2705000 1530.5062 111.17508
2705200 1530.7514 111.20902
2705400 1530.9804 111.2394
2705600 1531.2261 111.25986
2705800 1531.4817 111.29399
2706000 1531.7186 111.34609
2706200 1531.9702 111.38072
2706400 1532.2264 111.3925
2706600 1532.4907 111.41928
2706800 1532.7532 111.48715
2707000 1533.0024 111.54214
2707200 1533.2447 111.58703
2707400 1533.4815 111.65156
2707600 1533.7226 111.69069
2707800 1533.9775 111.75908
2708000 1534.2114 111.7847
2708200 1534.4702 111.80811
2708400 1534.7194 111.83927
2708600 1534.9751 111.87015
2708800 1535.2152 111.89747
2709000 1535.4726 111.92344
2709200 1535.7289 111.96471
2709400 1535.9586 112.0192
2709600 1536.2059 112.07306
2709800 1536.4674 112.09034
2710000 1536.7264 112.11632
2710200 1536.9819 112.16129
2710400 1537.2437 112.19366
2710600 1537.4941 112.23213
2710800 1537.7578 112.26933
2711000 1538.0272 112.32614
2711200 1538.2779 112.33748
2711400 1538.5522 112.39615
2711600 1538.8171 112.44786
2711800 1539.0828 112.48344
2712000 1539.342 112.52705
2712200 1539.6122 112.55231
2712400 1539.885 112.60644
2712600 1540.1424 112.65589
2712800 1540.4027 112.70968
2713000 1540.6679 112.7413
2713200 1540.9498 112.79763
2713400 1541.2197 112.85299
2713600 1541.4787 112.89286
2713800 1541.7468 112.93858
2714000 1542.0156 113.0074
2714200 1542.271 113.0764
2714400 1542.5246 113.1327
2714600 1542.7754 113.17925
2714800 1543.0382 113.2474
2715000 1543.3046 113.28085
2715200 1543.5738 113.32172
2715400 1543.8701 113.40294
2715600 1544.1286 113.44383
2715800 1544.3995 113.51102
2716000 1544.6626 113.57288
2716200 1544.9224 113.64223
2716400 1545.1721 113.69947
2716600 1545.4266 113.76602
2716800 1545.6815 113.82429
2717000 1545.9526 113.87101
2717200 1546.2372 113.93405
2717400 1546.5301 113.99844
2717600 1546.8038 114.05949
2717800 1547.0697 114.13006
2718000 1547.3591 114.19025
2718200 1547.6223 114.25394
2718400 1547.8952 114.31436
2718600 1548.1668 114.34215
2718800 1548.4451 114.37399
2719000 1548.7482 114.42415
2719200 1549.0407 114.47744
2719400 1549.3155 114.53163
2719600 1549.5988 114.58544
2719800 1549.889 114.64393
2720000 1550.1703 114.69882
2720200 1550.4531 114.75706
2720400 1550.7171 114.79808
2720600 1550.9878 114.8609
2720800 1551.2922 114.91347
2721000 1551.5888 114.95077
2721200 1551.8689 115.03192
2721400 1552.1557 115.09769
2721600 1552.4522 115.16925
2721800 1552.7129 115.21501
2722000 1552.9863 115.26399
2722200 1553.2732 115.33673
2722400 1553.5387 115.40372
2722600 1553.8207 115.46939
2722800 1554.0832 115.53169
2723000 1554.3707 115.62409
2723200 1554.638 115.70486
2723400 1554.9113 115.78172
2723600 1555.1822 115.85048
2723800 1555.4484 115.93785
2724000 1555.7157 116.00709
2724200 1555.998 116.07775
2724400 1556.3091 116.14683
2724600 1556.5891 116.20502
2724800 1556.8845 116.26705
2725000 1557.176 116.33283
2725200 1557.4746 116.3979
2725400 1557.7835 116.45214
2725600 1558.0636 116.48859
2725800 1558.3511 116.55342
2726000 1558.6647 116.59723
2726200 1558.9636 116.64576
2726400 1559.2526 116.70533
2726600 1559.5215 116.76816
2726800 1559.8077 116.81788
2727000 1560.0778 116.87223
2727200 1560.3752 116.93207
2727400 1560.6698 116.99825
2727600 1560.9501 117.06064
2727800 1561.2257 117.14469
2728000 1561.5236 117.19952
2728200 1561.8087 117.26131
2728400 1562.1034 117.30426
2728600 1562.3995 117.3554
2728800 1562.6923 117.41215
2729000 1562.9829 117.47533
2729200 1563.2637 117.53922
2729400 1563.5472 117.59978
2729600 1563.8371 117.65731
2729800 1564.1286 117.71368
2730000 1564.3897 117.78898
2730200 1564.6737 117.84759
2730400 1564.9724 117.90495
2730600 1565.2595 117.97937
2730800 1565.5408 118.02924
2731000 1565.8197 118.08817
2731200 1566.1033 118.13847
2731400 1566.414 118.20518
2731600 1566.7118 118.25774
2731800 1567.0091 118.33594
2732000 1567.3198 118.40124
2732200 1567.6125 118.46194
2732400 1567.9189 118.52413
2732600 1568.2034 118.60308
2732800 1568.5007 118.66473
2733000 1568.8095 118.75282
2733200 1569.1007 118.82553
2733400 1569.3966 118.88912
2733600 1569.6917 118.94521
2733800 1570.0017 119.02708
2734000 1570.2808 119.08617
2734200 1570.5587 119.15444
2734400 1570.8644 119.20642
2734600 1571.1637 119.2496
2734800 1571.4548 119.30909
2735000 1571.762 119.34918
2735200 1572.0485 119.39759
2735400 1572.3399 119.48636
2735600 1572.6496 119.58208
2735800 1572.923 119.65549
2736000 1573.1911 119.73322
2736200 1573.472 119.7969
2736400 1573.7718 119.87145
2736600 1574.0616 119.94283
2736800 1574.3771 120.01262
2737000 1574.6603 120.08837
2737200 1574.9506 120.16353
2737400 1575.2468 120.22431
2737600 1575.5464 120.28923
2737800 1575.8457 120.36408
2738000 1576.1292 120.42363
2738200 1576.4377 120.5145
2738400 1576.7274 120.59071
2738600 1577.0455 120.67433
2738800 1577.3285 120.74524
2739000 1577.6221 120.81366
2739200 1577.9079 120.89619
2739400 1578.2085 120.98194
2739600 1578.4925 121.04473
2739800 1578.7739 121.12491
2740000 1579.047 121.20008
2740200 1579.33 121.29786
2740400 1579.6127 121.3832
2740600 1579.8984 121.47092
2740800 1580.1851 121.5468
2741000 1580.4722 121.63515
2741200 1580.7667 121.70372
2741400 1581.0641 121.77474
2741600 1581.3795 121.8412
2741800 1581.677 121.91878
2742000 1581.9686 121.99944
2742200 1582.2628 122.07501
2742400 1582.5533 122.16455
2742600 1582.8449 122.25199
2742800 1583.177 122.34882
2743000 1583.4808 122.42808
2743200 1583.7928 122.51502
2743400 1584.0955 122.5995
2743600 1584.3917 122.68445
2743800 1584.6829 122.76987
2744000 1584.9812 122.86038
2744200 1585.2828 122.94492
2744400 1585.6081 123.02092
2744600 1585.9147 123.08708
2744800 1586.2067 123.18246
2745000 1586.4832 123.28278
2745200 1586.7771 123.39376
2745400 1587.0795 123.47867
2745600 1587.3616 123.55411
2745800 1587.6638 123.62637
2746000 1587.9505 123.69601
2746200 1588.2497 123.7942
2746400 1588.5496 123.88099
2746600 1588.8103 123.9542
2746800 1589.0902 124.02601
2747000 1589.3889 124.10185
2747200 1589.6868 124.18785
2747400 1589.9815 124.27212
2747600 1590.2786 124.36073
2747800 1590.5787 124.43953
2748000 1590.8736 124.50964
2748200 1591.1556 124.58198
2748400 1591.4261 124.66216
2748600 1591.7073 124.74471
2748800 1591.9968 124.83127
2749000 1592.2717 124.9284
2749200 1592.554 124.98997
2749400 1592.841 125.05651
2749600 1593.1326 125.1444
2749800 1593.3911 125.22479
2750000 1593.6752 125.29266
2750200 1593.9585 125.37169
2750400 1594.26 125.44214
2750600 1594.5609 125.51866
2750800 1594.84 125.59404
2751000 1595.1463 125.70315
2751200 1595.4637 125.76023
2751400 1595.7509 125.8356
2751600 1596.0479 125.925
2751800 1596.3556 126.01125
2752000 1596.6495 126.07824
2752200 1596.9467 126.14456
2752400 1597.2455 126.21712
2752600 1597.533 126.29439
2752800 1597.8246 126.38754
2753000 1598.1002 126.4667
2753200 1598.3764 126.53822
2753400 1598.6748 126.62812
2753600 1598.9786 126.741
2753800 1599.2645 126.82283
2754000 1599.5428 126.91195
2754200 1599.8242 126.98456
2754400 1600.1099 127.0638
2754600 1600.4031 127.14549
2754800 1600.6906 127.21473
2755000 1600.9652 127.3026
2755200 1601.2628 127.38789
2755400 1601.5576 127.49369
2755600 1601.8692 127.55347
2755800 1602.1713 127.62795
2756000 1602.4711 127.73606
2756200 1602.779 127.81854
2756400 1603.0685 127.88412
2756600 1603.3482 127.94619
2756800 1603.6317 128.00456
2757000 1603.9143 128.09452
2757200 1604.2262 128.1812
2757400 1604.5085 128.26061
2757600 1604.8082 128.33562
2757800 1605.1063 128.42214
2758000 1605.3927 128.47884
2758200 1605.6861 128.55069
2758400 1605.9804 128.61223
2758600 1606.2769 128.66964
2758800 1606.6 128.76234
2759000 1606.9026 128.84708
2759200 1607.2137 128.91607
2759400 1607.5237 129.00428
2759600 1607.8065 129.08986
2759800 1608.0951 129.17291
2760000 1608.3957 129.2557
2760200 1608.7015 129.33194
2760400 1608.9962 129.4054
2760600 1609.2838 129.48911
2760800 1609.5876 129.58211
2761000 1609.8772 129.67619
2761200 1610.1517 129.72883
2761400 1610.4283 129.83133
2761600 1610.7075 129.90156
2761800 1610.9969 129.99607
2762000 1611.2781 130.07224
2762200 1611.5724 130.14165
2762400 1611.8552 130.21972
2762600 1612.153 130.28709
2762800 1612.4368 130.3885
2763000 1612.7227 130.46453
2763200 1613.0254 130.54984
2763400 1613.2905 130.62719
2763600 1613.5621 130.70771
2763800 1613.8654 130.79698
2764000 1614.1519 130.87315
2764200 1614.449 130.95914
2764400 1614.7351 131.04059
2764600 1615.0114 131.12805
2764800 1615.2985 131.21085
2765000 1615.5862 131.31461
2765200 1615.8887 131.41814
2765400 1616.193 131.52586
2765600 1616.472 131.60014
2765800 1616.7557 131.68791
2766000 1617.0734 131.76097
2766200 1617.3771 131.83524
2766400 1617.6637 131.92372
2766600 1617.9512 131.99595
2766800 1618.2529 132.07471
2767000 1618.5715 132.15129
2767200 1618.8724 132.24388
2767400 1619.1634 132.31718
2767600 1619.4555 132.39808
2767800 1619.751 132.47139
2768000 1620.0259 132.55657
2768200 1620.3147 132.62497
2768400 1620.6127 132.71909
2768600 1620.9184 132.7981
2768800 1621.2062 132.88097
2769000 1621.5033 132.96353
2769200 1621.7937 133.0428
2769400 1622.0981 133.11972
2769600 1622.3806 133.17667
2769800 1622.6576 133.25405
2770000 1622.9364 133.33139
2770200 1623.2269 133.42871
2770400 1623.5162 133.49648
2770600 1623.8118 133.59547
2770800 1624.1057 133.67983
2771000 1624.3913 133.76805
2771200 1624.6729 133.85135
2771400 1624.9633 133.95449
2771600 1625.2511 134.04268
2771800 1625.5309 134.13061
2772000 1625.8114 134.20171
2772200 1626.0979 134.30851
2772400 1626.3807 134.35739
2772600 1626.6677 134.46592
2772800 1626.9615 134.54919
2773000 1627.2327 134.62845
2773200 1627.5248 134.69929
2773400 1627.8144 134.77076
2773600 1628.1073 134.84772
2773800 1628.3968 134.93027
2774000 1628.6996 134.99336
2774200 1628.977 135.056
2774400 1629.2542 135.12591
2774600 1629.5382 135.20861
2774800 1629.824 135.30344
2775000 1630.096 135.36611
2775200 1630.3814 135.43874
2775400 1630.6706 135.50753
2775600 1630.9488 135.58139
2775800 1631.243 135.66554
2776000 1631.5243 135.74993
2776200 1631.822 135.84538
2776400 1632.0996 135.92908
2776600 1632.3928 136.00706
2776800 1632.6936 136.10294
2777000 1632.969 136.20148
2777200 1633.2606 136.2812
2777400 1633.5313 136.35037
2777600 1633.8107 136.43244
2777800 1634.0804 136.50557
2778000 1634.3938 136.60236
2778200 1634.6883 136.70819
2778400 1634.9943 136.78646
2778600 1635.2521 136.84808
2778800 1635.529 136.92602
2779000 1635.7986 137.01087
2779200 1636.0704 137.10209
2779400 1636.3634 137.18889
2779600 1636.6579 137.26187
2779800 1636.9435 137.34923
2780000 1637.2629 137.4489
2780200 1637.5627 137.5243
2780400 1637.8628 137.59954
2780600 1638.1234 137.69087
2780800 1638.378 137.75273
2781000 1638.6848 137.85769
2781200 1638.9736 137.94053
2781400 1639.243 138.00958
2781600 1639.5153 138.10034
2781800 1639.7877 138.18097
2782000 1640.0834 138.26697
2782200 1640.3771 138.33969
2782400 1640.6391 138.42003
2782600 1640.9287 138.5103
2782800 1641.2175 138.58928
2783000 1641.5 138.66939
2783200 1641.7857 138.74118
2783400 1642.0617 138.83589
2783600 1642.3506 138.91511
2783800 1642.617 138.99756
2784000 1642.9062 139.09484
2784200 1643.2087 139.18763
2784400 1643.4911 139.28887
2784600 1643.7584 139.38889
2784800 1644.0391 139.46473
2785000 1644.3044 139.54912
2785200 1644.5987 139.62305
2785400 1644.8801 139.68773
2785600 1645.1779 139.78519
2785800 1645.4541 139.85466
2786000 1645.7455 139.9178
2786200 1646.0246 139.99871
2786400 1646.3063 140.0605
2786600 1646.5886 140.13717
2786800 1646.8824 140.21847
2787000 1647.1559 140.28894
2787200 1647.4394 140.36026
2787400 1647.7271 140.42629
2787600 1648.0213 140.49048
2787800 1648.2927 140.56706
2788000 1648.5653 140.64027
2788200 1648.8419 140.7034
2788400 1649.1295 140.76352
2788600 1649.4028 140.83923
2788800 1649.6635 140.92269
2789000 1649.9276 141.01468
2789200 1650.1895 141.07598
2789400 1650.4576 141.14817
2789600 1650.7355 141.22015
2789800 1651.0204 141.31476
2790000 1651.311 141.38341
2790200 1651.6024 141.47855
2790400 1651.8731 141.56563
2790600 1652.1559 141.65894
2790800 1652.4368 141.7372
2791000 1652.7138 141.79568
2791200 1652.9934 141.86883
2791400 1653.2947 141.94395
2791600 1653.5773 142.01744
2791800 1653.8599 142.0834
2792000 1654.1348 142.16133
2792200 1654.4032 142.23737
2792400 1654.6867 142.29488
2792600 1654.9866 142.36855
2792800 1655.264 142.45375
2793000 1655.5507 142.52381
2793200 1655.8489 142.60488
2793400 1656.1599 142.68926
2793600 1656.4529 142.73856
2793800 1656.7339 142.83272
2794000 1657.0121 142.90541
2794200 1657.3079 142.96736
2794400 1657.5787 143.06525
2794600 1657.8588 143.14167
2794800 1658.1555 143.20946
2795000 1658.4541 143.2761
2795200 1658.7384 143.33772
2795400 1659.0286 143.42593
2795600 1659.3 143.49939
2795800 1659.5821 143.57793
2796000 1659.8499 143.64873
2796200 1660.1533 143.722
2796400 1660.4244 143.79514
2796600 1660.7069 143.87267
2796800 1660.9882 143.91131
2797000 1661.2576 143.97476
2797200 1661.5325 144.05206
2797400 1661.8153 144.12792
2797600 1662.1203 144.19968
2797800 1662.3712 144.27418
2798000 1662.664 144.34617
2798200 1662.9332 144.41656
2798400 1663.207 144.49369
2798600 1663.4712 144.57932
2798800 1663.7763 144.66414
2799000 1664.0711 144.72985
2799200 1664.3475 144.80087
2799400 1664.6353 144.86121
2799600 1664.9247 144.94158
2799800 1665.2082 145.02359
2800000 1665.4927 145.10844
2800200 1665.7697 145.1692
2800400 1666.0567 145.24502
2800600 1666.3378 145.3193
2800800 1666.6297 145.38449
2801000 1666.9283 145.45436
2801200 1667.2158 145.53757
2801400 1667.4863 145.60556
2801600 1667.7807 145.68907
2801800 1668.0645 145.76825
2802000 1668.3615 145.83897
2802200 1668.6327 145.9102
2802400 1668.91 145.9936
2802600 1669.195 146.07185
2802800 1669.4725 146.13388
2803000 1669.7515 146.19138
2803200 1669.9958 146.24807
2803400 1670.2638 146.31334
2803600 1670.5667 146.39103
2803800 1670.8552 146.45841
2804000 1671.1394 146.53493
2804200 1671.4181 146.5908
2804400 1671.7106 146.66366
2804600 1671.9934 146.71647
2804800 1672.279 146.77122
2805000 1672.5595 146.82987
2805200 1672.8459 146.8926
2805400 1673.1487 146.96401
2805600 1673.4348 147.03782
2805800 1673.7328 147.10437
2806000 1674.0439 147.17534
2806200 1674.3543 147.25455
2806400 1674.6506 147.32545
2806600 1674.9309 147.3878
2806800 1675.2134 147.4497
2807000 1675.5028 147.50148
2807200 1675.7817 147.56627
2807400 1676.0692 147.62775
2807600 1676.3555 147.69286
2807800 1676.6432 147.74711
2808000 1676.9409 147.82108
2808200 1677.2419 147.89033
2808400 1677.5311 147.95762
2808600 1677.8232 148.00856
2808800 1678.1255 148.0857
2809000 1678.453 148.15215
2809200 1678.76 148.21547
2809400 1679.0479 148.2797
2809600 1679.3394 148.33912
2809800 1679.6323 148.38486
2810000 1679.9248 148.42664
2810200 1680.2077 148.48167
2810400 1680.5099 148.53539
2810600 1680.8159 148.61494
2810800 1681.1271 148.69973
2811000 1681.426 148.78
2811200 1681.7446 148.84909
2811400 1682.0434 148.92457
2811600 1682.3252 148.97708
2811800 1682.621 149.07056
2812000 1682.9109 149.13004
2812200 1683.2042 149.18582
2812400 1683.5002 149.26327
2812600 1683.8034 149.34186
2812800 1684.096 149.40264
2813000 1684.3767 149.47979
2813200 1684.6976 149.54434
2813400 1685.0071 149.64416
2813600 1685.3226 149.72307
2813800 1685.6124 149.80151
2814000 1685.9321 149.86401
2814200 1686.246 149.9273
2814400 1686.5661 149.98891
2814600 1686.8541 150.03994
2814800 1687.1571 150.08618
2815000 1687.4506 150.1458
2815200 1687.7408 150.21273
2815400 1688.0487 150.27859
2815600 1688.3632 150.35494
2815800 1688.6706 150.43559
2816000 1688.9728 150.50485
2816200 1689.278 150.55546
2816400 1689.5693 150.6156
2816600 1689.8845 150.70328
2816800 1690.1934 150.77849
2817000 1690.4955 150.84581
2817200 1690.8008 150.90224
2817400 1691.1303 150.98525
2817600 1691.431 151.06333
2817800 1691.7254 151.14645
2818000 1692.0247 151.24084
2818200 1692.3396 151.32703
2818400 1692.6528 151.38873
2818600 1692.9668 151.47034
2818800 1693.2539 151.54531
2819000 1693.5574 151.59699
2819200 1693.8749 151.69015
2819400 1694.1852 151.7891
2819600 1694.5016 151.86715
2819800 1694.8004 151.94082
2820000 1695.1086 152.02469
2820200 1695.4086 152.08287
2820400 1695.6839 152.16222
2820600 1695.969 152.22674
2820800 1696.2548 152.28833
2821000 1696.5626 152.36524
2821200 1696.8712 152.43122
2821400 1697.19 152.50922
2821600 1697.487 152.59062
2821800 1697.7696 152.67964
2822000 1698.0607 152.72448
2822200 1698.3585 152.80136
2822400 1698.6554 152.8432
2822600 1698.9451 152.92135
2822800 1699.2371 152.98782
2823000 1699.5336 153.05382
2823200 1699.8319 153.11931
2823400 1700.1121 153.17781
2823600 1700.4139 153.25168
2823800 1700.7121 153.3198
2824000 1701.0396 153.39509
2824200 1701.3462 153.45983
2824400 1701.6284 153.51429
2824600 1701.9199 153.55606
2824800 1702.2105 153.61539
2825000 1702.5009 153.68952
2825200 1702.7958 153.76223
2825400 1703.0877 153.84233
2825600 1703.3818 153.9026
2825800 1703.7053 153.98356
2826000 1704.0137 154.06419
2826200 1704.3188 154.14649
2826400 1704.6576 154.23054
2826600 1704.9886 154.29626
2826800 1705.289 154.36364
2827000 1705.6147 154.42332
2827200 1705.9245 154.50034
2827400 1706.2093 154.55931
2827600 1706.5051 154.61038
2827800 1706.8125 154.67443
2828000 1707.1026 154.71924
2828200 1707.404 154.76298
2828400 1707.6944 154.8121
2828600 1707.9927 154.88352
2828800 1708.2966 154.96904
2829000 1708.608 155.06118
2829200 1708.9003 155.13097
2829400 1709.1766 155.17766
2829600 1709.4959 155.24053
2829800 1709.7981 155.32821
2830000 1710.0968 155.39817
2830200 1710.4051 155.48247
2830400 1710.7229 155.56711
2830600 1711.0122 155.63172
2830800 1711.2953 155.70542
2831000 1711.5859 155.76442
2831200 1711.8708 155.83591
2831400 1712.1941 155.89121
2831600 1712.477 155.9523
2831800 1712.7808 156.01386
2832000 1713.0683 156.10323
2832200 1713.373 156.19517
2832400 1713.6704 156.26645
2832600 1713.9722 156.33774
2832800 1714.2781 156.40473
2833000 1714.575 156.4861
2833200 1714.8721 156.55416
2833400 1715.1709 156.66107
2833600 1715.4873 156.76342
2833800 1715.7826 156.8248
2834000 1716.0932 156.89813
2834200 1716.4177 157.00303
2834400 1716.7351 157.0504
2834600 1717.0328 157.14747
2834800 1717.3254 157.23556
2835000 1717.6223 157.31818
2835200 1717.9129 157.37481
2835400 1718.2139 157.45917
2835600 1718.5024 157.538
2835800 1718.7829 157.60241
2836000 1719.0788 157.65796
2836200 1719.3826 157.73495
2836400 1719.6891 157.81453
2836600 1719.9873 157.87855
2836800 1720.3037 157.95018
2837000 1720.5855 158.0269
2837200 1720.8919 158.11376
2837400 1721.2135 158.16701
2837600 1721.5253 158.26165
2837800 1721.8138 158.32491
2838000 1722.1399 158.40562
2838200 1722.4674 158.47872
2838400 1722.778 158.54166
2838600 1723.0868 158.60431
2838800 1723.4106 158.69023
2839000 1723.7091 158.77027
2839200 1724.016 158.82514
2839400 1724.3197 158.88296
2839600 1724.6134 158.93874
2839800 1724.935 159.03686
2840000 1725.2384 159.1123
2840200 1725.5418 159.19293
2840400 1725.8497 159.25116
2840600 1726.1418 159.36266
2840800 1726.4722 159.43517
2841000 1726.7734 159.50775
2841200 1727.0879 159.5806
2841400 1727.4005 159.66157
2841600 1727.7212 159.74443
2841800 1728.0375 159.84392
2842000 1728.356 159.93603
2842200 1728.6733 160.02586
2842400 1728.973 160.10681
2842600 1729.2648 160.17394
2842800 1729.5538 160.24844
2843000 1729.8475 160.33096
2843200 1730.1523 160.38985
2843400 1730.4448 160.46095
2843600 1730.7359 160.53935
2843800 1731.0348 160.62145
2844000 1731.3137 160.7195
2844200 1731.5961 160.79044
2844400 1731.8957 160.86442
2844600 1732.1943 160.9535
2844800 1732.5074 161.03851
2845000 1732.8367 161.13412
2845200 1733.1498 161.23882
2845400 1733.4729 161.32833
2845600 1733.8065 161.40838
2845800 1734.1123 161.51328
2846000 1734.4163 161.6183
2846200 1734.7398 161.72167
2846400 1735.06 161.80626
2846600 1735.3829 161.88331
2846800 1735.7026 161.98376
2847000 1736.0362 162.07173
2847200 1736.3588 162.17824
2847400 1736.6886 162.27248
2847600 1737.0104 162.37985
2847800 1737.341 162.4817
2848000 1737.6557 162.57395
2848200 1737.9907 162.68672
2848400 1738.319 162.80138
2848600 1738.6365 162.92118
2848800 1738.9639 163.01359
2849000 1739.277 163.11163
2849200 1739.5983 163.22119
2849400 1739.9366 163.32285
2849600 1740.2536 163.4248
2849800 1740.5671 163.50794
2850000 1740.8947 163.60302
2850200 1741.2323 163.69956
2850400 1741.5629 163.7895
2850600 1741.9074 163.88005
2850800 1742.2469 163.99291
2851000 1742.5727 164.10218
2851200 1742.8948 164.1973
2851400 1743.2111 164.31324
2851600 1743.5407 164.41599
2851800 1743.8545 164.5114
2852000 1744.1663 164.62833
2852200 1744.4894 164.72318
2852400 1744.8048 164.82508
2852600 1745.1312 164.91851
2852800 1745.4315 165.01209
2853000 1745.7573 165.11919
2853200 1746.0844 165.22411
2853400 1746.4043 165.31197
2853600 1746.7402 165.42559
2853800 1747.0769 165.54077
2854000 1747.3992 165.62817
2854200 1747.6986 165.72246
2854400 1748.0133 165.80122
2854600 1748.3257 165.91208
2854800 1748.68 166.02606
2855000 1748.9927 166.11907
2855200 1749.3037 166.23683
2855400 1749.6221 166.32526
2855600 1749.9306 166.44268
2855800 1750.2383 166.55026
2856000 1750.5602 166.66583
2856200 1750.8908 166.76483
2856400 1751.2298 166.8864
2856600 1751.5528 166.98367
2856800 1751.8927 167.07746
2857000 1752.2484 167.2033
2857200 1752.5647 167.29872
2857400 1752.8814 167.41214
2857600 1753.204 167.50674
2857800 1753.5171 167.57064
2858000 1753.8486 167.65836
2858200 1754.1927 167.76938
2858400 1754.5074 167.87452
2858600 1754.8278 168.00616
2858800 1755.1443 168.11522
2859000 1755.4855 168.22585
2859200 1755.7986 168.33971
2859400 1756.1373 168.45399
2859600 1756.4627 168.55801
2859800 1756.807 168.67482
2860000 1757.1393 168.80397
2860200 1757.5022 168.92282
2860400 1757.8453 169.02072
2860600 1758.2064 169.13951
2860800 1758.5423 169.21668
2861000 1758.8835 169.32226
2861200 1759.2224 169.41407
2861400 1759.558 169.49491
2861600 1759.8951 169.57133
2861800 1760.2274 169.67089
2862000 1760.5556 169.7473
2862200 1760.8862 169.83815
2862400 1761.2405 169.92255
2862600 1761.5835 170.0177
2862800 1761.9407 170.13209
2863000 1762.2793 170.24747
2863200 1762.6201 170.35041
2863400 1762.9495 170.4397
2863600 1763.296 170.52159
2863800 1763.6448 170.61699
2864000 1763.9923 170.70788
2864200 1764.346 170.81451
2864400 1764.6867 170.90882
2864600 1765.0318 171.00417
2864800 1765.4058 171.10376
2865000 1765.7571 171.20959
2865200 1766.126 171.31756
2865400 1766.476 171.4338
2865600 1766.83 171.5446
2865800 1767.1871 171.63463
2866000 1767.5382 171.73789
2866200 1767.8833 171.83896
2866400 1768.241 171.95198
2866600 1768.5924 172.03422
2866800 1768.9396 172.13125
2867000 1769.2825 172.25255
2867200 1769.6342 172.35578
2867400 1769.9799 172.4635
2867600 1770.3242 172.56198
2867800 1770.6709 172.65338
2868000 1771.0097 172.73403
2868200 1771.3627 172.84599
2868400 1771.7092 172.9258
2868600 1772.0563 173.01721
2868800 1772.4089 173.11396
2869000 1772.7674 173.22045
2869200 1773.0998 173.31931
2869400 1773.4274 173.41501
2869600 1773.7568 173.50926
2869800 1774.0887 173.62957
2870000 1774.4554 173.74693
2870200 1774.8115 173.84818
2870400 1775.1706 173.97475
2870600 1775.5195 174.09142
2870800 1775.8731 174.20155
2871000 1776.227 174.30238
2871200 1776.582 174.42097
2871400 1776.9283 174.52611
2871600 1777.2589 174.6372
2871800 1777.5963 174.73684
2872000 1777.9427 174.83598
2872200 1778.2848 174.93028
2872400 1778.6418 175.0198
2872600 1778.9904 175.12699
2872800 1779.3497 175.22452
2873000 1779.7041 175.34789
2873200 1780.0559 175.45693
2873400 1780.4044 175.56776
2873600 1780.7676 175.66943
2873800 1781.1351 175.75521
2874000 1781.4808 175.84176
2874200 1781.8375 175.91235
2874400 1782.1805 175.99627
2874600 1782.5213 176.09008
2874800 1782.8676 176.19042
2875000 1783.2252 176.28946
2875200 1783.5711 176.39986
2875400 1783.9159 176.48984
2875600 1784.2708 176.58419
2875800 1784.6203 176.6741
2876000 1784.9798 176.75981
2876200 1785.3347 176.85689
2876400 1785.6971 176.9525
2876600 1786.037 177.05584
2876800 1786.3777 177.12149
2877000 1786.7057 177.1846
2877200 1787.071 177.27296
2877400 1787.4089 177.38415
2877600 1787.7448 177.4749
2877800 1788.0973 177.56343
2878000 1788.4277 177.66941
2878200 1788.7725 177.77135
2878400 1789.1222 177.85921
2878600 1789.4693 177.94014
2878800 1789.8171 178.04899
2879000 1790.1712 178.14541
2879200 1790.5372 178.26534
2879400 1790.8608 178.37013
2879600 1791.201 178.46774
2879800 1791.5491 178.57074
2880000 1791.91 178.6632
2880200 1792.2571 178.76454
2880400 1792.615 178.83104
2880600 1792.9827 178.92061
2880800 1793.3502 179.02646
2881000 1793.7179 179.12738
2881200 1794.0862 179.2293
2881400 1794.4459 179.31252
2881600 1794.7874 179.41837
2881800 1795.1358 179.53164
2882000 1795.4875 179.64158
2882200 1795.8383 179.73901
2882400 1796.1862 179.82693
2882600 1796.5144 179.93588
2882800 1796.8526 180.01137
2883000 1797.221 180.10779
2883200 1797.5812 180.20467
2883400 1797.9293 180.31719
2883600 1798.2793 180.43657
2883800 1798.6109 180.53291
2884000 1798.9822 180.62301
2884200 1799.3637 180.7153
2884400 1799.7209 180.7882
2884600 1800.0903 180.86602
2884800 1800.4589 180.96001
2885000 1800.8055 181.08171
2885200 1801.1517 181.19649
2885400 1801.5022 181.2947
2885600 1801.8506 181.41064
2885800 1802.2147 181.53059
2886000 1802.5434 181.63774
2886200 1802.8785 181.72779
2886400 1803.2686 181.83971
2886600 1803.6186 181.95263
2886800 1803.9819 182.04209
2887000 1804.3354 182.13106
2887200 1804.6837 182.23557
2887400 1805.0515 182.31632
2887600 1805.397 182.41425
2887800 1805.7325 182.50316
2888000 1806.1093 182.61868
2888200 1806.492 182.71524
2888400 1806.8618 182.80407
2888600 1807.2288 182.89908
2888800 1807.6027 182.98975
2889000 1807.9677 183.0837
2889200 1808.3212 183.17848
2889400 1808.6837 183.27642
2889600 1809.0224 183.39385
2889800 1809.3776 183.47967
2890000 1809.7468 183.60528
2890200 1810.0893 183.70641
2890400 1810.4519 183.80414
2890600 1810.8184 183.88034
2890800 1811.1779 183.98111
2891000 1811.5516 184.08573
2891200 1811.9197 184.18568
2891400 1812.2785 184.28402
2891600 1812.6285 184.39888
2891800 1812.9717 184.49291
2892000 1813.3387 184.59286
2892200 1813.7168 184.69323
2892400 1814.1034 184.81192
2892600 1814.4601 184.91551
2892800 1814.8179 185.03091
2893000 1815.1844 185.14287
2893200 1815.5504 185.24194
2893400 1815.9141 185.36579
2893600 1816.2729 185.45487
2893800 1816.6289 185.53773
2894000 1816.9829 185.60186
2894200 1817.3605 185.69312
2894400 1817.7417 185.78276
2894600 1818.1048 185.88355
2894800 1818.4749 185.96773
2895000 1818.8684 186.06942
2895200 1819.2611 186.17638
2895400 1819.6058 186.29326
2895600 1819.9544 186.40991
2895800 1820.2919 186.50588
2896000 1820.6475 186.59235
2896200 1821.0064 186.69704
2896400 1821.3721 186.81291
2896600 1821.7579 186.92221
2896800 1822.1285 187.02029
2897000 1822.5083 187.12975
2897200 1822.8798 187.24078
2897400 1823.257 187.32314
2897600 1823.6241 187.40117
2897800 1823.9772 187.48257
2898000 1824.3605 187.56319
2898200 1824.7296 187.65923
2898400 1825.1107 187.73901
2898600 1825.4808 187.83769
2898800 1825.8613 187.92358
2899000 1826.2227 187.98095
2899200 1826.5907 188.057
2899400 1826.9727 188.16133
2899600 1827.3313 188.23597
2899800 1827.707 188.31749
2900000 1828.0795 188.41284
2900200 1828.4489 188.51942
2900400 1828.8132 188.60161
2900600 1829.1833 188.69639
2900800 1829.573 188.82454
2901000 1829.9524 188.92796
2901200 1830.3249 189.01627
2901400 1830.6795 189.09383
2901600 1831.05 189.1965
2901800 1831.4397 189.29887
2902000 1831.8103 189.39889
2902200 1832.1917 189.48911
2902400 1832.5641 189.56364
2902600 1832.9442 189.66242
2902800 1833.3355 189.76719
2903000 1833.714 189.84951
2903200 1834.0743 189.94081
2903400 1834.4512 190.01896
2903600 1834.8077 190.09496
2903800 1835.1835 190.19207
2904000 1835.5712 190.30389
2904200 1835.956 190.41549
2904400 1836.3107 190.51038
2904600 1836.6785 190.60937
2904800 1837.0387 190.68017
2905000 1837.3934 190.77581
2905200 1837.7987 190.83587
2905400 1838.1835 190.95048
2905600 1838.5629 191.02645
2905800 1838.9441 191.10886
2906000 1839.3211 191.1752
2906200 1839.7023 191.24361
2906400 1840.0714 191.33208
2906600 1840.4695 191.43757
2906800 1840.8374 191.5269
2907000 1841.2276 191.61359
2907200 1841.5952 191.71139
2907400 1841.9549 191.80732
2907600 1842.328 191.88715
2907800 1842.6921 191.94833
2908000 1843.0542 192.05091
2908200 1843.412 192.16332
2908400 1843.7716 192.24082
2908600 1844.1371 192.34082
2908800 1844.493 192.43327
2909000 1844.8431 192.52179
2909200 1845.2083 192.60202
2909400 1845.5698 192.6935
2909600 1845.9341 192.81475
2909800 1846.2928 192.92086
2910000 1846.65 193.00714
2910200 1847.0195 193.11103
2910400 1847.4015 193.20925
2910600 1847.7708 193.28832
2910800 1848.1363 193.36639
2911000 1848.4996 193.45799
2911200 1848.8667 193.55716
2911400 1849.2509 193.64521
2911600 1849.6112 193.72465
2911800 1849.9899 193.84565
2912000 1850.3572 193.9531
2912200 1850.7242 194.03934
2912400 1851.1 194.12892
2912600 1851.4629 194.21842
2912800 1851.8231 194.30358
2913000 1852.2022 194.39759
2913200 1852.573 194.48062
2913400 1852.9504 194.57917
2913600 1853.3253 194.68427
2913800 1853.6987 194.77332
2914000 1854.0566 194.85693
2914200 1854.4196 194.92365
2914400 1854.8075 195.02195
2914600 1855.1859 195.10919
2914800 1855.5688 195.17905
2915000 1855.9638 195.26428
2915200 1856.3353 195.36667
2915400 1856.7317 195.45185
2915600 1857.1246 195.53459
2915800 1857.5082 195.64201
2916000 1857.8804 195.70908
2916200 1858.2733 195.80095
2916400 1858.656 195.89968
2916600 1859.0183 195.9841
2916800 1859.3893 196.07691
2917000 1859.7701 196.15771
2917200 1860.1616 196.23102
2917400 1860.5582 196.30409
2917600 1860.9405 196.39855
2917800 1861.3021 196.4939
2918000 1861.6559 196.56532
2918200 1862.0375 196.65296
2918400 1862.411 196.76808
2918600 1862.7944 196.86294
2918800 1863.1723 196.91935
2919000 1863.5285 196.98682
2919200 1863.8706 197.0588
2919400 1864.2268 197.15065
2919600 1864.6081 197.24037
2919800 1864.9784 197.30456
2920000 1865.3469 197.40504
2920200 1865.7205 197.49486
2920400 1866.1072 197.58695
2920600 1866.4826 197.66804
2920800 1866.8572 197.75766
2921000 1867.2174 197.8476
2921200 1867.5597 197.94451
2921400 1867.9153 198.02868
2921600 1868.3009 198.11883
2921800 1868.6766 198.21524
2922000 1869.0526 198.30896
2922200 1869.4273 198.37733
2922400 1869.7908 198.47135
2922600 1870.1606 198.57637
2922800 1870.5232 198.65178
2923000 1870.9063 198.73157
2923200 1871.2794 198.83221
2923400 1871.6449 198.911
2923600 1872.0311 199.00225
2923800 1872.4126 199.09805
2924000 1872.7766 199.16029
2924200 1873.1595 199.26535
2924400 1873.5602 199.37293
2924600 1873.9405 199.46674
2924800 1874.3079 199.57613
2925000 1874.6886 199.65638
2925200 1875.0676 199.75873
2925400 1875.4483 199.84941
2925600 1875.8142 199.92802
2925800 1876.1799 200.03955
2926000 1876.5693 200.16825
2926200 1876.9743 200.29823
2926400 1877.3499 200.41071
2926600 1877.722 200.51519
2926800 1878.0741 200.61785
2927000 1878.4213 200.70668
2927200 1878.7925 200.81673
2927400 1879.1639 200.89468
2927600 1879.5434 200.97769
2927800 1879.9073 201.06834
2928000 1880.2907 201.18935
2928200 1880.6789 201.30469
2928400 1881.0307 201.39908
2928600 1881.3931 201.48772
2928800 1881.7757 201.59173
2929000 1882.1419 201.66098
2929200 1882.5175 201.76955
2929400 1882.9045 201.8764
2929600 1883.2632 201.98971
2929800 1883.6425 202.09188
2930000 1884.0273 202.18333
2930200 1884.4072 202.30109
2930400 1884.7903 202.40246
2930600 1885.1916 202.50103
2930800 1885.5715 202.6243
2931000 1885.9625 202.71028
2931200 1886.3291 202.81227
2931400 1886.6982 202.91165
2931600 1887.0902 203.00559
2931800 1887.4582 203.0993
2932000 1887.8418 203.21219
2932200 1888.2148 203.30688
2932400 1888.5873 203.40983
2932600 1888.9567 203.49795
2932800 1889.3193 203.60358
2933000 1889.7001 203.70503
2933200 1890.0689 203.77525
2933400 1890.4356 203.85924
2933600 1890.8148 203.96775
2933800 1891.1922 204.06334
2934000 1891.5918 204.17153
2934200 1891.9664 204.25657
2934400 1892.351 204.34289
2934600 1892.7259 204.43076
2934800 1893.1596 204.54345
2935000 1893.5165 204.63496
2935200 1893.9117 204.7457
2935400 1894.2726 204.8409
2935600 1894.6387 204.92089
2935800 1895.0089 205.01562
2936000 1895.3971 205.11791
2936200 1895.7885 205.20617
2936400 1896.1777 205.29687
2936600 1896.5744 205.36997
2936800 1896.9644 205.47477
2937000 1897.3337 205.54612
2937200 1897.7051 205.62965
2937400 1898.0767 205.7003
2937600 1898.4774 205.79049
2937800 1898.8474 205.89283
2938000 1899.2392 205.99471
2938200 1899.6245 206.10379
2938400 1899.9981 206.18764
2938600 1900.3639 206.2764
2938800 1900.755 206.39193
2939000 1901.1519 206.52826
2939200 1901.5149 206.62579
2939400 1901.8912 206.71435
2939600 1902.2598 206.83438
2939800 1902.6306 206.94839
2940000 1903.0116 207.05531
2940200 1903.4053 207.14888
2940400 1903.7848 207.25275
2940600 1904.1624 207.31878
2940800 1904.5426 207.3958
2941000 1904.9298 207.48412
2941200 1905.3182 207.57707
2941400 1905.6905 207.69944
2941600 1906.0885 207.80072
2941800 1906.5054 207.89162
2942000 1906.9052 207.98416
2942200 1907.2939 208.07223
2942400 1907.6948 208.1727
2942600 1908.0704 208.2385
2942800 1908.4648 208.32372
2943000 1908.864 208.43121
2943200 1909.2292 208.53817
2943400 1909.6083 208.63617
2943600 1910.0075 208.72706
2943800 1910.3933 208.81161
2944000 1910.7743 208.90429
2944200 1911.1695 209.00956
2944400 1911.5676 209.12687
2944600 1911.9837 209.2443
2944800 1912.3859 209.34799
2945000 1912.7884 209.44241
2945200 1913.1882 209.53732
2945400 1913.5813 209.63494
2945600 1913.9652 209.72476
2945800 1914.3436 209.82534
2946000 1914.7277 209.90285
2946200 1915.1208 209.9777
2946400 1915.5117 210.08675
2946600 1915.9125 210.18134
2946800 1916.3168 210.25204
2947000 1916.7067 210.33913
2947200 1917.0965 210.4076
2947400 1917.4716 210.49635
2947600 1917.8848 210.61388
2947800 1918.2994 210.72547
2948000 1918.6935 210.83573
2948200 1919.1108 210.93477
2948400 1919.5119 211.01639
2948600 1919.9071 211.09418
2948800 1920.3033 211.18944
2949000 1920.6848 211.27278
2949200 1921.0615 211.3592
2949400 1921.4524 211.43521
2949600 1921.8376 211.534
2949800 1922.2068 211.64737
2950000 1922.5929 211.74773
2950200 1922.998 211.85065
2950400 1923.406 211.94985
2950600 1923.8206 212.04843
2950800 1924.2044 212.13368
2951000 1924.5889 212.23053
2951200 1924.9859 212.31714
2951400 1925.3821 212.40672
2951600 1925.79 212.51276
2951800 1926.1675 212.60564
2952000 1926.5323 212.70966
2952200 1926.9139 212.82776
2952400 1927.3124 212.91376
2952600 1927.7319 213.0477
2952800 1928.1391 213.16118
2953000 1928.5378 213.28881
2953200 1928.9267 213.38394
2953400 1929.321 213.4763
2953600 1929.7081 213.56718
2953800 1930.0791 213.66817
2954000 1930.4748 213.71717
2954200 1930.8707 213.76366
2954400 1931.2555 213.8421
2954600 1931.6356 213.91521
2954800 1932.021 214.00217
2955000 1932.402 214.06087
2955200 1932.8012 214.15549
2955400 1933.1901 214.24364
2955600 1933.5637 214.32433
2955800 1933.9532 214.42393
2956000 1934.3549 214.50102
2956200 1934.7472 214.59253
2956400 1935.1235 214.6796
2956600 1935.5351 214.75915
2956800 1935.9514 214.84584
2957000 1936.3345 214.95114
2957200 1936.7249 215.02781
2957400 1937.1456 215.09408
2957600 1937.5371 215.17908
2957800 1937.9291 215.23225
2958000 1938.3343 215.29953
2958200 1938.7331 215.37689
2958400 1939.1432 215.4649
2958600 1939.5497 215.55269
2958800 1939.9452 215.64424
2959000 1940.3514 215.72405
2959200 1940.7413 215.79948
2959400 1941.1432 215.88206
2959600 1941.5676 215.96233
2959800 1941.9723 216.03038
2960000 1942.3546 216.1061
2960200 1942.7439 216.17899
2960400 1943.1361 216.24278
2960600 1943.5584 216.31019
2960800 1943.9989 216.38336
2961000 1944.3816 216.44915
2961200 1944.791 216.5133
2961400 1945.2108 216.60314
2961600 1945.6252 216.67112
2961800 1946.0305 216.75635
2962000 1946.4223 216.82354
2962200 1946.8288 216.90373
2962400 1947.243 216.99496
2962600 1947.6362 217.08025
2962800 1948.0046 217.13855
2963000 1948.3903 217.19532
2963200 1948.7849 217.26982
2963400 1949.1738 217.31656
2963600 1949.5746 217.39329
2963800 1949.9707 217.46634
2964000 1950.3798 217.52324
2964200 1950.8071 217.62064
2964400 1951.2314 217.72385
2964600 1951.6358 217.78722
2964800 1952.0509 217.86099
2965000 1952.4496 217.93318
2965200 1952.8466 218.01243
2965400 1953.2387 218.09445
2965600 1953.644 218.1684
2965800 1954.044 218.24427
2966000 1954.4692 218.34557
2966200 1954.8825 218.43634
2966400 1955.2852 218.52245
2966600 1955.6911 218.61148
2966800 1956.0899 218.69192
2967000 1956.5069 218.77143
2967200 1956.9298 218.87197
2967400 1957.3484 218.98404
2967600 1957.7605 219.05012
2967800 1958.1866 219.12504
2968000 1958.6149 219.19625
2968200 1959.0359 219.27705
2968400 1959.4505 219.34561
2968600 1959.8603 219.42106
2968800 1960.2671 219.50499
2969000 1960.7012 219.61012
2969200 1961.1104 219.71104
2969400 1961.5159 219.77747
2969600 1961.9301 219.8796
2969800 1962.3326 219.94051
2970000 1962.7634 220.02837
2970200 1963.1851 220.09363
2970400 1963.6277 220.17027
2970600 1964.0584 220.24603
2970800 1964.4716 220.30959
2971000 1964.8703 220.37162
2971200 1965.2485 220.43562
2971400 1965.6559 220.47493
2971600 1966.0836 220.51348
2971800 1966.5009 220.56906
2972000 1966.9059 220.63903
2972200 1967.3007 220.71606
2972400 1967.7188 220.80104
2972600 1968.148 220.87612
2972800 1968.5564 220.92339
2973000 1968.9694 220.97969
2973200 1969.3921 221.06477
2973400 1969.7996 221.14307
2973600 1970.1972 221.20939
2973800 1970.582 221.27664
2974000 1970.9714 221.34867
2974200 1971.3797 221.436
2974400 1971.77 221.52212
2974600 1972.1863 221.58477
2974800 1972.6092 221.66506
2975000 1973.023 221.74498
2975200 1973.4576 221.80136
2975400 1973.871 221.87209
2975600 1974.3012 221.93523
2975800 1974.7125 222.00044
2976000 1975.153 222.08641
2976200 1975.5716 222.14126
2976400 1975.974 222.21113
2976600 1976.3879 222.26093
2976800 1976.8187 222.34829
2977000 1977.2598 222.38363
2977200 1977.6887 222.44337
2977400 1978.1277 222.5083
2977600 1978.5379 222.57993
2977800 1978.9685 222.64682
2978000 1979.4007 222.70009
2978200 1979.8443 222.74537
2978400 1980.2667 222.78742
2978600 1980.6871 222.85691
2978800 1981.1161 222.89284
2979000 1981.54 222.95478
2979200 1981.9553 222.99108
2979400 1982.3784 223.0675
2979600 1982.7883 223.13752
2979800 1983.1871 223.20653
2980000 1983.6147 223.27896
2980200 1984.045 223.34568
2980400 1984.4742 223.41676
2980600 1984.8881 223.46238
2980800 1985.2911 223.50491
2981000 1985.7175 223.57741
2981200 1986.1505 223.66247
2981400 1986.5895 223.72602
2981600 1987.018 223.78112
2981800 1987.4249 223.83458
2982000 1987.8613 223.87281
2982200 1988.2812 223.91357
2982400 1988.7103 223.96115
2982600 1989.143 224.05018
2982800 1989.5668 224.11934
2983000 1989.9851 224.18159
2983200 1990.4209 224.23644
2983400 1990.8597 224.29499
2983600 1991.2857 224.35455
2983800 1991.7192 224.41406
2984000 1992.1566 224.49352
2984200 1992.6021 224.54012
2984400 1993.0425 224.60355
2984600 1993.4547 224.64528
2984800 1993.8699 224.72227
2985000 1994.2837 224.75125
2985200 1994.7045 224.80475
2985400 1995.1402 224.85788
2985600 1995.5819 224.91161
2985800 1996.0289 224.97387
2986000 1996.4728 225.04631
2986200 1996.8844 225.1037
2986400 1997.3099 225.16806
2986600 1997.7432 225.20868
2986800 1998.1581 225.29309
2987000 1998.5803 225.36525
2987200 1998.997 225.41123
2987400 1999.4319 225.49131
2987600 1999.8418 225.55926
2987800 2000.2529 225.61125
2988000 2000.6722 225.67974
2988200 2001.1162 225.76809
2988400 2001.5286 225.84886
2988600 2001.9618 225.91107
2988800 2002.4121 225.98147
2989000 2002.8628 226.05816
2989200 2003.3215 226.11422
2989400 2003.7629 226.21404
2989600 2004.2097 226.2857
2989800 2004.6402 226.3307
2990000 2005.0866 226.41395
2990200 2005.5125 226.44949
2990400 2005.9507 226.52149
2990600 2006.3926 226.60189
2990800 2006.8302 226.66302
2991000 2007.2695 226.7302
2991200 2007.7176 226.79451
2991400 2008.1702 226.8554
2991600 2008.6077 226.92426
2991800 2009.0628 226.99007
2992000 2009.5119 227.02826
2992200 2009.9537 227.07608
2992400 2010.4097 227.12797
2992600 2010.857 227.17527
2992800 2011.3052 227.2142
2993000 2011.7519 227.27954
2993200 2012.2022 227.33842
2993400 2012.6581 227.37884
2993600 2013.0952 227.43558
2993800 2013.5373 227.48201
2994000 2013.9905 227.54043
2994200 2014.4305 227.59042
2994400 2014.8834 227.65628
2994600 2015.3257 227.66146
2994800 2015.7838 227.70109
2995000 2016.2296 227.73914
2995200 2016.6898 227.75736
2995400 2017.1196 227.78935
2995600 2017.5679 227.84403
2995800 2018.0267 227.8828
2996000 2018.4717 227.91429
2996200 2018.9159 227.96812
2996400 2019.3908 228.04734
2996600 2019.8318 228.09719
2996800 2020.2809 228.15111
2997000 2020.733 228.20338
2997200 2021.1753 228.2571
2997400 2021.6087 228.30636
2997600 2022.0522 228.37958
2997800 2022.5018 228.43612
2998000 2022.9591 228.48435
2998200 2023.4162 228.53875
2998400 2023.876 228.58154
2998600 2024.3389 228.64565
2998800 2024.8054 228.70888
2999000 2025.2775 228.76058
2999200 2025.7486 228.8045
2999400 2026.2241 228.86294
2999600 2026.685 228.96636
2999800 2027.1398 229.02773
3000000 2027.6014 229.08098
3000200 2028.0787 229.13771
3000400 2028.5385 229.1984
3000600 2029.0086 229.25507
3000800 2029.4622 229.28673
3001000 2029.9319 229.35832
3001200 2030.3938 229.4049
3001400 2030.8541 229.44808
3001600 2031.328 229.51526
3001800 2031.8233 229.54911
3002000 2032.2802 229.61295
3002200 2032.7501 229.67346
3002400 2033.2014 229.72506
3002600 2033.6417 229.796
3002800 2034.1027 229.84784
3003000 2034.5474 229.90351
3003200 2035.0207 229.96191
3003400 2035.4873 230.03121
3003600 2035.9623 230.08816
3003800 2036.4059 230.14265
3004000 2036.8882 230.22186
3004200 2037.3563 230.28618
3004400 2037.8319 230.3806
3004600 2038.2905 230.43633
3004800 2038.7402 230.50376
3005000 2039.2008 230.55021
3005200 2039.6668 230.59483
3005400 2040.1442 230.6436
3005600 2040.6163 230.70811
3005800 2041.0681 230.75216
3006000 2041.5445 230.78125
3006200 2042.0162 230.81318
3006400 2042.4952 230.86146
3006600 2042.9658 230.91912
3006800 2043.4405 230.96268
3007000 2043.9243 231.04024
3007200 2044.4068 231.10485
3007400 2044.8761 231.16344
3007600 2045.3622 231.21173
3007800 2045.836 231.26656
3008000 2046.3027 231.33046
3008200 2046.7835 231.38463
3008400 2047.2621 231.43104
3008600 2047.7193 231.49621
3008800 2048.1843 231.5728
3009000 2048.6577 231.62543
3009200 2049.1182 231.68259
3009400 2049.6083 231.75895
3009600 2050.0792 231.83024
3009800 2050.5431 231.87142
3010000 2051.0185 231.95495
3010200 2051.4833 231.99734
3010400 2051.9508 232.02749
3010600 2052.3856 232.0742
3010800 2052.8476 232.13175
3011000 2053.3045 232.16916
3011200 2053.7639 232.21928
3011400 2054.2517 232.2706
3011600 2054.702 232.31923
3011800 2055.1857 232.37222
3012000 2055.6357 232.45032
3012200 2056.0966 232.49219
3012400 2056.5467 232.58045
3012600 2056.9968 232.6191
3012800 2057.4252 232.68595
3013000 2057.8901 232.75604
3013200 2058.3504 232.79975
3013400 2058.7945 232.87057
3013600 2059.2658 232.95609
3013800 2059.7429 233.0196
3014000 2060.2123 233.08128
3014200 2060.6929 233.12984
3014400 2061.1317 233.18509
3014600 2061.6022 233.2452
3014800 2062.0498 233.29474
3015000 2062.5238 233.3518
3015200 2062.9789 233.41729
3015400 2063.4553 233.48752
3015600 2063.9243 233.55144
3015800 2064.4134 233.60336
3016000 2064.9199 233.6692
3016200 2065.393 233.7395
3016400 2065.8671 233.80023
3016600 2066.3212 233.86465
3016800 2066.794 233.92088
3017000 2067.2679 233.98954
3017200 2067.7665 234.04015
3017400 2068.2419 234.09635
3017600 2068.6733 234.15749
3017800 2069.1465 234.19427
3018000 2069.6221 234.25297
3018200 2070.0833 234.30585
3018400 2070.5796 234.37367
3018600 2071.0599 234.43888
3018800 2071.543 234.48222
3019000 2072.0174 234.51474
3019200 2072.4722 234.5776
3019400 2072.9485 234.64002
3019600 2073.4241 234.70586
3019800 2073.8865 234.77932
3020000 2074.3612 234.8648
3020200 2074.8131 234.95522
3020400 2075.284 235.02702
3020600 2075.7681 235.09868
3020800 2076.2347 235.15316
3021000 2076.6911 235.21745
3021200 2077.1706 235.27311
3021400 2077.6371 235.33729
3021600 2078.1205 235.39468
3021800 2078.6014 235.45502
3022000 2079.0845 235.53444
3022200 2079.5582 235.59017
3022400 2080.0421 235.69312
3022600 2080.5373 235.75525
3022800 2081.0145 235.82637
3023000 2081.4765 235.89003
3023200 2081.9585 235.96129
3023400 2082.4528 236.01613
3023600 2082.9381 236.07701
3023800 2083.4182 236.13062
3024000 2083.9182 236.19129
3024200 2084.4268 236.25223
3024400 2084.9226 236.29944
3024600 2085.4144 236.33802
3024800 2085.9243 236.3908
3025000 2086.4479 236.44101
3025200 2086.9377 236.49228
3025400 2087.4291 236.5496
3025600 2087.9082 236.613
3025800 2088.4029 236.6461
3026000 2088.8778 236.66309
3026200 2089.3845 236.70751
3026400 2089.8751 236.77252
3026600 2090.3736 236.85715
3026800 2090.867 236.90958
3027000 2091.363 236.98618
3027200 2091.8449 237.06616
3027400 2092.347 237.13841
3027600 2092.8401 237.16622
3027800 2093.3105 237.19686
3028000 2093.8025 237.23571
3028200 2094.3035 237.27861
3028400 2094.8168 237.3268
3028600 2095.3118 237.39015
3028800 2095.7892 237.46178
3029000 2096.2605 237.49856
3029200 2096.7593 237.55346
3029400 2097.2659 237.59824
3029600 2097.7459 237.6624
3029800 2098.2312 237.71884
3030000 2098.731 237.76965
3030200 2099.2133 237.83305
3030400 2099.7176 237.88699
3030600 2100.2071 237.92634
3030800 2100.7158 238.00291
3031000 2101.206 238.03683
3031200 2101.6872 238.09048
3031400 2102.1873 238.14301
3031600 2102.6886 238.18233
3031800 2103.2102 238.23463
3032000 2103.7181 238.28392
3032200 2104.2076 238.35171
3032400 2104.7127 238.38987
3032600 2105.2207 238.43109
3032800 2105.6937 238.47676
3033000 2106.207 238.51231
3033200 2106.6862 238.55514
3033400 2107.169 238.58354
3033600 2107.6655 238.65336
3033800 2108.1776 238.69187
3034000 2108.6678 238.7259
3034200 2109.1705 238.76429
3034400 2109.653 238.81147
3034600 2110.1512 238.8781
3034800 2110.6696 238.91868
3035000 2111.1356 238.97314
3035200 2111.6295 239.01666
3035400 2112.141 239.05418
3035600 2112.649 239.10796
3035800 2113.1406 239.14801
3036000 2113.618 239.22007
3036200 2114.1101 239.28493
3036400 2114.6045 239.31116
3036600 2115.0968 239.35948
3036800 2115.5887 239.40615
3037000 2116.0731 239.46215
3037200 2116.5747 239.50578
3037400 2117.0729 239.54518
3037600 2117.5758 239.57952
3037800 2118.0628 239.62602
3038000 2118.5567 239.67654
3038200 2119.052 239.71473
3038400 2119.5358 239.75033
3038600 2120.0264 239.79537
3038800 2120.4993 239.8331
3039000 2120.9931 239.88686
3039200 2121.4974 239.93897
3039400 2121.989 239.97183
3039600 2122.4959 240.01512
3039800 2122.9639 240.0458
3040000 2123.4175 240.09056
3040200 2123.8796 240.1556
3040400 2124.3629 240.21516
3040600 2124.8555 240.28489
3040800 2125.3256 240.33892
3041000 2125.8368 240.4179
3041200 2126.3437 240.47812
3041400 2126.8423 240.54614
3041600 2127.3507 240.58353
3041800 2127.8671 240.6361
3042000 2128.379 240.71231
3042200 2128.8887 240.79109
3042400 2129.4134 240.83801
3042600 2129.9187 240.89816
3042800 2130.4393 240.95271
3043000 2130.941 241.00389
3043200 2131.4562 241.0771
3043400 2131.9824 241.15828
3043600 2132.4993 241.22194
3043800 2133 241.28135
3044000 2133.4936 241.33224
3044200 2134.0111 241.38342
3044400 2134.5264 241.45212
3044600 2135.0303 241.5014
3044800 2135.5259 241.56329
3045000 2136.0354 241.61325
3045200 2136.5553 241.65352
3045400 2137.0539 241.71742
3045600 2137.5782 241.78168
3045800 2138.1052 241.892
3046000 2138.6363 241.94284
3046200 2139.1857 242.00088
3046400 2139.6876 242.06375
3046600 2140.1893 242.11176
3046800 2140.6894 242.15924
3047000 2141.2231 242.24256
3047200 2141.7335 242.30487
3047400 2142.2289 242.36853
3047600 2142.7092 242.42065
3047800 2143.2203 242.48303
3048000 2143.7143 242.53085
3048200 2144.2301 242.59037
3048400 2144.7335 242.64639
3048600 2145.2222 242.72933
3048800 2145.7358 242.82925
3049000 2146.2639 242.91641
3049200 2146.8046 242.99279
3049400 2147.3013 243.06571
3049600 2147.7796 243.12257
3049800 2148.289 243.17521
3050000 2148.7937 243.25843
3050200 2149.3167 243.3083
3050400 2149.8296 243.36542
3050600 2150.3382 243.44325
3050800 2150.8434 243.5312
3051000 2151.3479 243.5954
3051200 2151.8515 243.65155
3051400 2152.3693 243.70321
3051600 2152.8827 243.78515
3051800 2153.406 243.84268
3052000 2153.9128 243.86588
3052200 2154.4312 243.91703
3052400 2154.925 243.98449
3052600 2155.4049 244.04574
3052800 2155.9187 244.11839
3053000 2156.4296 244.1888
3053200 2156.9545 244.24335
3053400 2157.4633 244.32489
3053600 2157.9797 244.38001
3053800 2158.4764 244.43056
3054000 2158.961 244.4806
3054200 2159.4619 244.53874
3054400 2159.9647 244.58222
3054600 2160.478 244.64889
3054800 2160.9862 244.73654
3055000 2161.5169 244.80985
3055200 2162.0201 244.87541
3055400 2162.5086 244.94724
3055600 2163.0081 245.00225
3055800 2163.5037 245.06761
3056000 2163.9844 245.13458
3056200 2164.4716 245.1449
3056400 2164.9782 245.19701
3056600 2165.5026 245.25597
3056800 2166.03 245.32661
3057000 2166.5541 245.40591
3057200 2167.0672 245.4749
3057400 2167.5921 245.53661
3057600 2168.1253 245.57862
3057800 2168.662 245.6491
3058000 2169.1701 245.69666
3058200 2169.694 245.74584
3058400 2170.205 245.80252
3058600 2170.7234 245.87563
3058800 2171.2362 245.93049
3059000 2171.741 245.97853
3059200 2172.2489 246.02533
3059400 2172.735 246.0635
3059600 2173.2472 246.14279
3059800 2173.7651 246.18765
3060000 2174.2386 246.25548
3060200 2174.7274 246.30675
3060400 2175.2361 246.3632
3060600 2175.7563 246.46125
3060800 2176.2815 246.54124
3061000 2176.7765 246.62283
3061200 2177.2877 246.69066
3061400 2177.8028 246.78069
3061600 2178.306 246.85709
3061800 2178.8172 246.93013
3062000 2179.3047 247.02084
3062200 2179.7957 247.11801
3062400 2180.3281 247.19625
3062600 2180.8275 247.25674
3062800 2181.3363 247.29653
3063000 2181.847 247.34667
3063200 2182.3617 247.43226
3063400 2182.8872 247.50459
3063600 2183.3971 247.57616
3063800 2183.8904 247.62132
3064000 2184.4087 247.69144
3064200 2184.9277 247.73873
3064400 2185.4398 247.79366
3064600 2185.9496 247.85435
3064800 2186.476 247.89044
3065000 2187.0165 247.94583
3065200 2187.5411 248.02686
3065400 2188.0852 248.08141
3065600 2188.6198 248.12536
3065800 2189.1496 248.17506
3066000 2189.6696 248.20891
3066200 2190.1763 248.28368
3066400 2190.6767 248.35554
3066600 2191.1844 248.40076
3066800 2191.7258 248.45114
3067000 2192.2445 248.4971
3067200 2192.7514 248.57959
3067400 2193.2687 248.62041
3067600 2193.7909 248.64654
3067800 2194.3043 248.72363
3068000 2194.8219 248.80371
3068200 2195.3264 248.84358
3068400 2195.8475 248.90178
3068600 2196.3644 248.94103
3068800 2196.8918 248.98229
3069000 2197.4007 249.0335
3069200 2197.9002 249.08423
3069400 2198.4296 249.13465
3069600 2198.9515 249.19401
3069800 2199.4763 249.2388
3070000 2200.0055 249.30808
3070200 2200.5403 249.36581
3070400 2201.0871 249.43945
3070600 2201.6154 249.51423
3070800 2202.154 249.57736
3071000 2202.6758 249.64265
3071200 2203.1838 249.71472
3071400 2203.7197 249.78853
3071600 2204.2393 249.87489
3071800 2204.7799 249.93642
3072000 2205.3146 249.98672
3072200 2205.846 250.05536
3072400 2206.3509 250.12073
3072600 2206.8694 250.19666
3072800 2207.3786 250.25086
3073000 2207.8743 250.30503
3073200 2208.39 250.3681
3073400 2208.9157 250.4067
3073600 2209.4217 250.46096
3073800 2209.9541 250.53525
3074000 2210.4719 250.59459
3074200 2211.0085 250.641
3074400 2211.522 250.67912
3074600 2212.0303 250.73614
3074800 2212.56 250.78812
3075000 2213.0631 250.82905
3075200 2213.6001 250.89808
3075400 2214.1407 250.97241
3075600 2214.6668 251.04897
3075800 2215.1957 251.09201
3076000 2215.7013 251.11864
3076200 2216.2362 251.17823
3076400 2216.766 251.23817
3076600 2217.2799 251.28142
3076800 2217.8188 251.32155
3077000 2218.3356 251.37252
3077200 2218.8628 251.4095
3077400 2219.3807 251.46563
3077600 2219.9152 251.51671
3077800 2220.4221 251.56863
3078000 2220.9497 251.63319
3078200 2221.4835 251.67815
3078400 2222.0368 251.73703
3078600 2222.5508 251.79161
3078800 2223.0617 251.84019
3079000 2223.5753 251.86504
3079200 2224.1245 251.91849
3079400 2224.6696 251.99516
3079600 2225.1685 252.05622
3079800 2225.6975 252.13331
3080000 2226.2262 252.16763
3080200 2226.7168 252.21633
3080400 2227.2266 252.27294
3080600 2227.7582 252.31732
3080800 2228.2755 252.37772
3081000 2228.7972 252.42098
3081200 2229.3195 252.48662
3081400 2229.8369 252.53693
3081600 2230.3581 252.58534
3081800 2230.8762 252.64781
3082000 2231.4006 252.67092
3082200 2231.8978 252.71184
3082400 2232.4274 252.7828
3082600 2232.9673 252.83964
3082800 2233.4886 252.87875
3083000 2234.0285 252.93823
3083200 2234.5846 253.00035
3083400 2235.1237 253.0877
3083600 2235.6818 253.17387
3083800 2236.2136 253.25263
3084000 2236.7597 253.32931
3084200 2237.3159 253.40112
3084400 2237.855 253.45494
3084600 2238.3815 253.51561
3084800 2238.9209 253.5762
3085000 2239.4675 253.63792
3085200 2240.0179 253.7075
3085400 2240.5526 253.76878
3085600 2241.0924 253.83065
3085800 2241.645 253.90679
3086000 2242.1863 253.98833
3086200 2242.7333 254.07849
3086400 2243.2908 254.14024
3086600 2243.8107 254.21898
3086800 2244.3385 254.29521
3087000 2244.8847 254.39032
3087200 2245.4113 254.47862
3087400 2245.9351 254.55704
3087600 2246.4594 254.61976
3087800 2246.9684 254.68733
3088000 2247.5179 254.74198
3088200 2248.0894 254.80698
3088400 2248.6205 254.87423
3088600 2249.174 254.94841
3088800 2249.7207 255.01075
3089000 2250.2716 255.09262
3089200 2250.7794 255.19247
3089400 2251.3217 255.28406
3089600 2251.8506 255.35025
3089800 2252.3822 255.44081
3090000 2252.938 255.54091
3090200 2253.4964 255.64025
3090400 2254.0691 255.7247
3090600 2254.6105 255.78672
3090800 2255.1549 255.85401
3091000 2255.6975 255.92532
3091200 2256.2145 256.02184
3091400 2256.7389 256.09384
3091600 2257.2886 256.16731
3091800 2257.8089 256.22648
3092000 2258.3106 256.29314
3092200 2258.8353 256.36555
3092400 2259.3676 256.43971
3092600 2259.9243 256.52767
3092800 2260.4526 256.606
3093000 2260.9846 256.6791
3093200 2261.5256 256.73033
3093400 2262.0646 256.77881
3093600 2262.5919 256.84533
3093800 2263.1403 256.89514
3094000 2263.678 256.94439
3094200 2264.2227 257.01675
3094400 2264.7397 257.09335
3094600 2265.3022 257.15484
3094800 2265.8603 257.24296
3095000 2266.3932 257.34092
3095200 2266.9289 257.42294
3095400 2267.4635 257.52725
3095600 2267.9789 257.60052
3095800 2268.4974 257.70796
3096000 2269.0075 257.77913
3096200 2269.5354 257.86545
3096400 2270.0654 257.93736
3096600 2270.6009 258.01988
3096800 2271.1316 258.10588
3097000 2271.69 258.18823
3097200 2272.2324 258.28336
3097400 2272.7485 258.38791
3097600 2273.253 258.47558
3097800 2273.781 258.55901
3098000 2274.3595 258.62291
3098200 2274.888 258.71697
3098400 2275.4442 258.79295
3098600 2275.9804 258.888
3098800 2276.5374 258.96189
3099000 2277.072 259.03865
3099200 2277.6111 259.13402
3099400 2278.1651 259.23113
3099600 2278.718 259.31421
3099800 2279.2606 259.38919
3100000 2279.7947 259.47967
3100200 2280.3349 259.55285
3100400 2280.8949 259.65121
3100600 2281.4509 259.71308
3100800 2282.0047 259.81234
3101000 2282.5694 259.91705
3101200 2283.1333 260.00588
3101400 2283.7234 260.09531
3101600 2284.2822 260.15563
3101800 2284.8438 260.23362
3102000 2285.4117 260.31426
3102200 2285.9539 260.38115
3102400 2286.4862 260.45417
3102600 2287.0198 260.5351
3102800 2287.5564 260.60824
3103000 2288.104 260.68344
3103200 2288.6928 260.77602
3103400 2289.2736 260.83627
3103600 2289.8423 260.91226
3103800 2290.3836 260.97972
3104000 2290.9275 261.00945
3104200 2291.5035 261.07288
3104400 2292.041 261.15327
3104600 2292.5782 261.21895
3104800 2293.1334 261.30133
3105000 2293.6905 261.36174
3105200 2294.2536 261.39924
3105400 2294.8023 261.43537
3105600 2295.3688 261.503
3105800 2295.9461 261.56283
3106000 2296.5098 261.63829
3106200 2297.0927 261.6963
3106400 2297.652 261.75675
3106600 2298.2008 261.80481
3106800 2298.7348 261.84362
3107000 2299.2775 261.91723
3107200 2299.8247 261.97827
3107400 2300.4126 262.01776
3107600 2300.9655 262.09744
3107800 2301.5124 262.14272
3108000 2302.055 262.18302
3108200 2302.6038 262.24479
3108400 2303.1607 262.31666
3108600 2303.7217 262.39559
3108800 2304.3066 262.48972
3109000 2304.8498 262.56668
3109200 2305.4095 262.64159
3109400 2305.9828 262.70278
3109600 2306.5374 262.78594
3109800 2307.1176 262.82343
3110000 2307.6805 262.92111
3110200 2308.2487 262.97328
3110400 2308.8081 263.03791
3110600 2309.3702 263.09221
3110800 2309.9223 263.15479
3111000 2310.4863 263.22609
3111200 2311.0556 263.3038
3111400 2311.6191 263.34571
3111600 2312.1986 263.40417
3111800 2312.7628 263.47559
3112000 2313.343 263.54201
3112200 2313.9298 263.60716
3112400 2314.4969 263.67811
3112600 2315.0397 263.73566
3112800 2315.608 263.79098
3113000 2316.2048 263.85358
3113200 2316.7758 263.93544
3113400 2317.3303 263.97623
3113600 2317.8973 264.04029
3113800 2318.4708 264.12526
3114000 2319.0331 264.19747
3114200 2319.6154 264.25782
3114400 2320.1874 264.33701
3114600 2320.767 264.39542
3114800 2321.3457 264.43631
3115000 2321.9201 264.49466
3115200 2322.4912 264.56314
3115400 2323.055 264.61141
3115600 2323.6282 264.65014
3115800 2324.2145 264.70656
3116000 2324.7951 264.74786
3116200 2325.3678 264.79249
3116400 2325.9389 264.83745
3116600 2326.5163 264.89442
3116800 2327.1046 264.94773
3117000 2327.6894 265.01223
3117200 2328.2399 265.05878
3117400 2328.8092 265.09797
3117600 2329.3854 265.14918
3117800 2329.9499 265.20705
3118000 2330.5267 265.23477
3118200 2331.0995 265.28922
3118400 2331.6717 265.33558
3118600 2332.2275 265.38171
3118800 2332.801 265.44989
3119000 2333.398 265.48583
3119200 2333.959 265.50772
3119400 2334.5343 265.54864
3119600 2335.1199 265.6334
3119800 2335.7143 265.68937
3120000 2336.2801 265.7368
3120200 2336.8657 265.78634
3120400 2337.4572 265.81237
3120600 2338.0243 265.85511
3120800 2338.5941 265.89424
3121000 2339.1795 265.95527
3121200 2339.7696 266.03101
3121400 2340.3534 266.0705
3121600 2340.9248 266.13416
3121800 2341.4972 266.17975
3122000 2342.0924 266.2275
3122200 2342.6516 266.27707
3122400 2343.1968 266.32022
3122600 2343.7831 266.37098
3122800 2344.3477 266.44244
3123000 2344.9232 266.49726
3123200 2345.4923 266.56275
3123400 2346.074 266.632
3123600 2346.6358 266.72054
3123800 2347.1996 266.78685
3124000 2347.7646 266.84201
3124200 2348.3247 266.9096
3124400 2348.915 266.9869
3124600 2349.5106 267.03085
3124800 2350.0794 267.08478
3125000 2350.6542 267.15167
3125200 2351.2626 267.21828
3125400 2351.8564 267.27862
3125600 2352.4374 267.34808
3125800 2353.0031 267.42216
3126000 2353.5714 267.46138
3126200 2354.1626 267.50818
3126400 2354.7545 267.56977
3126600 2355.3524 267.64047
3126800 2355.9472 267.69214
3127000 2356.5195 267.73476
3127200 2357.0929 267.80819
3127400 2357.6781 267.85999
3127600 2358.2721 267.92224
3127800 2358.8383 267.98468
3128000 2359.4279 268.03513
3128200 2360.0263 268.11648
3128400 2360.5951 268.16379
3128600 2361.1681 268.21049
3128800 2361.7485 268.27811
3129000 2362.3473 268.34575
3129200 2362.9455 268.40183
3129400 2363.5259 268.45487
3129600 2364.1054 268.48524
3129800 2364.6874 268.51829
3130000 2365.2755 268.56181
3130200 2365.8664 268.60682
3130400 2366.459 268.6563
3130600 2367.0608 268.72448
3130800 2367.6453 268.77403
3131000 2368.22 268.85519
3131200 2368.8011 268.90594
3131400 2369.3888 268.95453
3131600 2369.9956 269.02339
3131800 2370.595 269.08382
3132000 2371.1949 269.14921
3132200 2371.8091 269.23434
3132400 2372.3938 269.31226
3132600 2372.9847 269.37339
3132800 2373.5909 269.45768
3133000 2374.1515 269.5239
3133200 2374.7418 269.60834
3133400 2375.3359 269.67522
3133600 2375.9156 269.72302
3133800 2376.4965 269.75744
3134000 2377.0668 269.81524
3134200 2377.6348 269.88175
3134400 2378.2457 269.95714
3134600 2378.818 270.00914
3134800 2379.3961 270.07502
3135000 2379.973 270.13562
3135200 2380.5492 270.1752
3135400 2381.1421 270.23426
3135600 2381.7304 270.28058
3135800 2382.3079 270.32041
3136000 2382.8769 270.39207
3136200 2383.4693 270.44305
3136400 2384.0385 270.48883
3136600 2384.61 270.5685
3136800 2385.1982 270.62659
3137000 2385.7868 270.67824
3137200 2386.3716 270.72448
3137400 2386.9752 270.78564
3137600 2387.5486 270.87648
3137800 2388.1529 270.94773
3138000 2388.7144 271.00378
3138200 2389.2975 271.07664
3138400 2389.8904 271.12378
3138600 2390.4674 271.17983
3138800 2391.0687 271.21222
3139000 2391.6646 271.2596
3139200 2392.2584 271.28903
3139400 2392.8569 271.36635
3139600 2393.4575 271.41887
3139800 2394.0362 271.46802
3140000 2394.6446 271.52964
3140200 2395.2015 271.56855
3140400 2395.7944 271.62581
3140600 2396.3643 271.68044
3140800 2396.9523 271.71313
3141000 2397.5385 271.7486
3141200 2398.1248 271.79289
3141400 2398.7117 271.85311
3141600 2399.2997 271.89804
3141800 2399.8983 271.95955
3142000 2400.4668 272.01291
3142200 2401.0474 272.05694
3142400 2401.5997 272.09796
3142600 2402.1206 272.13515
3142800 2402.6739 272.17821
3143000 2403.2504 272.19861
3143200 2403.8284 272.25877
3143400 2404.4337 272.29666
3143600 2405.0248 272.36287
3143800 2405.6281 272.40332
3144000 2406.2516 272.433
3144200 2406.8663 272.47706
3144400 2407.4593 272.50074
3144600 2408.0652 272.56412
3144800 2408.6503 272.63229
3145000 2409.2692 272.68692
3145200 2409.8735 272.74549
3145400 2410.4778 272.81525
3145600 2411.0572 272.88955
3145800 2411.6361 272.95997
3146000 2412.2297 273.01989
3146200 2412.8133 273.10598
3146400 2413.3899 273.14449
3146600 2413.9829 273.1987
3146800 2414.5832 273.24803
3147000 2415.1963 273.2973
3147200 2415.7656 273.33017
3147400 2416.3704 273.39852
3147600 2416.9718 273.45909
3147800 2417.5639 273.51386
3148000 2418.1475 273.56537
3148200 2418.7226 273.6058
3148400 2419.2998 273.65695
3148600 2419.8841 273.69361
3148800 2420.4667 273.73517
3149000 2421.0518 273.7692
3149200 2421.647 273.82395
3149400 2422.2057 273.88185
3149600 2422.7858 273.92351
3149800 2423.3725 273.98025
3150000 2423.97 274.00986
3150200 2424.5745 274.09096
3150400 2425.165 274.13995
3150600 2425.7466 274.15622
3150800 2426.3055 274.1877
3151000 2426.8915 274.23891
3151200 2427.4833 274.28851
3151400 2428.0735 274.36573
3151600 2428.6487 274.39767
3151800 2429.2397 274.46806
3152000 2429.8289 274.51943
3152200 2430.4011 274.56539
3152400 2431 274.5956
3152600 2431.5841 274.63866
3152800 2432.1758 274.68575
3153000 2432.7731 274.73522
3153200 2433.3298 274.78374
3153400 2433.9067 274.79287
3153600 2434.4758 274.84812
3153800 2435.0759 274.91741
3154000 2435.6772 274.95945
3154200 2436.2723 275.00617
3154400 2436.8427 275.06463
3154600 2437.4281 275.10757
3154800 2438.0024 275.14472
3155000 2438.5908 275.19188
3155200 2439.1957 275.25551
3155400 2439.7732 275.30178
3155600 2440.3302 275.35172
3155800 2440.9041 275.40013
3156000 2441.4846 275.45056
3156200 2442.0664 275.47982
3156400 2442.6455 275.54818
3156600 2443.2122 275.58359
3156800 2443.7761 275.6316
3157000 2444.3593 275.66175
3157200 2444.9558 275.74524
3157400 2445.5305 275.78533
3157600 2446.1557 275.87488
3157800 2446.7565 275.92746
3158000 2447.3575 275.99452
3158200 2447.9266 276.02535
3158400 2448.5068 276.07874
3158600 2449.08 276.13695
3158800 2449.6676 276.19169
3159000 2450.2495 276.23713
3159200 2450.8387 276.27722
3159400 2451.4244 276.32934
3159600 2451.9899 276.38344
3159800 2452.5681 276.42272
3160000 2453.1341 276.46507
3160200 2453.7446 276.50671
3160400 2454.3596 276.54971
3160600 2454.9778 276.59069
3160800 2455.5943 276.64881
3161000 2456.1898 276.68808
3161200 2456.7591 276.76295
3161400 2457.3591 276.79647
3161600 2457.9858 276.8607
3161800 2458.5887 276.90764
3162000 2459.1804 276.935
3162200 2459.77 276.9718
3162400 2460.3577 277.00306
3162600 2460.9611 277.05017
3162800 2461.5436 277.11219
3163000 2462.1243 277.15723
3163200 2462.7226 277.21684
3163400 2463.3327 277.26357
3163600 2463.9461 277.27726
3163800 2464.5273 277.36356
3164000 2465.127 277.39278
3164200 2465.7114 277.4266
3164400 2466.2958 277.44586
3164600 2466.9077 277.4718
3164800 2467.5132 277.50305
3165000 2468.0926 277.55299
3165200 2468.6913 277.58416
3165400 2469.2902 277.60149
3165600 2469.9182 277.62919
3165800 2470.5305 277.65321
3166000 2471.1319 277.67408
3166200 2471.7264 277.69197
3166400 2472.3212 277.74431
3166600 2472.9511 277.8153
3166800 2473.5651 277.85005
3167000 2474.1788 277.87622
3167200 2474.7777 277.89026
3167400 2475.3857 277.9304
3167600 2476.0069 277.96229
3167800 2476.6001 277.98592
3168000 2477.218 278.00481
3168200 2477.8141 278.05915
3168400 2478.4004 278.11444
3168600 2478.9957 278.1385
3168800 2479.6067 278.19481
3169000 2480.1955 278.2473
3169200 2480.794 278.32104
3169400 2481.3995 278.34013
3169600 2482.0053 278.37279
3169800 2482.6238 278.38091
3170000 2483.2104 278.42542
3170200 2483.7894 278.44891
3170400 2484.4019 278.47418
3170600 2485.0284 278.50175
3170800 2485.6215 278.52481
3171000 2486.2217 278.56704
3171200 2486.8065 278.61779
3171400 2487.4015 278.67487
3171600 2487.9946 278.74816
3171800 2488.6095 278.7934
3172000 2489.2276 278.82099
3172200 2489.8026 278.86563
3172400 2490.4161 278.91589
3172600 2491.0201 278.99099
3172800 2491.6139 279.0115
3173000 2492.2268 279.0411
3173200 2492.8198 279.08916
3173400 2493.42 279.1301
3173600 2494.0107 279.18447
3173800 2494.601 279.26507
3174000 2495.1853 279.31321
3174200 2495.7831 279.34966
3174400 2496.3652 279.39191
3174600 2496.9474 279.42657
3174800 2497.5473 279.50575
3175000 2498.1405 279.5444
3175200 2498.7421 279.58303
3175400 2499.3385 279.6046
3175600 2499.9684 279.6217
3175800 2500.5774 279.6694
3176000 2501.2137 279.71413
3176200 2501.8444 279.75295
3176400 2502.4489 279.77271
3176600 2503.0755 279.78559
3176800 2503.684 279.80006
3177000 2504.2675 279.8314
3177200 2504.8847 279.84946
3177400 2505.5105 279.90889
3177600 2506.1114 279.93571
3177800 2506.7161 279.96487
3178000 2507.3222 279.99528
3178200 2507.9252 280.05257
3178400 2508.5227 280.09657
3178600 2509.1681 280.12097
3178800 2509.7801 280.16259
3179000 2510.4179 280.17411
3179200 2511.0272 280.20299
3179400 2511.6281 280.24026
3179600 2512.2574 280.28553
3179800 2512.8777 280.3295
3180000 2513.4978 280.35704
3180200 2514.1398 280.38169
3180400 2514.7585 280.43916
3180600 2515.4106 280.49096
3180800 2516.0639 280.48915
3181000 2516.687 280.54055
3181200 2517.307 280.60181
3181400 2517.9063 280.63723
3181600 2518.5358 280.65383
3181800 2519.1616 280.66809
3182000 2519.7923 280.70399
3182200 2520.4116 280.73272
3182400 2521.0365 280.7905
3182600 2521.6755 280.83141
3182800 2522.3049 280.84227
3183000 2522.936 280.86738
3183200 2523.5796 280.91147
3183400 2524.215 280.91752
3183600 2524.8497 280.96256
3183800 2525.4844 280.99946
3184000 2526.0927 281.02951
3184200 2526.727 281.06441
3184400 2527.3534 281.1217
3184600 2527.9715 281.14959
3184800 2528.5875 281.19307
3185000 2529.2062 281.21691
3185200 2529.8169 281.2524
3185400 2530.4245 281.2752
3185600 2531.0369 281.31142
3185800 2531.6719 281.33724
3186000 2532.286 281.38646
3186200 2532.9242 281.44353
3186400 2533.5527 281.47378
3186600 2534.1663 281.52522
3186800 2534.7982 281.56711
3187000 2535.4021 281.58626
3187200 2536.0273 281.59172
3187400 2536.6815 281.6227
3187600 2537.2789 281.63581
3187800 2537.8885 281.65914
3188000 2538.4957 281.68447
3188200 2539.0741 281.70462
3188400 2539.6733 281.7292
3188600 2540.2985 281.7414
3188800 2540.8924 281.74957
3189000 2541.5404 281.7903
3189200 2542.1631 281.81128
3189400 2542.7767 281.87199
3189600 2543.3907 281.87404
3189800 2543.9962 281.91521
3190000 2544.6293 281.96208
3190200 2545.2661 281.98299
3190400 2545.9118 282.04871
3190600 2546.5251 282.10736
3190800 2547.1501 282.12575
3191000 2547.7758 282.14851
3191200 2548.4055 282.19282
3191400 2549.0577 282.22192
3191600 2549.6726 282.23602
3191800 2550.2864 282.28702
3192000 2550.8874 282.32468
3192200 2551.4935 282.34711
3192400 2552.1119 282.38229
3192600 2552.742 282.443
3192800 2553.3489 282.49071
3193000 2553.9788 282.5538
3193200 2554.5993 282.58554
3193400 2555.2024 282.61725
3193600 2555.8163 282.64447
3193800 2556.4429 282.68157
3194000 2557.061 282.72341
3194200 2557.6836 282.76396
3194400 2558.318 282.81509
3194600 2558.9666 282.82852
3194800 2559.5921 282.84757
3195000 2560.2053 282.85018
3195200 2560.8192 282.89483
3195400 2561.4148 282.9398
3195600 2562.0245 282.97416
3195800 2562.6585 282.99837
3196000 2563.2819 283.05208
3196200 2563.9082 283.07088
3196400 2564.5436 283.11048
3196600 2565.1572 283.12808
3196800 2565.7655 283.14661
3197000 2566.3975 283.14537
3197200 2567.0062 283.14233
3197400 2567.6274 283.17937
3197600 2568.2442 283.21604
3197800 2568.8782 283.22293
3198000 2569.5017 283.23703
3198200 2570.1389 283.2509
3198400 2570.7666 283.26836
3198600 2571.3658 283.27605
3198800 2571.9655 283.31804
3199000 2572.5854 283.3512
3199200 2573.218 283.36315
3199400 2573.823 283.39792
3199600 2574.4631 283.43916
3199800 2575.11 283.46384
3200000 2575.7235 283.49731
3200200 2576.3528 283.53502
3200400 2576.9741 283.53718
3200600 2577.6292 283.55269
3200800 2578.2555 283.55763
3201000 2578.8899 283.58232
3201200 2579.5157 283.61849
3201400 2580.1561 283.66495
3201600 2580.7878 283.70452
3201800 2581.4218 283.7499
3202000 2582.0586 283.77923
3202200 2582.6864 283.80773
3202400 2583.3098 283.85202
3202600 2583.94 283.89613
3202800 2584.5878 283.93682
3203000 2585.2303 283.95978
3203200 2585.8493 283.97365
3203400 2586.5118 284.00352
3203600 2587.1646 284.06182
3203800 2587.8233 284.06994
3204000 2588.4611 284.12436
3204200 2589.1064 284.16748
3204400 2589.7517 284.19946
3204600 2590.37 284.20062
3204800 2590.993 284.20944
3205000 2591.5954 284.23289
3205200 2592.2309 284.27242
3205400 2592.8741 284.34065
3205600 2593.5165 284.38026
3205800 2594.1741 284.41373
3206000 2594.8403 284.45299
3206200 2595.4665 284.48633
3206400 2596.1128 284.55257
3206600 2596.7525 284.61098
3206800 2597.3826 284.6673
3207000 2598.0049 284.74719
3207200 2598.6233 284.7576
3207400 2599.2436 284.78175
3207600 2599.8812 284.82031
3207800 2600.5224 284.87813
3208000 2601.1749 284.9099
3208200 2601.8365 284.97451
3208400 2602.484 285.04009
3208600 2603.1116 285.06534
3208800 2603.7658 285.07766
3209000 2604.4107 285.1268
3209200 2605.0324 285.17876
3209400 2605.6924 285.23553
3209600 2606.3259 285.26952
3209800 2606.9722 285.29543
3210000 2607.597 285.31958
3210200 2608.2312 285.38725
3210400 2608.8898 285.45423
3210600 2609.5086 285.50108
3210800 2610.1608 285.5405
3211000 2610.7948 285.57654
3211200 2611.4336 285.62847
3211400 2612.1148 285.69742
3211600 2612.7783 285.75415
3211800 2613.4274 285.80106
3212000 2614.0677 285.8416
3212200 2614.7007 285.89093
3212400 2615.3298 285.91993
3212600 2615.99 285.94787
3212800 2616.6355 285.99015
3213000 2617.2644 286.01906
3213200 2617.9183 286.09344
3213400 2618.5622 286.13279
3213600 2619.2133 286.14481
3213800 2619.8882 286.20342
3214000 2620.5419 286.2466
3214200 2621.1826 286.29372
3214400 2621.8213 286.35426
3214600 2622.477 286.40106
3214800 2623.1117 286.45387
3215000 2623.7482 286.50584
3215200 2624.4084 286.57751
3215400 2625.0298 286.62148
3215600 2625.6806 286.64705
3215800 2626.3231 286.69707
3216000 2626.9646 286.74386
3216200 2627.6121 286.77513
3216400 2628.2431 286.84416
3216600 2628.8533 286.90194
3216800 2629.4876 286.92358
3217000 2630.0986 286.96496
3217200 2630.7288 287.00327
3217400 2631.3918 287.04865
3217600 2632.0614 287.08843
3217800 2632.6873 287.12371
3218000 2633.3026 287.14566
3218200 2633.9269 287.19159
3218400 2634.5581 287.21711
3218600 2635.1975 287.22751
3218800 2635.8628 287.27116
3219000 2636.5171 287.31369
3219200 2637.1663 287.35483
3219400 2637.7886 287.37851
3219600 2638.4385 287.39477
3219800 2639.0696 287.42851
3220000 2639.7256 287.45144
3220200 2640.3767 287.47935
3220400 2641.0418 287.51184
3220600 2641.6987 287.553
3220800 2642.35 287.59786
3221000 2642.9985 287.64662
3221200 2643.6009 287.65535
3221400 2644.2191 287.71087
3221600 2644.8538 287.74451
3221800 2645.5054 287.77941
3222000 2646.1423 287.82144
3222200 2646.778 287.87081
3222400 2647.3981 287.93466
3222600 2648.0421 287.97116
3222800 2648.6698 288.02743
3223000 2649.3015 288.04653
3223200 2649.9935 288.08522
3223400 2650.6493 288.12434
3223600 2651.2978 288.18786
3223800 2651.9692 288.20999
3224000 2652.6427 288.25536
3224200 2653.3114 288.30159
3224400 2653.944 288.32336
3224600 2654.5883 288.3723
3224800 2655.239 288.41338
3225000 2655.8973 288.43993
3225200 2656.5415 288.47064
3225400 2657.2207 288.51302
3225600 2657.8368 288.55509
3225800 2658.5109 288.60901
3226000 2659.1651 288.65196
3226200 2659.8225 288.67142
3226400 2660.4765 288.69273
3226600 2661.1523 288.73707
3226800 2661.8026 288.78131
3227000 2662.4434 288.8152
3227200 2663.1285 288.85796
3227400 2663.7576 288.9184
3227600 2664.4239 288.95984
3227800 2665.0656 289.00297
3228000 2665.6935 289.05516
3228200 2666.3225 289.08582
3228400 2666.9707 289.11864
3228600 2667.6005 289.17057
3228800 2668.2656 289.20809
3229000 2668.8873 289.23517
3229200 2669.533 289.25895
3229400 2670.205 289.3011
3229600 2670.8741 289.33652
3229800 2671.5287 289.3889
3230000 2672.1791 289.41571
3230200 2672.8319 289.47025
3230400 2673.4992 289.48934
3230600 2674.1576 289.56977
3230800 2674.7995 289.5949
3231000 2675.463 289.61614
3231200 2676.1204 289.65363
3231400 2676.7605 289.69011
3231600 2677.4097 289.69841
3231800 2678.1077 289.72032
3232000 2678.7954 289.77476
3232200 2679.4578 289.82437
3232400 2680.1132 289.86258
3232600 2680.7721 289.90535
3232800 2681.4126 289.91385
3233000 2682.07 289.97464
3233200 2682.705 289.99341
3233400 2683.345 290.04358
3233600 2683.9967 290.09489
3233800 2684.6801 290.15693
3234000 2685.3573 290.2144
3234200 2686.0218 290.26505
3234400 2686.6802 290.32274
3234600 2687.3282 290.34749
3234800 2688.0275 290.38617
3235000 2688.7021 290.43352
3235200 2689.3735 290.46629
3235400 2690.0469 290.5206
3235600 2690.7087 290.56727
3235800 2691.3689 290.60387
3236000 2692.0541 290.62644
3236200 2692.7323 290.67024
3236400 2693.3852 290.70173
3236600 2694.027 290.74851
3236800 2694.67 290.77489
3237000 2695.3221 290.8163
3237200 2695.9628 290.87249
3237400 2696.6007 290.90164
3237600 2697.275 290.94869
3237800 2697.9369 290.99374
3238000 2698.5726 291.02703
3238200 2699.2338 291.06765
3238400 2699.8943 291.11547
3238600 2700.5198 291.12769
3238800 2701.1761 291.16072
3239000 2701.8538 291.19977
3239200 2702.4988 291.23096
3239400 2703.1275 291.26949
3239600 2703.7963 291.33098
3239800 2704.4527 291.38521
3240000 2705.1188 291.41508
3240200 2705.78 291.4469
3240400 2706.4348 291.49648
3240600 2707.1286 291.54697
3240800 2707.7976 291.60393
3241000 2708.4832 291.65109
3241200 2709.1684 291.66339
3241400 2709.8641 291.68757
3241600 2710.5272 291.74297
3241800 2711.1722 291.78652
3242000 2711.8274 291.86915
3242200 2712.4841 291.91272
3242400 2713.1473 291.96756
3242600 2713.8173 292.02004
3242800 2714.4819 292.04882
3243000 2715.1363 292.09892
3243200 2715.789 292.16912
3243400 2716.4511 292.22407
3243600 2717.101 292.28281
3243800 2717.7543 292.33797
3244000 2718.405 292.38684
3244200 2719.0413 292.4553
3244400 2719.6991 292.50656
3244600 2720.3841 292.57328
3244800 2721.0353 292.61501
3245000 2721.6888 292.65346
3245200 2722.3355 292.70026
3245400 2722.9901 292.77508
3245600 2723.6409 292.81975
3245800 2724.2927 292.85841
3246000 2724.9315 292.91172
3246200 2725.5888 292.94731
3246400 2726.2511 292.98502
3246600 2726.9209 293.04065
3246800 2727.5839 293.07191
3247000 2728.2493 293.10237
3247200 2728.9087 293.16091
3247400 2729.5624 293.19711
3247600 2730.2454 293.22778
3247800 2730.9198 293.27473
3248000 2731.5712 293.34068
3248200 2732.2493 293.41552
3248400 2732.9076 293.47701
3248600 2733.5438 293.52121
3248800 2734.1964 293.59008
3249000 2734.8319 293.63325
3249200 2735.4988 293.67657
3249400 2736.1788 293.71721
3249600 2736.86 293.77733
3249800 2737.4995 293.83292
3250000 2738.1668 293.88553
3250200 2738.8451 293.9464
3250400 2739.543 294.00886
3250600 2740.204 294.05176
3250800 2740.8711 294.07916
3251000 2741.5632 294.12964
3251200 2742.2304 294.17813
3251400 2742.8915 294.24118
3251600 2743.5902 294.28414
3251800 2744.2619 294.34278
3252000 2744.9368 294.37476
3252200 2745.6031 294.42932
3252400 2746.2681 294.47917
3252600 2746.9517 294.51396
3252800 2747.6389 294.58561
3253000 2748.323 294.61422
3253200 2749.0101 294.68851
3253400 2749.7027 294.73025
3253600 2750.4103 294.7707
3253800 2751.1027 294.81947
3254000 2751.806 294.87428
3254200 2752.5014 294.9206
3254400 2753.1976 294.94871
3254600 2753.8847 294.9923
3254800 2754.5646 295.03136
3255000 2755.2797 295.08645
3255200 2755.9735 295.13334
3255400 2756.6492 295.18471
3255600 2757.3303 295.25998
3255800 2758.063 295.28809
3256000 2758.731 295.35379
3256200 2759.441 295.37642
3256400 2760.1285 295.4045
3256600 2760.8018 295.45387
3256800 2761.5088 295.52359
3257000 2762.2065 295.57179
3257200 2762.8813 295.61932
3257400 2763.5759 295.67815
3257600 2764.2689 295.72051
3257800 2764.9388 295.76945
3258000 2765.6135 295.82483
3258200 2766.3018 295.89512
3258400 2766.9983 295.93366
3258600 2767.7052 295.99302
3258800 2768.4055 296.0492
3259000 2769.0968 296.10899
3259200 2769.7739 296.16477
3259400 2770.4577 296.23858
3259600 2771.1243 296.30176
3259800 2771.7813 296.34413
3260000 2772.481 296.3942
3260200 2773.1632 296.46286
3260400 2773.8365 296.53171
3260600 2774.5091 296.60055
3260800 2775.2119 296.68933
3261000 2775.9061 296.76912
3261200 2776.585 296.84385
3261400 2777.2829 296.89051
3261600 2777.9596 296.95342
3261800 2778.6718 297.0129
3262000 2779.3857 297.08874
3262200 2780.0682 297.16547
3262400 2780.7784 297.25268
3262600 2781.479 297.34717
3262800 2782.1907 297.43966
3263000 2782.8958 297.5431
3263200 2783.5891 297.61624
3263400 2784.2754 297.69752
3263600 2784.9811 297.75852
3263800 2785.6805 297.8223
3264000 2786.3726 297.90885
3264200 2787.1064 297.98002
3264400 2787.8249 298.05929
3264600 2788.5455 298.12035
3264800 2789.2484 298.1804
3265000 2789.9479 298.24855
3265200 2790.6492 298.33517
3265400 2791.3482 298.43016
3265600 2792.04 298.50864
3265800 2792.7599 298.58853
3266000 2793.4376 298.65887
3266200 2794.1366 298.74512
3266400 2794.8385 298.82936
3266600 2795.5346 298.9731
3266800 2796.2161 299.04395
3267000 2796.902 299.13851
3267200 2797.5982 299.23107
3267400 2798.2907 299.31317
3267600 2799.0115 299.39763
3267800 2799.7165 299.48091
3268000 2800.4189 299.56185
3268200 2801.114 299.62048
3268400 2801.801 299.69255
3268600 2802.4955 299.7553
3268800 2803.1904 299.81955
3269000 2803.8986 299.87352
3269200 2804.5783 299.96554
3269400 2805.2663 300.03538
3269600 2805.9787 300.10422
3269800 2806.6931 300.16313
3270000 2807.4014 300.23332
3270200 2808.0932 300.33311
3270400 2808.7817 300.40409
3270600 2809.4855 300.48863
3270800 2810.1791 300.55996
3271000 2810.8758 300.64979
3271200 2811.5888 300.72554
3271400 2812.2824 300.78448
3271600 2812.9645 300.82191
3271800 2813.6646 300.90969
3272000 2814.3435 301.00941
3272200 2815.0433 301.08617
3272400 2815.7288 301.16355
3272600 2816.4146 301.24627
3272800 2817.1434 301.31561
3273000 2817.8329 301.3959
3273200 2818.5213 301.47069
3273400 2819.2163 301.53844
3273600 2819.8902 301.64908
3273800 2820.5768 301.72802
3274000 2821.2632 301.82181
3274200 2821.9912 301.9237
3274400 2822.6963 302.0305
3274600 2823.4013 302.11574
3274800 2824.0968 302.20734
3275000 2824.7975 302.28579
3275200 2825.501 302.34398
3275400 2826.1911 302.39994
3275600 2826.8863 302.46274
3275800 2827.5803 302.56604
3276000 2828.2781 302.65576
3276200 2828.9847 302.74834
3276400 2829.6742 302.82019
3276600 2830.37 302.88475
3276800 2831.0822 302.97038
3277000 2831.775 303.06105
3277200 2832.4901 303.14175
3277400 2833.175 303.22159
3277600 2833.8733 303.31639
3277800 2834.5497 303.39654
3278000 2835.2381 303.47741
3278200 2835.9537 303.58469
3278400 2836.6617 303.66149
3278600 2837.3546 303.75241
3278800 2838.083 303.87188
3279000 2838.7769 303.96631
3279200 2839.504 304.05109
3279400 2840.2123 304.11047
3279600 2840.9005 304.17342
3279800 2841.588 304.27583
3280000 2842.287 304.38138
3280200 2843.009 304.44585
3280400 2843.7175 304.52999
3280600 2844.4533 304.60325
3280800 2845.1665 304.67263
3281000 2845.883 304.7638
3281200 2846.6152 304.88044
3281400 2847.3146 304.9619
3281600 2848.0606 305.05639
3281800 2848.7715 305.15431
3282000 2849.5131 305.24766
3282200 2850.2258 305.34776
3282400 2850.9169 305.43103
3282600 2851.6261 305.52731
3282800 2852.3587 305.64388
3283000 2853.0659 305.72386
3283200 2853.7597 305.80702
3283400 2854.4633 305.92019
3283600 2855.1721 306.00191
3283800 2855.8833 306.08418
3284000 2856.5965 306.18922
3284200 2857.3372 306.30551
3284400 2858.0698 306.43999
3284600 2858.7927 306.54244
3284800 2859.5175 306.64958
3285000 2860.2191 306.76744
3285200 2860.9135 306.83464
3285400 2861.6609 306.92343
3285600 2862.3812 307.0179
3285800 2863.0764 307.11988
3286000 2863.8104 307.22701
3286200 2864.5178 307.32291
3286400 2865.2196 307.42043
3286600 2865.9717 307.5015
3286800 2866.7057 307.58647
3287000 2867.4495 307.67278
3287200 2868.2044 307.78429
3287400 2868.9367 307.89821
3287600 2869.6817 307.98865
3287800 2870.4029 308.08447
3288000 2871.1506 308.17708
3288200 2871.8728 308.29772
3288400 2872.5751 308.38614
3288600 2873.3025 308.50649
3288800 2874.0301 308.61381
3289000 2874.7587 308.71859
3289200 2875.4572 308.84839
3289400 2876.159 308.93977
3289600 2876.901 309.03544
3289800 2877.6416 309.10956
3290000 2878.3213 309.20511
3290200 2879.0296 309.2874
3290400 2879.7659 309.37269
3290600 2880.491 309.44673
3290800 2881.2063 309.55294
3291000 2881.9091 309.65117
3291200 2882.6306 309.75316
3291400 2883.3482 309.86991
3291600 2884.0847 309.94097
3291800 2884.8283 310.05723
3292000 2885.5689 310.16117
3292200 2886.2646 310.26355
3292400 2886.9786 310.41138
3292600 2887.6867 310.55815
3292800 2888.4399 310.67907
3293000 2889.1673 310.78132
3293200 2889.8841 310.87207
3293400 2890.6264 310.99283
3293600 2891.3304 311.08655
3293800 2892.0674 311.19598
3294000 2892.7765 311.28096
3294200 2893.4961 311.40065
3294400 2894.2342 311.49273
3294600 2894.9773 311.62516
3294800 2895.7218 311.75344
3295000 2896.4668 311.86062
3295200 2897.179 311.98323
3295400 2897.896 312.08439
3295600 2898.622 312.20345
3295800 2899.3232 312.32343
3296000 2900.0445 312.41867
3296200 2900.7719 312.52637
3296400 2901.4975 312.61967
3296600 2902.2468 312.71839
3296800 2902.9631 312.84168
3297000 2903.7087 312.9574
3297200 2904.4272 313.04552
3297400 2905.1605 313.13579
3297600 2905.8942 313.22865
3297800 2906.6086 313.30901
3298000 2907.333 313.3899
3298200 2908.038 313.47771
3298400 2908.7705 313.56179
3298600 2909.4724 313.66311
3298800 2910.1946 313.75915
3299000 2910.9056 313.88438
3299200 2911.6168 314.00423
3299400 2912.3266 314.10704
3299600 2913.0455 314.21011
3299800 2913.8041 314.31356
3300000 2914.5146 314.4273
3300200 2915.2529 314.5195
3300400 2915.977 314.62245
3300600 2916.6993 314.68693
3300800 2917.4262 314.79003
3301000 2918.1797 314.87526
3301200 2918.8901 314.97011
3301400 2919.6183 315.09444
3301600 2920.3628 315.19323
3301800 2921.0715 315.29931
3302000 2921.807 315.42487
3302200 2922.5071 315.54658
3302400 2923.234 315.66014
3302600 2923.9568 315.76922
3302800 2924.6622 315.87997
3303000 2925.4035 316.01833
3303200 2926.1381 316.1304
3303400 2926.8731 316.25121
3303600 2927.5961 316.35659
3303800 2928.3261 316.45364
3304000 2929.0391 316.54362
3304200 2929.7678 316.64857
3304400 2930.4888 316.74362
3304600 2931.2288 316.83983
3304800 2931.9652 316.9314
3305000 2932.6938 317.04893
3305200 2933.442 317.1414
3305400 2934.173 317.22989
3305600 2934.9394 317.36531
3305800 2935.6469 317.47911
3306000 2936.391 317.58353
3306200 2937.1128 317.68963
3306400 2937.8346 317.75961
3306600 2938.5637 317.85828
3306800 2939.3134 317.98608
3307000 2940.0577 318.06315
3307200 2940.8093 318.15303
3307400 2941.5607 318.24791
3307600 2942.3127 318.36556
3307800 2943.0657 318.47274
3308000 2943.8088 318.591
3308200 2944.5563 318.68919
3308400 2945.302 318.78629
3308600 2946.0167 318.91917
3308800 2946.762 318.99935
3309000 2947.5008 319.12921
3309200 2948.2333 319.26086
3309400 2948.9838 319.39176
3309600 2949.7189 319.48623
3309800 2950.4437 319.61126
3310000 2951.2162 319.69338
3310200 2951.9595 319.77795
3310400 2952.7121 319.89217
3310600 2953.4655 320.01177
3310800 2954.2073 320.13345
3311000 2954.9614 320.25351
3311200 2955.7184 320.35999
3311400 2956.4488 320.4771
3311600 2957.2069 320.58507
3311800 2957.9377 320.72226
3312000 2958.7243 320.85933
3312200 2959.4731 320.99479
3312400 2960.222 321.09889
3312600 2960.9656 321.20606
3312800 2961.7384 321.29835
3313000 2962.4891 321.41145
3313200 2963.2325 321.53401
3313400 2964.0055 321.65698
3313600 2964.7494 321.73739
3313800 2965.523 321.8537
3314000 2966.2998 321.98737
3314200 2967.0608 322.13645
3314400 2967.8453 322.27388
3314600 2968.5931 322.37358
3314800 2969.3578 322.45294
3315000 2970.1098 322.54573
3315200 2970.8719 322.67203
3315400 2971.6292 322.79696
3315600 2972.3984 322.92095
3315800 2973.1526 323.03497
3316000 2973.9112 323.14745
3316200 2974.702 323.28652
3316400 2975.4648 323.38933
3316600 2976.2397 323.48964
3316800 2977.0277 323.61249
3317000 2977.7986 323.72889
3317200 2978.5241 323.86298
3317400 2979.2998 323.99646
3317600 2980.0718 324.1164
3317800 2980.841 324.25937
3318000 2981.6015 324.42295
3318200 2982.363 324.54668
3318400 2983.1394 324.68378
3318600 2983.9034 324.80279
3318800 2984.6791 324.9304
3319000 2985.448 325.06178
3319200 2986.1963 325.1699
3319400 2986.9535 325.28892
3319600 2987.6807 325.42674
3319800 2988.4603 325.58044
3320000 2989.2383 325.71081
3320200 2990.0228 325.83708
3320400 2990.7819 325.98834
3320600 2991.55 326.12868
3320800 2992.298 326.22429
3321000 2993.0546 326.3456
3321200 2993.8095 326.45441
3321400 2994.5992 326.58218
3321600 2995.3625 326.71796
3321800 2996.0999 326.82223
3322000 2996.8611 326.93838
3322200 2997.6291 327.05983
3322400 2998.4015 327.19267
3322600 2999.1881 327.34345
3322800 2999.9442 327.50079
3323000 3000.7184 327.63763
3323200 3001.4941 327.75903
3323400 3002.2404 327.8786
3323600 3002.9985 327.98887
3323800 3003.7572 328.10592
3324000 3004.5212 328.23707
3324200 3005.2655 328.38075
3324400 3006.014 328.52048
3324600 3006.7668 328.66631
3324800 3007.5278 328.76448
3325000 3008.2784 328.8922
3325200 3009.0269 329.01551
3325400 3009.7793 329.12696
3325600 3010.5275 329.22792
3325800 3011.2955 329.35038
3326000 3012.0561 329.47117
3326200 3012.8045 329.5952
3326400 3013.5795 329.73531
3326600 3014.3389 329.86089
3326800 3015.1405 329.99421
3327000 3015.9171 330.12237
3327200 3016.6778 330.25857
3327400 3017.4661 330.38672
3327600 3018.2408 330.51478
3327800 3019.0159 330.64789
3328000 3019.7808 330.78227
3328200 3020.542 330.91759
3328400 3021.3023 331.03299
3328600 3022.0691 331.16951
3328800 3022.8461 331.29535
3329000 3023.6205 331.43614
3329200 3024.3818 331.54571
3329400 3025.1575 331.67903
3329600 3025.9563 331.82893
3329800 3026.7331 331.95036
3330000 3027.4721 332.08907
3330200 3028.232 332.21684
3330400 3028.9889 332.37749
3330600 3029.745 332.48188
3330800 3030.4914 332.61523
3331000 3031.2554 332.75912
3331200 3032.0143 332.87728
3331400 3032.7775 332.99966
3331600 3033.5155 333.14699
3331800 3034.2817 333.27381
3332000 3035.0555 333.44562
3332200 3035.8077 333.57818
3332400 3036.5888 333.71837
3332600 3037.351 333.82988
3332800 3038.1066 333.95973
3333000 3038.8787 334.10345
3333200 3039.6661 334.23229
3333400 3040.4259 334.37075
3333600 3041.1868 334.47915
3333800 3041.9664 334.60267
3334000 3042.7617 334.72468
3334200 3043.5219 334.87148
3334400 3044.2961 334.98961
3334600 3045.0715 335.09278
3334800 3045.8566 335.21543
3335000 3046.6371 335.33413
3335200 3047.3933 335.46447
3335400 3048.1574 335.58017
3335600 3048.9156 335.71361
3335800 3049.6927 335.85125
3336000 3050.4567 335.96417
3336200 3051.226 336.10318
3336400 3052.0035 336.25986
3336600 3052.7515 336.40055
3336800 3053.5238 336.51532
3337000 3054.2861 336.63336
3337200 3055.064 336.77384
3337400 3055.8758 336.91333
3337600 3056.5997 337.05976
3337800 3057.3942 337.207
3338000 3058.1677 337.33501
3338200 3058.9575 337.49467
3338400 3059.7218 337.63509
3338600 3060.5212 337.78033
3338800 3061.3068 337.90274
3339000 3062.083 338.05634
3339200 3062.8424 338.19319
3339400 3063.6299 338.31918
3339600 3064.3921 338.46468
3339800 3065.177 338.58836
3340000 3065.9647 338.75084
3340200 3066.727 338.86336
3340400 3067.5011 339.01319
3340600 3068.2825 339.14864
3340800 3069.0386 339.28612
3341000 3069.8311 339.38899
3341200 3070.6133 339.53162
3341400 3071.3885 339.64724
3341600 3072.1609 339.7629
3341800 3072.9837 339.8982
3342000 3073.7546 339.99626
3342200 3074.5213 340.12468
3342400 3075.2831 340.26919
3342600 3076.0512 340.38804
3342800 3076.8276 340.51583
3343000 3077.5936 340.6678
3343200 3078.4008 340.79364
3343400 3079.1931 340.93987
3343600 3079.9655 341.07956
3343800 3080.7546 341.21352
3344000 3081.533 341.34593
3344200 3082.3066 341.48821
3344400 3083.0828 341.62619
3344600 3083.8796 341.75354
3344800 3084.7008 341.89715
3345000 3085.5051 342.05329
3345200 3086.292 342.20763
3345400 3087.0805 342.38067
3345600 3087.8659 342.52554
3345800 3088.6685 342.65464
3346000 3089.4752 342.80271
3346200 3090.2646 342.92378
3346400 3091.0586 343.0606
3346600 3091.8362 343.20078
3346800 3092.6049 343.34598
3347000 3093.4031 343.49042
3347200 3094.1976 343.60306
3347400 3095.0212 343.72855
3347600 3095.8129 343.86151
3347800 3096.5869 343.98846
3348000 3097.3918 344.09238
3348200 3098.1808 344.21456
3348400 3098.9915 344.30469
3348600 3099.8034 344.43606
3348800 3100.5838 344.54243
3349000 3101.3845 344.62157
3349200 3102.1722 344.70956
3349400 3102.9887 344.80441
3349600 3103.797 344.94264
3349800 3104.6059 345.08508
3350000 3105.4528 345.19126
3350200 3106.2654 345.33332
3350400 3107.0505 345.4792
3350600 3107.8453 345.59768
3350800 3108.6159 345.71049
3351000 3109.4253 345.82606
3351200 3110.2088 345.92261
3351400 3111.0161 346.064
3351600 3111.8111 346.1928
3351800 3112.5952 346.32869
3352000 3113.3978 346.48061
3352200 3114.1956 346.60453
3352400 3114.9967 346.74078
3352600 3115.8076 346.86928
3352800 3116.6019 347.00055
3353000 3117.4015 347.10788
3353200 3118.198 347.25125
3353400 3118.9963 347.37873
3353600 3119.8007 347.48915
3353800 3120.5891 347.64093
3354000 3121.3747 347.78938
3354200 3122.1713 347.90431
3354400 3122.954 348.02534
3354600 3123.7494 348.13088
3354800 3124.5412 348.25772
3355000 3125.3277 348.37333
3355200 3126.1299 348.48506
3355400 3126.9665 348.62225
3355600 3127.7687 348.78138
3355800 3128.5623 348.92674
3356000 3129.3624 349.05336
3356200 3130.1703 349.17183
3356400 3130.9875 349.29152
3356600 3131.8054 349.40073
3356800 3132.6018 349.49328
3357000 3133.38 349.62835
3357200 3134.1819 349.73782
3357400 3135.0057 349.87344
3357600 3135.795 349.98484
3357800 3136.6031 350.15414
3358000 3137.4069 350.3175
3358200 3138.2069 350.4458
3358400 3139.0452 350.60016
3358600 3139.8518 350.7542
3358800 3140.6471 350.91001
3359000 3141.4708 350.99546
3359200 3142.2993 351.13712
3359400 3143.1213 351.28574
3359600 3143.9052 351.4218
3359800 3144.6827 351.54054
3360000 3145.4765 351.69238
3360200 3146.2808 351.87784
3360400 3147.0825 352.03168
3360600 3147.8947 352.17183
3360800 3148.6947 352.31433
3361000 3149.5182 352.47723
3361200 3150.325 352.60957
3361400 3151.1371 352.72405
3361600 3151.9066 352.84428
3361800 3152.7 352.97332
3362000 3153.5154 353.11345
3362200 3154.3459 353.21065
3362400 3155.1848 353.33389
3362600 3155.9834 353.46971
3362800 3156.7874 353.59726
3363000 3157.5987 353.74547
3363200 3158.3815 353.87583
3363400 3159.1792 354.01309
3363600 3160.0065 354.1514
3363800 3160.824 354.27807
3364000 3161.6125 354.43604
3364200 3162.3917 354.55938
3364400 3163.1877 354.71002
3364600 3163.9699 354.84907
3364800 3164.7636 354.98422
3365000 3165.5588 355.09152
3365200 3166.3777 355.23683
3365400 3167.2144 355.34958
3365600 3168.0217 355.49104
3365800 3168.8126 355.63794
3366000 3169.6171 355.7704
3366200 3170.4617 355.91401
3366400 3171.2771 356.0521
3366600 3172.1153 356.17236
3366800 3172.9434 356.28958
3367000 3173.7857 356.44576
3367200 3174.615 356.58598
3367400 3175.4147 356.73706
3367600 3176.2305 356.85994
3367800 3177.0338 357.02802
3368000 3177.8577 357.17592
3368200 3178.6982 357.32728
3368400 3179.5221 357.45551
3368600 3180.3231 357.58725
3368800 3181.1725 357.74585
3369000 3182.0095 357.91435
3369200 3182.8197 358.05579
3369400 3183.632 358.20582
3369600 3184.459 358.31075
3369800 3185.2865 358.48739
3370000 3186.1004 358.64224
3370200 3186.9041 358.79311
3370400 3187.7421 358.945
3370600 3188.565 359.07792
3370800 3189.3716 359.21075
3371000 3190.2168 359.3382
3371200 3191.0257 359.45707
3371400 3191.8324 359.60708
3371600 3192.6571 359.77989
3371800 3193.4845 359.93036
3372000 3194.2963 360.10349
3372200 3195.0964 360.25464
3372400 3195.9124 360.39413
3372600 3196.7472 360.5794
3372800 3197.5565 360.73428
3373000 3198.3634 360.8974
3373200 3199.1733 361.03693
3373400 3199.979 361.19477
3373600 3200.7937 361.31712
3373800 3201.5844 361.44634
3374000 3202.4085 361.58022
3374200 3203.2258 361.6925
3374400 3204.0615 361.83708
3374600 3204.8999 361.97451
3374800 3205.7189 362.1218
3375000 3206.5333 362.25565
3375200 3207.3371 362.40374
3375400 3208.16 362.55483
3375600 3209.008 362.72135
3375800 3209.8351 362.82017
3376000 3210.6435 362.96035
3376200 3211.4731 363.07975
3376400 3212.3224 363.17181
3376600 3213.1478 363.30163
3376800 3214.0022 363.43381
3377000 3214.8255 363.56832
3377200 3215.6607 363.68981
3377400 3216.4841 363.80925
3377600 3217.3304 363.94227
3377800 3218.1605 364.10719
3378000 3218.9895 364.24432
3378200 3219.7833 364.39555
3378400 3220.6277 364.54723
3378600 3221.4596 364.6962
3378800 3222.3014 364.84048
3379000 3223.1498 364.98659
3379200 3223.9765 365.11412
3379400 3224.8183 365.25705
3379600 3225.6368 365.39896
3379800 3226.4459 365.54493
3380000 3227.233 365.67936
3380200 3228.0626 365.77241
3380400 3228.8834 365.9098
3380600 3229.6869 366.04625
3380800 3230.5092 366.2052
3381000 3231.3231 366.37248
3381200 3232.1609 366.50258
3381400 3233.0058 366.64561
3381600 3233.8408 366.79537
3381800 3234.653 366.92748
3382000 3235.4776 367.04695
3382200 3236.306 367.17691
3382400 3237.1385 367.30319
3382600 3237.9486 367.42147
3382800 3238.7912 367.55153
3383000 3239.6154 367.67704
3383200 3240.4551 367.79821
3383400 3241.2801 367.9307
3383600 3242.1237 368.0486
3383800 3242.9455 368.14397
3384000 3243.7304 368.26097
3384200 3244.549 368.4239
3384400 3245.3814 368.57241
3384600 3246.2068 368.68145
3384800 3247.0385 368.81279
3385000 3247.869 368.9613
3385200 3248.6887 369.13127
3385400 3249.5523 369.27992
3385600 3250.4225 369.43355
3385800 3251.2674 369.55881
3386000 3252.0986 369.68793
3386200 3252.9483 369.80268
3386400 3253.8217 369.91588
3386600 3254.6511 370.02588
3386800 3255.4711 370.1709
3387000 3256.2877 370.27649
3387200 3257.1107 370.40113
3387400 3257.9532 370.55084
3387600 3258.7642 370.67884
3387800 3259.603 370.80872
3388000 3260.4345 370.9356
3388200 3261.2569 371.06345
3388400 3262.0869 371.20606
3388600 3262.9208 371.32535
3388800 3263.766 371.45545
3389000 3264.6097 371.61987
3389200 3265.4738 371.74996
3389400 3266.3334 371.86522
3389600 3267.1623 371.96427
3389800 3267.993 372.1162
3390000 3268.8451 372.25458
3390200 3269.6677 372.36363
3390400 3270.5079 372.50572
3390600 3271.34 372.66212
3390800 3272.1763 372.79799
3391000 3273.0489 372.96431
3391200 3273.8877 373.08352
3391400 3274.7117 373.22227
3391600 3275.5348 373.34227
3391800 3276.3901 373.4781
3392000 3277.2035 373.61133
3392200 3278.0672 373.7175
3392400 3278.9222 373.84901
3392600 3279.7535 373.97775
3392800 3280.5904 374.12029
3393000 3281.414 374.23039
3393200 3282.248 374.35387
3393400 3283.1028 374.4817
3393600 3283.9724 374.62077
3393800 3284.8161 374.7725
3394000 3285.6823 374.92393
3394200 3286.5063 375.06936
3394400 3287.3521 375.23084
3394600 3288.196 375.35547
3394800 3289.0255 375.50443
3395000 3289.8769 375.64202
3395200 3290.7672 375.76693
3395400 3291.6147 375.89912
3395600 3292.4569 376.04685
3395800 3293.3293 376.18604
3396000 3294.196 376.32423
3396200 3295.06 376.45926
3396400 3295.8992 376.57207
3396600 3296.7706 376.70763
3396800 3297.6115 376.8279
3397000 3298.4573 376.97602
3397200 3299.3169 377.10666
3397400 3300.1696 377.21443
3397600 3301.0233 377.35161
3397800 3301.8814 377.46629
3398000 3302.7814 377.57729
3398200 3303.6542 377.71249
3398400 3304.5358 377.83831
3398600 3305.3689 377.97135
3398800 3306.2336 378.11033
3399000 3307.0976 378.23295
3399200 3307.944 378.35438
3399400 3308.795 378.46978
3399600 3309.6508 378.59183
3399800 3310.5219 378.74307
3400000 3311.3731 378.89955
3400200 3312.2457 379.06942
3400400 3313.1332 379.18957
3400600 3314.0365 379.32123
3400800 3314.9173 379.44698
3401000 3315.7483 379.52993
3401200 3316.6024 379.62203
3401400 3317.4564 379.70826
3401600 3318.2844 379.82025
3401800 3319.15 379.94187
3402000 3319.989 380.05398
3402200 3320.8568 380.17995
3402400 3321.7456 380.33809
3402600 3322.6227 380.46179
3402800 3323.4784 380.59484
3403000 3324.3549 380.73126
3403200 3325.2219 380.87433
3403400 3326.1032 381.02882
3403600 3326.9742 381.17168
3403800 3327.8544 381.29737
3404000 3328.7437 381.40968
3404200 3329.6222 381.54525
3404400 3330.5044 381.67914
3404600 3331.4196 381.80095
3404800 3332.2993 381.93688
3405000 3333.1737 382.08064
3405200 3334.0578 382.17383
3405400 3334.9439 382.3349
3405600 3335.8204 382.44971
3405800 3336.7027 382.56483
3406000 3337.5826 382.69469
3406200 3338.4704 382.85551
3406400 3339.3561 383.01582
3406600 3340.2277 383.15157
3406800 3341.0886 383.26805
3407000 3341.946 383.38942
3407200 3342.8074 383.48856
3407400 3343.7322 383.6142
3407600 3344.6214 383.74043
3407800 3345.4955 383.86859
3408000 3346.3722 384.0066
3408200 3347.2419 384.14016
3408400 3348.1245 384.26172
3408600 3348.9863 384.35196
3408800 3349.841 384.49096
3409000 3350.7069 384.62468
3409200 3351.5597 384.74817
3409400 3352.436 384.86322
3409600 3353.317 384.95333
3409800 3354.1878 385.06543
3410000 3355.1027 385.17873
3410200 3355.9783 385.30418
3410400 3356.8604 385.41838
3410600 3357.7454 385.54704
3410800 3358.6296 385.69807
3411000 3359.5129 385.82616
3411200 3360.4157 385.9797
3411400 3361.2886 386.09426
3411600 3362.141 386.21797
3411800 3363.0138 386.35058
3412000 3363.929 386.47639
3412200 3364.8179 386.5878
3412400 3365.7016 386.71027
3412600 3366.5698 386.81547
3412800 3367.4572 386.9115
3413000 3368.3368 387.00672
3413200 3369.235 387.09652
3413400 3370.1322 387.21532
3413600 3371.0137 387.33326
3413800 3371.8904 387.43741
3414000 3372.7743 387.55413
3414200 3373.6501 387.66978
3414400 3374.5435 387.78568
3414600 3375.4294 387.94041
3414800 3376.3454 388.02604
3415000 3377.2258 388.16195
3415200 3378.1217 388.25803
3415400 3378.9914 388.38219
3415600 3379.896 388.52964
3415800 3380.7699 388.61241
3416000 3381.662 388.74945
3416200 3382.5596 388.88945
3416400 3383.4654 388.97985
3416600 3384.373 389.10565
3416800 3385.234 389.24991
3417000 3386.1436 389.38826
3417200 3387.0278 389.53165
3417400 3387.9009 389.63184
3417600 3388.764 389.77218
3417800 3389.6591 389.89084
3418000 3390.542 390.02976
3418200 3391.4541 390.15202
3418400 3392.3489 390.2971
3418600 3393.2455 390.44818
3418800 3394.105 390.59614
3419000 3394.9981 390.76199
3419200 3395.8835 390.88916
3419400 3396.7679 391.05241
3419600 3397.6803 391.17861
3419800 3398.5683 391.31523
3420000 3399.4655 391.42646
3420200 3400.377 391.52954
3420400 3401.2866 391.65289
3420600 3402.1856 391.78286
3420800 3403.0569 391.90848
3421000 3403.9778 392.0557
3421200 3404.8964 392.18998
3421400 3405.8051 392.35706
3421600 3406.704 392.53648
3421800 3407.6288 392.69041
3422000 3408.5439 392.84287
3422200 3409.4813 393.01598
3422400 3410.3793 393.18006
3422600 3411.2782 393.33712
3422800 3412.1997 393.45787
3423000 3413.101 393.5955
3423200 3414.0166 393.76844
3423400 3414.9166 393.91524
3423600 3415.8153 394.08169
3423800 3416.7084 394.25857
3424000 3417.616 394.41457
3424200 3418.4937 394.57259
3424400 3419.405 394.72914
3424600 3420.3235 394.91404
3424800 3421.2113 395.04908
3425000 3422.1059 395.25648
3425200 3423.0201 395.35999
3425400 3423.9446 395.50608
3425600 3424.8868 395.67834
3425800 3425.8197 395.82199
3426000 3426.7386 395.96096
3426200 3427.6427 396.11884
3426400 3428.5726 396.27338
3426600 3429.5165 396.45823
3426800 3430.4233 396.6134
3427000 3431.3455 396.77704
3427200 3432.237 396.91365
3427400 3433.1447 397.08385
3427600 3434.1026 397.24388
3427800 3435.0262 397.42452
3428000 3435.986 397.57759
3428200 3436.9292 397.72294
3428400 3437.8626 397.86209
3428600 3438.7879 398.00643
3428800 3439.7239 398.18308
3429000 3440.6111 398.33864
3429200 3441.5475 398.4945
3429400 3442.5064 398.6676
3429600 3443.4418 398.85044
3429800 3444.3756 399.0411
3430000 3445.3218 399.20217
3430200 3446.2353 399.38963
3430400 3447.1274 399.55624
3430600 3448.0539 399.75424
3430800 3448.9859 399.91937
3431000 3449.9262 400.09919
3431200 3450.8416 400.27928
3431400 3451.7949 400.45371
3431600 3452.7181 400.59696
3431800 3453.6519 400.76573
3432000 3454.5762 400.9195
3432200 3455.491 401.07905
3432400 3456.4241 401.25145
3432600 3457.3489 401.39862
3432800 3458.2727 401.56617
3433000 3459.2062 401.73983
3433200 3460.1294 401.90136
3433400 3461.0246 402.02014
3433600 3461.9653 402.18926
3433800 3462.8809 402.35979
3434000 3463.8116 402.53322
3434200 3464.7635 402.70493
3434400 3465.7164 402.91528
3434600 3466.6434 403.06608
3434800 3467.5479 403.23912
3435000 3468.4804 403.38006
3435200 3469.4242 403.56806
3435400 3470.3654 403.7572
3435600 3471.3111 403.95472
3435800 3472.2708 404.17395
3436000 3473.2162 404.32447
3436200 3474.1644 404.51357
3436400 3475.1364 404.67654
3436600 3476.0767 404.88533
3436800 3477.0318 405.05003
3437000 3477.9744 405.28893
3437200 3478.9261 405.45435
3437400 3479.8783 405.63069
3437600 3480.8208 405.81733
3437800 3481.7598 405.96149
3438000 3482.7188 406.1189
3438200 3483.6623 406.2886
3438400 3484.5939 406.48407
3438600 3485.5407 406.68052
3438800 3486.4857 406.8587
3439000 3487.4321 407.04443
3439200 3488.3979 407.20121
3439400 3489.3562 407.36481
3439600 3490.3187 407.49464
3439800 3491.2395 407.67051
3440000 3492.1935 407.86543
3440200 3493.1557 408.05811
3440400 3494.0686 408.19309
3440600 3495.04 408.37717
3440800 3496.0053 408.58585
3441000 3497.0112 408.7864
3441200 3497.9822 408.97393
3441400 3498.9197 409.15847
3441600 3499.87 409.32225
3441800 3500.8159 409.51296
3442000 3501.7728 409.69384
3442200 3502.7381 409.86878
3442400 3503.7004 410.03119
3442600 3504.6705 410.16707
3442800 3505.6092 410.34134
3443000 3506.5527 410.53288
3443200 3507.5034 410.71423
3443400 3508.4734 410.89468
3443600 3509.4184 411.07999
3443800 3510.3958 411.25706
3444000 3511.3758 411.43376
3444200 3512.3339 411.57274
3444400 3513.3073 411.73859
3444600 3514.246 411.90059
3444800 3515.2164 412.07675
3445000 3516.1913 412.25478
3445200 3517.1507 412.4297
3445400 3518.1305 412.60005
3445600 3519.1164 412.7621
3445800 3520.0758 412.91827
3446000 3521.0795 413.10179
3446200 3522.0193 413.24438
3446400 3522.9802 413.39595
3446600 3523.9685 413.56517
3446800 3524.9696 413.70947
3447000 3525.9557 413.87587
3447200 3526.9093 414.0471
3447400 3527.8774 414.19059
3447600 3528.87 414.36711
3447800 3529.8612 414.49927
3448000 3530.8191 414.64418
3448200 3531.8197 414.80588
3448400 3532.7991 414.9632
3448600 3533.8134 415.12303
3448800 3534.8228 415.26737
3449000 3535.8082 415.42534
3449200 3536.7778 415.57266
3449400 3537.7508 415.75219
3449600 3538.723 415.90013
3449800 3539.7233 416.05471
3450000 3540.7244 416.19382
3450200 3541.736 416.36102
3450400 3542.7225 416.57565
3450600 3543.7056 416.70016
3450800 3544.6855 416.84419
3451000 3545.6576 416.9973
3451200 3546.6453 417.14635
3451400 3547.632 417.30393
3451600 3548.6373 417.48307
3451800 3549.6353 417.64361
3452000 3550.6135 417.7777
3452200 3551.5779 417.95025
3452400 3552.5817 418.09493
3452600 3553.5781 418.25753
3452800 3554.5514 418.40559
3453000 3555.5723 418.59206
3453200 3556.6218 418.75229
3453400 3557.6105 418.91478
3453600 3558.6042 419.10973
3453800 3559.6538 419.28765
3454000 3560.6761 419.46989
3454200 3561.6736 419.62699
3454400 3562.6942 419.78711
3454600 3563.6825 419.94508
3454800 3564.6739 420.10244
3455000 3565.6652 420.25595
3455200 3566.6665 420.4181
3455400 3567.6294 420.59709
3455600 3568.6225 420.79235
3455800 3569.6102 420.94707
3456000 3570.597 421.10725
3456200 3571.5956 421.2427
3456400 3572.597 421.41888
3456600 3573.5934 421.56542
3456800 3574.5759 421.72647
3457000 3575.59 421.88892
3457200 3576.5927 422.03637
3457400 3577.5957 422.17961
3457600 3578.6325 422.34424
3457800 3579.6267 422.50377
3458000 3580.6462 422.65732
3458200 3581.6764 422.84007
3458400 3582.6594 423.00603
3458600 3583.651 423.19827
3458800 3584.6528 423.38549
3459000 3585.6817 423.59246
3459200 3586.7007 423.78595
3459400 3587.7132 423.96595
3459600 3588.7401 424.1532
3459800 3589.7548 424.33737
3460000 3590.7855 424.481
3460200 3591.8146 424.65946
3460400 3592.821 424.82694
3460600 3593.8389 425.01357
3460800 3594.8478 425.19577
3461000 3595.8615 425.38701
3461200 3596.8745 425.58309
3461400 3597.8892 425.75946
3461600 3598.8963 425.95628
3461800 3599.9198 426.1374
3462000 3600.944 426.28819
3462200 3601.9521 426.46115
3462400 3602.9446 426.65287
3462600 3603.949 426.8121
3462800 3604.9223 426.97759
3463000 3605.9528 427.14894
3463200 3606.9678 427.29609
3463400 3607.9947 427.44333
3463600 3609.0316 427.60031
3463800 3610.038 427.76347
3464000 3611.0574 427.91224
3464200 3612.0639 428.06132
3464400 3613.0513 428.2236
3464600 3614.0427 428.37544
3464800 3615.0375 428.53212
3465000 3616.0473 428.70857
3465200 3617.0757 428.88964
3465400 3618.1272 429.04705
3465600 3619.171 429.23951
3465800 3620.1848 429.41698
3466000 3621.2122 429.60815
3466200 3622.2349 429.78383
3466400 3623.2677 429.92443
3466600 3624.3109 430.12349
3466800 3625.3526 430.32494
3467000 3626.3829 430.50408
3467200 3627.4212 430.70179
3467400 3628.4632 430.85891
3467600 3629.5045 431.0409
3467800 3630.5653 431.22305
3468000 3631.5886 431.40219
3468200 3632.6512 431.56474
3468400 3633.6854 431.7644
3468600 3634.7411 431.94722
3468800 3635.7745 432.13406
3469000 3636.8082 432.29104
3469200 3637.8394 432.46979
3469400 3638.8925 432.65492
3469600 3639.9368 432.84759
3469800 3641.0177 433.01971
3470000 3642.0521 433.15362
3470200 3643.062 433.30633
3470400 3644.0973 433.44729
3470600 3645.1568 433.58911
3470800 3646.1971 433.76807
3471000 3647.2463 433.946
3471200 3648.2787 434.0818
3471400 3649.2903 434.27026
3471600 3650.3152 434.44885
3471800 3651.3661 434.63267
3472000 3652.4438 434.82618
3472200 3653.4849 435.01636
3472400 3654.4989 435.176
3472600 3655.5327 435.36124
3472800 3656.5483 435.55061
3473000 3657.6125 435.7488
3473200 3658.6187 435.9097
3473400 3659.6335 436.05573
3473600 3660.6771 436.21009
3473800 3661.694 436.3989
3474000 3662.7278 436.60171
3474200 3663.7835 436.80726
3474400 3664.8178 436.95819
3474600 3665.855 437.15622
3474800 3666.9107 437.33199
3475000 3667.9335 437.49469
3475200 3668.9732 437.63369
3475400 3670.0635 437.80733
3475600 3671.116 437.96601
3475800 3672.1451 438.13585
3476000 3673.1845 438.30421
3476200 3674.2035 438.44622
3476400 3675.248 438.63855
3476600 3676.2816 438.80606
3476800 3677.3056 439.00311
3477000 3678.3692 439.17365
3477200 3679.4108 439.35392
3477400 3680.4801 439.52948
3477600 3681.5184 439.68767
3477800 3682.5401 439.82942
3478000 3683.6265 439.99052
3478200 3684.6392 440.14914
3478400 3685.6695 440.31298
3478600 3686.7251 440.43769
3478800 3687.7813 440.61861
3479000 3688.8023 440.77875
3479200 3689.8318 440.95521
3479400 3690.8639 441.10612
3479600 3691.8985 441.25883
3479800 3692.9298 441.38742
3480000 3693.988 441.52138
3480200 3695.0166 441.69402
3480400 3696.0391 441.88946
3480600 3697.1028 442.05447
3480800 3698.1452 442.24222
3481000 3699.2093 442.38119
3481200 3700.2535 442.52772
3481400 3701.3097 442.66402
3481600 3702.3908 442.83091
3481800 3703.4541 442.98652
3482000 3704.5415 443.15144
3482200 3705.5964 443.30712
3482400 3706.6443 443.48926
3482600 3707.6924 443.64639
3482800 3708.7381 443.83723
3483000 3709.7757 444.02177
3483200 3710.8511 444.1759
3483400 3711.9425 444.35436
3483600 3712.9857 444.53539
3483800 3714.066 444.67939
3484000 3715.1495 444.86258
3484200 3716.1939 445.02649
3484400 3717.2525 445.19238
3484600 3718.3044 445.36894
3484800 3719.3323 445.5399
3485000 3720.4097 445.71361
3485200 3721.4913 445.91187
3485400 3722.5592 446.11634
3485600 3723.6341 446.3072
3485800 3724.6794 446.49958
3486000 3725.7573 446.681
3486200 3726.8312 446.84121
3486400 3727.9079 447.04038
3486600 3728.9762 447.25866
3486800 3730.0439 447.4552
3487000 3731.0701 447.62054
3487200 3732.1069 447.79378
3487400 3733.1187 447.97542
3487600 3734.1753 448.14786
3487800 3735.2163 448.31451
3488000 3736.2558 448.47681
3488200 3737.3282 448.66335
3488400 3738.3872 448.83686
3488600 3739.4807 448.96911
3488800 3740.5348 449.14987
3489000 3741.5921 449.30273
3489200 3742.6316 449.44699
3489400 3743.6976 449.59817
3489600 3744.7577 449.77161
3489800 3745.8253 449.93319
3490000 3746.9024 450.06675
3490200 3747.9772 450.23486
3490400 3749.0775 450.42008
3490600 3750.1643 450.56758
3490800 3751.2149 450.76867
3491000 3752.2846 450.90989
3491200 3753.3482 451.07085
3491400 3754.432 451.2512
3491600 3755.4917 451.42213
3491800 3756.5207 451.60457
3492000 3757.5757 451.79675
3492200 3758.6316 451.98606
3492400 3759.7077 452.18604
3492600 3760.7657 452.33182
3492800 3761.8018 452.48191
3493000 3762.8706 452.66706
3493200 3763.9229 452.81836
3493400 3764.9934 452.97479
3493600 3766.0588 453.1595
3493800 3767.1404 453.31446
3494000 3768.2122 453.48246
3494200 3769.278 453.65974
3494400 3770.3514 453.83524
3494600 3771.4188 454.03178
3494800 3772.4826 454.21489
3495000 3773.5503 454.37418
3495200 3774.612 454.48767
3495400 3775.6911 454.68023
3495600 3776.7535 454.84907
3495800 3777.8159 455.00377
3496000 3778.87 455.17008
3496200 3779.9123 455.31903
3496400 3780.9882 455.4558
3496600 3782.0652 455.6286
3496800 3783.1425 455.76832
3497000 3784.229 455.9144
3497200 3785.3165 456.0833
3497400 3786.3806 456.21355
3497600 3787.4396 456.38262
3497800 3788.5474 456.55922
3498000 3789.6094 456.73636
3498200 3790.7123 456.88
3498400 3791.7831 457.01719
3498600 3792.8815 457.17583
3498800 3793.9634 457.37085
3499000 3795.0174 457.53784
3499200 3796.0886 457.72778
3499400 3797.2033 457.89436
3499600 3798.2489 458.05654
3499800 3799.3337 458.2182
3500000 3800.4498 458.39525
3500200 3801.5755 458.59695
3500400 3802.6699 458.79138
3500600 3803.7804 458.97537
3500800 3804.8718 459.13021
3501000 3805.9926 459.32516
3501200 3807.1065 459.53376
3501400 3808.2139 459.74421
3501600 3809.3341 459.94777
3501800 3810.4488 460.15393
3502000 3811.5634 460.33599
3502200 3812.6688 460.52135
3502400 3813.7528 460.70497
3502600 3814.8769 460.92376
3502800 3815.9882 461.13139
3503000 3817.09 461.31558
3503200 3818.2367 461.51485
3503400 3819.3524 461.69501
3503600 3820.4576 461.81914
3503800 3821.5884 461.97971
3504000 3822.7189 462.18212
3504200 3823.84 462.34836
3504400 3824.943 462.50064
3504600 3826.0534 462.66052
3504800 3827.1853 462.87054
3505000 3828.303 463.07528
3505200 3829.4233 463.28353
3505400 3830.5278 463.48539
3505600 3831.6545 463.68933
3505800 3832.7772 463.88244
3506000 3833.8684 464.02759
3506200 3834.9928 464.21938
3506400 3836.1245 464.41119
3506600 3837.2676 464.63221
3506800 3838.3946 464.83661
3507000 3839.522 465.03727
3507200 3840.6481 465.22733
3507400 3841.7813 465.41821
3507600 3842.9277 465.62661
3507800 3844.0667 465.81439
3508000 3845.2139 466.04073
3508200 3846.356 466.26659
3508400 3847.487 466.46765
3508600 3848.6192 466.67896
3508800 3849.7426 466.85974
3509000 3850.8886 467.05504
3509200 3852.0229 467.24817
3509400 3853.1445 467.44975
3509600 3854.3014 467.65409
3509800 3855.4505 467.88972
3510000 3856.5856 468.09543
3510200 3857.7037 468.28261
3510400 3858.8412 468.48205
3510600 3859.9723 468.65877
3510800 3861.0852 468.85372
3511000 3862.1829 469.03024
3511200 3863.296 469.23974
3511400 3864.429 469.43772
3511600 3865.5321 469.62663
3511800 3866.6876 469.80748
3512000 3867.7955 470.02184
3512200 3868.9169 470.23734
3512400 3870.0371 470.46719
3512600 3871.1975 470.67084
3512800 3872.3257 470.88767
3513000 3873.4339 471.09126
3513200 3874.5584 471.30908
3513400 3875.6572 471.50167
3513600 3876.8003 471.72974
3513800 3877.9318 471.91067
3514000 3879.0754 472.11593
3514200 3880.2203 472.29164
3514400 3881.3455 472.49367
3514600 3882.4816 472.71612
3514800 3883.6271 472.92021
3515000 3884.7775 473.12186
3515200 3885.9113 473.31719
3515400 3887.027 473.53112
3515600 3888.1535 473.73526
3515800 3889.3017 473.96056
3516000 3890.4229 474.16214
3516200 3891.5605 474.35817
3516400 3892.7108 474.55994
3516600 3893.8509 474.75298
3516800 3894.9888 474.92982
3517000 3896.1019 475.14588
3517200 3897.2326 475.33589
3517400 3898.3529 475.5229
3517600 3899.4706 475.73905
3517800 3900.6375 475.93272
3518000 3901.77 476.12766
3518200 3902.9181 476.36073
3518400 3904.072 476.54025
3518600 3905.2022 476.75686
3518800 3906.3453 476.93155
3519000 3907.4927 477.16377
3519200 3908.6086 477.33071
3519400 3909.7362 477.54687
3519600 3910.8683 477.76921
3519800 3912.028 477.95687
3520000 3913.1882 478.17986
3520200 3914.3264 478.39335
3520400 3915.504 478.59959
3520600 3916.6596 478.802
3520800 3917.813 479.01858
3521000 3918.9427 479.20019
3521200 3920.0901 479.40898
3521400 3921.25 479.61482
3521600 3922.4269 479.83847
3521800 3923.5888 480.0253
3522000 3924.7399 480.21993
3522200 3925.8915 480.39131
3522400 3927.0501 480.60133
3522600 3928.2171 480.79405
3522800 3929.3799 481.00095
3523000 3930.5358 481.19644
3523200 3931.7005 481.39574
3523400 3932.8593 481.59183
3523600 3934.0445 481.79902
3523800 3935.2021 481.96807
3524000 3936.3596 482.1622
3524200 3937.4913 482.34838
3524400 3938.6436 482.57534
3524600 3939.7745 482.79541
3524800 3940.9233 483.009
3525000 3942.0641 483.25036
3525200 3943.2453 483.45133
3525400 3944.4329 483.69247
3525600 3945.6051 483.94628
3525800 3946.7607 484.16361
3526000 3947.9058 484.39366
3526200 3949.0878 484.57544
3526400 3950.269 484.80185
3526600 3951.4434 485.03818
3526800 3952.642 485.247
3527000 3953.7963 485.44193
3527200 3954.9555 485.65097
3527400 3956.1264 485.88628
3527600 3957.2735 486.09383
3527800 3958.4197 486.30689
3528000 3959.6252 486.52574
3528200 3960.7903 486.7463
3528400 3961.932 486.95691
3528600 3963.1108 487.19379
3528800 3964.2664 487.40549
3529000 3965.4183 487.60814
3529200 3966.5782 487.83018
3529400 3967.7466 488.04007
3529600 3968.9286 488.23935
3529800 3970.0876 488.44718
3530000 3971.2541 488.65514
3530200 3972.4124 488.88852
3530400 3973.5806 489.13502
3530600 3974.7425 489.37774
3530800 3975.906 489.57785
3531000 3977.1081 489.83302
3531200 3978.2577 490.07523
3531400 3979.4229 490.29754
3531600 3980.6008 490.53027
3531800 3981.7813 490.71338
3532000 3982.9577 490.96285
3532200 3984.1262 491.15513
3532400 3985.3114 491.38253
3532600 3986.4767 491.59806
3532800 3987.6524 491.78052
3533000 3988.8604 492.01495
3533200 3990.0463 492.22476
3533400 3991.2362 492.40764
3533600 3992.426 492.60764
3533800 3993.5942 492.82196
3534000 3994.7567 493.02062
3534200 3995.9112 493.20684
3534400 3997.0535 493.40885
3534600 3998.218 493.62709
3534800 3999.4163 493.85844
3535000 4000.6181 494.09269
3535200 4001.7896 494.32477
3535400 4002.9584 494.52459
3535600 4004.1182 494.75491
3535800 4005.2868 494.97549
3536000 4006.4889 495.17213
3536200 4007.6504 495.38187
3536400 4008.827 495.59897
3536600 4010.0247 495.84353
3536800 4011.1996 496.06832
3537000 4012.3376 496.26908
3537200 4013.4888 496.4879
3537400 4014.6243 496.70721
3537600 4015.853 496.94882
3537800 4017.0399 497.16975
3538000 4018.2096 497.38706
3538200 4019.3672 497.59758
3538400 4020.5217 497.79891
3538600 4021.6922 498.04257
3538800 4022.8575 498.25321
3539000 4024.0087 498.49511
3539200 4025.1818 498.75235
3539400 4026.3708 498.99395
3539600 4027.5424 499.19587
3539800 4028.7383 499.43334
3540000 4029.9316 499.64922
3540200 4031.1095 499.86378
3540400 4032.283 500.07343
3540600 4033.4913 500.28904
3540800 4034.6922 500.50074
3541000 4035.8801 500.77066
3541200 4037.0767 500.98468
3541400 4038.2875 501.22891
3541600 4039.4915 501.43838
3541800 4040.7003 501.71362
3542000 4041.9006 501.92989
3542200 4043.0636 502.17026
3542400 4044.2616 502.42221
3542600 4045.4691 502.63033
3542800 4046.6698 502.83768
3543000 4047.8565 503.0616
3543200 4049.0709 503.28503
3543400 4050.305 503.51969
3543600 4051.5133 503.72021
3543800 4052.6973 503.94274
3544000 4053.9124 504.15499
3544200 4055.1105 504.35045
3544400 4056.3085 504.54998
3544600 4057.5133 504.73172
3544800 4058.7269 504.94538
3545000 4059.9226 505.1729
3545200 4061.1257 505.38219
3545400 4062.3169 505.5995
3545600 4063.5273 505.82819
3545800 4064.7526 506.03514
3546000 4065.9764 506.26382
3546200 4067.1519 506.4759
3546400 4068.3559 506.64163
3546600 4069.5988 506.83364
3546800 4070.8248 507.00829
3547000 4072.045 507.19891
3547200 4073.2588 507.4211
3547400 4074.5119 507.60873
3547600 4075.7667 507.79619
3547800 4076.9931 508.00113
3548000 4078.2169 508.20212
3548200 4079.455 508.41409
3548400 4080.6743 508.64693
3548600 4081.9084 508.88589
3548800 4083.1316 509.11718
3549000 4084.3398 509.34696
3549200 4085.5406 509.56426
3549400 4086.7477 509.78342
3549600 4087.9869 509.95976
3549800 4089.1871 510.1641
3550000 4090.413 510.41128
3550200 4091.6624 510.62853
3550400 4092.8607 510.87426
3550600 4094.0949 511.1036
3550800 4095.3105 511.32017
3551000 4096.5305 511.56863
3551200 4097.7357 511.80792
3551400 4098.967 512.01879
3551600 4100.2026 512.24761
3551800 4101.4262 512.44976
3552000 4102.6903 512.65346
3552200 4103.9241 512.91739
3552400 4105.1948 513.14013
3552600 4106.4001 513.37889
3552800 4107.6125 513.58227
3553000 4108.803 513.79475
3553200 4110.0065 513.99899
3553400 4111.2187 514.20097
3553600 4112.4623 514.43984
3553800 4113.6965 514.67629
3554000 4114.9298 514.90259
3554200 4116.1822 515.1183
3554400 4117.4156 515.31072
3554600 4118.6451 515.50612
3554800 4119.9325 515.73606
3555000 4121.2007 515.95612
3555200 4122.4562 516.17726
3555400 4123.6869 516.39216
3555600 4124.9387 516.62765
3555800 4126.1702 516.85231
3556000 4127.4452 517.07391
3556200 4128.7292 517.30549
3556400 4129.9914 517.52202
3556600 4131.2533 517.73526
3556800 4132.4415 517.94898
3557000 4133.6854 518.17332
3557200 4134.9197 518.38241
3557400 4136.1203 518.59461
3557600 4137.35 518.7996
3557800 4138.5945 519.01502
3558000 4139.8384 519.25388
3558200 4141.1126 519.48847
3558400 4142.3717 519.74364
3558600 4143.6495 519.9802
3558800 4144.8979 520.207
3559000 4146.196 520.39117
3559200 4147.4365 520.59112
3559400 4148.6624 520.82353
3559600 4149.8966 521.00686
3559800 4151.1685 521.21561
3560000 4152.4178 521.38184
3560200 4153.6596 521.59289
3560400 4154.9014 521.82561
3560600 4156.1732 522.04074
3560800 4157.4016 522.23037
3561000 4158.6402 522.42499
3561200 4159.893 522.62443
3561400 4161.1299 522.83138
3561600 4162.3939 523.07648
3561800 4163.6527 523.31468
3562000 4164.8964 523.52706
3562200 4166.1775 523.75138
3562400 4167.4599 523.9711
3562600 4168.7359 524.19578
3562800 4170.0038 524.37277
3563000 4171.2052 524.57024
3563200 4172.4355 524.7685
3563400 4173.703 524.98724
3563600 4174.9523 525.19343
3563800 4176.2163 525.35632
3564000 4177.4914 525.55878
3564200 4178.7966 525.72709
3564400 4180.09 525.92471
3564600 4181.3829 526.12653
3564800 4182.6707 526.34741
3565000 4183.9968 526.58003
3565200 4185.3073 526.76408
3565400 4186.6011 526.96591
3565600 4187.8937 527.17701
3565800 4189.1818 527.3717
3566000 4190.4706 527.55339
3566200 4191.7835 527.78254
3566400 4193.0536 527.96927
3566600 4194.3415 528.14746
3566800 4195.652 528.36803
3567000 4196.8973 528.57697
3567200 4198.1495 528.80788
3567400 4199.4503 528.98705
3567600 4200.7561 529.18664
3567800 4202.0368 529.35858
3568000 4203.3348 529.55072
3568200 4204.6224 529.74468
3568400 4205.8975 529.93219
3568600 4207.2007 530.13751
3568800 4208.5094 530.322
3569000 4209.8022 530.53284
3569200 4211.0971 530.7003
3569400 4212.392 530.90463
3569600 4213.7 531.08066
3569800 4214.9729 531.28341
3570000 4216.2971 531.50909
3570200 4217.5973 531.70691
3570400 4218.8662 531.88474
3570600 4220.2019 532.07193
3570800 4221.5015 532.22955
3571000 4222.7905 532.44021
3571200 4224.125 532.65841
3571400 4225.4388 532.86295
3571600 4226.7021 533.09283
3571800 4227.98 533.31065
3572000 4229.2868 533.49812
3572200 4230.5718 533.68672
3572400 4231.8584 533.86713
3572600 4233.1986 534.08461
3572800 4234.4553 534.27225
3573000 4235.7426 534.47335
3573200 4237.0737 534.67939
3573400 4238.3628 534.86041
3573600 4239.638 535.05397
3573800 4240.9231 535.25788
3574000 4242.2018 535.45009
3574200 4243.4925 535.67275
3574400 4244.8062 535.8573
3574600 4246.1353 536.03502
3574800 4247.456 536.22571
3575000 4248.7828 536.41223
3575200 4250.0529 536.57712
3575400 4251.3989 536.74578
3575600 4252.7071 536.95015
3575800 4254.0271 537.13179
3576000 4255.3644 537.33352
3576200 4256.6722 537.54844
3576400 4257.9771 537.7958
3576600 4259.2847 537.98334
3576800 4260.6029 538.18395
3577000 4261.9213 538.37624
3577200 4263.2156 538.5624
3577400 4264.5349 538.72568
3577600 4265.892 538.92939
3577800 4267.226 539.13027
3578000 4268.5483 539.34132
3578200 4269.8656 539.52409
3578400 4271.2171 539.71417
3578600 4272.5208 539.9136
3578800 4273.8664 540.08483
3579000 4275.1565 540.26871
3579200 4276.4855 540.46431
3579400 4277.8221 540.62008
3579600 4279.1722 540.79986
3579800 4280.5141 541.00752
3580000 4281.8628 541.20966
3580200 4283.2316 541.39348
3580400 4284.5415 541.56926
3580600 4285.9037 541.76794
3580800 4287.2262 541.9577
3581000 4288.5542 542.15064
3581200 4289.8913 542.32495
3581400 4291.2031 542.49536
3581600 4292.4933 542.65508
3581800 4293.8465 542.86132
3582000 4295.2115 543.02033
3582200 4296.546 543.19168
3582400 4297.8729 543.33883
3582600 4299.1812 543.46664
3582800 4300.5044 543.63136
3583000 4301.8387 543.78924
3583200 4303.1919 543.97453
3583400 4304.5477 544.19246
3583600 4305.9238 544.35166
3583800 4307.2932 544.53351
3584000 4308.6501 544.72605
3584200 4309.967 544.89127
3584400 4311.3086 545.06449
3584600 4312.681 545.23403
3584800 4314.0248 545.40096
3585000 4315.3864 545.51828
3585200 4316.7647 545.67769
3585400 4318.1178 545.86149
3585600 4319.469 546.0488
3585800 4320.7577 546.22039
3586000 4322.1316 546.37362
3586200 4323.5117 546.54972
3586400 4324.8893 546.72813
3586600 4326.2698 546.88658
3586800 4327.674 547.05671
3587000 4329.0349 547.24439
3587200 4330.3875 547.41786
3587400 4331.7087 547.58334
3587600 4333.0977 547.76633
3587800 4334.4547 547.93125
3588000 4335.8 548.092
3588200 4337.1845 548.24585
3588400 4338.5773 548.45181
3588600 4339.9412 548.62559
3588800 4341.2914 548.82084
3589000 4342.6232 548.99129
3589200 4343.9941 549.17626
3589400 4345.3715 549.37135
3589600 4346.7093 549.53348
3589800 4348.0934 549.68514
3590000 4349.4375 549.81709
3590200 4350.8375 549.97959
3590400 4352.2414 550.15532
3590600 4353.6175 550.34352
3590800 4355.0107 550.52228
3591000 4356.3885 550.69305
3591200 4357.7529 550.84753
3591400 4359.1566 551.00666
3591600 4360.5462 551.1511
3591800 4361.9019 551.272
3592000 4363.3002 551.46024
3592200 4364.6729 551.62019
3592400 4366.0634 551.77765
3592600 4367.4331 551.9245
3592800 4368.7963 552.11252
3593000 4370.1556 552.27065
3593200 4371.5389 552.4266
3593400 4372.9454 552.56625
3593600 4374.3507 552.72226
3593800 4375.7378 552.83787
3594000 4377.1366 552.99326
3594200 4378.5199 553.15921
3594400 4379.9194 553.29704
3594600 4381.3233 553.45958
3594800 4382.7037 553.63653
3595000 4384.1193 553.80083
3595200 4385.5151 553.96118
3595400 4386.9136 554.11459
3595600 4388.3325 554.26454
3595800 4389.7492 554.41275
3596000 4391.1019 554.62941
3596200 4392.4896 554.82383
3596400 4393.8956 555.01919
3596600 4395.287 555.15914
3596800 4396.6831 555.32778
3597000 4398.1142 555.48504
3597200 4399.5104 555.64365
3597400 4400.9077 555.79836
3597600 4402.292 555.91546
3597800 4403.6581 556.05906
3598000 4405.0704 556.2358
3598200 4406.4486 556.36646
3598400 4407.8326 556.50444
3598600 4409.2279 556.6561
3598800 4410.6478 556.81148
3599000 4412.0362 556.9894
3599200 4413.4603 557.14886
3599400 4414.8431 557.31467
3599600 4416.2816 557.44181
3599800 4417.6935 557.59007
3600000 4419.1283 557.76608
3600200 4420.5798 557.94946
3600400 4421.9921 558.11861
3600600 4423.4063 558.31383
3600800 4424.8466 558.47649
3601000 4426.2881 558.62934
3601200 4427.7344 558.76769
3601400 4429.1645 558.89406
3601600 4430.575 559.05777
3601800 4431.9953 559.20492
3602000 4433.4246 559.34183
3602200 4434.8694 559.50991
3602400 4436.2891 559.62634
3602600 4437.6797 559.77733
3602800 4439.0847 559.92088
3603000 4440.5424 560.10277
3603200 4441.9847 560.26124
3603400 4443.4304 560.40647
3603600 4444.8576 560.59587
3603800 4446.2806 560.74851
3604000 4447.7301 560.94406
3604200 4449.1457 561.11279
3604400 4450.5701 561.24346
3604600 4452.0107 561.38684
3604800 4453.4302 561.57755
3605000 4454.8336 561.71625
3605200 4456.2771 561.8851
3605400 4457.7157 562.00008
3605600 4459.1194 562.15303
3605800 4460.5497 562.29305
3606000 4461.9614 562.46536
3606200 4463.3887 562.63128
3606400 4464.8071 562.77265
3606600 4466.2351 562.90186
3606800 4467.699 563.04119
3607000 4469.1084 563.2066
3607200 4470.5035 563.37377
3607400 4471.9209 563.5174
3607600 4473.3482 563.64686
3607800 4474.7735 563.78733
3608000 4476.2082 563.9263
3608200 4477.6447 564.07528
3608400 4479.1171 564.19148
3608600 4480.5455 564.31305
3608800 4481.9686 564.45855
3609000 4483.4275 564.63268
3609200 4484.8781 564.76655
3609400 4486.342 564.92589
3609600 4487.8174 565.10527
3609800 4489.2433 565.3124
3610000 4490.6733 565.48751
3610200 4492.1051 565.64673
3610400 4493.5551 565.78083
3610600 4494.9692 565.94201
3610800 4496.39 566.06554
3611000 4497.8464 566.22073
3611200 4499.2928 566.36402
3611400 4500.7204 566.4877
3611600 4502.1541 566.64756
3611800 4503.6036 566.81842
3612000 4505.0171 566.95876
3612200 4506.4805 567.07878
3612400 4507.9162 567.23848
3612600 4509.3825 567.3759
3612800 4510.8234 567.51662
3613000 4512.2851 567.69038
3613200 4513.7229 567.81001
3613400 4515.1839 567.97918
3613600 4516.6497 568.09205
3613800 4518.0738 568.25423
3614000 4519.5298 568.41002
3614200 4521.0018 568.56652
3614400 4522.4627 568.72233
3614600 4523.9021 568.89029
3614800 4525.3434 569.05501
3615000 4526.7855 569.19099
3615200 4528.2433 569.33081
3615400 4529.7349 569.47883
3615600 4531.1844 569.62744
3615800 4532.663 569.75036
3616000 4534.1484 569.91971
3616200 4535.5486 570.04384
3616400 4536.9881 570.18475
3616600 4538.4624 570.29598
3616800 4539.9351 570.42436
3617000 4541.3922 570.59806
3617200 4542.8191 570.7389
3617400 4544.2908 570.86976
3617600 4545.7393 571.01186
3617800 4547.2155 571.1208
3618000 4548.6936 571.2304
3618200 4550.169 571.35608
3618400 4551.6613 571.50061
3618600 4553.1411 571.60339
3618800 4554.6049 571.71241
3619000 4556.104 571.83165
3619200 4557.6124 572.00481
3619400 4559.0632 572.13926
3619600 4560.5331 572.27857
3619800 4562.0058 572.42511
3620000 4563.4721 572.5821
3620200 4564.9745 572.74285
3620400 4566.427 572.89178
3620600 4567.9068 573.03482
3620800 4569.4132 573.17659
3621000 4570.8667 573.35039
3621200 4572.3448 573.50685
3621400 4573.8288 573.67296
3621600 4575.3009 573.79409
3621800 4576.7824 573.9333
3622000 4578.2529 574.08576
3622200 4579.6854 574.22039
3622400 4581.152 574.33635
3622600 4582.6464 574.47616
3622800 4584.1656 574.6295
3623000 4585.6492 574.78432
3623200 4587.1357 574.9325
3623400 4588.6393 575.05594
3623600 4590.1272 575.20704
3623800 4591.6226 575.35604
3624000 4593.0847 575.49026
3624200 4594.5921 575.64808
3624400 4596.0868 575.83106
3624600 4597.5957 575.99256
3624800 4599.094 576.1239
3625000 4600.5604 576.29382
3625200 4602.0699 576.41671
3625400 4603.5743 576.56507
3625600 4605.0604 576.71012
3625800 4606.5525 576.84544
3626000 4608.0169 576.98344
3626200 4609.4921 577.10066
3626400 4610.9715 577.22272
3626600 4612.4675 577.37026
3626800 4613.9759 577.52748
3627000 4615.4744 577.67636
3627200 4616.9538 577.79664
3627400 4618.4672 577.94862
3627600 4619.9877 578.07763
3627800 4621.4859 578.22171
3628000 4622.9839 578.36504
3628200 4624.4699 578.50658
3628400 4626.0114 578.63867
3628600 4627.4904 578.81336
3628800 4629.0065 578.95065
3629000 4630.5248 579.09126
3629200 4632.0571 579.25928
3629400 4633.5472 579.38719
3629600 4635.0654 579.55959
3629800 4636.5665 579.68467
3630000 4638.036 579.81319
3630200 4639.5592 579.97225
3630400 4641.071 580.11172
3630600 4642.6003 580.22423
3630800 4644.106 580.36527
3631000 4645.6325 580.49465
3631200 4647.1516 580.64554
3631400 4648.6287 580.79425
3631600 4650.1068 580.93919
3631800 4651.6054 581.0737
3632000 4653.1193 581.1924
3632200 4654.6133 581.28775
3632400 4656.119 581.45613
3632600 4657.6124 581.61445
3632800 4659.0779 581.76687
3633000 4660.5803 581.91385
3633200 4662.0715 582.06014
3633400 4663.58 582.19873
3633600 4665.1149 582.35517
3633800 4666.6237 582.47733
3634000 4668.1542 582.64259
3634200 4669.6649 582.8166
3634400 4671.1728 582.95797
3634600 4672.6907 583.03728
3634800 4674.2013 583.15896
3635000 4675.7196 583.27414
3635200 4677.2249 583.38888
3635400 4678.7531 583.49412
3635600 4680.2759 583.61202
3635800 4681.8113 583.75277
3636000 4683.3314 583.91368
3636200 4684.8548 584.04638
3636400 4686.3892 584.18796
3636600 4687.9062 584.31974
3636800 4689.4405 584.46027
3637000 4690.9518 584.62673
3637200 4692.459 584.76961
3637400 4693.9802 584.87319
3637600 4695.4751 584.9939
3637800 4696.9968 585.10288
3638000 4698.5362 585.19597
3638200 4700.095 585.33192
3638400 4701.6309 585.49501
3638600 4703.1735 585.61459
3638800 4704.7232 585.78496
3639000 4706.287 585.91016
3639200 4707.8049 586.04817
3639400 4709.3349 586.2022
3639600 4710.8678 586.33179
3639800 4712.3688 586.45115
3640000 4713.8897 586.56693
3640200 4715.386 586.68609
3640400 4716.9104 586.77662
3640600 4718.4437 586.94582
3640800 4719.977 587.06943
3641000 4721.4699 587.22077
3641200 4723.0214 587.37153
3641400 4724.5495 587.53709
3641600 4726.0562 587.68754
3641800 4727.5798 587.83777
3642000 4729.0839 587.95082
3642200 4730.5889 588.10227
3642400 4732.1022 588.23755
3642600 4733.6004 588.36602
3642800 4735.1153 588.49499
3643000 4736.6419 588.63561
3643200 4738.1451 588.77627
3643400 4739.6859 588.91227
3643600 4741.1989 589.03216
3643800 4742.7403 589.14571
3644000 4744.2504 589.23905
3644200 4745.7898 589.38391
3644400 4747.3145 589.50949
3644600 4748.8264 589.65303
3644800 4750.3549 589.79694
3645000 4751.8795 589.91123
3645200 4753.4112 590.02289
3645400 4754.9391 590.14297
3645600 4756.4826 590.26606
3645800 4757.9932 590.40447
3646000 4759.5516 590.51659
3646200 4761.0993 590.6046
3646400 4762.652 590.74712
3646600 4764.1926 590.90515
3646800 4765.7213 591.02475
3647000 4767.2853 591.14401
3647200 4768.8224 591.31172
3647400 4770.3766 591.41689
3647600 4771.9288 591.5323
3647800 4773.4674 591.66102
3648000 4775.0258 591.80051
3648200 4776.574 591.93645
3648400 4778.1204 592.03502
3648600 4779.6776 592.16835
3648800 4781.2202 592.2932
3649000 4782.7977 592.42339
3649200 4784.3443 592.53033
3649400 4785.9218 592.63764
3649600 4787.4789 592.78366
3649800 4788.9979 592.90056
3650000 4790.5401 593.03589
3650200 4792.1106 593.13408
3650400 4793.6259 593.23714
3650600 4795.1643 593.33368
3650800 4796.6999 593.46149
3651000 4798.2429 593.54384
3651200 4799.7943 593.6703
3651400 4801.3134 593.8071
3651600 4802.8867 593.93872
3651800 4804.4402 594.05601
3652000 4805.9726 594.17253
3652200 4807.5464 594.28903
3652400 4809.0778 594.41927
3652600 4810.6397 594.52806
3652800 4812.2146 594.66344
3653000 4813.7093 594.76468
3653200 4815.2772 594.86892
3653400 4816.8215 594.97376
3653600 4818.3645 595.07488
3653800 4819.8754 595.20718
3654000 4821.4304 595.31692
3654200 4822.9827 595.46485
3654400 4824.5528 595.56686
3654600 4826.1143 595.67499
3654800 4827.669 595.80688
3655000 4829.225 595.90301
3655200 4830.767 596.0177
3655400 4832.3163 596.1136
3655600 4833.8455 596.25771
3655800 4835.3925 596.4104
3656000 4836.9423 596.55891
3656200 4838.4993 596.69702
3656400 4840.0347 596.79248
3656600 4841.5925 596.89782
3656800 4843.1592 597.00161
3657000 4844.7404 597.10818
3657200 4846.3 597.25383
3657400 4847.8647 597.37607
3657600 4849.4238 597.44956
3657800 4851.0124 597.58234
3658000 4852.5811 597.69738
3658200 4854.1469 597.8183
3658400 4855.7182 597.9227
3658600 4857.328 598.06104
3658800 4858.9079 598.18515
3659000 4860.4807 598.26447
3659200 4862.059 598.43018
3659400 4863.6758 598.56251
3659600 4865.2558 598.70272
3659800 4866.7935 598.79159
3660000 4868.3474 598.87732
3660200 4869.9241 598.97174
3660400 4871.5243 599.07942
3660600 4873.0822 599.20588
3660800 4874.6553 599.28083
3661000 4876.2468 599.39148
3661200 4877.8145 599.46988
3661400 4879.408 599.60028
3661600 4881.0007 599.69139
3661800 4882.567 599.80908
3662000 4884.1814 599.90184
3662200 4885.7641 600.01897
3662400 4887.3489 600.09526
3662600 4888.9299 600.19052
3662800 4890.4887 600.27851
3663000 4892.0991 600.40857
3663200 4893.6798 600.53078
3663400 4895.2914 600.6177
3663600 4896.8558 600.69551
3663800 4898.4643 600.78441
3664000 4900.0644 600.88637
3664200 4901.6752 600.98875
3664400 4903.2567 601.11926
3664600 4904.824 601.21886
3664800 4906.3868 601.33177
3665000 4907.9788 601.44136
3665200 4909.582 601.56615
3665400 4911.1675 601.69343
3665600 4912.7799 601.82797
3665800 4914.36 601.96073
3666000 4915.9341 602.1031
3666200 4917.5298 602.22163
3666400 4919.0977 602.38438
3666600 4920.7135 602.53105
3666800 4922.3014 602.62443
3667000 4923.8907 602.73468
3667200 4925.4727 602.88077
3667400 4927.0705 602.9857
3667600 4928.638 603.10836
3667800 4930.2513 603.2464
3668000 4931.8573 603.35718
3668200 4933.4602 603.51018
3668400 4935.0662 603.6216
3668600 4936.715 603.77283
3668800 4938.3151 603.88645
3669000 4939.915 604.01778
3669200 4941.5211 604.12086
3669400 4943.1232 604.24127
3669600 4944.7075 604.38043
3669800 4946.2999 604.5177
3670000 4947.8736 604.67062
3670200 4949.4663 604.77183
3670400 4951.0962 604.89483
3670600 4952.7283 605.02093
3670800 4954.3637 605.09177
3671000 4955.9271 605.19469
3671200 4957.503 605.33903
3671400 4959.1116 605.4824
3671600 4960.7097 605.63616
3671800 4962.294 605.76504
3672000 4963.901 605.89487
3672200 4965.4772 605.98824
3672400 4967.0491 606.10922
3672600 4968.6716 606.2296
3672800 4970.2697 606.34429
3673000 4971.8834 606.4435
3673200 4973.5234 606.59088
3673400 4975.149 606.71646
3673600 4976.7721 606.83822
3673800 4978.3919 606.97793
3674000 4980.0363 607.12825
3674200 4981.6294 607.2637
3674400 4983.2574 607.38772
3674600 4984.868 607.53397
3674800 4986.4816 607.66731
3675000 4988.0483 607.79993
3675200 4989.6761 607.9253
3675400 4991.2954 608.05319
3675600 4992.9582 608.20231
3675800 4994.5475 608.32168
3676000 4996.1816 608.43762
3676200 4997.8135 608.54838
3676400 4999.4516 608.68969
3676600 5001.0624 608.81815
3676800 5002.67 608.93047
3677000 5004.3116 609.05664
3677200 5005.9166 609.19944
3677400 5007.5513 609.34362
3677600 5009.1729 609.47083
3677800 5010.7912 609.63047
3678000 5012.3954 609.7451
3678200 5014.028 609.83828
3678400 5015.6336 609.97562
3678600 5017.2515 610.07017
3678800 5018.8798 610.20216
3679000 5020.5273 610.34387
3679200 5022.1611 610.44926
3679400 5023.7798 610.59072
3679600 5025.3929 610.70966
3679800 5027.0431 610.85587
3680000 5028.6659 610.97018
3680200 5030.3481 611.10188
3680400 5031.9718 611.20223
3680600 5033.6164 611.30102
3680800 5035.2612 611.43129
3681000 5036.8947 611.53715
3681200 5038.5004 611.65768
3681400 5040.1453 611.77006
3681600 5041.7779 611.89414
3681800 5043.4157 611.98492
3682000 5045.0181 612.12401
3682200 5046.6732 612.2461
3682400 5048.3138 612.39249
3682600 5049.9361 612.52436
3682800 5051.6058 612.66282
3683000 5053.2338 612.75934
3683200 5054.8263 612.89964
3683400 5056.4987 613.02327
3683600 5058.1451 613.13544
3683800 5059.7927 613.26711
3684000 5061.4396 613.34612
3684200 5063.0576 613.46925
3684400 5064.6964 613.60078
